卷名,章节名,type,tag,summary,core
一夜觉醒,罗峰,人物介绍 | 世界观铺陈,人物、设定,介绍主角罗峰，18岁高三学生，住扬州城宜安区36平米廉租房。父亲罗洪国工厂工人，母亲龚心兰在家接零活，弟弟罗华双腿残疾坐轮椅。罗峰同时是极限武馆高级学员，实力809kg拳力、23.8m/s速度，远超准武者标准。大涅槃时期地球怪兽肆虐、基地市围墙保护的背景设定。,罗峰家庭背景与实力初展示，世界观的基调建立。
一夜觉醒,（无标题）,人物深化 | 伏笔埋设,伏笔,罗峰从小就经常头疼，多次昏迷送医查不出原因（实为精神念力觉醒的前兆伏笔）。弟弟罗华因幼年车祸双腿截肢，性格却开朗乐观，擅长炒股。罗峰在武馆训练的日常，与死党魏文的友情。,头疼病伏笔埋设，家庭关系深化。
一夜觉醒,江南市,世界观铺陈 | 设定展开,设定,扬州城属于江南基地市管辖，基地市有防御怪兽的围墙和镭射系统。介绍大涅槃时期的历史——RR病毒导致全球灾难，动物变异为怪兽，人类退守基地市。洪和雷神两大超越战神级存在的传说。罗峰走在街道上感受基地市的安宁与荒野区方向的危险气息。,大涅槃历史背景、基地市防御体系、洪与雷神传说。
一夜觉醒,罗峰的实力,设定展开 | 爽点设置,爽点、设定,极限武馆训练厅，罗峰进行拳力测试809kg、速度测试23.8m/s，均为高级学员顶尖水平。准武者标准为拳力900kg、速度25m/s。罗峰距离准武者只差一步。武馆学员等级体系：初级→中级→高级→准武者。教练邬通对罗峰寄予厚望。,武者等级体系设定，罗峰实力数据化展示。
一夜觉醒,不同的选择,矛盾展现 | 人物心理,冲突、情感,罗峰面临高考与武者之路的选择矛盾。成绩优异可考好大学改变家庭命运，但武者拥有特权和更高收入。张昊白——同校富豪家庭的高级学员，实力不如罗峰却傲慢，嫉妒罗峰。罗峰立志先高考再考武者。,人生道路选择矛盾，张昊白对手线引入。
一夜觉醒,高考,矛盾展现 | 情节推进,冲突,高考考场，罗峰考试途中突然剧烈头疼发作，心跳飙升至268次/分，被紧急送医。在昏迷中罗峰感觉脑袋炸裂，仿佛有什么东西在脑中苏醒。高考成绩受影响。张昊白在考场外冷笑。,高考昏迷事件——精神念力觉醒的导火索。
一夜觉醒,最终成绩,矛盾展现 | 爽点反转,冲突、爽点,高考成绩公布，罗峰总分557分，差重点线4分落榜。然而罗峰发现自己实力暴涨——拳力从809kg飙升至1089kg，突破准武者标准。头疼昏迷后身体素质大幅提升的秘密。罗峰决定走武者之路。,落榜的挫折转为武者之路的契机，实力暴涨的爽点反转。
一夜觉醒,两名武者,设定展开 | 情节推进,设定,罗峰在街头目睹两名武者飞行经过（踏物飞行），感受到武者的超凡力量。介绍武者在基地市的特权——乘坐专列、高额收入、社会地位。罗峰更加坚定武者之路。武者实战考核的报名条件。,武者特权展示，激发罗峰的决心。
一夜觉醒,武者的特权,设定展开 | 世界观铺陈,设定,详细展开武者特权体系——武者证、贡献点、极限之家/雷电武馆商城、武者可出入荒野区猎杀怪兽赚钱。安全局管理武者纠纷。武者分为战士级、战将级、战神级三个大层次。精神念师概念首次被提及——极为稀有的特殊能力者。,武者体系完整设定，精神念师概念首次引入。
一夜觉醒,准武者考核,爽点设置 | 情节推进,爽点,罗峰参加准武者考核，拳力测试1101kg、速度28.6m/s，远超准武者标准（900kg/25m/s），震惊考核官。罗峰正式获得准武者资格。考核中罗峰刻意隐藏了部分实力。,准武者考核通过的爽点，实力数据再次确认。
一夜觉醒,神经反应速度,设定展开 | 伏笔深化,伏笔、设定,准武者考核中还有神经反应速度测试，罗峰的反应速度异常优秀，远超常人。罗峰自己隐约感觉与头疼昏迷有关，但不清楚原因。神经反应速度是武者实力的重要指标。,神经反应速度异常——精神念力觉醒的另一佐证。
一夜觉醒,五心向天,悟道 | 设定展开,修炼、设定、爽点,"罗峰开始修炼基因原能导引术""五心向天""——头顶百会穴、双掌心、双脚心五处向天吸收宇宙能量。基因原能是武者突破身体极限的关键修炼法门。罗峰修炼时感觉脑中有什么在回应。",基因原能修炼体系设定，脑中暗金色圆球的伏笔深化。
一夜觉醒,喜悦,情节推进 | 情感展现,情感,罗峰通过准武者考核的喜悦，与家人分享好消息。弟弟罗华炒股赚了一笔小钱。家庭虽贫困但温馨。罗峰准备参加正式武者实战考核。罗峰给弟弟转了一笔钱让他炒股。,家庭温馨，准武者向正式武者过渡。
一夜觉醒,是你找死,矛盾爆发 | 爽点设置,冲突、爽点,"张昊白指使地头蛇周华阳，在罗峰父亲罗洪国工作的工厂闹事，罗洪国被欺辱。罗峰得知后暴怒，直接找到周华阳一伙人出手——以准武者实力轻松打翻数名混混。罗峰警告张昊白""是你找死""。",父亲被欺辱触发矛盾爆发，罗峰实力展示的爽点。
一夜觉醒,我配合你们的工作,矛盾展现 | 情节推进,冲突,罗峰打人事件被安全局介入。因对方先挑衅且罗峰是准武者，安全局从轻处理。但张昊白家族施压，罗峰被短暂拘押至宜安区看守所。罗峰冷静配合调查。,安全局介入，看守所械斗的前置条件。
一夜觉醒,看守所,矛盾展现 | 环境铺陈,冲突、设定,罗峰被送入宜安区看守所。看守所内囚犯多为地痞流氓，张昊白暗中打点让囚犯在牢房内对付罗峰。罗峰被安排进一间大牢房，周围囚犯不怀好意地打量他。压抑紧张的氛围铺陈。,看守所环境与械斗前夕的紧张铺陈。
一夜觉醒,牢房中的深夜,矛盾展现 | 氛围营造,冲突、设定,深夜牢房，囚犯们在张昊白打点下准备对罗峰动手。罗峰察觉危险气息，保持警惕。牢房中的压抑氛围，囚犯们窃窃私语策划围攻。罗峰一人面对整间牢房的敌人。,械斗前夜的紧张氛围，以寡敌众的危机感。
一夜觉醒,械斗,战斗描写 | 转折高潮,战斗、高潮,深夜械斗爆发。囚犯们持自制武器围攻罗峰，罗峰以准武者身手一人挑翻一群。混乱中一名囚犯投掷飞刀射向罗峰右肩——生死瞬间，罗峰脑中剧烈疼痛，一股奇异力量爆发，飞刀被无形力量偏移！囚犯们被罗峰爆发出的力量震慑。,械斗高潮+精神念力在生死瞬间初次爆发的转折。
一夜觉醒,觉醒,悟道 | 转折高潮 | 核心伏笔,伏笔、修炼、高潮、爽点,械斗中罗峰脑中剧烈疼痛，感觉有什么东西碎裂——识海中暗金色圆球释放出精神念力！精神念力如潮水般涌出，罗峰可以感知周围一切、隔空控物。全身渗血、剧烈头疼后是前所未有的清醒。罗峰意识到自己获得了某种超凡能力。,精神念力觉醒——全篇核心转折点，暗金色圆球伏笔揭开第一层。
一夜觉醒,暗金色圆球,悟道 | 设定揭示,修炼、揭示、设定、爽点,罗峰感知到识海中悬浮着一颗暗金色圆球，精神念力从圆球中散发出来。罗峰尝试控制精神念力——隔空移物、感知周围数米范围。暗金色圆球是精神念力凝聚的固体形态，是精神念师的标志。罗峰隐藏这一秘密。,暗金色圆球设定揭示，精神念师能力的初步探索。
一夜觉醒,罗哥，你好,爽点设置 | 情节推进,爽点,"械斗事件后，看守所囚犯对罗峰态度大变，恭敬喊""罗哥""。张昊白得知罗峰一人挑翻整间牢房后恐惧。安全局查清真相——囚犯先动手，罗峰正当防卫，无罪释放。",械斗后续，罗峰在看守所的威望确立。
一夜觉醒,赔偿金,爽点设置 | 矛盾收束,冲突、爽点,张昊白家族迫于压力赔偿罗峰100万华夏币。罗峰用这笔钱改善家庭生活。张昊白被家族严厉警告不得再招惹罗峰。罗峰与张昊白的矛盾暂时收束。,赔偿金的爽点，张昊白对手线暂时收束。
一夜觉醒,血影战刀,设定展开 | 装备获取,奖励、设定,罗峰在极限之家商城购买装备——血影战刀（5系战刀，重101kg），以及5系作战服、护臂、战靴等。装备价格体系展开：1-9系对应H-S级，9系全价数亿。罗峰的拳力测试达3109kg，已接近战士级武者标准。,装备体系设定，血影战刀获取，拳力数据确认。
一夜觉醒,激动的江年,情节推进 | 人物引入,人物,极限武馆武者江年得知罗峰实力数据后激动——罗峰天赋极高，有望成为战将级甚至战神级武者。江年开始关注罗峰。罗峰准备参加武者实战考核。,江年人物引入，罗峰天赋被武馆高层关注。
一夜觉醒,武者的等级,设定展开 | 世界观铺陈,设定,"完整展开武者等级体系——战士级（初/中/高级）、战将级（初/中/高级）、战神级（初/中/高级），以及超越战神级的存在。各级别对应拳力、速度、神经反应的数据标准。洪和雷神是超越战神级的存在。原文标注""第一集结束""。",武者等级体系完整设定，第一集结束标记。
一夜觉醒,诸葛韬,情节推进 | 人物引入,人物,江南基地市极限武馆四大巨头之一诸葛韬（高等战将级）破格审核罗峰的武者资格，给予秘籍购买额度1亿华夏币。诸葛韬看好罗峰的潜力。罗峰正式进入武者体系。,诸葛韬人物引入，罗峰获得破格待遇。
一夜觉醒,搬家,爽点设置 | 情感展现,情感、爽点,罗峰成为武者后收入大增，全家从36平米廉租房搬入明月小区512平米别墅。父亲罗洪国喜极而泣，母亲龚心兰激动不已，弟弟罗华终于有自己的大房间。明月小区是武者小区，安全有保障。,搬入别墅的爽点，家庭条件改善的情感高潮。
一夜觉醒,武者实战考核,设定展开 | 情节推进,设定,罗峰参加武者实战考核出发准备。四大势力（极限武馆、雷电武馆、HR联盟、安全局）在考核现场宣传招揽新武者。武者实战考核在荒野区边缘的怪兽小镇进行。,武者实战考核设定，四大势力介绍。
一夜觉醒,怪兽小镇,环境铺陈 | 情节推进,设定,罗峰到达怪兽小镇准备实战考核。邬通叮嘱罗峰磨练心性不要冲动。万冬——另一名新武者挑衅罗峰被冷拒。怪兽小镇是基地市与荒野区的缓冲地带，怪兽出没但数量较少。,怪兽小镇环境铺陈，万冬对手线引入。
一夜觉醒,第一次杀戮,战斗描写 | 人物心理,情感、战斗,罗峰在怪兽小镇第一次杀戮——铁毛野猪。心颤但迅速调整心态。罗峰刻意压制实力到1000kg/30m/s磨练身法。万冬目睹罗峰两刺秒杀影猫震惊不已。第一次面对怪兽的生死搏杀。,第一次杀戮的心理转变，实力刻意压制的磨练。
一夜觉醒,入微级,悟道 | 设定揭示,修炼、揭示、设定、爽点,"罗峰的身法被王衡从监控中发现达到""入微级""——最小幅度躲避最高效化。实际上罗峰用精神念力辅助闪避，是""变异入微级""。王衡决定挖人。身法四级体系首次提及：基础级→入微级→完美级→意境级。",入微级身法被发现的爽点，身法体系首次引入。
一夜觉醒,雷电武馆的邀请,矛盾展现 | 爽点设置,冲突、爽点,"雷电武馆邀请罗峰加入——特等培训合同+雷神亲自指点。王衡（雷电武馆）试图挖人。罗峰拒绝，坚守极限武馆。王衡告知万冬""三个你也比不过一个罗峰""。两大武馆对罗峰的争夺。",两馆争夺罗峰的爽点，罗峰忠诚度的展现。
一夜觉醒,极限之家,设定展开 | 爽点设置,爽点、设定,罗峰正式成为武者，极限之家首次登录。武者证号码426123205608010002。2000万华夏币到账。罗峰在极限之家浏览商城和精神念师相关信息。精神念师真相的进一步揭示。,正式武者身份确认，2000万到账的爽点。
一夜觉醒,罗峰头疼的根源,设定揭示 | 核心伏笔揭开,伏笔、揭示、设定,精神念师真相揭示——暗金色圆球是精神念力凝聚的固体形态，固体形态代表最高潜力。罗峰从小就头疼的根源正是精神念力在识海中凝聚固体过程中产生的压力。精神念师分为液体、雾化、固体三个层次，固体为最高。,头疼病伏笔揭开——精神念力固体形态，核心设定揭示。
一夜觉醒,买不买？,矛盾展现 | 设定展开,冲突、设定,罗峰在极限之家犹豫是否购买《九重雷刀》秘籍——前三重全价1亿华夏币。秘籍有红色警告：全球众多武者连第一重都入不了门。《九重雷刀》是雷电武馆馆主雷神创出的究级刀法功法。罗峰纠结是否冒险。,九重雷刀秘籍引入，购买的纠结矛盾。
一夜觉醒,昂贵的装备,设定展开 | 矛盾展现,冲突、设定,装备价格体系详细展开——2000万不够一套5系全价装备。张泽虎谈判（5000万vs500万私了）——张泽虎宁愿给国家一个亿也不三千万私了，谈判破裂。张泽虎与火锤小队的矛盾起源。,装备价格体系，张泽虎矛盾线引入。
一夜觉醒,谈判,矛盾展现 | 情节推进,冲突,张泽虎谈判彻底破裂。张泽虎的嚣张态度埋下后续虎牙小队暗算火锤小队的仇恨种子。火锤小队队长高风决定吸收罗峰加入。,谈判破裂推动火锤小队组建。
一夜觉醒,火锤小队,人物引入 | 情节推进,人物,"火锤小队成员介绍——队长""双风锤""高风、副队长""火炮""陈谷、""铁枪""张科、""双月弯刀""魏铁魏青兄弟。罗峰加入火锤小队。小队以近战配合著称，六人各有所长。",火锤小队全员引入，罗峰入队。
一夜觉醒,十重暗劲,悟道 | 设定展开,修炼、设定、爽点,罗峰启动《九重雷刀》修炼。暗劲极难领悟，罗峰转练18招基础刀法打基础。导引术九重浑源配合基因原能修炼效果明显。《九重雷刀》的暗劲体系——每多重一道暗劲，力道倍增。十重暗劲对应九重雷刀。,九重雷刀修炼启动，暗劲体系设定。
一夜觉醒,HR联盟商城,情感展现 | 爽点设置 | 情节推进,情感、爽点,"罗峰在HR联盟商城偶遇徐欣——高中暗恋对象。二人目光相对心生悸动，徐欣主动留话""你到时候一定过来""。火锤小队六人全副武装出发赴荒野区。原文标注""第二集结束""。",徐欣感情线推进，火锤小队出发荒野区，第二集结束标记。
一夜觉醒,荒野区,环境铺陈 | 世界观展开,设定,"火锤小队进入荒野区行军。途经武者补给基地E6号。偶遇张泽虎（正在养伤），双方对骂。张泽虎诅咒火锤小队""非死即重伤""。荒野区的黑暗法则——武者之间弱肉强食。",荒野区环境铺陈，张泽虎仇恨加深。
一夜觉醒,独角野猪,战斗描写 | 爽点设置,战斗、爽点,"火锤小队首战独角野猪。罗峰旋转劈刀劈入颈部五公分。火锤小队从怀疑罗峰到震撼""得到宝了""。魏家兄弟实战教学——攻击弱点眼睛、菊花、喉咙、嘴巴。",荒野区首战的爽点，火锤小队对罗峰的认可。
一夜觉醒,惊人的进步,悟道 | 战斗描写,修炼、战斗、爽点,罗峰在荒野区实战中飞速进步。身法、刀法、战斗经验快速提升。魏家兄弟传授攻击弱点的战术。火锤小队配合默契度增加。,罗峰实战进步的展示。
一夜觉醒,制高点,战术展现 | 设定展开,战斗、设定,火锤小队的制高点战术——高层天台+望远镜+狙击枪（陈谷远程狙击）。发现嗜血坦克（兽将级怪兽），陈谷远程狙击穿甲弹命中耳背要害。,制高点战术体系，陈谷狙击手角色展示。
一夜觉醒,兽将级怪兽,战斗描写 | 设定展开,战斗、设定,嗜血坦克的兽将级怪兽设定展开。兽将级怪兽比兽兵级强大得多，带领兽兵群作战。虎牙小队视角引入——追杀重伤银月凶狼进入0201号县城。,兽将级设定，虎牙小队视角引入。
一夜觉醒,怪兽的尸体,战斗描写 | 团队配合,战斗,抢夺嗜血坦克尸体——定时炸弹打乱兽群+高风重锤开路+陈谷机枪扫射+罗峰踹飞铁毛野猪救张科。火锤小队团队配合的精彩战斗。,团队配合战斗的爽点。
一夜觉醒,虎牙小队,矛盾展现 | 对手引入,冲突,"虎牙小队策略展示——""如果有人抢银月凶狼直接杀掉""。荒野区黑暗法则的残酷。虎牙小队成员介绍——队长潘亚、独眼中年人、张泽虎等六人。",虎牙小队作为对手的完整引入。
一夜觉醒,动手,矛盾爆发 | 战斗描写,冲突、战斗,双尾虎猫战斗——魏家兄弟被撞飞吐血，罗峰精神念力暗中辅助避开利爪，高风重锤硬拼。虎牙小队从500米外发现火锤小队。,双尾虎猫战斗，精神念力暗中辅助。
一夜觉醒,死亡危机,战斗描写 | 矛盾爆发 | 转折高潮,冲突、战斗、高潮,虎牙小队队长潘亚决定暗杀——两杆狙击枪同时瞄准火锤小队。九重雷刀第一重在生死间水到渠成突破——腰胯迸发第二道力道（14成力道）！精神念力双重作用（加速战刀+减速子弹）劈开穿甲弹。高风侥幸擦耳，张科右臂被炸飞。超过一千头怪兽围攻。,第一重突破+精神念力劈子弹的转折高潮，张科断臂。
一夜觉醒,滴血的飞刀,战斗描写 | 身份暴露,战斗、揭示,精神念师身份暴露——六柄飞刀悬浮。六柄飞刀绞杀三十余头怪兽。火锤小队震撼发现罗峰是精神念师。危机中罗峰展现出精神念师的恐怖战斗力。,精神念师身份在火锤小队内暴露，飞刀绞杀的战斗爽点。
一夜觉醒,休整,情节推进 | 设定揭示,揭示、设定,精神念师身份确认——张科分析罗峰精神念力为中级战将级。保密约定——示敌以弱。张科宣布退役告别——大涅槃时期儿时梦想、十多年武者生涯的疲倦、退出的理由。张科将出任区级极限武馆教官。,精神念师实力被分析，张科退役的情感转折。
一夜觉醒,银月凶狼,战斗描写 | 爽点设置,战斗、爽点,九重雷刀第一重在星空下验证。银月凶狼发现，罗峰独自追杀——精神念师踏物飞行+六柄飞刀战术（四柄迷惑两柄最强攻击）。罗峰首次展示精神念师全力战斗。,独自追杀银月凶狼的爽点，踏物飞行展示。
一夜觉醒,解剖,设定展开 | 情节推进,设定,解剖银月凶狼——皮毛防御惊人，5系战刀切不开，接近领主级。处理追踪信号。虎牙小队发现银月凶狼被抢，愤怒追杀。,银月凶狼材料价值设定，虎牙小队追杀。
一夜觉醒,补给基地,矛盾展现 | 情节推进,冲突,火锤小队回补给基地。与虎牙小队正面遭遇——高风挥锤冲过去被卫队制止。虎牙小队否认暗杀（火锤小队无证据憋火）。双方水火不容。,火锤与虎牙正面冲突，仇恨升级。
一夜觉醒,分钱,爽点设置 | 设定展开,爽点、设定,分钱——嗜血坦克1600万、双尾虎猫1200万、虎獒犬1000万。银月凶狼材料8亿华夏币成交（方经理检测高级兽将级接近领主级）。,分钱的爽点，银月凶狼8亿的震撼。
一夜觉醒,回归基地市，徐欣的背景,设定揭示 | 矛盾展现,冲突、揭示、设定,生命之水引出——300亿华夏币、地龙王精魄、有价无市、治弟弟执念点燃。回家团聚（张科妻女泪水）。9系飞刀两柄4500万。徐欣是HR联盟十二大家族徐家成员的背景曝光。,生命之水目标确立，徐欣背景曝光。
一夜觉醒,价格，狂喜,悟道 | 设定展开,修炼、设定、爽点,"九重雷刀修炼——基因原能吸收翻倍，暗劲发力让细胞深层参与运动""饭量""大增。最佳训练法：流光+挥刀到精疲力竭→导引术恢复→再练→导引术→基因原能，六小时一循环。",修炼体系深化，最佳训练法确立。
一夜觉醒,未来规划,悟道 | 情节推进,修炼、爽点,罗峰规划未来——修炼九重雷刀、攒钱买生命之水、隐藏精神念师身份。徐欣背景曝光后罗峰对自身差距的认知。,罗峰未来路线规划。
一夜觉醒,入迷,悟道 | 修炼描写,修炼、爽点,罗峰沉浸在九重雷刀修炼中。暗劲发力的领悟逐渐深入。基因原能修炼效果显著。,修炼入迷的状态展示。
一夜觉醒,野心,矛盾展现 | 人物心理 | 爽点设置,冲突、情感、爽点,"徐刚（徐欣家族成员）贬低武者——""武者行走生死边缘""+""家族麾下一群战将级武者""。罗峰反击——超越战神级存在令国家军队平等对待、家族财团只是蚂蚁。野心滋生——""一定要踏上武者巅峰！让徐家笑脸相迎""。原文标注""第三集结束""。",徐刚贬低武者的矛盾，罗峰野心滋生的转折，第三集结束标记。
一夜觉醒,0231,环境铺陈 | 情节推进,设定,"第四集开始。徐刚忖度""动用手段""。罗峰独自进入0231号县城苦修。0231号县城的环境描写。",独入0231号县城苦修的开始。
一夜觉醒,杀机潜伏,矛盾展现 | 伏笔埋设,伏笔、冲突,"虎牙小队杀机潜伏——""先杀高风再杀小虾米""策略。虎牙小队对火锤小队的追杀计划。",虎牙小队杀机，伏笔埋设。
一夜觉醒,血腥中的修炼,悟道 | 修炼描写,修炼、爽点,"罗峰在0231号县城苦修——50天杀一万多头怪兽（""罗疯子""外号）。一天赚一两百万。身法勉强踏入入微级，刀法仍第一重但精确控制大增。","50天杀一万头的疯狂修炼，""罗疯子""外号。"
一夜觉醒,三级鼠潮,战斗描写 | 悟道 | 世界观展开,修炼、战斗、设定、爽点,"三级鼠潮爆发——军队战机高温火焰灭鼠，一位战神陨落。罗峰感悟""怪兽才是人类死敌""""实力远远不够""。",三级鼠潮的大规模战斗，战神陨落的震撼。
一夜觉醒,初具雏形,悟道 | 转折高潮,修炼、高潮、爽点,"闪电霹雳感悟（凌厉锋锐摧毁一切）+水滴涟漪顿悟（刚不可久）+九重雷刀第二重突破（两道暗劲=21成力道）+刀法""霹雳""创生（触摸到意境边缘）。","第二重突破+刀法""霹雳""创生的重要转折。"
一夜觉醒,实力测试,爽点设置 | 数据确认,爽点,实力测试——拳力12928kg（初级战将级优等）、速度78.6m/s（合格）、神经反应初级战将级优等。给弟弟五千万炒股。,实力数据确认，初级战将级的爽点。
一夜觉醒,死去的战神'陆纲',世界观展开 | 情节推进,设定,战神陆纲悼念。超越战神级朱喜登场。战神陨落在华夏国极为罕见、全国悼念直播的设定。,战神社会地位设定，陆纲悼念。
一夜觉醒,郭海,情节推进 | 矛盾展现,冲突,"徐刚找郭海试探罗峰实力——""疯子""两个月杀一万多头怪兽震惊。徐刚对罗峰的忌惮与算计。",徐刚暗中试探罗峰，矛盾暗线推进。
一夜觉醒,003号城市,环境铺陈 | 情节推进,设定,火锤小队决定前往003号城市（原上海废墟）。003号城市是怪兽大本营，兽将级遍地走，危险与机遇并存。,003号城市引入，更高危险等级的舞台。
一夜觉醒,魔窟、战场,环境铺陈 | 设定展开,设定,进入003号城市——飞禽怪兽群盘旋、万科梦想城据点建立（十二层阳台观察）。003号城市兽将级怪兽遍地走且一般没有手下跟随。,003号城市环境铺陈，万科梦想城据点。
一夜觉醒,比印钞机还快的赚钱,战斗描写 | 爽点设置,战斗、爽点,"火锤小队在003号城市大规模猎杀兽将级怪兽。刀法""霹雳""第一次实战建功——斜上撩两道暗劲两次增速。十天击杀92头初级兽将级+3头中级兽将级，总价值约十亿。第十五天发现快成蛟的变异双头黑线蛇。",十天赚十亿的爽点，刀法霹雳首战建功。
一夜觉醒,双头黑线蛇,设定展开 | 情节推进,设定,高风分析双头黑线蛇价值——快成蛟的高等兽将级接近领主级，双毒囊价格是正常四倍即16亿。罗峰决定猎杀，制定战术（远攻+近攻+精神念力辅助）。下楼途中发现印度三人已与蛇激战。雷霆小队九人（含虎牙小队）出现。,双头黑线蛇设定，印度三人+雷霆小队引入。
一夜觉醒,捡便宜,战斗描写 | 爽点设置 | 矛盾展现,冲突、战斗、爽点,罗峰高风与印度三人联手猎杀双头黑线蛇。飞刀战术（手扔伪装暗器+精神念力变向）。高风离手锤+精神念力辅助砸晕左侧蛇头，破土飞刀击毙。对半分材料。雷霆小队九人出现要抢——混血儿李威、刘姓老者（高级战将）、白人壮汉卡隆（高级战将）+虎牙小队六人。,联手猎杀的战斗爽点，雷霆小队抢夺的矛盾。
一夜觉醒,独行,矛盾展现 | 人物决断,冲突,"混血儿李威被刘老者劝走。虎牙队长本名""潘亚""暴露。潘亚计划""花钱请刘前辈二人弄死火锤小队""。火锤小队回补给基地。罗峰独自一人跟踪虎牙小队斩草除根——精神念师逃命能力最强。",潘亚暗杀计划，罗峰独行斩草除根的决断。
一夜觉醒,忍不住了,人物心理 | 情节推进,情感,罗峰蹲守万科梦想城三楼联排别墅，望远镜观察锦江连锁酒店。发现张泽虎和李晓在第六层阳台。雷霆小队每天七人出去猎杀（少爷练手），两人留守轮流。罗峰忍了九天没找到机会。第十天决定动手。,九天蹲守的忍耐，第十天决断动手。
一夜觉醒,张泽虎，死！,战斗描写 | 爽点设置 | 仇恨收束,战斗、爽点,罗峰潜入酒店六楼，精神念力扫荡屋内确认张泽虎李晓。飞刀瞬间出击——第一道切断张泽虎左臂又划过李晓脖子令头颅抛飞，第二道割喉张泽虎。张泽虎死前发现罗峰是精神念师。虎牙小队六人死二人剩四人。罗峰决定布置现场迷惑雷霆小队。,张泽虎之死的爽点，精神念师身份被死者发现，布置现场的伏笔。
一夜觉醒,布置现场,战术展现 | 推理展开,战斗,"罗峰引数百头独角野猪群冲入酒店六楼，精神念力控制死者武器扫射制造""怪兽群冲击据点""假象。独角野猪毁尸灭迹。雷霆小队回来发现现场。刘老者判断""有人在背后暗算""。潘亚提议回基地市被拒。",制造假现场的战术，刘老者推理暗算。
一夜觉醒,和弟弟的电话,情感展现 | 伏笔推进,伏笔、情感,"刘老者拒绝回基地市（""前怕狼后怕虎还是武者吗""）。罗峰蹲守三天无机会。弟弟罗华打电话报告炒股翻倍（八千万变一亿七千万）。罗峰再转一亿八千万，提到""一百五十亿给大惊喜""（暗指生命之水）。小楠父母反对小楠和残废罗华交往的副线展开。",罗华投湖自杀的悲痛，龙蛋50亿+SS级宝剑的物品获取。
一夜觉醒,大好机会,战术展现 | 战斗描写 | 转折高潮,战斗、高潮,"罗峰决定""等不到机会就创造出机会""——引两三千头狮獒犬虎獒犬兽群冲入雷霆小队据点。兽群冲入六楼令住宅楼震颤。雷霆小队七人被迫跳窗分散成三部分：李威和潘亚、刘老者和卡隆、独眼光头东子三人。罗峰二楼埋伏。",创造机会的果断，引兽群冲击据点的战术。
一夜觉醒,战神到来,战斗描写 | 转折高潮 | 爽点设置,战斗、爽点、高潮,"罗峰趁刘老者卡隆李威潘亚跑远，飞刀偷袭独眼光头东子三人——脑袋穿透如西瓜爆裂。虎牙小队六人死五人只剩潘亚。两大战神""大力熊""李阚（巨汉狼牙棒）和""影刀""王通（俊秀青年青色作战服）赶到——李阚狼牙棒瞬间击毙两头高等兽将级狮獒犬首领。李威本名暴露，父亲派来两大战神。潘亚看到尸体残骸眼睛红了。",飞刀杀三人的爽点，两大战神到来的震撼，虎牙小队覆灭。
一夜觉醒,战神宫,设定揭示 | 世界观展开,揭示、设定,"王通点破""有人在背后暗算你们""（与刘老者判断呼应）。战神宫设定揭示——全世界五大强国各大基地市所有战神级及超越战神级组成的团体，洪和雷神开创，是武者的圣殿、人类对抗怪兽的最后堡垒。王通李阚将猎杀产卵后实力减弱的高等领主级铁甲龙。罗峰决定偷观这一战。",战神宫核心设定揭示，铁甲龙猎杀计划引出。
一夜觉醒,巅峰对决,战斗描写 | 世界观展开,战斗、设定,"罗峰选三里外18层16层观战。王通李阚飞身冲入烟雾笼罩区。铁甲龙（深青色鳞甲、五米高十余米长、额头黑色独角）为保护龙蛋放弃老巢决战冲出，两头初等领主级火鳞三戟猪跟随。三头领主与两大战神在外决战。陈谷妻子在基地市感叹""还是基地市好""。",巅峰对决的壮观，铁甲龙为龙蛋冲出决战。
一夜觉醒,偷龙蛋？,悟道 | 人物决断 | 伏笔推进,伏笔、修炼、爽点,"铁甲龙""龙""命名设定——速度力量防御意识身体结构几近完美的极特殊怪兽种族。罗峰评价李阚""完美级""身法（掌控环境）、王通""意境级""身法（如风）。铁甲龙头部受创王通受伤但掌控节奏。罗峰忽然意识到老巢无领主，有机会偷龙蛋——龙蛋是让弟弟站起来的绝佳机会（生命之水300亿的替代路径）。罗峰从阳台跃下出发。",身法四级体系确认，偷龙蛋起意——为弟弟站起来的核心驱动。
一夜觉醒,脚踏盾牌，飞行！,设定展开 | 战术展现,战斗、设定,罗峰脚踏六棱盾牌飞行（精神念师独特能力），在五十米半空烟雾中飞向老巢。望远镜观察发现大门前近百头兽将级小队（六七十头中级兽将+三四十头高等兽将，无初级兽将），初级战神不战而逃。落在天台发现电梯天井可直通一二楼。,脚踏盾牌飞行的能力展示，兽将小队设定，电梯天井发现。
一夜觉醒,铁甲龙老巢,战术展现 | 物品获取 | 爽点设置,奖励、战斗、爽点,罗峰9系飞刀切割天台圆形窟窿，盾牌沿电梯天井下降，精神念力卡住电梯门潜入一楼。发现一米高青色龙蛋，六柄飞刀环形托住收入背包。转身发现铁甲龙收藏的战神装备——黑色作战服+利剑（至少9系S级可能SS级，SS级全价1200亿）。,龙蛋+战神装备获取的爽点，SS级价值设定。
一夜觉醒,铁甲龙的宝藏,转折高潮 | 危机爆发,冲突、高潮,门口兽将级小队发现龙蛋消失——高等兽将级嗜血坦克怒吼，整个超市兽将级冲向一楼。铁甲龙在远处战斗中听到龙蛋被偷的怒吼，独眼赤红发出凄厉怒吼（响彻整个003城市产生冲击波），以远超音速疯狂冲向超市。罗峰被兽将级追杀冲向电梯天井。,龙蛋被偷发现的危机爆发，铁甲龙发疯的震撼。
一夜觉醒,身法'完美级'？,战斗描写 | 悟道 | 转折高潮,修炼、战斗、高潮、爽点,"罗峰在数百头兽将级五层罩子围攻中极限突破——1.2秒内将周围八十一头兽将级完全计算在内，与二十一头近身接触（借力、杀戮、宁愿负伤），用嗜血坦克尸体当盾牌往上冲。冲出后吐三口鲜血5系作战服破损。罗峰意识到这可能就是""完美级""——掌控环境。身法四级体系确认。铁甲龙八十米高空飞扑而来。",五层罩子围攻中的极限突破，完美级身法初现。
一夜觉醒,死里逃生,战斗描写 | 逃亡 | 设定展开,战斗、设定,罗峰飞到三百米高度甩掉铁甲龙（走兽类不能飞），但铁甲龙从28层天台蹬踏跃起一百多米。冲破云层遭遇飞禽怪兽群（天空是飞禽天下），被迫俯冲入12层住宅楼。铁甲龙撞毁八栋住宅楼追丢罗峰。罗峰躲入地下车库配电室。铁甲龙发动数十万兽群搜查。罗峰决定沿地铁隧道离开003城市。,三百米甩铁甲龙+飞禽围杀迫降的逃亡，铁甲龙撞八栋楼的震撼。
一夜觉醒,昆山，是哪里？,战术展现 | 情节推进,战斗,"王通李阚发现龙蛋和战神装备被偷——判断""中等战神来捡便宜""""不要脸""。铁甲龙发疯极限奔跑伤势更重。雷霆小队四人离开003城市。罗峰用飞刀切割汽车铁皮做成圆锥形钻地器，钻穿三十米土壤进入地铁站。沿地铁隧道前进一百里出003城市范围，发现通往""昆山""的线路。",王通李阚发现被偷，圆锥形铁皮钻地的巧思，地铁隧道逃离。
一夜觉醒,血溅五步,战斗描写 | 转折高潮 | 矛盾爆发,冲突、战斗、高潮,"深夜高速公路上罗峰偶遇雷霆小队四人。潘亚""踏破铁鞋无觅处得来全不费工夫""，刘老者同意杀罗峰。罗峰降低姿态奉承李威求不插手被拒。罗峰甩手三柄飞刀射潘亚转头跑——两柄掉落飞刀精神念力变向从背后贯穿刘老者卡隆头颅，第三柄切飞潘亚头盖骨，被潘亚躲开的飞刀划过李威脖子斩首。雷霆小队四人瞬间被杀。",飞刀变向秒杀四人的战斗高潮，误杀李威的转折。
一夜觉醒,李威的父母,矛盾爆发 | 人物引入 | 设定展开,人物、冲突、设定,"李威死后第10秒，作战服信号器检测心跳停止发送讯息。人称""秃鹫""的高等战神李耀收到""阿威！""惊怒信号。李耀搜索百里内战神——无战神（30秒不足三十里），判断凶手是战神级高手。搜索高等战将需S级授权——HR联盟通讯手表后门设定。金发白人贵妇人维妮娜·波莱纳斯冲入——人称""毒蝎""的高等战神，HR联盟九大家族之一，拥有S级授权。",李耀秃鹫+维妮娜毒蝎引入，HR联盟后门设定，S级授权。
一夜觉醒,天价悬赏,矛盾爆发 | 设定展开 | 危机升级,冲突、设定,"维妮娜用S级授权搜索百里内全部武者——6名高等战将/21名中级战将/58名初级战将/426名战士级（含罗峰""很是不起眼""）。飞碟战机起飞赶往现场。王通判断""有点类似于精神念师的手段！""。白发老者精密查探——模拟录像显示两道流光同时射穿头颅。李耀分析三种可能：战神级/精神念师/不戴表战神。维妮娜悬赏1000亿华夏币——""让他睡觉不安稳唯恐说梦话""。1000亿能请动超越战神级存在。",搜索全部武者，精神念师推断，1000亿悬赏的危机升级。
一夜觉醒,1000亿的影响力,世界观展开 | 人物心理 | 矛盾展现,冲突、情感、设定,"1000亿搅动全世界沸腾——超越战神惊叹、战神心动、普通民众震撼。猎杀怪兽领主难度设定、战神经济设定（SS级装备秘籍天价，许多战神和银行借贷）。诸葛韬心动。罗峰收到消息——""连我自己都想举报我自己了""。分析证据（无），唯一担心火锤小队队友（留003城市为杀虎牙小队+精神念师身份）。高风打来电话。",1000亿全世界沸腾的展开，罗峰分析证据和担心队友。
一夜觉醒,徐欣,人物心理 | 情感展现 | 悟道铺垫,修炼、情感,"高风电话""关心""提醒别公开精神念师身份——罗峰装作不知道，但挂电话后警觉队长可能录音套话。魏青电话直问""那四个人不会是你杀的吧？""罗峰疑神疑鬼——1000亿让人心态变化。翻看电话簿看到徐欣名字拨通电话，二人聊一个半小时。恐慌一扫而空，心态大起大落后进入心如止水的超然平静。练刀冲动——精神念力弥散开来。",高风魏青电话的疑神疑鬼，徐欣电话的情感治愈，心如止水的悟道铺垫。
一夜觉醒,雷刀第三重,悟道 | 转折高潮 | 爽点设置,修炼、爽点、高潮,心如止水状态保持超过20小时（一般人生死间仅一两秒），像做数学题一样研究刀法。一口气研究出《九重雷刀》第三重（4道暗劲=2.8倍）——攻击力媲美中级战将。精神念力辅助第五重第六重——一刀媲美资深高等战将。全世界练出第九重的只有雷神一人。心理素质提高一个层次。回基地市。制定四条保密原则：1.巨额金钱放入不记名账号；2.精神念师身份不公开；3.杀李威不告诉任何人；4.龙蛋装备卖出不告诉任何人包括亲人。,雷刀第三重突破的悟道高潮，四条保密原则的确立。
一夜觉醒,购买秘籍,设定展开 | 情节推进,设定,火锤小队分赃——22亿，高风罗峰各35%（7.7亿），陈谷魏铁魏青各10%（2.2亿）。罗峰卖材料给极限总会馆换贡献点255000点（二星级）。武者等级变为初级战将级。购买《九重雷刀》前四重半价2.5亿。,分赃的爽点，贡献点体系，九重雷刀前四重购买。
一夜觉醒,京都基地市,情节推进 | 伏笔推进,伏笔,"罗峰判断龙蛋战神装备不能在正规渠道卖（身份公开），通过黑市王侯（京都基地市）卖。买手机卡手机+易容物品，自称""魏先生""，要求打入瑞士国际银行不记名账户。和家人吃晚饭（龚心兰揶揄女朋友）。易容后坐火车到京都基地市威尔王宫娱乐城包间。家里电话——弟弟罗华出事了。",黑市交易的准备，易容伪装，弟弟出事的惊变。
一夜觉醒,弟弟罗华,矛盾爆发 | 情感展现 | 物品获取,冲突、奖励、情感,龚心兰讲述罗华投湖自杀始末——小楠父母找罗华谈话一小时后，罗华推轮椅到观景湖边翻进冰窟窿。小区武者邱毅跳湖救回。罗峰判断小楠父母因弟弟残疾才阻止。王侯到来——检测铁甲龙龙蛋50亿。SS级宝剑完好度100%王侯惊呼。,罗华投湖自杀的悲痛，龙蛋50亿+SS级宝剑的物品获取。
一夜觉醒,作战服的价格,爽点设置 | 设定展开 | 情节推进,爽点、设定,"SS级宝剑80亿（战神宫最优价100亿成本90亿）。SS级作战背心150亿（全套SS级作战服最优价400亿，背心为核心部件价值一半）。S级残缺部件8亿。总价288亿。瑞士国际银行不记名账户瞬间到账28,800,000,000元。罗峰连夜回江南基地市。明月小区门口老者转交甄楠的信。",288亿到账的爽点，SS级装备价格体系，甄楠的信。
一夜觉醒,罗峰的承诺,情感高潮 | 爽点设置 | 篇终总结,情感、爽点、高潮,"罗峰先看甄楠的信（小楠父母背着小楠逼罗华，小楠以死相逼来见罗华，信中提议恋情转地下毕业后结婚）。罗峰进入弟弟房间承诺""你一定能娶到小楠""，罗华消极，罗峰一巴掌""懦夫！""举例战神郁扬身残志坚。将信给弟弟看后推到视听室搜""生命之水""（地龙王精魄300亿），掏出手机给弟弟看288亿存款——""一份生命之水你哥哥有能力买到，你一定会站起来！""罗华抱住罗峰流泪。罗峰警告保密。罗峰承诺""我会让你自信地站在小楠姑娘面前站在她父母面前。我说到就会做到。""",全篇情感高潮——288亿存款展示+生命之水承诺，罗峰对弟弟的承诺成为全书核心驱动力。
战神罗峰,三个月的修炼,情节推进 | 情感展现,情感,罗峰带弟弟罗华下楼与父母共进早饭，罗华状态大转变（从消极到充满活力），一家人重拾生气。李耀维妮娜在江南山水小区华耀峰别墅调查506名怀疑对象，管家报告选出12名可能性较大者但仍无确凿证据。李耀判断凶手实力至少25岁以上战神级，下令深查过去事迹。维妮娜推测凶手可能未携带通讯手表，506人可能都不是凶手。罗峰在家修炼九重雷刀，与火锤小队约定3月1日再去荒野区。,弟弟走出阴霾的温馨，李耀追查线的推进，三个月修炼的过渡。
战神罗峰,总部来人,设定展开 | 情节推进,设定,2月28日罗峰在极限会馆测试实力——正常拳力9981kg（初级战将级）、九重雷刀2.8倍爆发28081kg（中等战将级）、速度128m/s、神经反应中等战将级优等。邬通震惊罗峰半年练到九重雷刀第三重。极限武馆全球总部特使杨辉（中等战神）乘飞碟型客机抵达江南基地市，会长周正永（铁手，战神）等四大巨头迎接。杨辉此行专为核查罗峰。飞碟型客机造价超过航母，克罗合金机身2000亿+机载激光炮。,罗峰实力数据确认，总部特使到来，飞碟型客机设定。
战神罗峰,龙血,设定展开 | 人物引入,人物、设定,"杨辉与周正永、诸葛韬、诸葛山（诸葛韬之兄，战神）聚会，提及监察使在荒野区003号城市磨炼枪法欲突破战神级。馆主""洪""半年前来江南基地市时曾找监察使。罗峰在视听室浏览极限之家战将级论坛，搜索""生命之水""消息——全球无人知晓何处有卖。罗峰分析三种提升身体素质方法：基因药水（2亿但断绝未来）、龙血（800亿半价四星级贡献点，王级龙心头血，实力翻倍无副作用）、苦修。罗峰规划：半年中等战将→一年半高等战将→三年高等战神精神念师，前提是暗金色圆球能持续供应。",三种提升身体方法设定，龙血800亿的价格体系，罗峰成长规划，暗金色圆球限制伏笔。
战神罗峰,震惊的特使,爽点设置 | 设定展开,爽点、设定,3月1日火锤小队出发荒野区023号城市。罗峰在023号城市疯狂猎杀，每天独自额外猎杀三小时数百头怪兽。杨辉通过三维虚拟投影连线邬通核查——罗峰19周岁、拳力10000kg、速度128m/s、神经反应中等战将级、九重雷刀第三重（半年练成）。杨辉震惊，判断特等培训合同已不适合，应进入精英训练营（战神预备营）。,杨辉核查罗峰数据震惊，精英训练营概念引入。
战神罗峰,一个名额,设定展开 | 爽点设置,爽点、设定,杨辉联系王巡察使（超越战神级）申请精英训练营名额。巡察使同意给罗峰B级考验机会（因华夏国军方已索要一个名额，名额紧张，需更高难度考验）。精英训练营：全球第一训练营，连洪、雷神都会去教学，师资最起码战神级，每年全球仅招30-40人，江南基地市约五年才一人入选。周正永提及京都市王家愿出500亿预定明年名额。衡夏（江南大学大一学生）入选基础训练营，与罗峰同行。,精英训练营核心设定，B级考验，名额珍贵性，衡夏引入。
战神罗峰,紧急救援,战斗描写 | 人物引入,人物、战斗,"023号城市，火锤小队收到紧急救援信号（1500米外，红色信号=同武馆兄弟）。一支武者小队被近千头虎猫怪兽群追杀，含双尾（初等兽将）、三尾（中等兽将）、四尾（高等兽将）虎猫。罗峰一人堵在街道中央吸引超半数兽群，入微级大成身法如艺术家般精妙。北河小队（雷电武馆，队长康伟刀疤汉、郭海光头青年等）赶来支援。郭海认出罗峰——情敌关系（郭海也喜欢徐欣）。郭海坦承""对徐欣公平竞争""，放话年底前成高等战将。飞碟型战机降落。",罗峰群战实力展示，郭海情敌线引入，飞碟战机到来。
战神罗峰,B级考验？,设定展开 | 情节推进,设定,杨辉与诸葛韬乘飞碟战机亲赴荒野区接罗峰，火锤小队被告知罗峰不再加入。北河小队队长康伟推测罗峰可能进战神预备营。罗峰被带至极限总会馆31层练武厅，会长周正永介绍精英训练营——全球第一训练营，妖孽天才集中地，师资最起码战神，连洪、雷神都会去，有古文明遗迹宝贝当教导器材，名额无价，超级财团数百亿难买。罗峰决定进入训练营：那里是极限武馆核心之地，秃鹫毒蝎查探不到，且能加速成为高等战神精神念师。训练营学制五年，每年仅1-2月假期，提前成战神可毕业。,精英训练营完整设定揭示，罗峰做出决定。
战神罗峰,抓住机遇,悟道 | 情节推进,修炼、爽点,杨辉解释B级考验难度极高，正常应A级考验即可，因华夏国军方已占一个名额故需B级。罗峰签约四份培训合同，杨辉盖特使玉印。罗峰得知衡夏也在江南大学。罗峰计划走前见魏文和徐欣。3月12日火锤小队最后一次卖材料8亿多，五人平分各1.7亿，当晚喝酒至深夜，火锤小队正式解散——陈谷、魏铁、魏青退役，高风另组小队，罗峰赴全球总部。,B级考验签约，火锤小队解散的情感转折。
战神罗峰,兄弟,情感展现 | 矛盾展现,冲突、情感,"3月21日罗峰去江南第二军校见魏文。魏文谈大学生活攀比氛围——女朋友女同学之间比男朋友有钱有实力，谈恋爱花钱大（一个月四千多），魏文做家教赚钱。魏文感悟""地位""：钱、权、实力决定地位，最踏实的是自身武力，立志成为武者。罗峰给魏文银行卡转入600万华夏币，让魏文全身心努力当武者不必当家教。魏文收到600万短信震惊感动。",魏文社会感悟（地位论），罗峰资助兄弟600万的情感爽点。
战神罗峰,狠手,矛盾展现 | 人物引入,人物、冲突,"罗峰在春晚岗十字路口等徐欣，回忆魏文""地位论""引发共鸣——超越战神级存在令国家礼让三分，财团家族是笑话。徐欣女同学中有人被收买偷拍罗峰徐欣会面视频发给""王少爷""。高档酒店套房，王兴平（京都市王家嫡系大少爷，HR联盟九大核心家族之一）看到视频，认定罗峰与徐欣关系不一般。王兴平令管家安叔安排破坏罗峰徐欣感情——安排两名娇媚女子假装认错罗峰，制造""连续两天见面过夜""假象。王兴平在江南大学周围部署超过一百人。",王兴平情敌线引入，破坏罗峰徐欣感情的阴谋。
战神罗峰,王兴平和罗峰,矛盾展现 | 爽点反转,冲突、爽点,"两美女假装认错罗峰，称""连续两天见面过夜""。徐欣一眼看穿——追问""昨天也见面？""两美女称""昨天过夜""。徐欣诈唬""我男朋友昨天和我视频聊天三四个小时""（实际仅一小时），两美女慌乱离去。罗峰徐欣关系反而更进一步。王兴平带四名保镖（一高等战将三中等战将）在江南大学宿舍区拦住罗峰，威胁""离开徐欣""。衡夏与女友陶陶经过，衡夏喊罗峰""师兄""并透露罗峰要进精英训练营。王兴平震惊——精英训练营学员以后全是战神，连HR联盟九大家族也要拉拢，自己一个家族后辈纨绔根本得罪不起。王兴平当场躬身道歉。",徐欣识破阴谋的爽点反转，王兴平威胁失败道歉，精英训练营身份的威慑力。
战神罗峰,全球总部,设定展开 | 世界观铺陈,设定,3月28日罗峰、衡夏跟随杨辉乘飞碟型客机赴极限武馆全球总部。客机票价普通舱1000万、特等舱2000万。一小时二十分抵达洪宁基地市——亚洲西部，洪建造的基地市，人口8000万（洪控制人口），武者比例全球最高，无王级怪兽敢骚扰。训练营大门有50米高巨型黑龙雕刻，龙鳞上182个排名名字（NO.1雷纳特斯·布里奇），龙眼为真正SS级黑龙双眼（价值百亿以上）。训练营建筑为华夏古式宫殿群。九重楼——九层塔楼，学员学习训练之所。,洪宁基地市设定，黑龙排行榜引入，九重楼设定。
战神罗峰,意识感应器,设定揭示 | 核心设定,揭示、设定,罗峰入住楼阁，遇到华夏学员田琼（东北基地市，枪法惊人）。九重楼第九层试炼室——两个幽蓝色头盔为意识感应器，人类科学家仿造古文明遗迹虚拟空间设备的产物，虚拟空间主机是古遗迹中发掘的古老机器，人类无法仿造。戴上头盔后意识进入虚拟空间，肉体武器无法进入。虚拟空间内所有人身体素质统一：拳力10000kg、速度150m/s、神经反应初等战将级优等——人人平等，检验真正战斗能力。试炼塔七层，世界第一强者洪闯到第六层，无人闯到第七层。,意识感应器+虚拟空间核心设定揭示，试炼塔七层设定。
战神罗峰,试炼塔,设定展开 | 战斗描写,战斗、设定,试炼塔等级规则——闯过第一层为2.0，在第二层闯荡为2.1/2.2/2.3等。杨辉试炼塔等级3.2。B级考验=试炼塔第一层中等难度。罗峰进入试炼塔第一层B阶段——苍茫大草原，30分钟内击杀100头初等兽将级莽牛。100头莽牛每头都和罗峰身体素质接近，围殴一人。罗峰无精神念力可用，只能靠刀法身法。入微级大成身法在莽牛群中周旋，九重雷刀第三重2.8倍一刀毙命。,试炼塔等级规则，B级考验100头莽牛的战斗。
战神罗峰,崭新未来,战斗描写 | 悟道 | 转折高潮,修炼、战斗、高潮、爽点,罗峰在100头莽牛围攻中极限突破——杀到70头时踏入完美级身法意境（人和环境融为一体，本能利用莽牛尸体等一切物体），保持完美级状态杀完剩余30头。用时21分18秒击杀100头莽牛，B级考验通过！试炼塔等级自动变为1.6。罗峰正式成为精英训练营第183名学员，代号570403（57年4月+03自选）。消息瞬间传至全球五大强国、各组织。华夏国京都地底三层精瘦男子（下巴黑痣）下令24小时暗中保护罗峰家人。维妮娜收到罗峰资料——正是506名怀疑对象之一，李耀神经过敏怀疑精神念师。,完美级身法初现的悟道高潮，B级考验通过，各国组织关注罗峰，维妮娜关注罗峰伏笔。
战神罗峰,江南阁,设定展开 | 人物引入,人物、设定,罗峰入住江南阁，与史江（排名前五，战神实力，53年入营）、赵若（55年入营，短发娇小）同住。史江实力强到杨辉（中等战神）都没赢他把握。积分排名规则：每月1-28日赚积分，29日统计排名，次月清零。积分=战绩点×战力振幅。战绩点=猎杀怪兽（初等兽将1点/中等兽将10点/高等兽将100点/初等领主1000点）。战力振幅=拳力发力等级×试炼塔等级。战力振幅分级：1-2初等、2-4中等、4-8高等、8-16优等、>16特等。排名越高占用古文明重力室等资源时间越多。排名第一累积9次获龙血+任意三套秘籍+洪或雷神亲传弟子。,积分排名核心规则，战力振幅分级，史江赵若引入，训练营奖励体系。
战神罗峰,实力暴涨,悟道 | 转折高潮,修炼、高潮、爽点,罗峰观看教学视频，被一段发力教学点醒——九重雷刀发力可用在手臂，自然也可用在双腿！罗峰一直没想到腿脚也能爆发2.8倍力量，速度可近乎翻倍。罗峰立即在地下密室训练腿脚发力，三小时内双腿达到2.1倍爆发。罗峰意识到真正高手速度比力量更重要。速度暴涨后试炼塔中实力将大幅提升。,腿脚发力顿悟——速度翻倍的悟道转折，罗峰之前盲点的揭示。
战神罗峰,新人,矛盾展现 | 设定展开,冲突、设定,华夏学员为罗峰举办接风晚宴（21人，褚强出钱，花费上千万）。赵若介绍训练营三种最财大气粗的人：加入组织的（如褚强加入华夏军方）、加入HR联盟核心家族的、精神念师。褚强邀请罗峰加入华夏军方——年50亿活动经费+毕业后专门设行动部门迎接。罗峰拒绝。当晚罗峰共收到6份邀请（3份华夏国内+2份HR联盟核心家族+1份火焰军团雇佣军），一律拒绝。,训练营势力格局，褚强引入，罗峰拒绝各方拉拢。
战神罗峰,挑战,矛盾爆发 | 爽点设置,冲突、爽点,"3月30日，欧盟国学员威廉·伊迪森主动找罗峰赌战（挑战室虚拟空间生死战），赵若怒斥威廉欺负新人。罗峰反将一军——""十亿太小没兴趣，50亿敢玩就玩""。威廉咬牙接受50亿赌战。史江赵若震惊罗峰胆大。罗峰分析自己战力振幅：拳力发力2.8×试炼塔1.6=4.48，超过威廉的中等（2-4），有信心。",罗峰与威廉赌战冲突，50亿赌注的爽点。
战神罗峰,赌战,战斗描写 | 爽点设置,战斗、爽点,"罗峰与威廉在挑战室虚拟空间热带雨林环境生死战。两人身体素质完全相同（虚拟空间人人平等）。罗峰靠2.8倍身体发力（速度+力量）压制威廉剑法第二境界，击败威廉。赢50亿华夏币。罗峰发现自己刀法境界仍是弱项（基础级），靠速度力量一力降十会。坎迪斯·波莱纳斯（波莱纳斯家族第一继承人，训练营排名42，三年老学员）出面挑衅——""赌多大任你说""。史江挡在罗峰前面对峙坎迪斯。罗峰识破坎迪斯姓氏——波莱纳斯家族正是维妮娜的家族。",赌战胜利的爽点，刀法弱项暴露，坎迪斯对立线引入+波莱纳斯家族关联。
战神罗峰,罗峰的老师,人物引入 | 设定展开,人物、设定,"罗峰拒绝与坎迪斯赌战（没把握）。江芳（紫衣女子，人称""月魔女""，战神，双弯刀出神入化，丈夫为救她死于荒野区）成为罗峰直属老师（第六个弟子）。江芳与罗峰对刀测试——江芳用左手弯刀仅碰触两下就击溃罗峰，刀意连绵不绝。江芳评价罗峰刀法粗陋但拳力发力2.8倍很高，表示刀法可不断进步。江芳带罗峰参观九重楼古文明重力室——合金墙壁连超越战神都无法留印，唯有洪留下五毫米拳印。重力室原理：引力作用到每一处细胞，一天极限重力2小时抵正常修炼10天。古文明重力室1-1000倍，仿造的1-3倍。",江芳老师引入，古文明重力室设定，刀法境界差距。
战神罗峰,在训练营的日子,悟道 | 修炼描写,修炼、爽点,罗峰在训练营的日子——单号去荒野区1001号城市猎杀怪兽赚战绩点（卫星监视，铁规：私自交易开除、自相残杀处死），双号在训练营修炼。江芳严格教刀法——基础→专精→圆满→意境四境界，罗峰打基础。每天仿造重力室2小时+刀法训练室2小时+地下密室修炼，用精神念力感应战刀轨迹改善刀法。罗峰如海绵般汲取营养，身法、发力、刀法全面进步。4月26日罗峰决定进行试炼塔等级考核（新学员第一个月特权）。,训练营日常修炼体系，刀法四境界设定，罗峰全面进步。
战神罗峰,排行榜的变化,战斗描写 | 爽点设置,战斗、爽点,罗峰进入试炼塔考核——第一层C阶段：50分钟击杀200头莽牛（190头初等兽将+10头中等兽将），有组织进攻。用时41分26秒通过，试炼塔等级2.0。进入第二层A阶段：10分钟击杀50头初等兽将级铁甲蝎（沙漠环境，可钻沙，鬼魅尾刺）。六名非洲学员发现罗峰进试炼室，消息传开。黑龙排行榜刷新——罗峰从126→108→99名（冲进前100！）。训练营沸腾——历史上仅五人第一个月冲进前100，最近一次八年前，五人中四个高等战神一个超越战神。,试炼塔第一层C阶段通过，冲进前100的震撼爽点。
战神罗峰,罗峰的排名,爽点设置 | 转折高潮,爽点、高潮,罗峰继续闯试炼塔第二层——A阶段死亡三次后第五分06秒通过（试炼塔等级2.3），排名82。B阶段进入完美级身法意境超40分钟通过（试炼塔等级2.6），排名68。C阶段最后20秒被提醒分神死亡，获2.9等级。最终4月排名定格第68名！坎迪斯从38名看到罗峰68名，威廉震惊。训练营历史上第一个月冲进前100仅五人，罗峰是第六个且名次最高（第68）。江芳欣慰。罗峰身法正式踏入完美级。徐欣哥哥徐刚电话告知家族完全支持她和罗峰。,第68名的震撼高潮，完美级身法巩固，徐家支持罗峰徐欣。
战神罗峰,动荡,世界观展开 | 设定展开,设定,"罗峰第68名消息如旋风传遍全球，洪宁基地市各组织情报人员全部向总部汇报——华夏军方连线将军、美利坚连线将军、华夏特殊部门连线首长。战力振幅8.12（优等），19周岁，普通家庭出身，身法/发力/刀法等""不可强求""的能力极强，各国争抢。维妮娜请坎迪斯帮忙监视罗峰是否精神念师。徐欣得知罗峰第68名，家族完全赞同她和罗峰，""雨过天晴""。",全球组织震动，维妮娜请坎迪斯监视罗峰伏笔，徐欣压力解除。
战神罗峰,圆桌会议,设定揭示 | 核心设定,揭示、设定,"极限武馆最高会议——圆桌会议。五名白袍巡察使（超越战神级，三名华夏人一名白人一名黑人）在虚拟空间银色圆桌前讨论罗峰。馆主洪的决定飘下五份文件，五名巡察使一致同意""无意见""。王巡察使负责执行。江芳提醒罗峰——极限武馆给的待遇将是最好的，因为洪是世界第一强者，古文明遗迹等宝物获得最多，龙血只有洪能制造。",圆桌会议核心设定揭示（五大巡察使+洪），洪是世界第一财主。
战神罗峰,召见,爽点设置 | 设定展开,爽点、设定,4月30日王巡察使（精瘦男子八字胡，拨弄佛珠，超越战神级）召见罗峰。合同五条奖励条款：①57年8月1日前战力振幅12→9系装备全套+任意秘籍全套+800亿龙血；②57年8月1日-58年1月1日前战力振幅12→9系装备+300亿玉髓；③60年1月1日前战力振幅16→SS级装备+800亿龙血+三套秘籍+黑神一套；④等。罗峰询问能否换生命之水——王巡察使解释生命之水是可再生的（美利坚古文明医疗装置制造），非稀罕物，下半年有拍卖。龙血也是洪能制造的。真正不可再生的宝物不公开卖。,"王巡察使召见的爽点，合同五条奖励，生命之水/龙血""可再生""设定揭示。"
战神罗峰,可再生,设定揭示 | 悟道,修炼、揭示、设定、爽点,王巡察使详细解释宝物分类——可再生的（生命之水、龙血等可明码标价卖的）vs不可再生的（世界独一无二不公开卖的真正天价宝物）。生命之水是美利坚政府古文明遗迹医疗装置制造。龙血是洪能制造。强化身体宝物全球十余种，能明码标价卖的只有龙血。有的宝物效果比龙血强十倍但二十年前已被人服用绝迹。罗峰签约成为极限武馆核心成员（年活动经费50亿）。第一目标：8月1日前战力振幅达12获龙血。洪将于8月1日亲自来训练营。,宝物可再生/不可再生分类设定，罗峰签约核心成员，洪将来训练营。
战神罗峰,三个月,人物心理 | 情节推进,情感,"5-7月罗峰在训练营苦修三个月。坎迪斯追珍妮特（江芳弟子白人女孩）失败，珍妮特喜欢罗峰，坎迪斯强忍怒火。罗峰5月排名56、6月排名48（前五十）。7月1日罗峰反思——战力振幅8.96（试炼塔3.2×拳力发力2.8），距12差距大。九重雷刀第四重一直无法练成。刀法""霹雳""自成一派，第二境界专精近乎大成，完美级身法巩固。身体素质6月底拳力19600kg（中等战将级）。",三个月进展总结，坎迪斯珍妮特感情线，战力振幅差距压力。
战神罗峰,疯狂手段,人物决断 | 矛盾展现,冲突,罗峰决定用生死战加速突破——7月大范围赌战！史江提供32人名单（实力与罗峰接近者，排名21-91之间）。7月3-27日罗峰赌战36场（每场10亿），输19赢17，净输20亿。7月28日罗峰找坎迪斯赌战——坎迪斯因珍妮特一事憋了三个月怒火，主动加注100亿！罗峰分析自己试炼塔等级已冲到3.4，有五成以上把握，接受100亿赌战。离8月1日只剩三天。,罗峰疯狂赌战策略，坎迪斯100亿赌战的矛盾爆发。
战神罗峰,罗峰VS坎迪斯,战斗描写 | 转折高潮,战斗、高潮,罗峰与坎迪斯100亿赌战，虚拟空间雪山环境生死战。坎迪斯身体素质强于罗峰（老学员），刀法境界高于罗峰。罗峰被坎迪斯一刀斩断左臂！生死瞬间罗峰进入心如止水状态，悟出九重雷刀第四重——5道暗劲=3.6倍力道！断臂状态下爆发，一刀斩杀坎迪斯！赢100亿。战力振幅=拳力发力3.6×试炼塔3.4=12.24，达到12！,100亿赌战高潮，断臂悟道突破第四重，战力振幅达12的转折。
战神罗峰,雷刀第四重！,悟道 | 爽点设置,修炼、爽点,罗峰突破九重雷刀第四重（5道暗劲=3.6倍力道），拳力发力等级3.6。试炼塔等级3.4。战力振幅12.24。离8月1日仅剩三天，达到合同第一条奖励条件——9系装备全套+任意秘籍全套+800亿龙血。罗峰喜极。江芳震惊罗峰断臂悟道突破第四重。,第四重突破确认，奖励条件达成。
战神罗峰,巨额奖励,爽点设置 | 设定展开,爽点、设定,罗峰获合同第一条奖励——9系作战服+兵器全套（全价约120亿，武馆成本价约90亿）、任意一套秘籍全套（罗峰选九重雷刀全套，原价数十亿）、800亿龙血一份。龙血奇效——拳力从约20000kg飙升至63602kg（高等战将级）！速度、神经反应全面翻倍。精神念力因身体增强达高等战神级。罗峰实力质变——可以正面横扫高等战神，耍阴招可击杀初等战神。,巨额奖励兑现的爽点，龙血奇效实力翻倍，高等战神级精神念师。
战神罗峰,龙血奇效,设定展开 | 爽点设置,爽点、设定,龙血详细效果——实力翻倍+日后修炼速度更快。罗峰拳力63602kg（高等战将级），2.8倍（第三重）爆发约17.8万kg，3.6倍（第四重）爆发约22.9万kg，接近初等战神。精神念力达高等战神级。暗金色圆球持续供应精神念力。罗峰判断：横扫高等战神，可战初等战神，耍阴招可杀初等战神。距离秃鹫毒蝎（高等战神）的威胁，已可以正面对抗。,龙血后实力数据确认，对秃鹫毒蝎威胁解除。
战神罗峰,罗峰的实力,设定展开 | 数据确认,设定,罗峰全面实力评估——身体素质高等战将级、精神念力高等战神级、九重雷刀第四重（3.6倍）、完美级身法、试炼塔等级3.4、战力振幅12.24。训练营排名预计前二十。罗峰已具备毕业后获战神称号的实力，但选择继续留在训练营。,罗峰实力全面数据化确认。
战神罗峰,洪的到来,人物引入 | 转折高潮,人物、高潮,8月1日，世界第一强者洪亲自来到精英训练营！全球学员沸腾。洪公开召见罗峰——洪知道罗峰通过龙血奖励条件。洪亲自测试罗峰实力，对罗峰天赋（精神念师固体+九重雷刀第四重+完美级身法）极为赞赏。洪公开罗峰的精神念师身份——在训练营内不再保密。洪承诺保护罗峰家人（已派人在江南基地市24小时保护）。洪任命罗峰为江南基地市监察使（毕业后正式上任）。洪告知罗峰8月生死冒险地点——澳洲大陆。,洪亲自接见的震撼高潮，罗峰精神念师身份公开，监察使任命，家人保护承诺。
战神罗峰,澳洲大陆,环境铺陈 | 设定展开,设定,8月生死冒险——所有学员赴澳洲大陆冒险一个月。澳洲大陆怪兽密集，王级怪兽出没，是极度危险之地。罗峰与其他学员乘飞行客机抵达。澳洲大陆环境——荒凉大陆，怪兽领地分明，有猿猴山脉等区域。罗峰在猿猴山脉建立据点。训练营铁规：学员不得自相残杀，但怪兽威胁极大。李耀维妮娜得知罗峰在澳洲大陆——李耀从欧洲带激光炮和三名战神前往澳洲追杀罗峰。HR联盟议长受洪压力警告不准动罗峰家人。,澳洲大陆环境设定，李耀带激光炮追杀的危机，家人安全有保障。
战神罗峰,议长,矛盾展现 | 设定展开,冲突、设定,HR联盟议长受洪的压力，警告李耀维妮娜不准动罗峰家人。李耀愤怒但无奈——家人有洪保护无法动手，只能去澳洲大陆找罗峰本人。李耀从欧洲购得军用激光炮（可击杀战神级），带三名战神前往澳洲。维妮娜留在基地市指挥。坎迪斯在训练营通过维妮娜得知罗峰在澳洲，担心姑妈安危。,HR联盟内部博弈，李耀激光炮威胁，家人保护生效。
战神罗峰,激光炮,设定展开 | 危机升级,冲突、设定,激光炮设定——军用级，可击杀战神级强者，需组装，射程极远。李耀带激光炮和三名战神抵达澳洲大陆，开始搜索罗峰。罗峰在猿猴山脉猎杀怪兽，不知李耀到来。史江通过训练营情报系统得知有人针对罗峰，暗中通知罗峰小心。罗峰提高警惕，精神念力全程扫描周围。,激光炮威胁设定，李耀搜索罗峰的危机。
战神罗峰,据点,环境铺陈 | 战术展现,战斗、设定,罗峰在猿猴山脉建立据点——六层住宅楼顶层，精神念力扫描方圆数公里。罗峰猎杀金刚猿（高等兽将级接近领主级）。史江告知罗峰有人要对付他。罗峰推测是秃鹫李耀——1000亿悬赏的追查者。罗峰制定应对策略——利用精神念力扫描优势，主动找李耀而非被动等待。罗峰贴地飞行（精神念师独特能力）搜索李耀位置。,罗峰据点建立，主动出击的战术决断。
战神罗峰,罗峰的老师（续）,人物引入 | 情节推进,人物,罗峰回忆江芳老师的教导——刀法、身法、发力的全面提升。江芳曾提醒罗峰在生死冒险中注意安全。罗峰在猿猴山脉遭遇史江派来传递消息的人——告知李耀带激光炮和三名战神来澳洲。罗峰意识到激光炮可击杀战神级，自己虽是高等战神级精神念师但肉体仍可能被激光炮伤害。罗峰决定先解决三名战神再对付李耀。,江芳教导回顾，激光炮威胁分析，战术制定。
战神罗峰,排行榜的变化（续）,情节推进 | 设定展开,设定,罗峰在澳洲大陆猎杀怪兽同时搜索李耀。罗峰发现李耀据点——澳洲大陆一栋住宅楼。李耀带三名战神（北原刚、艾萨克森等）在据点组装激光炮。罗峰用精神念力远距离观察，制定偷袭计划。罗峰贴地飞行接近李耀据点，飞刀无法穿透黑神套装（李耀穿黑神套装）。,罗峰侦察李耀据点，黑神套装防御飞刀的设定。
战神罗峰,疯狂手段（续）,战斗描写 | 战术展现,战斗,罗峰偷袭李耀据点——飞刀瞬杀北原刚和艾萨克森（两名战神），李耀靠黑神套装硬扛飞刀。李耀手臂暴涨攻击罗峰（黑神套装可变形），罗峰用遁天梭（精神念力武器）防御。李耀组装激光炮准备射击。罗峰推测出激光炮瞄准方向，逃向湖泊。极限武馆普卡铁宗收到罗峰信号，赶来收缴激光炮。李耀激光炮被收缴后，只能靠自身实力追杀罗峰。,罗峰偷袭杀两战神，黑神套装设定，激光炮被收缴。
战神罗峰,据点（续）,环境铺陈 | 情节推进,设定,罗峰摆脱李耀追杀，在澳洲大陆继续猎杀怪兽。罗峰发现神秘雾岛——湖泊中央一座常年被雾气笼罩的岛屿。雾岛上有食人花和攻击性柳树，极为危险。罗峰开启通讯手表引李耀过来（借雾岛危险对付李耀）。罗峰推测雾岛有特殊宝物（草木之灵）。,雾岛引入，罗峰借刀杀人战术。
战神罗峰,雾岛的神秘,环境铺陈 | 设定展开,设定,雾岛详细设定——湖泊中央，常年雾气笼罩，有食人花（可吞噬武者）、攻击性柳树（枝条如鞭）。雾岛深处有草木之灵——植物类怪兽核心，极为珍贵。李耀穿越湖泊受重伤（被食人花和柳树攻击）。罗峰在雾岛边缘观察，发现九棵柳树各有草木之灵。柳树王攻击罗峰，罗峰用飞刀+遁天梭苦战。,雾岛生态设定，草木之灵引入，李耀受伤。
战神罗峰,草木之灵,设定揭示 | 核心设定,揭示、设定,草木之灵设定——植物类怪兽（如柳树、食人花）的核心，极为珍贵，可强化精神念力。千年柳木心——千年柳树草木之灵，服用后精神念力大幅提升。万年柳木心——万年柳树草木之灵，效果更强。雾岛有九棵柳树，其中柳树王为万年柳树。罗峰打电话给弟弟罗华承诺生命之水——在澳洲找到草木之灵后有钱买生命之水。李耀发现12个草木之灵。,草木之灵/柳木心核心设定，罗峰对弟弟承诺推进。
战神罗峰,发了！,爽点设置 | 转折高潮,爽点、高潮,罗峰发现雾岛有大量草木之灵——九棵柳树+食人花等，共12个以上草木之灵。李耀通知维妮娜雾岛有草木之灵。卡特兰等三大强者赶来雾岛。罗峰通知极限武馆获10%份额。柳巡察使和冰山亲卫赶来。草木之灵价值惊人——每个价值数亿至数十亿星辰（战神宫货币）。,大量草木之灵发现的爽点，各方势力汇聚雾岛。
战神罗峰,10%份额,设定展开 | 爽点设置,爽点、设定,罗峰因首先发现雾岛草木之灵，获极限武馆10%份额。卡特兰等三大强者开始砍伐柳树采集草木之灵。罗峰趁机抢走千年柳木心——直接吞服！暗金色圆球碎裂，精神念力暴涨至战神巅峰级！罗峰击退李耀和卡特兰。罗峰夺万年柳木心。,10%份额确定，吞服千年柳木心突破战神巅峰的转折高潮。
战神罗峰,千年柳木心,悟道 | 转折高潮,修炼、高潮、爽点,罗峰吞服千年柳木心——暗金色圆球碎裂，大量精神念力释放。精神念力从高等战神级飙升至战神巅峰级（超越战神级以下最强）！罗峰精神念师实力质变——可以操控更多飞刀，精神念力扫描范围扩大，攻击力暴增。罗峰击退李耀和卡特兰，夺万年柳木心。李耀靠黑神套装硬扛罗峰攻击。凯塔交出草木之灵认输。,千年柳木心突破战神巅峰的悟道高潮，暗金色圆球碎裂。
战神罗峰,发了！（续）,爽点设置 | 战斗描写,战斗、爽点,法尔议员赶来追不上罗峰。冰山亲卫大量采集草木之灵。遭遇摩云藤攻击——摩云藤为古文明遗迹植物类怪兽，极为可怕。冰山亲卫用原能禁招逃脱。洪亲自出手收服摩云藤！李耀维妮娜绝望——洪亲自出手意味着他们彻底失败。,摩云藤战斗，洪亲自出手收服摩云藤的震撼，李耀维妮娜绝望。
战神罗峰,草木之灵（续）,设定展开 | 情节推进,设定,雾岛草木之灵分配——洪收服摩云藤后，草木之灵由极限武馆统一分配。罗峰获10%份额=12个草木之灵=36.5星辰。草木之灵可在战神宫兑换星辰（战神宫货币）。罗峰的36.5星辰可兑换大量重宝。,草木之灵分配，星辰货币体系。
战神罗峰,10%份额（续）,设定展开 | 爽点设置,爽点、设定,罗峰10%份额=12个草木之灵=36.5星辰。战神宫兑换体系——星辰可兑换装备、秘籍、宝物。罗峰计划兑换：黑神套装（免费，监察使待遇）、遁天梭（30星辰，精神念力武器）、精神念师基础（3星辰，秘籍）、王级智能战机（2星辰）。,罗峰兑换计划，战神宫兑换体系。
战神罗峰,千年柳木心（续）,设定展开 | 悟道,修炼、设定、爽点,千年柳木心后续效果——精神念力稳定在战神巅峰级。暗金色圆球完全碎裂，精神念力从固体形态释放为可用形态。罗峰成为战神巅峰级精神念师——超越战神级以下最可怕的存在。精神念力可操控更多飞刀，扫描范围更广，攻击力更强。,战神巅峰精神念师确认，暗金色圆球完全碎裂。
战神罗峰,暗金色圆球，碎了,设定揭示 | 核心伏笔,伏笔、揭示、设定,"暗金色圆球完全碎裂——从第一篇精神念力觉醒到本篇千年柳木心，暗金色圆球经历：固体形态释放精神念力→逐渐消耗→千年柳木心催化下完全碎裂。碎裂后精神念力全部释放，达到战神巅峰级。罗峰的""急速提升期""是否结束？——暗金色圆球碎裂后精神念力不再自动增长，但已达到极高水平。",暗金色圆球伏笔揭开——完全碎裂，精神念力达战神巅峰。
战神罗峰,战神罗峰,爽点设置 | 数据确认,爽点,罗峰全面实力确认——身体素质高等战将级（龙血后）、精神念力战神巅峰级、九重雷刀第四重（3.6倍）、完美级身法、试炼塔等级3.4。精神念师可操控遁天梭（精神念力武器）攻击防御。罗峰实力——超越战神级以下无敌，可战超越战神级。,"罗峰""战神罗峰""称号的确立，全面实力确认。"
战神罗峰,打乌龟,战斗描写 | 爽点设置,战斗、爽点,罗峰在澳洲大陆继续猎杀怪兽，测试新实力。罗峰猎杀高等领主级怪兽——打乌龟（怪兽名），轻松击杀。罗峰精神念力操控遁天梭+飞刀，战斗力惊人。罗峰验证——战神巅峰精神念师实力远超一般战神。,新实力验证的战斗爽点。
战神罗峰,超越战神的存在,设定展开 | 世界观铺陈,设定,超越战神级存在设定——洪、雷神、五大巡察使、朱喜等。超越战神级可凌空飞行、夷平城市、与超级强国平等交谈。罗峰虽是战神巅峰精神念师，但距超越战神级仍有差距。洪收服摩云藤后离开澳洲。,超越战神级设定展开，罗峰与超越战神级的差距。
战神罗峰,大动静,情节推进 | 世界观展开,设定,罗峰在澳洲大陆的表现引起各方关注——战神巅峰精神念师、19周岁、洪亲自保护。各组织再次震动。训练营8月生死冒险结束，学员们返回洪宁基地市。罗峰准备兑换草木之灵份额。,罗峰声望进一步提升，训练营冒险结束。
战神罗峰,回基地市,情节推进 | 情感展现,情感,罗峰返回洪宁基地市精英训练营。罗峰与徐欣视频聊天，分享澳洲冒险经历。罗峰准备回江南基地市——获高等战神称号+加入战神宫+任监察使。罗峰期待见家人和弟弟。,返回训练营，情感线推进。
战神罗峰,紧急救援（续）,情节推进 | 设定展开,设定,罗峰准备离开训练营回江南基地市。江芳老师送别罗峰——对罗峰进步极为满意。罗峰在训练营的五个月（3月底-8月）总结：从初等战将→战神巅峰精神念师，训练营第68名→预计前二十。罗峰乘坐飞行客机回江南基地市。,训练营总结，罗峰回江南基地市。
战神罗峰,奖励份额,设定展开 | 爽点设置,爽点、设定,洪召见罗峰，分配澳洲雾岛草木之灵15%份额给罗峰（因罗峰首先发现+战神巅峰精神念师实力）。15%份额=12个草木之灵=36.5星辰。罗峰兑换表：黑神套装（免费，监察使待遇）、遁天梭（30星辰）、精神念师基础（3星辰）、王级智能战机（2星辰）。剩余1.5星辰留用。,15%份额确定，兑换清单。
战神罗峰,兑换表,设定展开 | 爽点设置,爽点、设定,罗峰兑换物品详解——①黑神套装：古文明遗迹产物，可变形，防御极强，战神级标准装备，监察使免费获取；②遁天梭：精神念力武器，可飞行可攻击，30星辰；③精神念师基础：精神念师修炼秘籍，3星辰；④王级智能战机：可自主飞行战斗，2星辰。罗峰测试遁天梭速度达1300米/秒。,黑神套装/遁天梭/精神念师基础/王级战机设定，遁天梭测试。
战神罗峰,监察使,爽点设置 | 设定展开,爽点、设定,洪任命罗峰为江南基地市监察使——极限武馆在江南基地市最高职位，地位高于会长周正永。监察使权限——可调动极限武馆资源、获黑神套装免费、年活动经费100亿。罗峰获高等战神称号——战神宫认证。罗峰正式加入战神宫——全世界战神级及超越战神级组成的团体。,监察使任命+高等战神称号+加入战神宫的三重爽点。
战神罗峰,遁天梭,设定展开 | 战斗描写,战斗、设定,遁天梭详细设定——精神念力武器，可变形为盾牌/飞梭/飞刀等形态，速度1300米/秒（罗峰精神念力操控）。遁天梭攻击力极强，可斩杀战神级。罗峰在训练营测试遁天梭——飞行速度、攻击精度、防御能力全面验证。遁天梭是精神念师的标志性武器。,遁天梭完整设定，精神念师武器体系。
战神罗峰,精神念师基础,设定展开 | 悟道,修炼、设定、爽点,罗峰阅读《精神念师基础》秘籍——精神念力修炼体系完整展开。精神念力分为：液体→雾化→固体三层次。精神念师能力：隔空控物、踏物飞行、感知扫描、操控武器、原能禁招等。罗峰的固体形态（暗金色圆球）为最高潜力，已碎裂释放至战神巅峰级。精神念师比同级别武者强，可越级战斗。,精神念师完整修炼体系设定。
战神罗峰,战神宫,设定揭示 | 世界观展开,揭示、设定,"战神宫完整设定——全世界五大强国各大基地市所有战神级及超越战神级组成的团体，洪和雷神开创，武者的圣殿。战神宫虚拟空间——战神可通过意识感应器进入，有论坛、商店、拍卖行等。地球共3516位战神。战神宫欢迎仪式——新战神加入时举行。杨辉介绍罗峰为""无敌战神""（战神巅峰精神念师）。",战神宫完整设定，3516位战神，欢迎仪式。
战神罗峰,见罗峰,爽点设置 | 情节推进,爽点,罗峰驾王级智能战机回扬州城——战机可自主飞行，速度数倍音速。罗峰降落在明月小区，会长周正永、四大巨头等震惊罗峰获高等战神称号+监察使。罗峰见家人——罗洪国、龚心兰、罗华激动。罗峰告知弟弟即将买生命之水。,衣锦还乡的爽点，家人团聚情感。
战神罗峰,头盔安全问题,设定展开 | 情节推进,设定,罗峰在战神宫虚拟空间阅读《精神念师基础》。战神宫消费体系——星辰货币、拍卖行、商店。罗峰关注8月15日拍卖会——有生命之水拍卖。罗峰准备资金购买生命之水。,战神宫消费体系，拍卖会预告。
战神罗峰,回江南,情节推进 | 情感展现,情感,罗峰在江南基地市正式上任监察使。罗峰与火锤小队老队友高风等人重逢。罗峰与魏文重逢。罗峰与徐欣正式确定男女朋友关系——徐家完全支持，再无人阻拦。罗峰准备参加8月15日战神宫拍卖会。,监察使上任，故人重逢，徐欣关系确定。
战神罗峰,"""3516""",设定展开 | 世界观铺陈,设定,"战神宫欢迎仪式——地球共3516位战神。罗峰作为新战神加入。杨辉介绍罗峰为""无敌战神""——战神巅峰精神念师，超越战神级以下最可怕存在。战神宫虚拟空间功能展开——论坛、商店、拍卖行、切磋场等。罗峰在战神宫地位极高。",3516位战神设定，罗峰在战神宫的地位。
战神罗峰,精神、意志,悟道 | 设定展开,修炼、设定、爽点,"罗峰在战神宫虚拟空间修炼精神念力。精神念师""精神、意志""设定——精神念力除操控物体外，还可形成精神攻击（意志压迫）。罗峰的精神念力达战神巅峰，精神攻击可压制一般战神。罗峰继续修炼《精神念师基础》，探索精神念力更多用法。",精神攻击/意志压迫设定，精神念力深层用法。
战神罗峰,拍卖会,爽点设置 | 转折高潮,爽点、高潮,8月15日战神宫拍卖会。罗峰120亿拍下生命之水！100亿拍下金线网（精神念力辅助工具）。再购一份生命之水给张科（火锤小队老队友，断臂退役）。罗峰终于买到生命之水——可以兑现对弟弟的承诺了！,拍卖会购生命之水的爽点高潮，承诺兑现。
战神罗峰,早晨（第二篇终章）,情感高潮 | 篇终总结,情感、高潮,"罗峰将生命之水带给弟弟罗华。罗华服用生命之水——双腿重新长出，终于能站起来！罗峰兑现了对弟弟的承诺——""一份生命之水你哥哥有能力买到，你一定会站起来！""一家人喜极而泣。罗华站起来，走出轮椅，迈向新生活。第二篇结束。",全篇情感高潮——罗华站起来，罗峰承诺兑现，第二篇终章。
五万年的尸体,香饽饽,人物引入 | 设定展开,人物、设定,"罗峰已成为极限武馆监察使，修炼天神图录。罗峰在武馆中的地位提升，成为各方关注的""香饽饽""。与徐欣的关系进一步发展，二人正式确定恋爱关系。监察使身份带来的特权与社会地位展示。",监察使身份确立，罗峰成为各方争抢对象，徐欣感情线推进。
五万年的尸体,降临,环境铺陈 | 转折高潮,设定、高潮,太平洋海底一颗神秘黑色巨蛋降临地球，引发海域怪兽异动。黑色巨蛋的来历不明，散发出神秘能量波动，海域怪兽被吸引聚集。地球各方势力关注这一异象。,黑色巨蛋降临——后续雾岛剧情的核心伏笔埋设。
五万年的尸体,陆军上将,人物引入 | 设定展开,人物、设定,东南军区司令李达威（陆军上将）邀请罗峰协助抵御海域怪兽威胁。李达威人物介绍——军方高层，负责海域防线。罗峰的监察使身份在军方体系中的价值展示。海域怪兽防线形势严峻。,李达威人物引入，军方与武者合作体系展示。
五万年的尸体,亲卫队,设定展开 | 爽点设置,爽点、设定,罗峰获授陆军少将军衔及900人亲卫队。亲卫队的编制、装备和训练体系展开。罗峰作为监察使兼陆军少将的双重身份。亲卫队忠诚于罗峰个人，非军方调遣。,陆军少将+900人亲卫队的爽点，军方体系设定。
五万年的尸体,9号古文明遗迹,设定展开 | 伏笔埋设,伏笔、设定,9号古文明遗迹设定揭示——大涅槃前遗留的远古文明遗迹，内含远古文明遗产。遗迹具有选拔淘汰试炼性质，只有通过考核者才能获得奖励。9号遗迹的历史背景和危险性介绍。罗峰获准入选9号遗迹试炼。,9号古文明遗迹核心设定，本篇最重要舞台引入。
五万年的尸体,针锋相对,矛盾展现 | 人物引入,人物、冲突,9月1日监察使就职晚宴，罗峰与雷电武馆监察使雷猛针锋相对。雷猛人物介绍——雷电武馆监察使，与罗峰竞争关系。两大武馆监察使的对立格局。晚宴上各方势力的暗中角力。,雷猛对手线引入，两馆监察使针锋相对的矛盾。
五万年的尸体,不容退缩,矛盾展现 | 人物心理,冲突、情感,罗峰在监察使就职晚宴上态度强硬不容退缩。面对雷猛的挑衅和其他势力的施压，罗峰展现出监察使的气魄与决心。罗峰对自己实力和地位的自信。,罗峰强硬态度的展现，监察使威信确立。
五万年的尸体,人类和怪兽的战争,设定展开 | 环境铺陈,设定,人类和怪兽的战争历史与现状全面展开。大涅槃时期怪兽肆虐的根源，人类退守基地市的历程。海域怪兽与陆地怪兽的区别，海域防线的重要性。怪兽潮的等级体系（一级至三级兽潮）。,人类怪兽战争全貌设定，兽潮等级体系展开。
五万年的尸体,声波攻击,战斗描写 | 设定展开,战斗、设定,一级兽潮爆发，怪兽发动声波攻击。声波攻击对武者和军队的威胁。罗峰以精神念师能力抵御声波攻击并反击。海域怪兽群的攻击模式展示。,一级兽潮爆发，声波攻击设定，罗峰精神念师战斗展示。
五万年的尸体,心灵洗礼,情感展现 | 转折高潮,情感、高潮,罗峰在一级兽潮中击杀15头怪兽领主，立下大功。李达威发表心灵洗礼感言——对罗峰的敬意和对人类命运的感慨。战争残酷性对罗峰心灵的洗礼和触动。罗峰对自身使命的认知深化。,击杀15头领级的战功，李达威心灵洗礼感言的情感高潮。
五万年的尸体,文明遗迹,环境铺陈 | 设定展开,设定,9月29日罗峰前往9号古文明遗迹。遗迹外观描写——远古文明的宏伟建筑遗迹。遗迹内部的神秘氛围和危险气息。遗迹的准入条件和试炼规则。罗峰进入遗迹的准备。,9号遗迹环境铺陈，试炼规则设定。
五万年的尸体,"脑域阔度""21""",转折高潮 | 设定展开 | 爽点设置,爽点、设定、高潮,遗迹考核检测脑域阔度，罗峰测出脑域阔度21——触发精英通道！精英通道5000年首次开启，罗峰成为5000年来首位触发精英通道者。脑域阔度的含义与等级体系展开。脑域阔度21的震撼效果。,脑域阔度21触发精英通道——本篇第一个重大转折，5000年首次开启的爽点。
五万年的尸体,死亡任务,转折高潮 | 矛盾展现,冲突、高潮,精英通道开启后，罗峰进入水晶房接受死亡任务——三年内破开密室，否则永远困死其中。死亡任务的规则和残酷性。密室的特殊材质和防御机制。罗峰面对死亡任务的心理冲击和决心。,死亡任务下达——三年破开密室的生死考验，本篇第二个重大转折。
五万年的尸体,罗峰的死讯,矛盾展现 | 情感展现,冲突、情感,罗峰进入9号遗迹后失联，外界传出罗峰的死讯。家人和徐欣的悲痛。极限武馆和军方对罗峰失踪的反应。李达威、洪等人的关注。死讯在外界引发的连锁反应。,罗峰死讯传出，家人徐欣的悲痛情感展现。
五万年的尸体,一年零三个月,悟道 | 修炼描写,修炼、爽点,罗峰在水晶房密室中修炼掌控师秘传基础312式，一年零三个月的苦修过程。312式的修炼难度和要领。罗峰在密室中的孤独与坚持。修炼过程中对掌控师体系的理解深化。,一年零三个月苦修，掌控师秘传基础312式的修炼描写。
五万年的尸体,遗迹奖励,爽点设置 | 设定展开,爽点、设定,罗峰破开密室，完成死亡任务。遗迹奖励揭示——光头水晶人（智脑/智能生命）现身。光头水晶人向罗峰发放奖励：黑神套装+辅助光脑+遁天秘籍+陨墨星令牌。各项奖励的功能和价值介绍。,破开密室的爽点，遗迹奖励获取，光头水晶人引入。
五万年的尸体,罗峰回来了,情感展现 | 爽点设置,情感、爽点,罗峰从9号遗迹归来，外界得知罗峰未死。家人和徐欣的激动重逢。洪亲自迎接罗峰出遗迹。罗峰归来在武馆和军方引发的震动。,罗峰归来的情感高潮，洪亲自迎接的排场。
五万年的尸体,五万年,设定展开 | 伏笔埋设,伏笔、设定,"光头水晶人向罗峰揭示宇宙等级体系——学徒级（九阶，初等战士→高等战神）→行星级（九阶，超越战神的存在）→恒星级→宇宙级→域主→界主→不朽（永恒/神灵）。地球武者体系仅是宇宙学徒级的范畴。宇宙文明的宏大尺度展开。""五万年""的含义暗示——与陨墨星号飞船有关。",宇宙等级体系核心设定揭示，地球定位为宇宙学徒级，世界观剧变。
五万年的尸体,怒从心头起，恶向胆边生,矛盾爆发 | 人物心理 | 转折高潮,冲突、情感、高潮,"罗峰获知李耀夫妇（李耀秃鹫+维妮娜毒蝎）在罗峰""死讯""期间迫害罗峰家人。李耀夫妇对罗洪国、龚心兰、罗华的威胁和伤害详情。罗峰暴怒——""怒从心头起，恶向胆边生""，决定亲自追杀李耀夫妇。",家人被害的矛盾爆发，罗峰暴怒追杀的转折。
五万年的尸体,罗峰，死罪！,矛盾爆发 | 设定展开,冲突、设定,罗峰在HR联盟广场暴怒追杀李耀。维妮娜以炸弹威胁阻止罗峰。战神宫法规展开——杀武馆家属、基地市内公开杀武者、战神在基地市内厮杀均为死罪。罗峰的行为在法规下的风险。蓝议员出面阻止冲突。,HR广场追杀的矛盾高潮，战神宫法规设定，蓝议员介入。
五万年的尸体,罗峰议员,爽点设置 | 设定展开,爽点、设定,罗峰向战神宫起诉李耀夫妇。战神宫议会审理此案。罗峰因脑域阔度21、监察使身份、遗迹奖励等综合实力，被推举为战神宫议员。议员的特权和地位。罗峰从监察使到议员的身份跃升。,成为议员的爽点，战神宫议会体系设定。
五万年的尸体,逮捕,矛盾展现 | 情节推进,冲突,战神宫下令逮捕李耀维妮娜夫妇。逮捕过程的执行——战神宫巡察使执行抓捕。李耀夫妇的罪证确凿。李耀夫妇被捕后的反应。罗峰对逮捕结果的暂时满意。,李耀夫妇被捕，矛盾推进。
五万年的尸体,达到行星级的秘法,悟道 | 设定展开,修炼、设定、爽点,"遁天秘籍揭示达到行星级的秘法——九九煅神。九九煅神为81步突破行星级的秘法，每步1.5小时，一气呵成不可中断。行星级突破的原理——识海中形成""微型晶体星球""，自转产生磁场，可御空飞行。精神念师行星级核心设定。",九九煅神秘法设定，行星级突破原理揭示。
五万年的尸体,遁天梭三大形态,设定展开 | 伏笔埋设,伏笔、设定,遁天梭三大形态完整设定——第一形态（钻山锥+重山盾，振幅12/18/24分三层）、第二形态（振幅30）、第三形态（宇宙级+振幅48+领域）。遁天梭为精神念师专属武器，需精神念力操控。第一形态钻山锥攻击+重山盾防御的组合体系。振幅的含义与作用。,遁天梭三大形态核心设定，本篇重要装备体系展开。
五万年的尸体,死刑,矛盾展现 | 转折高潮,冲突、高潮,战神宫议会判决李耀维妮娜死刑。死刑判决的依据和程序。李耀夫妇的最终命运似乎已定。罗峰对判决的反应。死刑执行的时间和方式安排。,死刑判决的矛盾收束，为李耀越狱埋伏笔。
五万年的尸体,李耀身死,战斗描写 | 转折高潮 | 爽点设置,战斗、爽点、高潮,李耀行刑时突破行星级逃走！李耀暗中修炼突破行星级，在行刑瞬间爆发逃脱。罗峰以遁天梭第一形态钻山锥一击击杀李耀。钻山锥的恐怖攻击力展示。李耀之死的爽点——迫害家人的仇人终被击杀。维妮娜的命运。,李耀越狱+钻山锥一击击杀的战斗高潮，复仇线收束。
五万年的尸体,那叫遁天梭,设定展开 | 矛盾展现,冲突、设定,"罗峰使用遁天梭击杀李耀的消息传开，战神宫议员们对遁天梭产生觊觎之心。洪出面警告议员们不要觊觎遁天梭——""那叫遁天梭""。洪的威慑力让议员们退缩。遁天梭在战神宫中的稀有性和价值。",洪警告议员的威慑，遁天梭价值进一步凸显。
五万年的尸体,雾岛,环境铺陈 | 设定展开,设定,洪带罗峰前往雾岛。雾岛环境描写——太平洋上的神秘岛屿，常年雾气笼罩。雾岛的特殊性——怪兽皇者触手兽的领地。雾岛地底蕴含丰富资源的暗示。洪对雾岛的了解和布局。,雾岛环境铺陈，本篇后半段核心舞台引入。
五万年的尸体,诞生,转折高潮 | 设定展开,设定、高潮,雾岛触手兽为怪兽皇者——超越王级怪兽的存在，地球已知三头怪兽皇者之一（海洋两头+雾岛触手兽）。洪与触手兽的战斗准备。摩云藤设定揭示——宇宙珍贵植物生命，认主后终生忠诚，用木伢晶培育可成长到宇宙级。洪拥有摩云藤。,触手兽怪兽皇者设定，摩云藤核心设定揭示。
五万年的尸体,步入行星级,悟道 | 转折高潮 | 爽点设置,修炼、爽点、高潮,"罗峰以九九煅神秘法突破行星级一阶！九九煅神81步完整修炼过程，每步1.5小时一气呵成。识海中形成""微型晶体星球""，自转产生磁场，可御空飞行。罗峰正式踏入行星级——超越战神的存在。行星级精神念师的能力飞跃。",九九煅神突破行星级——本篇核心修炼转折，罗峰实力质变。
五万年的尸体,额外收获,设定展开 | 情节推进,设定,罗峰突破行星级后的额外收获——精神念力质变，御空飞行能力。行星级精神念师的核心能力展示。识海微型晶体星球的运转机制。罗峰对行星级力量的初步掌控。,行星级额外能力收获，精神念师体系深化。
五万年的尸体,第六巡察使,爽点设置 | 设定展开,爽点、设定,1月5日罗峰接任第六巡察使大典。巡察使的职权——战神宫执法者，拥有逮捕审判权。第六巡察使的地位和管辖范围。大典仪式的排场和各方参与。罗峰从议员到巡察使的身份再升。,接任第六巡察使的爽点，巡察使职权设定。
五万年的尸体,驻扎雾岛,环境铺陈 | 情节推进,设定,罗峰以第六巡察使身份驻扎雾岛。雾岛驻扎的官方理由和实际目的。罗峰在雾岛的日常修炼和巡逻。雾岛地底资源的初步探测。洪对罗峰雾岛任务的安排。,驻扎雾岛的情节推进，为地底大发掘铺垫。
五万年的尸体,地底三千五百米,环境铺陈 | 设定展开,设定,罗峰深入雾岛地底3500米探测。地底环境的描写——越深处温度越高、压力越大。地底3500米发现异常物质。地底地质结构的特殊性。为更深处发现做铺垫。,地底3500米探测，地底环境铺陈。
五万年的尸体,洪和兽皇,战斗描写 | 转折高潮,战斗、高潮,洪与雾岛兽皇触手兽的决战。洪动用摩云藤对抗触手兽。摩云藤的战斗力展示——宇宙级植物生命的恐怖力量。洪以摩云藤击杀兽皇触手兽。雾岛兽皇威胁消除，为大发掘扫清障碍。,洪杀兽皇的战斗高潮，摩云藤战斗力展示。
五万年的尸体,大发掘,情节推进 | 设定展开,设定,雾岛兽皇被杀后，大发掘正式启动。各方势力涌入雾岛争夺资源。木伢晶——宇宙修炼宝物的设定揭示：一颗可让学徒八九阶一月突破行星级，亦可豢养驯兽/植物生命。木伢晶的珍贵价值引发争夺。大发掘的规则和混乱局面。,大发掘启动，木伢晶核心设定揭示。
五万年的尸体,冰雪大帝,人物引入 | 设定展开,人物、设定,冰雪大帝登场——超越战神级存在，雾岛大发掘中的重要人物。冰雪大帝的能力和来历。各方超越战神在大发掘中的角色。超越战神级存在的实力展示。,冰雪大帝人物引入，超越战神级存在登场。
五万年的尸体,白色晶石的神奇,设定展开 | 悟道,修炼、设定、爽点,白色晶石（木伢晶）的神奇效果展示——修炼者吸收后基因原能暴涨，植物生命吸收后快速成长。木伢晶的能量特性和吸收方式。木伢晶在宇宙修炼体系中的地位。罗峰对木伢晶价值的认知。,木伢晶神奇效果设定展开。
五万年的尸体,震撼，震动！,转折高潮 | 爽点设置,爽点、高潮,雾岛大发掘中木伢晶大量出土，引发各方震动。木伢晶的数量和价值远超预期。各方势力为木伢晶展开激烈争夺。罗峰在争夺中的表现和收获。大发掘的混乱程度升级。,木伢晶大量出土的震撼，争夺战升级。
五万年的尸体,血腥大争夺,战斗描写 | 矛盾展现,冲突、战斗,木伢晶争夺战白热化，血腥大争夺爆发。各方武者之间为木伢晶互相厮杀。第三议长默汉德森和第四议长伊斯特介入争夺。罗峰在血腥争夺中的战斗表现。争夺的残酷性展示。,血腥大争夺的战斗描写，默汉德森伊斯特对手线引入。
五万年的尸体,木伢晶盛宴,战斗描写 | 爽点设置,战斗、爽点,罗峰击退第三议长默汉德森和第四议长伊斯特，夺得5颗木伢晶。罗峰以行星级精神念师+遁天梭的战斗力碾压对手。5颗木伢晶的收获展示。木伢晶盛宴的争夺格局。,击退两议长夺5颗木伢晶的战斗爽点。
五万年的尸体,地球最强兵器，出世！,设定展开 | 转折高潮,设定、高潮,罗峰在雾岛地底发现赤混铜母残片。赤混铜母——陨墨星号飞船边缘残片材质，不朽强者都难损坏，可切割SS级材质和黑神套装。赤混铜母的硬度远超地球任何材质。地球最强兵器的出世震撼。,赤混铜母残片发现——地球最强材质，为发现飞船埋伏笔。
五万年的尸体,古老遗迹,环境铺陈 | 伏笔埋设,伏笔、设定,罗峰沿赤混铜母残片线索深入探测，发现地底更深处有古老遗迹。地底15600米的深度探测。古老遗迹的规模和神秘性。遗迹与赤混铜母的关联。罗峰对遗迹来历的猜测。,地底古老遗迹发现，陨墨星号飞船伏笔推进。
五万年的尸体,五万年的尸体,转折高潮 | 设定展开,设定、高潮,"罗峰发现地底15600米处的陨墨星号飞船！飞船规模巨大——五万年前坠入地球地底。飞船内发现289颗木伢晶、6具不朽强者尸体、1具界主骨骸。""五万年的尸体""——五万年前遗留的不朽强者尸体。飞船受创严重无法起飞。本篇篇名点题。",陨墨星号飞船发现——本篇核心转折，五万年的尸体点题。
五万年的尸体,我叫巴巴塔,人物引入 | 转折高潮,人物、高潮,"智能生命巴巴塔现身！巴巴塔——呼延博的智能生命，有喜怒哀乐和修炼悟性。巴巴塔自我介绍——""我叫巴巴塔""。巴巴塔五万年来守护陨墨星号飞船和呼延博的遗产。巴巴塔对罗峰的考察和态度。智能生命的设定展开。",巴巴塔人物引入——本篇最重要人物登场，智能生命设定揭示。
五万年的尸体,不朽、永恒、神灵,设定展开 | 伏笔埋设,伏笔、设定,巴巴塔向罗峰揭示不朽强者的含义——不朽、永恒、神灵。不朽强者为宇宙等级体系的巅峰层次，拥有数千万年寿命。陨墨星主人呼延博为不朽强者，五万年前被更强存在击杀。呼延博的九大不朽奴仆。不朽强者的恐怖实力。,不朽强者设定揭示，呼延博背景展开。
五万年的尸体,拜师,转折高潮 | 情感展现,情感、高潮,巴巴塔认罗峰为师——罗峰拜师陨墨星主人呼延博。拜师仪式和过程。罗峰成为呼延博的传承者。巴巴塔作为智能生命认主的机制。罗峰从地球武者到宇宙不朽强者传承者的身份质变。,拜师呼延博——本篇情感与情节高潮，罗峰踏入宇宙传承。
五万年的尸体,老师的遗产,爽点设置 | 设定展开,爽点、设定,罗峰获得呼延博的遗产——空间戒指（割裂宇宙空间融入器物，长612米×宽521米×高108米）、摩云藤幼体、弧刀盘、大量木伢晶、赤混铜母残片。各项遗产的功能和价值介绍。空间戒指的恐怖容量。遗产总量令人震撼。,老师遗产获取的爽点，空间戒指等核心装备设定。
五万年的尸体,满载而归,爽点设置 | 情节推进,爽点,巴巴塔改造罗峰的智能战机系统。摩云藤幼体认主罗峰——用木伢晶培育可成长到宇宙级。罗峰满载所有遗产离开陨墨星号飞船。从地底15600米返回地面。罗峰对未来的规划和期待。,摩云藤认主+满载而归的爽点，巴巴塔改造战机系统。
五万年的尸体,培育（第三篇终章）,悟道 | 情感展现 | 篇终总结,修炼、情感、爽点,罗峰回到明月小区，开始用木伢晶培育摩云藤幼体。摩云藤培育的方法和过程。罗峰对行星级修炼和宇宙探索的规划。巴巴塔成为罗峰的修炼指导者。全篇总结——罗峰从地球监察使到宇宙不朽强者传承者的蜕变完成。第三篇终章。,摩云藤培育的悟道，全篇总结，为后续宇宙冒险篇铺垫。
生命涅槃,组装飞船？,环境铺陈 | 人物心理,情感、设定,罗峰带着草木之灵回到江南基地市家中，弟弟罗华双腿已愈能站立行走。罗峰将草木之灵交给家人，一家人团聚其乐融融。巴巴塔提醒罗峰下一步需要组装飞船（陨墨星主人留下的飞船残骸），罗峰对此感到既兴奋又压力。同时罗峰需要筹备大量资源用于修炼和兑换古文明遗物。,家庭团聚温馨场景，飞船组装任务的引出，为后续兑换重力室做铺垫。
生命涅槃,再相见,情感展现 | 人物引入,人物、情感,罗峰与徐欣再次相见，两人感情进一步升温。徐欣对罗峰的成长和变化感到欣慰，同时也为罗峰即将面对的危险担忧。罗峰向徐欣透露自己即将进行更高强度的修炼，可能很长时间无法见面。两人之间的感情线在这一章得到深化。,罗峰与徐欣情感线推进，为后续钢丝戒指婚礼埋下伏笔。
生命涅槃,电话,矛盾展现 | 情节推进,冲突,罗峰接到电话，得知需要前往洪宁基地市进行古文明遗物的兑换交易。洪需要用5.5颗木伢晶兑换古文明重力室（90星辰级别）以及草木之灵、龙血、千年黑乌根等珍贵资源。罗峰与巴巴塔商议兑换方案的细节，确认资源是否充足。,兑换交易的矛盾铺陈，古文明重力室的引出。
生命涅槃,会面,设定展开 | 爽点设置,爽点、设定,罗峰前往洪宁基地市与洪会面，正式进行兑换交易。洪以5.5颗木伢晶换取罗峰手中的古文明残骸，罗峰获得90星辰级别的古文明重力室、草木之灵、龙血、千年黑乌根等珍贵修炼资源。同时遇到HR联盟议长伊萨多娜，她试图索取古文明残骸换取木伢晶，被罗峰拒绝。交易完成后罗峰实力资源双丰收。,古文明重力室兑换完成，HR联盟伊萨多娜引入，资源获取的爽点。
生命涅槃,陨墨星主人的传承,设定展开 | 转折高潮,设定、高潮,罗峰正式拜师呼延博（陨墨星主人），接受传承魂印。传承魂印是不朽强者制造的特殊物品，可将宇宙级一阶精神念师的灵魂转化为更高层次。魂印融入罗峰灵魂的过程持续约3小时，完成后罗峰灵魂质变。呼延博的传承还包含虚拟空间修炼室的全部秘籍权限——从行星级到界主级别的所有修炼秘法。这是罗峰修炼道路上最关键的转折点。,拜师呼延博，传承魂印融入灵魂，虚拟空间修炼室开启，全篇核心转折。
生命涅槃,秘法,设定展开 | 悟道,修炼、设定、爽点,罗峰进入虚拟空间修炼室，浏览陨墨星一脉的全部秘法体系。《掌控篇》九诀（凝、散、锐、韧、柔、刚、舞、幻、融）——精神念力操控的基础至高深秘法；《幻术篇》——精神攻击秘法；《杂篇》包含《魂印》《虚空之塔》《夺舍》《六芒》等金色封面书籍。罗峰初步修炼《掌控篇》凝字诀，感受精神念力的质变。巴巴塔详解各秘法的用途和修炼顺序。,陨墨星一脉秘法体系全面展开，凝字诀修炼开始，后续夺舍和六芒秘法的伏笔。
生命涅槃,罗峰的特殊能力,设定展开 | 爽点设置,爽点、设定,"传承魂印融合完成后，罗峰突破至行星级武者。丹田中出现金色微型星球——行星级武者的标志。同时罗峰觉醒特殊能力""金刚身""——金属性特殊能力，骨骼肌肉防御极强，基因原能融合肌肉皮肤表层后防御惊人。巴巴塔解释特殊能力分为金、木、水、火、土、风、雷电、光线八大类，罗峰的金属性对应防御型能力。罗峰测试金刚身效果，刀枪不入。",突破行星级武者，金刚身特殊能力觉醒，金属性防御设定的展开。
生命涅槃,改造,设定展开 | 悟道,修炼、设定、爽点,巴巴塔对古文明重力室进行改造，将电能驱动改为C12号能晶驱动，重力范围从原来的有限倍数扩展至0-90000倍地球重力。宇宙标准重力相当于地球表面引力的8.89倍，90000倍地球重力约为1万倍宇宙标准重力。罗峰开始在改造后的重力室中修炼，适应高重力环境对身体的压迫。改造后的重力室远超地球现有任何修炼设备。,古文明重力室改造完成，C12号能晶驱动，90000倍重力的修炼环境设定。
生命涅槃,成长的一年,悟道 | 人物心理,修炼、情感、爽点,罗峰在重力室中苦修一年。一年后罗峰武者境界达到行星级三阶，精神念力达到行星级三阶，《掌控篇》凝字诀修炼至小成，精神念力分裂为19股独立念力。罗峰实力飞速增长，远超同龄武者。期间徐欣来探望，亲手为罗峰下厨。徐欣怀孕的消息传来，罗峰既惊喜又感到责任重大。一年的苦修让罗峰从初入行星级成长为行星级三阶的强者。,一年苦修成果总结，实力飞跃的数据化展示，徐欣怀孕的情节推进。
生命涅槃,地球末日,转折高潮 | 环境铺陈,设定、高潮,一头金角巨兽突然降临美国纽约。金角巨兽体长180米，全身覆盖黑金色鳞甲，背生巨大翅膀，双眸暗金色，气势恐怖至极。它一口吞掉了纽约500米长的战争基地，犹如吞食豆子般轻松。全球震动，各国紧急预警。巴巴塔确认金角巨兽为恒星级一阶，远超地球最强者洪和雷神（行星级八阶）。地球文明面临灭顶之灾，人类陷入恐慌。,金角巨兽降临地球，全篇最大危机爆发，地球末日氛围铺陈。
生命涅槃,紧急召集,矛盾展现 | 设定展开,冲突、设定,战神宫紧急召集全球战神级以上强者开会。洪和雷神主持，各国战神通过虚拟网络参会。金角巨兽的威胁让所有战神面色沉重。克拉伦斯（HR联盟代表）被要求提供星空巨兽的详细资料。各国汇报损失情况，纽约战争基地被吞噬只是开始，金角巨兽还在不断移动。会议讨论应对方案，但面对恒星级一阶的存在，地球现有武力几乎无能为力。,战神宫紧急会议，全球危机应对机制启动，克拉伦斯引入。
生命涅槃,星空巨兽,设定展开 | 矛盾展现,冲突、设定,克拉伦斯揭示星空巨兽的详细资料。星空巨兽是宇宙中最巅峰的血统之一，金角巨兽是其中的金属性吞噬类，可成长到界主级。金角巨兽额头尖角数量表示阶段：幼体期1角、成长期2角、青年期3角、壮年期4角、巅峰期5角。降临地球的这头为幼体期1角，恒星级一阶。巴巴塔补充说明金角巨兽体内有世界，吞噬金属成长，防御力极强。地球面对的敌人远超想象，众战神绝望。,星空巨兽血统设定全面展开，金角巨兽阶段与实力对应关系，绝望感的渲染。
生命涅槃,根若死了，叶子还能活？,人物心理 | 情感展现,情感,"洪在战神宫会议上说出了""根若死了，叶子还能活？""的名言，意指地球若被金角巨兽毁灭，所有人类都将灭亡，个人利益已无意义。各国战神被说服，放下分歧团结抗敌。罗峰内心沉重，想到家人、徐欣和未出生的孩子，决心拼死保卫地球。洪和雷神开始制定具体的作战计划。",洪的名言点醒众人，人类团结抗敌的决心，罗峰内心的情感挣扎。
生命涅槃,遗迹表单,设定展开 | 情节推进,设定,战神宫整理全球古文明遗迹表单，寻找可能对抗金角巨兽的武器和资源。各国提交各自掌握的遗迹信息。12号古文明遗迹（太平洋海底）引起关注，据说内有一艘宇宙级飞船。罗峰和巴巴塔意识到12号遗迹中可能藏有能对抗金角巨兽的武器。为后续前往12号遗迹做铺垫。,全球遗迹梳理，12号遗迹的引出，为获取B6级镭射炮埋下伏笔。
生命涅槃,噩耗,转折高潮 | 情感展现,情感、高潮,噩耗传来——金角巨兽开始在全球范围内摧毁战争基地，多个基地市遭殃。人类伤亡惨重，各国陷入混乱。罗峰得知消息后愤怒与焦虑并存。洪和雷神决定先实施氢弹攻击计划，争取时间。各国进入军管状态，启动人类传承计划（保留人类文明火种）。局势急剧恶化，末日感笼罩全球。,金角巨兽开始全球破坏，人类传承计划启动，末日氛围加剧。
生命涅槃,炸！炸！炸！,战斗描写 | 转折高潮,战斗、高潮,氢弹攻击计划实施——18架炮灰级战机携带原子弹（1.5-6万吨当量）率先攻击金角巨兽，随后1架洪荒级战机携带1.5亿吨当量氢弹进行致命一击。原子弹连续轰炸金角巨兽，火光冲天蘑菇云升腾，但金角巨兽凭借超强防御仅受皮外伤。最终1.5亿吨氢弹在金角巨兽腹部爆炸，巨大的爆炸光芒照亮天空。,氢弹攻击计划的实施，原子弹连续轰炸的战斗描写，1.5亿吨氢弹的决战时刻。
生命涅槃,天崩地裂,战斗描写 | 转折高潮,战斗、高潮,1.5亿吨氢弹爆炸后，金角巨兽腹部被炸出巨大伤口，重伤但未死。金角巨兽暴怒，疯狂报复，开始系统性地摧毁全球各战争基地。地球最强武器仅能重伤而不能击杀金角巨兽，人类陷入绝望。各国基地市纷纷沦陷，伤亡数字飙升。洪和雷神意识到常规武器无法对付金角巨兽，必须寻找其他方法。全球军管进一步强化，人类传承计划加速推进。,氢弹仅重伤金角巨兽，巨兽疯狂报复摧毁全球基地，绝望感达到顶点。
生命涅槃,12号遗迹,环境铺陈 | 设定展开,设定,罗峰前往12号古文明遗迹——位于太平洋海底5100米海床下3300米深处。遗迹中有一艘16000米长的母舰残骸和一艘黑龙山X81型号飞船。黑龙山X81是宇宙级强者乘坐的冒险飞船，乌钇金属制造，标配B6级镭射炮，在黑龙山帝国名气颇大。罗峰和巴巴塔潜入遗迹，面对深海水压和遗迹中的各种机关。三大绝境之一的环境描写。,12号遗迹的环境铺陈，黑龙山X81飞船的设定展开，三大绝境之一。
生命涅槃,巨力顶,设定展开 | 情节推进,设定,"罗峰在黑龙山X81飞船中遇到激光通道和乌钇闸门阻挡。乌钇金属极为坚硬，宇宙级强者要破坏也需耗费很大力气。巴巴塔找到飞船维修工具""巨力顶""——类似千斤顶但技术含量极高，用于开启闸门。罗峰使用巨力顶撑开乌钇闸门，进入飞船深处。飞船内部的走廊、舱室结构描写，展现宇宙级飞船的精密与庞大。",巨力顶工具的设定展开，乌钇金属硬度的设定，飞船内部探索推进。
生命涅槃,机器人,设定展开 | 战斗描写,战斗、设定,罗峰在飞船深处遇到三具金属机器人守卫。机器人实力强悍，罗峰险些不敌。巴巴塔介入破解机器人控制系统，成功将三具机器人收为己用。同时发现流银护卫——流银金属制造的保镖，身体如水可卸冲击力，可膨胀至200米巨人，但能量已耗尽处于休眠状态。巴巴塔计划后续为流银护卫补充能量。,金属机器人的战斗与收服，流银护卫的设定展开，飞船资源的获取。
生命涅槃,野蛮摧毁,战斗描写 | 设定展开,战斗、设定,飞船智能系统检测到入侵者，启动自毁程序。罗峰和巴巴塔必须在自毁前获取B6级镭射炮并撤离。罗峰野蛮摧毁飞船智能系统的核心控制台，强行中断自毁程序。巴巴塔成功找到并维修B6级镭射炮——可击杀恒星级六阶武者，宇宙中镭射炮分A/B/C三大级别（A1-A9杀行星级1-9阶，B1-B9杀恒星级1-9阶），B6级可杀恒星级六阶。炮口直径5米，需50秒酝酿准备。罗峰带着镭射炮、机器人、流银护卫撤离遗迹。,飞船自毁危机的化解，B6级镭射炮的获取与设定展开，关键武器的获得。
生命涅槃,疯狂的吞噬兽,战斗描写 | 爽点设置,战斗、爽点,罗峰在海底遗迹返回后，投入对金角巨兽的战斗准备。同时罗峰一天之内击杀37头王级怪兽，展现出超强的战斗力。随后罗峰击杀八爪兽皇——一头强大的兽皇级怪兽。罗峰的战斗力和精神念力操控在这一章得到充分展示，19股念力配合《掌控篇》凝字诀的战斗场面。这些战斗既是练兵也是为后续决战做准备。,罗峰战斗力的爽点展示，一天杀37头王级怪兽+八爪兽皇的战绩。
生命涅槃,烽烟处处,环境铺陈 | 矛盾展现,冲突、设定,全球各地烽烟四起，金角巨兽持续破坏，怪兽群趁乱袭击基地市。人类在多重打击下苦苦支撑。各国战神在各地抵抗怪兽潮，疲于奔命。地球局势持续恶化，资源消耗严重。洪和雷神商议最终的决战计划——必须尽快对金角巨兽发起决战，否则人类将无力抵抗。罗峰带着B6级镭射炮回到战神宫，带来一线希望。,全球战局恶化，烽烟四起的环境铺陈，B6级镭射炮带来希望。
生命涅槃,境界,设定展开 | 悟道,修炼、设定、爽点,巴巴塔详细讲解修炼境界的四大层：基础→意境→领域→世界。基础层是武者对力量的基本运用；意境层是将力量融入意境，如刀法意境；领域层是强者将意境扩展为领域，掌控一方空间；世界层是领域进一步凝聚为世界，是最巅峰境界。洪和雷神均为领域级强者。领域强者的拼命绝招——燃烧灵魂，灵魂原能力量意志结合沟通宇宙，发挥远超常规的战力。雷神在这一章开始冲击领域更高层次。,境界四大层的设定展开，领域强者拼命绝招的设定，为洪雷神燃烧灵魂做铺垫。
生命涅槃,洪和雷神,人物心理 | 转折高潮,情感、高潮,洪和雷神决定拼死一战，两人做好牺牲的准备。洪将战神宫事务交代给信任的战神，雷神也安排好后事。两位地球最强者面对恒星级一阶的金角巨兽，明知实力差距巨大仍决心以命相搏。罗峰得知两位前辈的决定后内心震动。洪和雷神的决意感染了所有战神，众人决心共赴国难。,洪和雷神的赴死决心，人物心理的深刻刻画，决战前的情感高潮。
生命涅槃,"""B6级""镭射炮",设定展开 | 爽点设置,爽点、设定,罗峰向洪和雷神展示B6级镭射炮，宣布有把握用此炮重创甚至击杀金角巨兽。B6级镭射炮可杀恒星级六阶武者，而金角巨兽仅为恒星级一阶，理论上足以击杀。洪和雷神大喜，调整作战计划——先用镭射炮攻击，若未能击杀则洪雷神再燃烧灵魂拼死一搏。镭射炮的50秒酝酿准备时间成为关键战术考量。作战计划确定。,B6级镭射炮战术价值的确认，作战计划的制定，希望重燃的爽点。
生命涅槃,射向太空的光柱,转折高潮 | 悟道,修炼、高潮、爽点,决战前，雷神突破领域境界，实力大增。B6级镭射炮开始充能，50秒酝酿准备。一道巨大的光柱射向太空——镭射炮发射，直径5米的光束以光速轰向金角巨兽。光柱贯穿天际，气势恢宏。金角巨兽被光柱直接命中头颅，巨大的头颅被轰掉。众人欢呼以为胜利。,雷神突破领域境界的转折，B6级镭射炮发射的壮观场面，金角巨兽头颅被轰掉的高潮。
生命涅槃,重创,战斗描写 | 转折高潮,战斗、高潮,B6级镭射炮轰掉金角巨兽头颅，但金角巨兽并未死亡——头颅以惊人的速度再生。金角巨兽的再生能力远超预期，恒星级一阶的星空巨兽血统赋予其恐怖的生命力。金角巨兽暴怒，迅速找到镭射炮位置，以极快速度冲来毁掉镭射炮。人类的希望再次破灭。洪和雷神面对再生的金角巨兽，决定执行最后的方案——燃烧灵魂。,金角巨兽头颅再生的逆转，镭射炮被毁的绝望，洪雷神燃烧灵魂的决定。
生命涅槃,罗峰的责任,人物心理 | 矛盾展现,冲突、情感,罗峰意识到自己作为地球第一精神念师、陨墨星一脉传承人的责任。洪和雷神即将燃烧灵魂拼死一战，罗峰必须做好后续的准备——若洪雷神失败，罗峰将是地球最后的希望。罗峰内心挣扎，一方面想与洪雷神并肩作战，另一方面巴巴塔提醒他必须保留实力用于最后的夺舍计划。罗峰开始思考《夺舍》和《六芒》秘法的可行性。,罗峰责任感的觉醒，夺舍计划的初步构思，内心矛盾的刻画。
生命涅槃,谈笑风生,情感展现 | 转折高潮,情感、高潮,洪和雷神在燃烧灵魂前与众人谈笑风生，表现出视死如归的坦然。两位最强者以轻松的态度面对即将到来的生死之战，叮嘱后事，交代遗言。洪和雷神燃烧灵魂，灵魂原能力量意志结合沟通宇宙，战力暴涨。两人钻入金角巨兽体内，从内部攻击金角巨兽。燃烧灵魂的领域强者拼命绝招的场面描写。,洪雷神赴死前的谈笑风生，燃烧灵魂的战斗场面，情感与战斗的双重高潮。
生命涅槃,玉石俱焚,转折高潮 | 情感展现,情感、高潮,洪和雷神在金角巨兽体内燃烧灵魂发动玉石俱焚的攻击，对金角巨兽造成巨大伤害。然而两人也因此陷入沉睡——成为活死人，脑电波消失，生命体征微弱。金角巨兽受到重创，实力仅剩三成。流银护卫趁机冲入救走洪和雷神的身体。众战神悲痛，洪和雷神的牺牲震撼所有人。金角巨兽虽重伤但仍未死，危机仍未解除。,洪雷神玉石俱焚的牺牲，两人陷入沉睡，金角巨兽重伤剩三成实力，流银护卫救援。
生命涅槃,陨落,战斗描写 | 转折高潮,战斗、高潮,金角巨兽虽仅剩三成实力，但仍远超地球战神级强者的战力。金角巨兽因重伤暂时停止攻击，在海底疗伤。地球获得短暂喘息时间。战神宫讨论后续对策，洪和雷神陷入沉睡的消息让众人悲痛。罗峰此时成为地球事实上的最强战力——行星级三阶武者+行星级三阶精神念师+金刚身+陨墨星一脉秘法。罗峰决心执行最后的计划。,金角巨兽疗伤的喘息，洪雷神沉睡的悲痛，罗峰成为地球最后的希望。
生命涅槃,地球第一精神念师,人物心理 | 设定展开,情感、设定,罗峰正式成为地球第一精神念师（洪雷神沉睡后）。罗峰决定使用《六芒》献祭秘法和《虚空之塔》拼命绝招来攻击金角巨兽的灵魂。《六芒》需要六人组成六芒阵，五人献祭灵魂燃烧传输给中央一人。罗峰作为中央一人，需要五名战神自愿献祭灵魂。《虚空之塔》是陨墨星一脉灵魂防御绝顶秘法，也可作为拼命攻击绝招——以旋转尖锥攻击灵魂。罗峰向战神宫公布计划。,罗峰成为地球第一精神念师，六芒献祭秘法和虚空之塔的设定展开，计划的公布。
生命涅槃,六个人,情感展现 | 转折高潮,情感、高潮,罗峰公布六芒献祭计划后，62名战神自愿愿意牺牲。最终选出五人：默汉德森、伊斯特、特里帕蒂·辛格、贾谊、索科洛夫。五人分别来自不同国家，代表人类文明的共同意志。贾谊——华夏国军方第一人、超越战神，也在献祭者之列。六人（罗峰+五人）组成六芒阵，准备执行献祭。五人面对死亡毫无惧色，展现出人类最崇高的牺牲精神。,62人自愿牺牲的感人场面，五人选定，贾谊等人物的牺牲决心。
生命涅槃,新的篇章,情感展现 | 人物心理,情感,决战前夕，罗峰与徐欣举行简单的婚礼——一枚钢丝戒指作为婚戒，没有盛大的仪式，只有两人的承诺。罗峰向徐欣坦白自己可能无法回来，徐欣含泪接受。罗峰安排好家人和未出生孩子的后事。六人做最后的准备，潜入海底前往金角巨兽疗伤的位置。这一章是暴风雨前的宁静，情感浓度极高。,钢丝戒指婚礼的情感高潮，罗峰对家人和徐欣的告别，暴风雨前的宁静。
生命涅槃,生命涅槃（第四篇终章）,转折高潮 | 战斗描写 | 悟道,修炼、战斗、高潮、爽点,六人在海底组成六芒阵，五人（默汉德森、伊斯特、特里帕蒂·辛格、贾谊、索科洛夫）献祭灵魂燃烧，将力量传输给中央的罗峰。罗峰获得五人灵魂力量加持，以《虚空之塔》攻击金角巨兽灵魂。罗峰发现金角巨兽的灵魂不在头部，而在体内一个二十多公分直径的透明晶球中，晶球表面布满金色秘纹。罗峰的虚空之塔攻击晶球防御，传承魂印燃烧补充力量攻克防御。罗峰以《夺舍》秘技吞噬金角巨兽灵魂碎片，占据金角巨兽身体。外界以为八英雄（洪、雷神、罗峰、五名战神）全部牺牲。罗峰夺舍后需逐步契合身体，16天后完全契合，获得金角巨兽血脉传承记忆——星空巨兽的种族记忆。生命涅槃完成。,六芒献祭的执行，虚空之塔攻击灵魂晶球，夺舍金角巨兽成功，血脉传承记忆获得，生命涅槃——全篇终极高潮。
宇宙冒险者,传承记忆,设定展开 | 人物心理,情感、设定,罗峰夺舍金角巨兽成功后，开始接收金角巨兽的传承记忆，持续16天。传承记忆包含星空巨兽十二血统知识、18种特殊秘法、3199种普通秘法。金角巨兽属于星空巨兽最巅峰血统，传承记忆最丰富，每代可加入自己记忆。罗峰身为地球人灵魂夺舍金角巨兽身体，成为宇宙中极其罕见的存在。,金角巨兽传承记忆体系完整展开，星空巨兽十二血统设定。
宇宙冒险者,地球的变化,环境铺陈 | 矛盾展现,冲突、设定,罗峰接收传承记忆期间，地球局势剧变。战神宫崩溃，阿特金、颜海、萨戈·尼赫鲁三大超越战神级强者崛起，瓜分地球势力范围。三人觊觎罗峰家的木伢晶。罗峰家人在洪的保护下暂安，但危机四伏。地球权力真空导致新的混乱格局。,地球三巨头崛起，权力格局重塑，为后续罗峰复仇埋线。
宇宙冒险者,天赋秘法,设定展开 | 悟道,修炼、设定、爽点,金角巨兽三种天赋秘法详解：①吞噬（修炼+群攻，比自己弱的直接吞噬杀死）②强化（战斗爆发，速度战力飙升）③分身（保命，一生三个分身，行星级/宇宙级/界主各一个）。罗峰选定修炼《本尊天地》（变大缩小秘法，三层：小成3倍/大成9倍/究极36倍）和《绝对空间》（瞬间爆发速度秘法，三层：弧光/千变万化/瞬移）。,金角巨兽三大天赋秘法与两种修炼秘法选定，核心修炼体系确立。
宇宙冒险者,孕育、诞生,设定展开 | 人物心理,情感、设定,罗峰决定孕育第一个分身——地球人分身。分身在金角巨兽体内世界孕育，需遗传物质。第一个分身最重要，罗峰选择地球人作为分身。孕育过程需约一年多时间。巴巴塔解释分身孕育的原理和注意事项。,金角巨兽分身孕育机制，罗峰选择地球人分身的战略决策。
宇宙冒险者,平安符,情感展现 | 设定展开,情感、设定,永恒之恋/永恒之体设定展开：从天生永恒之体种族提取基因物质封存在冷银中，可改造身体为永恒之体（1000纪元寿命、不死之身、无法修炼）。罗峰将永恒之恋留给徐欣作为平安符保护。徐欣在罗峰离开期间的安全保障。,永恒之恋设定与情感线交织，为徐欣后续自杀被救活埋线。
宇宙冒险者,半年后,环境铺陈 | 矛盾展现,冲突、设定,半年后，地球三巨头势力更加稳固。阿特金控制美洲、颜海控制欧洲、萨戈·尼赫鲁控制亚洲。三巨头持续施压索要木伢晶。洪独力难支，局面愈发危急。罗峰分身尚未孕育完成，无法出手干预。,地球局势持续恶化，三巨头压迫升级，危机感累积。
宇宙冒险者,罗峰归来,转折高潮 | 爽点设置,爽点、高潮,罗峰第一分身孕育成功——地球人分身为行星级六阶精神念师，金角巨兽本体为恒星级三阶。罗峰归来，实力远超地球三巨头。三巨头浑然不知死神将至。罗峰开始逐一清算。,分身孕育完成的重大转折，罗峰实力质变，复仇序幕拉开。
宇宙冒险者,他已经到了,战斗描写 | 爽点设置,战斗、爽点,罗峰首先前往巴黎击杀颜海。颜海身为超越战神级强者，在罗峰恒星级三阶实力面前毫无还手之力。罗峰以碾压之势秒杀颜海，展现金角巨兽本体的恐怖战斗力。,第一场复仇战，颜海被杀，实力碾压的爽点。
宇宙冒险者,轰动,战斗描写 | 爽点设置 | 转折高潮,战斗、爽点、高潮,罗峰前往新德里击杀萨戈·尼赫鲁，随后前往华府基地市在全球直播中击杀阿特金。三巨头接连被杀的消息轰动全球。地球人类看到罗峰的绝对实力，三巨头势力土崩瓦解。罗峰以一人之力重塑地球格局。,三巨头覆灭的全球直播高潮，罗峰确立地球绝对强者的地位。
宇宙冒险者,亚光速,设定展开 | 环境铺陈,设定,罗峰回家与家人团聚后，准备前往火星探索。黑龙飞船以亚光速（10万公里/秒）飞行。巴巴塔介绍飞船性能和宇宙飞行基础知识。罗峰踏上离开地球的第一步。,黑龙飞船亚光速飞行设定，火星探索序幕。
宇宙冒险者,抵达火星,环境铺陈 | 设定展开,设定,黑龙飞船抵达火星。罗峰发现火星表面有九座金字塔（能源塔），以及地底隐藏的钢铁城市（矿工基地）。金字塔能源塔持续运转维持地底城市能源。火星曾是宇宙矿工的采矿基地。,火星金字塔与地底钢铁城市发现，宇宙采矿遗迹设定。
宇宙冒险者,矿藏,设定展开 | 环境铺陈,设定,罗峰探索火星地底钢铁城市，发现这是三百多万年前宇宙矿工的基地。矿工内斗导致全员灭亡。城市中储存大量玄铁：玄铁1.18亿吨、玄铁精33600吨、玄铁母2.34吨。金属分级体系（A/B/C/D/E/F级）展开。,火星矿藏储量揭晓，金属分级体系设定。
宇宙冒险者,搜刮,爽点设置 | 设定展开,爽点、设定,罗峰搜刮火星地底钢铁城市，获得玄铁1.18亿吨、玄铁精33600吨、玄铁母2.34吨。并拆卸整个钢铁城市获得92.8亿吨玄铁原材料。金角巨兽吞噬金属组合可提高进化效率89倍。巴巴塔储物空间储存全部物资。,巨额矿藏搜刮的爽点，金角巨兽金属吞噬进化加速设定。
宇宙冒险者,罗峰的资产,设定展开 | 人物心理,情感、设定,罗峰盘点资产：火星矿藏价值数百亿银蓝币（约两千多万黑龙币）、黑龙飞船（110亿黑龙币）、遁天梭、弧刀盘等。金角巨兽进化速度详解：恒星级1-3阶1.5年/4-6阶6年/7-9阶36年/突破宇宙级50年（普通速度），金属组合可加速89倍。罗峰资产盘点与未来修炼规划。,罗峰资产清单与金角巨兽进化速度设定汇总。
宇宙冒险者,地球三强者,人物引入 | 情感展现,人物、情感,洪和雷神苏醒。洪和雷神在大涅槃时期就是地球最强者，如今苏醒得知罗峰夺舍金角巨兽的真相。三人商议未来。洪和雷神的实力与背景进一步展开。,洪雷神苏醒，地球三强者格局形成。
宇宙冒险者,填鸭式提升,设定展开 | 悟道,修炼、设定、爽点,"罗峰收洪、雷神为陨墨星弟子，传授秘籍。三兄弟进行填鸭式修炼——用木伢晶强化身体，洪和雷神从行星级三阶快速提升到八阶。遁天梭第二形态""剑鱼阵""练成。修炼效率大幅提升的原理与方法展开。",填鸭式修炼方法，木伢晶强化效果，遁天梭第二形态。
宇宙冒险者,虬龙星,设定展开 | 环境铺陈,设定,罗峰决定前往虬龙星（距地球32万光年）。黑龙飞船具备宇宙穿梭能力。宇宙穿梭机制详解：达到光速进入暗宇宙，暗宇宙与原宇宙比例1:1008.1万倍，减速到静止返回原宇宙。洪雷神也随行出发。杀雷龙皇和八爪兽皇（在出发前完成）。,宇宙穿梭机制设定，虬龙星之行启动。
宇宙冒险者,抵达虬龙星,环境铺陈 | 设定展开,设定,黑龙飞船通过宇宙穿梭抵达虬龙星。虬龙星是黑龙山帝国疆域内的一颗重要商业星球。罗峰首次踏足宇宙文明星球，感受到宇宙的浩瀚与繁华。虬龙星的城市、科技、种族等环境描写。,虬龙星环境铺陈，罗峰首次接触宇宙文明世界。
宇宙冒险者,我叫高升,人物引入 | 设定展开,人物、设定,罗峰在虬龙星结识高升·威帝。高升是威帝家族子弟，威帝家族是卡罗帝国第二大家族（商业家族，势力延伸至黑龙山帝国和乾巫宇宙国）。高升性格豪爽，成为罗峰在宇宙中的第一个朋友。高升介绍虬龙星的基本情况。,高升·威帝人物引入，威帝家族背景设定。
宇宙冒险者,帝国公民,设定展开 | 情节推进,设定,罗峰通过高升的帮助加入黑龙山帝国国籍，成为帝国公民。黑龙山帝国是乾巫宇宙国下属的强大帝国。帝国公民身份带来诸多便利和权利。罗峰开始融入宇宙文明体系。,黑龙山帝国国籍获取，罗峰正式成为宇宙公民。
宇宙冒险者,五大巨无霸,设定展开 | 环境铺陈,设定,高升向罗峰介绍宇宙五大巨无霸势力：①宇宙星河银行 ②宇宙第一银行 ③巨斧斗武场 ④宇宙佣兵联盟 ⑤虚拟宇宙公司。五大巨无霸掌控宇宙经济命脉。巨斧斗武场：生死搏杀斗武，赢10场=勇士/赢100场=斗武王/赢1000场=巨斧武者。宇宙佣兵联盟：超99%武者精神念师加入，行星级=冒险者/恒星级=见习佣兵/宇宙级=一星佣兵。,宇宙五大巨无霸势力体系完整展开。
宇宙冒险者,虚拟宇宙,设定展开 | 环境铺陈,设定,罗峰进入虚拟宇宙网络。虚拟宇宙网络设定：黑龙山岛屿（黑龙山帝国疆域用户上线点）、乾巫大陆。虚拟助手分四个等级：感应头盔/辅助光脑/智能光脑/智能生命（对应不同智慧程度）。罗峰在虚拟宇宙网络开户，体验虚拟宇宙的便利。,虚拟宇宙网络体系设定，虚拟助手分级。
宇宙冒险者,念力兵器,设定展开 | 爽点设置,爽点、设定,念力兵器分级体系展开：普通/一阶（行星级）/二阶（恒星级）/三阶（宇宙级）/四阶（域主）/五阶（界主）。遁天梭（三阶下品，50亿黑龙币，振幅30可用第二形态）、弧刀盘（三阶中品，200亿黑龙币）。罗峰在虬龙星餐厅遭遇韦林（二阶极品念力兵器60亿），产生冲突。,念力兵器分级体系，遁天梭与弧刀盘价值设定。
宇宙冒险者,威帝家族,设定展开 | 人物心理,情感、设定,高升进一步介绍威帝家族的势力范围。威帝家族老家在卡罗帝国，但主要势力在黑龙山帝国乃至乾巫宇宙国。卡罗帝国第一大家族是皇族卡罗家族（第一强者为域主），诺岚山家族是卡罗帝国第三家族。罗峰开始了解宇宙势力格局。,威帝家族与卡罗帝国势力格局设定，为诺岚山家族伏笔。
宇宙冒险者,奴隶市场,设定展开 | 环境铺陈,设定,罗峰前往虬龙星奴隶市场。奴隶制度设定：生物芯片控制（植入大脑无法脱离，完全忠诚）。奴隶价格：恒星级九阶精神念师10万黑龙币，恒星级七阶精神念师15亿黑龙币。罗峰先卖掉弧刀盘获180亿黑龙币，然后购买碧波髓30公斤（2.646亿黑龙币）。,奴隶制度与价格体系，弧刀盘出售获巨款。
宇宙冒险者,心中冰凉,人物心理 | 矛盾展现,冲突、情感,罗峰在奴隶市场购买1016名奴隶：3个恒星级七阶+3个恒星级五阶+10个恒星级一阶+1000个行星级九阶精神念师，共50亿黑龙币。奴隶来自黑蒙族等被奴役种族。罗峰面对宇宙残酷的奴隶制度，心中冰凉，深刻认识到宇宙的弱肉强食本质。,奴隶卫队组建完成，罗峰对宇宙残酷本质的认知。
宇宙冒险者,离开之前的采购,设定展开 | 情节推进,设定,罗峰在离开虬龙星前进行最后的采购。购买各种修炼资源和物资。赤混铜母残片（无价之宝）的介绍。罗峰的资金剩余约25亿黑龙币。采购完成后准备前往乾巫道场报名。,物资采购清单，赤混铜母残片设定。
宇宙冒险者,乾巫道场,设定展开 | 情节推进,设定,罗峰在虚拟宇宙中报名乾巫道场。乾巫道场是乾巫宇宙国唯一武者学校。乾巫者等级：一叶（宇宙级）/二叶（域主）/三叶（界主）。罗峰开始接受乾巫道场的训练体系。洪和雷神也一同报名。,乾巫道场设定与报名，乾巫者等级体系。
宇宙冒险者,回银河系,环境铺陈 | 情节推进,设定,罗峰带着奴隶卫队和物资乘坐黑龙飞船返回银河系。途中经过宇宙穿梭。罗峰规划在银河系内建立一个基地。选择白兰星作为基地所在。白兰星环境介绍（极冷区）。,返回银河系，白兰星基地选址。
宇宙冒险者,罗峰未来的住宅,设定展开 | 爽点设置,爽点、设定,罗峰在白兰星购买仓库基地（98公里×61公里，80万黑龙币）和两栋移动城堡（各12亿银蓝币，共192万黑龙币）。仓库基地作为第二基地，驻扎1名恒星级一阶+100名行星级九阶精神念师卫队。罗峰在白兰星安顿下来。,白兰星基地建成，仓库基地与移动城堡采购。
宇宙冒险者,回到地球,情感展现 | 爽点设置,情感、爽点,"罗峰回到地球，在扬州城西湖别院建造城堡（近千名仆从合力组装）。近千名奴隶卫队整齐行礼喊""主人""，震惊家人。罗峰向家人介绍城堡和卫队。洪和雷神来访，得知罗峰去过宇宙后的震惊。罗峰向洪雷神讲述虬龙星之行的全部经历（除陨墨星主人和银行账号外）。紫光露计划——购买十万吨紫光露（8亿黑龙币），让地球所有武馆高等学员成为武者，目标7000万至1亿武者。",城堡建造与家人团聚，紫光露地球进化计划确立。
宇宙冒险者,定计,人物心理 | 设定展开,情感、设定,罗峰与洪雷神商议。洪建议暂时不向各国透露奴隶卫队的存在，让各国有危机感才能加快人类进化。罗峰同意，决定在全球峰会上宣布宇宙真相和紫光露计划，但不暴露卫队。罗峰在虚拟宇宙中订购金属（102.2亿黑龙币，进化速度提高51倍）和紫光露。同时将火星92.8亿吨玄铁卖出90亿吨（收款两千多万黑龙币）。白兰星第二基地驻扎卫队就位。,全球峰会策略定计，金属订购与紫光露采购完成。
宇宙冒险者,宇宙冒险者来了,转折高潮 | 环境铺陈,设定、高潮,10月29日，罗峰在西湖别院城堡召开全球峰会。五大强国和23个独立基地市领导人齐聚。罗峰通过三维虚拟投影展示宇宙真相：地球只是银河系二十多万颗生命星球之一，银蓝帝国统治八大星系却只是最低层次宇宙国度。介绍黑蒙族——数以百万计行星级、大量恒星级五阶六阶的种族，却是被奴役的奴隶种族。罗峰提供6个意识感应头盔供各国进入虚拟宇宙网络。宣布紫光露计划——供应全球所有武馆高等学员，目标7000万至1亿武者。各国领导人激动若狂。同时，11月23日，一艘银灰色宇宙冒险者飞船已靠近地球。,全球峰会宣布宇宙真相与紫光露计划，宇宙冒险者逼近地球的双重转折。
宇宙冒险者,降临,转折高潮 | 矛盾展现,冲突、高潮,"宇宙冒险者飞船降临地球大西洋上空，地球仪器无法发现。飞船智能""阿图卡""入侵地球网络搜集资料。船长布罗·诺岚山得知地球实力——近七十亿人类、学徒级近百万、行星级近一百、恒星级为零。布罗和八名船员（3个恒星级+4个行星级九阶+2个维修人员）激动万分，认为地球可任由蹂躏。发现罗峰使用弧刀盘击杀八爪兽皇的视频，认定地球有无敌强者遗留宝物。发现洪雷神拥有领域，震惊。布罗发现金角巨兽视频，认出这是最巅峰血统星空巨兽幼兽（恒星级一阶），价值比十颗星球还值钱。得知金角巨兽已死，布罗愤怒无比，转而觊觎金角巨兽尸体。",宇宙冒险者降临地球，布罗发现金角巨兽尸体价值，危机正式爆发。
宇宙冒险者,诺岚山家族,设定展开 | 人物心理,情感、设定,"布罗·诺岚山身份揭晓——诺岚山家族直系子弟。诺岚山家族设定：卡罗帝国第三家族，81066年前由宇宙级九阶诺岚山建立，族祖诺岚山为宇宙级九阶巨斧武者（赢千场生死斗武），麾下六大宇宙级弟子，八千诺岚卫军团（恒星级九阶），控制超1000个生命星球。布罗在虚拟宇宙中与家族舰队通话——普拉等八大亲传弟子要求布罗交出星球情报，布罗傲慢拒绝。随后老族长（第二任族长，宇宙级六阶）亲自通话，承诺布罗1000亿黑龙币奖励和""终生长老""职位，家族舰队三个月后到达。布罗意气风发，决定按3号方案抓捕罗峰三人。",诺岚山家族完整设定展开，布罗获终生长老承诺，三个月倒计时启动。
宇宙冒险者,抓捕罗峰三人,转折高潮 | 爽点设置,爽点、高潮,"布罗率七名冒险者飞向扬州城城堡，宣称""从现在起你们就是我布罗·诺岚山的奴隶""。罗峰、洪、雷神三人面色铁青。罗峰冷漠下令""抓住他们，反抗者杀""。近千名奴隶卫队从城堡各处冲天而起，瞬间包围七名冒险者。三名恒星级七阶精神念师的实力令冒险者彻底绝望。七人全部投降，连反抗的胆量都没有。银灰色飞船也被迫投降。布罗意识到命运弄人——他本以为地球无恒星级，却不知罗峰从宇宙买来了强大卫队。",奴隶卫队亮相的爽点反转，布罗从高高在上到全部投降。
宇宙冒险者,麻烦大了,转折高潮 | 人物心理,情感、高潮,"罗峰审问布罗，布罗谎称只有九人因虫洞偶然进入此星域。罗峰让蒙二对其他六人进行精神催眠审问。巴巴塔侵入冒险者飞船智能系统，发现诺岚山家族舰队的完整资料——八位亲传弟子（恒星级九阶）+三十多位诺岚卫（恒星级九阶）+约一千名恒星级+上万名行星级。罗峰三人脸色煞白。蒙二同时审出布罗撒谎，后面有庞大舰队。罗峰、洪、雷神愤怒无比。罗峰通知各国""地球有大麻烦了""，召集全球峰会。",诺岚山家族舰队实力揭晓，三个月倒计时确认，地球危机全面爆发。
宇宙冒险者,目标，地球宝藏,设定展开 | 人物心理,情感、设定,洪查阅虚拟宇宙网络，确认诺岚山家族资料：81066年前建立，族祖诺岚山为宇宙级九阶巨斧武者，六大宇宙级弟子，八千诺岚卫，控制超1000个生命星球。卡罗帝国是黑龙山帝国五百多属国中实力前三的初等文明国度。威帝家族老家在卡罗帝国（十余个宇宙级），主要势力在黑龙山帝国。罗峰制定两手计划：①三个月内突破恒星级，获取老师银行账号，买下地球领主权 ②失败则将地球数据送黑龙山帝国获1000亿黑龙币奖励，用两年多时间转移地球人类。三兄弟乘黑龙飞船离开地球前往白兰星。,诺岚山家族完整实力对比，罗峰两手准备计划确立。
宇宙冒险者,生存基地,设定展开 | 矛盾展现,冲突、设定,"三兄弟抵达白兰星，商议后决定购买生存基地作为地球人类的避难所。生存基地设定：小的容纳上千万人，大的数十亿人。在虚拟宇宙网络联系铁洛公司。C5级（容纳三亿人）需980亿黑龙币，C3级需510亿。罗峰资金不足（仅剩17亿黑龙币）。铁洛公司二级主管洛迪态度恶劣，骂罗峰三人是""穷鬼""后消失。巴巴塔建议卖掉黑龙山X81飞船（老古董奢侈品，飞船爱好者最爱）筹集资金。",生存基地设定与价格体系，洛迪冲突与卖飞船方案。
宇宙冒险者,三个月,情节推进 | 设定展开,设定,罗峰联系高升帮忙卖黑龙飞船，高升群发消息后找到帝都星买家，出价128亿黑龙币。12天后交易完成——买家科瑞（帝都星大家族子弟）在白兰星交货。罗峰用132亿黑龙币定制六座生存基地：4个C2级500万人标准（16亿×4=64亿）、1个C2级1000万人标准（26亿）、1个C3级1000万人标准（42亿）。投诉洛迪使其被辞退。罗峰前往碧岩星（距地球更近，宇宙穿梭五天多）闭关修炼，目标三个月内突破恒星级。生存基地运回地球分配各国。2063年2月21日，诺岚山家族舰队抵达太阳系。,黑龙飞船出售与生存基地采购完成，三个月闭关修炼开始，诺岚山舰队抵达。
宇宙冒险者,十万火急,转折高潮 | 矛盾展现,冲突、高潮,诺岚山家族舰队（两艘六千多米战舰）抵达地球。以普拉为首的八大亲传弟子率领约一千名恒星级和上万名行星级。舰队开始入侵地球网络搜集情报。罗峰在碧岩星紧急修炼中。地球生存基地已就位，各国精英已迁入。十万火急的局势。,诺岚山舰队正式抵达地球，危机进入倒计时阶段。
宇宙冒险者,宇宙佣兵,设定展开 | 情节推进,设定,诺岚山家族舰队发现地球上的情况与布罗汇报不符——布罗失联。普拉等人开始探测地球。宇宙佣兵联盟设定进一步展开——佣兵勋章、巨斧勋章等在虚拟宇宙中被承认。诺岚山家族成员大多有佣兵身份。舰队开始对地球进行全方位扫描。,诺岚山舰队探测地球，宇宙佣兵体系补充设定。
宇宙冒险者,巨额财富,设定展开 | 爽点设置,爽点、设定,罗峰在碧岩星修炼突破！身体素质达到行星级七阶，念力达到恒星级一阶。罗峰立即去宇宙星河银行取老师呼延博留下的遗产——五星账户。传承魂印账户设定：恒星级/宇宙级/域主三个密码可取三笔遗产。罗峰输入恒星级密码，取出第一笔遗产100亿乾巫币（约合3万亿黑龙币）。,罗峰突破恒星级，取出老师遗产100亿乾巫币。
宇宙冒险者,这是……,转折高潮 | 设定展开,设定、高潮,罗峰用100亿乾巫币（约3万亿黑龙币）向黑龙山帝国申请购买地球领主权。地球领主制度设定：发现无主星球可购买，最高规格3万亿黑龙币，受帝国法律保护。罗峰正式成为地球领主，拥有地球百分百权力。诺岚山家族在法律上不能再随意征服地球。,罗峰买下地球领主权，法律层面保护地球。
宇宙冒险者,激动万分,人物心理 | 爽点设置,情感、爽点,罗峰成为地球领主后激动万分。黑龙山帝国正式承认罗峰的地球领主身份。领主权带来的法律保护和权利展开。罗峰准备回地球宣布领主身份，以法律手段阻止诺岚山家族。,地球领主身份正式生效，罗峰的法律武器就位。
宇宙冒险者,天空中的投影,转折高潮 | 爽点设置,爽点、高潮,诺岚山家族族祖诺岚山通过全球电视讲话威胁地球，普拉在地球上演讲要求地球投降。罗峰在全球直播中宣布地球领主身份，引用黑龙山帝国《宪法》第12章第61-63条——未经星球管理者允许擅闯星球可当星盗论处。诺岚山家族之前不知地球有领主不算有罪，但现在已被告知。诺岚山家族面临法律约束。,全球直播宣布领主身份的法律反击高潮。
宇宙冒险者,撤不撤？,矛盾展现 | 人物心理,冲突、情感,诺岚山家族内部就是否撤退产生分歧。现任族长御柯·诺岚山和老族长德温·诺岚山商议。德温·百卡罗（宇宙级强者）登场。家族面临两难——撤退则放弃地球宝藏，不撤则违反帝国法律。金角巨兽尸体、木伢晶、摩云藤等宝藏的诱惑太大。,诺岚山家族内部矛盾，撤退与否的抉择。
宇宙冒险者,诺岚山的命令,转折高潮 | 人物心理,情感、高潮,族祖诺岚山（宇宙级九阶巨斧武者）亲自下令：舰队主力撤退，但留下精英小队——20名恒星级九阶+60名恒星级七阶八阶，秘密搜寻金角巨兽尸体和其他宝藏。诺岚山认为金角巨兽尸体价值连城，值得冒险。精英小队由三名队长率领（陀雷武/阿尔曼/阿布罗特）。家族舰队主力开始撤离。,诺岚山下令主力撤退留精英小队，新的危机形式转变。
宇宙冒险者,抓！,转折高潮 | 矛盾展现,冲突、高潮,精英小队在地球展开行动。通过智能光脑侵入端口，定位巴西利亚基地市。精英小队抓走徐欣、罗华和五国领导人作为人质，要挟罗峰交出金角巨兽尸体和宝藏。罗峰得知家人被抓，怒意开始酝酿。罗峰紧急购买8名恒星级九阶奴隶回地球。,精英小队抓走人质，罗峰家人危机，复仇战即将爆发。
宇宙冒险者,怒意滔天,人物心理 | 转折高潮,情感、高潮,罗峰得知徐欣、罗华和五国领导人被抓走，怒意滔天。巴巴塔发现智能光脑侵入端口，定位到巴西利亚基地市为精英小队据点。罗峰带8名恒星级九阶奴隶返回地球。罗峰决定以金角巨兽本体出战，正式对诺岚山精英小队展开复仇。,罗峰愤怒到极点，金角巨兽出战前奏。
宇宙冒险者,杀戮场,设定展开 | 战斗描写,战斗、设定,杀戮场设定展开——虚拟宇宙中付费战斗训练场所，可设定任意对手参数。罗峰在杀戮场中进行战前训练。诺岚山精英小队在巴西利亚基地市严阵以待。双方战前准备。精英小队三名队长（陀雷武/阿尔曼/阿布罗特）的配置和实力展示。,杀戮场设定，战前准备与双方实力对比。
宇宙冒险者,救人,战斗描写 | 转折高潮,战斗、高潮,罗峰以金角巨兽本体（恒星级七阶）出战，前往巴西利亚基地市救人。金角巨兽庞大的身躯现身地球，诺岚山精英小队震惊。金角巨兽实力远超精英小队预期。战斗开始，罗峰同时展开救人行动。,金角巨兽本体正式在地球战场亮相，救人战开始。
宇宙冒险者,大海喋血,战斗描写 | 爽点设置,战斗、爽点,金角巨兽施展吞噬秘法——比自己弱的直接吞噬杀死。一口气吞噬杀死18名恒星级八阶+26名恒星级七阶。大海被鲜血染红。精英小队成员在金角巨兽的吞噬秘法面前毫无还手之力。诺岚山精英小队损失惨重。,吞噬秘法群攻的战斗爽点，精英小队大量被杀。
宇宙冒险者,金角巨兽的实力,战斗描写 | 爽点设置,战斗、爽点,金角巨兽施展强化秘法——战斗爆发，速度战力飙升。强化后的金角巨兽战斗力再次叠加。配合赤混铜母残片（无价之宝），秒杀三名队长（陀雷武/阿尔曼/阿布罗特）+12名诺岚卫。三名恒星级九阶队长在金角巨兽面前如同蝼蚁。,强化秘法+赤混铜母残片的终极战力展示，三名队长被秒杀。
宇宙冒险者,金角巨兽的最强绝招（第五篇终章）,战斗描写 | 转折高潮 | 设定展开,战斗、设定、高潮,金角巨兽展现最强绝招，精英小队几乎全军覆没。罗峰成功救回徐欣、罗华和五国领导人。然而，诺岚山族祖得知精英小队覆灭，震怒之下派宇宙级强者德温·百卡罗前往地球。德温·百卡罗为宇宙级强者，实力远超金角巨兽当前水平。第五篇以新的更大危机结束——宇宙级强者即将降临地球。,精英小队覆灭，人质获救，但宇宙级强者德温·百卡罗即将降临，更大危机伏笔。
界主世界,抵达沧澜星,环境铺陈 | 设定展开,设定,罗峰、洪、雷神带着铁南河、敖骨抵达沧澜星，准备参加宇宙见习佣兵考核。沧澜星环境介绍。宇宙佣兵联盟驻地就在沧澜星的一座古城中。雷霆世界是宇宙佣兵联盟认定的考核世界。,沧澜星环境铺陈，宇宙见习佣兵考核设定。
界主世界,雷霆世界,设定展开 | 环境铺陈,设定,"雷霆世界设定展开：由雷霆界主""卡布""创造，藏匿在沧澜星上的一座别墅内。考核世界只有恒星级冒险者可以进入。风雷峡谷、独角铁犀群等凶兽是宇宙佣兵联盟专门运入用于考核的。罗峰小队进入雷霆世界开始考核。",雷霆世界设定，考核世界规则。
界主世界,风雷峡谷,环境铺陈 | 设定展开,设定,罗峰小队抵达风雷峡谷，这是雷霆世界中岩石最坚硬的区域，长期经历狂风和雷霆磨砺。风角石是见习佣兵考核需要收集的物品。九皇子队伍（九名恒星级九阶+一名恒星级二阶）也在风雷峡谷附近。,风雷峡谷环境设定，九皇子队伍引入。
界主世界,风角石,设定展开 | 情节推进,设定,罗峰小队在风雷峡谷收集风角石。风角石考核任务需要收集一定数量的风角石才能通过见习佣兵考核。何若小队（北龙城组织）与罗峰小队合作。宇宙见习佣兵考核的具体规则展开。,风角石考核任务，何若与北龙城组织引入。
界主世界,独角铁犀,战斗描写 | 设定展开,战斗、设定,罗峰小队遭遇独角铁犀群攻击。独角铁犀是雷霆世界中的凶兽。九皇子队伍击杀独角铁犀群展现强大实力。罗峰小队也参与战斗，敖骨配合赤混铜母残片展现战斗力。,独角铁犀战斗，九皇子实力展示。
界主世界,合作,人物心理 | 情节推进,情感,罗峰小队与何若小队（北龙城）合作，共同在风雷峡谷收集风角石。何若介绍北龙城组织——黑龙山星域四大组织之一。四大组织：黑云会、北龙城、百虎楼、三斧山。三斧山为四大组织之首，最低门槛宇宙级。,北龙城组织设定，四大组织体系展开。
界主世界,九皇子,人物引入 | 设定展开,人物、设定,九皇子布罗林身份揭晓——黑龙山帝国九皇子，外公为黑龙山圣地界主哈格雷夫。九皇子麾下九名恒星级九阶保镖。九皇子队伍实力强大，在雷霆世界中表现抢眼。,九皇子布罗林人物引入，哈格雷夫伏笔。
界主世界,考核任务,情节推进 | 设定展开,设定,罗峰小队继续收集风角石完成考核任务。宇宙见习佣兵考核的完整流程展开。冒险者等级体系：行星级=冒险者、恒星级=见习佣兵、宇宙级=一星佣兵。罗峰小队在风雷峡谷中逐步积累风角石。,见习佣兵考核流程，冒险者等级体系。
界主世界,巴巴塔的发现,设定展开 | 转折高潮,设定、高潮,巴巴塔在探测中发现风雷峡谷附近有异常能量反应。巴巴塔的探测设备来自陨墨星号，比一般界主的设备还先进，探测范围20公里，精度极高（可探测矿物构成、人类实力、脑域阔度等）。异常能量反应预示着重大发现。,巴巴塔探测能力设定，异常发现埋下界中界伏笔。
界主世界,异常能量,设定展开 | 转折高潮,设定、高潮,巴巴塔进一步探测确认异常能量来自地底深处。罗峰小队继续完成考核任务的同时密切关注异常。洪、雷神也参与讨论。能量反应越来越明显，预示着可能发现重大宝藏。,异常能量升级，界中界发现前奏。
界主世界,风雷峡谷的尽头,环境铺陈 | 情节推进,设定,罗峰小队抵达风雷峡谷的尽头区域。雷霆世界中的环境描写——狂风、雷霆不断磨砺着岩石。九皇子队伍也在附近活动。各方冒险者小队在雷霆世界中各自行动。,风雷峡谷尽头环境，各方势力布局。
界主世界,撕裂的黑洞,转折高潮 | 设定展开,设定、高潮,"风雷峡谷山脉旁出现一个撕裂空间的黑洞。大量冒险者聚集观看。有人认出这是""界中界""的入口。界中界设定：界主创造一方世界，再在世界内建造一个世界隐匿宝物，需要大量宇宙晶为根基。罗峰小队随大批冒险者冲入界中界。",界中界入口发现，界中界设定展开，重大转折。
界主世界,界中界,设定展开 | 环境铺陈,设定,罗峰小队进入界中界。界中界内是黑夜，隐隐有丝丝光线飘下。界中界非常庞大，长宽近百万公里，数万人进来如一滴水掉进大海。何若上报北龙城组织。各大势力迅速得知界中界消息。,界中界内部环境，各势力上报消息。
界主世界,卡布界主,设定展开 | 人物心理,情感、设定,卡布界主背景展开——雷霆界主卡布，黑龙山星域千万年前很有名气的界主，人称雷霆界主。卡布界主运气极好，在界主中算非常富有，有好几件令界主们眼馋的宝物。卡布界主身死时自爆而死。各界主得知界中界消息后纷纷赶来。,卡布界主背景设定，各界主觊觎宝物。
界主世界,三斧山,设定展开 | 人物引入,人物、设定,"三斧山设定展开：四大组织之首，不培养年轻人，最低门槛宇宙级。三斧山中宇宙级=军士、域主=统领、界主=将军。三位创始人拥有最高称号""军主""，其中两位成为不朽。冥昱（域主/统领）和邵东来（域主）两位强者抵达沧澜星。将天辰（界主/将军）也关注此事。",三斧山组织体系，冥昱与将天辰人物引入。
界主世界,奇尼娅,转折高潮 | 设定展开,设定、高潮,"宇宙佣兵联盟乾巫分部特使奇尼娅拦截雷霆世界入口，禁止任何非恒星级冒险者进入。奇尼娅老师为乾巫宇宙国第三军团军主。冥昱、邵东来等域主被阻拦。安蒙兹（火焰界主）也被阻拦。奇尼娅以联盟法规为依据：""考核世界，非恒星级冒险者不能进，想死就进去！""",奇尼娅拦截强者，考核世界法规设定，奇尼娅背景。
界主世界,界主会议,设定展开 | 矛盾展现,冲突、设定,将天辰召集黑龙山星域界主会议。12位界主代表四组织、两圣地、十六大家族在虚拟宇宙中开会。商定派遣大批恒星级九阶冒险者以参加考核为由进入雷霆世界。名额分配：十六家族每家最多1万人，四组织每方最多20万人，两圣地每方最多50万人。共约200万恒星级九阶大军。,界主会议设定，200万大军派遣计划。
界主世界,200万大军,环境铺陈 | 矛盾展现,冲突、设定,近200万恒星级九阶冒险者大军进入雷霆世界。各大组织、势力派遣的精英军队浩浩荡荡。诺岚山家族也派出200名恒星级九阶。冥昱联系罗峰——告知200万大军即将到来，以及沧澜星上大量强者聚集，非组织势力的人出去后会被抓捕。罗峰答应给冥昱宝物，冥昱提供保护。,200万大军进入，冥昱与罗峰合作关系确立。
界主世界,勤劳的罗峰,爽点设置 | 设定展开,爽点、设定,罗峰小队在界中界周边地带地毯式搜索宇宙晶。巴巴塔探测地底3200米深处的宇宙晶。摩云藤配合赤混铜母残片钻地挖掘。第一天前10小时找到六处共15000方宇宙晶。宇宙晶是宇宙硬通货，一方宇宙晶=1000宇宙币，一宇宙币≈3300乾巫币。罗峰实际挖到9000方（巴巴塔私藏6000方，只告诉罗峰3000方）。,宇宙晶挖掘爽点，宇宙晶兑换体系设定。
界主世界,挖掘宇宙晶,爽点设置 | 设定展开,爽点、设定,罗峰小队持续挖掘宇宙晶三天，共获得31000方宇宙晶（罗峰被告知的数字）。罗峰缺钱——金角巨兽一旦突破宇宙级，消耗金钱惊人。老师第一笔遗产100亿乾巫币已不足50亿。宇宙级金属组合比恒星级昂贵得多。巴巴塔的探测优势令罗峰小队挖掘效率远超其他队伍。,宇宙晶持续挖掘，罗峰资金需求设定。
界主世界,风暴,转折高潮 | 设定展开,设定、高潮,界中界入口的黑洞引发冒险者疯狂涌入。九皇子分析界中界宝藏价值——令界主都眼红的宝物，消息会被四大组织知道，域主乃至界主都会赶来。恒星级冒险者根本得不到真正宝物。火焰界主安蒙兹从死寂星球赶来。界中界消息震动整个黑龙山帝国。,界中界消息扩散，各界主赶来，局势升级。
界主世界,勤劳的罗峰（续）,爽点设置 | 设定展开,爽点、设定,罗峰小队在界中界第八天，共挖96000方宇宙晶（价值约3000亿乾巫币）。罗峰连接虚拟宇宙网络，发现冥昱的通讯申请。徐欣在虚拟宇宙网络中等罗峰。罗华在虚拟宇宙中玩宇宙金融投资市场——5亿乾巫币本金翻到近百亿。,宇宙晶巨额收获，罗华金融投资天赋展开。
界主世界,想死，就进去！,转折高潮 | 矛盾展现,冲突、高潮,沧澜星上强者越来越多，域主达六位、宇宙级21位，但无人能进入雷霆世界。奇尼娅以宇宙佣兵联盟法规阻拦所有人。巴思哈（黑龙山圣地界主）也被阻拦。将天辰（三斧山界主）抵达，确认奇尼娅老师为乾巫宇宙国第三军团军主。将天辰安排界主会议商讨对策。,奇尼娅继续阻拦，三大界主齐聚，将天辰安排会议。
界主世界,大收获,爽点设置 | 设定展开,爽点、设定,罗峰小队三天共获31000方宇宙晶。界中界长宽近百万公里，地底深度超过20公里，全面扫荡需数千年。将天辰安排以恒星级九阶冒险者身份进入。冥昱联系罗峰——告知各大组织联手，非组织势力的人出去会被抓捕，请罗峰将令他心动的宝物给他，他提供保护旗号。,宇宙晶持续收获，冥昱保护交易确立。
界主世界,界主会议（续）,设定展开 | 矛盾展现,冲突、设定,虚拟宇宙中12位界主代表开会。将天辰代表三斧山，冰海神国、黑龙山等各有代表。商定各方派遣恒星级九阶进入。名额：十六家族每家1万、四组织每方20万、两圣地每方50万。奇尼娅的阻拦令恒星级冒险者有了触摸界中界宝藏的机会。,界主会议名额分配，200万大军正式确定。
界主世界,核心地带,转折高潮 | 人物心理,情感、高潮,罗峰得知200万恒星级九阶大军即将到来。冥昱告知沧澜星上有过百域主、近十位界主。罗峰答应给冥昱宝物换取保护。罗峰小队决定前往界中界核心地带——九成九宇宙晶都在核心地带。巴巴塔安慰罗峰——冥昱在沧澜星这种强者聚集地不会动手杀人夺宝。,200万大军威胁，罗峰前往核心地带决策。
界主世界,黑吃黑,战斗描写 | 爽点设置,战斗、爽点,罗峰小队从周边地带朝核心地带飞行，七天遭遇二十一次劫杀。越靠近核心地带劫杀越多。第七天遭六群300人围攻，逃入森林脱险。后遇到15人小队劫杀，罗峰反杀——敖骨配合赤混铜母残片秒杀13名恒星级九阶。获得近8000方宇宙晶。,黑吃黑反杀爽点，赤混铜母残片战斗力展示。
界主世界,拉拢,矛盾展现 | 设定展开,冲突、设定,罗峰小队抵达核心地带。五大阵营（北龙城、百虎楼、黑云会、黑龙山、冰海神国）拉拢自由冒险者。三斧山不拉拢（不培养年轻人）。罗峰联系何若确认宝藏位置已九成把握确定。各方以组织名誉保证不掠夺宇宙晶，换取自由冒险者帮助夺宝。,五大阵营拉拢，宝藏位置确定。
界主世界,弟弟罗华,人物心理 | 设定展开,情感、设定,罗华在虚拟宇宙中玩宇宙金融投资市场——5亿乾巫币翻到近百亿后亏损20亿。宇宙金融市场设定：跨宇宙国投资最低门槛1亿乾巫币，变化比地球快百倍千倍。罗峰给罗华40亿乾巫币继续投资。罗峰决定30%收入交罗华投资。罗峰三人联系何若加入北龙城阵营。,罗华金融天赋展开，宇宙金融市场设定，加入北龙城阵营。
界主世界,开启宝藏,转折高潮 | 爽点设置,爽点、高潮,罗峰小队加入北龙城阵营（约2100人）。核心地带中央有深蓝色城堡。九皇子布罗林带600多人出现，以九把C2级镭射枪（一枪可杀宇宙级二阶）震慑四方。九皇子保镖推城堡大门，被雷电贯穿化为灰烬。城堡变成雷电城堡。,九皇子C2镭射枪震慑，城堡雷电机关，宝藏开启高潮。
界主世界,312件宝物,设定展开 | 转折高潮,设定、高潮,"城堡雷电消失，白胡子老头（智能生命""雾大人""）出现。公布卡布界主宝藏：68种312件宝物。排名：NO.1全套空间秘法传承水晶球三重账号（3000万雷霆石）、NO.2主人存款银行账号（800万雷霆石）、NO.3域主级血统药剂（300万雷霆石）、NO.9生命果实三颗（每颗80万雷霆石）等。最差的都是五阶原力兵器。",312件宝物列表公开，雷霆石兑换机制确立。
界主世界,为宝而狂,爽点设置 | 设定展开,爽点、设定,白胡子老头公布雷霆石兑换机制——用界中界特有的雷霆石兑换宝物。雷霆石分布图公开（26块区域）。雷霆石能量很低，能量测试仪难以检测。各方迅速分队前往挖掘。罗峰小队逃离大队伍单独行动。巴巴塔之前发现两个雷霆石区域。,雷霆石兑换机制，罗峰小队独立行动。
界主世界,紧张时刻,爽点设置 | 人物心理,情感、爽点,罗峰小队抵达第一处雷霆石区域。巴巴塔探测20公里范围内有128926颗雷霆石。摩云藤钻地抓取雷霆石，两小时全部搞定。周围探索又发现近16万颗。第一处区域共获396201颗雷霆石。一颗五阶原力兵器天火轮仅需10万颗。,雷霆石大量挖掘爽点，摩云藤挖掘效率。
界主世界,兑换什么宝贝？,设定展开 | 人物心理,情感、设定,罗峰小队挖掘第二处雷霆石区域（山林地带），获38万颗。总共1125638颗雷霆石。巴巴塔建议不要兑换D6轨道炮（机械族飞船有更好的）和星辰之心（金角巨兽进化无瓶颈），而应兑换生命果实——让摩云藤进化。摩云藤细胞活性比域主强、体积庞大，是吸收生命果实的最佳载体。,兑换策略定计，生命果实进化摩云藤计划。
界主世界,堡内兑换,爽点设置 | 设定展开,爽点、设定,200万大军抵达，各雷霆石区域被占领。罗峰小队16天挖掘后回核心地带。联军20万人封锁城堡。冥昱将罗峰五人信息传入指挥部名单。联军内部私下买卖雷霆石（10-300方宇宙晶一颗）。罗峰进入城堡兑换。,联军封锁城堡，罗峰进入兑换宝物。
界主世界,生命果实,爽点设置 | 设定展开,爽点、设定,"罗峰在城堡古屋中向白胡子老头""雾大人""兑换：五阶原力兵器冰魂刃（13万雷霆石）、五阶念力兵器镇空鼎（18万雷霆石）、一颗生命果实（80万雷霆石），共111万颗雷霆石。生命果实——界主的第二条性命，蕴含无比精纯的生命力。五阶兵器上的本源秘纹接近宇宙本源法则。",生命果实与五阶兵器兑换成功，宝物到手。
界主世界,杀死他们,转折高潮 | 矛盾展现,冲突、高潮,九皇子布罗林在罗峰之前进入城堡兑换传承水晶球第一重密码和生命果实。布罗林发现罗峰真的兑换了宝物，命令保镖卡图洛盯紧罗峰五人，一旦离开联军范围就击杀。布罗林控制22万大军，分成七个大队。,九皇子发现罗峰兑换宝物，追杀令下达。
界主世界,突起波澜,战斗描写 | 转折高潮,战斗、高潮,罗峰五人夜里离开联军，被九皇子1000人追杀。数百道念力兵器如箭雨射来。铁南河断后挡在最前面被射成筛子当场死亡。敖骨断后重伤（胸腔以下化为烂泥）。罗峰紧急召出C9级宇宙飞船（直径100米）挡住攻击。五人逃入飞船逃走。暴露了拥有巨大空间储存器物（可存放百米飞船）。,铁南河战死，敖骨重伤，C9飞船救命，危机高潮。
界主世界,丧家之犬,人物心理 | 设定展开,情感、设定,罗峰愤怒但强压怒火。金角巨兽本性影响——嗜杀毒瘾。洪、雷神劝罗峰冷静。罗峰确认追杀者是九皇子布罗林的人。巴巴塔警告——巨大空间储物器物暴露，域主也没几个有，布罗林会重视罗峰。罗峰决定等摩云藤进化后再报仇。,罗峰愤怒与克制，金角巨兽嗜杀本性，巨大空间储物器物珍贵性。
界主世界,宇宙级,转折高潮 | 设定展开,设定、高潮,罗峰在界中界边缘山脉中让摩云藤进化。摩云藤展开最大体型——36条主藤曼各长30公里。罗峰将生命果实抛给摩云藤。摩云藤剧烈进化——72条主藤曼各达210公里→300公里。两三个小时后进化完成，摩云藤从恒星级四阶进化到宇宙级二阶。72根藤曼每根相当于宇宙级二阶人类武者，联手可战宇宙级四阶。同时，猿人查克托（三斧山将天辰麾下）突破宇宙级。,摩云藤进化成功，宇宙级二阶实力质变。
界主世界,摩云威力,战斗描写 | 爽点设置,战斗、爽点,摩云藤进化后测试实力——宇宙级二阶。罗峰召出宇宙飞船（探测范围10万公里）探测界中界。发现32169名人类分四支队伍。摩云藤潜入地底狩猎——藤曼破土而出缠绕光头鱼鳞壮汉双脚拽入地底，杀死后取走空间戒指。摩云藤配合巴巴塔精准狩猎。,摩云藤进化后首次狩猎，地底偷袭战术。
界主世界,一个半月的杀戮,战斗描写 | 爽点设置,战斗、爽点,摩云藤持续狩猎各队伍队长和大队长。一个半月的杀戮战争——200万大军从180万战斗人员杀到不足40万（加20万联军共约60万幸存）。三支队伍联手进攻布罗林第四大队（3万人只剩不足1万）。罗峰靠摩云藤偷袭杀死6个大队长，获得大量雷霆石和宝物。后期各大队警觉，狩猎效率大降。,一个半月杀戮战争，摩云藤偷袭掠夺，布罗林第四大队覆灭。
界主世界,刀光剑影,人物心理 | 矛盾展现,冲突、情感,战争结束，罗峰小队带着908万雷霆石和9件宝物回联军驻地。归途危险——各方残存队伍会攻击小队。罗峰用宇宙飞船飞到平原地带附近，再步行小心绕过驻扎队伍。三小时紧张飞行终于抵达联军驻地。九皇子探子发现罗峰四人。,归途紧张潜行，九皇子探子发现罗峰。
界主世界,最后一次兑换,爽点设置 | 设定展开,爽点、设定,罗峰第二次进入城堡兑换。生命果实、星辰之心、D6轨道炮全部兑完。剩余63件宝物。罗峰兑换雷电秘法五套等多件宝物，共902万雷霆石。白胡子老头惊讶罗峰持有超1000万雷霆石。巴巴塔建议兑换性价比高的宝物，出去后卖掉换钱再买需要的。,第二次兑换902万雷霆石宝物，兑换策略。
界主世界,归途,爽点设置 | 情节推进,爽点,罗峰卖掉剩余6万雷霆石获约500万方宇宙晶。总共680万方宇宙晶（68亿宇宙币）+大量宝物。白胡子老头宣布312件宝物全部兑换完毕，城堡关闭。三斧山阵营大军（近8万人+两名宇宙级）开拔离开界中界。九皇子布罗林仍在联军驻地犹豫是否动手。,雷霆石卖完，宝物兑换结束，三斧山大军出发。
界主世界,一枪爆头,战斗描写 | 转折高潮,战斗、高潮,将天辰与哈格雷夫在沧澜星谈判——将天辰以九个条件换传承水晶球最后一重密码。哈格雷夫最终同意。布罗林率2000精锐乘飞船追击三斧山大军。三尊D6级轨道炮轰击+12把C2镭射枪同时射击12个重要目标。两名宇宙级一阶当场被杀，罗峰靠摩云藤硬挡住C2镭射光幸存。12支精锐队伍趁乱夺取7个智能光脑和8件空间储物器物。,九皇子偷袭三斧山大军，罗峰靠摩云藤幸存，宇宙级被杀。
界主世界,回到沧澜星,转折高潮 | 矛盾展现,冲突、高潮,三斧山大军伤亡数千但迅速稳定。布罗林检查夺得的智能光脑，未找到传承水晶球密码记录（将天辰早已毁掉智能光脑并杀人灭口）。将天辰与哈格雷夫完成交易——哈格雷夫同意九个条件，将天辰给最后一重密码。将天辰透露：得到密码的智能光脑已毁，士兵已杀。三斧山大军经雷霆世界回到沧澜星。诺岚山在沧澜星管理秩序。,将天辰的计谋，哈格雷夫被骗，诺岚山在沧澜星。
界主世界,见冥昱,转折高潮 | 爽点设置,爽点、高潮,"诺岚山发现罗峰，想以宇宙级身份杀恒星级罗峰。罗峰大肆原力传音""诺岚山擅闯三斧山大军""，三斧山五名宇宙级拦住诺岚山。诺岚山被迫离去。罗峰四人与冥昱域主会面。罗峰献给冥昱五阶原力兵器""斩空刀""（排名29，比天火轮贵数十倍）。冥昱大喜。",罗峰靠三斧山大军挡住诺岚山，献斩空刀给冥昱。
界主世界,界主现身,转折高潮 | 设定展开,设定、高潮,冥昱给罗峰200亿宇宙币（100亿宇宙币自动升级为宇宙星河银行二星级账户）+100颗生命星球领地。三斧山一位界主将军现身，看中斩空刀，以更高价买走并欠冥昱一个人情。界主一刀劈出两三公里空间裂缝。冥昱答应杀诺岚山，但查探发现诺岚山已离开沧澜星。,冥昱回报200亿宇宙币+100星球，界主现身展示空间裂缝，诺岚山逃脱。
界主世界,传承水晶球（第六篇终章）,转折高潮 | 设定展开,设定、高潮,"罗峰四人完成见习佣兵考核，获得宇宙见习佣兵资格。分配收获——罗峰给洪、雷神各40亿宇宙币。雷神参悟五套雷霆秘法时，发现第五套芯片蕴含智能生命""雾大人""——雷神成为卡布界主弟子。哈格雷夫去宇宙第一银行取传承水晶球，发现三重密码兑换的竟是一段录音——卡布界主死前耍了所有人，传承水晶球根本不在银行。哈格雷夫暴怒。界中界被宇宙佣兵联盟界主改造为秘密训练地点。",雷神获卡布界主传承，传承水晶球真相——卡布的恶作剧，界中界被改造。
宇宙中崛起,处理宝物,设定展开 | 爽点设置,爽点、设定,"罗峰在回程飞船上处理界中界获得的48件宝物。通过宇宙星河银行五星级客户身份的""物品托卖服务""，将48件宝物在各大宇宙国拍卖区出售，仅需千分之一手续费。罗峰给弟弟罗华40亿宇宙币。黑龙山星域因界中界宝物流出而疯狂，恒星级冒险者出手天价宝物被宇宙级强者强夺致家族被灭。",五星级客户托卖服务，48件宝物处理，黑龙山星域宝物乱象。
宇宙中崛起,财富飙升,爽点设置 | 设定展开,爽点、设定,48件宝物卖出112300亿宇宙币（约11混元单位），罗峰账户自动升级为三星级客户（门槛10万亿宇宙币）。三星级客户相当于界主强者资产水准，相当于几十个星系领地。宇宙货币体系展开：宇宙晶（宇宙币，界主凝练）、不朽晶（不朽币，战略储备）、混元单位（1混元=1万亿宇宙币）。,11万亿宇宙币到账，三星级客户升级，宇宙货币体系设定。
宇宙中崛起,履历,设定展开 | 人物心理,情感、设定,罗峰收到七封邮件：前五封来自宇宙星河银行（投资服务、星球管理服务、金融服务等），第六封来自虚拟宇宙公司（乾巫拍卖会邀请），第七封来自巨斧斗武场（青铜VIP会员）。乾巫拍卖会设定：每三年一次，最低门槛三星级客户，下一届两年后。拍卖会分初等/中等/高等三级。,乾巫拍卖会资格获取，巨斧斗武场VIP会员，银行服务体系设定。
宇宙中崛起,斗武场中,设定展开 | 环境铺陈,设定,罗峰三人在巨斧斗武场观看宇宙级六阶生死战——盖奇（武者，领域五重，619胜）vs哈克斯（精神念师掌控者，领域四重，821胜）。盖奇为家乡鲁修星球自由卖身巨斧斗武场，哈克斯为奴隶商奴仆。三人各押注1亿宇宙币。巨斧斗武场在虚拟宇宙中开辟位面空间，有漂浮岛屿斗武场。,盖奇vs哈克斯生死战背景，巨斧斗武场结构设定，三兄弟押注。
宇宙中崛起,梦中的草原,情感展现 | 转折高潮 | 人物心理,情感、高潮,"盖奇刀法充满生机，盾法无懈可击，压制哈克斯。但哈克斯在生死时刻领悟水之本源法则翻盘，银色细针刺穿盖奇头颅。盖奇死前梦到家乡鲁修星球的大草原和女儿。哈克斯杀死盖奇后说""对不起，我只是想回家""，他还有178场才能恢复自由。罗峰、洪、雷神三人沉默，深刻感受宇宙的残酷。",盖奇之死的情感冲击，哈克斯的悲情，三兄弟感受到宇宙残酷的压力。
宇宙中崛起,回家，地球,情感展现 | 环境铺陈,情感、设定,洪开导雷神和罗峰——宇宙浩瀚，有光明有黑暗，现在能做的就是保护地球族群。飞船经宇宙穿梭回到地球太阳系（地球坐标被陨墨星主人用空间秘法掩盖）。2063年11月16日深夜回到扬州城西湖别院。罗峰与家人团聚，罗海罗平兴奋迎接。,洪的心境感悟，地球坐标隐藏设定，家人团聚。
宇宙中崛起,跨入宇宙级,设定展开 | 悟道,修炼、设定、爽点,金角巨兽在两年前（2061年12月）突破到宇宙级。罗峰感悟金之本源法则。金角巨兽宇宙级进化速度：一阶到三阶需约15年，四阶到六阶每次20年共60年，七阶到九阶每次120年共360年，突破域主需超500年。罗峰用金属最佳组合（效率56倍），20个月相当于正常进化93年，金角巨兽达到宇宙级六阶。,金角巨兽突破宇宙级，宇宙级进化速度设定，金之本源法则感悟。
宇宙中崛起,领域、法则,设定展开 | 悟道,修炼、设定、爽点,罗峰领悟领域与法则体系。本源法则感悟是界主时期最容易感悟的，但在恒星级时期就能感悟本源法则的天才极其罕见。罗峰跨入金之本源法则门槛。领域九重为最高。法则感悟与领域的关系展开。,领域与法则感悟体系，罗峰跨入金之本源法则门槛。
宇宙中崛起,罗峰和百卡罗,转折高潮 | 矛盾展现,冲突、高潮,诺岚山族祖派第二代族长德温·诺岚山（宇宙级六阶）和最优秀弟子百卡罗（宇宙级八阶）乘坐D3级飞船前往地球，意图夺取机械族飞船并击杀罗峰。诺岚山在虚拟宇宙中等待消息。罗峰飞船探测到敌舰，准备迎击。,诺岚山派德温和百卡罗前往地球，太空战序幕。
宇宙中崛起,主人,战斗描写 | 爽点设置 | 转折高潮,战斗、爽点、高潮,罗峰用D5级轨道炮（花费2600亿宇宙币从奇物斋购买）一炮击毁D3级飞船。狄梵（宇宙级九阶）秒杀德温。百卡罗露出刀锋族真身（全身青色鳞片，额头弯刀尖角），与狄梵激战。狄梵施展魂刀斩被百卡罗惊人意志挡住，最终用赤混铜母残片断百卡罗双手。罗峰以金角巨兽本体（宇宙级六阶+强化+本尊天地第一层初步）碾压百卡罗，施展奴役魂印收服百卡罗为灵魂奴仆。,D5轨道炮击毁敌舰，金角巨兽本体碾压百卡罗，奴役魂印收服刀锋族天才。
宇宙中崛起,太空激战,战斗描写 | 设定展开,战斗、设定,详细描写D5级轨道炮攻击过程——光速冲击波瞬间击穿D3级飞船。D5级轨道炮属于限制级武器（C级以上科技武器），价格媲美五阶念力兵器。《本尊天地》修炼代价展开——需要大量珍贵材料，许多金角巨兽到死仅修炼第一层。罗峰为修炼《本尊天地》在奇物斋消费巨额，才获得购买D5轨道炮的渠道。,D5轨道炮攻击细节，《本尊天地》修炼代价设定，奇物斋商业关系。
宇宙中崛起,刀锋族,设定展开 | 人物引入,人物、设定,刀锋族设定展开——土著星球出身，成年即行星级，崇尚强者，族人追求强者之路。刀锋族历史上有不朽存在和界主。百卡罗身份揭晓：刀锋族铁石山一脉，拜入诺岚山门下成为最优秀弟子，宇宙级八阶武者+宇宙级八阶精神念师，自创刀法。巴巴塔建议罗峰收服百卡罗——意志惊人，有巨斧武者称号水准，踏入域主50%概率。,刀锋族种族设定，百卡罗完整背景，收服百卡罗的战略价值。
宇宙中崛起,罗峰的强大,战斗描写 | 爽点设置 | 设定展开,战斗、爽点、设定,"罗峰以金角巨兽本体击败百卡罗。金角巨兽施展强化天赋（实力两倍）+《本尊天地》第一层初步（缩小两倍、实力两倍），总实力四倍叠加。百卡罗完全无法抵挡。金角巨兽宇宙级六阶，进化效率56倍。百卡罗心服口服称""主人""。罗峰施展奴役魂印——水滴状液体从左眼飞出融入百卡罗识海。",金角巨兽强化+本尊天地叠加战力展示，奴役魂印施展过程，百卡罗臣服。
宇宙中崛起,机械族飞船,设定展开 | 爽点设置,爽点、设定,罗峰带狄梵百卡罗前往百慕大海域获取机械族飞船。银白色金字塔高1200米悬浮海底。百卡罗插入智能芯片控制飞船。机械族飞船设定：E级巅峰合金（自我修复），能量护罩E9级（不朽以下无法破开），三尊歼星炮（一炮毁星）、九尊E3级镭射炮。机械族不朽乘坐的飞船比很多人类不朽的飞船更先进。,机械族飞船E级巅峰设定，歼星炮战略武器，机械族科技体系。
宇宙中崛起,懵了,设定展开 | 爽点设置,爽点、设定,机械族飞船价值估算展开。F级飞船只能用纯金属制造（最先进合金仅E9级），F级纯金属极稀少（一个矿脉仅巴掌大），不朽大多数用E级巅峰飞船。普通界主E级飞船约1万亿宇宙币（1混元），不朽E级巅峰约数百混元，这艘机械族飞船价值一两千混元单位。整个界中界宝藏才200混元，机械族飞船价值远超界中界全部宝藏。,飞船分级与价格体系，F级纯金属稀缺设定，机械族飞船价值对比。
宇宙中崛起,拍卖会，来了,设定展开 | 环境铺陈,设定,乾巫拍卖会设定进一步展开。初等拍卖会（三星级客户参加，一般界主）、中等拍卖会（四星级客户，一般不朽）、高等拍卖会（五星级客户，超级巨头）。罗峰参加初等乾巫拍卖会。拍卖会每三年一次，在虚拟宇宙乾巫大陆上方浮空岛举行。,三级拍卖会体系，乾巫拍卖会环境铺陈。
宇宙中崛起,乾巫宇宙国,环境铺陈 | 设定展开,设定,乾巫拍卖会开始，上百万名界主参加，还有不朽存在。乾巫宇宙国有一万三千多星域，近千个属国，上百万名界主，宇宙级超过十亿。拍卖会在虚拟宇宙乾巫大陆上方浮空岛的巨大拍卖厅举行，百万座位。,乾巫宇宙国规模设定，拍卖会规模与参会者层次。
宇宙中崛起,窒息,环境铺陈 | 人物心理,情感、设定,罗峰感受到百万界主的压迫感。在虚拟宇宙中身体仅学徒四阶，但界主眼神中蕴含的强大意志令宇宙级服务者都心颤。罗峰凭借自身意志和金角巨兽宇宙级六阶的实力不受影响。拍卖会开始，各种珍贵宝物展示。,百万界主的威压，罗峰的心理素质，拍卖会氛围。
宇宙中崛起,衍神兵,设定展开 | 爽点设置,爽点、设定,罗峰购买衍神兵——精神念师掌控者一脉九大神兵之一。衍神兵为暗金色长棍，九重浑天衍：第一重幻剑式、第二重刺天式、第三重天剑式、第四重大巧不工、第五重空间切割、第六重自成世界、第七重一棍轰天地、第八重金剑斩虚空、第九重不朽亦可敌。第九重连界主巅峰都难练成，整个人类族群没几个练成。,衍神兵九重浑天衍完整设定，九重名称与威力递进。
宇宙中崛起,拍卖尾声,设定展开 | 情节推进,设定,拍卖会其他宝物展示。澜可果实（给摩云藤服用，药性温和，100颗相当于生命果实效果）。罗峰购买100颗澜可果实、衍神兵等物品。拍卖会压轴物品开始拍卖。,澜可果实设定，罗峰拍卖会采购清单。
宇宙中崛起,第二分身,转折高潮 | 设定展开,设定、高潮,压轴物品拍卖——克拉斯古树黄金叶（8990混元成交）和魔杀族族人残缺皮肤。魔杀族设定：能量类生命巅峰种族，最强暗杀者族群，空间本源法则宠儿，皮肤蕴含空间本源秘纹。魔杀族皮肤极珍贵（完整版令界主倾家荡产也买不起），残缺版修炼价值降低但罗峰正需要——用于孕育金角巨兽第二分身，主修空间本源法则。,克拉斯古树黄金叶拍卖，魔杀族种族设定，第二分身选择确定。
宇宙中崛起,初始宇宙,设定展开 | 转折高潮,设定、高潮,魔杀族残缺皮肤以3.9万亿宇宙币（3.9混元）被罗峰购得。最后压轴物品——初始宇宙参悟名额（界主级），37500混元单位成交。初始宇宙设定：处于宇宙进化初期状态，天灾不断，更容易感悟本源法则。界主巅峰进入初始宇宙，达到不朽概率超过二分之一。五大巨头把持名额。陨墨星主人当年倾尽财力也没买到。,魔杀族皮肤3.9混元购得，初始宇宙设定，参悟名额天价拍卖。
宇宙中崛起,寒冬腊月,情节推进 | 情感展现,情感,拍卖会结束后，罗峰在白兰星接收全部物品：100颗澜可果实、衍神兵、魔杀族残缺皮肤。罗峰回地球准备过年。魔杀族皮肤原主人为宇宙级二阶魔杀族人，罗峰金角巨兽宇宙级六阶可以孕育。孕育第二分身开始，预计需3年9个月。,拍卖物品到手，第二分身孕育开始，时间预估3年9个月。
宇宙中崛起,始动,设定展开 | 悟道,修炼、设定、爽点,"罗峰给洪100颗澜可果实（摩云藤服用可达到宇宙级三阶四阶）。洪的摩云藤先天比罗峰的差，生命果实也只让罗峰摩云藤达到宇宙级二阶。雷神被卡布界主智能生命""雾大人""训练。罗峰开始孕养衍神兵——需种下精神印记。衍神兵第一重""幻剑式""开始修炼。九皇子布罗林开始调查罗峰资料。",澜可果实给洪，衍神兵孕养与修炼，布罗林调查罗峰。
宇宙中崛起,圣地黑龙山,设定展开 | 矛盾展现,冲突、设定,布罗林请外公哈格雷夫（圣地黑龙山界主排名前三）调查罗峰。哈格雷夫通过圣地情报系统查出：罗峰是冥昱麾下，获赐100颗星球领地，斩空刀已献给三斧山。地球有三斧山宇宙级九阶驻守。哈格雷夫放弃行动——一不知罗峰是否在地球，二路途遥远，三三斧山势力范围。哈格雷夫透露圣地正在培训弟子——巅峰天才战即将开始。,哈格雷夫调查罗峰结果，圣地黑龙山设定，巅峰天才战伏笔。
宇宙中崛起,悬空榜文,转折高潮 | 设定展开,设定、高潮,"2066年3月9日，虚拟宇宙所有大陆和岛屿上空出现巨大黑色榜文——""宇宙人类巅峰天才战，万年一度，即将举行""。由虚拟宇宙公司携所有宇宙国共同举办。面向所有宇宙国恒星级人类。巅峰天才战和巅峰强者战两大盛事交替举行（虚拟宇宙公司和巨斧斗武场各办一次）。整个宇宙人类一夜传遍。",巅峰天才战正式宣布，万年一度设定，两大盛事交替规则。
宇宙中崛起,大风，起,设定展开 | 环境铺陈,设定,巅峰天才战报名开始。整个宇宙人类1008个宇宙国，亿万星系恒星级人类参加。黑龙山帝国在乾巫宇宙国中只是属国，上届天才战乾巫宇宙国前1万名中没有黑龙山星域的人。哈格雷夫感慨黑龙山帝国的耻辱。各大宇宙国、神国、组织都在认真培训弟子。,巅峰天才战规模设定，黑龙山帝国历史耻辱，各势力备战。
宇宙中崛起,无尽的天才们,环境铺陈 | 设定展开,设定,巅峰天才战预选赛开始。8千多亿人参加。预选在世界区中进行，模拟各种地形环境。洪、雷神也参加。乾巫宇宙国皇族派遣一亿多人参加，国主要求占十万名额过半。预选规则：每个世界区前1000名通过预选。,预选赛规则与规模，世界区设定，乾巫皇族目标。
宇宙中崛起,第一世界区,环境铺陈 | 设定展开,设定,罗峰被分配到第一世界区，模拟一颗星球地表大陆，91个城市，每城市近一亿参战者。罗峰前九天未出手观察。洪在第72世界区（星球大厦），雷神在第88世界区（山脉森林）。,第一世界区环境设定，三兄弟世界区分配。
宇宙中崛起,出手,战斗描写 | 爽点设置,战斗、爽点,"预选第10天，罗峰开始出手杀戮。凭借遁天梭（剑鱼阵第一形态）和金之本源法则感悟，碾压同级别天才。积分从零飞速上升。罗峰展现出在金角巨兽夺舍影响下的嗜杀冷静特质——暴虐却冰冷，""疯子""风格初现。",罗峰预选赛出手，遁天梭剑鱼阵战力，疯子风格初现。
宇宙中崛起,"疯子""罗峰""",战斗描写 | 爽点设置 | 人物心理,情感、战斗、爽点,"罗峰在东城区疯狂杀戮，两天杀数百名高手，被称为""疯子""。积分冲到第997名（863829积分），黑龙山帝国首次有人冲进前1000。布罗林看到名字但以为是重名。高升也看到但联系不上罗峰。诺岚山看到名字皱眉。黑龙山帝国皇帝大喜，帝国亿万公民关注罗峰。",疯子之名传开，排名冲进前1000，各方势力关注罗峰。
宇宙中崛起,疯子和魔锤,战斗描写 | 人物引入,人物、战斗,"罗峰遇到暗伽罗族天才""魔锤""——四臂独眼，手持四个黑锤，领域八重（土属性），东城区原第一强者。暗伽罗族设定：成年即宇宙级，大地宠儿，九成感悟土属性。两人约定决战。同时""风轮""（绿发青年，城市公认前二）在远处观察。",魔锤（暗伽罗族）人物引入，暗伽罗族设定，风轮伏笔。
宇宙中崛起,街头血战,战斗描写 | 爽点设置,战斗、爽点,罗峰vs魔锤街头血战。罗峰先用遁天梭金色鱼儿（剑鱼阵）攻击，魔锤四锤连环完美防御。罗峰展开金之领域——金色气流令金色鱼儿如鱼得水灵活飙升。激战106次攻击后，金色鱼儿断魔锤一臂，最终贯穿头颅击杀。魔锤领域八重比洪还强。风轮出现约定最后一天决战。,金之领域展开，魔锤击杀，风轮约战。
宇宙中崛起,排名,人物心理 | 矛盾展现,冲突、情感,"罗峰排名冲到第128名（积分12988292）。雷神在第88世界区被""野人""一招击败淘汰。洪在第72世界区冲击前1000（排名1016）。黑龙山帝国有两人冲进前1000（罗峰128名、纳比尼862名）。帝国公民激动，高升、诺岚山持续关注。",雷神被野人淘汰，洪冲击前1000，黑龙山帝国两人入围。
宇宙中崛起,罗峰和风轮,战斗描写 | 转折高潮,战斗、高潮,预选最后一天，罗峰（排名102）vs风轮（排名42）。风轮为精神念师，脚踏青色圆轮念力兵器，以速度凶猛著称。风轮积分来自跨城市猎杀强者。两人在别墅区约战。金之领域vs风轮领域对决。战斗被旁观者围观的情节展开——罗峰提议先杀围观者。,罗峰vs风轮对决，风轮实力（排名42），战斗策略。
宇宙中崛起,衍神兵,设定展开 | 悟道,修炼、设定、爽点,"衍神兵第一重""幻剑式""修炼展开。金色幻剑（由金色小剑组合）的使用方法。罗峰在预选赛中开始使用衍神兵替代遁天梭。衍神兵与金之本源法则的结合。幻剑式——五柄金色幻剑同时操控。",衍神兵幻剑式修炼，金色幻剑操控方法。
宇宙中崛起,特使,人物引入 | 设定展开,人物、设定,巅峰天才战特使出现——九剑尊者（青色战袍紫鳞男子），虚拟宇宙公司派出的不朽存在。1008名不朽随行。特使负责监督天才战进行。乾巫宇宙国方面的鳞甲战袍巨人也出现。,九剑尊者和不朽特使团设定，天才战监督体系。
宇宙中崛起,帝国的期待,人物心理 | 矛盾展现,冲突、情感,黑龙山帝国对罗峰的期待。帝国皇帝和权贵阶层关注罗峰表现。罗峰和纳比尼代表黑龙山帝国荣誉。乾巫宇宙国各星域之间的攀比——出天才多代表星域强。布罗林等人关注罗峰是否就是界中界那个罗峰。,帝国荣誉与期待，星域间攀比文化。
宇宙中崛起,淘汰,转折高潮 | 战斗描写,战斗、高潮,预选赛淘汰阶段。8千多亿人淘汰为10万名。罗峰通过预选。洪也通过预选。淘汰规则和残酷性展开。通过预选的10万人进入下一轮淘汰赛。,预选赛结束，10万人通过，淘汰规则。
宇宙中崛起,光线,设定展开 | 悟道,修炼、设定、爽点,光线本源法则相关设定。部分天才感悟不同本源法则：罗峰金+空间，戎钧土+空间，伯兰风+空间，逸释风+木，艾辰光线+时间。本源法则组合与衍神兵的结合原理——将两种法则感悟契合在一起。,本源法则组合体系，各天才的法则属性，衍神兵双法则契合原理。
宇宙中崛起,他叫洛,人物引入 | 设定展开,人物、设定,"淘汰赛阶段，某位名为""洛""的人物登场。淘汰赛规则进一步展开。10万人进入更残酷的淘汰。罗峰在淘汰赛中继续以""疯子""风格战斗。",洛人物引入，淘汰赛规则。
宇宙中崛起,罗峰出场,战斗描写 | 爽点设置,战斗、爽点,罗峰在淘汰赛中出场，展现出三年修炼后的实力。衍神兵幻剑式更加纯熟。金之领域与衍神兵结合的战力。淘汰赛中被关注程度上升。,罗峰淘汰赛出场，三年修炼成果展示。
宇宙中崛起,石破天惊,战斗描写 | 爽点设置 | 转折高潮,战斗、爽点、高潮,罗峰在淘汰赛中展现出石破天惊的实力。衍神兵威力全开。金之本源法则感悟在战斗中进一步深化。淘汰赛对手实力越来越强。,罗峰淘汰赛惊人表现，衍神兵全开。
宇宙中崛起,避而不战,人物心理 | 矛盾展现,冲突、情感,"某些对手面对罗峰选择避而不战。罗峰的""疯子""威名在淘汰赛中传开。部分天才主动认输或逃跑。淘汰赛心理博弈展开。",疯子威名的震慑效果，心理博弈。
宇宙中崛起,命运的抉择,人物心理 | 转折高潮,情感、高潮,淘汰赛关键阶段，罗峰面临命运的抉择。继续以疯狂杀戮推进，还是选择更稳妥的策略。罗峰的战斗哲学——狮子搏兔亦用全力。,罗峰战斗哲学，命运抉择。
宇宙中崛起,两条路,设定展开 | 人物心理,情感、设定,天才战后续阶段的两条路——进入天地秘境（前100名）或太初秘境（前10名）。虚拟宇宙公司四大秘境体系初步介绍。罗峰和戎钧作为乾巫宇宙国冲进总排名前1000的两人。,四大秘境初步介绍，天地/太初秘境门槛。
宇宙中崛起,唯一的对手,人物引入 | 矛盾展现,人物、冲突,"罗峰在淘汰赛中遇到的唯一对手。""死神""伯兰——千万年来整个宇宙人类第一天才，在空间本源法则上感悟极深。伯兰的恐怖实力展示。其他天才对伯兰的敬畏。",死神伯兰人物引入，千万年第一天才设定。
宇宙中崛起,连胜,战斗描写 | 爽点设置,战斗、爽点,罗峰在淘汰赛中连胜。衍神兵幻剑式+金之领域+九线流身法的组合战力。对手实力递增但罗峰始终保持冷静疯狂的风格。,罗峰连胜，衍神兵+领域+身法组合战力。
宇宙中崛起,强强相撞,战斗描写 | 转折高潮,战斗、高潮,淘汰赛中强者与强者的碰撞。罗峰遇到真正能对他造成威胁的对手。战斗激烈程度升级。衍神兵更多技巧展现。,强强对决，战斗升级。
宇宙中崛起,疯狂！野蛮！,战斗描写 | 爽点设置,战斗、爽点,罗峰以疯狂野蛮的战斗风格碾压对手。金角巨兽夺舍带来的嗜杀特质在战斗中完全释放。衍神兵的攻击越来越凌厉。,疯子风格全开，衍神兵凌厉攻击。
宇宙中崛起,站着和倒下,战斗描写 | 转折高潮,战斗、高潮,淘汰赛中站着和倒下的对决。胜者继续前进，败者淘汰。罗峰始终站着。部分天才在淘汰赛中倒下。洪在淘汰赛中的表现。,淘汰赛胜败抉择，罗峰持续前进。
宇宙中崛起,排名,人物心理 | 设定展开,情感、设定,淘汰赛排名更新。1000名绝世天才逐渐筛选出来。罗峰在总排名中的位置。乾巫宇宙国两人（罗峰、戎钧）冲进总排名前1000。鳞甲战袍巨人（乾巫方面不朽）对两人的欣喜。,1000名天才筛选，乾巫宇宙国两人入围。
宇宙中崛起,三年的地狱训练,悟道 | 设定展开,修炼、设定、爽点,天才战间隙的三年地狱训练。罗峰在虚拟宇宙中疯狂修炼。衍神兵孕养完成，开始真正修炼。金之本源法则感悟深化。魔杀族分身孕育中。《虚空之塔》秘法修炼（老师传下，专精防御，两层宝塔境）。万剑魂印练到大成。,三年地狱训练，虚空之塔秘法，魂印修炼。
宇宙中崛起,"三年后的""疯子""",悟道 | 爽点设置,修炼、爽点,"三年后罗峰实力质变。衍神兵第一重幻剑式练成，九柄金色幻剑同时操控。金之领域更加纯熟。法则感悟大幅提升。三年后的""疯子""比预选赛时更强数倍。",三年修炼成果，幻剑式练成，实力质变。
宇宙中崛起,暗流汹涌,矛盾展现 | 设定展开,冲突、设定,"天才战背后暗流汹涌。各大势力关注天才战，暗中搜集天才情报。神国、组织、独行强者都在观察。罗峰的""疯子""风格引起各方注意。戎钧的真实背景也不一般——知道虚拟宇宙公司四大秘境讯息。",天才战背后的势力博弈，戎钧背景伏笔。
宇宙中崛起,魔杀族分身,设定展开 | 爽点设置,爽点、设定,魔杀族第二分身孕育成功！魔杀族分身为能量生命，拥有生命晶核，可千变万化。魔杀族天生擅长空间本源法则，是最强暗杀者。罗峰通过魔杀族分身研究空间秘法事半功倍。三大分身体系确立：地球人本尊（金之本源+衍神兵）、金角巨兽本体（金之宇宙本源）、魔杀族分身（空间本源）。,魔杀族分身孕育成功，三大分身体系确立。
宇宙中崛起,《万线流》,设定展开 | 悟道,修炼、设定、爽点,《万线流》秘法修炼展开。九线流身法进阶。衍神兵与万线流的结合。罗峰在金之本源法则上感悟比空间本源更多。金色幻剑操控从五柄提升到九柄。,万线流秘法，九线流身法进阶，九柄金色幻剑。
宇宙中崛起,拉开序幕,环境铺陈 | 转折高潮,设定、高潮,天才战决战阶段拉开序幕。1000名绝世天才聚集在中央广场。九剑尊者主持。1008名不朽随行。决战规则宣布——从1000人中选出前100、前10、第1和第2名。,决战阶段开始，1000名天才聚集，决战规则。
宇宙中崛起,天才聚集,环境铺陈 | 人物引入,人物、设定,1000名绝世天才聚集中央广场。各方天才展示：死神伯兰、古思罗（试炼总排名第二）、幻魔加莱西（幻术师）、蛮卡星王子乌卡、野人戎钧、千水、将莫兄妹、奥帕特拉、陇云、涛等。1008名不朽和990名旁观天才观战。,1000名天才中的顶尖人物群像，各方天才展示。
宇宙中崛起,残酷的淘汰,转折高潮 | 战斗描写,战斗、高潮,决战阶段残酷淘汰开始。1000人通过战斗淘汰。100个擂台同时进行。每个擂台两人对战，胜者进前100。前100可进入天地秘境。淘汰速度极快，高手之间一击必杀。,100擂台同时淘汰，前100选拔。
宇宙中崛起,罗峰的计划,人物心理 | 设定展开,情感、设定,罗峰制定决战计划。根据对手情报制定策略。保留底牌——刺天式（衍神兵第二重）未在前面使用。罗峰的战斗哲学——极度冷静下的疯狂。对虚拟宇宙系统评价体系的利用。,罗峰决战策略，底牌刺天式保留。
宇宙中崛起,虫族母巢,设定展开 | 环境铺陈,设定,虫族母巢设定展开。试炼空间中的虫族母巢关卡。万头血毛猛犸等怪兽。试炼空间总排名体系——伯兰领先其他人整整一座试炼塔。试炼排名作为决战种子排位。,虫族母巢设定，试炼空间排名体系。
宇宙中崛起,微笑得十三,人物引入 | 设定展开,人物、设定,"鳞甲战袍巨人（乾巫宇宙国方面不朽，代号""十三""）对罗峰和戎钧的评价与期待。乾巫国主知道两人冲进前十会很高兴。不朽们讨论罗峰的心性意志和戎钧的自创秘法。",鳞甲战袍巨人（十三）评价，乾巫方面对两人的期待。
宇宙中崛起,四个人,人物心理 | 矛盾展现,冲突、情感,决战中四个关键人物的对比——伯兰（千万年第一天才）、罗峰（心性意志完美）、戎钧（自创秘法）、陇云（低调防御型）。不同天才的战斗风格和成长路线对比。戎钧自创刀法融入土+空间本源法则。,四大天才对比，不同成长路线。
宇宙中崛起,生命的灿烂,情感展现 | 人物心理,情感,天才战中生命的灿烂与陨落。天才们在决战中展现出各自最灿烂的一面。胜者的喜悦与败者的遗憾。罗峰对强者之路的感悟——能力者上，没能力者下。,天才战的情感层面，强者之路感悟。
宇宙中崛起,五年沉寂，一朝爆发,转折高潮 | 爽点设置,爽点、高潮,罗峰五年沉寂修炼后一朝爆发。从预选赛到决战的完整成长轨迹。衍神兵从幻剑式到刺天式的突破。金色幻剑从五柄到九柄再到81柄小剑合为一柄金剑。五年修炼的成果在决战中全面展示。,五年修炼成果爆发，刺天式突破，81柄小剑合体。
宇宙中崛起,分流,转折高潮 | 设定展开,设定、高潮,决战分流阶段。1000人逐渐分流为不同层次——前100（天地秘境）、前10（太初秘境）、前2（原始秘境）。罗峰在分流中稳步前进。四大秘境完整体系展开：原始秘境（最顶尖天才）→太初秘境→天地秘境→末世秘境。,决战分流，四大秘境完整体系。
宇宙中崛起,银河领主,设定展开 | 爽点设置,爽点、设定,罗峰作为地球领主（银河系领主）在天才战中的身份。领主身份在宇宙中的地位。罗峰的实力与领主身份的匹配。各方对罗峰身份的认知变化。,罗峰领主身份在天才战中的意义。
宇宙中崛起,四大秘境,设定展开 | 人物心理,情感、设定,虚拟宇宙公司四大秘境完整设定展开——原始秘境（最最罕见绝世天才，花费大量珍贵资源培养，有竞争制度，弱者踢出）、太初秘境（许多不朽在此）、天地秘境、末世秘境。原始秘境成员恒星级就能有护卫队（首领为不朽存在）。巴巴塔解释——决定地位高低不仅是武力，还有商业天才等。死神伯兰千万年来宇宙人类第一天才，珍贵程度极高。,四大秘境完整设定，原始秘境特权，地位决定因素。
宇宙中崛起,地位,设定展开 | 人物心理,情感、设定,虚拟宇宙公司核心层地位体系。商业天才如宇宙第一银行投资天才菲特（武力弱但有不朽管家）。不朽和不朽区别很大。时光界主若成功成为不朽可接近陨墨星主人实力。巴巴塔建议罗峰先进入太初秘境。罗峰眼界要放宽——不仅局限黑龙山帝国或一个宇宙国，要放眼整个宇宙。,地位体系多维设定，巴巴塔对罗峰的格局引导。
宇宙中崛起,第一战,战斗描写 | 爽点设置,战斗、爽点,"前100争夺战。100个擂台同时进行。罗峰vs乌特维斯克（""狂风""，试炼排名113，五阶原力兵器""虚影剑""）。乌特维斯克施展离手剑（蕴含风之本源法则暗器），罗峰冷静应对——四柄金色幻剑拦截暗器，五柄金色幻剑击杀乌特维斯克。罗峰胜进入前100，奖金100混元单位，可进入天地秘境。虚拟宇宙系统选出20人参加下一战。",罗峰第一战胜，进入前100/天地秘境，离手剑暗器应对。
宇宙中崛起,真正的巅峰对撞,战斗描写 | 转折高潮 | 爽点设置,战斗、爽点、高潮,前10争夺战。20人分10组对战。罗峰vs幻魔加莱西（幻术师，精神幻术+念力兵器同时攻击）。加莱西施展《惑神》秘法侵入罗峰识海——罗峰陷入幻境（地球被域主级凶兽肆虐），但虚空之塔（两层宝塔境）严密防御灵魂核心，罗峰凭借强大意志从幻境中挣脱。加莱西黑色光轮攻击罗峰手臂，罗峰六柄金色幻剑击杀加莱西。伯兰、千水、戎钧等也获胜。戎钧击败古思罗震惊全场。,罗峰vs幻魔加莱西巅峰对决，虚空之塔防御，戎钧爆冷击败古思罗。
宇宙中崛起,前十强,转折高潮 | 爽点设置,爽点、高潮,十强产生：伯兰、千水、罗峰、将莫、兰斯洛、乌卡、艾辰、陇云、奥帕特拉、戎钧。罗峰击杀加莱西令1008名不朽震惊——加莱西的幻术被认为只有伯兰能抗住。伯兰和千水关注罗峰。戎钧击败古思罗——自创刀法融入土+空间本源法则，威力极大。不朽们讨论戎钧自创秘法是否太早。,十强名单确定，罗峰击杀加莱西震惊不朽，戎钧刀法惊艳。
宇宙中崛起,低调的对手,战斗描写 | 转折高潮 | 设定展开,战斗、设定、高潮,前5争夺战。按获胜时间排序配对：伯兰vs戎钧、千水vs奥帕特拉、罗峰vs陇云、将莫vs艾辰、兰斯洛vs乌卡。戎钧传音提醒罗峰小心陇云——20人中19人感悟双本源法则，仅陇云只感悟土之本源一种，但土之厚重+空间融合领域防御极强。陇云释放领域——土之本源+空间本源近乎完美融合，空间凝结感。罗峰施展刺天式（衍神兵第二重，81柄金色小剑合为一柄金剑）穿透陇云领域，威力剩八成。陇云卸力受伤轻微。擂台空间逐渐缩小（10分钟后直径一米），罗峰在50米直径时败北。,罗峰vs陇云，刺天式首次施展，陇云双法则融合领域，擂台缩小规则导致罗峰败北。
宇宙中崛起,天才战落幕（本篇终章）,转折高潮 | 设定展开 | 人物心理,情感、设定、高潮,前5轮回战——每人战其他四人，积分排名。伯兰四场全胜第一（进原始秘境），陇云三胜一负第二（败于伯兰，进原始秘境）。罗峰和戎钧止步前十（进太初秘境）。九剑尊者宣布天才战结束——稍后接天才们去虚拟宇宙公司全宇宙总部，前往初始宇宙。罗峰和戎钧相视而笑——一个走掌控者道路，一个走自创秘法道路，路有千万条，重要的是坚定选择。罗峰的强者之路才刚刚开始。,伯兰第一/陇云第二进原始秘境，罗峰戎钧进太初秘境，天才战落幕，强者之路开启。
雨相山,距离,设定展开 | 人物心理,情感、设定,天才战结束，九剑尊者和1008名强大不朽离开。罗峰等1000名年轻人留下，虚拟宇宙公司工作人员马纳（身高两米六七、脖子有斑纹的男子）召集众人在中央广场2号餐厅二楼会议室，安排飞船接送事宜。马纳要求每人在纸张上写准确星球地址，以便虚拟宇宙公司派飞船去接。罗峰即将前往虚拟宇宙公司全宇宙总部。,天才战结束后的安排，虚拟宇宙公司接送流程。
雨相山,离别,情感展现 | 人物心理,情感,罗峰回家告别家人。弟弟罗华激动万分召集全家人，洪和雷神也来了。母亲龚心兰和父亲罗洪国因大量珍宝改善体质显得很年轻（如三十几岁）。罗峰告知要去虚拟宇宙公司全球总部，单程三年、回程三年，在初始宇宙参悟一百年。家人对漫长离别感到不舍和震惊。,罗峰与家人的离别情感，宇宙修炼时间跨度之长的震撼。
雨相山,雨相山,设定展开 | 环境铺陈,设定,"F级飞船亮相——长约600米、宽100米、厚近100米的战剑外形宇宙飞船，通体黝黑，散发古朴气息。巴巴塔辨认出飞船由""圭延石母""铸就，是F级飞船。飞船舱门中飞出一群人，为首者是鹰钩鼻精瘦老者，穿黑色战衣，眉心有冰雪印记。雨相山是不朽以下核心成员集中地，雷霆岛是不朽集中地（最高权力集中地）。",F级圭延石母飞船设定，雨相山与雷霆岛的虚拟宇宙公司核心层结构。
雨相山,这就是宝库！,设定展开 | 爽点设置,爽点、设定,罗峰进入雨相山公共区，随处可见上百名界主，99%得到本源法则承认（眉心有法则印记）。得到本源法则承认的界主在黑龙山星域是天辰层次，但在虚拟宇宙公司仅勉强获得末世秘境资格。罗峰意识到虚拟宇宙公司的庞大和自身渺小。宝库中秘法和珍宝价格昂贵，百万积分、千万积分级别的秘法令不朽疯狂。,虚拟宇宙公司核心层实力格局，宝库积分制度初探。
雨相山,选择,设定展开 | 人物心理,情感、设定,"罗峰浏览宝库列表。金角巨兽传承记忆中有很多秘法（适合金角巨兽），但宝库中的秘法适合人族修炼。巴巴塔跟随呼延博转战无数星系，清楚那些""名字""背后的意义——一套秘法足以令黑龙山帝国亡国，一件珍宝足以令成千上万不朽疯狂。罗峰需要在大初秘境新成员免费1万积分中做出最优选择。",宝库秘法价值体系，积分选择的战略决策。
雨相山,三年后,设定展开 | 人物心理,情感、设定,虚拟宇宙公司积分非常珍贵，大初秘境新成员免费1万积分。罗峰面对百万积分、千万积分的秘法只能流口水。巴巴塔指导罗峰脚踏实地选择，积分省着用。罗峰最终选定修炼方向和秘法。三年旅途期间罗峰持续修炼提升。,积分制度的珍贵性，三年旅途中的修炼规划。
雨相山,飞船,环境铺陈 | 设定展开,设定,罗峰在宇宙飞船内看到宇宙星空中悬浮的一望无际的大陆，震惊万分。行星、恒星、星云在宇宙中常见，但宇宙星空中看到一片浩瀚大陆极为震撼。大陆旁的恒星行星如芝麻小不点。飞船不断飞行靠近，大陆依旧遥远。这不是虚拟宇宙，是现实。,宇宙中巨大陆地的震撼描写，混沌城所在初始宇宙的环境铺陈。
雨相山,混沌城,环境铺陈 | 设定展开,设定,"1000名天才面对紫鳞男子（九剑尊者），感受到生命本能的臣服——紫鳞男子没有故意施压，但自然散发的气息让所有人需要仰视。外界一道雷鸣般喝声""停""传入飞船，蕴含威压令天才们惊恐。天才们大多是恒星级偶尔几个刚突破宇宙级，面对这些伟大存在一个眼神就能让他们魂飞魄散。混沌城是初始宇宙唯一的城池。",混沌城初到，超级强者威压的震撼，混沌城地位设定。
雨相山,52尊混沌碑,设定展开 | 环境铺陈,设定,黑袍使者带1000名天才跳下天台，前往城主府。混沌城历史比原宇宙许多宇宙国都古老，城主地位不亚于宇宙国主。街道上走来全身赤红色鳞甲、高三十余米的独角怪兽，背上站着紫色短发青年，穿幽蓝色战甲战靴，背负紫色巨型战刀。52尊混沌碑是混沌城核心修炼资源，每尊对应一种修炼方向。,混沌城城主地位，52尊混沌碑设定引入。
雨相山,天地变色,转折高潮 | 设定展开,设定、高潮,天才们选择混沌碑。其他天才选《龙行混沌碑》《风影混沌碑》等。罗峰在52副图画中38副有感觉，包括《母祖混沌碑》（复杂衍变方向）。罗峰最终选定《九宇混沌碑》——观看时有欢呼雀跃感，非常适合衍神兵施展，稍改变也可悟出近身战秘法。选择混沌碑是天地变色般的重要决定。,罗峰选定九宇混沌碑，修炼方向确立的关键转折。
雨相山,混沌城主,人物引入 | 设定展开,人物、设定,威特斯尔刚进混沌城就跟雷波动手，在混沌城动手是找死。混沌城笼罩在迷蒙混沌气中，一眼看不到尽头。城内修炼居所天台上的宇宙强者们看到天际二人——被追杀者全身缠绕雷电（雷波动手），追杀者牛头人巨汉双眸赤红挥动巨斧。混沌城主登场，混沌城主实力深不可测。,混沌城主人物引入，混沌城禁武规则。
雨相山,参悟,设定展开 | 悟道,修炼、设定、爽点,"城主府辽阔浩瀚，占地方圆千里。黑袍使者带罗峰等12人在60米宽、120米高的廊道中前进，两侧是高大的青铜色大门（约160米宽、120米高），门上有古朴字迹——""母祖""""巨斧""""龙行""等，每扇门前站着面目慈善的老者。天才们开始参悟各自选择的混沌碑。",城主府建筑设定，混沌碑参悟开始。
雨相山,通天桥,设定展开 | 情节推进,设定,"守护者坎德里（三眼老者，分出52尊分身守护混沌碑）提醒12人先找修炼居所作为30年修炼基地，然后进虚拟宇宙申请进入""通天桥""。通天桥是混沌城修炼者考核和积分获取的核心系统。罗峰等人对通天桥感到疑惑。",通天桥系统设定，坎德里守护者角色。
雨相山,真衍王,人物引入 | 设定展开,人物、设定,罗峰跨入九宇通天桥，巴巴塔收到虚拟宇宙公司发来的积分奖励规则邮件。通天桥延绵直到天地尽头，迷蒙白雾缠绕，下方海水波涛。通过通天桥可获得积分奖励。真衍王是不朽中的宗师级存在，罗峰初到混沌城时真衍王略一指点，让罗峰走上最正确道路。,通天桥积分奖励规则，真衍王人物引入与指点之恩。
雨相山,第一层,战斗描写 | 悟道,修炼、战斗、爽点,"罗峰闯通天桥第一层。对手脚踏暗云梭、使用衍神兵。罗峰施展衍神兵第二重""刺天式""——六棱形""绝空盾""和血影战刀样式的""影金刀""，身后暗金色长棍射出54串金光，每九串融合为一柄金剑。罗峰一口气施展六柄金剑（因念力从恒星级九阶突破到宇宙级一阶，且三年旅途实力大增）。击败对手进入第二层。",衍神兵第二重刺天式实战，通天桥闯关战斗。
雨相山,宇宙国主,人物引入 | 设定展开,人物、设定,虚拟宇宙修炼场是最佳演练地方——100%模拟，经验积累和感悟效果与现实相同。罗峰没有急于观看宇宙法则运转，而是埋头消化对九宇混沌碑的七天参悟所得。蛮卡星王子乌卡来访。元辰宇宙国主登场——戎钧的老师，存在不知道多少年，比行星恒星寿命长千倍万倍的古老永恒存在，演练《巨斧混沌碑》第一斧。,虚拟宇宙修炼场设定，元辰宇宙国主人物引入。
雨相山,《飘血》,悟道 | 设定展开,修炼、设定、爽点,罗峰穿摩云藤战衣，在混沌城进行地毯式搜索——寻找历代修炼者天台上留下的感悟刻录。乌卡、陇云、千水、戎钧等天才都在查找刻录。年轻天才们清楚混沌城30年是奠定基础的30年，进步最快的方法不是埋头苦修而是找对方向。罗峰在参悟中接触到《飘血》秘法。,混沌城修炼方法论（查找刻录），《飘血》秘法初遇。
雨相山,震撼,转折高潮 | 人物心理,情感、高潮,"罗峰寻找很久以前""练落""居住的修炼居所。在虚拟宇宙雨相山太初区，戎钧在庄园修炼场中向老师元辰国主请教。元辰国主为演练《巨斧混沌碑》第一斧，其存在如星空中的黑洞，一个眼神仿佛能贯穿宇宙空间。戎钧眼睛放光。罗峰对前辈修炼者的感悟刻录感到震撼。",元辰国主演练巨斧混沌碑的震撼，前辈刻录的深厚底蕴。
雨相山,混沌城第三宝,悟道 | 设定展开,修炼、设定、爽点,"九宇混沌碑共有十副图。第一幅""雨滴图""有九个雨滴，每个蕴含不同意境。罗峰参悟108个文字，其中九个文字与雨滴图对应——复杂的笔画令罗峰感到九套剑法，每一套都是宇宙空间至理。混沌城三大宝：混沌碑、通天桥、修炼居所刻录。罗峰越参悟越感觉深不可测。",九宇混沌碑十副图设定，雨滴图与108文字的对应关系。
雨相山,混沌真灵,设定展开 | 矛盾展现,冲突、设定,"罗峰得知混沌城中死了好些人。戎钧解释——当初尊者送1000名天才来时说过""希望看到你们30年后都活着""。混沌城外有混沌兽，修炼者去城外猎杀混沌兽获取混沌真灵。罗峰感应到体内原核——灵魂实质化后演化的""漩涡星系""缓缓旋转。混沌城并非完全安全。",混沌兽与混沌真灵设定，混沌城的危险面，原核演化漩涡星系。
雨相山,岁月如水,设定展开 | 悟道,修炼、设定、爽点,罗峰降落到修炼居所天台。原核内漩涡星系有八条旋臂，宇宙级一阶时核心有微小黑洞。如今金角巨兽已是宇宙级九阶，灵魂达宇宙级九阶——漩涡星系核心有超大黑洞，八条旋臂内也有微小黑洞，缓缓吞噬周围星辰尘埃。岁月如水般流逝，修炼持续深入。,原核漩涡星系演化详解（黑洞形成），宇宙级九阶的灵魂实质化状态。
雨相山,攀比,转折高潮 | 人物心理,情感、高潮,监守者巴芬惊讶——伯兰才来混沌城多久竟然通过通天桥第三层！其他天才中戎钧通过第一层，其余全部失败。伯兰太变态。通天桥越往后越深奥艰难。同辈天才之间的攀比压力与激励。,伯兰闯过通天桥第三层的震撼，同辈天才实力差距显现。
雨相山,一剑飘血,爽点设置 | 设定展开,爽点、设定,罗峰兑换《飘血》秘典，扣除640积分，余额360积分。《飘血》秘法是剖析宇宙空间本源法则本质、以剑法演练出来的秘法。第1册总纲，第2-109册是108种玄妙剖析研究修炼方法，第110册是108套剑法归纳。罗峰开始修炼《飘血》。,《飘血》秘典兑换与结构设定，积分消耗640。
雨相山,枯坐十年,悟道 | 人物心理,修炼、情感、爽点,《飘血》秘法剖析宇宙本源法则本质——宇宙本源法则以最完美形态运转，本质需要修炼者不断剖析。九宇混沌碑前三幅图将108种玄妙蕴含于108滴雨滴中。罗峰枯坐十年，深入参悟《飘血》秘法中108种玄妙的剖析与修炼。十年苦修的坚持与感悟。,枯坐十年参悟《飘血》，宇宙本源法则剖析的艰难。
雨相山,珑玉王,人物引入 | 环境铺陈,人物、设定,混沌城存在亿万年，短短十年几乎没有任何改变——混沌气流笼罩，无数修炼者在天台上。如果有摄影机记录十年前景象对照，可能发现大半修炼者整整十年没移动过。珑玉王登场——虚拟宇宙公司超级强者，关注罗峰的修炼进展。真衍王、瞳难王、珑玉王三位超级强者关注罗峰。,珑玉王人物引入，混沌城十年不变的时间感。
雨相山,罗峰的刀,战斗描写 | 悟道,修炼、战斗、爽点,"罗峰近十年后首次出现在通天桥位面。监守者巴芬惊讶——都快十年了一次没来闯通天桥，其他同伴每年都闯几次。巴芬感觉罗峰不一样了。罗峰开始闯九宇通天桥。十年苦修后罗峰的实力和感悟质变，""罗峰的刀""展现十年修炼成果。",十年苦修后首次闯通天桥，实力质变的展现。
雨相山,边打边学,战斗描写 | 悟道,修炼、战斗、爽点,通天桥位面出现三道身影——真衍王、瞳难王、珑玉王三位超级强者。监守者巴芬恭敬行礼。珑玉王询问罗峰第三层战斗是否开始。巴芬报告罗峰刚到达第三层尽头。三位强者关注罗峰的通天桥战斗。罗峰在战斗中边打边学，通过实战领悟修炼心得。,三位超级强者观战，罗峰边打边学的修炼方法。
雨相山,大巧不工,悟道 | 人物心理,修炼、情感、爽点,原始区戎钧独有修炼场内——模拟出的繁华宇宙城市。戎钧赤脚、头发乱糟糟，手持裂地刀站在摩天大厦天台俯瞰城市。戎钧回忆父亲，低声呢喃。戎钧在混沌城超过十年，修炼《巨斧混沌碑》。大巧不工的修炼境界——返璞归真，最简单中蕴含最深奥。,戎钧的修炼与心境，大巧不工的武道境界。
雨相山,跨入域主级,转折高潮 | 爽点设置,爽点、高潮,真衍王、瞳难王、珑玉王见一群年轻人来到岛屿后离开虚拟宇宙。乌卡询问罗峰是否通过第三层，巴芬确认。戎钧询问第四层，众人屏息——罗峰闯过第三层已让人仰视，若通过第四层众人会崩溃。罗峰跨入域主级！金角巨兽进化到域主级，身体素质发生跃迁。,罗峰闯过通天桥第三层并突破域主级的重大转折。
雨相山,进化,设定展开 | 转折高潮,设定、高潮,金角巨兽缓缓伸开鳞甲翅膀，身躯发生惊人变化——大量金色雾气从大陆高空降落，笼罩鳞甲表面被吸收。黑色鳞片以肉眼可见幅度变大，骨骼变粗变长更密实，蹄爪更粗壮锋利。金色秘纹随身体变大同幅度变大。每个细胞每块骨骼都发生翻天覆地的本质蜕变。宇宙级到域主是身体素质的跃迁！,金角巨兽从宇宙级到域主级的进化描写，身体素质跃迁设定。
雨相山,家,情感展现 | 设定展开,情感、设定,平海公司高层热情送走虚拟宇宙公司驻乾巫大陆投资部的人。博特莱（投资部代表）与徐欣讨论合作——12倍收益不可能，但报表会给司长过目。徐欣经营平海公司，与虚拟宇宙公司投资部对接。罗峰在混沌城超过30年，原宇宙地球已过去一百年。徐欣因永恒之体容貌几乎未变，但气质成熟很多。,徐欣经营平海公司与虚拟宇宙公司合作，百年时间跨度。
雨相山,拜师？,转折高潮 | 情感展现,情感、高潮,"罗峰在混沌城修炼居所阅读黑袍使者送的书籍——通过通天桥第18层的是不朽中的宗师级存在，可获得混沌城永久居民资格并开宗立派收徒讲学。来到混沌城的修炼者通过通天桥第三层就可前往听课。罗峰心怀感激——初来混沌城时真衍王略一指点让他走上最正确道路。罗峰在上千名修炼者注视下恭敬跪伏，按混沌城规矩喊道""恳请老师收弟子为徒""。真衍王是否收徒？",罗峰向真衍王拜师的关键转折，混沌城宗师收徒规则。
雨相山,二级子公司,设定展开 | 情节推进,设定,"虚拟宇宙乾巫大陆，平海公司第86层会议厅。徐欣和博特莱在文件上签字，""合作愉快""。平海公司成为虚拟宇宙公司的二级子公司。徐欣的商业经营取得重大进展，平海公司与虚拟宇宙公司投资部正式合作。",平海公司成为虚拟宇宙公司二级子公司，徐欣商业线推进。
雨相山,悠悠三十年,情感展现 | 人物心理,情感,"罗峰对真衍王心怀感激——初来混沌城仅是小人物，真衍王略一指点让他走上最正确道路，影响将来亿万年。罗峰恭敬跪伏，在上千名修炼者注视下喊""恳请老师收弟子为徒""。真衍王面临收不收徒的抉择。悠悠三十年修炼岁月的回顾与感慨。",罗峰拜师真衍王的情感高潮，三十年修炼岁月总结。
雨相山,激动,人物心理 | 情感展现,情感,平海公司第86层会议厅。短发女子问徐欣是否没事。罗峰在混沌城超过30年，原宇宙地球过去一百年。徐欣因永恒之体容貌几乎未变，但眼神气质成熟很多，如经历时光磨砺的圆润玉石。徐欣闭眼默默念叨——罗峰马上要离开混沌城，希望最后几天检验合格。徐欣激动而紧张地等待结果。,徐欣等待罗峰离开混沌城的激动与紧张，百年分离的情感。
雨相山,闯！,转折高潮 | 设定展开,设定、高潮,九剑尊者来到混沌城偏远区域一座朴素府邸——大门漆黑如墨。三眼老者坎德里（分出52尊分身守护混沌碑的守护者）开门迎接。九剑尊者和坎德里是好友。九剑尊者来访有事相商。罗峰在通天桥上继续闯关。真衍王、瞳难王、珑玉王等超级强者关注罗峰的闯关进展。,九剑尊者与坎德里的会面，罗峰闯关的超级强者关注。
雨相山,悟了,悟道 | 爽点设置,修炼、爽点,"罗峰悟了——衍神兵第五重不一定比第四重强！罗峰脚踏暗云梭，在通天桥桥面上面对刺来的金色残影，射出金色气流包裹图腾金柱。图腾金柱滚动挡住金色残影。银衣人目光一寒命令""切割""，暗金色长剑刺在图腾金柱上，金丝断裂，金色小剑浮动。罗峰悟出新的战斗理解。",罗峰悟出衍神兵境界新理解，通天桥战斗中的顿悟。
雨相山,基础,悟道 | 设定展开,修炼、设定、爽点,罗峰明白——参悟九宇混沌碑观看《雨滴图》总感觉完美，现在才明白。《雨滴图》九滴雨滴彼此相互交错联系也能形成完美整体。《飘血》秘典解析108种最基本玄妙，但《九宇混沌碑》是远古巅峰存在留下，九副图之一的《雨滴图》岂会简单。雨滴如章鱼触手影响空间。罗峰热血沸腾，在通天桥第六层桥面迅速飞行，喜悦无比。,雨滴图整体性的领悟，九宇混沌碑深层本质的参悟突破。
雨相山,雨相山上的相见（本篇终章）,情感展现 | 转折高潮,情感、高潮,"乾巫大陆平海公司第89层徐欣办公室。白袍银眸老者宣布——徐欣从现在起正式成为虚拟宇宙公司核心成员。在虚拟宇宙雨相山""末世区""有一套住处，在末世秘境也有一套住处，可选择前往末世秘境。末世秘境很远，公司安排宇宙飞船接送，暗宇宙中飞行几年。罗峰离开混沌城后与徐欣在雨相山相会，百年分离终重逢。",徐欣成为虚拟宇宙公司核心成员，罗峰与徐欣雨相山重逢，第八篇终章。
宇宙秘境,太初,人物引入、设定展开、情感展现,人物、情感、设定,816名虚拟宇宙公司核心成员的年轻人分赴四大秘境历练，罗峰与妻子徐欣团聚，得知徐欣已成为公司核心成员之一的经过；陨石王亲自护送众人前往太初秘境（距离1.2亿光年）。,太初秘境历练正式开启，徐欣的身份转变为后续布局。
宇宙秘境,星辰碎片,设定展开、环境铺陈,设定,太初秘境详细介绍；罗峰被分配到编号80389081号星辰碎片住处（直径6200公里，配护卫111人、仆人1800人）；后台管理系统三大功能栏介绍。,太初秘境资源体系与管理架构确立。
宇宙秘境,新的起程,设定展开、人物心理,情感、设定,通天桥、幻境海、不朽祭坛三大位面规则说明；修炼任务系统按危险度分五级；罗峰开始规划自己的修炼路线。,太初秘境三大试炼位面及任务系统的基本框架建立。
宇宙秘境,修复陨墨星号？,设定展开、悟道,修炼、设定、爽点,真衍王登场，介绍稀世奇书《时空随笔》；罗峰购买前两册耗费1万积分（余20360积分）。,《时空随笔》成为罗峰后续参悟九宇混沌碑的重要辅助资料。
宇宙秘境,《时空随笔》,悟道、爽点设置,修炼、爽点,罗峰三天时间悟透《时空随笔》第一册所载3219种秘法；二十九天后又悟透第10、11种玄妙。,罗峰惊人的悟性再度展现，为后续快速突破奠定基础。
宇宙秘境,弱点,设定展开、悟道,修炼、设定、爽点,罗峰尝试闯入不朽祭坛，测试结果仅28-35单位，远低于50单位的门槛，因而0积分，暴露出自己在某方面的弱点。,不朽祭坛测试机制引入，罗峰意识到自身短板所在。
宇宙秘境,奕轲,转折高潮、人物心理,情感、高潮,罗峰收到太初区好友奕轲陨落的邮件，得知太初区危险任务陨落率高达95%；罗峰心情沉重，也更清楚太初秘境的残酷。,"奕轲之死为后续罗峰选择""危险级""任务埋下心理动机与警示。"
宇宙秘境,不朽祭坛,悟道、爽点设置,修炼、爽点,"罗峰领悟""心如镜，心如刀""的心境雏形；开始尝试闯幻境海。","罗峰心境修炼正式起步，与后文""修心三重境界""呼应。"
宇宙秘境,心如镜，心如刀,悟道、爽点设置,修炼、爽点,"罗峰凭借""心如镜、心如刀""的心境状态，连闯幻境海九座岛屿成功，第十座岛屿失败。",幻境海挑战初战告捷，积分大幅增长，为后续埋下第十座岛屿的伏笔。
宇宙秘境,幻境海,爽点设置、设定展开,爽点、设定,延续幻境海闯关内容，详述积分获取规则（第九座25600分、第十座51200分）；罗峰得到庞大积分收益（51100积分）。,幻境海成为罗峰积分收入的重要来源，第十座岛屿成为后续反复挑战的目标。
宇宙秘境,修炼世界,转折高潮、设定展开,设定、高潮,"罗峰选择""危险级""修炼任务（死亡率78.2%警告仍坚持），选定""血洛世界""，任务一为获得血洛晶（1万积分），任务二为获得""血武者""称号并得血洛勋章（10万积分）。",罗峰正式踏入血洛世界任务线，全篇主线由此展开。
宇宙秘境,血洛世界,设定展开、人物引入,人物、设定,"罗峰定制装备、学习18种血洛世界方言；乘机械族飞船穿越18层云层进入血洛世界，救下遭荒兽""蛮咕兽""攻击的银甲少年纳可。",纳可这一贯穿全篇的重要配角登场。
宇宙秘境,射箭救人,战斗描写、人物引入,人物、战斗,罗峰随纳可小队遭遇酉家挑衅，暗中施展威压吓退对方；纳可介绍血洛世界等级体系（大地-天空-云霄-领域-世界-不朽神灵）。,血洛世界等级体系介绍完整，为后续实力换算提供依据。
宇宙秘境,燕岗领,设定展开、矛盾展现,冲突、设定,十三斧组织拦截酉家索要古神废墟甲衣，酉家几乎被灭门；罗峰暗中观察局势。,燕岗领内部势力矛盾初现，十三斧组织成为罗峰实力展示的第一个对象。
宇宙秘境,甲衣,战斗描写、爽点设置,战斗、爽点,罗峰十三幻身同时出刀，瞬间秒杀十三斧全部成员（其中三人为云霄级），获得大量财物与书籍，从中了解血洛晶详情（融合三颗成血武者获血洛勋章，融合十颗成黑武者）。,血洛晶及血武者、黑武者传说首次明确说明，成为本篇核心追求目标。
宇宙秘境,杀了他们,战斗描写、爽点设置,战斗、爽点,"罗峰入住飞云阁云级房间；纳布前来拜访，介绍古神废墟传说（天外族群与血洛神灵""神的战争""古战场，直径千亿公里）。",古神废墟的来历首次揭晓，为后续大篇幅古神废墟情节铺垫。
宇宙秘境,血武者,设定展开、人物心理,情感、设定,纳布进一步说明煞气浓郁地区更易融合血洛晶；罗峰锁定淳羽家族为夺取血洛晶的首个目标（燕岗领三大超等势力：石风家族、淳羽家族、虎雷族）。,罗峰的血洛晶获取计划正式启动，锁定第一个目标。
宇宙秘境,淳羽家族,战斗描写、悟道,修炼、战斗、爽点,罗峰夜袭淳羽家族，以灵魂秘法控制谋士余可奇带路，念力操控三百秘卫与九大影卫集体自杀。,罗峰灵魂秘法威力首次大规模展示，淳羽家族遭受重创。
宇宙秘境,古神废墟,战斗描写、转折高潮,战斗、高潮,罗峰掐走淳羽家族家主淳羽崇，问出老祖淳羽陶（域主六阶）、将军石风战、城主石风雄可能都持有血洛晶。,血洛晶持有者名单初步确立，为后续连环夜袭埋下线索。
宇宙秘境,深夜喋血,矛盾展现、转折高潮,冲突、高潮,淳羽崇透露详情后被罗峰处理；燕岗城陷入一片风声鹤唳，淳羽陶发怒搜索整个燕岗城。,燕岗领动荡局势正式拉开，为后续石风家族的覆灭埋下伏笔。
宇宙秘境,淳羽陶,人物心理、矛盾展现,冲突、情感,淳羽陶发现家主失踪震怒，怀疑燕岗领冒出神秘高手；石风雄冷眼旁观淳羽家族的混乱，暗自嘲讽。,淳羽家族与石风家族的暗中矛盾进一步展现，罗峰隐匿身份的谨慎凸显。
宇宙秘境,侦查,人物心理、悬念设置,伏笔、情感,淳羽崇被灵魂秘法控制后，透露石风战也持有血洛晶，并推测领主石风雄至少有一颗未融合的血洛晶；淳羽陶集结家族力量疯狂查探凶手。,血洛晶线索链条完善，同时燕岗领内部展开激烈的查凶行动。
宇宙秘境,夜访,矛盾展现、战斗描写,冲突、战斗,石风战率军突袭飞云阁排查嫌疑人，将罗峰等58人抓入牢狱；牢狱审问实为敲诈钱财，罗峰以紫色刀币贿赂脱身。,官府查凶流于形式，暗讽血洛世界腐败风气；罗峰趁夜锁定石风战下手。
宇宙秘境,美丽的血洛晶,战斗描写、爽点设置,战斗、爽点,"罗峰夜袭将军府，以幽影七绝刀""昙花""一击秒杀石风战，从其身上找到伪装隐藏的血洛晶，第一颗真正获取的血洛晶到手。",血洛晶首次实物展示，其血红三角柱状外观令人印象深刻。
宇宙秘境,血洛晶的神奇,悟道、设定展开,修炼、设定、爽点,罗峰首次尝试融合血洛晶，经历杀戮意志冲击与身体剧烈变异的痛苦过程，融合成功但身体外表无明显变化；同时穿插纳可暗恋女孩、身世曝光的温情插曲。,血洛晶融合过程的痛苦机制首次揭示，纳可的情感线增添全篇温情元素。
宇宙秘境,对血洛晶的渴望,悟道、设定展开,修炼、设定、爽点,罗峰通过反复研究，明白血洛晶能提升对宇宙本源法则的感应与施展威力（约两三成），决定继续搜集更多血洛晶；当晚决定夜袭城主石风雄。,血洛晶的核心机制（法则感应提升、攻击力增强）系统阐明，成为全篇追逐动力。
宇宙秘境,胜之不武,战斗描写、转折高潮,战斗、高潮,"罗峰夜袭城主府，与石风雄激战，石风雄施展""乱空杀""反制，同时以精神念师身份意识轰击暴露命核位置。",石风雄的域主级二阶实力和精神念师身份，令战斗一度陷入僵局。
宇宙秘境,神殿使者,战斗描写、转折高潮,战斗、高潮,罗峰以近身战刺杀石风雄命核成功，获得两颗血洛晶；不朽神殿两位特使游特使、莫特使闻声赶来，罗峰切换魔杀族分身应战。,不朽神殿两位特使的介入，将罗峰卷入更大的危机。
宇宙秘境,魔杀族分身发飙,战斗描写、爽点设置,战斗、爽点,魔杀族分身以万线流身法击杀游特使，识破其原力战衣特性；随后追杀莫特使同样得手。,魔杀族分身战斗力的恐怖展现，两位不朽神殿特使双双陨落。
宇宙秘境,意外之喜,爽点设置、悬念设置,伏笔、爽点,"罗峰趁夜灭杀偷窥捡漏的淳羽陶；从游特使空间戒指中意外发现十颗血洛晶（附纸条揭示是""司雍""托带的）及一艘约50万年历史的A级宇宙飞船。",血洛晶数量激增至15颗；世界主司雍的名字首次出现，为后续危机埋下伏笔。
宇宙秘境,抉择,人物心理、转折高潮,情感、高潮,得知莫特使已将罗峰杀人视频传给世界主司雍，罗峰紧急决定带纳可离开燕岗城；巴巴塔分析局势，建议让纳布父子自行决定去留。,司雍的介入使局势升级，罗峰面临身份暴露的重大危机。
宇宙秘境,离开,情感展现、人物心理,情感,"纳布选择留守燕岗城并舍弃儿子随罗峰离开，罗峰用灵魂秘法抹除纳布当晚记忆；世界主司雍震怒发布悬赏令，罗峰将纳可安置到欲融世界孟那城""雨刀门""。",父子分别的温情场面，纳可命运的转折点。
宇宙秘境,融合,悟道、设定展开,修炼、设定、爽点,"罗峰赠予纳可精神念师修炼秘法与奇珍异宝，嘱其""不到云霄级不许回去""；随后启程前往古神废墟，路上尝试融合第二颗血洛晶失败。",纳可培养计划正式落定；血洛晶融合难度提升的规律首次显现。
宇宙秘境,命运,人物心理、悟道,修炼、情感、爽点,"司雍悬赏令激起燕岗城全城搜捕，罗峰反思融合失败的原因，猜测""杀戮""与""古神废墟煞气""能改造身体以助融合。",血洛晶融合机制的核心规律（身体要求呈十倍递增）得到罗峰的理论总结。
宇宙秘境,古神废墟,环境铺陈、设定展开,设定,罗峰乘机械族飞船历经两个多月的飞行抵达古神废墟外围，遭遇血红色云层；天蚀宫内界主们讨论罗峰此行的风险与机遇。,古神废墟正式登场，天蚀宫监视体系首次揭示。
宇宙秘境,巨坑,战斗描写、环境铺陈,战斗、设定,罗峰进入古神废墟感受煞气对身体的特殊侵染，遭遇不朽神殿四名精英天才偷袭，击杀其中雄壮武者巫奇，其余三人惊惧逃遁。,古神废墟险恶程度和不朽神殿精英天才实力初步展现，罗峰实力震惊四人。
宇宙秘境,远古图影,悟道、环境铺陈,修炼、设定、爽点,"罗峰在超大深坑挖凿""巨坑之府""安顿；魔杀族分身蹲守两个月，观察到深坑煞气形成的远古图影（巨兽飞扑甩尾抽散巨掌），选定金角巨兽秘法《撕天裂地》重点研究""撕天一爪""。","三幅远古图影首次出现，为金角巨兽核心绝招""撕天一爪""的诞生埋下关键伏笔。"
宇宙秘境,两年,悟道、爽点设置,修炼、爽点,罗峰潜修两年悟透九宇混沌碑《细雨图》第12种玄妙，成功融合第二颗血洛晶，尝试融合第三颗失败；随后与乌卡、戎钧相聚小酌，得知每百年最多接10个修炼任务。,罗峰突破速度令人瞠目，融合两颗血洛晶后攻击力提升五成。
宇宙秘境,通天桥第六层,战斗描写、转折高潮,战斗、高潮,罗峰前往通天桥挑战第六层，以蕴含远古图影感悟的暗金色长剑击败标准版衍神兵第五重的银衣掌控者，成功通过。,罗峰凭借《细雨图》参悟的独特优势，突破通天桥第六层，展现出与标准修炼路径不同的顿悟式突破。
宇宙秘境,罗峰和伯兰,转折高潮、人物心理,情感、高潮,伯兰得知罗峰突破消息后急躁冲击通天桥第七层失败；监守者巴芬点评伯兰因骄傲选错混沌碑（《宇宙混沌碑》而非更适合他的空间系混沌碑）的心理弱点；罗峰在幻境海尝试第十座岛屿仍失败但收获颇丰。,"伯兰与罗峰""并驾齐驱""的竞争关系正式确立，为两人后续对比埋下重要伏笔。"
宇宙秘境,坑底的存在,环境铺陈、悬念设置,伏笔、设定,"罗峰探索巨坑深渊，发现煞气浓度呈漩涡状分布规律（非线性递增）；击杀一名因抵抗不住杀戮意志而""入魔""的疯魔武者（血魔）。",巨坑深渊煞气漩涡的分布规律揭示，血魔（入魔武者）设定首次出现。
宇宙秘境,死亡，或者臣服！,矛盾展现、转折高潮,冲突、高潮,"血神霸戚（界主巅峰，已融合8颗血洛晶）现身，十息之内逼迫罗峰在死亡与臣服间做选择；罗峰权衡后选择暂时臣服，成为""血神卫九十七""。",血神霸戚及血神卫体系正式登场，罗峰做出重大战略性抉择。
宇宙秘境,荒兽岐牛,设定展开、人物引入,人物、设定,血神卫队长阿一带罗峰熟悉环境，介绍血神卫及古神废墟的天外族群历史；荒兽歧牛（界主实力，已融合12颗血洛晶）登场，赐予罗峰两颗血洛晶。,"荒兽歧牛及""荒兽亦可融合血洛晶""的关键设定首次点出，为后续金角巨兽融合埋下重大伏笔。"
宇宙秘境,狂喜,人物心理、爽点设置,情感、爽点,"罗峰从其他血神卫口中得知荒兽因血统优秀、擅长金属性而更易融合血洛晶（歧牛已融合12颗）；罗峰恍然联想到金角巨兽同样是""血肉类生命""且是金属性血统巅峰，狂喜不已。",全篇关键转折点——罗峰意识到金角巨兽分身可能拥有远超人类的血洛晶融合潜力。
宇宙秘境,金角巨兽的蜕变,悟道、爽点设置,修炼、爽点,罗峰在体内世界让金角巨兽融合血洛晶，发现血洛之力仅覆盖右蹄爪范围（因身体过大），遂决定将所有血洛晶集中融合于右蹄爪；融合三颗后威力提升一倍。,"""血洛晶集中融合于单一部位""策略确立，成为金角巨兽后续强化的核心路线。"
宇宙秘境,异变,设定展开、转折高潮,设定、高潮,金角巨兽持续融合至第十颗时经历剧痛与身体基本构成的蜕变，右蹄爪鳞甲变为淡金色，力量媲美蜕变前全身之力；继续融合至第15颗后血洛晶耗尽。,"融合十颗血洛晶引发""物质构成层面""蜕变的惊人效果首次揭示，远超此前认知。"
宇宙秘境,狩猎计划,设定展开、转折高潮,设定、高潮,"为获得更多血洛晶，罗峰以魔杀族分身启动""狩猎计划""，暗中猎杀血洛大陆各地域主换取血洛晶；首次出手便斩杀天虞城糜烂城主获得两颗血洛晶。",狩猎计划正式启动，魔杀族分身独立行动线展开。
宇宙秘境,融合,悟道、人物心理,修炼、情感、爽点,金角巨兽持续融合血洛晶至第92颗，疼痛与杀戮意志强度不断攀升，罗峰凭借强悍意志一次次硬撑通过；期间探讨秘纹完整度与融合数量的关联。,血洛晶融合极限的艰难历程集中展现，为下一章的失败埋下悬念。
宇宙秘境,三十年后,转折高潮、人物心理,情感、高潮,融合第93颗血洛晶时因杀戮意志过强而失败；金角巨兽其他部位因杀戮意志叠加同样无法融合；三十年狩猎计划共获9816颗血洛晶后因险遇界主而决定收手。,金角巨兽融合极限确认（92颗），狩猎计划画上阶段性句点。
宇宙秘境,修心三重境界,悟道、人物心理,修炼、情感、爽点,"罗峰与洪、雷神相聚，洪系统阐述""修心三重境界""理论（明心见性、天人合一/赤子之心、心无限大包容一切）；魔杀族分身送十颗血洛晶给本尊，本尊尝试融合第三颗血洛晶感觉较轻松但仍失败。","全篇重要哲理性设定""修心三重境界""完整提出，深化罗峰心境修炼的理论体系。"
宇宙秘境,煞气漩涡,设定展开、悬念设置,伏笔、设定,罗峰进入血洛世界已超过80年，悟透空间本源35种玄妙，远超预期；珑玉王与真衍王讨论罗峰进展，引起虚拟宇宙公司高层重视。,罗峰的成长速度引起公司高层的高度关注，为天蚀宫主的点化埋下伏笔。
宇宙秘境,漩涡核心内,战斗描写、悟道,修炼、战斗、爽点,"罗峰闯入煞气漩涡核心，发现12根巨大金色空间法则秘纹及三幅更清晰的远古图影，记忆下""撕天一爪""细节；身体改造速度加快。",煞气漩涡核心的秘密进一步揭示，撕天一爪的领悟更加深入。
宇宙秘境,拜见血神,悟道、人物引入,人物、修炼、爽点,罗峰成功融合第三颗血洛晶成为血武者，感悟提高一倍；拜见血神霸戚获得两颗血洛晶及领取血洛勋章的承诺。,"罗峰正式达成""血武者""称号，向10万积分的血洛勋章任务迈进一大步。"
宇宙秘境,不朽神殿,设定展开、环境铺陈,设定,不朽神殿背景详细介绍，古神废墟内共有10081个煞气漩涡；世界主库闰在湖底遗迹中发现兽神雕像。,不朽神殿体系及煞气漩涡数量规模的宏大设定揭示，兽神雕像悬念登场。
宇宙秘境,遗迹,悬念设置、设定展开,伏笔、设定,"库闰获得的兽神雕像被罗峰认出正是远古图影中的怪兽""撕天一爪""原型，对金角巨兽修炼极其重要。",兽神雕像与撕天一爪的直接关联被揭示，成为罗峰觊觎的目标。
宇宙秘境,兽神雕像,战斗描写、爽点设置,战斗、爽点,血神霸威授予罗峰血洛勋章（完成10万积分成就）；罗峰用机械族飞船的歼星炮击毁库闰、狱轲乘坐的飞船，夺得兽神雕像。,"血洛勋章任务达成，兽神雕像强势夺取，""三分之一能量储备换兽神雕像，太值了""。"
宇宙秘境,太值了,转折高潮、悬念设置,伏笔、高潮,血神霸威、荒兽歧牛、不朽神灵（岩石战铠老者）判断歼星炮攻击是天外族群科技武器所为，古神废墟局势暗流涌动。,"罗峰的科技手段引发血洛世界高层对""天外族群""的警觉，隐藏危机加深。"
宇宙秘境,雨刀门,矛盾展现、悬念设置,伏笔、冲突,罗峰前往孟那城寻找纳可，得知雨刀门已被灭门，怀疑与纳可复仇有关。,雨刀门覆灭事件揭开纳可命运的新篇章，为司雍之战线埋下导火索。
宇宙秘境,八十年后的纳可,人物引入、情感展现,人物、情感,罗峰找到纳可父子，八十年后的纳可已成长为谨慎狡猾的银发精神念师，历经磨炼达到云霄级；世界主司雍的三弟子（紫衣妖媚女子）追踪纳布体内植入的通讯器，被罗峰识破秒杀。,纳可的成长弧线圆满收官，同时揭示司雍势力仍在暗中追查罗峰线索。
宇宙秘境,罗峰战界主,战斗描写、转折高潮,战斗、高潮,"罗峰单挑世界主司雍（域主九阶挑战界主四阶五阶），司雍施展一方世界压制、双龙刺绝招，罗峰以幽影身法及融合撕天一爪感悟的""葬身""绝招应战。",全篇高潮战斗——罗峰与界主级强者司雍的正面较量正式展开。
宇宙秘境,去死吧！,战斗描写、转折高潮,战斗、高潮,罗峰与司雍激战正酣，司雍再施双龙刺绝招，罗峰以断臂延伸战术偷袭刺穿司雍命核，将其斩杀。,司雍陨落，罗峰凭借暗杀身法优势以弱胜强，为纳可、雨刀门复仇成功。
宇宙秘境,天蚀宫,转折高潮、情感展现,情感、高潮,"魔杀族分身天赋秘法""复制""设定说明；司雍死后势力覆灭，纳可父子获罗峰留下的巨额财富；罗峰告别血洛世界返回天蚀宫，见到接引者默洛克。",司雍之战线圆满收官，罗峰的血洛世界之旅正式画上句点。
宇宙秘境,天蚀宫主（本篇终章）,悟道、悬念设置,伏笔、修炼、爽点,魁梧壮汉（不朽）带罗峰见天蚀宫主，天蚀宫主透露虚拟宇宙公司高层对罗峰、伯兰、戎钧的评价争议（最看好戎钧，其次罗峰、伯兰，但天蚀宫主本人押宝罗峰）；天蚀宫主演示细雨图第36种玄妙助罗峰悟透（九颗黑色火焰星球演示），罗峰完全沉浸参悟中被送上F级飞船离开。,本篇终章，天蚀宫主对罗峰的高度期待与神秘点化，为下一篇留下悬念。
原始,剑之世界,悟道、设定展开,修炼、设定、爽点,"罗峰天蚀宫历练归来，凭天蚀宫主演练的九颗黑火星球轨迹印证参悟《暴雨图》；回归太初秘境修炼场尝试施展衍神兵第六重""自成世界""，首次凝聚出""剑之世界""却仅能维持三四秒即崩溃；发现积分不足购买10万积分的《时空随笔》第三册。","衍神兵第六重""剑之世界""首次成形，成为本篇罗峰突破通天桥第七层的关键铺垫。"
原始,血洛晶的价格,设定展开、悬念设置,伏笔、设定,"罗峰确认完成血洛世界两项任务，共获11万积分；虚拟宇宙公司告知血洛晶被定为宇宙人类""禁物""，严禁贩卖，仅可自留或经审批赠与，公司收购价600积分/颗；罗峰选择不卖近万颗血洛晶，怀疑其背后蕴藏更大用途。","血洛晶""禁物""身份首次揭示，为后续金角巨兽血洛晶集中融合的巨大潜力埋下悬念。"
原始,通天山,设定展开、转折高潮,设定、高潮,"罗峰购得《时空随笔》第三册研读《暴雨图》；好友乌卡透露伯兰再次闯通天桥第七层失败；虚拟宇宙公司邮件详解秘境体系（原始、太初、天地、末世四级）及资格战、通天山两条晋升渠道；罗峰当即决定尝试闯""原始通天山""。",秘境晋升双通道机制确立，为罗峰贸然尝试通天山埋下情节悬念。
原始,以一敌三,战斗描写、转折高潮,战斗、高潮,"罗峰闯入原始通天山山脚，遭遇牛头人、精瘦猿人、蛇女三名守关者围攻；罗峰施展衍神兵""剑之世界""配合幽影七绝刀""葬身""连杀牛头人、蛇女，终因分心被猿人念力兵器""弧蛇""斩首而落败。","原始通天山山脚守关者的恐怖实力首次展现，罗峰以一敌三仍败，凸显通天山""标杆""性质。"
原始,五大高手,人物心理、设定展开,情感、设定,"真衍王告知原始通天山山腰、山顶守关者实力分别是山脚的10倍、100倍，即便原始秘境成员亦无一人能通过；讲述上古天才""科谛""三阶段皆闯过通天山却终究陨落的警示往事；说明资格战规则（太初区38名宇宙级内战选前三），并点出五名已闯过通天桥七层的资深""老人""是罗峰的最大对手。","通天山""标杆""本质及科谛陨落的警示意味明确，五大高手成为本篇资格战线的重要悬念。"
原始,通天桥第七层！,战斗描写、转折高潮,战斗、高潮,"罗峰梳理自身金角巨兽（右蹄爪97颗血洛晶）、兽神雕像、撕天一爪、幽影七绝刀葬身四大优势；半年潜修后重返通天桥，以""剑之世界""配合近身战刀的""以攻代守""战术，剑气不挡反攻，成功刺穿蓝衣人掌控者头颅，闯过通天桥第七层，反超伯兰。",罗峰凭综合优势正式突破通天桥第七层，太初区排名反超伯兰。
原始,新人罗峰,战斗描写、悬念设置,伏笔、战斗,"罗峰趁热尝试闯通天桥第八层，遭遇的对手""剑之世界""已臻至""无处不在""的境界，处处凝剑处处消散，远超罗峰目前掌控层次，罗峰交手落败退回。","通天桥第八层""无处不在""境界首次亮相，标志罗峰晋升之路仍任重道远，也为后续克罗夫、菲托等更高层次强者的登场埋下对比。"
原始,改变,人物心理、设定展开,情感、设定,太初区消息传出，伯兰因察觉自身瓶颈，一改此前固执路线，转而专精空间法则，修炼进境明显加快；太初区各方势力暗中关注罗峰、伯兰二人此消彼长的态势。,"伯兰""专精空间法则""的转变埋下重要伏笔，为后续第47-51章伯兰与莫洛战力接近奠定基础。"
原始,挑衅,矛盾展现、人物引入,人物、冲突,"太初区资深""老人""之一""尼南""暗中安排两名新人对罗峰进行试探性挑衅，意图借机摸清罗峰真实战力，为资格战布局。",尼南的登场及试探挑衅拉开五大高手与新人罗峰之间明争暗斗的序幕。
原始,衍神兵,战斗描写、爽点设置,战斗、爽点,面对挑衅，罗峰施展衍神兵剑之世界连续击杀两名挑衅者莫伊林、阿什，手法干脆利落，引起太初区各方震动。,罗峰实战击杀莫伊林、阿什，正式向太初区展露锋芒。
原始,暴怒,矛盾展现、转折高潮,冲突、高潮,"太初区五大高手之一""萨金·火龙""因同伴莫伊林、阿什被杀而暴怒现身，向罗峰发出正式挑战。","萨金·火龙的登场将罗峰与太初区""老人""的矛盾正式推向表面化。"
原始,《黑洞衍变》,设定展开、人物引入,人物、设定,详细介绍太初区五大高手（克罗夫、萨金·火龙、格、尼南、愚风）的背景实力；重点说明萨金·火龙所修炼的秘法《黑洞衍变》的原理及威力。,五大高手实力图谱及《黑洞衍变》设定完整交代，为后续对决铺垫。
原始,对赌,人物心理、矛盾展现,冲突、情感,萨金·火龙与罗峰立下战约对赌，约定决战时间地点，双方各自为即将到来的对决做准备。,对赌协议的建立，为下一章的正面交锋蓄势。
原始,降临,战斗描写、爽点设置,战斗、爽点,萨金·火龙正式降临战场，罗峰以强大的意识威压瞬间将其压垮秒杀，战斗几乎没有花费多少时间。,罗峰意识威压之强悍首次大规模展现，五大高手之一萨金·火龙陨落。
原始,彪悍的罗峰,设定展开、爽点设置,爽点、设定,"秒杀萨金·火龙一事令罗峰在太初区声名大噪，各方议论其""彪悍""实力；同时详解修炼任务按危险度划分的五级体系（安全级、普通级、困难级、危险级、绝境级）。","修炼任务五级危险度体系正式确立，为罗峰后续接取绝境级任务""魔山""做铺垫。"
原始,绝境任务,人物心理、转折高潮,情感、高潮,罗峰权衡利弊后决定挑战绝境级修炼任务，以此谋求更快突破与更丰厚积分收益。,罗峰主动选择绝境级任务的决策过程，展现其一贯的冒险进取心态。
原始,魔山,设定展开、悬念设置,伏笔、设定,"罗峰最终选定绝境级任务目标为""魔山""（魔音山），了解其可怖的""魔音""危险及神秘的""魔音神将传承""传说。",魔山及魔音神将传承的悬念正式引入，成为本篇后续最重要的机遇线索。
原始,魄瑜侯,人物引入、矛盾展现,人物、冲突,千星宗魄瑜侯得知罗峰即将进入魔山的情报，认定其身负宝物、有机可图，暗中筹划对策。,魄瑜侯这一贯穿全篇的重要反派势力正式登场。
原始,各自准备,矛盾展现、人物心理,冲突、情感,魄瑜侯调派六名千星宗高手（含巫祁等）秘密追杀罗峰，双方各自在暗中筹备，一场围猎与反围猎悄然展开。,千星宗六高手追杀计划成型，罗峰的魔山之旅从一开始便暗藏杀机。
原始,探测,悬念设置、人物心理,伏笔、情感,罗峰伪装成魔山土著身份潜入，凭借伪装躲避千星宗六高手的探测搜寻，谨慎小心地在魔山中周旋。,罗峰伪装躲避的谨慎作风得到展现，也为后续屡次伪装脱险的手法埋下线索。
原始,发现奥秘,悬念设置、设定展开,伏笔、设定,"罗峰在躲避追杀的同时，于魔山中发现一些关于""死亡陷阱""""魔音规律""等奥秘的线索苗头。",魔山内隐藏奥秘的线索初现，为后续系统揭示魔音规律与死亡陷阱概念埋下伏笔。
原始,追杀,战斗描写、矛盾展现,冲突、战斗,千星宗高手之一巫祁察觉罗峰行踪，展开正式追杀，罗峰凭借伪装及地形周旋躲避。,巫祁追杀战正式打响，魔山危机骤然升级。
原始,前狼后虎,战斗描写、转折高潮,战斗、高潮,罗峰在躲避巫祁追杀途中，又与魔山内凶险幻兽群相遇，陷入追杀者与幻兽群前后夹击的险境。,"""前狼后虎""的绝境处境将魔山危险性推向新的高度。"
原始,是谁？,战斗描写、悬念设置,伏笔、战斗,"罗峰化作冰熊分身冲入冰山石林幻兽群中，借幻兽群的混乱掩护成功摆脱追杀者，追杀者们困惑罗峰真实身份""是谁""。",罗峰凭冰熊分身巧妙脱险，追杀者身份悬念暂告一段，为后续死亡陷阱情节承接铺垫。
原始,死亡陷阱,战斗描写、环境铺陈,战斗、设定,"罗峰化冰熊走出幻兽群，途中遭遇神秘吞吸洞窟与魔音的双重袭击，靠魔杀族分身天赋秘法""飞梭""形态惊险逃脱；巴巴塔借机详细解释""死亡陷阱""概念（宇宙秘境中光明或突兀两种危险表现形式）。","""死亡陷阱""设定完整揭示，成为魔山生存法则中的重要一环。"
原始,域主九阶的对手,战斗描写、爽点设置,战斗、爽点,"罗峰选择左侧洞窟安全脱险，途中遇好男风界主""金阳老祖""及其大弟子域主九阶""卡姆噜""，罗峰以魔杀族分身瞬间秒杀卡姆噜；顺带点出混沌成修炼30余年对应原始宇宙100年、血洛世界80年的时间换算规律。",卡姆噜之死为后续金阳老祖复仇追杀埋下直接伏笔。
原始,E9级镭射枪,设定展开、人物引入,人物、设定,"罗峰遇千星宗域主""帕拓""，其持有E9级镭射枪""XTH-122系列""（蓄能仅0.1秒），双方先近身刀战，随后帕拓退开远程蓄能锁定罗峰。",E9级镭射枪这一贯穿本篇后续多个战斗场景的关键机械族武器首次登场。
原始,毁灭之威,战斗描写、转折高潮,战斗、高潮,罗峰紧急召出金字塔形机械族飞船（E级巅峰合金）挡下镭射激光，飞船被动能轰飞撞向自身，靠魔杀族分身变橡胶形态、地球人本尊战甲、摩云藤三重削弱冲击力才勉强存活，随即反手秒杀帕拓。,镭射枪毁灭级威力的惊险一战，罗峰的多重防护手段组合展现出惊人的应变能力。
原始,肥羊,爽点设置、设定展开,爽点、设定,罗峰缴获帕拓的E9级镭射枪（价值约5000混元单位）及3000余枚黑色令牌，黑令牌总量达4320枚；巴巴塔分析追杀者背景（派系斗争、私人恩怨、种族战争三种可能）；此后持续猎杀域主七阶以上目标，令牌数攀升至4831枚。,黑色令牌搜集进度首次明确量化，成为本篇追逐目标之一。
原始,金阳老祖,战斗描写、爽点设置,战斗、爽点,金阳老祖为爱徒卡姆噜复仇追杀罗峰，罗峰以设定专属权限的E9级镭射枪一击秒杀这名界主七阶老祖，令牌总量突破7000枚；随后连续六天参悟《时空随笔》遭遇三次界主级魔音冲击。,金阳老祖复仇线圆满收官，黑色令牌数量迅速逼近万枚门槛。
原始,莫洛,人物引入、设定展开,人物、设定,"详细介绍原始秘境宇宙级成员""莫洛""背景（南狐宇宙国孤儿出身，莫氏家族死士培养，自创《兽拳》）；罗峰用机械族飞船E3级镭射炮击杀猩猩幻兽救下被围攻的莫洛，二人相认，莫洛透露魔音强度规律（学徒级、行星级、恒星级、宇宙级、域主级、界主级六档）。",本篇重要反派人物莫洛正式登场，魔音六档强度规律设定完整交代。
原始,深渊的吼声,矛盾展现、转折高潮,冲突、高潮,"莫洛进一步讲解魔音规律（弱魔音区域周边必有强魔音区）；二人行至广阔冰山平原深坑地带，莫洛突然一脚将罗峰踹入无底深渊，并用C6级镭射枪射入深渊唤醒生灵制造强吞吸力，声称""魔音山杀人无罪""后逃离。",莫洛暗算罗峰这一事件成为二人此后长期恩怨的直接导火索。
原始,深渊世界,环境铺陈、悬念设置,伏笔、设定,罗峰化冰熊持续下坠数十万公里，坠入巨大幻兽老巢世界（幻兽数以亿计，含媲美不朽气息的巨型幻兽如数千公里冰树），发现虚空中悬浮着32座金光宫殿，其中23座有白色光罩、9座无光罩。,深渊世界及32座传承宫殿的神秘布局首次揭示，为后续禁地传承情节铺垫。
原始,不朽,环境铺陈、悬念设置,伏笔、设定,"罗峰化冰熊跃入一座无光罩宫殿，殿内黑色岩石猩猩怪兽守护大殿正门，秒杀试图闯入的幻兽；罗峰偷听到两名不朽神灵对话提及""鸿盟""组织及""32座传承宫殿""，遂决定改用地球人本尊闯大殿。","""鸿盟""这一神秘组织首次被提及，成为悬而未决的重要伏笔。"
原始,禁地传承,悟道、转折高潮,修炼、高潮、爽点,"地球人本尊冲入大殿，黑石猩猩怪兽拦截随之涌入的幻兽群；石碑显现文字""魔音传承禁地，第157672名进入者""；传承阶梯出现，罗峰踏上阶梯开始接受《至高魔音秘典》传承（灵魂类秘法，分基础篇与魔音秘法两部分，基础篇占九成九，核心为提升""念力振幅强度""）。",魔音神将传承的核心机制首次明确揭示，正式开启本篇最重要的机遇线。
原始,处死,矛盾展现、人物心理,冲突、情感,"插叙封王级不朽""蒙苍王""因传承名额被无意占据（正是罗峰）而暴怒，迁怒折磨墨查星球；罗峰在传承阶梯持续修炼；插叙千星宗魄瑜侯处死已知情的三名手下（因罗峰失踪一年未归，魄瑜侯误判其已死）。",蒙苍王的暴怒为后续第39-42章真衍王与狱魉王的师门冲突及蒙苍王复仇悬念埋下重要伏笔。
原始,初选者,悟道、设定展开,修炼、设定、爽点,"魄瑜侯弟子求救家乡墨查星未果（蒙苍王实力太强）；罗峰获知传承分三阶段，完成第一阶段可得""初选者""称号及奖励，第一阶段共3333层阶梯，此时罗峰刚到约360层，念力振幅从70-80提升至360多（翻五倍）。",传承三阶段体系及第一阶段的具体规模首次明确，念力振幅量化标准建立。
原始,焦急,人物心理、矛盾展现,冲突、情感,"详解念力振幅强度概念（类比同时操控多柄飞刀达到极限威力的数量）；真衍王与死对头""狱魉王""（莫洛的师傅）会面，得知莫洛见过罗峰的消息，莫洛谎称被罗峰暗算；真衍王虽疑惑但因深知罗峰品性而选择相信徒弟。",真衍王与狱魉王的师门宿怨、莫洛的谎言埋下罗峰、真衍王与狱魉王一方潜在矛盾的伏笔。
原始,罗峰的极限,悟道、人物心理,修炼、情感、爽点,真衍王内心为罗峰辩护但表面沉默；罗峰修炼三年后念力振幅达1129层阶梯，感到即将触及承受极限（约1200-1300层）；插叙莫洛在魔山中已凑够1万枚黑色令牌获取奖励资格，历时三年半。,罗峰念力振幅逼近极限的紧张感与莫洛已捷足先登搜集黑令牌的对比，形成叙事张力。
原始,漏洞,转折高潮、悟道,修炼、高潮、爽点,"罗峰硬闯第1238层遭遇强大""睡眠""魔音镇压险些沦为行尸走肉，惊险脱险；发现摩云藤及机器人均无法触碰传承阶梯（""传承者专属""空间机制）；罗峰想出用无原核的魔杀族分身（不惧灵魂类攻击）继续攀登阶梯的破解方法。","魔杀族分身""不惧灵魂攻击""的特性成为突破念力振幅极限瓶颈的关键漏洞，是本篇最重要的机制性转折。"
原始,殿堂留宝,爽点设置、转折高潮,爽点、高潮,"魔杀族罗峰抵达第3333层（第一阶段终点）殿堂，留传承者的神秘声音认定其为""宇宙尊者""级别，赠予两件宝物——""洛夫鹨盘""（价值100-200万混元单位的天然念力飞行兵器，不朽神灵专属）和""金魂果""（改变灵魂适应传承的神奇果实，三千纪元一结）。",金魂果的获得成为罗峰后续能突破第一阶段极限、坚持到3211层的关键道具。
原始,资格战，开始！,转折高潮、情感展现,情感、高潮,罗峰吞食金魂果，灵魂显著蜕变（血色变为血金色混合）；分意识回归虚拟宇宙网络安抚家人，与老师真衍王见面，真衍王点破罗峰占用了蒙苍王的传承名额并表示保密；罗峰得知莫洛曾诬陷自己暗算他；百年一度的资格战即将开始。,金魂果服用后的灵魂蜕变、师徒坦诚交心及资格战即将开启，多线交汇于此章。
原始,资格战,设定展开、人物引入,人物、设定,太初秘境38名宇宙级成员（30名老人+8名新人）集合，五大高手（克罗夫、萨金·火龙、格、尼南、愚风）及罗峰均已闯过通天桥第七层；规则揭晓——太初区38人内部厮杀积分排名前三，与原始秘境末三名共6人争夺唯一原始秘境名额。,资格战完整规则正式公布，本篇最重要的竞技线正式启动。
原始,白矮星,战斗描写、人物心理,情感、战斗,"资格战正式开始，38人两两传送对决（19场同时进行）；莫洛暗中观看确认罗峰未死（此前一脚踢罗峰入深渊，以为其必死）；罗峰对手为""摩维斯卡""，战场为白矮星（直径3200公里，引力3.61亿倍地球，2.1万度高温）。",资格战正式打响，莫洛得知罗峰生还内心震惊，为后续二人正面交锋埋下张力。
原始,那一爪,战斗描写、爽点设置,战斗、爽点,"罗峰用衍神兵第五重""空间切割""轻松秒杀摩维斯卡（1胜0平0负）；插叙原始秘境资源分级说明（宇宙级资源丰厚，域主级成""封疆大吏""，界主级栽培成本极高）；插叙狼人克罗夫""凌空一爪""秒杀萨金·火龙并撕裂大陆，展现远超罗峰的法则感悟。","克罗夫""凌空一爪""的恐怖展示，确立其作为罗峰未来资格战最大对手的地位。"
原始,三人,情感展现、转折高潮,情感、高潮,"插叙罗峰三兄弟（洪、雷神、罗峰）虚拟宇宙聚会，洪已加入巨斧斗武场；罗峰资格战战绩汇总——首战克罗夫惨败（三招速败），后续连胜萨金·火龙、尼南、险胜药剂师愚风（""卡司沃6号药剂""）、击败""格""；最终37场战罗峰36胜1负、克罗夫36胜0负、愚风35胜2负，三人并列前三，获资格冲击原始秘境。",资格战总战绩揭晓，罗峰、克罗夫、愚风三人晋级，罗峰唯一败绩来自克罗夫。
原始,原始秘境,悟道、转折高潮,修炼、高潮、爽点,"洪教导罗峰""修炼贵在细水长流、和自己比""的心境哲理；原始秘境资格战开始（5人一日内决出），陇云输给菲托，菲托为唯一闯过通天桥第八层的存在；伯兰（专精空间法则后大幅进步）对战莫洛惨败被扭断脖颈而死。",原始秘境末三名之争尘埃落定的前奏，伯兰的陨落展现莫洛此时实力已远超罗峰想象。
原始,尘埃落定,战斗描写、转折高潮,战斗、高潮,"莫洛与幻术师""司马炎""对决，莫洛因担忧克罗夫实力暴涨而拼死求胜，最终被司马炎""真中有幻，幻中有真""的绝技（火焰世界的倒影）反杀。原始秘境末三名确定为：伯兰、陇云、莫洛。","莫洛在虚拟宇宙网络资格赛中判负""身亡""，实为数据结算意义上的淘汰（虚拟宇宙网络内斗殴并非真实死亡，仅计入胜负积分），故不影响其以原始秘境末三名身份继续参加下一章争夺战；原始秘境末三名尘埃落定，为后续争夺战名单埋下悬念。"
原始,争夺战,设定展开、矛盾展现,冲突、设定,"六人（太初区前三罗峰、克罗夫、愚风 vs 原始秘境后三莫洛、伯兰、陇云）齐聚""榕庄""酒店顶层，虚拟宇宙公司高层不朽公布争夺战规则（每人战五场，总积分最高者获唯一原始秘境名额）；宣布战斗顺序（罗峰依次战伯兰、莫洛、陇云、愚风、克罗夫）；宴会上莫洛假意敬酒挑衅罗峰，罗峰突然爆发暴打莫洛（断其四肢、砸烂其脸），发泄此前被暗算的怒气。",争夺战完整赛制公布，罗峰当众暴打莫洛的爽点情节为后续正式对决预先释放积怨。
原始,罗峰战伯兰,战斗描写、人物心理,情感、战斗,罗峰打完莫洛后畏罪感全无（虚拟宇宙网络内斗殴无实质后果）；第一战对阵伯兰，双方激战不相上下，罗峰用两缕淡金色剑气贯穿伯兰眉心获胜（1胜），私下反思伯兰进步速度惊人（专精空间法则后接近莫洛水准）。,争夺战首战告捷，伯兰专精空间法则后的惊人进步得到正面验证。
原始,罗峰战莫洛,战斗描写、爽点设置,战斗、爽点,第二战，罗峰用意识威压压制莫洛，随后以五缕连续剑气轻松击杀莫洛（2胜），莫洛崩溃痛苦反思罗峰进步速度不合常理（六年闯过第七层却已如此强）。,莫洛暗算罗峰的恩怨在正式对决中得以清算，其崩溃心理侧写深化角色悲剧色彩。
原始,威胁,设定展开、人物心理,情感、设定,"全网关注争夺战进展，罗峰4连胜前的对战陇云、愚风分析；药剂师职业详解（研究型偏门战斗职业，制造各类奇特药剂，成功率极低）；愚风为对付罗峰制作""鱼晶19号""药剂（针对脑神经/识海）。",药剂师职业设定完整交代，愚风的针对性药剂为下一章的险战埋下伏笔。
原始,震惊,战斗描写、转折高潮,战斗、高潮,愚风19号药剂通过丝线渗透攻击罗峰脑神经影响识海，罗峰凭借强大意志强行压制毒素影响，用剑之世界五缕剑气秒杀愚风（4胜0平0负）；愚风死前震惊于罗峰意志强度。,罗峰意志力再度成为化险为夷的关键，四连胜战绩确立。
原始,罗峰和克罗夫，最后的战斗,转折高潮、悬念设置,伏笔、高潮,"罗峰准备""作弊""底牌——现实中让金角巨兽施展天赋秘法""强化""从而提升意识强度间接增强虚拟宇宙网络中的表现；真衍王告知克罗夫已具备通天桥第八层实力；战斗开始后罗峰传送至战场却发现克罗夫始终未出现。",克罗夫的神秘缺席为下一章的关键转折埋下重要悬念。
原始,声明,转折高潮、人物心理,情感、高潮,"系统判定克罗夫因超时未进入虚拟宇宙网络，自动弃权，罗峰获得该场胜利（5连胜，百分百积分第一），意外获得原始秘境唯一名额；虚拟宇宙公司随后发布官方声明，说明克罗夫当时正在执行""绝境级任务""（死亡率90%），长期失联，很可能已经殒落；各方反应不同：真衍王高兴、莫洛愤恨、魄瑜侯震惊罗峰未死、同届天才崇拜；罗峰内心因胜之不武而复杂，次日搬迁至原始秘境。","克罗夫生死未卜的悬念正式确立，罗峰""胜之不武""跻身原始秘境，成为全篇竞技线的收官转折点。"
原始,迪伦,设定展开、人物引入,人物、设定,罗峰告别太初区护卫队，转赴原始秘境；原始区管理者不朽神灵艾陀尔接待，说明原始区共113座庄园（界主级殿下100位、域主级10位、宇宙级3位）；罗峰获配113号庄园及护卫军首领迪伦（不朽神灵，实力接近封侯级，为三师兄嗜血王的弟子，实为罗峰师侄）；老师真衍王提醒罗峰未来外放为封疆大吏时可能面临的危险与仇敌问题，并告知可申请一位不朽长期指导。,原始区体系架构与护卫配置正式揭示，迪伦这一师侄身份的护卫首领登场，为罗峰定居原始秘境铺路。
原始,不朽老师,人物引入、悟道,人物、修炼、爽点,"真衍王指点罗峰申请时加上""敬仰不朽神灵布布鲁""一句以获得心仪老师；封侯级不朽""布布鲁""（矮人壮汉，勉强可封王级战力）应允担任老师，教授自创爪类秘法《三千星空》；布布鲁发现罗峰早已擅长爪法（源自兽神雕像传承、撕天一爪）而喜出望外，倾囊相授。",罗峰拜师布布鲁习得《三千星空》，爪法与已有的撕天一爪、兽神雕像传承形成呼应，成为其战力体系的新分支。
原始,传承结束,悟道、人物心理,修炼、情感、爽点,"罗峰在传承殿继续修炼至第2316层时反思师兄克罗夫两年未归的生死悬念；分析绝境任务背后往往蕴藏""大机遇大秘密""的规律，警醒自己勿被野心蒙蔽；最终在第3211层耗尽全力完成传承（依靠金魂果改变灵魂特质而超越大部分不朽神灵的成绩），昏迷31天后传承结束，此时距接受传承已近12年，念力振幅达3200余。",罗峰历时12年的魔音神将传承正式落幕，念力振幅达到远超常规不朽的3200余，成为本篇最大机遇的收官成果。
原始,出去,设定展开、悬念设置,伏笔、设定,"金角巨兽尝试融合第99颗血洛晶成功（此前止步于97颗），右蹄爪显现""兽头咆哮图""秘纹（唯独缺失独角，推测融合满100颗后方能完整）；融合第100颗失败；罗峰化冰熊摸索离开深渊世界，沿一个方向持续前进数万公里终于发现魔音信号，判断接近出口。","""兽头咆哮图""秘纹初显却独角缺失，金角巨兽满百融合的悬念被明确提出，为后续巨兽实力再突破埋下线索。"
原始,地狱无门你闯进来,战斗描写、环境铺陈,战斗、设定,"冰熊进入幽深洞窟迷宫（395个洞窟交汇口），因无法原路返回而改为伪装土著寻找""智能光脑""获取路线图；击杀9名土著后获得路线图，途中遭遇界主强者追击，用E9级镭射枪一击秒杀；黑色令牌总数逼近并突破至接近1万枚。",黑色令牌数量即将凑齐万枚门槛，为下一章天羽王的巨额奖励做直接铺垫。
原始,巨额奖励,设定展开、转折高潮,设定、高潮,"罗峰飞出魔音山，感慨传承的珍贵与自身实力受限（仅走到第一阶段末期）；被引至天羽王的""羽皇殿""，得知天羽王与真衍王地位相当（封王级不朽，无限接近宇宙国主层次）；天羽王宣布因搜集满1万枚黑色令牌将给予三选一的巨额奖励，此举令在场24名不朽（含魄瑜侯）颇感意外。",万枚黑色令牌的目标正式达成，天羽王巨额奖励的悬念揭开，魄瑜侯在场见证成为其后续态度转变的隐性伏笔。
原始,三份奖励,设定展开、人物引入,人物、设定,"天羽王给出三个选项——""蛹螺甲""（界主级防御战甲，拍卖价80-100万混元单位）、""究炎虚空金""（巴掌大3.1吨珍稀兵器材料，拍卖价150-200万混元单位）、现金50万混元单位；巴巴塔分析建议选择究炎虚空金（因摩云藤未来可自然突破不朽、罗峰不缺钱），罗峰选择究炎虚空金；后得知天羽王曾受真衍王救命之恩，故对罗峰格外优待；三个月后飞船抵达原始秘境，见到136颗乌辰星球构成的独特时空。","罗峰获取珍稀""究炎虚空金""，天羽王与真衍王的旧日恩情浮出水面，同时正式引出乌辰时空这一原始秘境核心场景。"
原始,罗峰的计划,设定展开、悟道,修炼、设定、爽点,"详述""乌辰时空""（第九时空）构造，136颗人工制造星球自动运转形成防护屏障，核心为悬浮的乌辰大陆，所有殿下均居住于此；罗峰测试剑之世界已达""无处不在""境地（念力振幅3200多，是正常极限100的32倍）；罗峰查阅任务资料，制定百年计划：先完成原始秘境六个危险级任务，再挑战绝境级任务""迷踪星系""（排名第6，50万积分），最后待金角巨兽、魔杀族分身均达界主期后再挑战""炼狱深渊""（排名第1，100万积分，死亡率99%）。","乌辰时空构造完整揭示，罗峰的百年修炼与任务规划正式确立，""炼狱深渊""这一全篇最高难度任务目标首次点名。"
原始,意外消息,悬念设置、转折高潮,伏笔、高潮,"罗峰耗时三年半完成六个危险级任务（维斯卡星、废墟古神殿等），发现两处大秘密苗头，靠魔杀族分身""复制""天赋秘法涉险取得珍稀""紫宸百络叶""（价值约200万混元单位）；随后开始绝境任务""迷踪星系""（媲美银河系大小的搜寻类任务，需寻39颗晶石获50万积分），历时5年余完成，魔杀族分身探索中六度陨落又复生；11年后（距魔山出关），二哥雷神紧急召唤，告知大哥洪与乾巫宇宙国姬氏家族之女姬青相恋受阻的消息。","六个危险级任务与绝境任务""迷踪星系""顺利完成，两处大秘密苗头悬而未决，大哥洪的情感危机成为全篇最后的矛盾引线。"
原始,罗峰的决定,情感展现、转折高潮,情感、高潮,"罗峰查明姬氏家族背景（乾巫宇宙国三百王侯之一，族祖为银雪侯姬天藏；姬青为宇宙佣兵联盟核心成员）；罗峰提出两种解决方案——请老师真衍王出面，或自己突破域主级外放为封疆大吏施加影响力；权衡后决定放弃最后一次绝境任务""炼狱深渊""，听从真衍王""一往无前""的劝勉，即刻准备突破域主级。本篇在此正式结束。","罗峰为兄长情感危机毅然放弃最后的绝境任务机遇，转而全力冲击域主级突破，全篇以亲情抉择收尾，""炼狱深渊""与""姬青感情线""成为承接下一篇的重要悬念。"
封疆大吏,第四巨头,设定展开、转折高潮,设定、高潮,"罗峰在虚拟宇宙公司三名黑衣执事现场以念力、原力、血液三重验证下正式突破域主级；营养舱强化至域主九阶特权；按规定域主级必须外放，罗峰选择返回乾巫宇宙国；迪伦向罗峰详细介绍虚拟宇宙公司乾巫分部三大巨头（武部金羽侯、商部紫电侯、军部黑湮侯）及""监察特使""这一""第四巨头""职位的由来与特权。","罗峰正式突破域主级并确定外放身份为乾巫分部监察特使，""第四巨头""这一全篇核心身份设定首次揭示。"
封疆大吏,神国,设定展开、人物引入,人物、设定,迪伦详解监察特使的监察特权及积分获取渠道；雨相山原始区诸多天才议论罗峰远超常规的突破速度；戎钧、乌卡、伯兰等天才战前十好友设宴为罗峰送行，伯兰追问罗峰能否在几百年内闯过通天桥第十层；迪伦讲解神国传送原理（固定空间通道代价巨大，一次性传送按混元单位计费）。,神国传送体系设定完整交代，从原始秘境经迪伦神国传送到乾巫宇宙国共需消耗8混元单位，为后续还债情节埋下线索。
封疆大吏,前往乾巫宇宙国,环境铺陈、设定展开,设定,"罗峰乘坐迪伦座驾（老师奖励迪伦的F级飞船""延星号""）离开原始秘境；经神国传送抵达乾巫宇宙国鹏岩星域，之后宇宙航行12天抵达穹玉星（乾巫宇宙国九大一级行政星之一，直径98万公里，人工制造星球）；罗峰打算取老师遗产偿还迪伦垫付的8混元单位传送费用。",穹玉星作为本篇乾巫宇宙国主要活动场景正式登场，罗峰还债计划埋下下文取遗产的动机。
封疆大吏,老师的遗产,设定展开、爽点设置,爽点、设定,罗峰、迪伦抵达穹玉星相水城，购买价值120亿宇宙币的燕山庄园作为居所；前往宇宙星河银行查询老师呼延博遗产账户，得知域主级账户余额高达312万余混元单位（另有恒星级子账户100亿乾巫币、宇宙级子账户3混元单位）。,老师呼延博留下的312万余混元单位巨额遗产正式揭晓，成为罗峰后续一系列升级投入的资金基础。
封疆大吏,摩云藤的进化,设定展开、转折高潮,设定、高潮,"罗峰取得遗产后当即转账8混元单位归还迪伦垫付的传送费；巴巴塔讲解星河银行客户星级门槛（三星10混元、四星1万混元、五星1000万混元单位）；罗峰选择摩云藤""超级进化""方案，花费8.5万混元单位，进化后主藤蔓数量可达216条，逼近传说中最完美的360条。","摩云藤""超级进化""方案确定，216条主藤蔓将大幅提升罗峰实战防护与变化能力。"
封疆大吏,秘纹固化,设定展开、情感展现,情感、设定,罗峰联系虚拟宇宙公司维修改造陨墨星号（维修5.6万+改造12.4万=18万混元单位，另加法则秘纹固化完善13.9万混元单位，令防御提升30%、切割攻击提升50%），总耗资40.4万混元单位；罗峰与大哥洪在穹玉星宝典城晨星餐厅相约见面，得知洪与姬青（姬氏家族天才）的恋情遭姬氏家族强烈反对。,陨墨星号完成全面升级改造，同时大哥洪与姬青的情感危机线正式引入，成为本篇重要副线。
封疆大吏,请求离开,矛盾展现、人物心理,冲突、情感,银雪侯姬天藏之孙姬蓝登（姬青父亲）从雪疆星域紧急赶回穹玉星，追踪至晨星餐厅当面请求洪主动离开姬青、彻底消失在她的世界中；洪表面平静内心痛苦，罗峰始终隐蔽面部特征全程未暴露身份。,姬蓝登当面请求分离的场景，将洪与姬青的情感矛盾正式激化摆上台面。
封疆大吏,新陨墨星号,设定展开、转折高潮,设定、高潮,罗峰居于燕山庄园泡营养舱潜修，境界达域主八阶，摩云藤持续进化中；虚拟宇宙公司送回修复改装后的陨墨星号（提速至50倍光速，防御攻击大幅提升，具备隔绝念力探测能力）；正式任命下达——罗峰成为虚拟宇宙公司驻乾巫分部监察特使。,"罗峰监察特使职位正式生效，标志""封疆大吏""身份的落地。"
封疆大吏,罗峰上任,人物引入、悬念设置,人物、伏笔,虚拟宇宙紫晶岛（乾巫分部办公地），三巨头（猿人紫电侯震潜、金发邪异男子金羽侯埃弗、黑纱少女黑湮侯薇撒）密谋应对新任监察特使的三种方案；罗峰到场受到隆重热情迎接，8.2亿部下、322位不朽神灵跪拜行礼；罗峰认出旧识不朽神灵曼落（黑龙山星域商部负责人）。,三巨头暗中密谋应对罗峰的态度，为后续罗峰与三巨头的微妙博弈关系埋下悬念。
封疆大吏,筹备,设定展开、矛盾展现,冲突、设定,曼落陪同罗峰参观乾巫分部各部门运作；三巨头详细讲解虚拟宇宙公司对整个人类经济、军队命脉的垄断控制体系；罗峰透露已抵达穹玉星，三巨头决定举办高规格接风宴，虽罗峰要求规模小些，三巨头仍按顶级规格筹办；银雪侯府场景切入——银雪侯姬天藏点名不朽神灵誉阚、界主姬风烟一同参加接风宴。,虚拟宇宙公司垄断经济命脉的设定完整揭示，接风宴筹备正式启动，银雪侯一方的参会动机埋下暗线。
封疆大吏,接风宴,人物心理、环境铺陈,情感、设定,银雪侯考量家族血脉传承压力（家族仅自己一个不朽神灵）；接风宴筹备十余天，规模虽小但层次极高（仅三百王侯及顶级不朽神灵受邀）；罗峰事先将大哥洪安置在宴会厅旁的休息室；宴会开始，众多封侯级不朽神灵陆续抵达，紫电侯提及邀请了卜筮卡、黑龙山帝国神主等与罗峰关系密切者。,接风宴正式开场，罗峰暗中安排洪进场的伏笔在此埋下。
封疆大吏,吹捧,人物引入、矛盾展现,人物、冲突,"龙翼王、黑龙山帝国神主""黑龙""、卜筮卡与洛（洪的老师，时光界主）先后到场向罗峰热情打招呼；银雪侯姬天藏正式登场并与罗峰互相恭维；宴会间，银雪侯私下向金羽侯请求为姬氏家族争取多五成的虚拟宇宙公司精英培养名额指标，被金羽侯以""回头再谈""婉拒；姬风烟建议银雪侯设法说服罗峰帮忙。",银雪侯为家族利益向三巨头求助未果，转而将说服目标锁定罗峰，为后续罗峰、洪、银雪侯三方互动埋下关键动机。
封疆大吏,那是我大哥,转折高潮、人物心理,情感、高潮,"乾巫分部三巨头当众在宴会厅高台上正式介绍罗峰为乾巫分部新任监察特使、""第四巨头""，令在场众多不朽神灵对罗峰地位陡然改观、心生忌惮；罗峰暗中传音安排界主将洪带入主厅；银雪侯主动上前与罗峰攀谈之际，洪高声呼喊罗峰""老三""，银雪侯瞬间认出洪的身份，得知洪竟是罗峰生死兄弟后大为震动，遂答应向罗峰坦白阻拦洪与姬青的真正原因。","三巨头当众力挺罗峰确立其""第四巨头""地位，同时银雪侯得知洪与罗峰的兄弟关系，为下一章揭晓真相埋下直接铺垫。"
封疆大吏,原来是这样,设定展开、悬念设置,伏笔、设定,"银雪侯向罗峰详述真相——阻拦姬青与洪的并非自己，而是姬青的老师、宇宙佣兵联盟阵营封王级不朽""幻灵王""（麾下操控81位不朽神灵奴仆，其中2位为封王级）；幻灵王门下19位弟子皆无配偶，得知姬青与洪的事后严令银雪侯阻止，否则将驱逐姬青出门；洪向罗峰、迪伦、卜筮卡、洛坦言绝不轻易放弃，并提出想要亲自求见幻灵王。","阻拦洪与姬青恋情的真正幕后""幻灵王""及其严苛门规首次揭示，为后续赌命闯幻境情节确立动机。"
封疆大吏,幻灵王,人物引入、环境铺陈,人物、设定,罗峰请银雪侯代发邮件给幻灵王请求接见，银雪侯半信半疑替其转发；宴会结束当夜，幻灵王回信同意接见，罗峰、洪连夜前往虚拟宇宙黑龙山岛屿九星湾，由幻灵王弟子黑色羽翼男子布舍喇引领传送至幻灵宫（宫殿高约十万公里，分九层，通体魑魅族纱衣少女装点），二人正式见到躺卧于淫靡王座上的幻灵王本尊。,幻灵王及其宫殿的神秘诡异气息首次正面呈现，罗峰、洪成功获得直接面见幻灵王的机会。
封疆大吏,赌命,矛盾展现、转折高潮,冲突、高潮,"幻灵王给洪两个选择——一是等界主巅峰时参加域外战场立功至一等勋章，二是立即闯幻灵王布置的十八重""爱欲幻境""；无论哪种失败都将被处死，成功则不再阻碍其与姬青的关系；洪不顾罗峰焦急劝阻，毅然选择第二条""赌命""闯幻境，并表明失败绝不需幻灵王动手，自己会主动赴宇宙佣兵联盟驻地自杀并全网同步。",洪以性命为赌注选择闯十八重爱欲幻境，将本篇情感副线推向最高风险的转折点。
封疆大吏,悬于一线,环境铺陈、人物心理,情感、设定,"洪进入幻境殿第101层开始逐层攀爬，前几层破除较快，越往后越加艰难；幻灵王向罗峰讲解""爱欲""作为欲望之一种、其布置十八重幻境的深意；二哥雷神远程连线关切进展；洪连续闯过第十、十一、十二、十三、十四直至第十七层，令包括幻灵王本人在内的所有人愈发震惊与紧张。",洪逐层闯幻境的进程令幻灵王本人的态度由平静转为动容，为最终第十八层的成功悬念蓄势。
封疆大吏,子非鱼，焉知鱼之乐,转折高潮、悟道,修炼、高潮、爽点,"洪成功闯过第十八重爱欲幻境，幻灵王亲口承认惊讶并同意不再阻碍二人；洪向罗峰坦白全程实为""表演""——刻意伪装艰难以免幻灵王因面子问题暗中变化幻境或直接灵魂攻击致死，同时借""看山是山，看水是水""的华夏典故阐述自己对爱欲本质早已看透彻悟；然而当二人前往姬青住处相见时，姬青却忽然松手后退，说出""你走吧，不值得的""。",洪表演式闯关的智慧首次揭晓，然而姬青的意外反悔却令情感线陡然逆转，成为悬念焦点。
封疆大吏,NO.9,情感展现、转折高潮,情感、高潮,"洪透过姬青的眼神判断她并未被催眠迷惑，而是发自本心做出决定；姬青坦言""有些比爱情更重要""，坚持要求分手，洪黯然说出""抱歉，这段时间，打扰你了""后转身离去；插叙虫族神秘暗杀组织将罗峰列为""NO.9""暗杀目标，下令追查其家乡银河系地球的坐标信息。","洪与姬青的情感线以悲剧收场告一段落，同时虫族暗杀组织""NO.9""追杀线索正式引入，为下文地球危机埋下伏笔。"
封疆大吏,异变,悬念设置、转折高潮,伏笔、高潮,"虫族暗杀小队因空间秘法掩盖坐标而无法直接抵达地球；罗峰在返程陨墨星号上潜修一个多月达到域主九阶巅峰，摩云藤成功进化至216条主藤蔓；金角巨兽历经最痛苦的一次尝试，成功融合第100颗血洛晶，右蹄爪骨骼肌肉鳞甲发生质变，异变为纯金色并显现出完整的""兽神头颅咆哮图""秘纹。","金角巨兽融合满百颗血洛晶，右蹄爪完整显现""兽神头颅咆哮图""，成为本篇战力跃升的关键节点。"
封疆大吏,地球,设定展开、环境铺陈,设定,罗峰分析融合百颗血洛晶效果——右蹄爪法则契合从9倍跃升至10倍，力量则相当于蜕变前全身力量的整整10倍，叠加《本尊天地》与血洛之力后单蹄爪可达近110倍基础身体力量；陨墨星号抵达太阳系，罗峰、迪伦见证火星已被改造为绿色生命星球，地球与火星间大量宇宙飞船往来交通便捷。,金角巨兽力量提升至110倍基础身体力量的具体数据揭晓，地球与火星的巨大变迁场景铺陈完成。
封疆大吏,听到了,人物引入、转折高潮,人物、高潮,"罗峰、迪伦伪装潜入扬州城老街道及母校旧址，进入儿时熟悉的餐厅，目睹严欢（罗彦长同学）带保镖清场欺压练功服青年杨志；罗家八世孙罗彦长携紫衫女孩现身处理纠纷；罗彦长与严欢暗中传音交谈被角落中的罗峰、迪伦无意""听到了""；罗峰摘下墨镜暴露身份，罗彦长脸色瞬间煞白。",罗峰意外暴露身份震住八世孙罗彦长，侧面展现罗家在地球的权势地位与罗峰的绝对威严。
封疆大吏,老家,人物心理、情感展现,情感,"罗彦长惶恐不已，谨记罗峰""回家、不要提起""的吩咐；罗峰、迪伦返回罗家老宅，与弟弟罗华重逢；徐欣（罗峰妻子）向罗峰汇报族内法庭执行情况（三人死刑、37人惩罚），提及罗彦长因言行不当或将被族内法庭审判惩罚去矿物星球服刑3-10年。",罗家族内法庭体系及严格家规首次系统揭示，为罗峰治家理念提供设定补充。
封疆大吏,虫族母巢计划,情感展现、设定展开,情感、设定,"罗家老宅当晚举行家族宴会，两千余名族人参拜家主罗峰，罗峰见证家族第九世孙罗克敌""51位报备妻子、21子28女""的夸张繁衍现象；罗峰与妻儿商议在地球逗留数百年至上千年的计划；迪伦向徐欣、罗平、罗海讲解宇宙其他族群""提前灭杀""绝世天才的潜在威胁及虚拟宇宙公司的天才星球安全保障机制；罗峰追问虫族母巢近况。",家族繁衍盛况与宇宙威胁认知并陈，虫族母巢计划正式被重新提上日程。
封疆大吏,罗家藏宝库,设定展开、悬念设置,伏笔、设定,徐欣汇报虫族母巢（界主级，活体，具备培育大批界主虫族战士能力）多年看守情况；罗峰讲解自己念力振幅高达3200余，恰好适合人类1008宇宙国29种虫族母巢控制秘法中最苛刻的《万心控魂秘法》；徐欣带罗峰前往罗家1号藏宝库，取出一块地底埋藏超6亿年却毫无腐朽痕迹、疑似超越E级合金的神秘残缺黑色金属板。,《万心控魂秘法》与虫族母巢控制计划正式确立方向，神秘黑色金属板作为全篇最重要的机遇道具首次现身。
封疆大吏,焱神族,悟道、悬念设置,伏笔、修炼、爽点,"罗峰用金角巨兽天赋秘法""强化""钻透金属板内部阻碍，破开近万个幻境获得36923个方块字文字讯息；巴巴塔辨认出这是宇宙强大族群""焱神族""的文字，其历史远超六亿年，并详解宇宙族群分类体系。",黑色金属板内蕴含的焱神族文字讯息首次破解，为下一章秘典内容的揭晓铺路。
封疆大吏,无名,悟道、转折高潮,修炼、高潮、爽点,"罗峰翻译出秘典内容——名为""九劫XX""的残缺修炼秘典，主研身体基因主动进化，一共九劫，每一劫修炼失败都会灵魂身体当场崩溃；因秘典仅存最前部分，只有第一劫内容完整；罗峰惊觉此秘法能超脱宇宙规则、令界主九阶巅峰依旧推动基因进化，决定暂命名""无名秘典""并秘密修炼，同时安顿虫族母巢、启动地球改造计划。","""无名秘典""超脱宇宙规则、主动推动身体基因进化的逆天性质首次揭示，成为本篇最重要的机遇伏笔。"
封疆大吏,能量守恒,悟道、转折高潮,修炼、高潮、爽点,"罗峰以念力晶球、原力晶球与身体三者结合模拟""内宇宙循环""修炼无名秘典第一劫，地球人本尊修炼十二天后突然全身崩溃化为飞灰，体内世界中复活重生；转而让金角巨兽小心尝试，庞大身躯崩溃后飞灰竟完美复原为新身体，罗峰由此惊叹""能量守恒""的奇妙原理，最终耗时一个月，地球人本尊、金角巨兽均修炼成第一劫，身体强度分别提升至近三倍、1.5倍。","无名秘典修炼过程中""能量守恒""复活机制得以验证，罗峰、金角巨兽双双修成第一劫，身体强度大幅跃升。"
封疆大吏,地球上的50年,设定展开、悬念设置,伏笔、设定,罗峰下令大规模制造探查机器人搜索地球寻找黑色金属板其他残片（未果）；虫族暗杀组织第13小队潜入太阳系后确认地球安全改造完善、无法接近罗峰，转为长期潜伏侦查；罗峰在地球平静潜修超过五十年，专注参悟《九宇混沌碑》暴雨图72种空间本质及无名秘典（金角巨兽修炼第一劫耗时29年）；虚拟宇宙公司终于下达首个特殊任务，最高可获20万积分奖励。,地球潜修五十年的平静期落幕，虚拟宇宙公司首个重大特殊任务下达，正式开启曜亥任务线。
封疆大吏,第九军团,设定展开、矛盾展现,冲突、设定,任务详情揭晓——乾巫宇宙国梦幽帝国皇族曜亥家族族祖曜亥（封侯级不朽）及其徒弟杰弗里斯（上等不朽军主）已被虫族灵魂操控，需击杀二人及其麾下1.2亿爪牙精英，任务期限一年，总完成度乘20万为最终积分奖励；罗峰携迪伦及五名界主乘陨墨星号前往红晨星，与乾巫第九军主（封侯级不朽）及第九集团军（百万战士，100军编制）会面并接受调遣。,曜亥/杰弗里斯猎杀任务的详细规则与所动用的第九军团正式确立，全篇最大规模的军事行动线拉开序幕。
封疆大吏,金角族群,设定展开、人物引入,人物、设定,"罗峰与第九军主详细会面，双方就击杀曜亥、杰弗里斯的整体作战计划展开研究；罗峰同步研究此次协同作战的金角族群""塔文部""资料，得知塔文部寺番祁等九名族人已提前查阅罗峰相关战绩资料，并按族规决定主动与罗峰交好合作。",金角族群塔文部及寺番祁等九人首次以合作方登场，为后续拉斯奥世界机遇线埋下人物基础。
封疆大吏,枕戈以待,环境铺陈、设定展开,设定,陨墨星号抵达红晨星，罗峰与金角族群塔文部九人正式会面，共同商定分兵猎杀曜亥、杰弗里斯的具体行动方案；大军随后启程，抵近梦幽帝国帝都星附近待命，全军进入枕戈待战状态。,猎杀行动的具体分工方案敲定，大军兵临帝都星外围，战斗一触即发。
封疆大吏,猎杀不朽神灵,战斗描写、转折高潮,战斗、高潮,罗峰下令行动，此时帝都星宴会现场曜亥、杰弗里斯、隆赤尔三人俱在场；罗峰亲自指挥调度，命令寺番祁小队负责正面偷袭击杀，并同步开启全网直播记录此次猎杀不朽神灵的重大战斗。,猎杀行动正式打响，直播记录方式凸显此次任务的公开示威性质。
封疆大吏,不朽之战,战斗描写、转折高潮,战斗、高潮,"寺番祁率队突袭曜亥致使宴会厅当场被彻底摧毁；隆赤尔在关键时刻""背叛""人族阵营、亲手净化被虫族操控的杰弗里斯致死；最终寺番祁不惜耗尽大量自身不朽之力，成功彻底湮灭曜亥。",曜亥、杰弗里斯双双伏灭，寺番祁为此付出惨痛的不朽之力代价。
封疆大吏,灾难,战斗描写、转折高潮,战斗、高潮,帝都星五分之一区域在此番激战中化为一片废墟；罗峰在混乱中亲手击杀企图叛逃的界主艾芙；不朽级虫族母巢突然现身，对帝都星发动毁灭性的轰爆突袭。,不朽级虫族母巢的突然介入将局势推向全篇最惨烈的灾难性转折。
封疆大吏,不朽级虫族母巢,战斗描写、设定展开,战斗、设定,不朽级虫族母巢展现出惊人的合击威力，令众人措手不及；寺番祁凭借随身携带的一方世界瞬移全船脱险；虫族母巢集体意识联合作战的恐怖程度在此役中得到充分展现。,"虫族母巢""集体意识联合作战""这一设定首次完整呈现，凸显其威胁远超预期。"
封疆大吏,盘点,人物心理、悬念设置,伏笔、情感,战斗结束后全军进行伤亡统计，30艘星际战舰战后仅存28名不朽神灵、1923名界主、5990名域主，随军的宇宙级战士更是全军覆没。,惨烈的伤亡数据揭示此次猎杀任务背后不朽级虫族母巢所付出的巨大代价。
封疆大吏,分别前,矛盾展现、战斗描写,冲突、战斗,莫斯星球上尚有12名残余目标趁乱逃脱，罗峰下令全力追杀；行动中处决叛徒坦布林；虫族灵魂控制的雷德对罗峰发起隐蔽的灵魂攻击，但未能成功。,残余目标的追杀行动持续进行，雷德的灵魂偷袭失败为下一章罗峰的反击埋下衔接。
封疆大吏,衍神兵创造者,战斗描写、设定展开,战斗、设定,"罗峰成功击杀雷德，彻底了结此次任务的残余威胁；寺番祁盛情邀请罗峰前往金角族群圣地""拉斯奥世界""；席间寺番祁向罗峰介绍希罗多元老创造""衍神兵""体系的悠久历史渊源。","""衍神兵""这一重要战斗体系及其创造者希罗多元老首次被详细介绍，为拉斯奥世界机遇线正式铺垫。"
封疆大吏,拉斯奥世界,环境铺陈、设定展开,设定,罗峰应邀启程前往拉斯奥世界，途中金角巨兽在体内世界的修炼尝试未能突破界主级；经过三个月的宇宙航行，陨墨星号终于抵达拉斯奥世界。,拉斯奥世界这一金角族群圣地正式登场，成为本篇后半段的核心舞台。
封疆大吏,十万部落,设定展开、环境铺陈,设定,"拉斯奥世界的地理构造与部落体系得到详细介绍，全境共有十万部落，等级森严；塔文部在此体系中属于""上等部落""；塔文部族长信让寺番祁带罗峰前去拜见元老、申请参悟圣碑。",拉斯奥世界十万部落的等级体系与圣碑参悟机制首次系统揭示。
封疆大吏,星空巨兽,环境铺陈、悬念设置,伏笔、设定,罗峰、寺番祁一行飞往圣城，途中历经18天航行；抵达圣城后目睹巨型希罗多雕像的宏伟壮观；罗峰在此首次见到被困锁长达两千万年之久的毁娑巨兽。,被困锁两千万年的毁娑巨兽首次登场，其神秘身份为后续机遇情节埋下重要悬念。
封疆大吏,神宫外,矛盾展现、战斗描写,冲突、战斗,罗峰暗中谋划寻机取得毁娑巨兽的脱落毛发；此举引来大批金角族青年蜂拥而至向罗峰发起挑战，最终由神宫统领卑牀出面制止众人骚乱，并主动向罗峰提出挑战。,卑牀首次登场并主动挑战罗峰，为后续与卑牀、卑虬兄弟的连番对决拉开序幕。
封疆大吏,机遇,转折高潮、悬念设置,伏笔、高潮,卑牀正式向罗峰发起挑战；罗峰趁隙独自进入困锁区域与毁娑巨兽进行交流对话，成功取走其脱落的毛发；元老随后同意罗峰独自参悟圣碑一个月，并可从秘典塔任选一份秘法。,罗峰成功获取毁娑巨兽毛发并赢得参悟圣碑一个月及自选秘法的重大机遇，全篇最关键的机缘节点。
封疆大吏,罗峰和卑牀,人物引入、悬念设置,人物、伏笔,寺番祁向罗峰介绍卑氏兄弟的真实实力（卑虬为域主级天才第一人，已闯过通天桥第十层）；罗峰正式接受卑牀的挑战邀约，约定当日在城外斗武场展开对决，消息迅速传遍圣城，超十亿金角族人涌向斗武场围观。,"卑牀、卑虬兄弟的强悍实力背景得到交代，罗峰赛前对迪伦坦言""这一战，我只能赢""，彰显必胜的决心。"
封疆大吏,对决,战斗描写、转折高潮,战斗、高潮,"斗武场上超十亿金角族人围观见证；罗峰与卑牀在斗武场内正式施展衍神兵、展开""剑之世界""级别的激烈对决；罗峰凭借超过3200的念力振幅、天赋秘法""强化""及血洛之力的多重加持，最终成功击败卑牀。",罗峰以压倒性实力击败神宫统领卑牀，彻底奠定其在拉斯奥世界的地位与威名。
封疆大吏,圣碑,悟道、转折高潮,修炼、高潮、爽点,"罗峰前往圣地圣碑塔，见到淡绿色圣碑上镌刻的""恶魔咆哮图""；罗峰凝神观看的瞬间，意识忽然被吸入幻境之中，体内世界开始剧烈震动，预示着即将突破界主级的重大变化。",罗峰观悟圣碑触发体内世界剧变，界主级突破的关键转折正式启动。
封疆大吏,界主级,转折高潮、悟道,修炼、高潮、爽点,"罗峰体内世界发生质变，金属大陆化为""两界渊""，并凝聚出""金角界石""；原核蜇变为界主级形态；体内世界随之演化为完整的千万公里级结构。","罗峰正式突破界主级，体内世界完成从金属大陆到""两界渊""的根本性蜇变。"
封疆大吏,界主级的参悟速度,悟道、设定展开,修炼、设定、爽点,罗峰在界主级道路的选择上倾向吞噬金属强化路径而非宇宙晶推动路径；与此同时金角巨兽、魔杀族分身均相继突破界主一阶；罗峰的意识首次进入宇宙本源之地，感悟法则本源的奥秘。,罗峰确立吞噬金属强化的界主级修炼路径，首次触及宇宙本源之地的法则感悟。
封疆大吏,本源法则承认,转折高潮、悬念设置,伏笔、高潮,"寺番祁、迪伦私下讨论卑虬（卑牀之兄，已闯过通天桥第十层）恐将前来为弟报仇挑战罗峰；圣碑塔上出现""法则本源降临""的罕见景象，罗峰最终得到金之本源法则的正式承认，眉心浮现出金剑印记。",罗峰获得金之本源法则承认，眉心金剑印记的出现标志其修为迎来质的飞跃。
封疆大吏,秘典塔,设定展开、环境铺陈,设定,三十天参悟期满，罗峰离开圣碑塔（其感悟效果甚至比曾经的九宇混沌碑还好）；途中刻意躲避欲寻仇挑战的青年；随后前往秘典塔挑选秘法，秘典塔共有999层，按贡献点高低分级排布。,秘典塔999层的分级体系正式登场，为下文选秘典情节铺垫。
封疆大吏,第999层,设定展开、悬念设置,伏笔、设定,罗峰凭借机遇资格径直登上秘典塔第999层（藏有12.8万本秘典），最终发现三本候选秘典——《金魂》（16.8亿贡献点，战斗类）、《衍神三十六重》（9.1亿贡献点，希罗多所创基础篇）、《希罗多语录》（1亿贡献点，辅助性）。,三本候选秘典及其贡献点价值悬念揭晓，为下一章的关键选择埋下铺垫。
封疆大吏,选择,人物心理、矛盾展现,冲突、情感,"罗峰权衡再三，最终选择价值相对较低的《衍神三十六重》而非最昂贵的《金魂》，理由是""十鸟在林，不如一鸟在手""；与此同时卑虬（卑牀兄长）得知弟弟战败的消息后决意为弟报仇，向罗峰发起正式挑战。",罗峰理性务实的秘典选择彰显其一贯风格，卑虬复仇挑战的矛盾正式摆上台面。
封疆大吏,希罗多的绝学,悟道、矛盾展现,修炼、冲突、爽点,罗峰获得秘典《衍神三十六重》全本内容，深入研读后收获巨大；面对卑虬当面挑战，罗峰选择拒绝并主动避战离开；卑虬不甘心，随后在罗峰居所门外静坐长达三个月以表达强烈不满。,《衍神三十六重》全本研读大获裨益，卑虬三个月静坐抗议为悬而未决的挑战埋下长期伏笔。
封疆大吏,潜伏,悬念设置、人物引入,人物、伏笔,"插叙虫族神国场景——虫族母皇亲自下令暗杀罗峰，将其列为""NO.3""更高级别暗杀目标；金角族不朽神灵克布长老（实为被虫族灵魂暗中控制的棋子）领命承担此次暗杀任务；罗峰随后前往元老神宫拜见元老。","虫族母皇亲自升级暗杀目标编号至""NO.3""，克布长老作为虫族潜伏棋子的身份首次揭示，成为核心悬念。"
封疆大吏,克布长老,人物引入、矛盾展现,人物、冲突,元老对罗峰大加赞赏，许诺给予两次未来参悟圣碑的机会（条件为不朽前施展衍神兵第九重或突破不朽）；罗峰在神宫内遇到元老之子图咖洛（卑牀卑虬之师），巧妙服软化解了一场潜在冲突；随后遇到克布长老主动示好并邀请罗峰游览。,克布长老主动接近罗峰，暗杀计划的第一步悄然展开。
封疆大吏,意外收获,悬念设置、设定展开,伏笔、设定,"克布长老（受虫族暗中控制）向罗峰展示""兽神峡谷""的照片，罗峰惊讶地认出照片中的巨型雕像正是""兽神""，与自己曾在血洛世界得到的小型兽神雕像同源，遂决定即刻前往兽神峡谷一探究竟。",兽神峡谷巨型雕像与罗峰所持小型兽神雕像的同源关系首次揭示，成为全篇最重要的机遇伏笔之一。
封疆大吏,雕像,悟道、悬念设置,伏笔、修炼、爽点,罗峰一行抵达兽神峡谷，对比研究巨型雕像与随身小型兽神雕像的差异，发现二者鳞片数量相同（均为90729枚）但造型有所不同；金角巨兽尝试临摹小型兽神雕像上的鳞片纹路时，遭受剧痛并身受重伤。,金角巨兽临摹兽神雕像鳞片时意外重伤，暗示雕像蕴含超出寻常的宇宙规则压力。
封疆大吏,形与神,悟道、设定展开,修炼、设定、爽点,"罗峰判断金角巨兽所受的剧痛实为""宇宙运转规则""对其临摹行为的压迫反弹，由此意识到兽神雕像可能蕴含着宇宙巅峰层级的秘密；罗峰最终决定采用""蠢办法""——通过亿万次不断临摹的方式逐步靠近小型兽神雕像所蕴含的神韵。","""形与神""的悟道理念确立，海量重复临摹的笨拙修炼法成为罗峰应对宇宙巅峰秘密的最终策略。"
封疆大吏,积分,转折高潮、设定展开,设定、高潮,"金角巨兽经过一年多、超500万次的持续临摹，终于成功引动微弱的宇宙法则波动，罗峰将其命名为""兽神意境""；罗峰随后花费105万积分（原价150万打七折）购得《万心控魂秘法》全本，该秘法共分五层境界，其中第五层需念力振幅达1万，即便是该秘法的创造者""缇普""本人也未能修炼成功。","""兽神意境""初步成型，《万心控魂秘法》正式购得，两条关键线索同时取得突破性进展。"
封疆大吏,万心控魂秘法,设定展开、悬念设置,伏笔、设定,详细讲解《万心控魂秘法》五层境界及各层所需的念力振幅门槛；罗峰凭借自身超过3200的念力振幅基础，预计可修炼至第四层；克布长老（虫族暗中控制的棋子）持续暗中监视罗峰，寻找合适的暗杀机会但始终无从下手。,《万心控魂秘法》五层体系的具体门槛完整揭示，克布长老暗杀计划的持续潜伏与无从下手形成悬念张力。
封疆大吏,回归银河系（本篇终章）,转折高潮、悟道,修炼、高潮、爽点,"经过182年的潜心修炼，罗峰的""兽神意境""达到""小有成就""的境界，法则感悟能力大幅提升；《万心控魂秘法》修成第三层（修炼速度远超正常界主百万年的常规水准）；罗峰随后辞别寺番祁、卡什那，乘陨墨星号离开拉斯奥世界，启程返回地球，意图炼化并彻底控制虫族母巢；克布长老暗中策划已久的暗杀计划彻底失败，只得向虫族母皇上报失败消息。第十一篇至此结束。",罗峰兽神意境与万心控魂秘法双双取得重大突破，携带控制虫族母巢的能力踏上归途，第十一篇《封疆大吏》完整收官。
尊者的惩罚,虫族母皇,设定展开、悬念设置,伏笔、设定,本篇开篇，罗峰返回地球查看安置多年的虫族母巢，发现其内潜藏着虫族最高统治阶层的虫族母皇伊琳娜；罗峰运用《万心控魂秘法》尝试对伊琳娜展开控制，母皇级虫族的特殊地位与孕育能力首次点出。,虫族母皇伊琳娜正式登场，成为罗峰控制虫族体系的关键角色。
尊者的惩罚,奴仆虫族母皇,设定展开、转折高潮,设定、高潮,罗峰凭借《万心控魂秘法》成功将虫族母皇伊琳娜炼化为灵魂奴隶纳入体内世界；讲解母皇可批量孕育培育各类虫族战士的能力，虫族三种战士体系（虎甲、锋影、猎螳）设定首次展开。,"虫族母皇伊琳娜被彻底炼化为奴仆，为""百万界主军团""计划奠定根基。"
尊者的惩罚,虫族,设定展开、环境铺陈,设定,详细讲解虫族体系的组织架构、繁殖方式及各阶战士能力差异；罗峰规划利用伊琳娜的孕育能力，批量培育忠诚于自己的虫族军队。,虫族繁育体系设定完整展开，为百万界主军团计划提供可行性依据。
尊者的惩罚,百万界主军团,设定展开、爽点设置,爽点、设定,"罗峰正式提出""百万界主军团""宏大计划，利用虫族母皇伊琳娜孕育大批界主级虫族战士组建效忠自己的私人军团；测算所需时间与资源投入，展现罗峰势力扩张的野心。","""百万界主军团""计划正式确立，成为本篇罗峰势力扩张的核心目标。"
尊者的惩罚,九大星域,设定展开、环境铺陈,设定,介绍虫族分布及九大星域宏观格局，罗峰计划寻找隐秘之地安置虫族母巢展开孕育，涉及宇宙区域划分及各方势力范围设定。,九大星域格局揭示，为罗峰寻找虫族安置地点提供背景支撑。
尊者的惩罚,田睘,人物引入、设定展开,人物、设定,罗峰结识田睘，通过其引荐得以进入毋窿星域相关势力圈；田睘的身份背景及其与隆厥王的关系初步展开。,田睘作为引路人角色登场，为毋窿星域淘宝线情节展开铺垫。
尊者的惩罚,毋窿星域,环境铺陈、人物引入,人物、设定,罗峰随田睘前往毋窿星域，隆厥王正式登场并与罗峰展开互动；毋窿星域地理环境及势力格局详细铺陈。,毋窿星域及隆厥王势力线正式展开。
尊者的惩罚,中型世界,环境铺陈、设定展开,设定,"详细介绍毋窿星域中型世界的构成及""垃圾山""的来源（各方势力废弃物、边角料长年堆积而成）；罗峰得知此处可能藏有难得的淘宝机遇。","""垃圾山""及中型世界体系设定登场，为后续淘宝情节埋下基础。"
尊者的惩罚,6号,人物引入、设定展开,人物、设定,"罗峰获得进入垃圾山淘宝的资格编号""6号""；讲解垃圾山淘宝的具体规则及各方势力分配份额的运作机制。",淘宝资格与规则体系确立，为罗峰实际进入垃圾山寻宝做铺垫。
尊者的惩罚,淘宝,设定展开、悬念设置,伏笔、设定,罗峰正式进入垃圾山展开首次淘宝，环境险恶复杂，各方势力暗中角力；初步收获尚不明确，为后续持续淘宝埋下悬念。,垃圾山淘宝行动正式启动。
尊者的惩罚,生死90秒,战斗描写、转折高潮,战斗、高潮,罗峰在垃圾山淘宝过程中遭遇突发致命危险，命悬一线仅余90秒逃生时间；凭借瞬间判断与自身实力惊险脱险。,垃圾山淘宝暗藏杀机，罗峰历经一场生死考验。
尊者的惩罚,死吧！,战斗描写、转折高潮,战斗、高潮,暗杀者科斯尔正式对罗峰发起突袭，双方展开激烈交锋；科斯尔实力强横凶狠，罗峰一度陷入苦战。,暗杀者科斯尔袭击线正式爆发。
尊者的惩罚,罗峰的死劫,矛盾展现、转折高潮,冲突、高潮,罗峰所面临的死劫进一步升级，火焰不朽神灵介入战局，形势愈发危险，多方势力交织令局面复杂难测。,罗峰陷入前所未有的死劫危机，矛盾冲突急剧激化。
尊者的惩罚,金角巨兽VS不朽神灵,战斗描写、转折高潮,战斗、高潮,金角巨兽挺身出手迎战火焰不朽神灵，双方爆发激烈大战，力量悬殊之下金角巨兽仍展现出历经进化后的强悍成长成果。,金角巨兽与不朽神灵级对手正面对决，成为本阶段战斗的高潮。
尊者的惩罚,罗峰的作战计划,人物心理、设定展开,情感、设定,罗峰在危局中冷静制定作战计划，善用地形、体内世界及各类手段布局，力图扭转不利战局。,罗峰的智谋与临场应变能力在死劫危机中得到充分体现。
尊者的惩罚,死无对证,转折高潮、悬念设置,伏笔、高潮,"罗峰最终成功化解此次死劫，将追杀者一一处理干净，做到""死无对证""，妥善隐藏事件真相。",暗杀危机暂告一段落，罗峰全身而退并抹除一切痕迹。
尊者的惩罚,魅烛王,人物引入、悬念设置,人物、伏笔,魇烛王正式登场，其此前刁难关押罗峰的相关情节由此展开；魇烛王背景及其在尊者势力体系中的地位初步揭示。,贯穿全篇的重要反派角色魇烛王登场。
尊者的惩罚,关押,矛盾展现、人物心理,冲突、情感,罗峰遭魇烛王刁难关押，处境一时艰难；罗峰在囚禁期间保持冷静，暗中寻找脱困之机。,魇烛王刁难关押罗峰的情节展开，矛盾进一步激化。
尊者的惩罚,蚀火尊者,人物引入、设定展开,人物、设定,魇烛王之父蚀火尊者的背景首次揭示，真衍王相关背景一并展开，尊者级势力体系初步呈现在读者面前。,蚀火尊者及尊者级势力体系首次登场，为后续情节埋下重要人物基础。
尊者的惩罚,直指本心,悟道、人物心理,修炼、情感、爽点,"幽魔尊者介入并释放罗峰，助其脱离魇烛王的关押困境；罗峰在此过程中进行""明心见性""式的心理独白与感悟，心境有所提升。",幽魔尊者介入化解危机，罗峰完成一次重要的心境感悟。
尊者的惩罚,报复,矛盾展现、转折高潮,冲突、高潮,虫族因母皇被夺展开疯狂报复行动，灭绝伯莫星（220亿人口惨遭屠戮），场面惨烈震撼；事件引发多方势力震动。,虫族报复行动造成惨烈后果，人虫冲突进一步升级。
尊者的惩罚,垃圾山淘宝,设定展开、悬念设置,伏笔、设定,罗峰重返垃圾山持续淘宝，完成一批虫族尸体的采购交易；淘宝过程中意外获得神秘的黑色与银色甲壳碎片。,"神秘甲壳碎片首次现身，为""兵甲""战甲的诞生埋下关键伏笔。"
尊者的惩罚,召唤,悬念设置、设定展开,伏笔、设定,罗峰尝试研究并激发甲壳碎片中蕴含的神秘力量，展开初步实验与摸索。,甲壳碎片的召唤实验展开，神秘战甲的雏形渐渐浮现。
尊者的惩罚,兵,转折高潮、设定展开,设定、高潮,"罗峰成功凝聚出神秘战甲""兵甲""，并将其转移给金角巨兽；金角巨兽装备兵甲后力量得到催发式暴增，接近约1000倍界主巅峰力量。","""兵甲""战甲正式诞生，金角巨兽实力实现质的飞跃。"
尊者的惩罚,两年,设定展开、转折高潮,设定、高潮,罗峰历经两年持续在垃圾山淘宝，累计获得232枚黑色甲壳、12枚银色甲壳；期间系统性推理出不朽神灵三级实力体系（普通约100-1000倍、封侯约1000-10000倍、封王约1万-10万倍界主巅峰）。,两年淘宝成果丰厚，不朽神灵实力等级体系首次系统揭示。
尊者的惩罚,最高积分任务,设定展开、悬念设置,伏笔、设定,"罗峰收到域主级最高积分任务邮件，任务分四环加附加分，总计最高可达200万积分；第一环任务是抓捕惩罚""火凤组""十八位董事，惩罚方式可自选（死刑、牢狱百年、万年、百万年）。","全篇最重要的任务线""火凤组""惩罚任务正式下达。"
尊者的惩罚,贝斯星球,环境铺陈、人物心理,情感、设定,罗峰前往贝斯星球途中遇巨木部落请求救援，罗峰经权衡最终未予收留，展现其冷静取舍的一面。,贝斯星球救援插曲展现罗峰行事原则，与主线任务形成对照。
尊者的惩罚,神,悬念设置、人物引入,人物、伏笔,"罗峰追查火凤组线索，逐步接近重要据点""魔神宫""，相关背景人物初步登场。",魔神宫线索浮现，为下一章的大屠杀情节做铺垫。
尊者的惩罚,魔神宫,战斗描写、转折高潮,战斗、高潮,罗峰在魔神宫展开大屠杀，亲手处决克拉奇及宫内全部有罪者，人数达数千人之众，场面惨烈震撼。,魔神宫大屠杀是罗峰执行惩罚任务的第一场重大清算行动。
尊者的惩罚,罗峰的惩罚,转折高潮、人物心理,情感、高潮,罗峰继续执行惩罚任务，对多名火凤组相关人员展开处决行动，手段果断毫不留情。,罗峰的惩罚行动全面展开，其执行者冷酷决绝的一面得到集中体现。
尊者的惩罚,神秘的潘西,悬念设置、人物引入,人物、伏笔,"罗峰连续处决卡芬、本尼迪西卡、乐卡、""离""（滴水星102万余人被杀）、帕里曼德等火凤组相关董事；神秘的潘西作为惩罚任务最终目标浮出水面，其真实身份成谜。",潘西作为惩罚任务的终极目标登场，悬念感强烈。
尊者的惩罚,界主九阶,设定展开、悬念设置,伏笔、设定,揭示潘西的真实身份——一株达到界主九阶的植物生命（铁藤草/刹螺花），实力惊人远超常规认知。,潘西的植物生命身份及界主九阶实力揭晓，颠覆常规认知。
尊者的惩罚,狂轰乱炸,战斗描写、转折高潮,战斗、高潮,罗峰联合摩云藤、陨墨星号及机械族飞船，对潘西展开狂轰乱炸式的联合围攻，最终成功将其彻底击杀。,潘西之战以联合火力压制方式落幕，罗峰成功完成最终惩罚目标。
尊者的惩罚,洛克神水,转折高潮、设定展开,设定、高潮,"罗峰在潘西遗物中意外发现""洛克神水""湖泊，其价值高达63亿混元单位，堪比一位封王级不朽神灵的全部家底。","""洛克神水""作为本篇最重大的机遇之一被发现，价值惊人。"
尊者的惩罚,宇宙尊者的接见,人物引入、悬念设置,人物、伏笔,巨斧斗武场最高层不死尊者（师承创始者）通过屏幕通话方式召见罗峰，语气强势，提出索要银河系乃至地球的重大要求。,不死尊者正式登场并提出索要地球的重大威胁，全篇危机升级的关键转折点。
尊者的惩罚,传送,矛盾展现、转折高潮,冲突、高潮,罗峰与不死尊者反复交涉，坚决拒绝交出地球，最终双方达成协议——地球得以保留，仅需赠予一座岛屿作为让步。,罗峰与不死尊者的地球归属谈判以妥协协议告一段落。
尊者的惩罚,地球！地球！,转折高潮、矛盾展现,冲突、高潮,"魇烛王等人凭借早前布置在地球的""不朽晶""坐标信物抢先一步抵达地球，安排焚心侯布拿绑架罗峰妻子徐欣，企图以此诱谈施压。",魇烛王先手抢占地球并绑架徐欣，将地球危机推向高潮。
尊者的惩罚,谈判,矛盾展现、人物心理,冲突、情感,罗峰紧急返回地球，将家人收入体内世界加以妥善保护；魇烛王开价1亿混元单位强购地球，遭到罗峰坚决拒绝。,罗峰与魇烛王的地球归属谈判正式展开，矛盾激烈碰撞。
尊者的惩罚,一封邮件,转折高潮、悬念设置,伏笔、高潮,魇烛王将购价提升至10亿混元单位仍遭拒绝，随即将全地球人类收入空间戒指作为人质进行威胁；罗峰连发九次紧急邮件向九剑尊者求救。,地球危机达到顶点，罗峰紧急求援，为后续救援大战埋下关键伏笔。
尊者的惩罚,大军调动,转折高潮、环境铺陈,设定、高潮,三师兄嗜血王餮君及时赶到救场，双方爆发星空大战；九剑尊者调动几乎全部麾下精英（50名封王级、近千名封侯级不朽神灵）紧急驰援地球。,九剑尊者大军倾巢而出救援地球，全篇军事规模最盛大的一幕正式展开。
尊者的惩罚,降临,战斗描写、转折高潮,战斗、高潮,暗金色融合金属生命飞船加入战局，扭转空战不利局势；九剑尊者大军通过神国传送陆续抵达地球战场。,援军力量陆续降临，地球战局形势彻底逆转。
尊者的惩罚,尊者的惩罚,转折高潮、悬念设置,伏笔、高潮,"魇烛王欲施展禁招之际，其父蚀火尊者亲自降临镇压全场，并对罗峰表现异常和善，引发全场震惊；蚀火尊者以""老师之命""将魇烛王重罚，判处第九星域牢狱1000纪元。",蚀火尊者亲自出手镇场并重罚亲子魇烛王，全篇标题事件正式发生。
尊者的惩罚,搅动风云,悬念设置、转折高潮,伏笔、高潮,"蚀火尊者私下向罗峰透露真相——真正下令索要地球者是自己的老师""虚金之主""（巨斧斗武场内仅次于创始者的霸主级存在，天墟混沌碑的创造者），并怀疑虚金之主与罗峰之间存在某种关联。","""虚金之主""这一顶级存在及其与地球的神秘关联首次揭示，成为全篇最大悬念。"
尊者的惩罚,九剑尊者,人物引入、设定展开,人物、设定,九剑尊者亲自召见罗峰，确认其对地球秘密确实毫不知情，随后下令罗峰今后禁止再进行任何与地球相关的交易。,九剑尊者的正式召见及禁令，将地球秘密的探究权限收归更高层级。
尊者的惩罚,洪的际遇,人物引入、悬念设置,人物、伏笔,"大哥洪向罗峰、雷神透露自己因闯幻境海连续闯过21座岛屿（远超常人）而被巨斧斗武场创始者收为记名弟子，现受""虚金之主""亲自指点修心路线，并向虚金之主推荐了二哥雷神；洪表示""地球秘密的原因，我的确知道""。",洪拜师虚金之主的重大际遇揭晓，并预告将揭开地球秘密，为终章悬念收束做最后铺垫。
尊者的惩罚,地球的秘密（本篇终章）,设定展开、转折高潮,设定、高潮,"洪向罗峰、雷神详解地球秘密——因洪、罗峰二人同为地球出身的同期绝世天才而引起巨斧创始者亲自查探，发现地球在亿万年前被一位实力堪比巨斧创始者的异族大能者改造，成为孕育人类灵魂心境进化的""摇篮""；该异族大能者曾以类似手法引导创造出以身体进化见长、心境有缺陷的""焱神族""，与罗峰此前所得黑色金属板焱神族文字残篇相印证；地球即便被轰碎也会自然凝聚复原，历史上已发生过十二次；洪感叹身为地球领主的罗峰恐将因此招致更大麻烦，罗峰则决意""让虚拟宇宙公司和巨斧斗武场扯皮去吧""。",地球改造之谜与焱神族起源的终极秘密揭晓，全篇最大悬念收束，第十二篇《尊者的惩罚》完整落幕。
兽神之道,罗峰的选择,设定展开、人物心理,情感、设定,罗峰得知地球秘密后深知自己无力掌控，九剑尊者与虚拟宇宙公司代表碧眸女子（宇宙尊者）降临庄园，提出两种地球交易方案：方案一卖断地球获2000亿混元单位，方案二保留地球人陆地居住、海域归公司建浮空城、获500亿混元单位。罗峰为保家乡同胞选第二种方案签约，域主级先到账500万混元单位。,罗峰与虚拟宇宙公司签订地球交易合约，选择保留家乡的第二种方案。
兽神之道,鸿盟？,设定展开、悬念设置,伏笔、设定,"虚拟宇宙公司高效在地球建浮空城与太阳系边缘神殿。罗峰收到最高积分任务第一环完成度82%的评定（8.2万积分），评语指其嗜杀却冷静。随即收到第二环任务——阻止血魔王控制的渡拓星域内的""血魔试炼""，孟牙星系（100万恒星级）与维里星系（100亿行星级）同时举行，罗峰只能选一地拯救。任务背景引出神秘组织""鸿盟""，罗峰查不到其讯息。","最高积分任务第二环下达，引出神秘组织""鸿盟""及血魔试炼二选一困境。"
兽神之道,挣扎,环境铺陈、人物心理,情感、设定,罗峰选择拯救100亿行星级弱小者（维里星系），乘陨墨星号经迪伦神国传送赶赴古轮宇宙国。途中罗峰向迪伦阐述选择弱小者的理由——每个人命皆独立珍贵。抵达矿物星球后俯瞰被囚禁的100亿行星级人类，其中一对兄妹（少年与舞娲）在囚笼中相依为命，挣扎求生的绝望氛围弥漫。,罗峰选定维里星系救援，血魔试炼中弱者挣扎求生的惨状铺陈。
兽神之道,拉比特,人物引入、设定展开,人物、设定,"迪伦向罗峰解释血魔王的""限制底线""特权及血魔战士体系（血魔王控制999不朽奴仆，麾下弟子再控制仆从，层层选拔精英）。血魔星核心分子拉比特（界主九阶）负责监督维里星系试炼，带有八名血魔战士护卫。当100亿行星级被驱赶至矿物星球准备自相残杀时，罗峰瞬间出手以世界戒指收取全部100亿人，拉比特怒而挥刀劈向罗峰。",血魔战士体系设定展开，罗峰瞬间收取100亿行星级人类，与拉比特冲突爆发。
兽神之道,任务完成度,战斗描写、转折高潮,战斗、高潮,迪伦爆发不朽之力捆缚拉比特及其八名界主血魔战士，毁掉拉比特八个灵魂奴仆。罗峰将100亿人转移至虚拟宇宙公司汇合点，白眉羽翼老者代表公司宣布这些人脱离渡拓星域。罗峰收到第二环完成度90%（18万积分）的评定，评语赞其怜悯弱小。随即收到第三环任务，内容令罗峰震惊。,第二环任务完成，罗峰获90%完成度评定，第三环任务内容浮出水面。
兽神之道,第三环任务,设定展开、悬念设置,伏笔、设定,第三环任务要求罗峰亲赴血魔星审判血魔王麾下21名超越限制底线的罪人（2名不朽神灵、19名界主），审判结果可为死刑/牢狱/无罪，须开启虚拟宇宙网络同步传送。血魔王被虚拟宇宙公司命令亲自抓捕21人，内心愤怒却不敢违抗。罗峰与白眉羽翼老者、迪伦飞赴血魔星，抵达血魔宫广场，血魔王率上千界主、上百不朽神灵迎接。,第三环任务要求罗峰赴血魔王老巢审判其手下，血魔王被迫配合却暗藏怒火。
兽神之道,血魔王和罗峰,矛盾展现、人物心理,冲突、情感,"血魔王以下马威之势以威压震慑罗峰，随即热情拉罗峰入血魔宫，设价值10万混元单位的奢侈宴席（碑灵龙龙肝等）招待，意在""吃人嘴软""使罗峰轻判。21名罪人被带上，两名不朽神灵阿普尔拉德、伊索跪地求饶。血魔王明示罗峰""尽可能给他俩一丝生机""，其他19人任凭处置。罗峰表面恭敬应命，心中已有决断。",血魔王以威压与宴席双重施压，暗示罗峰轻判两名不朽神灵，矛盾激化。
兽神之道,罗峰的审判,转折高潮、人物心理,情感、高潮,"罗峰逐一审判21名罪人，19名界主全部判死刑，由白眉羽翼老者执行。不朽神灵伊索被判死刑时暴起冲向罗峰，被血魔王一掌拍成齑粉（血魔王不敢得罪虚拟宇宙公司）。最后一名不朽神灵阿普尔拉德亦被判死刑，由白眉羽翼老者以巨型弯刀斩杀。血魔王暴怒拍碎餐桌，冷言后离去。罗峰与迪伦迅速离开血魔星。罗峰反思""能屈能伸""之道，决意在混沌城苦修后凭实力应对血魔王。","罗峰判21人全部死刑，在血魔王老巢""打脸""血魔王，矛盾全面激化。"
兽神之道,第四环任务,设定展开、人物心理,情感、设定,"罗峰收到第三环完成度100%（30万积分）的评定，评语赞其""宁折不弯""。罗峰领悟虚拟宇宙公司用最高积分任务筛选""有才、忠心、宁折不弯""的手下。随即收到第四环任务——审判罗家21名有罪族人（含父亲罗洪国），罪名涉利用罗家权势暗杀、屠戮等。罗峰看到父亲名字时暴怒拍碎书桌，怒斥虚拟宇宙公司""牵强""。",第三环获100%完成度，第四环要求审判罗家21人含父亲罗洪国，罗峰暴怒。
兽神之道,苍雪世界,环境铺陈、设定展开,设定,"罗峰分析父亲罗洪国罪名——罗洪国沉迷虚拟游戏《苍雪世界》（十大虚拟游戏之一，最高在线玩家媲美三分之一个宇宙国人口），建立""涅槃""工会，工会成长中现实中发生数千起暗杀事件，罗洪国作为会长须负主要责任。罗峰判断父亲被人利用，因父亲身份（乾巫分部监察特使之父）引来投机者。罗峰令徐欣抓捕20名族人至潜华星，自己经神国传送赶回。","揭示罗洪国罪名源于虚拟游戏""涅槃""工会被人利用，罗峰下令抓捕20名族人。"
兽神之道,家主罗峰,人物心理、情节推进,情感,罗峰抵达潜华星罗家基地，十余万族人跪拜迎接。罗峰向徐欣了解20人抓捕进度，斥责儿子罗海为罗夫鑫辩护。罗峰向虚拟宇宙公司情报部门申请21人详细情报，看后暗恨后人不争气。第十三天，潜华星家族审判庭聚集近十万族人，20名子弟被押跪，罗峰现身主位，先审罗夫鑫，判其死刑，一指金剑贯穿眉心击杀，场景同步传送虚拟宇宙公司。,罗峰在潜华星举行家族审判会，当众处死罗夫鑫，震慑十万族人。
兽神之道,落幕,转折高潮、人物心理,情感、高潮,"罗峰逐一审判20名族人，判13人死罪、4人牢狱万年、3人牢狱百年，亲自执行死刑。罗峰告诫近十万族人""家规不容挑衅""，即使逃过家族侦查也逃不过虚拟宇宙公司情报部门。审判视频传遍全族，族人震慑。罗峰独自判定父亲罗洪国""无罪""（根本未抓未审），关闭同步传送，最高积分任务四环全部结束。罗峰向徐欣交代E9级镭射枪、机械族飞船等镇族武器，告知将离开一千年去混沌城。",家族审判落幕，罗峰判父亲无罪，最高积分任务全部结束，交代家族后事准备入混沌城。
兽神之道,百善孝为先,人物心理、悟道,修炼、情感、爽点,"罗峰收到第四环完成度70%（28万积分）及附加积分60万的评定，总积分144.2万。评语指其""公私不分、过度重视父亲""。罗峰以华夏文化""百善孝为先""自省，不认同公司评判，认为""虚拟宇宙公司的命令不及父亲重要性十分之一""。罗峰将涅槃工会杀人资料给父母看，罗洪国受打击。罗峰告知父母将去混沌城一千年（原宇宙时间），经神国传送赴虚拟宇宙公司大本营，进入初始宇宙混沌城，护卫军自此脱离。","最高积分任务总评定下达，罗峰以""百善孝为先""自省，赴混沌城修炼。"
兽神之道,混沌城安家,环境铺陈、设定展开,设定,罗峰抵达初始宇宙混沌城（人类修炼圣地，52尊混沌碑，混沌城主坐镇），选择距真衍王府上千公里的修炼居所安家。罗峰梳理自身底牌（兽神雕像、《时空随笔》、《衍神三十六重》等）并规划修炼方向：以法则感悟为根本，金角巨兽修撕天一爪、魔杀族修《幽影秘典》、本尊修衍神兵。罗峰拜见真衍王，真衍王讲述《九宇混沌碑》第四幅图，得知罗峰要修炼到界主级，支持其放弃域主级零散任务。,罗峰在混沌城安家，梳理底牌规划修炼方向，拜见真衍王确立长期苦修计划。
兽神之道,老师的礼物,装备获取、设定展开,奖励、设定,"真衍王赠予罗峰界主级礼物——106套普通秘法典籍（近600万积分）及一套珍贵典籍《兽神七变》（《衍神七杀》）上篇三册（80亿积分）。该典籍为金角族群最伟大存在希罗多所创，以兽神（宇宙诞生孕育的强大生命，金、空融合法则化身）为目标，练成前三层即可""宇宙尊者下无敌""，前六层即可""宇宙之主下无敌""，第七层（化身真正兽神）希罗多亦未完善。真衍王因罗峰演练中金之法则与空间法则结合巧妙而选此典籍。",真衍王赠予罗峰《兽神七变》上篇，确立罗峰融合法则修炼方向。
兽神之道,《兽神七杀》,设定展开、悟道,修炼、设定、爽点,"罗峰研读《兽神七变》，揭示宇宙法则体系：宇宙诞生初有两大强大法则，一分解为金木水火土+空间（空间派系），一分解为风雷电光线+时间（时间派系）。完全悟透空间法则为空间尊者，完全掌控时空为宇宙之主。融合""金+空间""可匹敌宇宙之主，难度比单悟空间法则难千倍万倍。罗峰悟出兽神雕像本身蕴含融合法则，金角巨兽与兽神有特殊渊源（血统最强金、空），故能感知雕像内敛的融合法则。罗峰确立""兽神之道""为通往巅峰的大道。",宇宙法则融合体系设定展开，罗峰确立兽神之道修炼方向。
兽神之道,修炼生涯,悟道、情节推进,修炼、爽点,罗峰潜心修炼《兽神七变》第一层（融合部分空间法则与部分金之法则），以悟透108种空间本质为前提。金角巨兽临摹巨型沉睡兽神雕像，魔杀族研究空间法则，本尊参悟法则。近90年（初始宇宙时间，原宇宙约300年）后，罗峰悟透102种空间本质，效率为练落（3000年悟透108种）的约30倍。罗峰发现域主级原始秘境10名老人对自己有抵触，决定在18年后的资格战展露实力。罗峰前往城主府参悟九宇混沌碑，因次数用完，决定先闯通天桥获取参悟机会。,罗峰混沌城苦修90年悟透102种空间本质，决定闯通天桥展露实力。
兽神之道,闯通天桥,战斗描写、转折高潮,战斗、高潮,罗峰闯通天桥，监守者巴芬群发邮件通知，真衍王、珑玉王等86位不朽神灵（过半封王级）齐聚观战。众人猜测罗峰能闯第九或第十层。罗峰连闯第八层（衍神兵第六重剑之世界）、第九层、第十层（衍神兵第七重一棍轰天地）、第十一层（衍神兵第八重金剑斩虚空），每战切磋数十回合后击杀对手，表现从容。至第十二层（行星地表层），对手施展金剑斩虚空大成，罗峰念力振幅提至1200应战。,罗峰连闯通天桥第八至第十二层，86位不朽神灵震惊观战。
兽神之道,爆！爆！爆！,战斗描写、转折高潮,战斗、高潮,"罗峰以金剑斩虚空与第十二层对手激战，念力振幅提至1600后击杀对手，闯过第十二层。罗峰继续闯第十三层（恒星层），对手为火焰战甲人，施展衍神兵第九重""不朽亦可敌""完美形态（3.3米金剑，可穿梭虚空）。罗峰施展金角巨兽天赋秘法""强化""（念力振幅3200），配合90年临摹掌握的一丝""兽神意境""，以第八重金剑斩虚空对抗第九重，两剑在恒星外太空激战。",罗峰闯过通天桥第十二层，以兽神意境对抗第十三层对手的衍神兵第九重。
兽神之道,大震动,转折高潮、悬念设置,伏笔、高潮,"罗峰以宽柄金剑（蕴含兽神霸道意境）压制对手的衍神金剑，最终击杀火焰战甲人，闯过第十三层。罗峰继续闯第十四层，被更强威力的""不朽亦可敌""一招败亡，止步第十四层。86位不朽神灵震撼无比，认定罗峰为""千万纪元一出的绝世天才""。珑玉王赶向九剑尊者禀报，真衍王暗喜。监守者巴芬亦上报。九剑尊者得知后震惊站起。",罗峰闯过通天桥第十三层止步第十四层，被认定为千万纪元一出的绝世天才。
兽神之道,引爆,悬念设置、伏笔埋设,伏笔,罗峰闯过通天桥第13层的消息半小时内传遍虚拟宇宙公司高层。罗峰关闭虚拟宇宙网络接收以躲避众多宇宙尊者的招揽。虫族潜伏组织将罗峰列为NO.1暗杀目标，上禀族内；妖族、机械族等异族强者亦得知消息，认为罗峰成为界主后将赴域外战场，届时可解决。虫族主上提及当年弄掉科谛的往事。罗峰引起宇宙多方势力震动。,罗峰闯通天桥引发宇宙多方势力震动，虫族等异族将其列为暗杀目标。
兽神之道,求才若渴,人物引入、悬念设置,人物、伏笔,"罗峰开启网络接收，收到322位宇宙尊者邮件及3则通话申请。真衍王推荐罗峰拜混沌城主（虚拟宇宙公司第一掌权人，留有排名第二的""宇宙混沌碑""）为""记名弟子""，因混沌城主亲传弟子一般为宇宙尊者（科谛例外）。罗峰先拜见九剑尊者告知决定，九剑尊者无奈放行。罗峰前往城主府拜见混沌城主。",322位宇宙尊者招揽罗峰，真衍王推荐其拜混沌城主为记名弟子。
兽神之道,混沌城主,人物引入、设定展开,人物、设定,"罗峰入城主府内府，由归一尊者（混沌城主二弟子）引入""混沌墟""庭院，进入一片苍茫废墟大陆（混沌城主杀戮异族强者的战场）。罗峰见到混沌城主（三大分身之一，主杀伐，鳞甲尾巴、火红犄角、凶恶面容），感受到""自身便是法则""的境界。混沌城主确认罗峰悟出兽神雕像意境，提出条件：3000年内练成《衍神七变》第一层，即收为亲传弟子，并赠20次参悟九宇混沌碑机会，派九师兄金斧尊者每10年指点一次。",罗峰拜见混沌城主，获3000年练成《衍神七变》第一层的亲传弟子考验条件。
兽神之道,功成,悟道、转折高潮,修炼、高潮、爽点,金斧尊者（混沌城主九弟子，曾修《衍神七变》至第四层后舍弃专修时间法则）每10年指点罗峰。罗峰参悟九宇混沌碑，12年后（混沌城主收徒后）悟透全部108种空间本质（比练落3000年快近30倍）。罗峰开始正式修炼《衍神七变》第一层，发现《衍神三十六重》即《衍神七变》入门基础篇。乾巫国主因罗峰成为混沌城主记名弟子而特殊照顾罗家，罗家权势大涨。,罗峰悟透108种空间本质，正式开始修炼《衍神七变》第一层。
兽神之道,域主级资格战,战斗描写、爽点设置,战斗、爽点,罗峰修炼《衍神七变》第一层第六年，向真衍王汇报进展顺利。域主级千年一次的资格战到来，11名域主级原始秘境成员（10名老人+罗峰）参与，每人10场轮回对战，前六名留原始秘境。10名老人此前对罗峰有抵触，但闯通天桥后已无敌视，认定罗峰非同层次。罗峰十战十胜排名第一，毫无悬念。,罗峰域主级资格战十战十胜排名第一，碾压10名老人。
兽神之道,食星草,装备获取、设定展开,奖励、设定,"罗峰订购三株""食星草幼体""（号称最坚韧的攻击性植物生命，唯一能力""缠杀""），分别培育百藤、三百藤、千藤食星草，耗费近200万混元单位（含培育材料），以洛克神水培育。食星草界主级最差十藤、最高千藤，千藤食星草突破不朽难度媲美虫族母皇，成功则拥有封王巅峰实力。罗峰同时介绍摩云藤（216主藤蔓，比呼延博108主藤蔓难十倍）培育难度。",罗峰订购三株食星草幼体，以洛克神水培育百藤/三百藤/千藤食星草。
兽神之道,八百年,悟道、伏笔埋设,伏笔、修炼、爽点,"混沌城主收罗峰为记名弟子800年后，域主级资格战又进行两次，罗峰均第一。伯兰成原始秘境域主，戎钧成太初秘境域主。魇烛王在第九星域牢狱每100年获一个月虚拟宇宙时间发泄，得知罗峰在苦修嗤笑其""做梦""。金斧尊者向混沌城主汇报罗峰进步惊人，预计快则半年慢则三年练成第一层。三个月后，罗峰体表浮现鳞甲幻影与兽神幻影，《衍神七变》第一层""鳞甲篇""练成（800年完成，远超混沌城主给的3000年期限）。体内世界成长至极限（9000万公里直径），金角巨兽、魔杀族分身达界主九阶。","罗峰800年练成《衍神七变》第一层""鳞甲篇""，三大分身达界主九阶。"
兽神之道,亲传弟子,转折高潮、设定展开,设定、高潮,"罗峰赴城主府施展第一层""鳞甲篇""（兽神变，体表浮现鳞甲，施撕天一爪），混沌城主满意，正式收其为第32名亲传弟子（活着27位，25位宇宙尊者，1位封王巅峰）。混沌城主忆及已陨落的科谛（虫族精心布局致死，逆转时空亦无法复活）。混沌城主吩咐罗峰达到界主级及离开混沌城时各来见一次，提升罗峰权限。罗峰查得原始通天山资料（宇宙级需通天桥12层、域主级需16层、界主级需20层能耐）。",混沌城主正式收罗峰为亲传弟子，罗峰获超高权限，查原始通天山资料。
兽神之道,界主级的资源奖励,设定展开、装备获取,奖励、设定,罗峰查得界主级资源奖励体系：原始秘境界主第一次资格战排名第一得10亿积分，前10得3亿，前100得1亿；通过宇宙级原始通天山奖励1亿积分，域主级奖励30亿，界主级奖励1000亿。罗峰发现《本尊天地》第二层需过百亿积分，决定闯域主级原始通天山。罗峰飞赴通天山位面，向牛头人守关者宣布闯原始通天山。,界主级资源奖励体系展开，罗峰决定闯域主级原始通天山获取30亿积分。
兽神之道,原始秘境界主,战斗描写、转折高潮,战斗、高潮,"罗峰以衍神兵第九重""不朽亦可敌""完美形态闯原始通天山，山脚、山腰守关者被击破。山巅一关（最难），牛头人、猿人、蛇女联手围攻。罗峰施展""兽神变""化为人形兽神，以撕天一爪击碎牛头人命核，随后击杀猿人，蛇女幻境无效。罗峰闯过域主级原始通天山，随即突破为界主。虚拟宇宙公司三位宇宙尊者（复眼邪异男子、银袍光头、伯思瓦）议论，伯思瓦仍认为罗峰""极度自私是祸害""，另二人奚落他。",罗峰闯过域主级原始通天山，突破为界主，获30亿积分奖励资格。
兽神之道,秘密,设定揭示、伏笔深化,伏笔、揭示、设定,罗峰成界主后赴混沌墟见混沌城主。混沌城主揭示早知罗峰夺舍金角巨兽（第一次来混沌城时甄别发现其体内原核），因灵魂仍为人类故视为人类。混沌城主讲述混沌城甄别异族奸细机制（不朽神灵因灵魂融入细胞无法直接辨别，首次来者为怀疑对象受监控）。混沌城主提点第三分身孕育限制：金角巨兽体内世界最多孕育比其强十倍百倍的生命，分身越强成长阻碍越大，但度过难关则实力更强。,混沌城主揭示早知罗峰夺舍金角巨兽，提点第三分身孕育的限制与阻碍。
兽神之道,弑吴羽翼,装备获取、设定展开,奖励、设定,"混沌城主赠予罗峰制式兵器""兽神兵""（宇宙尊者使用的制式兵器，可施展《衍神七变》战斗秘法）。另赠从未现世的珍宝""弑吴羽翼""（银色羽翼，可大可小，飞行逃命兼战斗，材质坚韧连宇宙之主都无法毁掉，一旦公开会引起宇宙尊者追逐），附使用秘典。混沌城主叮嘱切勿泄露其讯息。混沌城主暗中以弑吴羽翼提升罗峰生存机会（忆及科谛之死）。",混沌城主赠予罗峰兽神兵及珍宝弑吴羽翼，提升其保命能力。
兽神之道,宇宙的极限,设定展开、悟道,修炼、设定、爽点,罗峰研究《衍神七变》四套绝学：《兽神变》（身体振幅，六层最高64倍）、《兽神兵》（念力兵器攻击秘法）、《兽神吼》（灵魂防御）、《兽神奔》（逃命秘法）。揭示宇宙极限100倍振幅设定（身体与灵魂均以100倍为极限），《本尊天地》大成36倍、《万心控魂秘法》巅峰万心境100倍均无人练成。罗峰金角巨兽现振幅10倍（本尊天地5倍+天赋强化2倍+基因进化3倍）。罗峰收到《弑吴羽翼》使用秘典《列宇》（空间为主兼金之法则）。,宇宙极限100倍振幅设定展开，《衍神七变》四套绝学体系揭示。
兽神之道,悠悠三百年,装备获取、悟道,修炼、奖励、爽点,罗峰研究《弑吴羽翼》典籍（三种形态：第一形态需第一层鳞甲篇、第二形态需第三层骨篇可操纵空间乱流、第三形态需第五层独角篇可形成空间潮汐），配《列宇》秘法及金角巨兽传承记忆中的《三振穿梭宇宙》给金角巨兽用。罗峰获30亿积分到账，兑换《本尊天地》材料至7.5倍振幅（21.2亿积分）、摩云藤/食星草进化方案、《时空随笔》四五六册、机械族特殊武器等，积分仅剩2亿多。300年（原宇宙1000年）后悟透九宇混沌碑第四、五幅图。罗峰拜别真衍王，准备离开混沌城。,罗峰30亿积分兑换大量宝物，300年悟透九宇混沌碑前五幅图，拜别真衍王。
兽神之道,离开混沌城,转折高潮、伏笔埋设,伏笔、高潮,"罗峰赴混沌墟拜别混沌城主。混沌城主讲述族群战争的残酷（废墟大陆尸体皆其所杀异族），揭示""逆转时空复活死者""能力及其代价（复活封侯/封王可硬抗反噬，复活宇宙尊者需重伤，复活希罗多级会殒落，且并非必能复活如科谛）。混沌城主叮嘱罗峰：保命手段为先、小心虫族（科谛即栽于虫族）、宁可自爆也别成灵魂奴隶，赠金色令牌信物（捏碎即召唤老师）。罗峰乘宇宙飞船离开混沌城。",混沌城主揭示逆转时空复活能力及代价，赠信物并嘱保命为先，罗峰离开混沌城。
兽神之道,罗峰的虫族军团,设定展开、装备获取,奖励、设定,罗峰回原宇宙虚拟宇宙公司总部，经固定空间通道赴9号分部（离毋窿星域最近）。百藤食星草已突破为不朽神灵。罗峰在虚拟宇宙购买1万界主巅峰虫族尸体单位（六折6000万积分）。体内世界虫族岛屿已有300万虎甲虫族军团、1万猎螳王者军团、一千锋影王者小队。罗峰计划制造百万虎甲王者军团（一头王者代价相当于100头普通虎甲，一天培育100头，30年完成）。陨墨星号飞向毋窿星域。,罗峰购买1万虫族尸体单位，计划制造百万虎甲王者军团，赴毋窿星域。
兽神之道,毋窿星域,环境铺陈、人物心理,情感、设定,罗峰抵毋窿星域隆厥王宫殿，五大负责人（隆厥王、达撵王、隐戈王、驓雨王、巨斧斗武场新任奇豊王）热情迎接。达撵王等三人欲弥补当年魇烛王事件中未阻拦的过失。罗峰选购1万虫族尸体单位，五大负责人提供优质资源（可造200万虎甲王者，比订购送货翻倍）。罗峰获100个世界戒指（淘宝100年机会）及毋窿星域监控网络图。,毋窿星域五大负责人热情迎接罗峰，提供优质虫族尸体及淘宝便利。
兽神之道,银色战甲,装备获取、转折高潮,奖励、高潮,"罗峰在垃圾山淘宝21年，搜集1985枚黑色甲壳碎片及113枚银色甲壳碎片，凑齐第一套""将甲""（焱神族文字""将""印记，远超兵甲力量）。罗峰催动将甲至1200倍界主力量（身体疼痛达极限），判断将甲为不朽神灵使用的高端战甲。罗峰将将甲珠收入暗红色世界戒指（1.8万积分专门订购的安全戒指）。同时篇末交代罗峰之子罗平、罗海已四千余岁，罗海欲随父赴域外战场被拒。","罗峰21年凑齐第一套""将甲""（银色战甲），催动至1200倍界主力量。"
兽神之道,仺鸟星（本篇终章）,装备获取、转折高潮,奖励、高潮,"罗峰在毋窿星域淘宝60年，凑齐2套将甲、58套兵甲、9枚碎裂刀片（用途未明）。金角巨兽配合《本尊天地》（7.5倍振幅，缩小至约100公里）催动将甲达10000倍界主力量（封侯巅峰-封王边缘）。虫族母皇伊琳娜培育出150万虎甲王者军团、20万猎螳王者军团、20万锋影王者军团（持续培育中）。罗峰自评金角巨兽已达短期目标，但仍无击杀封侯不朽神灵能力，保持谦逊。罗峰告别五大负责人，乘宇宙飞船前往""仺鸟星""（域外战场兵员输送站），即将进入域外战场。",罗峰凑齐2套将甲与虫族王者军团，启程赴仺鸟星进入域外战场，第十三篇完整落幕。
域外战场,界主战将,环境铺陈、设定展开,设定,"罗峰抵达人类疆域八大后勤基地之一仺鸟星，准备进入域外战场；在集中广场结识狼人界主克拉里士、巴迪兄弟，化名""疯子""隐藏身份；101名界主接受权限授予仪式，罗峰获评最高级别的""界主战将""（全批仅2人），引起哗然。",罗峰化名疯子参加域外战场，权限授予获评界主战将初露锋芒。
域外战场,疆域的秘密,设定展开、悬念设置,伏笔、设定,权限授予结束（2名界主战将、62名精英、37名普通），不朽神灵率队传送至第七战场026号兵营基地；泰沃不朽神灵揭示人类疆域由神国人类、宇宙秘境陆地人类、宇宙国人类三部分组成，疆域争夺本质是宇宙精华的争夺，神国人类数量最多却极难成不朽，宇宙国人类数量最少却诞生98.2%的宇宙尊者。,人类族群三部分构成及疆域争夺本质的重大设定揭示。
域外战场,融入集体,人物引入、设定展开,人物、设定,罗峰、岩石加入泰沃率领的026-2089491号界主小队，认识七名老兵队员：毒药（药剂师界主战将，队内第二高手）、魅女（魇女族幻术师）、旋风（武者）、狂舞（精神念师）、神灵（光线法则精神念师）、卫（幻术师，抱紫瞳猫）、锤（炎婆罗族武者）；了解盟军体系及域外战场95%死亡率（1000纪元大决战超99%）。,界主小队十名成员集结完毕，域外战场残酷体系全面展开。
域外战场,AAA神灵基地,环境铺陈、设定展开,设定,小队乘泰沃的E9级飞碟飞船出发，见识026号兵营基地的壮观（数百万公里直径，比太阳还大，彩色能量罩笼罩，机械炮口一炮灭星空）；神灵基地中AAA级为最高规格，宇宙国主都无法破坏；罗峰观察到飞船材料为E9级合金、休息厅为F9级钨炎石母铸就的安全小窝。,AAA神灵基地的庞大与恐怖战力展示，为战场大本营设定奠基。
域外战场,解体,人物引入、战斗描写,人物、战斗,机械族不朽帕剌提（封侯实力，刚击杀一名异族封侯不朽损失大）发现罗峰小队飞船，以暗藏的机械武器发射光柱轰击，E9级飞船瞬间解体；小队撤入F9级钨炎石母休息厅舱室，泰沃收舱室、开舱门，队员持兵器冲出。,机械族帕剌提偷袭，飞船解体，界主小队陷入危局。
域外战场,危局,战斗描写、矛盾展现,冲突、战斗,"帕剌提以九大方位布雷""雷电狱""（上亿公里直径雷电牢笼）+九支雷电机械傀儡军团（百万E9级+3000头F8级紫丙铁母核心傀儡）围困小队；雷电渔网束缚全队，泰沃爆发不朽神力+法则领域挣脱；毒药揭示雷电狱配合雷电机械傀儡军团是机械族可怕组合，一般由不朽神灵布置。",机械族雷电狱+机械傀儡军团围困，小队陷入恶战。
域外战场,踢到铁板？,战斗描写、转折高潮,战斗、高潮,"三支军团百万傀儡围攻，罗峰施衍神兵第七重""一棍轰天地""扫荡；帕剌提令3000头F8级傀儡缠住泰沃、800头围攻九名界主；罗峰爆发衍神兵第九重""不朽亦可敌""化为衍神金剑（三米三金剑，可穿梭虚空），令众队员震惊。","罗峰施展衍神兵第九重""不朽亦可敌""，衍神金剑首现惊艳全场。"
域外战场,罗峰的剑,战斗描写、转折高潮,战斗、高潮,罗峰以衍神金剑穿梭虚空轰飞F8级傀儡，将魅女、卫、锤、神灵、旋风、岩石收入世界戒指保护；与泰沃、毒药、狂舞合力击退机械军团；帕剌提感叹罗峰队伍罕见（一有界主九阶辅助植物生命的毒药，一有衍神兵第九重的罗峰），因上次击杀封侯损失大无力追杀，任其逃脱。,罗峰力挽狂澜救下多名队友，机械军团撤退。
域外战场,军功,设定展开、人物心理,情感、设定,泰沃举杯庆功，罗峰被认定为队内第三高手（仅次于泰沃、毒药）；毒药曾靠天赋+药剂+植物生命正面击败不朽神灵；泰沃揭示军功额度体系（普通界主100万-1000万、精英1000万-1亿、界主战将1亿-10亿），罗峰军功额度10亿（界主战将上限=匹敌普通不朽神灵），但虚拟宇宙公司生死磨练要求更高达10万亿。,军功额度体系揭示，罗峰10亿额度曝光，10万亿生死磨练任务暗中压顶。
域外战场,碎星带,环境铺陈、设定展开,设定,泰沃介绍碎星带（0.8光年直径，原为直径上千万公里星球被妖族千足蜈蚣族超级强者轰碎而成，碎星坚硬冰冷界主全力难碎）；小队抵达碎星带建立老巢（碎星腹内洞窟），与10亿公里内两只邻居精英小队结攻守联盟；罗峰暗定完成10亿军功后脱离小队独自行动的计划。,碎星带战斗区域设定展开，小队建立老巢开始碎星带厮杀。
域外战场,"异族""雷泉族""",人物引入、设定展开,人物、设定,"岩石出现""新人病症""焦躁，泰沃劝其进虚拟宇宙放松；小队乘C9级飞船（便宜炮灰飞船）出发，泰沃探测仪器价值120混元单位（探测1亿公里）；第二天发现五名雷泉族界主（雷电法则宠儿，天生控雷电，数量不及人类百万分之一，虫族一方），悄悄逼近准备偷袭。",雷泉族设定展开，小队锁定第一个猎杀目标。
域外战场,第一笔军功,战斗描写、转折高潮,战斗、高潮,泰沃以大地不朽神力凝聚光球轰入碎星洞窟偷袭，五名雷泉族重伤逃出；泰沃法则领域令其速度锐减，九名界主包围；瘦小雷泉族主上持80米雷电长矛（含时间法则）硬抗泰沃三拳被轰碎；罗峰以衍神金剑穿梭虚空刺杀一名雷泉族，获第一笔军功100万。,小队首战告捷，罗峰击杀第一个异族获第一笔军功。
域外战场,半年,情节推进、设定展开,设定,半年来小队在碎星带经历12次血战，狂舞、卫重伤被罗峰救下；军功规律：杀普通界主10万、精英界主100万、界主战将1000万；罗峰军功达3200万；罗峰暗叹10万亿军功需猎杀不朽神灵方可完成；新的目标出现——一艘生物飞船中虬嗜族（能量类生命，嗜血嗜杀善吞噬尸体）两名不朽+20名界主。,半年厮杀经验积累，军功规律摸清，虬嗜族敌人登场。
域外战场,仇敌,矛盾爆发、情感展现,冲突、情感,"虬嗜族夫威撒/托鲁率20名界主偷袭罗峰小队；泰沃小队认出火焰不朽神力气息——正是当年吃掉毒药""七哥""的""食尸鬼""虬嗜族，全队陷入疯狂复仇；毒药变12米巨人，72条墨绿色长藤（吞噬药剂+秘纹金光+植物生命阿默结合）绞杀两名界主；泰沃与夫威撒交手，毒药围杀托鲁。",泰沃小队与虬嗜族生死仇敌相遇，复仇大战爆发。
域外战场,湮灭,战斗描写、转折高潮,战斗、高潮,"毒药72条金膜墨绿长藤与托鲁火红弯刀苦战处于下风（曾击杀的不朽用大锤无法斩断长藤，托鲁弯刀却能斩断）；罗峰衍神金剑三秒屠戮十余名界主鳞甲生物；罗峰以衍神金剑伤托鲁令其双刀酥麻，毒药72条长藤缠绕绞碎托鲁骨架化为不朽神力，墨绿牢笼困住，托鲁殒落；毒药跪地嘶吼""七哥""报仇成功。",罗峰配合毒药击杀不朽神灵托鲁，毒药三千多年复仇如愿。
域外战场,黑手,伏笔埋设、转折高潮,伏笔、高潮,夫威撒自爆10%不朽神体（永久损失10%灵魂）震退泰沃逃走；泰沃解释自爆与被轰爆的区别、不死之身恢复力；泰沃感叹域外战场三万多年兄弟一个个死去；夫威撒在战利品中暗藏一枚黑色空间戒指（内含夹层藏有蕴含其精神印记的信物兵器），落入狂舞世界戒指中，夫威撒可远距离感应信物位置。,夫威撒逃走并暗藏信物黑手，为后续报复埋下关键伏笔。
域外战场,邀请,人物引入、悬念设置,人物、伏笔,夫威撒联系同族雷克亚，欲邀请妖族兹潜万蛇王族蒙维纳殿下联手报复；雷克亚引荐后，夫威撒向蒙维纳说明目标队伍有两名媲美不朽的人类界主（药剂师+衍神兵第九重精神念师）；蒙维纳得知妖族内部对击杀人类天才有特殊奖励，兴奋答应，但要求等人类队伍离开势力范围再动手。,夫威撒邀请妖族王族蒙维纳，报复阴谋酝酿成型。
域外战场,妖族的特殊奖励,设定展开、悬念设置,伏笔、设定,夫威撒得蒙维纳传讯编码，成功邀请蒙维纳（人身蛇首傀儡之身，真身为12公里长六翼独眼兹潜万蛇，普通不朽高等战力爆发接近封侯）；揭示妖族对击杀人类天才的特殊奖励；蒙维纳、泷图（人身龙首）、人身鼠首女子三名妖族不朽与夫威撒、雷克亚两名虬嗜族不朽汇合，静等人类小队出势力范围；罗峰小队休息十五天后出发。,妖族特殊奖励设定揭示，五名不朽伏击圈成型。
域外战场,猎物,矛盾爆发、转折高潮,冲突、高潮,蒙维纳等乘生物飞船迎向罗峰小队；罗峰凭先进探测仪器（拍卖价上千万混元单位）早于10亿公里外发现敌人，判断为五名不朽（三妖族傀儡+两虬嗜族）；夫威撒/雷克亚轰碎C9级飞船，泰沃收休息厅；泰沃、毒药见夫威撒再临怒不可遏，但见到四名妖族不朽真身（独角龙、尖刺鼠）及蒙维纳后陷入绝望。,五名不朽伏击罗峰小队，泰沃小队陷入绝境。
域外战场,盛开的食星草,转折高潮、爽点设置,爽点、高潮,"泰沃下令分散逃跑拼死一搏；蒙维纳现真身（12公里六翼独眼青色鳞蛇，寒气冰封上万公里）；罗峰释放不朽食星草（金色水草瞬间膨胀为媲美恒星体积，上百主藤草各长数十万公里），瞬间淹没四名不朽（独角龙、尖刺鼠、夫威撒、雷克亚）以锯齿草叶绞杀吞噬，四不朽自爆仅炸碎几片草叶；蒙维纳被食星草束缚呼救""遇到拥有不朽百藤食星草的人类界主""。",罗峰爆发不朽食星草，四名不朽被瞬间吞噬，蒙维纳被困呼救。
域外战场,速战速决,战斗描写、转折高潮,战斗、高潮,"蒙维纳呼救令周围妖族队伍不敢来援（惧怕不朽百藤食星草），仅七支队伍赶来；罗峰以食星草遮蔽战斗；罗峰穿兵甲（四倍界主巅峰力量=勉强封侯）持血影战刀+六棱盾牌变武者姿态，世界投影（体内世界超9000万公里直径）直接压崩溃蒙维纳法则领域；施展幽影七绝刀""昙花""一刀将蒙维纳从头颅劈成两半，食星草吞噬其身；泰沃等震惊罗峰最强是武者而非精神念师。","罗峰以兵甲+世界投影+幽影七绝刀""昙花""一刀两分蒙维纳。"
域外战场,独自离去,情感展现、情节推进,情感,罗峰军功达14.61亿（蒙维纳值10亿），已获自由之身；泰沃等认定罗峰为五大势力核心天才或超级存在亲传弟子但不追问隐私；罗峰将五名不朽战利品（价值数万混元单位，含先进探测器）赠予队友；泰沃揭示击杀军功体系（不朽军主低等1亿/高等10亿，封侯初等100亿/高等1000亿/巅峰1万亿，封王初等10万亿/高等100万亿/巅峰1000万亿）；罗峰告别小队独自乘E9级飞船离去。,罗峰凑满军功获自由身，告别泰沃小队独自踏上域外战场之旅。
域外战场,焱祭大陆,环境铺陈、设定展开,设定,罗峰选择单独一人（非率军），军队发送第七战场星空图；罗峰锁定焱祭大陆（026基地控制范围内最高等战斗区域，主大陆最大直径1.8光年+数千大陆残片，不朽军主约三分之二、封侯约三分之一、封王屈指可数，无不死之身生存概率低）；罗峰自知地球人本尊靠兵甲仅勉强封侯初等、无不死之身，暂不去最危险的022-036基地范围（封王聚集地）；飞船经宇宙穿梭飞行六天抵达焱祭大陆。,焱祭大陆最高等战斗区域设定展开，罗峰选择其为下一阶段战场。
域外战场,诺岚山？,悬念设置、伏笔深化,伏笔,罗峰飞船在焱祭大陆09号陆地（最大直径9000亿公里，绕行约一个月）上空飞行，发现各支队伍水准明显高于碎星带；巴巴塔急召罗峰——探测发现诺岚山（界主三阶，当年逼罗峰至绝境后逃入域外战场四千多年）；诺岚山所在人类队伍（两名不朽军主舒凡/博野铸+近200界主+2000域主+2万宇宙级）正遭妖族时空魇兽（双头金瞳银瞳不朽军主巅峰）率队围攻，舒凡向罗峰求救。,罗峰在焱祭大陆偶遇旧仇诺岚山，决定出手介入。
域外战场,诺岚山的惊恐,战斗描写、转折高潮,战斗、高潮,"罗峰脚踏洛夫鹨盘（天然飞行辅助兵器，100-200万混元单位）持兽神兵盾牌俯冲而下；两名人类不朽初以为救星后发现罗峰仅界主而失望；罗峰识破时空魇兽（妖族十八皇族之一，金瞳影响空间银瞳影响时间，此头时空天赋低故仅不朽军主巅峰）；施展《兽神兵》第一式""兽神降临""（999菱形金属片化为兽神幻影），世界投影压制时空魇兽法则领域，""撕天一爪""撕裂时空魇兽一的头颅与躯干，食星草吞噬其殒落；诺岚山认出罗峰面容瞪圆双眼。","罗峰以兽神兵""兽神降临""一击撕裂时空魇兽，诺岚山认出罗峰惊恐万分。"
域外战场,叛族罪,人物心理、矛盾展现,冲突、情感,"罗峰化名""扬""加入舒凡/博野铸队伍；诺岚山识出罗峰后绝望，判断报复概率趋于0，决定留在军队内（军队规定战友不得自相残杀，违者以叛族罪处死），认为罗峰不敢在军队内动手；罗峰暗定无论诺岚山留军队还是逃离都是死路；舒凡介绍焱祭大陆岛屿体系（主大陆外陆地碎片称""岛屿""），所在为""雾沙岛""（较大岛屿，已知12名封侯霸主）。",诺岚山以叛族罪规定自保，罗峰暗定除掉诺岚山之计。
域外战场,征战,战斗描写、转折高潮,战斗、高潮,"罗峰随舒凡/博野铸队伍在雾沙岛征战；舒凡/博野铸解释封侯不朽""不死之身""恐怖（自爆都伤不了，轰碎千次万次无碍），劝遇封侯只逃；队伍遇虬嗜族两名不朽军主+上万战士，罗峰参战；诺岚山杀戮域主九阶虬嗜族战士时，罗峰在与虬嗜族不朽精神念师交手中，借抵挡九柄利剑角度计算，令歪掉剑气波及诺岚山，诺岚山被轰成碎粉，死前怒吼""罗峰""。",罗峰借战斗余波暗中击杀诺岚山，四千多年旧仇了结。
域外战场,蝼蚁,人物心理、情节推进,情感,队友以为诺岚山死于不朽战斗余波；罗峰暗叹诺岚山四千多年磨练在己面前仍如蝼蚁；罗峰以兽神兵七次撕裂虬嗜族不朽身体却难杀死（无不朽神力可燃烧），虬嗜族不朽自爆身亡；舒凡/博野铸解释一对一击杀不朽军主巅峰之难（需二人联手分割压制碎裂身体耗光神力）；罗峰告别舒凡/博野铸独自离去。,罗峰反思杀不朽军主巅峰之难，告别队伍独自磨练。
域外战场,百年岁月,情节推进、设定展开,设定,"罗峰在雾沙岛山脉洞窟建老巢，以食星草堵塞洞窟守护；展开百年磨练规律（狩猎一趟+反思修炼十天半月到三五个月）；兽神兵勉强封侯初等、战刀近身战媲美封侯高等；""食星界主""威名传遍雾沙岛，异族不朽纷纷联合（四五名、六七名一组）应对，罗峰成为十三霸主之一（十二封侯+食星界主）；百年间三次遇险，最危险一次被虫族母皇30万界主巅峰战士合击，地球人本尊被震碎，魔杀族分身接替逃跑保命。",罗峰雾沙岛百年磨练，食星界主威名确立，曾遭虫族母皇偷袭险丧命。
域外战场,试刀,悟道、战斗描写,修炼、战斗、爽点,"罗峰百年创《新七绝刀》（普通层次），欲找封侯试刀未果；锁定12名虫族阵营不朽（8螭永族+3卡巫族+1星光族）在山脉大摆宴席；罗峰穿兵甲持战刀盾牌破壁而入，12名异族不朽认出""食星界主""欲劝其离开，罗峰出刀宣战；六名螭永族施灵魂攻击，罗峰以希罗多绝学《兽神吼》兽神低吼震散攻击。",罗峰以12名虫族不朽试刀，《兽神吼》灵魂防御首现。
域外战场,斩！,战斗描写、转折高潮,战斗、高潮,"罗峰世界投影力压12名异族不朽法则领域；12名不朽围攻，罗峰硬抗八名合击吐血；罗峰施""三振穿梭宇宙""身法（据《列宇》《兽神奔》《三振穿梭宇宙》创，人身施展不如金角巨兽）；以新七绝刀最强招""葬身""劈碎卡巫族隆索身体；星光族不朽施""星光命丝""（生命晶核所化拼命一招）困罗峰，罗峰令食星草抵挡，本人施血洛之力+三振穿梭宇宙力拼12名不朽。","罗峰以新七绝刀""葬身""劈碎卡巫族隆索，12名不朽围攻激战。"
域外战场,更该死,战斗描写、转折高潮,战斗、高潮,"罗峰施血洛之力+三振穿梭宇宙压制12名不朽，昙花斩星光族、悠悠斩螭永族；食星草吞噬碎裂不朽；11名不朽四散逃跑，罗峰追杀隆索（因第一个被劈碎）；罗峰世界投影笼罩隆索，食星草束缚；隆索求饶称其兄为十二封侯之一""巨石""焚亚，罗峰冷笑""那你就更该死了""，一刀斩杀隆索，食星草吞噬；焚亚感应弟弟信物断讯，循印记追来；罗峰欲引诱封侯一战以检验金角巨兽分身战力。",罗峰斩杀隆索，引诱封侯焚亚前来决战。
域外战场,湖泊上的决战,悟道、战斗描写,修炼、战斗、爽点,罗峰在洞窟中研究刀法缺陷，金角巨兽战斗秘法与刀法相通却无完美秘法；12天后焚亚（12米高卡巫族封侯，火焰法则领域）乘金字塔飞船抵达湖泊上空；罗峰世界投影与焚亚火焰法则领域碰撞略占上风却无法压倒（焚亚融合空间法则操控领域）；罗峰持血影战刀+盾牌，施三振穿梭宇宙，焚亚持双锤，雾沙岛十三霸主之二决战开始。,罗峰与封侯焚亚湖泊决战，世界投影与法则领域初次碰撞。
域外战场,奇异怪兽,战斗描写、转折高潮,战斗、高潮,罗峰硬抗焚亚一锤吐血倒飞（焚亚身体力量封侯高等、硬度超封侯高等七八倍）；罗峰施三振穿梭宇宙身法闪避，血影战刀仅切入焚亚腰半米被卡住；焚亚发疯不管罗峰攻击只管砸锤，罗峰被多次砸飞吐血；罗峰感叹焚亚身体硬如F3级金属无法劈开；金角巨兽分身（银色怪兽，上百公里身躯，银色鳞片+银色翅膀+银色王冠，融合弑吴羽翼+将甲+兽神变，威压让焚亚忌惮）从山脉缓缓升起。,罗峰地球人本尊苦战焚亚陷入劣势，金角巨兽分身现身救场。
域外战场,罗峰的难题,设定展开、矛盾展现,冲突、设定,"金角巨兽（勉强封王战力）一撕一拍将焚亚化为粉末，但焚亚不死之身凝聚无碍；罗峰遇难题——杀死不死之身需""灵魂毁灭""或""强行湮灭""，强行湮灭需燃烧不朽神力，而金角巨兽是界主无不朽神力可燃烧；焚亚被反复轰碎却实力无影响，罗峰陷入死胡同。",罗峰遇难题——界主金角巨兽无不朽神力，无法强行湮灭封侯不死之身。
域外战场,"至宝""弑吴羽翼""",转折高潮、装备获取,奖励、高潮,"罗峰催动至宝弑吴羽翼（混沌城主所赐，宇宙尊者都疯狂追逐的至宝，第一形态可飞行鬼魅+羽翼如刀），羽翼切过焚亚躯体，弑吴羽翼内转化的""空间之力""强行湮灭焚亚2%不朽神体（从根本上毁灭）；罗峰大喜连切数十次，焚亚不朽神体仅剩30%绝望自爆；金角巨兽以弑吴羽翼合拢护身挡住自爆（将甲抵消余力）；罗峰收战利品撤退；雾沙岛十二封侯之一""巨石""焚亚殒落无人知。",弑吴羽翼至宝首展战斗威力，强行湮灭焚亚不朽神体，焚亚自爆身亡。
域外战场,雾沙岛中创绝学,悟道、情节推进,修炼、爽点,"罗峰顿悟——金角巨兽最强是弑吴羽翼，应创配合羽翼攻击的秘法；研究《三振穿梭宇宙》《列宇》翅膀技巧+传承记忆翅膀秘法+兑换有翅膀种族秘法，融入兽神意境开始创造；""银色怪兽""成雾沙岛噩梦，超越十三霸主威名，异族纷纷逃离；一百多年后弑吴羽翼攻击秘法初创小成（超《新七绝刀》层次）；罗峰连接虚拟宇宙赴雷霆岛混沌神殿请教混沌城主。",罗峰确立弑吴羽翼自创路线，银色怪兽成雾沙岛噩梦，请教混沌城主。
域外战场,千年，绝学成,悟道、转折高潮,修炼、高潮、爽点,"混沌城主将罗峰修炼场改造并安排针对秘法缺点的对手试炼（击败一个才出下一个，500=顶级、1000=巅峰、1200=希罗多层次、2000=究极）；罗峰耗费1000年击败1000个对手（最难为不朽级毁娑巨兽耗时18年，最后第1000个""绿线噬虫""耗时102年），创成巅峰绝学第一式""银河挂长空""；混沌城主现真身（金色长袍+青色鳞片头+人类面容）赞罗峰悟性极高，1200年（含前200+后1000）创巅峰绝学。","罗峰1000年击败1000对手，创成巅峰绝学第一式""银河挂长空""。"
域外战场,家乡，明月（本篇终章）,悟道、情感展现,修炼、情感、爽点,"罗峰为绝学命名，思索中忆起地球时代守护亲人家乡的初心——从基地市闯荒野区、夺龙蛋作战服、为弟弟罗华承诺288亿、地球末日战金角巨兽、界中界拼命，一切根本是守护亲人家乡；罗峰定名""明月""（望明月思故乡念亲人），又取""单执一札谓简，连编诸简乃名为策""之意，整套绝学命名《明月策》（第一式银河挂长空，将来还会有第二式第三式）；混沌城主揭示秘法五层次（不入流/普通/顶级/巅峰/究极），评罗峰1200年创巅峰绝学悟性极高；混沌城主嘱罗峰继续在域外战场生死战斗完善绝学；罗峰飞离雾沙岛前往焱祭大陆主大陆（封侯众多封王出没的更危险地带），全篇至此完整收官。",绝学命名《明月策》（望明月思故乡念亲人），罗峰飞往焱祭大陆主大陆开启新阶段。
刀河王,焱祭大陆主大陆,环境铺陈、设定展开,设定,罗峰在焱祭大陆主大陆闯荡36天，乘飞船以1号探测仪（封王级标配）关闭屏蔽功能钓鱼引诱异族队伍；介绍主大陆强者如云、封侯不朽比例高、封王稀少的格局，妖族（恐金犼族封侯巅峰+尾遗族二不朽）盯上罗峰。,"焱祭大陆主大陆格局展开，罗峰""钓鱼""战术启动。"
刀河王,积累军功,战斗描写、设定展开,战斗、设定,"恐金犼族三人袭击罗峰，罗峰以《明月策》第一式""银河挂长空""刀光成河灭杀尾遗族二不朽，与恐金犼厮杀；揭示罗峰地球人本尊接近封王战力（兽神意境18层+巅峰绝学+1000倍界主之力），金角巨兽战力更强。",罗峰接近封王战力首次展现，《明月策》刀光成河绝技登场。
刀河王,尽早铲除,转折高潮、伏笔埋设,伏笔、高潮,"金角巨兽以弑吴羽翼灭杀尾遗族二不朽、切割恐金犼致其自爆；恐金犼死前上报妖族联盟罗峰疑为雾沙岛食星界主；妖族高层判定罗峰为超等天才，下令""尽早铲除""。",妖族高层下令铲除罗峰，全篇异族威胁线启动。
刀河王,销声匿迹,人物引入、悬念设置,人物、伏笔,紫穹王（妖族封王，具瞬移能力）奉命击杀罗峰，一年无情报；罗峰用弑吴羽翼伪装威压（地球人本尊封侯巅峰、金角巨兽更强），分身战术一年杀5封侯3军主。,紫穹王瞬移追杀线展开，罗峰分身战术确立。
刀河王,常在河边走,人物引入、悬念设置,人物、伏笔,"罗峰三年闯荡杀22封侯19军主，金角巨兽得名""银翼王""；机械族茨维卡（智能生命，认主，封侯巅峰）发现罗峰高端探测仪，决意击杀夺宝。","机械族茨维卡盯上罗峰，""银翼王""名号传出。"
刀河王,逼急了,战斗描写、转折高潮,战斗、高潮,茨维卡9座金字塔飞船900万F9级机械傀儡围攻罗峰；罗峰被逼变身金角巨兽（银翼王），茨维卡震惊。,900万机械傀儡围攻，罗峰被迫暴露金角巨兽分身。
刀河王,九绝神国,战斗描写、设定展开,战斗、设定,"金角巨兽以弑吴羽翼破坏53万机械傀儡能量核心并收取；茨维卡启动""九绝神国""（宇宙尊者级机械族大师制造），九座金字塔连接紫色空间，81名G级金属神王（封王初等战力）将金角巨兽困住。",九绝神国登场，金角巨兽陷入紫色空间困境。
刀河王,被压制,矛盾展现、人物引入,人物、冲突,"徐欣为罗峰祈祷；拿识族黑甲青年（封王初等）前往焱祭大陆；九绝神国内81神王以""神国裂""等招式攻击金角巨兽，弑吴羽翼+将甲双重防御下金角巨兽受伤但身体未碎。",黑甲青年登场伏笔；九绝神国连续攻击金角巨兽受创。
刀河王,罗峰的反击,战斗描写、转折高潮,战斗、高潮,九绝神国九击均未轰碎金角巨兽身体；茨维卡犹豫是否施展10亿瑜蓝单位代价的禁忌攻击；金角巨兽趁81神王能量耗尽，召唤百万虎甲虫族王者军团合击轰破紫色空间。,百万虫族王者军团反击，轰破九绝神国紫色空间。
刀河王,偷鸡不成蚀把米,转折高潮、爽点设置,爽点、高潮,百万虫族王者合击撕裂一座金字塔飞船，金角巨兽收取破损飞船及九绝神国布置仪器；茨维卡震怒却无法夺回；金角巨兽拒绝最高神王10亿混元单位赎回交易，携战利品离去。,罗峰夺得九绝神国基座飞船部件，茨维卡损失惨重。
刀河王,星辰塔,悬念设置、人物引入,人物、伏笔,"罗峰反思此战憋屈主因为探测仪不如对手；茨维卡请千眼心族""死灵王""莫莫布（灵魂攻击封王巅峰）及玖坚王（瞬移封王巅峰），以30亿瑜蓝单位代价邀请；罗峰感应到遥远处神秘宝物强烈召唤。",茨维卡联合死灵王、玖坚王布局，罗峰感应神秘宝物。
刀河王,风云，起,转折高潮、悬念设置,伏笔、高潮,罗峰花钱请星幻王瞬移脱身，茨维卡悬赏银翼王坐标5000万瑜蓝单位；黑甲青年（拿识族）乘剑形飞船抵焱祭大陆，罗峰全身细胞战栗感应到其身上宝物。,罗峰瞬移脱身，黑甲青年宝物召唤感出现。
刀河王,抉择,人物心理、悬念设置,伏笔、情感,罗峰追击黑甲青年，发现对方探测仪比己方高端，3亿公里外即被锁定；黑甲青年属拿识族（妖族阵营）；罗峰因实力不足（地球人本尊仅对付封侯初等）且金角巨兽暴露风险，选择放弃暂退。,罗峰第一次因实力不足放弃夺宝，决定回基地升级。
刀河王,港湾,环境铺陈、人物引入,人物、设定,罗峰回026号兵营基地（AAA神灵基地），分到湖中岛屿私人领地；结交邻居封王强者库托（轰明王）；魔杀族分身开始研究破损金字塔飞船战利品。,罗峰返回兵营基地修整，结交封王朋友。
刀河王,战利品总价,设定展开、爽点设置,爽点、设定,巴巴塔清点战利品四类（破损飞船500万、G级傀儡2000万、153万机械傀儡8亿、九绝神国仪器价值最高）；虚拟宇宙公司收购部主管诺斯巫报价46亿混元单位（仪器为宇宙尊者级机械族大师制造）。,战利品总价46亿混元单位，罗峰发了一笔大财。
刀河王,结交,人物引入、设定展开,人物、设定,罗峰请真衍王帮忙在鸿盟出售战利品；真衍王令门槛为10亿混元单位以上宝物；罗峰研究探测仪型号，计划购买大型+微型搭配；结交库托等封王朋友，得知星辰塔为更高危险之地。,真衍王出手帮卖战利品，罗峰规划探测仪升级。
刀河王,血洛晶的讯息,设定揭示、伏笔深化,伏笔、揭示、设定,真衍王在鸿盟谈妥交易：欲魔王18亿买机械傀儡、黑心王43亿买仪器，共61亿混元单位；真衍王揭示血洛晶乃兽神殒落后血液结晶，100颗提炼一滴兽神之血，对宇宙尊者都有效；罗峰当年以600积分一颗被收购价太低，暗自庆幸当年压住近万颗血洛晶未卖。,血洛晶=兽神之血结晶设定揭示，罗峰出售战利品获61亿。
刀河王,底气十足,爽点设置、装备获取,奖励、爽点,罗峰融合第4-8颗血洛晶（第9颗失败）；金角巨兽背部融合65颗（共165颗）；花费61.3亿积分购买大型探测仪（20亿）、微型探测仪（18亿）、摩云藤进化材料（15.3亿）、火神源晶（8亿）；剩余1.5亿积分。,罗峰大规模升级装备，摩云藤进化材料到手。
刀河王,摩云,装备获取、情感展现,奖励、情感,罗峰在暗宇宙飞船中按方案让摩云藤蜕变，历经冰封期最终连接宇宙本源成为不朽神灵（216主藤蔓，封侯巅峰，身体强度媲美封王初等人类）；罗峰为摩云藤如兄弟成不朽而开心。,摩云藤蜕变为不朽神灵，罗峰多一强力助手。
刀河王,建神国,设定展开、环境铺陈,设定,罗峰经食星草神国传送回人类疆域，带摩云藤入空间夹层神国层建造神国（直径不足十万公里）；揭示罗峰不敢修炼金之法则（怕成不朽无法孕育第三分身），仍在等待最佳第三分身素材。,摩云藤建造神国完成，第三分身伏笔埋设。
刀河王,焱祭大陆之相遇,悬念设置、矛盾展现,伏笔、冲突,罗峰重返焱祭大陆，大型探测仪发现黑甲青年探测仪比己方低端；黑甲青年以微型探测仪发现罗峰，诈称封王高等并有封王盟友赶来；罗峰识破其属拿识族（妖族阵营），确认可安全使用金角巨兽。,罗峰与黑甲青年互相试探，确认对方阵营。
刀河王,激战,战斗描写、转折高潮,战斗、高潮,"罗峰以百万虎甲虫族王者军团合击摧毁黑甲青年植物生命""燕花""62%及F9飞船；金角巨兽出击一招灭杀封侯高等仆从罗沙；黑甲青年识破银翼王身份。",百万虫族军团合击威力惊人，金角巨兽一招灭封侯高等。
刀河王,逃,战斗描写、转折高潮,战斗、高潮,"黑甲青年以""时间暂停""定住金角巨兽逃脱；罗峰靠意志强行破解；揭示黑甲青年拿识族天赋+黑色节鞭（时间法则兵器）。",黑甲青年施展时间暂停逃脱，罗峰首遇时间法则逆天绝招。
刀河王,"目标""30秒""",人物心理、战斗描写,情感、战斗,金角巨兽追杀未果（黑甲青年直线亚光速飞行）；罗峰关闭探测仪诈敌；黑甲青年飞行九天改变方向藏身湖泊底部G级舱室；罗峰靠宝物召唤感精确定位。,罗峰诈敌成功，精确定位黑甲青年藏身处。
刀河王,殒落,转折高潮、装备获取,奖励、高潮,罗峰百万虫族军团合击轰穿F9飞船震裂G级舱室；黑甲青年死前群发银翼王坐标给妖族阵营；罗峰以8亿积分火神源晶（封王高等级）引爆，弑吴羽翼+将甲+摩云战衣三重防御无伤；黑甲青年殒落，奴仆全死；夺得G级舱室、黑色节鞭、世界戒指（含神秘宝物）。,罗峰以火神源晶击杀黑甲青年，夺得神秘宝物。
刀河王,六方狱界,转折高潮、悬念设置,伏笔、高潮,"黑袅王向茨维卡、玖坚王出售银翼王坐标（2亿瑜蓝单位）；三人瞬移抵达战场；茨维卡以六座基座飞船布置""六方狱界""（1亿公里范围）；罗峰被笼罩。",茨维卡等三大封王巅峰围杀，六方狱界笼罩罗峰。
刀河王,寸寸查探,悬念设置、设定展开,伏笔、设定,六方狱界寸寸搜索82个可疑物无果；茨维卡最大能量输出毁灭上亿公里范围物质；罗峰魔杀族分身变化岩石隐匿（天赋秘法复制）；鸿盟因罗峰击杀封王初等开始讨论吸纳其加入。,罗峰靠魔杀族复制天赋躲过六方狱界搜索，鸿盟拟吸纳罗峰。
刀河王,厉害啊,转折高潮、人物引入,人物、高潮,鸿盟108位宇宙尊者全票通过吸纳罗峰（混沌城主设权限无人敢看战斗视频）；茨维卡请死灵王神国传送赶来；星幻王瞬移出现救罗峰，空间被黑袅王封锁无法瞬移；金角巨兽携星幻王在空间碎片乱流中飞行如鱼得水，甩开追杀。,鸿盟吸纳罗峰，罗峰靠弑吴羽翼在空间乱流中逃脱。
刀河王,惊喜的宝物,设定揭示、爽点设置,揭示、爽点、设定,茨维卡安抚死灵王玖坚王后放弃追杀，考虑购买更可怕武器；罗峰研究黑甲青年战利品，发现第二块黑色金属板（无名秘典第二、五、七劫内容，第二劫完整），金角巨兽接受传承。,第二块黑色金属板到手，无名秘典第二劫内容完整。
刀河王,大机缘,装备获取、设定揭示,奖励、揭示、设定,罗峰发现黑甲青年遗留千年光（29厘米，30亿积分）、青光白露木、九净光沙等珍贵材料（约80亿积分）；发现梦光神使传承晶（足球大小，每10081纪元传承一次）；混沌城主揭示神使传承体系。,梦光神使传承晶发现，混沌城主解说神使/神将传承体系。
刀河王,都舍不得,人物心理、伏笔埋设,伏笔、情感,混沌城主给出梦光神使传承晶两个选择：卖虚拟宇宙公司300亿积分，或置换12万年后的四方神将传承名额；罗峰选择暂保留，混沌城主帮保留名额；混沌城主推断罗峰有焱神族兵甲将甲际遇。,罗峰暂保留传承晶，四方神将传承名额伏笔埋设。
刀河王,加入鸿盟,设定展开、人物引入,人物、设定,鸿盟使者队伍（欲心王等九名封王）邀请罗峰加入；罗峰加入鸿盟获一星身份；人类光影（威压媲美混沌城主）出现；揭示鸿盟殿主为超脱七星存在，混沌城主即其中之一。,罗峰正式加入鸿盟，鸿盟等级体系（一星到七星+殿主）展开。
刀河王,第二劫成,悟道、装备获取,修炼、奖励、爽点,"罗峰修炼无名秘典第二劫（基因6倍）；融合第9-10颗血洛晶成功成""黑武者""（血洛之力驱动身体力量10倍）；兽神变第一层（振幅2倍）；基础力量达120倍界主之力；融合将甲达封王战力。",罗峰地球人本尊达封王战力，两大封王战力成型。
刀河王,鸿盟城内,环境铺陈、设定展开,设定,"罗峰进入鸿盟城（虚拟宇宙最高等位面，300多万封王强者聚集）；外城3200平米住宅；结交木玉王等人类封王；异族""冰山""（诺布斯族）因族群弱小被抵制，体现人类在鸿盟最强。",鸿盟城格局展开，人类在鸿盟的统治地位确立。
刀河王,鸿盟城内的店铺,环境铺陈、设定展开,设定,木玉王带罗峰逛鸿盟城，介绍浦崖宫（唯一赌场，殿主后台）、宇宝堂（最好店铺，人类殿主所开）；宇宝堂二楼需四星存在或1000亿存款方可进入；异族吴吕王（七星存在弟子）傲慢登场。,鸿盟城商业体系展开，宇宝堂二楼门槛揭示。
刀河王,金甲,装备获取、伏笔深化,伏笔、奖励,"罗峰在宇宝堂发现焱神族金甲（原封王极限强者所有，宇宙尊者灭杀后金甲无损），削弱物质/灵魂攻击超九成但无法改变大小、无法融入体内、面部裸露三大弱点，标价50亿混元单位；罗峰确认这是比兵甲将甲更高端的""王甲""。",焱神族王甲现身，罗峰确认其与无名秘典系列同源。
刀河王,判定,伏笔深化、设定揭示,伏笔、揭示、设定,"罗峰购下金甲（50亿混元单位）；宇宝堂副堂主璨辛王（三星）上报堂主（宇宙尊者）；龙行之主告知混沌城主购金甲者为罗峰；混沌城主、龙行之主推断罗峰拥有焱神族甲铠使用方法，真正目标是大批量制造法及""皇甲""。",混沌城主、龙行之主推断罗峰拥有焱神族甲铠使用秘法。
刀河王,悠悠数十年,悟道、装备获取,修炼、奖励、爽点,"罗峰回兵营基地收金甲，金角巨兽融合王甲珠（胸口现""王""字）；金角巨兽持续修炼无名秘典第二劫三十年，终将王甲催发到极限（10万倍界主之力，封王巅峰级）；罗峰以""扬""身份在焱祭大陆闯出封王高等战力名号。",金角巨兽催发王甲达封王巅峰战力，三十年潜修。
刀河王,焱祭，波澜起,悬念设置、情节推进,伏笔,罗峰在焱祭大陆第189年，好友夜辰王（翼人族封王巅峰，瞬移）发现焱祭大陆原住民祭塔宝藏；邀罗峰、虎刺王联手，与异族冰刃、紫钟王、苍金王（封王极限）六方持信符进入；宝藏分配2-1-1。,祭塔宝藏线启动，六方封王联手夺宝。
刀河王,祭塔,环境铺陈、设定展开,设定,六方强者抵达祭塔（焱祭原住民逃亡生存基地，连宇宙尊者都无法探测）；祭塔内空间封锁无法瞬移；六具封王级原住民尸体（当年被宇宙尊者灵魂横扫瞬间殒落）；苍金王为封王极限战力，虎刺王硬抗。,祭塔设定展开，封王极限苍金王登场。
刀河王,古老神国,设定揭示、伏笔埋设,伏笔、揭示、设定,六方进入核心区通道镶嵌信符；祭塔智能生命发现异族入侵，通知焱祭原住民幸存者；金袍神主普埃率11名封王强者（幸存一脉）计划夺回传承；族老虬赤卡（最强者）布局。,焱祭原住民幸存者一脉现身，祭塔传承秘密揭示。
刀河王,布局,悬念设置、人物心理,伏笔、情感,虬赤卡令8名封王初等回神国，留四大强者（虬赤卡、普埃、拉蒂默、门布）；揭示祭塔三个藏宝室（第一已空、第二真宝藏需信符+本族人、第三传承室秘法）；虬赤卡以空藏宝箱设计引异族自相残杀。,虬赤卡布局自相残杀计划，传承室为第一目标。
刀河王,藏宝室,情节推进、战斗描写,战斗,罗峰速度优势在曲折廊道中压制紫钟王冰刃，率先抵达第一藏宝室收走三个藏宝箱（实为空箱）；冰刃怒吼通知苍金王，双方追来。,罗峰夺得空藏宝箱，引异族追杀。
刀河王,自相残杀！,战斗描写、矛盾爆发,冲突、战斗,"紫钟王冰刃冲入藏宝室杀罗峰；摩云藤对血魔花；虎刺王赶到相助；苍金王以灵魂攻击+身体振幅秘法踹飞虎刺王，雷电之矛""钉""住罗峰；夜辰王缠住苍金王。",藏宝室内混战爆发，苍金王封王极限战力碾压。
刀河王,火拼,战斗描写、转折高潮,战斗、高潮,紫钟王燃烧3%不朽神体三火焰钟砸罗峰，弑吴羽翼+将甲+摩云战衣三重防御无伤；苍金王燃烧不朽神体一掌拍碎夜辰王50%神体；苍金王逼夜辰王自爆。,紫钟王燃烧神体攻击无效，夜辰王被逼自爆。
刀河王,惨状,转折高潮、情感展现,情感、高潮,夜辰王自爆（50%神体）令冰刃殒落、虎刺王损失6%、紫钟王靠紫钟无伤、罗峰三重防御无伤；苍金王收夜辰王冰刃遗物含信符；祭塔60公里范围化为废墟；揭示宇宙之主可逆转时空复活人类强者。,夜辰王冰刃殒落，苍金王独得信符，紫钟王紫钟秘密初现。
刀河王,虬赤卡现身,转折高潮、悬念设置,伏笔、高潮,罗峰逃向核心区出口，虬赤卡（封王巅峰）现身堵住六条通道；揭示三个藏宝箱为空箱设计；虬赤卡以真宝藏（第二藏宝室需信符+本族人）引诱合作，要求一半宝藏。,焱祭原住民虬赤卡现身，揭露空藏宝箱阴谋。
刀河王,宝藏,悬念设置、情节推进,伏笔,四大强者包围虬赤卡前往第二藏宝室；虬赤卡带路开启隐藏通道；G级金属宝藏之门（价值过亿混元单位）；虬赤卡索要信符开启宝藏。,虬赤卡带路抵达真宝藏门前，索要信符。
刀河王,图穷匕见,转折高潮、伏笔深化,伏笔、高潮,虬赤卡融合信符成祭塔控制者；需两块信符开启宝藏门；苍金王扔第二块信符；宝藏室门开启，虬赤卡冲入后苍金王抢夺宝箱被12锁链锁住；虬赤卡关门困住四人，门外门布拉蒂默取走信符去传承室。,虬赤卡图穷匕见，以自己为饵困住四大强者，信符被族人取走去传承室。
刀河王,赴死,情感展现、转折高潮,情感、高潮,虬赤卡为族群自爆（封王巅峰）；普埃拉蒂默门布痛苦万分；虬赤卡遗言安排后人取宝藏；爆炸令虎刺王损失大半神体、紫钟王靠紫钟无伤、苍金王丝毫无损、罗峰三重防御无伤。,虬赤卡为族群自爆殒落，焱祭原住民幸存者获传承。
刀河王,紫钟王的威胁,矛盾展现、悬念设置,伏笔、冲突,苍金王发现紫钟王拥有神秘紫钟（挡住虬赤卡自爆无伤）；四大强者无法开启锁链宝箱；苍金王逼三人神国传送离开被拒；紫钟王亮出A-812火神源晶威胁苍金王。,紫钟王紫钟秘密暴露，苍金王图穷匕见要杀三人。
刀河王,那你们就死吧,战斗描写、转折高潮,战斗、高潮,苍金王燃烧不朽神体要杀三人；虎刺王燃烧自爆殒落；紫钟王祭出神秘紫钟罩住苍金王罗峰，退出钟外放A-812火神源晶（封王巅峰自爆3倍威力）；古钟束缚爆炸朝苍金王轰击。,虎刺王殒落，紫钟王以紫钟+火神源晶杀苍金王。
刀河王,大赢家,转折高潮、爽点设置,爽点、高潮,苍金王自爆同归于尽，紫钟王燃烧26%不朽神力束缚能量朝下轰击；宝藏室地面被轰穿6000公里深洞；锁链宝箱、弑吴羽翼（包裹罗峰世界戒指）、苍金王遗物全部被轰飞向下；罗峰地球人本尊躲入体内世界；紫钟王俯冲收宝。,苍金王自爆亡，宝物散落，紫钟王俯冲收宝。
刀河王,族群，崛起！,转折高潮、情感展现,情感、高潮,罗峰以魔杀族分身变化金属残片，在下方肆意收刮大量宝物及锁链宝箱；紫钟王找不到锁链宝箱；罗峰现身收金属残片时暴露，紫钟王震惊；焱祭原住民三大强者得传承后毁空间通道回神国，虬赤卡殒落换族群传承，誓言崛起。,罗峰成祭塔宝藏最大赢家，焱祭原住民获传承誓言崛起。
刀河王,金甲怪兽,战斗描写、转折高潮,战斗、高潮,紫钟王追杀罗峰，罗峰出祭塔后切换金角巨兽（王甲金色形态）伏击紫钟王；金角巨兽封王巅峰战力逼退紫钟王；紫钟王识破银翼王身份，瞬移逃走；罗峰感叹仍缺瞬移/时间暂停保命绝招。,金角巨兽王甲形态首战，紫钟王瞬移逃脱。
刀河王,锁链宝塔,装备获取、设定揭示,奖励、揭示、设定,罗峰感叹宇宙险恶不敢自大；魔杀族分身复制虬赤卡气息+信符，成功开启锁链宝箱；获三枚世界戒指：第一枚界主级宝物（2210亿）、第二枚不朽级宝物（2850亿）、第三枚秘纹武器（价值远超前两枚和）。,罗峰以魔杀族复制天赋开启锁链宝箱，获巨额宝藏。
刀河王,秘纹武器,设定揭示、装备获取,奖励、揭示、设定,"揭示秘纹武器""锁空之臂""（护臂形态，宇宙中不足百件）：焱祭原住民先祖在宇宙秘境领悟""祭祀秘纹""（实秘纹+虚秘纹），虚秘纹可空间封锁无法瞬移，最适合时间法则强者；三档幅散（1万/10万/100万公里）；以火神源晶为能量源。",秘纹武器锁空之臂认主，祭祀秘纹体系设定展开。
刀河王,一桶凉水,设定展开、人物心理,情感、设定,罗峰测试锁空之臂，1万公里范围空间封锁成功；但10秒消耗1.1%火神源晶（220万积分），1分钟消耗1320万积分；统计全部宝物价值约5600亿混元单位+秘纹武器；开始大规模处理宝物。,锁空之臂能量消耗惊人，罗峰统计宝藏总价值5600亿。
刀河王,谣言,悬念设置、矛盾展现,伏笔、冲突,"好友莫纳王告知罗峰，焱祭大陆传言""扬""得祭塔宝藏并公开坐标，各族强者觊觎；罗峰判定紫钟王散布谣言逼其现身；罗峰回兵营基地处理宝物避风头，虚拟宇宙公司2000亿混元单位交易完成。",紫钟王散布谣言，罗峰被推上风口浪尖。
刀河王,"名为""费摩""",装备获取、设定展开,奖励、设定,"罗峰查伊琳娜无法成为不朽（法则感悟不够）；搜罗203种""宇宙尊者下必死无疑""武器（6万亿起，买不起）；最终花费：本尊天地资源1100亿、火神源晶4颗1300亿、费摩毒液1公斤3000亿、摩云藤提升80亿积分，5600亿几乎耗光。",罗峰大规模采购升级实力，费摩毒液成关键杀招。
刀河王,开始了,装备获取、情节推进,奖励,"罗峰以费摩毒液涂抹新血影战刀制成""毒影战刀""（50克固化）；金角巨兽《本尊天地》修至振幅16倍；摩云藤提升至256主藤蔓封王初等；群发邮件找紫钟王，公开悬赏5000万混元单位。",毒影战刀制成，罗峰公开悬赏紫钟王。
刀河王,罗峰的张扬,情节推进、悬念设置,伏笔,罗峰公开悬赏令焱祭大陆人类阵营沸腾；紫钟王请血兽王、重箭王两位封王极限联手（各50亿瑜蓝佣金+扬死后三分之一财富）；紫钟王计划示敌以弱引罗峰入局。,罗峰公开悬赏立威，紫钟王请两位封王极限联手。
刀河王,紫钟王现身,人物引入、情节推进,人物,真衍王勉励罗峰（混沌城主亲传弟子身份需优异表现）；封侯不朽发现紫钟王坐标；罗峰请察勿王瞬移送达；紫钟王故意暴露引罗峰入局，感应到罗峰瞬移到来。,真衍王提点罗峰，紫钟王设局引罗峰入彀。
刀河王,激战,战斗描写、转折高潮,战斗、高潮,罗峰以近200万虫族王者军团双重合击（30万公里外爆炸）打草惊蛇逼紫钟王施展底牌；紫钟王瞬移逃脱后请血兽王重箭王现身；罗峰启动锁空之臂空间封锁1万公里，三大强者在内无法瞬移。,罗峰虫族合击逼紫钟王亮底牌，锁空之臂空间封锁三大强者。
刀河王,疯子！！！,战斗描写、转折高潮,战斗、高潮,罗峰引爆两颗最强火神源晶（每颗300亿混元单位，封王巅峰自爆10倍威力）；血兽王损失42%神体、重箭王损失59%、紫钟王损失超50%；罗峰靠弑吴羽翼+王甲+摩云战衣三重防御无伤；罗峰以毒影战刀刺入紫钟王。,罗峰以两颗最强火神源晶重创三大强者，无伤硬抗。
刀河王,陨落,转折高潮、核心伏笔,伏笔、高潮,费摩毒液侵蚀紫钟王（损失超50%神体，0.72克即致命），紫钟王殒落前群发邮件引机械族封王赶来；紫钟王因拥有紫钟（重宝）注定不可被宇宙之主复活；罗峰收紫钟王遗物含紫钟；血兽王重箭王各逃一方。,紫钟王被费摩毒液击杀殒落，重宝反成复活阻碍。
刀河王,震慑,战斗描写、爽点设置,战斗、爽点,血兽王瞬移逃走；罗峰追杀重箭王，摩云藤缠绕+毒影战刀+三尖刺（各30克费摩毒液）令其陷入沉睡，收入世界戒指；200余名异族封王陆续抵达，被战场惨状震慑。,重箭王被杀至沉睡，200余名异族封王被震慑。
刀河王,刀光成河,战斗描写、爽点设置,战斗、爽点,18名封王冲杀罗峰，罗峰以《明月策》刀光成河连杀13名封王（2封王巅峰+6封王高等+5封王初等），每条刀光长河代表一名封王殒落；以最强火神源晶震慑200余名异族封王；察勿王瞬移带走罗峰。,罗峰刀光成河连杀13封王，震慑全场后瞬移离去。
刀河王,刀河王（本篇终章）,转折高潮、核心伏笔,伏笔、高潮,"异族封王们公认罗峰封号""刀河王""（一刀出刀光成河，13封王殒落）；血兽王回神国潜修亿年；真衍王震惊于界主罗峰战力；混沌城主下令""刀河王=罗峰""为绝密，推断罗峰拥有焱神族王甲使用秘法，欲择日详谈。","罗峰获封""刀河王""之名，全篇最大悬念收束，第十五篇完整落幕。"
蛟化龙,紫钟,装备获取、设定展开,奖励、设定,"罗峰刀河王成名之战后研究紫钟王遗留的紫钟，认主后发现内含战斗秘法《魔音火神钟》（第一层需火之法则大成、空间法则悟透""空间封锁""），但因已有将甲无法同时融合（同类型防御宝物只能用一件）。罗峰将沉睡的重箭王以《万心控魂秘法》炼化为灵魂奴仆，统计战利品合计2300亿混元单位外加紫钟。",罗峰研究紫钟战利品并炼化重箭王为奴仆，战利品合计2300亿混元单位+紫钟。
蛟化龙,复苏的重箭王,设定展开、人物心理,情感、设定,罗峰花630亿购宝物令重箭王从沉睡中苏醒（神体从12%恢复至近20%），再将紫钟赐予重箭王（暂用防御，需悟火之法则方能驱动，重箭王主修土之法则但曾获火之法则本源承认）。重箭王缩小体型恭敬侍奉，罗峰另花580亿购恢复阶段宝物，三个月后重箭王恢复完整实力。,重箭王苏醒恢复实力，获赐紫钟，正式成为罗峰忠诚奴仆。
蛟化龙,星辰塔,设定展开、悬念设置,伏笔、设定,"罗峰决定前往域外战场最危险地""星辰塔""。重箭王详细介绍星辰塔：高九光年的宇宙奇物，通体黑色，连宇宙之主都无法破坏；外围""九旋星云""第四旋封王不朽扛不住、第七旋宇宙尊者被湮灭；内部孕育无数""镇封星辰""重宝（连宇宙尊者都妄图得到），但非主动出世连宇宙之主也无法强行取走。罗峰乘陨墨星号抵达时，感到超越一切的强烈召唤。",星辰塔设定完整展开，罗峰抵达时感到超越一切的强烈召唤。
蛟化龙,入塔,悬念设置、人物心理,伏笔、情感,罗峰冷静分析后尝试认主星辰塔（碰触门沿、念力渗透、鲜血渗透）均失败，但召唤感强烈。遇异族封王巅峰言鹫王，拒绝结伴邀请，独自进入星辰塔第一个禁地空间（沙漠），引出千公里级禁地护卫蜈蚣，重箭王惊叹此为万年未见的大动静。,罗峰认主星辰塔失败但召唤感强烈，进入第一个禁地空间引出千公里级禁地护卫。
蛟化龙,禁地守卫,战斗描写、伏笔埋设,伏笔、战斗,"罗峰、重箭王迎战禁地护卫蜈蚣。重箭王以""双重箭""贯穿蜈蚣腹部，蜈蚣一分为二变为两头。重箭王推测千公里级禁地护卫异动意味着有""镇封星辰""要出世，届时将引来一场大杀戮。金甲蝎子从蜈蚣腹部窟窿中爬出。",罗峰重箭王迎战禁地护卫蜈蚣，重箭王推测镇封星辰即将出世。
蛟化龙,危机感,战斗描写、伏笔深化,伏笔、战斗,金甲蝎子指挥两头蜈蚣围攻重箭王，自身专攻罗峰。罗峰以弑吴羽翼施展《明月策》击败金甲蝎子（体内损伤），蜈蚣吞噬金甲蝎子后钻入沙漠消失。罗峰感到禁地护卫对己有特殊敌意（不攻重箭王专攻自己），推测星辰塔可能是丧命之处、无名秘典创造者设下的筛选淘汰（成功生、失败死）。重箭王发现通道，二人离开。,罗峰击败金甲蝎子，感到星辰塔对己特殊敌意，推测是无名秘典创造者的筛选考验。
蛟化龙,人的名,环境铺陈、情节推进,设定,罗峰穿越岩石桥通道（下方虚空可见缓缓滚动的镇封星辰），天阵王等人类封王联系确认多地遭禁地护卫袭击，印证镇封星辰出世可能性极高。罗峰独自进入海洋禁地空间遇禁地护卫，此后连续九座禁地空间均引出禁地护卫，第七座（黑色金属猩猩）最危险。第21座禁地空间（沼泽）遇机械族阵营与虫族阵营对峙。,罗峰穿越禁地空间确认镇封星辰将出世，第21座禁地空间遇两大阵营对峙。
蛟化龙,晨混王,矛盾爆发、人物引入,人物、冲突,"第21座禁地空间中，机械族阵营（含紫钟王兄弟晨混王）与虫族阵营（含骷针王及幕后虫族母皇不朽""南惩""）对峙。晨混王辱骂罗峰，罗峰召出重箭王立威，重箭王持涂费摩毒液双弯刀一击秒杀晨混王（封王巅峰），震慑两大阵营。罗峰令重箭王隐藏紫钟为底牌。",重箭王一击秒杀辱骂罗峰的晨混王，震慑机械族与虫族两大阵营。
蛟化龙,强者云聚,人物引入、氛围营造,人物、设定,三方进入下一禁地空间汇合天阵王等人类阵营，罗峰与天阵王等九名人类强者结为核心。强者不断汇聚，妖族阵营玄墓王（歧魅族，近乎封王无敌，持血墓刀）登场压制全场气势。虫族母皇南惩被确认为当前聚集强者中的最强存在。,各族强者不断汇聚，玄墓王等近乎封王无敌的顶级存在陆续登场。
蛟化龙,杀戮之地,人物引入、设定展开,人物、设定,七剑王（人类近乎封王无敌，宇宙之主亲传弟子，精神念师流派，巨斧斗武场核心天才出身）登场为人类阵营核心。16000余名强者进入虚空通道，见十万多名各族封王不朽聚集。镇封星辰开始从虚空深处漩涡中缓缓上浮。罗峰被巴巴塔提醒若暴露混沌城主亲传弟子身份将比七剑王更耀眼。,七剑王登场，十万余名封王聚集虚空通道，镇封星辰开始浮现。
蛟化龙,结盟,情节推进、悬念设置,伏笔,"镇封星辰上浮速度变慢受强阻碍，四周显现数千颗镇封星辰环绕。天阵王组织上千名人类封王在虚拟宇宙""临时会议厅""结盟（11名封王极限、8名擅长灵魂攻击的封王巅峰），约定合力夺宝、谁得到归谁、得手后联盟自动解散。九名人类强者（天阵王、罗峰、蚕雨王等）更加团结。镇封星辰一飞冲天出世。",天阵王组织上千人类封王结盟，镇封星辰正式出世。
蛟化龙,刺杀,战斗描写、转折高潮,战斗、高潮,"十万封王混战争夺镇封星辰，空间被封锁无法瞬移。镇封星辰被轰击坠入危险区域（狂暴星辰塔能量），碰触即殒落。机械族命陨王以""分解塔""（超等单兵科技武器）刺杀七剑王，七剑王以古老金池（祖神教传承，异兽雕刻环绕）抵御，金池威能超越分解塔。命陨王揭示机械族刺杀天才排名：罗峰第一、梦燧王第二、七剑王第三。",镇封星辰争夺混战爆发，命陨王以分解塔刺杀七剑王被古老金池抵御。
蛟化龙,等待中的罗峰,人物心理、悬念设置,伏笔、情感,万千出口出现，弱者逃离、强者借危险区域杀敌夺宝。罗峰随波逐流混在团队中，始终认为镇封星辰出世非偶然（自己刚来就出世），一直在等待星辰塔特殊变化出现。罗峰对镇封星辰不狂热，更牵挂星辰塔对己的召唤之谜。,罗峰随波逐流观察，认定镇封星辰出世非偶然，等待星辰塔特殊变化。
蛟化龙,大变局,转折高潮、核心伏笔,伏笔、高潮,"妖族阵营十二名强者（六位封王极限战力）袭击罗峰小队，天阵王遭""魑芒王""灵魂攻击。混战中藏奇王殒落。天阵王被轰飞坠向危险区域，罗峰去救时遭天阵王暗中添加冲击力及魑芒王灵魂幻术攻击坠向危险区域。天阵王真面目暴露：实际早控制魑芒王、雾鯻王等奴仆，设局暗算罗峰夺其财富。罗峰凭意志破幻术，欲引爆最强火神源晶同归于尽时被神秘之力裹挟进入突现的空间出口。",天阵王暗算罗峰真面目暴露，罗峰凭意志破幻术被神秘之力救走。
蛟化龙,接引者,人物引入、设定揭示,人物、揭示、设定,天阵王庆幸逃脱，欲继续一锅端妖族阵营封王极限。罗峰被神秘之力裹挟经绚丽通道抵达镇封星辰环绕的核心大殿。接引者普缇登场（蛇人族，宇宙之主级威压），自称星辰塔看守者、接引者，坐山客大弟子，揭示罗峰为地球一脉第三位候选者（前两位失败殒落，隔82亿年），若成功成为三弟子，若失败殒落。,接引者普缇登场，揭示罗峰为地球一脉第三位候选者。
蛟化龙,缘由,设定揭示、核心伏笔,伏笔、揭示、设定,"普缇详述渊源：坐山客引导孕育焱神族一脉（二弟子焱帝，宇宙之主，统领焱神族成一方霸主）和地球一脉（罗峰为候选者）；创造《九劫秘典》（遭宇宙运转法则抵制，以天魂晶/黑色金属板为载体仅传一人，候选者殒落方可传下一位）。普缇即《万心控魂秘法》创造者""缇普""（分身在人类中以宇宙尊者巅峰战力示人）。坐山客为宇宙最强者之一，能复活宇宙之主以下任何强者，九域联盟等邀请其当总盟主被拒。",坐山客创造焱神族一脉和地球一脉的完整渊源揭示，《九劫秘典》传承机制揭晓。
蛟化龙,生死传承,转折高潮、设定揭示,揭示、设定、高潮,普缇揭示星辰塔认主即最后生死之路，认主考验心灵意志（前两位候选者一界主一不朽均失败殒落）；星辰塔炼制时意外融入一道金色光线使威能大增认主极难；认主失败则意志瓦解灵魂分解必死，且《九劫秘典》传承会消失。晶珠（塔珠）入罗峰脑海开始融合灵魂，三大分身和原核同受影响，6092年的生死传承开始。异族大能者（双角老者）在远方感知候选者开始，期待罗峰成功。,星辰塔认主生死传承正式开始，晶珠融合罗峰灵魂，三大分身同受影响。
蛟化龙,漫长岁月,悟道、人物心理,修炼、情感、爽点,"认主过程剧痛远超融合血洛晶（165颗），罗峰以""明心见性""第一重极端抵抗，一心至真至纯研究兽神之道。60年后疼痛增幅超预期，罗峰决定心至纯至真投入兽神之道磨砺本心。1000年后兽神意境媲美通天桥第19层。混沌城主召唤罗峰未果，得知其最后连接在星辰塔内。",罗峰以极端抵抗方式一心研究兽神之道，1000年兽神意境达通天桥第19层。
蛟化龙,希望和绝望,悟道、转折高潮,修炼、高潮、爽点,2600年追平第一位候选者记录。普缇回忆三重心境三条路（明心见性/赤子之心/心包容一切），前两位候选者分别走赤子之心、心包容一切路线（融合/包容剧痛），而罗峰走极端抵抗路线。3200年时罗峰意志蜕变飙升（晶钻压缩成原子核般），3900-4900年再次接近极限。普缇感叹罗峰抵抗方式反而压榨意志引起质变。,罗峰3200年意志蜕变飙升，走极端抵抗路线区别于前两位候选者。
蛟化龙,很想……你们……,情感展现、转折高潮,情感、高潮,"5000-6000年超越历史极限。罗峰6000年前设定遗书邮件自动发送（含500亿混元单位账户），徐欣及全家悲痛，徐欣求见真衍王，真衍王求见混沌城主确认罗峰生命气息仍在星辰塔。5600年罗峰达极限，6000年后凭对亲人""很想你们""的唯一执念硬抗支撑，灵魂开始粉碎又被意志强行凝聚。",罗峰6000年遗书邮件触发家人悲痛，凭对亲人执念在极限后硬抗支撑。
蛟化龙,罗峰苏醒,转折高潮、人物引入,人物、高潮,"6092年时晶珠终于完全融合灵魂，罗峰认主成功，喜悦后因灵魂超限压榨而沉睡九年。醒来后见两位超级存在：普缇及一位高900多米的巍峨老者（坐山客本体九万多公里缩小而来），其生命气息令宇宙本源法则退避三舍。坐山客宣布罗峰成为地球一脉首领，普缇称罗峰为""三师弟""。",罗峰6092年认主星辰塔成功成为地球一脉首领，宇宙最强者坐山客亲临。
蛟化龙,异族大能者,设定揭示、核心伏笔,伏笔、揭示、设定,"坐山客揭示收弟子三原则（提供顶级资源、不教秘法、不管生死），罗峰拜师喊""老师""。坐山客为罗峰准备两件至宝：星辰塔（宇宙最强至宝之一，炼制时融入金色光线威能大增认主极难）和劫甲（存焱神族由二弟子保管，可孕育兵将王皇甲珠）。罗峰得知自己将来若成宇宙之主有星辰塔加持可媲美乃至力压混沌城主。",坐山客收罗峰为三弟子，揭示星辰塔和劫甲两件至宝及收徒三原则。
蛟化龙,地球一脉的未来,设定揭示、伏笔埋设,伏笔、揭示、设定,坐山客揭示焱帝两件至宝（焱神戟+原魂），《九劫秘典》基因跃升体系（第一劫3倍至第三劫12倍超越金角巨兽，往后可媲美宇宙特殊生命）。劫甲/原魂可孕育子体（兵将王皇甲/魂），兵魂将魂王魂皇魂须地球人灵魂方可使用，未来可造就精神念师军团。地球改造为摇篮使地球人数量有限但强者概率极高。坐山客带罗峰前往彩色水珠空间。,《九劫秘典》基因跃升体系与地球一脉精神念师军团未来完整揭示。
蛟化龙,坐船游塔,设定展开、环境铺陈,设定,"坐山客以""言出法随""之能（周围一定范围内法则由其操控，宇宙本源法则退避）造游船带罗峰游览星辰塔内部。罗峰见通天之柱（框架）+诸多宝物（砖瓦）+镇封星辰（中转缓冲）构成完整至宝，法则秘纹复杂超越兽神雕像。坐山客揭示劫甲需1亿倍界主之力（宇宙尊者级）方能驱动，星辰塔更难，完整驱动后最弱一砸即可灭杀宇宙尊者。",坐山客展示言出法随之能带罗峰游览星辰塔内部结构，揭示至宝驱动条件。
蛟化龙,星辰图,装备获取、设定揭示,奖励、揭示、设定,"坐山客赐罗峰星辰图（重宝图卷+镇封星辰=低等至宝，最多容10万颗，罗峰取无用镇封星辰16235颗中的100颗），可将悟出的秘法法则秘纹印刻镇封星辰上。揭示罗峰现有三件至宝：弑吴羽翼（混沌城主赐）、塔珠（星辰塔封印空间控制核心护灵魂）、星辰图。《九劫秘典》五块残片另三块分置三处危险之地（界主/不朽/宇宙尊者阶段各取一块）。坐山客代号""坐山客""，二弟子曹本祁称""焱帝""。星辰塔须留域外战场直至罗峰能驱动完整星辰塔。",坐山客赐罗峰星辰图，揭示三件至宝与《九劫秘典》残片线索，坐山客与焱帝名号揭晓。
蛟化龙,罗峰的瞬移,装备获取、悟道,修炼、奖励、爽点,"罗峰将星辰图命名""星辰布道图""，印刻""撕天一爪""驱动六颗镇封星辰。将魂入体获万倍界主灵魂之力媲美封王初等，配合意志意识可发挥封王巅峰威能。塔珠护灵魂。6000年研究使兽神意境达通天桥第20层，《衍神七变》练成第二篇，空间法则悟透六幅图。魔杀族分身凭体内生命晶核与宇宙空间法则共振可施瞬移。罗峰自信面对七剑王等也不惧。",罗峰命名星辰布道图，融入将魂，各项实力质变飞跃，魔杀族分身可瞬移。
蛟化龙,罗峰归来（本篇终章）,情感展现、矛盾收束,冲突、情感,"罗峰回归虚拟宇宙见三万八千余封邮件（徐欣6000年间日写一封居多）。往九星湾见大儿子罗平借酒消愁，得知罗斯家族（封王初等剑闼王，宇宙尊者弟子）趁罗峰失踪6000年欺压罗家。罗峰闯入谈判以意志威压震慑罗斯家族使者，令其给""完美答复""否则让其殒落、罗斯家族消失。罗峰与妻子徐欣团聚，承诺没人能欺负罗峰的家人。",罗峰归来震慑欺压罗家的罗斯家族，与妻子徐欣团聚，全篇落幕。
冰狱星,混沌城主问话,情感展现、设定展开,情感、设定,"罗峰回归与妻子徐欣团聚，得知罗斯家族剑闼王借罗峰""殒落""谣言试探欺压罗家；罗峰赴虚拟宇宙见混沌城主，城主惊叹其成为黑武者及获空间本源法则承认（可瞬移），法则感悟媲美通天桥20层，令其闯界主级原始通天山展露实力，并为其伪造完整刀河王身份及安排鸿盟双重身份。",罗峰回归，混沌城主惊叹其黑武者身份与空间法则承认，令其闯通天山展露实力。
冰狱星,把酒言欢,人物心理、设定展开,情感、设定,"混沌城主连说三个""好""字重视黑武者身份，劝罗峰先突破不朽再闯宇宙秘境（寻第三分身）；罗峰携两箱珍贵果酒拜访真衍王，提及剑闼王之事，真衍王主张严查杀鸡儆猴，并惊喜罗峰能闯界主级原始通天山。",混沌城主劝罗峰先突破不朽，真衍王主张严查剑闼王。
冰狱星,剑闼王请罪,矛盾展现、人物心理,冲突、情感,剑闼王邮件请罪，罗峰在真衍王陪同下饮酒后赴九星湾，晾剑闼王于凉茶亭；剑闼王辩称七世孙被异族控制借罗斯家族试探罗家、七世孙自爆，罗峰扔出惩处清单。,剑闼王请罪辩解，罗峰扔出惩处清单。
冰狱星,罗峰的仁慈,矛盾收束、爽点设置,冲突、爽点,"罗峰三条惩处（99%资产转让、涉事人员送罗家、10亿混元单位）逼剑闼王至极限，自称""仁慈""；剑闼王暗中怒恨但被迫照办，罗斯家族几乎烟消云散，罗家霸道之名传开；罗峰一家团圆。",罗峰三条惩处逼剑闼王至极限，罗斯家族烟消云散。
冰狱星,猎捕,设定展开、悬念设置,伏笔、设定,罗峰回域外战场星辰塔，召重箭王，查天阵王已离塔1800年，决定通过朋友追杀；先在星辰塔练手抓灵魂奴仆，锁定妖族黑鸦王（封王巅峰灵魂类大师）为第一个目标。,罗峰查天阵王已离塔，决定先在星辰塔练手猎捕奴仆。
冰狱星,镇压,战斗描写、转折高潮,战斗、高潮,罗峰以星辰图六颗镇封星辰砸黑鸦王，黑鸦王灵魂幻术被微型兽神吼破；费摩毒液重创黑鸦王，万心控魂秘法控制失败，黑鸦王挣脱后自爆；重箭王杀两名虬甲堠族强者。,首战黑鸦王，费摩毒液重创但控魂失败，黑鸦王自爆。
冰狱星,雏形,设定展开、爽点设置,爽点、设定,"连续猎捕封王巅峰灵魂类大师前12次全失败；第五天第二次成功控制帕罗娲族钻石人""炼心王""（可燃烧不朽神力助控魂）；有炼心王辅助后成功率大增，罗峰隐匿让奴仆出手，严令禁用镇封星辰镇压封印之能防暴露星辰塔。",成功猎获炼心王，奴仆猎捕效率大增。
冰狱星,罗峰的卫队,爽点设置、悬念设置,伏笔、爽点,一个月46场战斗共获九大强者奴仆（重箭王、炼心王、震重王、铁旗王、悲魅王、屈灿王、极虹王持紫钟、山吼王、覆水王持冰浑丝网），杀封王超百；刀河王名震星辰塔，命陨王、塔龙王、玄墓王等超级强者悬赏盯上刀河王；真衍王警告罗峰。,九大强者奴仆成型，刀河王名震星辰塔引来超级强者觊觎。
冰狱星,双子旋域,环境铺陈、伏笔埋设,伏笔、设定,罗峰通过慵燕王（鸿盟隐秘女性情报势力）查到天阵王在双子旋域第七战场；率极虹王、重箭王等赴双子旋域，天阵王拥有三大仆从（两名封王极限+灵魂类大师魅芒王）。,罗峰查到天阵王在双子旋域，率队前往追杀。
冰狱星,战天阵王,战斗描写、转折高潮,战斗、高潮,极虹王、山吼王、覆水王围攻天阵王四方，双方燃烧不朽神力；覆水王冰浑丝网束缚敌方；天阵王祭出机械族超级单兵武器分解塔轰击，极虹王以紫钟护住己方。,三方奴仆围攻天阵王，天阵王祭出分解塔反击。
冰狱星,罗峰现身,转折高潮、伏笔深化,伏笔、高潮,极虹王紫钟魔音重创天阵王（神体仅剩33%）；炼心王等三灵魂大师联手控制天阵王，罗峰现身亲自完成灵魂控制，获天阵王及三大仆从；天阵王临死前群发邮件暴露坐标，三支队伍赶来。,罗峰成功控制天阵王，但坐标暴露引来队伍。
冰狱星,生死兄弟,矛盾展现、人物心理,冲突、情感,"三支队伍施展空间封锁，罗峰伪装""救友""的人类阵营强者逼退众人；雪角王发现罗峰已退役（军队系统确认），众强者心思变动欲围攻；天阵王已被收入世界戒指（实为罗峰奴仆）。",罗峰退役消息暴露，众强者欲围攻夺宝。
冰狱星,一线鞭影,战斗描写、转折高潮,战斗、高潮,"近90名强者围攻，罗峰以弑吴羽翼瞬间变向速度戏耍众敌；六颗费摩毒液星辰砸杀雪角王；黑剃王以黑色雷电巨锤袭来，罗峰施展兽神兵第二式""一线鞭影""（八颗星辰尾巴鞭影）硬碰黑剃王神锤。",罗峰杀雪角王，与黑剃王正面交手。
冰狱星,罗峰战黑剃王,战斗描写、人物心理,情感、战斗,罗峰八颗星辰一线鞭影与黑剃王神锤硬碰，黑剃王连绵锤法力压罗峰；罗峰承认实力不及黑剃王，临走以六颗毒液星辰击杀雪角王（自爆），凭速度优势从容离去。,罗峰与黑剃王试探性交手处下风，杀雪角王后从容离去。
冰狱星,刀河王的传说,爽点设置、设定展开,爽点、设定,"命陨王观看战斗投影后认可刀河王实力，""有资格拥有重宝""；刀河王传说传遍域外战场，""宁遇七剑、命陨，不遇刀河""名言流传；罗峰悄然回人类疆域，携紫火猿酒（800亿混元）回混沌城见真衍王。",刀河王威名传遍域外战场，罗峰回混沌城。
冰狱星,原始通天山,转折高潮、爽点设置,爽点、高潮,罗峰携紫火猿酒拜访真衍王，后闯界主级原始通天山，凭兽神意境轻松闯过山脚、山腰、山顶三关，成为人类历史上最巅峰天才之一；消息如飓风传开。,罗峰闯过界主级原始通天山，成为最巅峰天才。
冰狱星,赌注,设定揭示、情感展现,情感、揭示、设定,天蚀宫主等高层赌注胜负揭晓（罗峰超越戎钧）；罗峰续闯通天桥第20层成功，伯兰、戎钧、乌卡相聚感叹；罗峰飞向第21层守关者。,罗峰闯过通天桥20层，高层赌注揭晓。
冰狱星,战斗21层,战斗描写、悟道,修炼、战斗、爽点,"罗峰挑战第21层守关者（掌控者），守关者""封""招被罗峰以极限意志破开，逼其施展""杀""招击碎罗峰命核；罗峰失败但意志之强令守关者惊叹；真衍王讲解完整空间法则与零碎法则差距百倍千倍。",罗峰挑战通天桥21层失败，但意志之强令守关者惊叹。
冰狱星,魔手王,伏笔埋设、设定展开,伏笔、设定,"罗峰准备赴冰狱星寻九劫秘典第三份；混沌城主邮件安排鸿盟双身份；巴巴塔告知当年杀死呼延博的凶手是封王初等灵魂类大师""魔手王""娑罗普；罗峰赴鸿盟城新小区，结识梦燧王、南释王。",罗峰得知仇人魔手王身份，准备赴冰狱星寻宝。
冰狱星,回地球,矛盾展现、环境铺陈,冲突、设定,罗峰处理战利品后回地球，发现外星移民（巨斧斗武场、虚拟宇宙公司权贵子弟）欺压地球原居民，大气层飞船拦截罗峰；儿子罗海也遭刁难；截离王嚣张挑衅。,罗峰回地球发现外星移民欺压地球人。
冰狱星,一则命令,矛盾收束、爽点设置,冲突、爽点,罗峰求混沌城主下达命令：移民禁踏陆地、地球人禁踏海域，违者死；混沌城主赐千藤食星草（不朽级，封王巅峰战力）驻守大陆边缘；截离王咆哮但无奈。,混沌城主下令隔离移民与地球人，千藤食星草驻守。
冰狱星,千藤食星草,设定展开、矛盾收束,冲突、设定,千藤食星草驻守大陆边缘，两名自大移民被杀后众人规矩；地球人欢欣鼓舞；罗峰留铁旗王暗中守护家族，一月后离开地球赴冰狱星。,千藤食星草震慑移民，罗峰安排家族守护后离开。
冰狱星,重伤的魔手王,转折高潮、伏笔埋设,伏笔、高潮,罗峰携巴巴塔赴古轮宇宙国魔手星，以金甲人身份一脚踹倒魔手王，用涂费摩毒液尖刺将其神体湮灭；巴巴塔六万余年大仇得报。,罗峰击杀魔手王（实为分裂神体），巴巴塔大仇得报。
冰狱星,神体分裂,伏笔深化、悬念设置,伏笔,魔手王真身早已神体分裂（40%留魔手星装重伤，60%隐匿偏远恒星中），被杀的仅是分裂神体；真身娑罗普发誓复仇，将隐匿等待百万年再现身；罗峰携十二奴仆乘生物飞船赴乌华秘境。,魔手王真身神体分裂逃脱，发誓复仇。
冰狱星,乌华秘境,环境铺陈、设定展开,设定,罗峰抵达乌华秘境冰狱星带最外围；生物飞船以亚光速飞行三月余，遭星河中两名俄鼍族封侯攻击，罗峰以两颗镇封星辰贯穿击杀；罗峰改以身体飞行隐匿前进，途经星河、万神墓山、星带等特殊场景，抵达冰狱星带核心。,罗峰抵达冰狱星带，击杀俄鼍族，深入冰狱星带核心。
冰狱星,"名为""兠寇""",设定展开、环境铺陈,设定,"罗峰了解冰狱星带特殊生命""兠寇""（冰寒之气凝聚生命，嗜杀，数千名中数百名成不朽，两名成宇宙尊者，每颗冰狱星代表一名不朽兠寇）；罗峰派天阵王麾下封侯级魔螺猴先行侦查冰狱星。",兠寇设定展开，罗峰派魔螺猴侦查冰狱星。
冰狱星,塔拉莎老师,悬念设置、转折高潮,伏笔、高潮,"魔螺猴进入冰狱星宫殿被不朽兠寇塔拉莎冻成冰雕殒落；罗峰以魔杀族分身复制成青兠寇""贝珐""，被紫兠寇""娅乌""牵手带入宫殿见塔拉莎老师；罗峰趁机进入万物殿找到黑色金属板。",魔螺猴侦查殒落，罗峰以魔杀族分身伪装成贝珐潜入宫殿。
冰狱星,暴露,转折高潮、悬念设置,伏笔、高潮,罗峰在万物殿取得第三块黑色金属板（九劫秘典），飞出冰狱星通道时塔拉莎发现破绽（真贝珐在虚拟世界现身），瞬移拦截罗峰；冰狱星带数十位不朽兠寇及两位宇宙尊者感应到瞬移波动。,罗峰取得黑色金属板，被塔拉莎发现真实身份。
冰狱星,逃,战斗描写、转折高潮,战斗、高潮,塔拉莎紫色寒光被魔杀族分身灵魂免疫，罗峰施展瞬移逃走；青兠寇尊者燃烧神力干扰空间波动抓住魔杀族分身拍碎，但金属板已在瞬移途中转移给预设奴仆；紫兠寇尊者凭金属板上留的印记尾随找到罗峰本尊。,魔杀族分身被杀但金属板已转移，紫兠寇尊者找到罗峰本尊。
冰狱星,冰狱,转折高潮、悬念设置,伏笔、高潮,紫兠寇尊者抓获罗峰本尊，因坐山客吩咐（磨砺罗培）将其关入冰狱；罗峰原核由金角巨兽分身带走已离开乌华秘境；罗峰被押解至冰狱（镇压封印类重宝），被吞吸入冰狱中。,罗峰被紫兠寇尊者抓获，关入冰狱。
冰狱星,身陷冰狱,设定揭示、伏笔深化,伏笔、揭示、设定,青兠寇尊者、紫兠寇尊者私下揭示坐山客安排此局磨砺罗峰；紫兠寇尊者因在金属板上留印记才抓到罗峰；罗峰被关入冰狱，决心将其当做磨砺修炼场，不轻易请混沌城主。,坐山客安排冰狱磨砺罗峰的真相揭示。
冰狱星,杀机,环境铺陈、战斗描写,战斗、设定,冰狱中无法神国传送和瞬移，可连接虚拟宇宙；罗峰遭遇噬魂兽（罕见族群，两大天赋秘法：噬魂、分身）偷袭，以魂刀+六颗星辰击碎其分身；噬魂兽三次偷袭后判断罗峰实力强而退避。,罗峰初入冰狱遭遇噬魂兽偷袭，了解冰狱环境。
冰狱星,取死之道,人物心理、情感展现,情感,卡屠族强者（封王巅峰）一见罗峰即燃烧神体拼命，最终因无尽孤独绝望而自爆殒落；罗峰震撼于冰狱中强者被逼至自杀的残酷，暗问自己会否坚持，决心一定要出去。,卡屠族强者自爆殒落，罗峰震撼于冰狱残酷。
冰狱星,苍绛族,设定展开、战斗描写,战斗、设定,罗峰发现冰碑规则（凑足一万块号牌可离开，仅一人能出去）；苍绛族生命（植物类变异生命）为得不记名账号感应器偷袭罗峰，被罗峰以兽神爪+费摩毒液重创；苍绛族告知冰狱格局。,冰狱规则揭示，罗峰击败苍绛族了解冰狱格局。
冰狱星,十大封王,设定展开、悬念设置,伏笔、设定,苍绛族告知冰狱共860名强者，五大巨头（三个特殊生命+茨黯族+妖族皇族天狼）、十大封王、800垫底；天狼编撰排名（罗峰排第18）；罗峰在冰海边静修，十大封王之一白骨王现身。,冰狱强者格局展开，白骨王现身挑战罗峰。
冰狱星,绝学,悟道、人物心理,修炼、情感、爽点,罗峰与白骨王交手处于下风（白骨王战斗形态+重宝爪套），逃脱后反思冰狱强者重宝少但发挥极致；罗峰决心创出配合星辰图的绝学，在虚拟宇宙修炼场研究念力兵器操控秘法。,罗峰败于白骨王后决心创造配合星辰图的绝学。
冰狱星,寻找人类,悬念设置、设定展开,伏笔、设定,"罗峰""冰狱速度第一""名传冰狱，天狼将罗峰排第18；冰狱强者渴望不记名账号感应器而寻找罗峰；五大巨头之一银眸（特殊生命，擅长时间法则）亲自寻找罗峰未果；罗峰在修炼场创出念力兵器绝学。",罗峰名传冰狱，银眸亲自寻找未果。
冰狱星,击电奔星,悟道、爽点设置,修炼、爽点,"罗峰创出《万星布道图》第一式""击电奔星""（16颗星辰，尾巴最实）；混沌城主现身修炼场，令其战斗十场后再来见；混沌城主暗中不满罗峰分心二用（武者+精神念师）。","罗峰创出《万星布道图》第一式""击电奔星""。"
冰狱星,初战,战斗描写、转折高潮,战斗、高潮,"罗峰轰击冰层引出强者，与十大封王之一奔雷王（排名第12，擅长时间法则）交战；奔雷王""雷神践踏""踩罗峰，罗峰以16颗星辰""击电奔星""正面击溃奔雷王四条锁链攻击。",罗峰以新绝学正面击溃奔雷王。
冰狱星,银眸现身,转折高潮、悬念设置,伏笔、高潮,奔雷王燃烧神体仍追不上罗峰；银眸仆从发现罗峰行踪禀报银眸；银眸（五大巨头之二，特殊生命，擅长时间法则）现身，要求罗峰交出不记名账号感应器。,罗峰击败奔雷王，五大巨头银眸现身。
冰狱星,死神一指,战斗描写、转折高潮,战斗、高潮,"罗峰拒绝交出感应器，与银眸交战；银眸""死神一指""（时间停止+灵魂侵蚀），罗峰以极限意志+三至宝挣扎破开时间停止，弑吴羽翼挡住冰晶手指；银眸惊叹。","罗峰破开银眸""死神一指""。"
冰狱星,罗峰的传音,战斗描写、爽点设置,战斗、爽点,"银眸施展天赋绝招""银眸凝视""（无尽幻境轮回），罗峰熬过近一万纪元破出；罗峰以紫钟魔音+八颗费摩毒液星辰偷袭银眸，造成微小损伤后逃脱；罗峰传音银眸以重宝换不记名账号。",罗峰熬过银眸凝视并偷袭反击，传音交易。
冰狱星,轻松到手,爽点设置、人物心理,情感、爽点,罗峰以傀儡之身赴银眸宫殿，用不记名账号感应器（实为局域网）换得重宝碧绿色斧头；罗峰开始创造《万星布道图》第二式；混沌城主现身修炼场。,罗峰以假账号换得银眸重宝斧头。
冰狱星,焦急,人物心理、设定揭示,情感、揭示、设定,混沌城主劝罗峰放弃精神念师专修武者（黑武者+兽神道=有希望成宇宙之主），罗峰坚持双修；天狼得知罗峰与银眸交战讯息后愤怒，决心寻找罗峰。,混沌城主劝罗峰专注武者一脉，罗峰坚持双修。
冰狱星,蛰伏的两千年,悟道、伏笔深化,伏笔、修炼、爽点,天狼公开悬赏护佑找人类者；罗峰蛰伏逾两千年，创出《明月策》第二式（500年）和《万星布道图》第二式（52颗星辰，500年）；混沌城主告诫双修后期相互影响，罗峰坚持。,罗峰蛰伏两千年创出两套绝学第二式。
冰狱星,见天狼,情节推进、悬念设置,伏笔,罗峰以52颗星辰第二式吓退金属卡托；卡托代天狼邀请罗峰赴南方冰狱宫殿；天狼兑现护佑承诺，罗峰进入天狼宫殿。,罗峰赴天狼宫殿见面。
冰狱星,天狼的宝物,设定展开、伏笔埋设,伏笔、设定,"天狼以两件重宝换不记名账号感应器被罗峰拒绝；天狼亮出最重要宝物——祖神教""兽神传承令""（土、空间融合法则）；罗峰神力渗透查看传承之地坐标。",天狼以兽神传承令交易，罗峰查看其讯息。
冰狱星,算计,人物心理、转折高潮,情感、高潮,"罗峰查祖神教资料（三大祖神、八大兽神、72神将、3000神使，兽神传承令八种）；罗峰设局给天狼""局域网""假权限验证，天狼女仆从在虚拟游戏中发布赏金任务传递消息；天狼发现无回应后咆哮。",罗峰设局以假账号骗取兽神传承令。
冰狱星,罗峰的原计划,伏笔深化、人物心理,伏笔、情感,罗峰揭穿天狼验证即传递讯息的计谋；天狼被迫先交兽神传承令再验证；罗峰向混沌城主汇报原计划（冰狱磨砺万年夺号牌或请老师接应），混沌城主令其让天狼传递讯息。,罗峰获兽神传承令，向混沌城主汇报计划。
冰狱星,天狼之主,人物引入、悬念设置,人物、伏笔,天狼女仆从验证有回应（消息传至妖族）；天狼之主（宇宙之主，天狼族排名第一）亲自驾天狼殿（至宝）前往冰狱星带救援；紫兠寇尊者乃祖神教72神将之一。,天狼之主亲自前往冰狱星带，紫兠寇尊者身份揭示。
冰狱星,混沌城主降临,转折高潮、战斗描写,战斗、高潮,天狼之主降临冰狱星带，逼青兠寇尊者放出天狼斯卜瓦并击伤青兠寇尊者；天狼之主索要罗峰，两位尊者因坐山客吩咐不肯；坐山客令两位尊者放出罗峰；罗峰被踢出冰狱；天狼之主欲杀罗峰，混沌城主千宝河降临。,天狼之主降临索要罗峰，混沌城主千宝河降临。
冰狱星,看透,设定揭示、转折高潮,揭示、设定、高潮,混沌城主分身（特殊生命形态，手持石棍披千宝衣）踏千宝河而来，压制天狼之主；天狼之主看穿罗峰乃界主+至宝隐匿，知是坐山客磨砺后辈；混沌城主带走罗峰至原始秘境，展示千宝河真正模样。,混沌城主压制天狼之主，带走罗峰。
冰狱星,名传宇宙,爽点设置、情感展现,情感、爽点,混沌城主劝罗峰将兽神传承令转赠真衍王（修炼土、空间兽神道），罗峰毫不犹豫同意；刀河王乃界主的消息经天狼之主传播传遍宇宙，名震亿万族群；众强者猜测刀河王即罗峰。,罗峰转赠兽神传承令给真衍王，刀河王名传宇宙。
冰狱星,真衍王和罗峰,情感展现、爽点设置,情感、爽点,真衍王获兽神传承令激动万分，得知是罗峰赠送后不安；罗峰解释自己所得非族群赐予，且族群将另批一份；族群高层商议通过为罗峰破例发放兽神传承令（金、空间）。,真衍王获传承令感动，族群破例为罗峰批准传承令。
冰狱星,传承之地（本篇终章）,设定展开、伏笔埋设,伏笔、设定,罗峰与真衍王乘金属生命飞船（91倍光速）启程前往祖神教传承之地；金角巨兽修炼《九劫秘典》前五劫成功，基因达人类480倍，驱动血洛之力超1000倍，右蹄爪强化降至2倍已达极限；四个月后抵达传承之地。,罗峰与真衍王启程赴传承之地，金角巨兽修炼九劫秘典前五劫基因达480倍。
祖神教,紫荆岛,环境铺陈、设定展开,设定,"罗峰、真衍王抵达宇宙最危险秘境之一""祖神秘境""，目睹黑爞旋风（连宇宙尊者都可能湮灭）；斐沧族尊者（祖神教接引者，神将级）瞬移现身，验看兽神传承令后带二人瞬移至五彩极光湖（宇宙最强至宝之一、祖神教护教至宝，直径10光年，每道极光可重伤宇宙尊者），并提及星辰塔同为宇宙最强至宝之一至今无主；二人进入极光湖内抵达传承者居住地""紫荆岛""。",祖神秘境与五彩极光湖设定展开，罗峰、真衍王正式踏入祖神教核心地盘。
祖神教,护教兽神,设定展开、环境铺陈,设定,斐沧族尊者讲解紫荆岛传承者过亿、宇宙运转法则外显为光圈等设定，并揭示祖神教核心架构——祖神宫（三位祖神居住）、八方兽神殿（八大兽神）、护教兽神殿（修炼至宇宙之主的完整兽神传承者）、72神将大陆、3000神使世界；讲解外围成员体系（候补神使、候补神将、强大兽神传承者）及完整传承导致传承之地崩溃的规则。,祖神教完整组织架构与外围成员体系系统展开。
祖神教,三条通道,人物引入、设定展开,人物、设定,斐沧族尊者离去，罗峰、真衍王入岛主宫殿见护教兽神（火空间融合法则兽神，宇宙之主级），护教兽神赐予荣耀世界感应器及传承之地、宝藏之地、秘境之地三处权限，对应宫殿外三道喷泉水幕传送通道；讲解传承之地检验法则感悟、宝藏之地藏历代强者宝藏、秘境之地通往祖神秘境深处探险。,护教兽神登场，紫荆岛四大功能区域（荣耀世界、传承之地、宝藏之地、秘境之地）权限开启。
祖神教,传承,设定展开、悟道,修炼、设定、爽点,"罗峰以世界之力凝聚地球江南园林风格府邸，亦为真衍王凝聚一座；师徒入传承之地，鸠风尊者（人类七星霸主，完整神将传承，媲美天蚀宫主）引导，讲解传承之地威压规则；罗峰入黑雾被神秘力量操控演示""空间、金""融合法则，接受第三重传承（比冰狱两千年修炼收获还大），真衍王接受第四重传承并感应到突破契机。",传承之地神秘力量操控罗峰演示法则，师徒分别接受第三、第四重传承，真衍王突破契机浮现。
祖神教,推断,设定展开、人物心理,情感、设定,"鸠风尊者讲解传承规则（每重一次免费机会，额外传承需去荣耀世界赚取荣耀点兑换）、传承后需立即研究兽神之道以回忆更多奥妙、五彩极光湖范围禁止杀戮等常识；真衍王闭关冲击宇宙尊者突破；罗峰参悟半年后决定前往宝藏之地，在广场遇机械族强者""巨绝王""凭情报推断识破其刀河王身份。",传承规则与荣耀世界兑换机制确立，真衍王闭关，罗峰刀河王身份开始被异族识破。
祖神教,宝藏之地,环境铺陈、人物引入,人物、设定,"罗峰未承认身份进入宝藏之地，遇暗雾族千雨王（鸿盟成员），得知宝藏之地处处有宝藏、最高108座山峰藏宇宙诞生以来最珍贵108种宝藏（42种已被取走），需符合条件方可开启；一异族宇宙尊者""贝山尊者""霸道俯冲镇压罗峰与千雨王，罗峰手持最强火神源晶与之对峙。",宝藏之地宝藏体系展开，贝山尊者欺压封王不朽引发冲突。
祖神教,尊者和封王,矛盾展现、人物心理,冲突、情感,"贝山尊者仇视人类，逼迫罗峰跪伏赔罪毁50%神体，罗峰毫不畏惧顶撞（因刀河王身份已传遍宇宙，巅峰族群虎视眈眈，区区普通尊者不足惧）；异族尊者群体派系分明互相嘲笑；封王强者""逐虫王""（宇宙独一无二特殊生命，5000倍封王极限神力，持两件至宝，击杀过宇宙尊者）现身压制贝山尊者，令其离去。",罗峰不惧尊者展现傲骨，逐虫王以封王之身力压宇宙尊者登场。
祖神教,他是刀河王,转折高潮、悬念设置,伏笔、高潮,"逐虫王提醒罗峰小心贝山尊者记恨后离去；罗峰身份被甲虫族封王强者当众高喊""刀河王""引爆全场，消息经荣耀世界飞速传遍宝藏之地数千万传承者；各族强者震惊于界主之身击杀封王极限的非特殊生命天才，议论人类族群对其保护及妖族机械族虫族悬赏刺杀。",刀河王身份在宝藏之地彻底曝光，名震宇宙各族传承者。
祖神教,成名烦恼,人物心理、设定展开,情感、设定,"罗峰与千雨王躲入偏僻峡谷，千雨王推测罗峰可能是人类族群故意推出的""假刀河王""以保护真刀河王；千雨王讲解宝藏开启原理（祖神教控制系统搜集传承者讯息，符合条件并抵达宝藏处即自动开启，需在荣耀世界或府邸展露特殊能力）；刀河王出现在宝藏之地的消息传开，大量传承者赶来寻找。",宝藏自动开启机制揭示，罗峰成名后的烦恼与隐匿困境展现。
祖神教,鸿盟团体,人物引入、设定展开,人物、设定,"三名塔卑族强者逼罗峰展露界主气息未果被罗峰瞬移离去；罗峰回府邸连接荣耀世界（祖神教虚拟世界，仅露天广场与战斗世界两空间，靠黑书操作），起名""刀河""；荣耀世界分七重排行榜，按战斗胜负排名，100荣耀点兑换一次传承机会；人类封王""察曼王""引罗峰至鸿盟团体（约一千多传承者，精英为主），同时妖族天狼之主得知刀河王在祖神教消息。",荣耀世界设定与排行榜机制展开，鸿盟团体登场，天狼之主获情报开始谋划。
祖神教,艰难的邀战,悬念设置、人物心理,伏笔、情感,天狼之主确认宝藏之地人类即刀河王，判断其踏入不朽100%把握、成宇宙尊者是大坎，决定让虫族机械族先动手观望；虫族、机械族亦各自谋划；罗峰在荣耀世界被数千万传承者关注，邀战信飙升至超万封；察曼王、离烁王讲解荣耀世界战斗规则（相同神体、普通兵器、仅融合法则有效，至宝天赋秘法全部失效）及赚取荣耀点之难（输光三次后需1万纪元才生1点）。,各族宇宙之主谋划刺杀，荣耀世界邀战信暴涨，战斗规则与荣耀点机制详解。
祖神教,接战？,转折高潮、人物心理,情感、高潮,罗峰邀战信破6万封，鸿盟好友警告荣耀世界强者中有自创究极绝学者、不可轻敌；罗峰决定先与察曼王、离烁王、千雨王在虚拟宇宙切磋定位自身实力，得知三人虚拟宇宙编号后下线。,罗峰面对海量邀战保持理智，先切磋定位实力再择战。
祖神教,罗峰的实力,战斗描写、悟道,修炼、战斗、爽点,虚拟宇宙中罗峰以10万倍界主之力虚化神体、600颗金球念力兵器与察曼王（人形兽神形态，巅峰绝学，魔音神将传承灵魂振幅）交战；罗峰凭兽神意境（超越圆满三重达四重门槛）与比宇宙尊者还强横的意志爆发，压制性击败察曼王，离烁王认输；罗峰随即在荣耀世界接战大量邀战。,罗峰凭兽神意境与极端意志两大优势压制封王顶尖强者，确认自身实力后正式接战。
祖神教,62万场！！！,转折高潮、设定展开,设定、高潮,"七剑王（人类，曾于宝藏之地得七剑传承与兽神强者传承）暗将刀河王视为超越目标；雷兽神殿中雷兽神被血火神将告知刀河王界主击杀封王极限且""违逆宇宙运转法则不遭镇压""之事，雷兽神下令持续关注；罗峰在荣耀世界战斗世界开启62万场对战之第一战（沙漠对手银灰色蛇形异族）。","雷兽神关注刀河王，62万场大战正式开启，刀河王""违逆宇宙运转法则""特殊性被祖神教高层注意。"
祖神教,赢！赢！赢！,爽点设置、转折高潮,爽点、高潮,罗峰每场赌1荣耀点稳扎稳打，数秒击败首战对手琶恶卡芬思王；连续战斗1000场耗时11小时后休整；千雨王、察曼王、七剑王来访恭喜首日989胜11败战绩（可兑9次传承机会）；罗峰决定每天1000场持续战斗，异族传承者后悔邀战却无法反悔（不战也扣荣耀点）。,罗峰以超高胜率持续刷取荣耀点，异族传承者后悔莫及。
祖神教,震惊宇宙,爽点设置、悬念设置,伏笔、爽点,"罗峰第三天2682胜18败战绩令传承者震惊，赚取荣耀点速度前所未有；各族超级势力获报后，天狼之主咆哮要尽快杀死刀河王（一旦成不朽+巨额传承机会将成宇宙尊者更难杀）；狱族黑色王座存在冷眼旁观期待刺杀开始；机械族将刀河王列为""比鴀""级异族；混沌城主从阴影君主处得知刺杀情报。",罗峰战绩震惊宇宙各族超级势力，刺杀行动迫在眉睫，混沌城主情报部门预警。
祖神教,杀死他！,悬念设置、伏笔埋设,伏笔,混沌城主得知罗峰3000战2979胜21败战绩大喜，判断妖族虫族机械族只能派强大传承者去杀罗峰（祖神教重地不可擅闯），令阴影君主放心交其处理；虫族联盟选孔卐族觉光尊者（天生圣子有分身术、擅长灵魂控制）执行刺杀，要求优先灵魂控制以绝逆转时空复活可能；妖族亦派沼蚀尊者（泥巴聚集异兽）；罗峰近两年完成超62万场全部战斗。,三大巅峰族群各派宇宙尊者执行刺杀，灵魂控制被定为对付天赋分身的唯一手段。
祖神教,十面埋伏,矛盾展现、氛围营造,冲突、设定,觉光尊者等三族尊者潜伏紫荆岛监视罗峰府邸，罗峰却陪家人（得知儿子罗海惹封王不朽、乾巫国主出手相救并赐12星域领地）；九天后罗峰出府邸，觉光尊者等屏息等待九百年（罗峰闭关九百年参悟战斗体会，兽神之道近第三重圆满，本尊与金角巨兽均能瞬移）。,刺杀者漫长潜伏，罗峰闭关九百年后出关准备接受传承，暴风雨将至。
祖神教,刺杀，罗峰死！,转折高潮、战斗描写,战斗、高潮,罗峰出府邸即遭沼蚀尊者燃烧神体突袭，弑吴羽翼来不及闪躲，沼蚀尊者天赋秘法巨舌卷住罗峰，塔珠挡住灵魂控制，抽打冲击力瞬间湮灭罗峰肉体（仅留弑吴羽翼、塔珠、星辰图、将魂、世界戒指等至宝）；五彩极光湖降下极光将沼蚀尊者瞬间湮灭；觉光尊者庆幸未出手；天狼之主大喜刀河王已死；七剑王等震惊发现遗留至宝。,"沼蚀尊者刺杀""成功""湮灭罗峰本尊，自身被五彩极光湖灭杀，刀河王至宝遗留府邸门前引发觊觎。"
祖神教,一碰就死,转折高潮、伏笔深化,伏笔、高潮,罗峰灵魂奴仆炼心王出府邸宣告刀河王未死（传承令未碎），一名贪婪传承者触碰银色羽翼被五彩极光湖瞬杀，证实刀河王仍活；护教兽神降临宣布沼蚀尊者即使逆转时空复活也将遭祖神教追杀；罗峰在体内世界以原核重新凝聚本尊复活现身，异族强者震惊其天赋分身术；觉光尊者恐惧逃离。,罗峰靠天赋分身术复活真相揭晓，祖神教公开保护刀河王，刺杀计划彻底失败。
祖神教,唯有灵魂,设定展开、伏笔埋设,伏笔、设定,护教兽神警告刺杀刀河王将遭祖神教追杀后离去；罗峰将原核经神国传送送至原始秘境由天阵王保管；各族超级存在得出结论——击杀天赋分身强者唯有透过灵魂控制/侵蚀（不同分身同一灵魂）；天狼之主因沼蚀尊者族群索要更多补偿而愤怒，妖族联盟在祖神教的宇宙尊者无人敢再出手；罗峰接受第三重传承圆满并获第四重传承，鸠风尊者看好其前途。,刺杀僵局形成，灵魂控制被定为唯一手段，罗峰三重圆满进入四重。
祖神教,离去,人物心理、伏笔埋设,伏笔、情感,"罗峰请察曼王、离烁王、千雨王搜集祖神秘境深处情报（暗定去九幽时空寻第三分身），三人提醒组队冒险更安全；罗峰回府邸确定第三分身目标为""世界树""（天赋""掌握时空""、体积巨大蕴含巨量神力、稳固神国三大优势），《衍神七变》第三篇已成可驱动弑吴羽翼第二形态；罗峰前往域外战场星辰塔将星辰图融入至1800颗镇封星辰，再回紫荆岛派魔杀族分身（变化为异族传承者模样）入秘境之地。",罗峰确定世界树为第三分身目标，筹备情报与装备后只身前往祖神秘境深处。
祖神教,世界树,设定展开、环境铺陈,设定,"罗峰本尊出秘境之地传送通道后开启探测仪小心前进，避开寒鲸九色水瀑布（宇宙之主才能抗衡寒鲸）等危险；介绍世界树设定——宇宙共九棵（1棵宇宙尊者级最强世界树高2.9亿公里、3棵不朽级高1.2亿公里、5棵界主级高6000万公里），天赋""掌握时空""、生命基因层次人类数千倍、对神国有强化稳固作用（曼陀神将曾以世界树枝杈种植为生命树加持神国）；罗峰目标是界主级世界树的一片树叶。",世界树完整设定展开，罗峰确定以界主级世界树枝叶孕育第三分身。
祖神教,空间漩涡,环境铺陈、转折高潮,设定、高潮,九幽时空为祖神秘境八大最危险之地之一（连宇宙之主都可能永世沉沦），罗峰沿山脉边缘虚空前进；混沌城主在雷霆岛宫殿关注徒弟此行（祖神秘境为祖神教地盘禁止六大族群超级存在擅闯）；罗峰遭遇凭空诞生的空间漩涡，驱动弑吴羽翼第二形态（羽翼边缘化为金色战刀切割空间形成空间乱流）破开漩涡，却发现自己被传送至300光年外的未知青色气流笼罩之地，无法瞬移。,罗峰误入空间漩涡被传至未知神秘之地，弑吴羽翼第二形态首次实战展现。
祖神教,虫洞,悬念设置、设定揭示,伏笔、揭示、设定,罗峰在未知之地发现10081个天然虫洞通往同一湖泊（上方悬浮锥形山峰），虫洞分布模型与魔杀族分身生命晶核10081切面惊人相似；魔杀族分身探入锥形山峰山腹，发现五色水池（五彩渊华，五条深渊通道连接宇宙本源之地）上方悬浮10081切面球形晶体（空间之心，本源至宝核心材料，周围布满空间裂缝尚未成体）。,神秘之地锥形山峰内藏五彩渊华与空间之心（本源至宝核心材料），10081切面呼应魔杀族生命晶核。
祖神教,本源至宝,设定揭示、伏笔埋设,伏笔、揭示、设定,罗峰连接虚拟宇宙查阅资料——五彩渊华为五条深渊通道吸纳五行本源之力，空间之心为高等本源至宝核心材料（可炼制连接空间法则之海的本源至宝，令强者吸纳神力速度提高千倍万倍乃至百万倍，宇宙之主重伤后恢复时间从百万年缩至10年）；一异族宇宙尊者（三面孔蛇尾持权杖）已看守此地3000纪元，每日扫荡灭杀侥幸进入的传承者以防消息泄露。,本源至宝体系与空间之心价值揭示，异族尊者守护空间之心的阴谋浮出水面。
祖神教,骤变,转折高潮、伏笔埋设,伏笔、高潮,异族尊者入山腹发现魔杀族分身，灵魂控制无效（塔珠保护），魔杀族分身威胁自爆破坏五彩渊华；魔杀族分身发现生命晶核与空间之心共振，空间之心精华能量不断传递进生命晶核致其蜕变（生命层次跃进，新秘纹逐渐成型）；罗峰本尊留信物后神国传送离开；异族尊者毁魔杀族分身荣耀世界感应器、以神力护罩保护五彩渊华，魔杀族分身以虚拟宇宙邮件定时发送为筹码与异族尊者拖延时间。,魔杀族生命晶核与空间之心共振蜕变开始，魔杀族分身与异族尊者展开智斗拖延。
祖神教,诞生,转折高潮、伏笔深化,伏笔、高潮,空间之心周围空间裂缝消失（异族尊者误认成体），随即晶球龟裂爆碎化为能量消失（精华已被魔杀族分身吸收完毕）；魔杀族分身生命晶核蜕变完成，诞生第二套金色法则秘纹（新天赋秘法）；魔杀族分身钻入五彩渊华金色水池（深渊通道）逃离，异族尊者3000纪元等待竹篮打水愤怒咆哮。,空间之心精华被魔杀族分身完全吸收致生命晶核蜕变，异族尊者谋划落空。
祖神教,天赋秘法,设定揭示、爽点设置,揭示、爽点、设定,"魔杀族分身被宇宙本源之地""踢出""深渊通道，落点离九幽时空更近；蜕变后力量达百倍界主之力（普通特殊生命层次），瞬移不引起空间波动可达上百光年；新天赋秘法""域""——以自身为中心半径1万公里内完全掌控空间，可化身空间再现身于域内任何一处，不受任何空间封锁限制（极虹王空间封锁下仍可自由变幻）；罗峰本尊神国传送抵达与魔杀族分身会合，确认""域""为暗杀逃命探险一等一手段。","魔杀族分身获三大蜕变（百倍力量、完美瞬移、天赋秘法""域""），实力质变。"
祖神教,九幽时空,环境铺陈、悬念设置,伏笔、设定,罗峰凭魔杀族分身新能力半日抵达九幽时空；九幽时空直径12光年，表面为无尽海洋（九幽之海），颜色不断变幻，上有上千座岛屿（树岛排名前十，世界树所在）；荒石岛为最安全之地但仅有石头与水；罗峰本尊隐匿荒石岛山洞，魔杀族分身瞬移至树岛上空，见九棵世界树（最强世界树高5.9亿公里翡翠巨树），化作绒球随植物种子飘荡慢慢接近世界树（飘荡三个月仍遥远）。,九幽时空全景展开，魔杀族分身化绒球潜入树岛接近世界树。
祖神教,炸,战斗描写、转折高潮,战斗、高潮,魔杀族分身飘荡五个多月抵界主级世界树边缘，发现无落叶可捡；第一次尝试瞬移抢枝叶，被世界树无数枝叶瞬间碾碎生命晶核（魔杀族分身死）；罗峰本尊感应到失败，判断界主级世界树为封王级战力（千倍生命层次+数十倍振幅+天生攻击手段）；魔杀族分身重新孕育后携火神源晶再出发，以火神源晶炸伤世界树树冠，趁恢复时抢枝叶，却被最强世界树出手毁灭能量瞬间灭杀（第二次失败）。,魔杀族分身两次抢夺世界树枝叶均失败，最强世界树亲自出手保护孩子。
祖神教,吠镜王,人物引入、悬念设置,人物、伏笔,罗峰震惊于最强世界树（宇宙之主战力）亲自出手，冥思新计划（派封王巅峰奴仆当弃子抢枝杈，魔杀族分身趁乱捡枝叶瞬移逃离）；同时九幽时空外，吠镜王（特殊生命，2000倍生命层次，排名前十，北疆联盟成员，持至宝，擅长探查追踪与灵魂攻击两大天赋秘法）率兹鸦尊者（宇宙尊者）等七名传承者抵达九幽时空。,罗峰制定弃子抢叶新计划，吠镜王率队进入九幽时空埋下追杀危机。
祖神教,宇宙之镜,悬念设置、矛盾展现,伏笔、冲突,"吠镜王施展天赋秘法""宇宙之镜""（直线扫荡十亿公里映照一切危险，无法被察觉）探查荒石岛，意外发现隐匿的刀河王；吠镜王贪婪罗峰至宝羽翼，令兹鸦尊者等人不得插手提醒；吠镜王封锁空间率六人冲向罗峰山洞；罗峰感应空间封锁即冲出，见吠镜王破空飞来，施展弑吴羽翼第二形态形成空间乱流加速逃离。",吠镜王凭宇宙之镜发现罗峰，贪婪至宝展开追杀，罗峰以弑吴羽翼第二形态逃命。
祖神教,战,战斗描写、转折高潮,战斗、高潮,吠镜王燃烧神体追入空间乱流，直线速度快于罗峰但变向不如；吠镜王使封印重宝（紫色晶球化巨大星辰吞吸）未能镇压罗峰；吠镜王施展天赋秘法灵魂怒吼，塔珠奋力保护罗峰灵魂堪堪挡住（威能媲美宇宙霸主正常攻击）；罗峰冲入九幽之海深海，吠镜王紧追不舍；兹鸦尊者等判断罗峰必有两件至宝（羽翼+灵魂至宝）生出贪婪。,吠镜王灵魂攻击被塔珠挡住，罗峰被逼入九幽之海深海，两件至宝暴露引更多贪婪。
祖神教,九幽漩涡,转折高潮、悬念设置,伏笔、高潮,"吠镜王以""神力成丝·囚笼""（耗10%神体）欲困杀罗峰；九幽深海凭空诞生九幽漩涡，一血色弯角宇宙尊者级强者从中现身攻击吠镜王（九幽之海原住民，不惧灵魂攻击）；罗峰被逼绝境直接冲入九幽漩涡；吠镜王不敢闯九幽漩涡愤怒逃离；血色弯角强者返回漩涡；兹鸦尊者暗观震惊，察觉九幽漩涡有莫名吸引力，惊恐瞬移离去。",九幽漩涡中原住民宇宙尊者现身逼退吠镜王，罗峰被逼冲入九幽漩涡陷入未知。
祖神教,另一个天地,环境铺陈、设定展开,设定,罗峰入九幽漩涡遭撕扯碾压之力，钻入镇封星辰避护，抵达九幽之海底部另一方天地——血色气流弥漫、无法瞬移与神国传送、有繁星当空与山河花草；罗峰摆脱驻守的300名血色弯角异族不朽战士追杀（封王无敌级队长带队）；皇子殿下（血色弯角但容貌俊美不同族民，穿至宝战铠）率两名宇宙尊者现身，下令大军围剿外族，皇子自称有兄弟108个均未殒落。,九幽世界底部天地展开，无法瞬移与神国传送成困局，皇子殿下率军围剿罗峰。
祖神教,九幽之主,设定揭示、伏笔埋设,伏笔、揭示、设定,"罗峰联系混沌城主求救；混沌城主揭示九幽时空真正主宰为""九幽之主""（宇宙之主，实力不下于混沌城主，在九幽时空无敌），九幽之海底部一方天地即九幽之主老巢，最强世界树等宇宙之主战力存在皆为其属下；九幽之主欠混沌城主一人情，令罗峰实在无计可施时喊""九幽之主，我是混沌的弟子！""求救，可顺带索要界主级世界树枝叶；人情债难还，能不用则不用。",九幽之主身份与实力揭示，混沌城主以人情为罗峰留最后保命底牌。
祖神教,庆贺,转折高潮、人物引入,人物、高潮,罗峰连接荣耀世界得知消息已传开（被吠镜王追杀坠入九幽漩涡）；真衍王闭关九百年后成功突破为宇宙尊者！本源法则降临紫荆岛，神体吸纳至92%极限；真衍尊者（原真衍王）接受鸿盟强者贺喜，武汤尊者告知其罗峰被刺杀、九幽时空遇险等全部后续事件。,真衍王突破宇宙尊者，得知徒弟遇险后决意前往九幽时空报仇。
祖神教,真衍尊者,转折高潮、人物心理,情感、高潮,"真衍尊者自混沌城隐匿亿万年，新自创三大绝学（最强者为巅峰级灵魂防御绝学，威能强十倍）；真衍尊者持当年第一件重宝（黑色长棍金箍）前往九幽时空荒石岛蹲守吠镜王；九幽世界中皇子下令全军分散扫荡追查罗峰，土著战士凭""九幽世界之力""可清晰查探出一切非本族外族（罗峰的探测仪无法隐藏其外族气息），罗峰被一名普通不朽战士发现并上报。",真衍尊者赴九幽时空报仇，九幽世界土著凭世界之力可查探外族，罗峰行踪暴露。
祖神教,围剿,矛盾爆发、人物心理,冲突、情感,"罗峰发现土著凭九幽世界之力探查外族的秘密，大量土著战士不断汇聚密度提升；皇子调遣九位将军（宇宙尊者）率上亿战士形成九层包围圈（内八层界主战士、最外层不朽战士与宇宙尊者将军）收网；罗峰派9名灵魂奴仆的不朽奴仆变幻成自己模样当诱饵拖延包围圈收缩；罗峰收到荣耀世界短信得知""真衍尊者和北疆联盟斗上了""，急连荣耀世界询问。",皇子大军九层包围圈围剿罗峰，罗峰以奴仆诱饵拖延，真衍尊者与北疆联盟开战消息传来。
祖神教,世界树枝叶,转折高潮、伏笔深化,伏笔、高潮,真衍尊者向罗峰讲述——其凭自创巅峰灵魂防御绝学+燃烧神力+磨砺亿万年的意志硬抗吠镜王天赋秘法攻击，再以黑色长棍重击几乎杀吠镜王，吠镜王至宝护身侥幸逃脱；真衍尊者追杀吠镜王时遇北疆联盟万酆尊者（祖神教外围成员，接近宇宙霸主实力），被击败神体仅剩46%逃回紫荆岛；真衍尊者发现其战靴重宝觉醒二次形态（接近至宝威能），速度压制吠镜王；吠镜王在府邸中怨恨发誓成宇宙尊者后杀真衍尊者。,真衍尊者击败吠镜王、从万酆尊者手下逃命，战靴重宝觉醒二次形态，吠镜王怀恨。
祖神教,孕育第三分身！,转折高潮、悬念设置,伏笔、高潮,"魔杀族分身飘荡至界主级世界树边缘，派封王巅峰奴仆瞬移至树冠扔火神源晶炸伤世界树、掰断300米粗枝杈（被最强世界树出手灭杀），魔杀族分身趁冲击波乱飞时以""域""瞬移夺得一片残缺枝叶逃离九幽时空；魔杀族分身携枝叶经神国传送回原始秘境体内世界，启动第三次分身孕育——金色球体不断震颤龟裂，最终炸裂化为虚无，孕育失败！世界树生命层次超过体内世界承受极限。",魔杀族分身成功夺得世界树枝叶，但孕育第三分身失败，罗峰遭受重大打击。
祖神教,穿梭九幽世界,人物心理、转折高潮,情感、高潮,"罗峰在九幽世界痛苦不甘但迅速恢复，重新考虑第三分身候选（血肉类排除因已有金角巨兽、能量类体积小排除，植物类世界树已失败转考虑祖星树，岩石类考虑黎火山）；魔杀族分身携信物经神国传送至荒石岛，潜入九幽之海底部血红色气流层，凭天赋秘法""域""一次次朝下方本尊所在位置前进（6光天距离，每秒上百次连续施展六小时休息二十分钟）；皇子下令包围圈收网。",罗峰重整第三分身候选，魔杀族分身拼命穿越九幽世界血色气流层救援本尊。
祖神教,送死,战斗描写、转折高潮,战斗、高潮,"包围圈直径300亿公里分九层（内八层界主战士、最外层不朽战士），皇子下令收网；近800名不朽战士以""九幽合击""引动九幽世界之力凝聚三柄巨大血刀，将罗峰一名诱饵奴仆瞬间湮灭；皇子判断外族使用奴仆伪装诱敌，下令继续扫荡；罗峰不断派奴仆送死拖延，但随包围圈缩小战士密度增大，每次冲击停滞时间越来越短。",九幽合击展现九幽世界之力可怕威力，罗峰以奴仆送死拖延但包围圈越来越紧。
祖神教,逃出生天,转折高潮、爽点设置,爽点、高潮,"皇子改变策略——内外双包围圈同时包夹推进击杀一切外族；罗峰急派六名奴仆最后拖延；魔杀族分身连续一天多高频率施展""域""终于抵达本尊上方，罗峰进入魔杀族分身世界戒指；魔杀族分身变幻成土著不朽战士模样混入大军，随扫荡部队飞远逃离；皇子愤怒下令全军查找但一无所获（魔杀族分身即战士中一员无法辨别）；魔杀族分身闲逛至一座土著城市。",魔杀族分身及时赶到救出本尊，变幻土著模样混入大军金蝉脱壳，皇子围剿失败。
祖神教,父皇,设定揭示、伏笔埋设,伏笔、揭示、设定,"罗峰伪装土著在城市探索，发现土著婴儿即行星级、成年即界主（强大族群级别）；从土著婴儿交谈中得知""祖海""（九幽之海，出生即离开无法返回）与""皇海""（108座，世界内部，出生自皇海的土著可朝拜）之分；皇子殿下因被兄弟嗤笑围剿外族无果，求见父皇""九幽之主""，九幽之主降临告知外族确还活着且有伪装手段，令皇子赶紧修炼至宇宙尊者级才可外出闯荡。",祖海与皇海之分揭示，九幽之主以巨型头颅形态现身与皇子对话，罗峰伪装能力获九幽之主确认。
祖神教,秘辛,设定揭示、伏笔深化,伏笔、揭示、设定,罗峰听土著议论推断108皇子对应108皇海、祖海对应九幽之主；罗峰前往虚拟宇宙求证混沌城主，混沌城主揭示宇宙大秘——九幽之主即九幽之海本身！九幽之海是九幽之主源源不绝的能量源泉，杀死又会从海中诞生新的，故九幽之主永恒不灭；九幽之主曾因至宝之争被妖族苍鸯之主、天狼之主追杀至九幽之海，暴怒下燃烧整个海洋瞬间灭杀苍鸯之主，天狼之主凭至宝逃命，自此九幽之主=九幽之海名震宇宙。,九幽之主即九幽之海终极秘密揭晓，灭杀宇宙之主之战揭示，天狼之主当年险些殒落。
祖神教,抵达皇海,设定展开、转折高潮,设定、高潮,混沌城主指点罗峰取皇海海水孕育第三分身（108皇子生命层次应不高，成功率高），九幽之主可能注意但取少量海水或许无事；罗峰魔杀族分身飞大半年抵达九幽世界核心108座皇海（56座血海直径8000万公里=界主级皇子、49座小皇海直径9.6亿公里=不朽级皇子、3座大皇海直径320-1010亿公里=宇宙尊者级皇子）；血海无朝拜者（血海无法诞生生命）；魔杀族分身至血海边缘，一不朽土著警告禁止在血海打斗取水。,108座皇海完整数据揭示，罗峰决意取血海海水孕育第三分身。
祖神教,愤怒的九幽之主,转折高潮、伏笔深化,伏笔、高潮,"魔杀族分身施展""域""瞬移取血海海水（不足0.1秒），九幽之主降临怒斥""挑战我的耐心""；罗峰地球人本尊现身恭敬应对，塔珠挡住九幽之主声音幻境；九幽之主本欲杀罗峰，念其是祖神教新晋培养强者，揭示自己乃祖神教外围组织""护教神主""，将罗峰纳入九幽一脉为""护教使者""（祖神教外围分护教使者、护教尊者、护教尊主、护教神主四级），赐""祖神令""（可文字联系祖神教发布接收任务），将罗峰送出九幽时空；九幽之主暗喜刀河王落入自己一脉。",九幽之主未杀罗峰反而收其为祖神教外围护教使者，罗峰获祖神令免于一死。
祖神教,第三分身（本篇终章）,转折高潮、伏笔埋设,伏笔、高潮,罗峰携血海海水回原始秘境大殿狂喜，魔杀族分身携海水入体内世界，金角巨兽、魔杀族分身紧张注视下启动最后一次分身孕育——血海海水被世界之力包裹化为金色球体，生命物质成功解析开始真正孕育（血海九幽分身，预计超600年成功，将来拥有无穷神力源泉、殒落可再度诞生堪称不死）；罗峰向混沌城主禀报（连人情都未用），混沌城主大喜令其好好拿祖神教好处；罗峰返回紫荆岛与真衍尊者及众友聚后潜修，外界谣言纷纷（刀河王是否跨入不朽或获新至宝）；吠镜王怨恨伺机报复。全篇以罗峰开始600年潜修收束。,第三分身（血海九幽分身）孕育成功启动，罗峰加入祖神教外围组织回紫荆岛潜修，第十八篇《祖神教》完整落幕。
不朽,宝藏！宝藏！,环境铺陈、悬念设置,伏笔、设定,罗峰从九幽时空归来潜修五百年后前往祖神教宝藏之地寻宝（界主身份方可获得专门为界主准备的宝藏）。108座最高山峰藏着最珍贵的108种宝藏（历史上仅42处被开启）。罗峰直奔最高山峰失败，又连续试至第60高山峰皆无反应。吠镜王与贝山尊者发生口角（吠镜王厌恶贝山尊者攀交）。罗峰逛至第106高山峰降落时，整个山峰震颤，引发宝藏开启。,罗峰在宝藏之地引发第106最高山峰宝藏，全篇寻宝线正式展开。
不朽,古船银河,装备获取、设定展开,奖励、设定,"五彩极光湖数千根极光笼罩山峰，将其他传承者瞬移出去，唯留罗峰。山峰巨石升起，一枚黑色戒指飞出，内藏一件飞行宫殿类宝物——长12万公里、宽3万公里的古船""银虬幻影船""（顶级重宝，功能类似天狼殿，物质攻击被削弱几乎无用，灵魂攻击大幅削弱，直线加速极快，价值媲美至宝）。罗峰将其命名为""银河""（古船银河），视为驱动星辰塔前的明面交通工具。","罗峰获得飞行宫殿类顶级重宝""古船银河""（银虬幻影船），成为重要保命与交通工具。"
不朽,天生兽神,设定揭示、人物引入,人物、揭示、设定,"极光传讯，宝藏安放者留言：乃宇宙之主""酒之主""（自命名""乘风""，天生兽神，风、空间兽神，祖神教最早期八大兽神之一，已殒落）留下。罗峰查询虚拟宇宙得知酒之主为天生兽神，嗜酒，宇宙超级强者送其称号""酒""。罗峰对这位已殒落的天生兽神生起好感。千雨王邀罗峰赴真衍尊者准备的庆功宴。吠镜王愤怒不甘，其身边异族称罗峰生命层次低，成不朽后远无法与逆天特殊生命相比。","宝藏安放者""酒之主""身份揭晓——天生兽神、祖神教早期八大兽神之一，已殒落。"
不朽,生命基因层次,设定展开、悟道,修炼、设定、爽点,"混沌城主召见罗峰，得知宝藏为酒之主所留的飞行宫殿类顶级重宝，确认是""酒之主乘风的酒船""。混沌城主讲解天生兽神遭围攻猎捕的宇宙法则（天生兽神乃宇宙精华凝聚，鳞甲皮毛血液皆为奇效，围杀天生兽神是超级存在的盛宴）、生命基因层次百倍极限铁律（身体力量振幅、灵魂振幅、生命基因层次百倍均为极限）。罗峰得知《九劫秘典》令其地球人本尊达48倍、金角巨兽超千倍。混沌城主讲解夺舍特殊生命可继承生命基因层次但极难成功，及天赋分身之术孕育特殊生命分身（一般很弱）。嘱罗峰突破不朽前融合血洛晶至极限。",生命基因层次百倍极限设定揭示，天生兽神遭围攻猎捕的宇宙法则展开。
不朽,6400倍,设定展开、爽点设置,爽点、设定,罗峰让金角巨兽分身融合血洛晶，右蹄爪、左蹄爪、背部各融合100颗，其余七处区域共80颗，总融合380颗（第381颗失败）。驱动血洛之力后，金角巨兽生命基因层次达6400倍，超越逐虫王（5000倍）和吠镜王（2000倍）。罗峰推测全身最多融合1000颗可达约1万倍。地球人本尊融合血洛晶仅82颗（远不如金角巨兽，推测血洛晶极适合金角巨兽的金、空属性）。罗峰决定申请兽神之血补足地球人本尊。,金角巨兽生命基因层次达6400倍超越逐虫王，地球人本尊融合血洛晶仅82颗需兽神之血补足。
不朽,第三分身，成！,转折高潮、设定展开,设定、高潮,"罗峰申请兽神之血（免费配额50滴，取30滴），18滴兽神之血融入地球人本尊达极限100颗，但驱动血洛之力后生命基因层次仅超3000倍（效果减弱，推测兽神之血对地球人本尊后期效果递减）。又过一百多年，第三分身孕育成功——竟为血肉类生命（意外惊喜），身高近万公里，皮肤白皙晶莹隐有血色丝线。罗峰命名第三分身为""幽海分身""（因类似九幽之海）。",第三分身（幽海分身）孕育成功，竟是血肉类生命，令罗峰三大分身格局定型。
不朽,天赋秘法,设定揭示、伏笔埋设,伏笔、揭示、设定,"幽海分身生命基因层次约300倍，拥有两大天赋秘法：""化海""（瞬间化为直径约10万公里海洋，控制周围时空，实力越强控制越强）、""创造""（化海同时全身化为血海，可提炼能量组合生命基因创造生命，创造的族群永远臣服）。罗峰发现血海直径仅10万公里，远不及界主级皇子的8000万公里。罗峰推断九幽之主及其皇子利用特殊方法令海洋变大但无法自主移动，本尊实则藏在巨大海洋中靠创造分身外出。","幽海分身两大天赋秘法""化海""""创造""揭示，九幽之主不死之谜初露端倪。"
不朽,创造！,悟道、伏笔埋设,伏笔、修炼、爽点,"罗峰研究天赋秘法""创造""，发现可复制生命构成创造生命（越弱越容易创造）。研究出扩张血海之法：创造新幽海分身（生命基因层次仅30倍，体积缩小）→让血海恢复能量→新幽海分身消融化为海水与血海汇合→血海自然变大。连续扩张十次后血海无法恢复本尊。罗峰明白九幽之主不死之身原理（本尊是变大的海洋，死的都是创造分身）。罗峰决定让幽海分身修炼《九劫秘典》挑战生命基因极限。",罗峰研究出扩张血海之法破解九幽之主不死之谜，幽海分身开始修炼《九劫秘典》。
不朽,500年后的惊变,转折高潮、设定揭示,揭示、设定、高潮,幽海分身修炼《九劫秘典》成功，每百年提升一劫：第一劫900倍、第二劫1800倍、第三劫3600倍、第四劫7200倍。第五劫突破10000倍达到完美生命基因层次（约10081倍），体型暴涨至九万多公里高。此时整个体内世界瞬间凝固，一股超过混沌城主甚至坐山客的神秘力量灌入原核，原核蜕变为朦胧混沌色。罗峰意识被引入一个飘荡无数光点的神秘空间（宇宙最神秘之地），每个光点威压比天狼之主还可怕。,幽海分身生命基因层次达完美极限（10081倍），原核蜕变，罗峰意识被宇宙引入神秘空间。
不朽,我为宇宙,核心伏笔、设定揭示,伏笔、揭示、设定,"一光点化作流光碰触罗峰意识，传递宇宙诞生毁灭等画面（随即遗忘）及一套逆天天赋秘法。罗峰被踢出空间，发现原核已变混沌色，意识获赐天赋秘法""我为宇宙""——施展后神力燃烧神体化为微型宇宙困敌，令敌人实力削弱自身暴涨，甚至可自爆如宇宙爆炸湮灭敌人；最低门槛为不朽幽海分身神体振幅30倍并燃烧神体，每次最低持续9秒，九万多公里神体仅能施展10次。罗峰决定让幽海分身化为无尽幽海（不死之身），以无尽幽海施展此招。幽海分身化为直径近百万公里血海，开始疯狂扩张。","宇宙赐予罗峰逆天天赋秘法""我为宇宙""，幽海分身化为无尽幽海，罗峰获最强底牌。"
不朽,罗峰的世界,设定展开、爽点设置,爽点、设定,"体内世界完全成为血海天地（仅剩两界渊岛屿）。原核蜕变后承载力极强，罗峰吞噬海量金属合金残骸（数百亿混元单位，免费额度内）扩大体内世界，金角巨兽每天仅休息1小时疯狂施展""吞噬""。历经三个多月，体内世界扩张至直径1万亿公里（一般金角巨兽仅1亿公里），金角界石也达到极限（堪称宇宙历代金角巨兽中最强）。罗峰开始用宇宙晶让血海扩张。",罗峰体内世界扩张至直径1万亿公里，金角界石达历代最强，为神国奠定超强根基。
不朽,法则成，跨不朽,转折高潮、悬念设置,伏笔、高潮,"血海扩张至直径100亿公里（超越108皇子血海，接近大皇海）。罗峰举办宴席后潜心悟金之法则。历经三百多年悟透金之法则，本源珠化为罗峰人形，凝聚1600颗晶球形成兽神，施展万星布道图第三式""星火贯天""撞击原核内壁——原核出现裂缝却被迷蒙混沌色自动修复。连续十余次撞击后兽神崩解，罗峰竟无法打破原核桎梏。罗峰震惊：意志、兽神意境、念力振幅、自创巅峰绝学各方面媲美封王无敌，却无法跨入不朽。罗峰感叹""一饮一啄，福祸相依""——原核太强反成桎梏。",罗峰金之法则悟透却破原核失败，原核蜕变太强反成不朽桎梏，全篇重大转折。
不朽,究极绝学,悟道、人物心理,修炼、情感、爽点,"罗峰决意创造""究极绝学""提升实力以破原核。潜心研究《万星布道图》三式：第一式耗时三千年创出究极绝学（击电奔星，星光如丝布寰宇，快而轻灵）；混沌城主指点并疑惑罗峰为何不突破不朽。第二式耗时八千年创出究极绝学（炳如日星，虹光如刀撕夜幕，极致之快）。第三式遇瓶颈（法则感悟和兽神意境限制），耗费两万年仅击败第1520名对手。罗峰近三万年销声匿迹引发流言，意识到自己变得急躁，决定在宇宙中走一走磨砺心境。",罗峰潜心创造究极绝学，前两式已成第三式遇瓶颈，决意宇宙流浪磨砺心境。
不朽,宇宙流浪五万年,悟道、环境铺陈,修炼、设定、爽点,"魔杀族分身凭借神国传送抵达宇宙偏僻疆域流浪。罗峰游历铂金行星、108恒星伴生、中子星、黑洞（凭借天赋秘法""域""狼狈逃出）等奇观，融入异族族群观察其文化。罗峰深入了解狱族（个体强大，放养附庸族群推波助澜血腥杀戮）和晶族（整体强大，无比团结）两大巅峰族群特色。在狱族疆域一颗生命星球上，狱族影王麾下不朽神灵""幽托瓦""征服星球处死泰克族，泰克族少年帕纳慨然赴死令罗峰想起当年地球强者。罗峰出手以刀法瞬杀幽托瓦及数十界主战士救下帕纳。宇宙流浪五万年中罗峰已创出究极第三式，决定回归突破不朽。",罗峰宇宙流浪五万年心境蜕变，创出究极第三式，出手救泰克族少年后回归突破不朽。
不朽,不朽神灵罗峰,转折高潮、爽点设置,爽点、高潮,"罗峰回归千宝河宫殿群，五万年流浪所积蓄的感悟一朝爆发，心境蜕变至不亚于宇宙霸主（唯宇宙之主可能超越）。罗峰以万星布道图第三式究极绝学""星火贯天，玉石焚天崩地裂""破原核——原核内壁化为粉末，打破桎梏。金之本源法则降临，无尽金之神力灌入。地球人本尊神体超3亿倍界主之力，金角巨兽超6亿倍界主之力，无尽幽海超10亿倍界主之力（质超宇宙尊者、量超亿万倍）。跨入不朽动静远超宇宙尊者，金光笼罩整个千宝河，混沌城主震撼（罗峰身上还有大秘密）。",罗峰以究极绝学破原核跨入不朽神灵，动静超越宇宙尊者，本篇核心高潮。
不朽,神威如狱,设定展开、人物心理,情感、设定,混沌城主震撼于罗峰跨入不朽的动静（超过其见过的所有特殊生命），判断罗峰隐藏着强百倍千倍的秘密。罗峰体内世界无尽神力海水倾倒转化血海为神力海洋。罗峰前往混沌城主主殿，混沌城主确认其跨入不朽，问是否有把握击败逐虫王，罗峰答有把握（论生命层次、意志、意识、绝学、至宝均不弱，且有不死之身无所畏惧）。混沌城主满意，嘱其寻找神国地址建造神国（空间夹层深远处）。罗峰决定先去星辰塔尝试驱动。,罗峰跨入不朽后神威超越宇宙尊者，混沌城主确信其实力并嘱其建造神国。
不朽,罗峰的神国,装备获取、设定展开,奖励、设定,罗峰前往星辰塔镇封空间，放出无尽幽海尝试驱动宇宙至强至宝星辰塔——仅能微微震动，燃烧神力后可小幅移动但速度太慢、耗费神力惊人（相当于九千多公里幽海分身神体数十倍）。罗峰确认不朽级无法真正操控星辰塔（需宇宙尊者级）。罗峰取更多镇封星辰令星辰图达一万颗。随后罗峰在乾巫宇宙国境内距地球约5000万光年的荒凉星空空间夹层深处（空间洪流层，万亿公里直径空间碎片处）建造神国——体内世界与巨大空间碎片融合，神国成型。神国威能足以灭杀一些宇宙尊者。,罗峰尝试驱动星辰塔失败（需宇宙尊者级），成功建造超强神国（万亿公里体内世界为根基）。
不朽,山腰,矛盾展现、环境铺陈,冲突、设定,罗峰在神国建造神殿，神国与无尽幽海结合实力暴涨数十倍。混沌城主召罗峰至雷霆岛，安排其在山腰（宇宙尊者居所）建造宫殿——宇宙尊者规格待遇，并安排位面空间领地。混沌城主说明罗峰虽有不朽身份但需用实力证明应拥有宇宙尊者般地位，且最高会议名额需人类族群共同确定。九剑尊者见罗峰在山腰建宫殿心生不满（按规则不朽应在山下）。罗峰入驻山腰引起宇宙尊者圈子风波，众宇宙尊者暗中不满。,混沌城主安排罗峰入驻雷霆岛山腰（宇宙尊者待遇），引起宇宙尊者圈子不满风波。
不朽,荣耀,人物心理、矛盾展现,冲突、情感,雷霆岛山腰宇宙尊者们（雷鸣尊者、血翼尊者等八人）议论罗峰入驻山腰之事，雷鸣尊者认为罗峰无贡献不应享此荣耀，真衍尊者受好友劝告让罗峰搬离。真衍尊者向罗峰解释宇宙尊者对地位荣耀的执着（亲情不在，族群和自身地位荣耀是追求），罗峰领悟并决意用战绩证明自己。吠镜王在荣耀世界得知罗峰跨入不朽，决意先对付名气极大的刀河王，走向鸿盟传承者团体。,罗峰领悟宇宙尊者对地位荣耀的执着，吠镜王决意挑战罗峰，矛盾酝酿。
不朽,吠镜王和刀河王,矛盾爆发、悬念设置,伏笔、冲突,"吠镜王当众向罗峰发起生死挑战（现实中祖神秘境一对一，不请帮手）。罗峰接受并宣言""同级别邀战绝不拒绝""，引发全场沸腾。逐虫王与紫雨尊者（逆天特殊生命，已跨入宇宙尊者，生命基因层次比逐虫王更高）旁观。消息瞬间传遍宇宙亿万族群，人类族群宇宙尊者认为罗峰莽撞自大（担心至宝被异族夺走）。罗峰让天阵王准备庆功宴，传送至秘境之地。",吠镜王当众向罗峰发起生死挑战，罗峰接受，全宇宙关注，矛盾正式爆发。
不朽,疯狂的罗峰,战斗描写、转折高潮,战斗、高潮,"祖神秘境虚空中罗峰与吠镜王生死战，吠镜王进行虚拟宇宙网络同步传送播放。罗峰燃烧神体气息丝毫不亚于吠镜王（令吠镜王震惊），施展520颗星辰形成兽神（万星布道图第二式究极绝学""炳如日星，虹光如刀撕夜幕""），令周围空间塌陷形成微型黑洞。罗峰硬抗吠镜王天赋秘法（灵魂攻击）丝毫无损（塔珠镇守+意志意识强大），兽神尾巴一击令吠镜王神体瞬间湮灭6%。罗峰依靠幽海分身源源不绝的神力供应，将吠镜王逼至自爆殒落。北疆联盟宇宙霸主沛风尊者赶到（来迟），欲收回吠镜王至宝，罗峰以兽神夺取战利品。",罗峰击杀吠镜王令其自爆殒落，沛风尊者赶到欲夺战利品，战斗高潮。
不朽,宇宙霸主,战斗描写、转折高潮,战斗、高潮,"沛风尊者（候选神将、宇宙霸主，生命基因超60倍，神体超6亿倍界主之力）追杀罗峰，施展三大杀招：第一招神将终极秘法（灵魂攻击，被塔珠抗住）；第二招""风湮""结合时间法则领域的群杀物质攻击（微型龙卷风碰触即湮灭罗峰过半神体，靠幽海分身恢复）；第三招两道黑风（真正的宇宙霸主厮杀物质攻击，威能强百倍千倍）。罗峰凭借弑吴羽翼在时间法则领域下保持距离，沛风尊者判定罗峰携带分身欲真正击杀。",宇宙霸主沛风尊者追杀罗峰施展三大杀招，罗峰陷入极端危险。
不朽,刀河王，你够狠！,战斗描写、转折高潮,战斗、高潮,"罗峰放出幽海分身（高九千多公里），让其反向迎向两道黑风，凭借庞大神体耗散黑风（损失9%神体）。幽海分身直接飞扑沛风尊者并瞬间完全自爆——毁天灭地般攻击令十万公里内完全寂静，沛风尊者靠至宝铠甲第三形态仅损失20%神体。人类宇宙霸主鸠风尊者（候选神将，四件至宝）赶到救下罗峰。沛风尊者受伤后不愿与鸠风尊者硬拼，警告罗峰""下次全力以赴""后离去。罗峰以幽海分身自爆伤了宇宙霸主，令沛风尊者震撼其狠辣。",罗峰以幽海分身自爆重创宇宙霸主沛风尊者，鸠风尊者赶到解围，沛风尊者警告后离去。
不朽,证明自己,转折高潮、人物心理,情感、高潮,"鸠风尊者告知罗峰沛风尊者实力详情（两件至宝：铠甲+战刀，擅长近身战，战刀可劈碎普通重宝），提醒罗峰小心其近身战。罗峰公开击杀吠镜王的战斗视频（虚拟宇宙网络），用实打实战绩证明自身拥有宇宙尊者战力。宇宙各族传承者完全震惊（不朽击杀特殊生命）。沛风尊者观看视频后传音威胁""下次我看谁来救你""，罗峰回敬""下次你一样栽在我手里""。罗峰决意用战绩在人类族群立足。",罗峰公开战斗视频证明实力，沛风尊者记恨威胁，罗峰以战绩立足人类族群。
不朽,最高会议,转折高潮、悬念设置,伏笔、高潮,罗峰击杀吠镜王消息传开，众多宇宙尊者（乾巫国主、归一尊者等）前来结交致歉。归一尊者奉混沌城主令通知罗峰加入人类最高会议提案通过，并透露近期将举行一次重要的最高会议。九焱国主暗示会议很重要但未明说。罗峰收到祖神教邮件：雷之兽神（八方兽神之一）将亲自降临紫荆岛公开赐予罗峰宝物（因战绩受兽神关注）。,罗峰加入人类最高会议，祖神教雷之兽神将亲自降临赐予宝物，双重喜讯。
不朽,武装,装备获取、设定展开,奖励、设定,"真衍尊者分析祖神教赐予宝物规格（雷之兽神亲自降临必是至宝一级，但因罗峰第一效忠人类族群而非祖神教，赐予应不会太大方）。罗峰熟悉吠镜王战利品：至宝战铠""金震犼王铠""（三重形态，物质攻击削弱至1/100、1/1000、1/10000，罗峰命名""金铠""，归地球人本尊）；套装重宝""吞天噬地爪""（四个爪套，威能叠加，罗峰命名""撕裂爪""，归金角巨兽）。计划地球人本尊走精神念师流派用金铠，金角巨兽近身厮杀用劫甲。雷之兽神降临紫荆岛（雷霆之眼，威压令上亿传承者臣服），束缚罗峰升空。",罗峰熟悉吠镜王战利品（金震犼王铠、吞天噬地爪），雷之兽神降临紫荆岛。
不朽,逆转时空,核心伏笔、转折高潮,伏笔、高潮,"雷之兽神赐予罗宝物（雷电光球坠落化为金色古老镜子），嘱其勿要失望后消失。北疆联盟宇宙之主""奇蓝之主""（四蹄白毛生物，沛风尊者之师）在北疆联盟核心宇宙秘境施展""逆转时空""复活吠镜王——时间倒退至吠镜王死前，保护其本尊带回现世（至宝、重宝等在时空返回中消散，未带回）。奇蓝之主承受宇宙反噬（每一波反噬可灭杀宇宙霸主），受伤较重。吠镜王复活后记忆恢复，怨恨刀河王。",雷之兽神赐予罗峰宝物，奇蓝之主逆转时空复活吠镜王（代价巨大，至宝未带回）。
不朽,金线极光镜,装备获取、设定展开,奖励、设定,"沛风尊者告知吠镜王复活代价（奇蓝之主受伤较重，下次复活需吠镜王自身偿还），警告其成为宇宙尊者前别找刀河王报仇。罗峰研究新得宝物""金线极光镜""——领域类顶级重宝（比普通至宝珍贵罕见），以罗峰为核心弥漫1亿公里范围金色极光领域，可压制束缚敌人或从容逃命，与金之法则领域重合威能大增（神力燃烧状态下可湮灭普通宇宙尊者）。祖神教赐予此宝考虑周到（罗峰金之法则悟透成不朽）。察曼王、离烁王、千雨王焦急来访告知罗峰大麻烦。","罗峰获得领域类顶级重宝""金线极光镜""，三大王焦急来访告知大麻烦。"
不朽,风口浪尖,矛盾爆发、悬念设置,伏笔、冲突,"吠镜王复活后在北疆联盟公开罗峰拥有""灵魂类至宝""（真实，即塔珠，能抗其天赋秘法）和""飞行宫殿类至宝""（杜撰，实际为顶级重宝古船银河），加上已有的至宝羽翼、至宝星辰图、至宝金铠、雷之兽神赐予宝物等，罗峰至少拥有六件至宝（其中灵魂类、飞行宫殿类令宇宙霸主疯狂）。消息传遍宇宙亿万族群，上亿传承者眼红嫉妒。罗峰面不改色表示""兵来将挡水来土掩，来的异族强者只是磨刀石""。吠镜王疯狂报复（让宇宙超级强者替他对付刀河王）。真衍尊者急来找罗峰，罗峰收到最高会议召开通知。",吠镜王公开罗峰至宝秘密引全宇宙贪婪者觊觎，罗峰面临超级强者围猎危机。
不朽,最高会议,设定展开、悬念设置,伏笔、设定,罗峰与真衍尊者参加人类最高会议（众神山众神殿）。众神殿神座分五级（2米、10米、50米、200米、1000米宽，对应宇宙初等/中等/高等尊者、宇宙霸主、宇宙之主），罗峰坐10米宽神座（宇宙中等尊者）。血翼尊者告知罗峰诸多宇宙尊者嫉妒其至宝众多。宇宙之主们（黑色王座巨斧野人巨汉、混沌城主等金色王座）议论混沌城主对罗峰偏心之事，混沌城主澄清罗峰界主期三件至宝仅弑吴羽翼是自己赐予，其他两件是际遇神奇所得。混沌城主主持会议宣布：原始星即将开启。,罗峰参加人类最高会议，众神殿神座分级与宇宙之主议论展开，原始星开启悬念前置。
不朽,原始星,设定展开、核心伏笔,伏笔、设定,混沌城主宣布原始星（10081颗，环绕宇宙本源之地，最接近宇宙本源之地的神秘之地）即将在10年后开启，持续一千纪元，通道平常关闭。原始星孕育无数宝物（重宝不值一提，至宝经常显现），危机处处，宇宙亿万族群超级强者疯狂厮杀争夺，每次开启都有宇宙之主殒落。关闭时逗留者必死（分身、化身等秘法无效）。罗峰了解贡献值制度（跨入宇宙强者行列后需为族群贡献，贡献值可兑换宝物资源，失去天才身份的免费资源配额）。混沌城主宣布10年后人类族群进军原始星。,原始星（10081颗，持续一千纪元）即将开启，贡献值制度揭示，全篇最大悬念前置。
不朽,强者上门,矛盾展现、人物心理,冲突、情感,最高会议结束后，血翼尊者讲述原始星经历（宇宙之主都会殒落，顶级至宝争夺惨烈）。九剑尊者、归一尊者（混沌城主二弟子，宇宙霸主，以三件普通至宝酬谢为条件借灵魂类至宝）等纷纷向罗峰借至宝被拒——罗峰自己也要去原始星。罗峰无法借出塔珠（乃星辰塔认主之物，宇宙尊者融合必死）。众多宇宙尊者议论罗峰去原始星是找死（不朽战力在原始星属垫底，身怀六件至宝是移动宝库）。,众多宇宙尊者向罗峰借至宝被拒，罗峰决意前往原始星，被众尊者视为找死。
不朽,前往焱神族（本篇终章）,转折高潮、核心伏笔,伏笔、高潮,"罗峰遗憾未借至宝给归一尊者（其身份不一般，心底有疙瘩），但塔珠无法借出。血翼尊者劝借未果。真衍尊者劝罗峰不必急进原始星，表示相信罗峰能创造奇迹（唯一相信者）。罗峰清楚自身实力在原始星属垫底，唯有依靠""劫甲""（坐山客为三徒弟罗峰专门炼制的顶级至宝，与焱神戟、原魂同水准，比弑吴羽翼等普通至宝强太多，属顶级乃至巅峰至宝）。焱神族居住在远离人类疆域的偏僻宇宙秘境（焱神秘境）。罗峰凭借麾下异族信物地点抵达离焱神族最近处，乘坐古船银河（近800倍光速，飞行宫殿类顶级重宝比宇宙飞船强太多）遨游暗宇宙，历时近三个月抵达焱神秘境。全篇至此完整收官。","罗峰决意依靠""劫甲""闯荡原始星，乘坐古船银河前往焱神秘境取劫甲，全篇落幕并埋下第二十篇悬念。"
劫甲,焱帝,人物引入、悬念设置,人物、伏笔,"罗峰前往焱神族向二师兄焱帝索取坐山客留下的超级至宝""劫甲""，焱帝得知罗峰逼近后以空间封锁、掩盖暗宇宙坐标等手段阻拦，意图令罗峰无法抵达焱神族腹地；焱帝内心忌惮坐山客却不愿归还劫甲，其渴望成为宇宙最强者的野心初露。",焱帝阻拦罗峰取劫甲，师兄弟围绕超级至宝的矛盾正式展开。
劫甲,天罗地网,矛盾展现、悬念设置,伏笔、冲突,焱帝将罗峰出现在焱神族疆域的准确坐标公开，引宇宙各族超级强者前来追杀；焱帝召来擅长对付弱者的宇宙霸主巴蜂尊者以防万一，并暗中观察罗峰一举一动；千雨王等通过虚拟宇宙紧急联系罗峰示警。,焱帝设下天罗地网，引异族强者追杀罗峰以阻其取劫甲。
劫甲,宇宙霸主们,人物引入、矛盾展现,人物、冲突,"邪翼教主、泥蛙智者、麻沙尊者三位宇宙霸主最先赶到追杀罗峰，麻沙尊者凭领域类至宝""九千万沙河域""围攻罗峰；焱帝再度缩小空间封锁范围以便追杀者靠近，罗峰遭三大宇宙霸主联合追杀。",三大宇宙霸主联手追杀罗峰，焱帝暗中操控行动升级。
劫甲,一招出，尽皆失色,转折高潮、设定展开,设定、高潮,"罗峰凭天赋秘法""域""（融入空间化为神体）脱险，三宇宙霸主无奈放弃；罗峰早已让金角巨兽分身携诸多至宝回人类疆域，地球人本尊、魔杀族分身、幽海分身不带至宝冒险；罗峰为取劫甲主动暴露""域""这一绝招。","罗峰天赋秘法""域""首次展现，令宇宙霸主们无可奈何。"
劫甲,原始星开启,设定展开、环境铺陈,设定,"追杀结束，""域""传开令异族震惊；混沌城主告诫罗峰焱帝为人极端自私、曾背叛人类族群，并提醒其暴露底牌的风险；原始星开启（10081颗，持续1000纪元），宇宙亿万族群强者涌入展开血腥杀戮争夺至宝；罗峰乘飞船继续向焱神族逼近，抵达后高声召唤焱帝。",原始星开启，混沌城主揭示焱帝背叛人类族群的过往。
劫甲,首次碰面,矛盾展现、人物心理,冲突、情感,"罗峰抵达焱神族老巢，焱帝以宇宙尊者冰氘尊者拖延一年多才现身；焱帝以""实力太弱、恐遗失劫甲""为由劝罗峰暂缓取劫甲，罗峰强硬坚持索要。",罗峰与焱帝首次正面碰面，焱帝百般拖延不愿归还劫甲。
劫甲,焱帝的野望,转折高潮、装备获取,奖励、高潮,"罗峰以""禀告坐山客老师""为筹码强硬索要，焱帝不敢明着违背坐山客命令被迫交出劫甲；罗峰认主劫甲后迅速离开焱神族；焱帝内心渴望成为""宇宙最强者""与坐山客比肩，对三师弟罗峰充满警惕。",罗峰成功取得劫甲，焱帝被迫妥协但野心不灭。
劫甲,这就是劫甲！,设定展开、装备获取,奖励、设定,劫甲三重形态设定展开（第一重需1亿倍界主之力，物质攻击削弱至千分之一；第三重需100万亿倍界主之力，削弱至十万分之一），与神体强度相关而非法则感悟；狃宙尊者提供原始星详细资料并告诫罗峰危险；罗峰庆幸已得劫甲，可配合魔杀族变幻手段伪装身份闯原始星。,劫甲三重形态设定完整展开，狃宙尊者提供原始星资料。
劫甲,进入原始星,环境铺陈、设定展开,设定,罗峰以魔杀族分身变幻成紫蛹巨兽形态、金角巨兽缩小趴肩的伪装身份进入原始星；原始星压力极大（远超中子星），无法瞬移、无法神国传送，直径约1千亿公里；罗峰观察妖族与九域联盟宇宙尊者厮杀，以星空巨兽联盟身份不遭围杀。,罗峰伪装身份进入原始星，原始星环境设定展开。
劫甲,走路踩到重宝,设定展开、爽点设置,爽点、设定,罗峰在原始星走路踩到首件重宝（封印类），原始星花草树木与星球一体无法带走；两年后罗峰感应到套装重宝或至宝出世气息，赶赴气息源处。,罗峰在原始星得首件重宝，两年后感应到至宝出世气息。
劫甲,战力，全爆！,战斗描写、转折高潮,战斗、高潮,套装重宝出世实为至宝黑剑，罗峰以幽海分身+金角巨兽分身战力全爆，金角巨兽催发金线极光域压制狱族三宇宙尊者，幽海分身施《万星布道图》第三式兽神攻击；罗峰发现黑剑与大地一体尚未完全出世，需死守等待。,罗峰战力全爆压制狱族三尊者，守候至宝黑剑出世。
劫甲,双翼如盖,战斗描写、转折高潮,战斗、高潮,金角巨兽双翼如盖硬抗八名宇宙高等尊者联手轰击（弑吴羽翼+劫甲双重削弱），黑剑终于完全出世认主；狱族、鸿盟、北疆联盟八尊者无奈退去。,金角巨兽硬抗八尊者联手，黑剑成功认主。
劫甲,剑河罗,设定揭示、悬念设置,伏笔、揭示、设定,"黑剑认主却无讯息传递；北疆联盟紫色金属尊者认出黑剑为""剑河罗""部件（顶级领域类至宝，罗盘+九柄神剑，攻击媲美巅峰至宝），百貉尊者通禀联盟；虚拟宇宙鸿盟城消息传开，罗峰得知黑剑身份决定速逃。",黑剑身份揭晓为剑河罗部件，引发各方势力觊觎。
劫甲,速逃,矛盾爆发、转折高潮,冲突、高潮,北疆联盟宇宙霸主歧血宫主（持高等至宝歧血之矛）、卑酆尊者（擅长灵魂攻击）追杀罗峰；罗峰知黑剑身份后决定速逃，金角巨兽携幽海分身逃离。,北疆联盟两大宇宙霸主追杀罗峰夺剑河罗部件。
劫甲,岐血之矛,战斗描写、设定展开,战斗、设定,歧血宫主以歧血之矛十三矛绝招攻击金角巨兽，劫甲将攻击削弱至万分之一，金角巨兽仅损万分之一神体；金角巨兽以金线极光域脱身，罗峰感叹劫甲防御逆天（普通至宝铠甲仅能削弱至十分之一）。,歧血之矛十三矛在劫甲下仅损万分之一神体，劫甲防御威能震撼展现。
劫甲,不可小瞧超级势力,人物心理、转折高潮,情感、高潮,罗峰向混沌城主求援，混沌城主指点分身分开行动、远离漩涡通道熬时间等其降临；混沌城主揭示北疆联盟实力强大、天赋秘法相克，罗峰不可小瞧超级势力的布局能耐。,罗峰向混沌城主求援，混沌城主指点拖延战术。
劫甲,原始星上的相遇,伏笔埋设、转折高潮,伏笔、高潮,弑吴羽翼与天旸尊者（机械族宇宙霸主）的流光羽翼相互吸引，二者发现各自羽翼疑为同一至宝的残缺部件；罗峰与天旸尊者交战，天旸尊者《八梭》绝学仅损金角巨兽不足万分之一神体，双方平手；覆魔之主降临原始星掌控时空。,弑吴羽翼与流光羽翼相互吸引，羽翼之谜伏笔埋设。
劫甲,天旸尊者,战斗描写、人物心理,情感、战斗,天旸尊者《八梭》绝学仅损金角巨兽不足万分之一神体，无奈退去；罗峰将劫甲、弑吴羽翼等至宝转移给幽海分身，金角巨兽不带宝物远飞；覆魔之主降临原始星掌控一方时空，金角巨兽遭时空压迫神体不断损耗。,天旸尊者退去，覆魔之主降临压迫金角巨兽。
劫甲,覆魔之主,转折高潮、悬念设置,伏笔、高潮,覆魔之主掌控时空压迫金角巨兽（劫甲已转移），逼交剑河罗部件；金角巨兽以分身之术、自爆威胁抗拒；炎星之主（星空巨兽联盟）降临争夺时空控制权，罗峰暗知混沌城主将至。,覆魔之主逼交剑河罗部件，炎星之主降临对峙。
劫甲,三位宇宙之主的碰面,转折高潮、悬念设置,伏笔、高潮,混沌城主（携千宝河顶级领域类至宝）降临，三位宇宙之主对峙；覆魔之主表示不掺和后退去，混沌城主亦退；炎星之主留下询问金角巨兽来历，罗峰伪装身份面临考验。,三位宇宙之主碰面对峙，覆魔之主退去危机暂解。
劫甲,星空巨兽联盟圣地,设定展开、情节推进,设定,炎星之主给金角巨兽星空巨兽联盟坐标后离去；幽海分身携至宝安全离开原始星；金角巨兽自爆后神力经无尽幽海从宇宙本源吸纳恢复；罗峰回神国见混沌城主，混沌城主询问剑河罗神剑处置。,罗峰安全脱险，金角巨兽自爆后神力经幽海恢复。
劫甲,九虓河,装备获取、设定展开,奖励、设定,"罗峰献剑河罗神剑得12至宝点；混沌城贡献表单展开（至宝/重宝/材料/特殊资源四大类）；罗峰以古船银河+金线极光镜换取领域类普通至宝""九虓河""（16至宝点，金属性，可压迫束缚敌人）。",罗峰献宝换取九虓河领域类至宝。
劫甲,出发,情节推进、伏笔埋设,伏笔,"九虓河威能测试（可重伤宇宙中等尊者，宇宙霸主速度大减）；罗峰决定前往殷伐秘境取《九劫秘典》第四块黑色金属板（不朽级可取），以期金角巨兽分身达到完美基因层次施展天赋秘法""我为宇宙""。",罗峰决定前往殷伐秘境取第四块黑色金属板。
劫甲,殷伐秘境匠神,环境铺陈、设定展开,设定,罗峰抵殷伐秘境匠神星（直径3.2万亿公里，匠神之主将星球炼成飞行宫殿类顶级至宝）；匠神星周围98200个天然虫洞，两个通往绝地；博尼莎引路，罗峰感应到第四块黑色金属板在匠神山上。,匠神星设定展开，罗峰感应到黑色金属板位置。
劫甲,蛹合尊者,人物引入、环境铺陈,人物、设定,蛹合尊者（蚕岩族宇宙霸主，肩负族群兴衰）登场；匠神山山脚跪伏500多名求拜师强者；匠神之主弟子下山告知老师访友不在，罗峰意识到机不可失。,蛹合尊者登场，匠神之主外出访友机不可失。
劫甲,火焰中,悬念设置、情节推进,伏笔,罗峰趁匠神之主不在，魔杀族分身潜入匠神山山腹；观察匠神之主弟子炼器（不朽用古怪巨锤、宇宙尊者用十九柄锤子）；九师兄等三宇宙霸主炼器，罗峰等待其休息。,罗峰潜入匠神山山腹，等待炼器弟子休息。
劫甲,匠神星之火焰空间,设定展开、转折高潮,设定、高潮,黑色葫芦（36条虚空锁链供能，匠神星一部分）喷发无尽火焰；魔杀族分身、地球人本尊、幽海分身依次闯黑色葫芦内皆瞬间湮灭；火焰威能远超宇宙霸主攻击，普通至宝铠甲无法抵挡。,黑色葫芦内火焰威能恐怖，三 分身闯入皆湮灭。
劫甲,匠神之主归来,转折高潮、装备获取,奖励、高潮,金角巨兽携劫甲闯黑色葫芦成功取第四块黑色金属板（劫甲将火焰削弱至万分之一）；匠神之主归来一握，金角巨兽仅剩42%神体（幽海分身能量耗尽补充）；匠神之主将金角巨兽扔进通往绝地的空间漩涡。,金角巨兽携劫甲成功取黑色金属板，匠神之主将其扔进绝地。
劫甲,绝地,设定展开、悬念设置,伏笔、设定,匠神之主实为执行坐山客安排；绝地无法感应神国、虚拟宇宙，光速百倍于原宇宙，无法进入暗宇宙；罗峰地球人本尊修炼《九劫秘典》第六七劫达9800倍基因；金角巨兽穿越星空涟漪发现神秘星空。,绝地设定展开，实为坐山客安排的考验之地。
劫甲,绝地中的囚徒,人物引入、矛盾爆发,人物、冲突,绝地中遇三大被困宇宙霸主（魃剑尊者、策天尊者、羽黯领主），三大霸主围攻金角巨兽夺宝；金角巨兽施九虓河压迫三大霸主。,绝地中三大宇宙霸主围攻金角巨兽。
劫甲,星空中的金色河流,战斗描写、转折高潮,战斗、高潮,九虓河压迫下魃剑尊者神体不断消耗（燃烧是死、不燃烧也是死、逃也逃不掉），最终自爆殒落；金角巨兽得魃剑尊者两件至宝（墨绿色铠甲+碧绿色至宝神剑）；策天尊者、羽黯领主震撼。,魃剑尊者被九虓河耗死自爆殒落，罗峰首杀宇宙霸主。
劫甲,星泪金,设定展开、转折高潮,设定、高潮,策天尊者、羽黯领主告知绝地信息（直径近十万光年迷宫，沧化尊者曾舍至宝自爆离开）；罗峰地球人本尊修炼《九劫秘典》第六七劫达9800倍基因；穿星空涟漪发现神秘星空，行星蕴含珍贵矿脉（星泪金、虚空石等）。,绝地信息揭示，罗峰穿涟漪发现神秘星空蕴含宝藏。
劫甲,星空神山,设定揭示、转折高潮,揭示、设定、高潮,"星空巨兽""震""来接引，揭示神秘星空为星空巨兽联盟圣地培育珍贵材料之地，绝地仅是外围缓冲；星空神山（高数光年）为星空巨兽联盟总部，有专属宇宙。",绝地真相揭晓为星空巨兽联盟圣地外围，罗峰被接引入星空神山。
劫甲,金角之主,人物引入、设定展开,人物、设定,金角罗峰入星空神山，十余头金角巨兽尊者热情迎接；见金角之主、旋灭之主两大宇宙之主（金角巨兽一脉）；金角之主称将特殊培养罗峰，始祖要亲自见。,金角之主、旋灭之主登场，始祖要见罗峰。
劫甲,星空巨兽始祖,转折高潮、设定揭示,揭示、设定、高潮,始祖（宇宙最强者，九角龙首）识破罗峰人类身份；揭示一切为坐山客安排；始祖与坐山客赌约10万纪元（始祖赌注：至宝套装；坐山客赌注：巅峰至宝）；罗峰被传送入兽神界。,始祖识破罗峰身份，坐山客与始祖赌约确立。
劫甲,兽神界,设定展开、悬念设置,伏笔、设定,兽神界（星空巨兽联盟独有宇宙，时间流速1:10081）；要求：击败始祖分身（同神体强度，不朽级仅用宇宙之主巅峰绝学，尊者级用究极秘法，宇宙之主级用最强绝学）；两条出路：不朽级创宇宙之主究极绝学，或成为宇宙最强者。,兽神界设定展开，击败始祖分身的条件近乎不可能。
劫甲,唯一的可能,悟道、人物心理,修炼、情感、爽点,"罗峰悟出金角巨兽修《九劫秘典》达完美基因层次可施展天赋秘法""我为宇宙""（消耗庞大神体，幽海分身曾得此秘法）；金角巨兽修炼第六七劫，62年后达完美基因层次。","罗峰找到突破口——金角巨兽达完美基因层次施""我为宇宙""。"
劫甲,意外,转折高潮、伏笔深化,伏笔、高潮,金角巨兽达完美基因层次却无反应（非原始宇宙，星空巨兽联盟宇宙无法赐予天赋秘法/神体进化）；坐山客与始祖对话揭示秘纹图修炼之道（大破灭前曾有强者走过此路）；罗峰明白需靠兽神界+自身秘密+漫长时间。,金角巨兽在异宇宙达完美基因层次却无进化，坐山客揭示秘纹图修炼之道。
劫甲,微型宇宙,悟道、设定揭示,修炼、揭示、设定、爽点,"罗峰学《九峰锁》（灵魂振幅99.99倍）、《金之兽神》（神体振幅100倍）振幅秘法；研究64座兽神雕像（八大天生兽神各八座）；施""我为宇宙""成微型宇宙（直径百亿公里，绝对掌控，可宇宙爆炸）。","罗峰学振幅秘法，施""我为宇宙""化为微型宇宙。"
劫甲,亿年岁月,悟道、核心伏笔,伏笔、修炼、爽点,微型宇宙秘纹图可分解为92个兽神秘纹图（源自64座雕像）；罗峰开创秘纹图修炼之道（以秘纹图为元素创造秘法，不需理解原理只需记结构）；坐山客暗中期待罗峰走上秘纹图修炼之道。,罗峰开创秘纹图修炼之道，核心伏笔埋设。
劫甲,秘法天成,悟道、转折高潮,修炼、高潮、爽点,罗峰一亿八千万年研究金之兽神八大秘纹图，悟出兽神之心（沉睡千年化身为兽神体验生涯）；在兽神之心状态下随手创出宇宙之主究极秘法（金光，微型宇宙秘纹图的简化版）；始祖震惊传讯坐山客。,罗峰悟兽神之心并创出宇宙之主究极秘法《金光》。
劫甲,战始祖,转折高潮、战斗描写,战斗、高潮,坐山客现身；罗峰以兽神之心+《金光》秘法+魔杀族分身挑战始祖分身，始祖仅用宇宙之主巅峰绝学；罗峰击败始祖分身（始祖承认即使对攻也终会败）；坐山客满意罗峰脱胎换骨。,罗峰击败始祖分身，赌约胜利。
劫甲,"名为""北岩""",装备获取、伏笔埋设,伏笔、奖励,"始祖赐顶级套装至宝""兽神甲""（本名""北岩""，526件至宝构成：521普通+4高等+1顶级，最适合兽神之道）；坐山客私下指点（秘纹图流派将助罗峰快速突破宇宙尊者；第五块黑色金属板非磨练）；坐山客称罗峰已脱胎换骨。",罗峰获顶级套装至宝兽神甲，坐山客揭示第五块金属板非磨练。
劫甲,回归原宇宙,转折高潮、设定展开,设定、高潮,"罗峰金角巨兽分身以""金峰尊者""身份加入星空巨兽联盟（两方势力后盾）；始祖赐高等至宝战刀""斩玥""+星空巨兽联盟资料；始祖送罗峰、坐山客回原宇宙；金角巨兽神体开始进化（需自行准备能量）。",罗峰金角巨兽加入星空巨兽联盟，回归原宇宙。
劫甲,困境,装备获取、人物心理,奖励、情感,"金角巨兽神体进化至九万多公里（完美神体），可随时施展""我为宇宙""；罗峰寻天旸尊者夺羽翼；乾巫国主因三次逆转时空复活欠债3.8至宝点遭梅摦尊者怒斥，狼狈困境。",金角巨兽进化完美神体，乾巫国主困境展现。
劫甲,拜访,情感展现、情节推进,情感,"罗峰借1.6至宝点帮乾巫国主还六位宇宙尊者好友债务（还人情）；乾巫国主感激大笑；罗峰以人类身份（银甲银翼背负斩玥刀）进入原始星，回应""移动宝库""议论。",罗峰帮乾巫国主还债，以人类身份闯原始星。
劫甲,移动宝库,战斗描写、转折高潮,战斗、高潮,"罗峰得""仿紫辰天""重宝；繁光领主（紫冶族宇宙霸主，北疆联盟）袭击罗峰，被罗峰以斩玥刀施《金光》一刀斩杀（普通至宝铠甲仅削弱一半威能）；罗峰首次全力战斗验证一亿八千万年成就。",罗峰一刀斩杀宇宙霸主繁光领主，实力验证。
劫甲,是罗峰！,转折高潮、人物心理,情感、高潮,"繁光领主殒落震动紫冶族群（信物变无主之物）；罗峰一亿八千万年成就极高，战力媲美逆天特殊生命宇宙霸主（9800倍基因+100倍振幅+宇宙之主究极秘法）；空间法则最后玄奥""绞杀""悟透，随时可突破宇宙尊者。",繁光领主殒落震动紫冶族群，罗峰战力达到逆天宇宙霸主水准。
劫甲,猎物,战斗描写、转折高潮,战斗、高潮,刺环联盟+北疆联盟五宇宙尊者追杀罗峰；罗峰以九虓河部分威能假装狼狈逃窜引诱更多异族入陷阱；妖族联盟、九域联盟、虫族联盟八尊者加入围堵，共13名异族尊者（含宇宙霸主仲斩尊者）陷入九虓河。,罗峰以自身为诱饵引13名异族尊者入九虓河陷阱。
劫甲,陷阱！！！,战斗描写、转折高潮,战斗、高潮,九虓河威能全爆+金之法则领域重合，罗峰+金角巨兽（兽神变形态）屠戮13名异族尊者；宇宙霸主仲斩尊者（高等至宝铠甲）两刀被杀；金角巨兽在外围杀戮，罗峰在内部杀戮，无一逃掉；远处六队异族尊者心惊。,九虓河陷阱全爆，罗峰屠戮13名异族尊者铸就威名。
劫甲,顶尖宇宙霸主,悬念设置、设定展开,伏笔、设定,异族认定罗峰有顶尖宇宙霸主帮手（金峰尊者/黑色异兽）；刺心之主（刺环联盟宇宙之主）调查，排除天蚀宫主、祖树尊者、星狱魔主三位人类顶尖宇宙霸主；鸿盟殿宇宙之主们好奇混沌城主安排了谁。,异族误认罗峰有顶尖宇宙霸主帮手，各方调查。
劫甲,铸就威名,爽点设置、情节推进,爽点,"罗峰一年杀82宇宙尊者+5宇宙霸主（消息传播后异族见罗峰绕道）；归一尊者、不死尊者好奇帮手身份，罗峰称""金峰尊者""；狃宙尊者传来天旸尊者位置消息。",罗峰铸就威名，获天旸尊者位置情报。
劫甲,逃跑的天旸尊者,战斗描写、悬念设置,伏笔、战斗,金角巨兽追天旸尊者跨原始星（弑吴羽翼与流光羽翼相互感应位置）；天旸尊者释放领域类至宝（黑芒）令金角巨兽速度锐减；天旸尊者愤怒迎战。,金角巨兽追天旸尊者跨原始星，天旸尊者释放领域类至宝迎战。
劫甲,天，怎么黑了,战斗描写、转折高潮,战斗、高潮,"煞雾尊者（刺环联盟，受梵挪堡主之命跟踪）远处观战；金角巨兽vs天旸尊者（天旸尊者有高等至宝铠甲），金角巨兽以兽神甲独角施《金光》撞散八梭，天旸尊者神体损22%；金角巨兽施""我为宇宙""天地昏暗。","金角巨兽压制天旸尊者，施""我为宇宙""令天地昏暗。"
劫甲,羽翼至宝,转折高潮、装备获取,奖励、高潮,微型宇宙笼罩天旸尊者+煞雾尊者；九虓河威能升一个层次撞散黑芒，金角巨兽以兽神甲独角施《金光》击杀天旸尊者；宇宙磨盘碾压煞雾尊者自爆殒落；两对银色羽翼融合为四翼新弑吴羽翼，散发真正威压。,天旸尊者殒落，两对羽翼融合为四翼弑吴羽翼。
劫甲,羽翼之变,装备获取、设定展开,奖励、设定,"新弑吴羽翼第一形态""错乱的时空""（时空错乱移动鬼魅），罗峰推测还有第三对羽翼（秘纹缺失中枢部分）；幽海分身配高等至宝铠甲+领域类至宝+高等至宝战刀驻守地球；罗峰本尊再度前往原始星。",新弑吴羽翼第一形态开发，幽海分身驻守地球。
劫甲,梵挪堡主和罗峰,人物引入、矛盾展现,人物、冲突,梵挪堡主通过煞雾尊者复活得知真相（金角巨兽+九虓河=人类罗峰）；梵挪堡主找罗峰以换金属为由试探，实为夺歧镜石；罗峰不知金属中何物珍贵。,梵挪堡主得知真相，以换金属为由接近罗峰。
劫甲,孛雪藤,战斗描写、转折高潮,战斗、高潮,"梵挪堡主（孛雪藤特殊生命，三大分身，生命基因层次1000倍，体积超百万公里，天赋秘法""移植""）攻击罗峰；金角巨兽变大百万公里（完美神体36倍振幅）压制孛雪藤；罗峰以新弑吴羽翼施《雾光》抵挡藤蔓。",梵挪堡主（孛雪藤）攻击罗峰，金角巨兽变大压制。
劫甲,复活,转折高潮、悬念设置,伏笔、高潮,梵挪堡主逃入飞行堡垒（高等至宝）撤退；星河之主（北疆联盟宇宙之主）复活39宇宙尊者调查罗峰，四名尊者称被罗峰亲手所杀；罗峰回混沌城辨宝（梵挪堡主想要的金属）。,梵挪堡主撤退，星河之主复活尊者调查罗峰实力。
劫甲,歧神殿,设定揭示、核心伏笔,伏笔、揭示、设定,"黑色金属为""歧镜石""（歧神殿信物，值20至宝点）；歧神殿为本次原始星开启最大宝藏（巅峰领域类至宝层次，36颗歧镜石分散出世，持者方可进入）；天旸尊者、梵挪堡主皆因歧镜石而隐匿/争夺。",歧镜石身份揭晓，歧神殿为原始星最大宝藏。
劫甲,决议,矛盾展现、人物心理,冲突、情感,梵挪堡主误认罗峰被金角巨兽夺舍；人类族群高层（巨斧创始者+十余宇宙之主）决议索回歧镜石（牵扯巅峰领域类至宝）；混沌城主受命说服罗峰，青东之主提醒勿激化矛盾（参考焱帝前车之鉴）。,人类族群高层决议索回歧镜石，混沌城主受命说服。
劫甲,罗峰的决断,矛盾爆发、人物心理,冲突、情感,混沌城主以族群角度、利益角度劝罗峰交歧镜石；罗峰拒绝，提出以歧镜石换地球所有权（当年500亿混元单位失去一半，如今想收回）；罗峰自信有星辰塔无惧宇宙最强者。,罗峰拒绝交歧镜石，提出换地球所有权。
劫甲,"我的家乡""地球""",情感展现、转折高潮,情感、高潮,宇宙之主们不同意换地球（地球经十万年验证，出生后裔心性悟性极高，价值不亚于巅峰领域类至宝）；混沌城主透露人类族群无至强至宝坐镇；巨斧创始者承诺：罗峰达到宇宙之主层次时归还地球。,宇宙之主们拒绝换地球，巨斧创始者承诺罗峰成宇宙之主时归还。
劫甲,震动,转折高潮、悬念设置,伏笔、高潮,"星河之主复活繁光领主确认罗峰一刀斩杀宇宙霸主；北疆联盟传开""罗峰拥有顶尖宇宙霸主实力""消息，宇宙各方震动；罗峰愤怒又期待巨斧创始者承诺。",罗峰顶尖宇宙霸主实力消息传开，宇宙震动。
劫甲,我心宁静（本篇终章）,转折高潮、悟道,修炼、高潮、爽点,焱帝因罗峰成长速度震怒疯狂；机械族父神、虫族、妖族三大族群下令铲除罗峰（必须成宇宙之主前灭杀）；人类族群内部震动惊叹；罗峰断开虚拟宇宙，在神国宁静修炼，悟透空间法则三大玄奥（瞬移、封锁、绞杀）融合突破宇宙尊者，本源法则降临神国。,宇宙各族震动下令铲除罗峰，罗峰宁静中突破宇宙尊者，第二十篇《劫甲》落幕。
宇宙尊者,根基已成,设定展开、转折高潮,设定、高潮,"本篇开篇，罗峰跨入宇宙尊者，五彩漩涡空间本源海洋降临无尽幽海上空，直径达数百亿公里，动静媲美宇宙之主突破场景。无尽幽海约12%体积完成神力转化（神力精纯度百倍提升），神国发生质变蜕变为宇宙之主都无法破坏的强大神国。幽海分身重新凝聚后实力暴涨百倍，足以镇守地球对抗最强世界树。罗峰自认""根基已成，星辰塔到手，更无惧任何存在""，随即前往初始宇宙。",罗峰跨入宇宙尊者，根基彻底稳固，自认已无惧任何存在。
宇宙尊者,告别,人物心理、设定展开,情感、设定,罗峰抵达混沌城，被修炼者们认出引发轰动。罗峰连接虚拟宇宙处理海量邮件，给三位宇宙之主及巨斧创始者回感谢信，并向族群贡献四件高等至宝换取木禾舟、繁界、伯和战刀等至宝。罗峰拜访真衍尊者，告知即将离开人类疆域，并赠予真衍尊者三件至宝（飞行宫殿类、领域类、高等至宝铠甲）以防带来麻烦，真衍尊者震惊感动。,罗峰告别真衍尊者并赠予三件至宝，为离开人类疆域做准备。
宇宙尊者,星辰塔消失,转折高潮、悬念设置,伏笔、高潮,"罗峰拜访混沌城主辞行，混沌城主叮嘱遇险捏碎信物。罗峰前往域外战场星辰塔，经近三年研究悟透星辰塔第一层秘纹，将星辰塔内百万异族战士轰出，令九旋星云消散、星辰塔缩小至一公里后凭空消失。""星辰塔消失了""的消息以惊人速度传遍宇宙各族，震撼性远超罗峰击杀宇宙霸主的消息。",罗峰成功收取至强至宝星辰塔，引发宇宙九大超级势力疯狂搜寻。
宇宙尊者,寻找星辰塔,悬念设置、设定展开,伏笔、设定,巨斧创始者召集人类族群宇宙之主们商议，判定星辰塔被某位走运的弱者凭机缘收复，下令以鸿盟资源全力搜查。机械族父神、独行的宇宙最强者等宇宙九大超级势力乃至各小势力均蠢蠢欲动，至强至宝的诱惑令亿万族群目光聚集星辰塔。罗峰则在祖神秘境紫荆岛安然修炼，每几天接受一次兽神传承，三次传承便悟透兽神之道第四重，感叹坐山客老师严禁泄露星辰塔讯息的先见之明。,宇宙各大势力因星辰塔消失陷入疯狂搜寻，罗峰在紫荆岛安然修炼。
宇宙尊者,古颏秘境,环境铺陈、战斗描写,战斗、设定,"罗峰兵分两路，地球人本尊在紫荆岛明面修炼吸引注意力，金角巨兽分身前往古颏秘境寻找第五块黑色金属板。古颏秘境是近乎荒废的宇宙秘境，极度危险、宝物极少。金角巨兽施展九虓河深入秘境，遭遇顶尖宇宙霸主""黑天领主""（生命基因层次8000倍的山脉巨人，持有六柄高等至宝神锤）阻拦，金角巨兽一击将其劈飞，黑天领主知难而退并警告其""主人""会杀死闯入者。","金角巨兽击败黑天领主深入古颏秘境，得知黑天领主背后另有""主人""。"
宇宙尊者,血云殿,悬念设置、设定揭示,伏笔、揭示、设定,"金角巨兽循呼唤深入秘境，发现一座通体血红色的巍峨宫殿——传说中的""血云殿""。血云殿主是宇宙中臭名昭著的神秘强大存在，杀戮无数、仇敌遍布宇宙，曾殒落两位宇宙之主，传言为人类族群某宇宙之主的伪装身份。金角巨兽进入血云殿主殿后厅藏宝室，发现上万件重宝、上百件普通至宝及海量珍贵材料，最终在最正中央位置找到第五块黑色金属板。",第五块黑色金属板竟藏于传说中的血云殿内，金角巨兽成功获取。
宇宙尊者,殿主现身,转折高潮、设定揭示,揭示、设定、高潮,《九劫秘典》完整后，罗峰惊叹其文字竟能构成秘纹图，达至高境界。血云殿主现身降临无尽威压，却瞬间变幻为坐山客老师模样。坐山客揭示血云殿主仅是其凝聚的一个分身，实力媲美混沌城主；北囚狱主亦是坐山客创造的化身，曾由二师兄焱帝继承但因无法令坐山客满意而被收回。坐山客首次表露培养弟子的终极目标——宇宙最强者，并表示血云殿主身份是为将来三弟子准备的，用于在无尽杀戮磨砺中成长。,血云殿主真实身份竟是坐山客分身，坐山客揭示培养弟子的终极目标为宇宙最强者。
宇宙尊者,承诺,装备获取、设定展开,奖励、设定,罗峰接受血云殿主身份，认主血云珠（改变气息、伪装至宝外貌，炼制需灵魂灭杀一名宇宙之主）。血云珠令金角巨兽神体变为直立形态、覆盖银色面具、兽神甲伪装为血红色战袍。坐山客交托血云殿（顶级飞行宫殿类至宝）及血云令（统帅18名宇宙尊者仆从，其中三位顶尖宇宙霸主：黑天领主、银虬尊者、刺乌魔主）。坐山客给出承诺：宇宙尊者期内杀十名顶尖宇宙霸主或一名宇宙之主，即可免费炼制一件巅峰至宝；成为宇宙之主后要求提升十倍。,罗峰正式继承血云殿主身份，获得血云珠、血云殿、血云令三大核心至宝及坐山客巅峰至宝承诺。
宇宙尊者,生命基因的瓶颈,悟道、装备获取,修炼、奖励、爽点,"罗峰接见18名宇宙尊者仆从及麾下数千名特殊生命，意识到坐山客保护特殊生命如父亲般的责任。罗峰令金角巨兽研究星辰塔秘纹、地球人本尊在紫荆岛修炼《九劫秘典》。一年多练成第八劫（生命基因层次约10050倍），第九劫中途遭遇瓶颈停滞。修炼第三年突破最后一丝瓶颈达到完美基因层次，神体暴涨至九万多公里高。罗峰将斩玥刀及大量至宝献给族群换取顶级至宝战刀""血影刀""（本名悲九雪）。此后平静修炼转眼过去61年。",罗峰地球人本尊突破完美基因层次神体暴涨，换取顶级至宝战刀血影刀。
宇宙尊者,急了,矛盾展现、悬念设置,伏笔、冲突,紫荆岛上妖族等势力传承者持续监视罗峰62年，三大巅峰族群焦急罗峰一直躲在紫荆岛无法下手。机械族父神召集妖族梦妖祖、虫族女皇商议，提出以各三件顶级至宝（共九件，相当一件巅峰至宝价值）为代价请独行的宇宙最强者出手。机械族父神承诺去请宇宙最强者，若未请到则归还至宝。三族最高存在达成一致。,三大巅峰族群因罗峰一直躲在紫荆岛而焦急，决定不惜代价请宇宙最强者出手刺杀。
宇宙尊者,最强降临,人物引入、转折高潮,人物、高潮,"宇宙最强者""虚真魔神""（本名石头，幻境流成为宇宙最强者）应机械族父神之请出手刺杀罗峰。虚真魔神降临祖神秘境五彩极光湖外围，随即对紫荆岛罗峰府邸发起无形攻击。罗峰上空百米处两方时空剧烈撞击，罗峰瞬间判定有两位宇宙最强者交手。五彩极光湖狂暴冲击虚真魔神，双面祖神现身阻拦，斥责虚真魔神擅闯祖神教之地。",宇宙最强者虚真魔神降临紫荆岛刺杀罗峰，双面祖神出手拦截。
宇宙尊者,祖神战魔神,战斗描写、转折高潮,战斗、高潮,"双面祖神（六臂两面，持六柄巅峰至宝黑白神锏）与虚真魔神展开宇宙最强者级别的激战。虚真魔神仗至强至宝护体（血迹铠甲、战靴）硬抗五彩极光湖金色光柱及祖神六柄神锏。虚真魔神爆发全力令祖神及五彩巨剑无法近身，一拳砸向罗峰之际，虚空中金色锁链等各色锁链降临束缚虚真魔神（原始宇宙本源束缚）。虚真魔神被迫退去，威胁""在宇宙海会让祖神教知道惹怒我的结果""。",双面祖神凭至强至宝五彩极光湖及宇宙本源束缚击退虚真魔神，罗峰获救。
宇宙尊者,虚真魔神,设定揭示、人物心理,情感、揭示、设定,"双面祖神告知罗峰，其自罗峰进入紫荆岛第二年起便隐居隔壁62年暗中守护。祖神揭示虚真魔神擅长幻术——陷入其幻术可在其中度过万年并修炼真实法则感悟，需顶级灵魂类至宝才能抵御，普通及高等灵魂类至宝均会被其虚化神力撕裂。祖神判断罗峰意志意识达宇宙之主级、神体媲美独一无二特殊生命，但仍需顶级灵魂类至宝方可不惧虚真魔神。罗峰决定将星辰塔收入体内镇守灵魂。祖神表示看好罗峰潜力，承诺若其成长至混沌城主层次将给予""护教神主""位置。",双面祖神揭示虚真魔神幻术威能及护教神主承诺，罗峰决定以星辰塔镇守灵魂。
宇宙尊者,宇宙的宠爱,设定展开、悟道,修炼、设定、爽点,罗峰回神国将星辰塔收入体内胸膛中央镇守灵魂，塔珠回归星辰塔，镇守灵魂效果远超单颗塔珠。罗峰查询宇宙之主、宇宙最强者资料（权限提升至七星宇宙霸主），得知核心设定：不朽、宇宙尊者、宇宙之主三阶段宇宙本源一直赐予恩宠（神力、天赋秘法、时空掌控、逆转时空复活可能）；宇宙最强者反遭宇宙压制束缚，实力被压制仅能发挥比最强宇宙之主稍强一筹；宇宙最强者击杀宇宙尊者/宇宙之主会遭宇宙惩罚；每名宇宙最强者诞生后其走过的路会被封死，他人无法走同样道路。,罗峰将星辰塔收入体内镇守灵魂，并查询获知宇宙最强者受宇宙压制的核心设定。
宇宙尊者,伪装,人物心理、情节推进,情感,"罗峰思考应对三大族群追杀的策略，排除躲在初始宇宙潜修的方案（耗时太长且三大族群可能从罗家下手），决定伪装成宇宙之主——以宇宙之主究极秘法""金光""和巅峰秘法""金山""展露完全宇宙之主战力，令三大族群认为其已突破从而不敢再轻易请宇宙最强者出手。罗峰令巴巴塔搜集妖族、机械族、虫族三族及联盟的顶尖宇宙霸主资料，开始逐一挑选猎物。混沌城主发邮件召罗峰。",罗峰制定伪装成宇宙之主的计划，开始挑选猎物以战斗证明实力。
宇宙尊者,天华尊者,人物引入、装备获取,人物、奖励,"罗峰向混沌城主、龙行之主汇报虚真魔神刺杀及双面祖神相救之事，人类族群宇宙之主们紧急商议。罗峰排除虫族（母皇可操控虫族战士逃命）、机械族（顶尖宇宙霸主少且在重地），选定妖族顶尖宇宙霸主""天华尊者""（天狼之主亲传弟子、梦妖祖弟子，生命基因层次约2000倍）为猎物。混沌城主召罗峰至混沌墟，赐予族群决定给予的高等灵魂类至宝极品""余象""（620至宝点），与劫甲叠加可媲美顶级灵魂类至宝，令罗峰可从容自爆。","罗峰选定天华尊者为猎物，族群赐予高等灵魂类至宝极品""余象""。"
宇宙尊者,启动,情节推进、悬念设置,伏笔,"罗峰回神国安排装备：金角巨兽使用星辰塔（血云珠可伪装星辰塔外貌），地球人本尊使用弑吴羽翼、劫甲、余象。罗峰请狃宙尊者（擅长搜集消息的宇宙尊者）查出天华尊者位置——编号02002号原始星，后确认在编号02933号原始星。三大联盟宇宙最强者得知虚真魔神刺杀失败及祖神守护真相，商议先等待祖神不再守护后再请宇宙最强者（拟联系坐山客）。罗峰悟透兽神之道第五重，创出宇宙之主巅峰秘法""金河""，收到狃宙尊者查到天华尊者坐标的邮件。",罗峰完成装备分配部署，获知天华尊者坐标，成名之战即将启动。
宇宙尊者,混战,战斗描写、情节推进,战斗,罗峰带金角巨兽、魔杀族分身前往编号02933号原始星，以魔杀族分身复制血云殿主麾下宇宙霸主形态参战。搜索天华尊者未果时感应到至宝出世气息，判断天华尊者必会赶来。天华尊者正与九域联盟札威领主、千影尊者争夺一柄高等至宝神锤。罗峰抵达战场高空观望，三十余名异族尊者亦聚集围观。至宝神锤即将完全出世，四方同时扑向宝物。,罗峰在原始星遇至宝出世，天华尊者等三方争夺神锤，罗峰伺机而动。
宇宙尊者,一刀之威,战斗描写、转折高潮,战斗、高潮,"罗峰以九虓河领域夺走神锤至宝，魔杀族分身进入世界戒指，地球人本尊现身惊退札威领主、千影尊者及三十余名异族尊者。罗峰施展宇宙霸主究极秘法""重山""与天华尊者交手，双方实力相差不大。随后罗峰施展宇宙之主究极秘法""金光""，一刀令天华尊者神体损失11%（高等至宝铠甲达极限），令观战的三十余名异族尊者震撼判定罗峰为宇宙之主。天华尊者震惊罗峰竟成宇宙之主。","罗峰施展宇宙之主究极秘法""金光""一刀令天华尊者损失11%神体，威震观战强者。"
宇宙尊者,风起,矛盾展现、悬念设置,伏笔、冲突,"天华尊者凭借飞行宫殿类至宝""白针""逃脱并跟踪罗峰，罗峰因无法破开飞行宫殿类至宝而无奈。天华尊者化身向妖族梦妖祖等九位宇宙之主汇报，演示战斗记忆图影。梦妖祖判断罗峰可能拥有媲美宇宙之主究极秘法的天赋秘法，未必是宇宙之主，令天华尊者继续跟踪确定坐标。三大联盟据此制定围剿计划。",天华尊者凭飞行宫殿类至宝逃脱并跟踪罗峰，妖族据此制定围剿计划。
宇宙尊者,围剿,矛盾爆发、转折高潮,冲突、高潮,妖族梦妖祖、机械族父神、虫族女皇三位宇宙最强者商定，三大联盟各派三位宇宙之主（共九位）及大量宇宙尊者围剿罗峰。罗峰以金角巨兽分身操控九虓河调虎离山甩掉天华尊者。虫族联盟班夫之主首位降临原始星掌控时空，鸿盟龙行之主随后降临干扰。混沌城主邮件叮嘱罗峰遇险宁可自爆。罗峰自信应对，成名之战大幕拉开。,三大联盟九位宇宙之主及万计宇宙尊者围剿罗峰，鸿盟龙行之主降临干扰。
宇宙尊者,杀！,战斗描写、爽点设置,战斗、爽点,"布罕族三名宇宙尊者发现并跟踪罗峰，保持安全距离上禀坐标。罗峰放出魔杀族分身施展天赋秘法""域""（融合空间瞬移，一秒数百万公里），三秒钟内接连斩杀三名宇宙尊者，无一能抵抗。三族联盟据此判断罗峰有魔杀族分身及天赋秘法""域""，开始怀疑其跨入宇宙之主层次。","罗峰魔杀族分身凭天赋秘法""域""瞬杀三名宇宙尊者，展露恐怖战力。"
宇宙尊者,黑色汪洋,战斗描写、氛围营造,战斗、设定,"三族联盟在原始星上聚集超9000名宇宙尊者（妖族5230、虫族2102、机械族1906）围困罗峰。罗峰持续杀戮，击杀宇宙尊者达320名并收缴战利品。妖族联盟拉拢的宇宙诞生时特殊生命宇宙之主""通岭之主""降临，施展顶级领域类至宝""浮山海""化为无尽黑色海水笼罩整个原始星，强大的束缚力令所有强者被淹没。",三族联盟万计宇宙尊者围困罗峰，通岭之主以浮山海笼罩整个原始星。
宇宙尊者,血光,悟道、战斗描写,修炼、战斗、爽点,"罗峰在杀戮中进入兽神之心状态完全癫狂，杀戮速度越来越快，击杀达800余名宇宙尊者。罗峰在杀戮心境中喷薄杀意，创出第二套宇宙之主究极秘法""血光""。通岭之主以浮山海全力攻击罗峰，罗峰凭劫甲（削弱至十万分之一）及九万多公里神体轻易抵挡，令通岭之主震惊怀疑罗峰真是宇宙之主。班夫之主降临战场。","罗峰杀戮癫狂中创出宇宙之主究极秘法""血光""，轻松抵挡浮山海全力攻击。"
宇宙尊者,战宇宙之主,战斗描写、转折高潮,战斗、高潮,班夫之主（实为北疆联盟成员，幻境流派宇宙之主）先以幻术诱导罗峰加入北疆联盟夺回地球，罗峰识破后破开幻境。班夫之主施展灵魂渗透灭杀（蓝色螺旋），罗峰凭余象+劫甲抵御成功，灵魂控制与灵魂渗透两大目标均失败。班夫之主上禀失败，虫族女皇下达第三目标——灭杀罗峰分身夺取至宝。,罗峰识破班夫之主幻术诱导，凭余象+劫甲抵御灵魂渗透灭杀，三大目标前两个失败。
宇宙尊者,笑到最后,战斗描写、转折高潮,战斗、高潮,"班夫之主以长矛与罗峰正面交战，凭神力精纯度高20倍、浮山海领域压制及幻术辅助大占上风。混沌城主赶到以千宝河与浮山海抗衡。虫族碧垅之主的顶级领域类至宝""俄萝界""（碧绿色光点）降临辅助班夫之主。罗峰施展最强天赋秘法""我为宇宙""，形成直径百亿公里微型宇宙，威能较杀天旸尊者时提高两个层次，消耗10%神体每次维持9秒。","罗峰在班夫之主、浮山海、俄萝界三重压制下施展最强天赋秘法""我为宇宙""。"
宇宙尊者,一锅端！,转折高潮、爽点设置,爽点、高潮,"罗峰施展开""我为宇宙""形成微型宇宙，将危险区内三大联盟6000余名宇宙高等尊者尽数笼罩。班夫之主及另外两名宇宙之主惊恐企图破坏微型宇宙未果。班夫之主传音警告罗峰杀6000多名宇宙尊者后果严重，罗峰毫不理会，双手下压令无尽混沌气流如巨大钢板碾压，6000余名宇宙尊者尽皆湮灭，连重宝都被压迫粉碎。",罗峰以微型宇宙一招灭杀三大联盟6000余名宇宙高等尊者，制造宇宙历史震撼级事件。
宇宙尊者,你是宇宙之主,转折高潮、悬念设置,伏笔、高潮,"罗峰以微型宇宙本源威能加持施展""金光""压制班夫之主，随后借力逃入混沌城主千宝河领域。班夫之主怒吼承认罗峰施展出最强秘法并杀6000多名宇宙尊者。混沌城主震惊确认罗峰为""宇宙之主""，罗峰坦白尚未真正突破，混沌城主表示""我说你是宇宙之主，你就是宇宙之主""。三大联盟高层愤怒咆哮视为奇耻大辱。","混沌城主确认罗峰为""宇宙之主""，三大联盟视6000尊者被灭杀为奇耻大辱。"
宇宙尊者,去受死,矛盾展现、人物心理,冲突、情感,三大联盟四位宇宙最强者商议复活计划：约7000名宇宙尊者需请九幽之主及神体超大的特殊生命宇宙之主逆转时空复活，每联盟损失约一件巅峰领域类至宝价值。四大存在决定继续追杀罗峰挽回颜面，由梦妖祖出手。混沌城主建议罗峰以魔杀族分身送死算了结此事，罗峰拒绝，决意靠实力应对。,三大联盟商定复活计划并继续追杀罗峰，混沌城主建议送死被罗峰拒绝。
宇宙尊者,大自在,转折高潮、氛围营造,设定、高潮,"罗峰以魔杀族分身凭天赋秘法""域""迅速穿越多个漩涡通道逃出原始星，变身血云殿主在编号03129号原始星现身。""刀河之主""之名及灭杀6000宇宙尊者的事迹席卷宇宙亿万族群，各方强者尊称罗峰为""刀河之主""。罗峰以血云殿主身份得大自在，感到无牵无挂举世皆敌的痛快。妖族联盟沉火之主降临掌控时空搜查，发现血云殿主并立即上禀。","罗峰逃出原始星变身血云殿主得大自在，""刀河之主""之名席卷宇宙，沉火之主发现血云殿主。"
宇宙尊者,凶威,矛盾爆发、悬念设置,伏笔、冲突,血云殿主现身消息经妖族联盟传播，令宇宙各大势力知晓。祖神教派护教神主烽天神主率三名宇宙之主、北疆联盟派12名宇宙之主、星空巨兽联盟派4名宇宙之主追杀（鸿盟因血云殿主未招惹而置身事外）。罗峰以血云殿主身份现身挑衅，沉火之主奉梦妖祖命牵制拦下血云殿主。,宇宙各大势力因血云殿主现身纷纷派出宇宙之主追杀，沉火之主奉命牵制。
宇宙尊者,血云之威,战斗描写、转折高潮,战斗、高潮,"血云殿主与沉火之主交战，罗峰手持星辰塔伪装的长梭，催发第一层秘纹施展宇宙之主究极秘法""血光""，完全蹂躏沉火之主。劫甲将沉火之主攻击削弱至十万分之一令罗峰几乎无损。在第35次交手中，罗峰顺其自然突破星辰塔第二层秘纹，长梭暴涨变大为数万公里，威能暴涨。",罗峰以星辰塔长梭蹂躏沉火之主，战斗中突破星辰塔第二层秘纹。
宇宙尊者,斩杀,战斗描写、转折高潮,战斗、高潮,"罗峰催发星辰塔第二层秘纹，一刺令沉火之主神体湮灭32%，第二刺再令其仅余29%神体，最终斩杀沉火之主分身，夺取世界戒指、双锤、顶级铠甲、绿色种子等至宝。沉火之主本尊（黎火山分身，上亿公里直径难以移动）在沉火秘境震叹血云殿主实力远超当年。罗峰感叹至强至宝威能，仅第二层秘纹便媲美""我为宇宙""。随后又一位宇宙之主降临，罗峰钻入漩涡通道离去。",罗峰催发星辰塔第二层秘纹斩杀沉火之主分身，夺取大量至宝。
宇宙尊者,镇鬯谷,装备获取、悬念设置,伏笔、奖励,"罗峰在世界戒指内强行破解沉火之主至宝上的生命烙印，并从战利品材料中发现""镇鬯谷""信物（九份信物尽皆出世时镇鬯谷正式开启，持有信物方可进入）。血云殿主继续在原始星间逃窜转移各大势力注意力。沉火之主分身被斩杀的消息传开，宇宙之主们开始三三两两行动追杀血云殿主。",罗峰破解战利品生命烙印并发现镇鬯谷信物，血云殿主继续逃窜转移注意力。
宇宙尊者,星河之主,战斗描写、转折高潮,战斗、高潮,"血云殿主在编号08605号原始星遭遇北疆联盟星河之主（宇宙之主最巅峰存在）率领的六名宇宙之主。星河之主以巅峰至宝极品""坤夜""双锏施展三招：第一招""幕""（宇宙之主究极秘法）被罗峰以""血光""+星辰塔长梭压制处下风；第二招""黑夜""（宇宙之主最强秘法）令罗峰稍处下风；第三招""黑夜下的河流""（两大最强秘法融合绝招，曾一招令宇宙之主殒落）经星辰塔长梭抵挡+劫甲削弱后仅令罗峰损失千分之二神体。星河之主震惊后主动放弃离开。",罗峰凭星辰塔+劫甲硬抗星河之主最强绝招仅损失千分之二神体，星河之主主动放弃。
宇宙尊者,销赃,人物心理、情节推进,情感,宇宙之主们因连星河之主都奈何不得血云殿主而纷纷放弃追杀，血云殿主从当年宇宙公敌变为各大势力不愿招惹的存在。罗峰回归神国，感叹星河之主之强，认识到自身战斗兵器（血影刀）不足。罗峰联系坐山客销赃，坐山客让其前往住处兑换至宝。坐山客透露斩杀宇宙之主分身不算斩杀宇宙之主（有分身者才敢冒险交手）。,宇宙之主们放弃追杀血云殿主，罗峰联系坐山客销赃换取更强兵器。
宇宙尊者,至宝库（本篇终章）,装备获取、悬念设置,伏笔、奖励,"罗峰前往坐山客住处——宇宙虚无之地（距人类疆域900多亿光年），途经精致桥梁（每步跨上千万光年）抵达坐山客的飞行宫殿类至宝居所。罗峰以沉火之主战利品+血影刀+高等至宝盾牌+镇鬯谷信物，换取巅峰至宝战刀""绝客""（出鞘时煞气侵袭意志）。坐山客取走镇鬯谷信物表示要去闯荡，并透露未来将以罗峰体内世界金之精华汇聚的""金角界石""为核心打造最适合其的巅峰至宝战刀，但需杀宇宙之主或十名顶尖宇宙霸主方可凑齐材料。终章罗峰收到混沌城主邮件称其为""刀河之主""并召其议事，暗示人类族群高层会议已有结果，第二十一篇《宇宙尊者》完整落幕。","罗峰换取巅峰至宝战刀""绝客""，被混沌城主称为""刀河之主""，全篇最大悬念收束。"
银河领主,六巨头聚,人物引入、设定展开,人物、设定,虚拟宇宙雷霆岛混沌城主宫殿上空悬浮之地，混沌城主告知罗峰已通过人类族群最高决议被认定为第19位宇宙之主（身份认定，神力未真正跨入宇宙之主层次），揭示人类族群此前有18位宇宙之主（含未公开者），虚拟宇宙公司一脉原有5位。混沌城主逐一介绍虚拟宇宙一脉宇宙之主：龙行之主、冰峰之主（混沌城主师弟）、黑暗之主（混沌城主师弟，神秘隐匿，宇宙海中威名极大）、幽侯之主（黑暗之主弟子），随后召他们前来齐聚。,虚拟宇宙一脉六位宇宙之主齐聚，罗峰被认定为第19位宇宙之主（身份认定）正式跻身人类族群最高层。
银河领主,原,设定揭示、悬念设置,伏笔、揭示、设定,"黑暗之主审视罗峰，混沌城主公开罗峰拥有天赋分身之能及""幽海分身""（类似九幽之主的海洋神体，直径几百亿公里），令诸宇宙之主刮目相看。罗峰定宇宙之主称号为""银河领主""（纪念地球家乡）。混沌城主带六人飞向高空拜见师祖——虚拟宇宙一脉创始者""原""，途中揭示原为人类第一位宇宙最强者、混沌城主等三人之师、巨斧创始者亦受其指点，当年纵横宇宙海无敌，连祖神教都不愿惹人类族群。","罗峰定号""银河领主""（身份认定，神力未真正跨入宇宙之主层次），原祖身份揭示，人类族群隐秘历史浮现。"
银河领主,虚拟宇宙,设定揭示、伏笔埋设,伏笔、揭示、设定,"六人拜见原祖雕像，罗峰感应到雕像散发诸多法则波动，恍如宇宙本源。混沌城主等揭示那便是""虚拟宇宙的宇宙本源""——虚拟宇宙与幻境不同，几乎不消耗能量，可媲美原始宇宙。黑暗之主讲述原祖因不断突破挑衅宇宙本源，最终被宇宙本源永久镇压，但仍以秘法创出遍布宇宙的虚拟宇宙，并有一机械族宇宙之主奴仆作为智能核心维持运转。原祖仍活着，被镇压于虚拟宇宙本源之地，要见其需前往该处。",虚拟宇宙本质揭示，原祖被永久镇压仍活着的真相揭晓。
银河领主,戎钧,人物心理、伏笔埋设,伏笔、情感,"罗峰得知原祖无法被救出后，随五人参加巨斧创始者召开的""巨斧会议""（宇宙之主与宇宙最强者参加的最高层会议）。罗峰观察各派系宇宙之主：巨斧斗武场以虚金之主主持、宇宙佣兵联盟以荒鉴之主为首、宇宙第一银行以青东之主为首、宇宙星河银行以彭工之主为首。罗峰按实力将宇宙之主划分为初入、普通、巅峰、顶尖四档。巨斧创始者最后现身，罗峰觉其气质容貌与当年好友戎钧极似，怀疑戎钧属巨斧创始者一脉。",人类族群五派系宇宙之主格局展现，罗峰暗疑戎钧与巨斧创始者关系。
银河领主,我说过,转折高潮、矛盾收束,冲突、高潮,"巨斧创始者宣布每位新宇宙之主可获族群赠与一件顶级至宝价值宝物，罗峰不求至宝，只求族群改造银河系以永驻家乡。巨斧创始者随即宣布将地球另一半所有权归还罗峰（此前承诺""罗峰能与我等坐在一起便是归还之时""），荒鉴之主以""有付出才有得到""为由阻挠，混沌城主以500亿混元单位让罗峰买回，巨斧创始者以一件巅峰至宝补偿虚拟宇宙公司。会后混沌城主向罗峰解释族群利益准则，确认罗峰永驻银河系的决定。",地球所有权完全归还罗峰，罗峰永驻银河系的决定正式确立。
银河领主,罗峰的命令,转折高潮、矛盾收束,冲突、高潮,"罗峰以""银河领主""身份下令处死早年仇敌莫洛（狂兽侯，封侯级不朽），南狐国主、乾巫国主、北螟尊者三位宇宙尊者奉命执行，莫洛拒不认罪被乾巫国主镇压后处死，神国枯寂。同时罗峰下令五大势力共同驱逐地球外星移民，三天内全部离开，银河系大建设启动。罗峰回到地球。",罗峰清算旧仇莫洛，地球外星移民被驱逐，银河系大建设开启。
银河领主,地球一脉,设定展开、环境铺陈,设定,罗峰与徐欣漫步地球，了解十多万年后地球巨变：SSS级生命星球、地底通道时速3万公里、行星级普遍、多位不朽居住。地球陆地居住权仅限地球人交易，聚集地球一脉超半数精英，地球人一脉已有11位不朽（含罗峰、洪、雷神）。徐欣指出地球人一脉优秀子弟培养不足，罗峰决意以宇宙之主权限整合资源培养新生代，并改造海洋悬浮城市以容纳更多地球孕妇在三个月内抵达地球孕育后代。,地球十多万年发展全貌展现，地球一脉培养计划启动。
银河领主,弑吴羽翼第二形态,装备获取、悟道,修炼、奖励、爽点,"罗峰在距地球800光年外建神殿居所，收乾巫国主、狃宙尊者、北螟尊者三名宇宙尊者直属麾下（各赐普通至宝），建固定通道连接神国与地球。静修十二年悟透弑吴羽翼第二形态——""金色的国度""，可掌控半径80光年时空，威能超过宇宙之主的""掌握一方时空""，范围与威能均令罗峰震撼，可令恒星系湮灭。罗峰命名为""金色的国度""。","弑吴羽翼第二形态""金色的国度""悟透，罗峰掌控时空能力质变。"
银河领主,金色蛤蟆,悬念设置、伏笔埋设,伏笔,"罗峰发现弑吴羽翼第三形态秘纹缺失，需寻部件。罗峰成银河领主第165年，在祖神秘境紫荆岛传承之地修炼兽神之道时，双面祖神召其前往祖神宫，告知罗峰虽能施展宇宙之主究极秘法但尚未真正跨入宇宙之主层次，赋予其""金色蛤蟆""探测器，令其前往垣奥秘境调查""对原始宇宙不利""之事——凡引起蛤蟆双眸变红者一律湮灭，并给予权限更高的金色令牌以便直接联系。",祖神教下达垣奥秘境调查任务，金色蛤蟆探测器登场。
银河领主,垣奥之主,环境铺陈、设定展开,设定,"罗峰以血云殿主身份乘血云殿前往垣奥秘境。同时线：巨斧创始者告知混沌城主将携倾峰界残图前往宇宙海倾峰界探索，混沌城主劝阻未果。垣奥秘境为独行者垣奥之主（宇宙诞生早期特殊生命宇宙之主）的地盘，有12片广袤大陆（直径1-8光年），垣奥之主大肆掠夺弱小族群繁衍于12片大陆，以""神战""绞肉机磨砺强者，培育出数十宇宙尊者、数千不朽神灵，被尊为""垣奥至高神""。",垣奥秘境与垣奥之主背景完整展开，巨斧创始者入宇宙海。
银河领主,觉暗大陆,环境铺陈、人物引入,人物、设定,罗峰进入觉暗大陆探查，变化为卡鹫族外貌（一种已消逝的弱小族群残余）。金色蛤蟆探测范围仅1亿公里，12片大陆探查需数万年。半年后蛤蟆首次变红，罗峰锁定目标方向，沿途观察觉暗大陆文明，偶遇被威焰家族追杀的五阶骑士布阿，随兴以一颗宇宙果实令其突破为宇宙级九阶（巅峰圣者），随后离去前往怒炎山脉目标处。,觉暗大陆文明与力量体系（一至九阶、圣者、传奇、半神、神灵）展现。
银河领主,波瓦神,转折高潮、悬念设置,伏笔、高潮,"罗峰锁定怒炎山脉黑色城堡中的""波瓦神""（不朽神灵），以""金色的国度""束缚并瞬移至其面前搜查记忆，发现波瓦神为觉暗大陆本土不朽，被炬炼主神灵魂控制属""炬炼阵营""，觉暗大陆数百不朽分炬炼、靺鞨两大阵营。罗峰搜查无特殊发现后将其湮灭，向祖神汇报，祖神令其继续追查根源。",波瓦神被湮灭，觉暗大陆两大阵营格局揭示，祖神令继续追查。
银河领主,炬炼,转折高潮、设定揭示,揭示、设定、高潮,"罗峰施展""金色的国度""笼罩整个觉暗大陆，令两名宇宙尊者（炬炼主神、靺鞨主神）动弹不得，逐一探测数百不朽神灵，发现12位引起蛤蟆变红者皆为炬炼主神的灵魂仆从。罗峰锁定炬炼主神为源头，将其及13名不朽仆从聚于一处搜查，发现共同点为""皆为炬炼主神灵魂仆从""，进而追问得知炬炼主神之主为垣奥之主，并获知垣奥之主另有两名灵魂仆从。罗峰湮灭14名目标后前往摩高大陆。同时垣奥之主在神国中感知仆从殒落，冷笑等待""计划""展开。","炬炼主神被锁定，灵魂仆从共同点揭示，垣奥之主""计划""伏笔埋设。"
银河领主,布局之始,伏笔深化、悬念设置,伏笔,"罗峰在摩高大陆探测出2名宇宙尊者、49名不朽为目标，发现皆为垣奥之主灵魂仆从（不朽者）。罗峰控制光辉主神塔沃（垣奥之主灵魂仆从），湮灭其及仆从。垣奥之主现身摩高大陆，以顶级领域类至宝""火焰""对抗金色的国度护住塔沃未果（九虓河撞溃火焰）。罗峰与垣奥之主对峙，垣奥之主独眼震惊罗峰已成宇宙之主。同时垣奥之主在空间夹层神国中暗自得意""计划""已启动，期待妖族、星空巨兽联盟、北疆联盟等各方到来。","垣奥之主正式现身，罗峰与其初次交锋，垣奥之主""布局""伏笔深化。"
银河领主,垣奥至高神,战斗描写、转折高潮,战斗、高潮,"罗峰以""金色的国度""笼罩摩高大陆封锁全场，湮灭光辉主神塔沃及其灵魂仆从（九虓河撞溃垣奥之主的火焰领域）。垣奥之主（灰色铠甲独眼巨人）撕裂七彩光膜降临，以顶级领域类至宝火焰对抗金色的国度。罗峰报出真名，垣奥之主震惊罗峰成宇宙之主。垣奥之主索要高等至宝赔礼被拒，罗峰声明奉祖神教令灭杀垣奥之主。垣奥之主怒极，约罗峰至秘境虚空中一战。",垣奥之主与罗峰正式敌对，双方约战秘境虚空。
银河领主,新的路线,悟道、战斗描写,修炼、战斗、爽点,"罗峰与垣奥之主在秘境虚空交战，金色的国度与垣奥之主的火焰领域旗鼓相当（罗峰神力差一层次）。罗峰悟出""微型宇宙+金色国度+领域类至宝""三者互不排斥可同时叠加的新路线，期待日后弄一件强大领域类至宝。罗峰评价自己在掌握时空方面仅次于宇宙最强者，对弑吴羽翼（残缺至宝）充满期待。垣奥之主以最强秘法""焚灭""（火焰漩涡汇聚于圆锤）攻击。","罗峰确立三重叠加实力路线，垣奥之主施展最强秘法""焚灭""。"
银河领主,奇物,转折高潮、设定揭示,揭示、设定、高潮,"垣奥之主以巅峰至宝战刀""绝客""抵挡""焚灭""（罗峰仅损失万分之二神体）。垣奥之主怒而祭出奇物""黑色神木""——宇宙海三大绝地诞生的天然至宝，威能仅次于至强至宝，罗峰透过金色蛤蟆确认其为目标之一。同时，妖族梦妖祖（银色大蛇）感应到奇物波动，派天狼之主、幽魔之主前往；北疆联盟、祖神教、虫族、星空巨兽联盟等各大势力纷纷派遣宇宙之主赶来垣奥秘境（人族巨斧创始者在宇宙海未感应到，机械族父神在另一宇宙未感应到）。","奇物""黑色神木""正式登场，各大势力宇宙之主纷纷赶赴垣奥秘境。"
银河领主,九幽之主,战斗描写、转折高潮,战斗、高潮,罗峰以微型宇宙+金色国度+九虓河三重叠加对抗垣奥之主的黑色神木，仍处下风（微型宇宙每次消耗10%神体）。罗峰主动撤退，向祖神汇报垣奥之主及黑色神木皆为目标。祖神派九幽之主率尤难之主（刺环联盟）、黯蟒之主（祖神教）经神国传送抵达。九幽之主（邪异中年男子）与罗峰会面，二人同为九幽一脉。,罗峰不敌黑色神木撤退，九幽之主率两名宇宙之主增援。
银河领主,九幽·海眼,设定揭示、悬念设置,伏笔、揭示、设定,"尤难之主揭示奇物秘密：奇物乃宇宙海三大绝地诞生的天然至宝，无秘纹可直接发挥最大威能，堪称""次等至强至宝""，但天生遭宇宙排斥，带入原始宇宙会影响宇宙本源稳定。九幽之主说明奇物已将部分气息融入垣奥之主令原始宇宙排斥之，故需铲除。九幽之主出手，以传说绝招""九幽·海眼""（自爆式攻击）冲击垣奥之主，令其损失千分之一神体。","奇物本质与宇宙排斥机制揭示，九幽之主施展""九幽·海眼""。"
银河领主,蹂躏,战斗描写、矛盾展现,冲突、战斗,"垣奥之主持黑色神木仅以究极秘法便蹂躏天狼之主、幽魔之主等先后赶到的各方宇宙之主，各方均被击败后与九幽之主等汇合。罗峰发现人类族群与机械族未到，意识连接虚拟宇宙找混沌城主询问。九幽之主等讨论宇宙之主实力层次：星河之主、混沌城主、九幽之主为""最强宇宙之主""，宇宙最强者在原始宇宙仅比其强一筹。",垣奥之主蹂躏各方宇宙之主，罗峰发现人类族群缺席。
银河领主,镇封,转折高潮、设定揭示,揭示、设定、高潮,"罗峰回虚拟宇宙告知混沌城主垣奥秘境之事，混沌城主震惊并派冰峰之主随罗峰前往（巨斧创始者在宇宙海不在）。冰峰之主到场引各方注目（原祖弟子，顶尖宇宙之主）。九域联盟焱帝、绝烽之主到场（坐山客指点）。冰峰之主与焱帝对峙（旧怨）。各方达成共识：正面无法击杀垣奥之主，唯有""镇压封印""后送入初始宇宙击杀。","冰峰之主增援，九方势力达成""镇压封印""共识。"
银河领主,黑宙创始者,人物引入、转折高潮,人物、高潮,"独行的宇宙最强者黑宙创始者（金色火焰巨人穿至强至宝""黑宙神甲""）现身，提议由其主导镇压垣奥之主，以等价巅峰至宝换取奇物。九大势力同意。黑宙创始者掌控空间封锁（100光年），金角之主施展巅峰领域类至宝""无尽光域""（半径80光年），垣奥之主逃入空间夹层，黑宙创始者及九大势力宇宙之主追入。垣奥之主暗自期待""计划""各方已到齐（黑宙创始者出现出乎意料但不影响计划）。",黑宙创始者主导镇压，九大势力追杀垣奥之主入空间夹层。
银河领主,旋元遗留,转折高潮、伏笔埋设,伏笔、高潮,"黑宙创始者以巨大黑色手掌（蕴含星辰流转）攻击垣奥之主，令其损失千分之三神体。冰峰之主抛出巅峰镇封至宝""冰山殿""吞吸垣奥之主。垣奥之主绝望中向黑宙创始者献出黑色神木求保命被拒，遂亮出最后底牌——已殒落的大破灭前宇宙最强者""旋元""遗留的倾峰界残图（牵丝图），令在场所有超级存在震惊。",垣奥之主被逼入绝境，亮出旋元遗留的倾峰界残图求生。
银河领主,倾峰界残图,悬念设置、伏笔深化,伏笔,"罗峰查询虚拟宇宙得知旋元为大破灭前宇宙最强者，因深入宇宙海三大绝地之一""倾峰界""而殒落。垣奥之主证明残图真伪，自述凭此残图探索倾峰界得到奇物并击杀鹄之主。垣奥之主以""牵丝""（极珍贵材料）制成地图证实身份。混沌城主令冰峰之主、罗峰务必夺取牵丝图（价值超奇物）。各方势力均令其代表尽力争夺。垣奥之主见求生无望，撕裂牵丝图成数十份朝四方崩飞，各方目光瞬间聚集碎片。",倾峰界残图价值极高，垣奥之主撕裂牵丝图引发疯狂争夺。
银河领主,疯狂的争夺,战斗描写、转折高潮,战斗、高潮,"九大势力十余名宇宙之主疯狂争夺牵丝图碎片，眦魔之主、溟莲之主等以巅峰领域类至宝互相碰撞。黑宙创始者放弃牵丝图专心追杀垣奥之主（碎片价值不如奇物）。罗峰以金色的国度+九虓河夺第一份碎片，焱帝愤恨（当年劫甲之仇被罗峰""礼尚往来""）。冰峰之主助黑宙创始者全力操控冰山殿。垣奥之主被逼入冰山殿时自爆神体，威能达原始宇宙束缚极限。",牵丝图碎片争夺白热化，垣奥之主自爆殒落。
银河领主,那是我的,战斗描写、矛盾爆发,冲突、战斗,"垣奥之主自爆威能被九大势力宇宙之主联手挡下，牵丝图碎片得以保存。两份较大碎片飘向罗峰方向，焱帝、尤难之主、天狼之主、幽魔之主、冰峰之主均赶来争夺。罗峰与冰峰之主联手（金色的国度+寒雾界），焱帝、尤难之主先后放弃退出。天狼之主、幽魔之主突施梦妖祖两大巅峰至宝——""梦祖域""（巅峰领域类至宝）与""魔屿藤""（巅峰攻击至宝），压制罗峰与冰峰之主，夺得两份大碎片。",天狼之主、幽魔之主以梦妖祖两大巅峰至宝突袭夺宝，罗峰被迫放弃。
银河领主,罗峰和天狼之主,转折高潮、矛盾展现,冲突、高潮,罗峰与冰峰之主分头争夺碎片，罗峰共得2份，冰峰之主得5份（金色的国度辅助），人类共7份；星空巨兽联盟最多10份，九域联盟最少3份。黑宙创始者取走奇物黑色神木后离去（至强至宝+奇物已足够，不在意其他至宝）。各方眼馋罗峰的弑吴羽翼（掌控时空，媲美巅峰领域至宝）。焱帝愤恨坐山客偏袒罗峰。垣奥之主自爆后遗落的至宝（盾牌、圆锤、沙杯、铠甲等）飞向各方向，各方分头追夺。,牵丝图碎片瓜分完毕，垣奥之主遗物争夺开始。
银河领主,火焰沙杯,装备获取、战斗描写,奖励、战斗,"罗峰锁定垣奥之主遗物中的顶级领域类至宝""火焰沙杯""（原火焰领域来源），与天狼之主竞争。罗峰施展微型宇宙+金色国度+九虓河三重叠加压制天狼之主的梦祖域，魔杀族分身以极限瞬移（每秒400次）往返夺取火焰沙杯（消耗60%金角巨兽神体）。罗峰嘲笑天狼之主""一对一斗不过我""。战后罗峰、冰峰之主经神国传送回归人类疆域，九幽之主等祖神教一方返回。",罗峰以三重叠加压制天狼之主，夺得顶级领域类至宝火焰沙杯。
银河领主,宇宙海（本篇终章）,转折高潮、核心伏笔,伏笔、高潮,"罗峰、冰峰之主向混沌城主回禀全程。混沌城主得知弑吴羽翼乃残缺至宝（巅峰至宝极品部件）大惊，确认罗峰实力已可进入宇宙海（原计划等其真正跨入宇宙之主再进）。混沌城主令罗峰将牵丝图碎片内容发来转交巨斧创始者鉴定贡献值，并阐述宇宙海为真正战场、大破灭前古老强者聚集之地。终章揭示：百亿光年外小型宇宙中，三位大破灭前古老存在（钢铁生灵、褐色岩石爬行山脉、雷电巨人虚影）揭示垣奥之主和奇物神木皆为""布局""诱饵（浩雷扔了一件奇物进去），称""这一次宇宙时代是最后机会""，为族群永恒必须一举功成。",混沌城主准许罗峰进入宇宙海，三位大破灭前古老存在布局浮现，全篇最大伏笔埋设。
初入宇宙海,托亚黑洞,设定展开、环境铺陈,设定,罗峰在神国调查宇宙海讯息，了解原始宇宙轮回、小型宇宙为宇宙最强者所创、三大绝地等设定；获混沌城主邮件通知，因牵丝图碎片贡献获1200至宝点奖励，混沌城主本尊将亲自带其进入宇宙海。罗峰思忖至宝点用途，决定暂留待坐山客炼制珍贵至宝时使用，先熟悉火焰沙杯。,罗峰获1200至宝点奖励，混沌城主本尊将亲自带其进入宇宙海。
初入宇宙海,破损的宇宙,设定展开、环境铺陈,设定,罗峰与混沌城主经托亚黑洞出原始宇宙进入宇宙海，目睹混沌气流威压；见到一颗直径约1亿光年的破败小型宇宙（宇宙最强者殒落后小型宇宙破败）。混沌城主讲解三大宇宙时代（第一最强、第三最弱）、两大圣地宇宙（直径21亿/32亿光年，存在轮回无从考证）、已发现18022颗小型宇宙等核心格局。,宇宙海三大宇宙时代与两大圣地的宏观格局首次完整揭示。
初入宇宙海,倾峰界外域,设定展开、人物引入,人物、设定,混沌城主进一步讲解两大圣地实力（相加可媲美原始宇宙）、宇宙海近百股势力格局，给罗峰一颗含三大宇宙时代、两大圣地高端机密讯息的晶球（看完即毁）。罗峰抵达三大绝地之一的倾峰界，见主山高约9802万光年、峰顶截断跌落、无尽瀑布倾泻。在外域天体山石上与人类族群五名宇宙之主（幽侯之主、彭工之主、黯绝之主、燧石之主、螂犴之主）会合。,倾峰界壮观景象展现，罗峰与人类族群宇宙海强者会合。
初入宇宙海,普缇的野望,人物引入、伏笔埋设,人物、伏笔,"七名宇宙之主迎接罗峰，燧石之主直言罗峰实力垫底、警告其警惕第一宇宙时代强者。众宇宙之主离去闯荡后，坐山客通过至宝令牌联系罗峰确认其在倾峰界。坐山客在北华雪岚域居所赐大弟子普缇""奇物神木""，令其前往宇宙海闯荡，称""等了太久""，暗示有深层谋划。",坐山客赐普缇奇物神木令其闯荡宇宙海，深层谋划伏笔埋设。
初入宇宙海,求救,战斗描写、悬念设置,伏笔、战斗,罗峰入倾峰界水域探索，了解水流灵（无智慧本能生物，一头媲美宇宙之主）等水域危险。燧石之主在距罗峰约300万光年外被神眼族安永之主追杀，施冰沙海封锁空间，向虚拟宇宙求救。混沌城主在倾峰界深处来不及赶回，螂犴之主实力不足，罗峰虽对燧石之主不爽仍赶赴救援。,燧石之主被安永之主追杀求救，罗峰赶赴救援。
初入宇宙海,安永之主和罗峰,战斗描写、转折高潮,战斗、高潮,"安永之主以金色权杖施展数套最强秘法、以伤换伤战法碾压燧石之主（神体损耗至20%）。罗峰以弑吴羽翼+火焰沙杯二者叠加，金色的国度+火焰海洋击溃冰沙海，救出燧石之主。安永之主撤销空间封锁追来，见罗峰三人联手后放弃纠缠。安永之主愤怒咆哮""银翼黑发人类""。",罗峰以弑吴羽翼+火焰沙杯击溃安永之主冰沙海，首次救下燧石之主。
初入宇宙海,神眼族,设定展开、人物心理,情感、设定,安永之主通过神眼族第七真主调查确认罗峰身份（第二阶宇宙之主，物质攻击仅与班夫之主相当），认定其至宝特殊但实力弱。燧石之主感恩承诺报恩，决定回原始宇宙研修盾牌防御之法。罗峰与螂犴之主分开继续闯荡，在倾峰界闯荡过程中兽神之道进步很大，渐渐在其他两大宇宙时代强者中流传名声。,安永之主调查确认罗峰身份，燧石之主感恩承诺报恩后离去修养。
初入宇宙海,陨落,悬念设置、转折高潮,伏笔、高潮,罗峰闯荡16年进步大但无至宝收获。神眼族珈御之主（第四阶顶尖）在水域洞穴中发现九层光幕宝藏，躲入顶级镇封宫殿类至宝中穿越九层光幕，进入后瞬间殒落（连讯息都来不及留）。神眼族高层震动，派安水之主、补阵之主、岁撵之主前往第193293参照系水域探索。,神眼族珈御之主在九层光幕宝藏中瞬间殒落，神眼族派三强者前往探索。
初入宇宙海,羽翼的吸引,悬念设置、伏笔埋设,伏笔,安永之主等三神眼族强者简略探查无果，被令探查周围一百个参照系区域。罗峰在倾峰界30年后，弑吴羽翼受强烈召唤，发现水域洞穴中的九层光幕。罗峰谨慎判断后令魔杀族分身探查，魔杀族分身穿过多层光幕后进入第九层。,罗峰弑吴羽翼受召唤，发现水域九层光幕洞穴，令魔杀族分身探查。
初入宇宙海,羽翼空间,设定揭示、转折高潮,揭示、设定、高潮,魔杀族分身多次闯入第九层光幕后空间均瞬间湮灭。第39次看清内部：一对无比巨大、比太阳耀眼夺目亿万倍的羽翼，无尽刀刃风暴席卷一切空间。罗峰判断其为至强至宝（攻击类），威能远超宇宙最强者攻击。罗峰有星辰塔、血云殿在身，决定设法获取。,九层光幕后为一对至强至宝级别的巨大羽翼，刀刃风暴威能骇人。
初入宇宙海,警惕,战斗描写、人物心理,情感、战斗,安永之主大范围扫荡发现罗峰在洞穴处，施冰沙海封锁空间。罗峰为保护光翼秘密不让安永之主发现，决定主动出击，召唤金角巨兽分身（血云殿主身份）偷袭安永之主。罗峰手持绝客战刀与安永之主交战，处于下风后血云殿主以星辰塔长梭偷袭安永之主掌心，令其神体急剧衰弱。,安永之主发现罗峰，罗峰召唤血云殿主偷袭安永之主以保护光翼秘密。
初入宇宙海,围殴！,战斗描写、转折高潮,战斗、高潮,"罗峰与血云殿主（金角巨兽分身）联手围殴安永之主，微型宇宙+火焰沙杯+弑吴羽翼三重加持压制对手。安永之主神体衰弱后凭植物生命分身迅速恢复，但被围殴九秒后微型宇宙消散，安永之主狼狈逃逸。安永之主怀疑""血云殿主就是人类""，联系金觇之主取消支援。",罗峰与血云殿主联手围殴安永之主，安永之主狼狈逃逸并怀疑血云殿主身份。
初入宇宙海,玩具,矛盾展现、伏笔深化,伏笔、冲突,"安永之主散播""血云殿主就是人类""消息，令一些吃了血云殿主亏的势力质问人类族群。人类族群强硬回应不管罗峰交友。罗峰回复称与血云殿主在倾峰界水域相识投脾气。安永之主睚眦必报，决心给罗峰添加麻烦。罗峰进入第一二层光幕间，以星辰塔闯入羽翼空间，被刀刃风暴撞击如玩具般乱飞。",安永之主散播血云殿主身份消息，罗峰以星辰塔闯入羽翼空间。
初入宇宙海,滚开,悬念设置、设定揭示,伏笔、揭示、设定,"罗峰操控微尘般大小的星辰塔飞行一个多月抵达光翼核心处，发现""巨大光翼""实为无数刀刃光芒叠加构成，核心为一白色羽翼（高百米，有脏兮兮痕迹和三处血迹）。靠近时一股疯狂意志碾压而来咆哮""滚开""，罗峰凭星辰塔镇守灵魂，发现意志冲击虽可怕却是""纸老虎""（幅散性，不聚集）。最终发现白色羽翼上有三道划痕——破损的至强至宝。",罗峰发现白色羽翼实为破损的至强至宝，有三处血迹和三道划痕。
初入宇宙海,至强至宝之灵,设定揭示、悬念设置,伏笔、揭示、设定,罗峰对至强至宝破损感到震惊。白色羽翼之灵主动联系罗峰，自称曾随主人经历大战、主人殒落、羽翼破损、原羽翼之灵毁灭、自己是新诞生的灵。羽翼之灵声称认主条件苛刻（完美基因+意志够强），要求罗峰提供巅峰至宝材料助其修复，承诺认主后交出核心部件。罗峰极度冷静，发现其在骗自己。,白色羽翼之灵主动联系罗峰，设局哄骗其提供巅峰至宝材料，罗峰识破骗局。
初入宇宙海,灵,伏笔埋设、核心伏笔,伏笔,"罗峰继续与白色羽翼之灵周旋，令魔杀族分身检验假核心部件无反应后揭穿骗局。罗峰向星辰塔之灵询问是否有陷阱，星辰塔之灵无法判断。罗峰决定等待，在意志碾压下磨砺意志。六年后弑吴羽翼产生微弱波动，大半年后弑吴羽翼之灵诞生，传递破碎记忆：六对羽翼、""源""、""我要吃源的光""。",弑吴羽翼之灵诞生，传递六对羽翼、源等核心破碎记忆。
初入宇宙海,认主,设定揭示、核心伏笔,伏笔、揭示、设定,"弑吴羽翼之灵告知真正认主条件（宇宙尊者需宇宙最强者意志），揭示前主人是超越宇宙最强者的存在（两大圣地宇宙始祖可能就是这一层次）。罗峰推断""超越宇宙最强者才能创造永恒存在的圣地宇宙""。弑吴之灵识破白色羽翼之灵假核心部件陷阱（内藏刀刃光芒），建议罗峰等待其交出真正""源""。三年后白色羽翼之灵妥协交出核心部件，弑吴之灵确认是假的。",弑吴羽翼之灵揭示真正认主条件与前主人超越宇宙最强者的核心秘密。
初入宇宙海,争,转折高潮、装备获取,奖励、高潮,罗峰揭穿白色羽翼之灵骗局全过程（认主条件前后矛盾：需要帮助却设苛刻条件令真正宇宙之主泄气）。罗峰下令弑吴羽翼伸出四扇银色翅膀疯狂吸收源的光能量恢复自身，白色羽翼之灵愤怒却无能无力。两灵注定只能存一，互相咒骂。弑吴羽翼数亿公里、数十亿公里、数百亿公里、光年级别不断扩大，疯狂吞噬刀刃光芒。,罗峰令弑吴羽翼疯狂吸收源能量恢复自身，白色羽翼之灵愤怒无能。
初入宇宙海,千年,装备获取、人物心理,奖励、情感,"弑吴羽翼30小时完全恢复暗损达巅峰状态（威能大增，能十成十爆发威能），罗峰最多仍只能催发两式秘法但威能大增。弑吴之灵告知无法再吞噬源的光（体内无储存空间），建议等待白色羽翼交出""源""。罗峰决定在羽翼空间磨砺意志，偶尔回去研究秘纹图流、兽神之道。转眼过去一千两百年，星辰塔终于碰触到白色羽翼上的血迹。",弑吴羽翼完全恢复达巅峰状态，罗峰在羽翼空间磨砺意志一千两百年。
初入宇宙海,另一条通道,设定揭示、悬念设置,伏笔、揭示、设定,弑吴之灵告知罗峰意志离宇宙最强者还差很多。罗峰发现完美弑吴羽翼施展的金色的国度威能媲美微型宇宙+金色的国度+火焰海洋三者叠加。金色的国度笼罩整个神秘空间，发现除原入口外还有另一条洞穴通道。罗峰乘星辰塔探查，进入暗红色高温洞穴（温度可焚毁宇宙尊者），发现已进入倾峰界山腹（核心之地）。,罗峰发现羽翼空间另一条通道，逆流进入倾峰界山腹核心之地。
初入宇宙海,闯轮回,核心伏笔、装备获取,伏笔、奖励,"罗峰在火焰浆流溶洞发现黑纹石柱（每颗砂砾内含空间），在一石柱爪印砂砾空间中发现两件物品：宇宙舟青色信物+牵丝图（宇宙舟部分地图）。留影揭示遥远轮回时代的独行宇宙最强者桀梵子与女性宇宙最强者真霖留言：他们已活近三个轮回时代，大限将至，去""闯轮回""以求永恒存在并建立圣地宇宙。桀梵子将信物和地图留在倾峰界核心之地，宝藏留在宇宙舟青色信物密室空间。","罗峰发现桀梵子遗留的宇宙舟信物和地图，""闯轮回""核心伏笔揭示。"
初入宇宙海,巨斧,转折高潮、伏笔埋设,伏笔、高潮,"罗峰返回原始宇宙地球，确立三大目标（收白色羽翼、取桀梵子遗宝、警惕坐山客谋划）。巨斧创始者在倾峰界内域获得至强至宝""巨斧""（斧形攻击类至强至宝），已成功认主，消息暂保密。混沌城主将消息告知人类诸位宇宙之主，众人为之震撼激动。",巨斧创始者获得至强至宝巨斧，人类族群终极武力跨越。
初入宇宙海,族群贡献,情节推进、人物心理,情感,人类族群庆贺巨斧获至强至宝。罗峰向混沌城主贡献牵丝图地图（宇宙舟内域多一倍范围+些许核心区域），令混沌城主惊叹。巨斧创始者亲自感谢罗峰，给予5000至宝点奖励。罗峰决定前往宇宙舟通天魔柱（黑纹石柱）处磨砺意志（时间流速快可节约时间）。罗峰将歧镜石放在神国以备歧神殿开启。,罗峰贡献牵丝图地图获5000至宝点，决定前往宇宙舟通天魔柱磨砺意志。
初入宇宙海,黑纹石柱,环境铺陈、设定展开,设定,罗峰独自前往宇宙舟，目睹宇宙舟壮观景象（高数千万光年、长上亿光年的破损飞船，吞噬混沌气流和小型宇宙，周围环绕火焰河流、寒气海、风漩涡、雷电、藤蔓等）。了解通天魔柱（黑纹石柱）共16根、每根高上千光年、散发无尽意志冲击、越靠近时间流速越快。罗峰抵达人类族群在宇宙舟的聚集地。,罗峰抵达宇宙舟，目睹其壮观景象，了解通天魔柱设定。
初入宇宙海,幻界王,人物引入、伏笔深化,人物、伏笔,"罗峰在宇宙舟聚集地遇冰峰之主，得知巨斧创始者将转来宇宙舟、洪已突破为不朽封王级""幻界王""由巨斧直接教导（在巨斧的宇宙中培养）。虚金之主警告罗峰宇宙舟内域危险，不可擅闯。鸿盟16位宇宙之主齐聚后分散闯荡，混沌城主嘱托罗峰不可擅闯内域，罗峰独自前往通天魔柱（预计500-600年抵达）。","罗峰得知洪已突破为""幻界王""由巨斧培养，独自前往通天魔柱。"
初入宇宙海,灭神涧,环境铺陈、悬念设置,伏笔、设定,罗峰在宇宙舟内域前进21年，见识诸多极危险之地。抵达灭神涧（892处极危险之地中前三），分上方无尽岩浆海和下方无尽岩石大地，最可怕的是九头熔岩魔神（高百亿公里，以力破法，连宇宙最强者都只能逃命，宇宙之主几乎必定殒落）。罗峰进入灭神涧第十一天，被一名隐藏在洞穴中的强者发现。,罗峰抵达灭神涧，了解熔岩魔神的可怕设定，被隐藏强者发现。
初入宇宙海,因沱,战斗描写、人物引入,人物、战斗,"第一宇宙时代祖神教强者因沱（特殊生命，金之兽神之道，打不死，巅峰极品念力至宝金砜甲，顶尖水准）追杀罗峰夺银翼至宝。罗峰以金色的国度控制天体岩石攻击因沱，因沱化金色独角蜥蜴（金之兽神形态）迎击借力。因沱企图利用岩浆漩核心的""湮灭旋风""害死罗峰，被罗峰识破（桀梵子资料记载）。",第一宇宙时代强者因沱追杀罗峰夺宝，罗峰识破其利用湮灭旋风的阴谋。
初入宇宙海,出土,战斗描写、装备获取,奖励、战斗,罗峰与因沱交战，弑吴羽翼边缘可当战刀使用（媲美巅峰至宝战刀）。罗峰以火焰战刀阻碍因沱后高速前进。岩浆漩搅动黑色岩石大地，一艘破损的深蓝色飞船至宝出土。罗峰凭金色的国度束缚+神力认主，抢得顶级飞行宫殿类至宝（破损）。神眼族五浑之主、究箭之主赶到，发现罗峰。,罗峰在灭神涧抢得破损顶级飞行宫殿类至宝，五浑之主、究箭之主赶到。
初入宇宙海,谁都走不掉！,战斗描写、转折高潮,战斗、高潮,五浑之主（五阶，媲美混沌城主，同时研修五条兽神之道，巅峰领域至宝水波狱+巅峰宫殿至宝禁阐殿+灭绝神铠）、究箭之主（巅峰领域至宝刀芯界，弓箭攻击）围堵罗峰。五浑之主施五兽大灭绝（五彩巨手），罗峰爆发金色的国度极限威能（媲美奇物）湮灭水波狱。五浑之主施五浑界+水波狱，罗峰施微型宇宙对抗，两方僵持。熔岩魔神从岩浆海中降临，罗峰拖住三方不让其逃入地底迷宫。,罗峰爆发金色的国度极限威能压制五浑之主，熔岩魔神降临，罗峰拖住三方。
初入宇宙海,急，急，急,矛盾爆发、人物心理,冲突、情感,五浑之主、究箭之主、因沱焦急万分，罗峰以金色的国度阻碍三方逃命。五浑之主妥协愿交出至宝换生路，罗峰反要求交出水波狱、禁阐殿、灭绝神铠、刀芯界、金砜甲。三方拒绝，各自施手段挣扎：因沱化金色独角蜥蜴、五浑之主和究箭之主躲入禁阐殿、罗峰躲入星辰塔（伪装血色金字塔）。熔岩魔神一脚踹碎金色独角蜥蜴。,罗峰拖住三方至熔岩魔神降临，三方各自施手段挣扎求生。
初入宇宙海,争一线生机,战斗描写、转折高潮,战斗、高潮,因沱神体分解为无数水滴逃入地底（金砜甲破损，神体仅剩11.2%）。五浑之主、究箭之主乘禁阐殿钻入岩浆海拼死穿越。罗峰乘星辰塔进入岩浆漩涡核心（至强宫殿至宝才能幸存的通道），被吞吸力量加速到超十万倍光速，5分33秒后冲出岩浆海抵达焰水湖。因沱隐匿恢复后散布消息报复罗峰和五浑之主。,因沱重创逃逸，五浑之主和究箭之主被迫钻入岩浆海，罗峰通过漩涡核心抵达焰水湖。
初入宇宙海,焰水湖,环境铺陈、人物引入,人物、设定,罗峰抵达焰水湖（危险程度远小于灭神涧，出现至宝概率较高）。焰水湖最上空有冻湖霆火（青色火焰含雷霆，极度冰冷，宇宙最强者也不敢硬抗），来自十二深渊（六个喷发、六个吞噬）。焰水湖是紫月圣地的地盘。一名四面十六臂的紫月族强者（封砻之主）发现罗峰。,罗峰抵达焰水湖，被紫月圣地封砻之主发现。
初入宇宙海,紫月圣地,设定展开、人物心理,情感、设定,紫月圣地宇宙设定展开（紫月族群八面二十四臂为最精纯血脉，宇宙之主最起码顶尖水准，拥有至强至宝者为巅峰行列）。封砻之主（上等行列，媲美星河之主、五浑之主）未抢罗峰羽翼，令其离开焰水湖。因沱散布的消息传到紫月圣地，令紫月圣地强者们对罗峰弑吴羽翼心动。罗峰在焰水湖空间内瞬移前进。,紫月圣地设定展开，封砻之主放罗峰离开，因沱散布的消息传到紫月圣地。
初入宇宙海,杀局,矛盾展现、悬念设置,伏笔、冲突,紫月圣地封砻之主、盘柯之主、幽娅之主三方设局围堵罗峰（因弑吴羽翼威能曝光，被认定为仅次于至强至宝的特殊至宝）。五浑之主闯过岩浆海（禁阐殿破烂不堪、灭绝神铠些许损伤），发誓亲手击杀罗峰洗刷屈辱。五浑之主乘究箭之主遗物（顶级宫殿至宝）冲入焰水湖。幽娅之主已在参照系坐标阻拦罗峰。,紫月圣地三方设局围堵罗峰，五浑之主闯过岩浆海后加入追杀。
初入宇宙海,一飞冲天,战斗描写、转折高潮,战斗、高潮,罗峰被紫月圣地三方围困寒风带（空间凝结无法瞬移）八天，封砻之主（星云灯，比水波狱稍好）无法近身。五浑之主赶到使用究箭之主遗物刀芯界，与封砻之主联手从两个方向围堵。罗峰一飞冲天朝上方冻湖霆火飞去。消息传到人类族群，虚金之主震惊。罗峰回复混沌城主称正被四位宇宙之主追杀。,五浑之主与封砻之主联手围堵罗峰，罗峰朝冻湖霆火方向飞去。
初入宇宙海,一起上绝路,转折高潮、矛盾爆发,冲突、高潮,罗峰在虚拟宇宙向混沌城主等交代情况后离去，表示不死不休。五浑之主与封砻之主联手追杀。罗峰钻入星辰塔（伪装血色金字塔）冲进冻湖霆火，五浑之主化五兽神（灭绝神铠秘法）追入，封砻之主乘巅峰宫殿至宝追入。罗峰减速引五浑之主靠近，施微型宇宙将五浑之主一同拖入十二深渊中的第九深渊（绝路）。,罗峰施微型宇宙拖五浑之主一同坠入第九深渊，封砻之主等战栗旁观。
初入宇宙海,当然去,转折高潮、人物心理,情感、高潮,五浑之主在深渊中慨然赴死，五兽神崩溃，灭绝神铠鳞片分解，神体湮灭，随身至宝碎裂（仅刀芯界、水波狱、黑色挂件、灭绝神铠幸存）。五浑之主分身得知本尊殒落。神眼族第一真主派第三真主、第六真主两名宇宙最强者前往深渊夺回黑色信物和两大特殊至宝。混沌城主得知罗峰与五浑之主坠入深渊，去见巨斧创始者，巨斧决定前往深渊。,五浑之主本尊殒落于第九深渊，神眼族派两大真主夺宝，巨斧决定前往。
初入宇宙海,平息,人物心理、伏笔深化,伏笔、情感,罗峰与五浑之主坠入深渊的消息传遍宇宙海，罗峰名传三大轮回时代、两大圣地宇宙。罗峰幽海分身收到坐山客降临，坐山客确认罗峰本尊已伪装殒落，建议其暂时潜伏磨砺自身。混沌城主虽担心但未去找罗峰。罗峰在深渊中六天后吞吸力量减弱，以金色的国度束缚住黑色挂件（黑色信物），将其抓住认主。,罗峰名传宇宙海，坐山客建议潜伏，罗峰在深渊中获得黑色信物。
初入宇宙海,赶往宇宙舟,情节推进、悬念设置,伏笔,罗峰认主黑色信物后在深渊中探查。神眼族第三真主（星辰真主）、第六真主（碧眼真主）两名宇宙最强者赶赴宇宙舟第九深渊夺宝。巨斧创始者从倾峰界全力以赴赶来（以巨斧至强至宝撕裂时空加速）。罗峰在深渊中发现灭绝神铠的第一片黑色鳞片。,神眼族两大真主和巨斧创始者分别赶赴深渊，罗峰开始搜集灭绝神铠鳞片。
初入宇宙海,灭绝神铠,装备获取、设定揭示,奖励、揭示、设定,"罗峰搜集灭绝神铠鳞片，搜集到第182900个时鳞片以核心组合成护腕，传递讯息揭示本名""疯魔灭神甲""。疯魔灭神甲共8999999枚鳞片，兼有防御（物质攻击削弱至十万分之一、灵魂攻击削弱至百分之一）、远程攻击（念力兵器）、近战（金色右爪最强攻击点）三大功用，还有""疯魔""特殊能力（使用者意识意志与铠甲契合后变得疯魔，进入绝对疯魔状态需其他强者唤醒否则永远失去自主意识）。五浑之主分身感应到鳞片生命印记接连破碎，告知第一真主有强者在搜集。",罗峰搜集鳞片得知疯魔灭神甲本名及功用，五浑之主分身感应到有强者在搜集。
初入宇宙海,最强者降临,装备获取、悬念设置,伏笔、奖励,罗峰搜集到8999993枚鳞片，差最后六枚。第三真主、第六真主进入第九深渊。坐山客联系罗峰，告知其已在第九深渊内、发现了两大真主但未被发现。罗峰惊喜坐山客赶来，报告自己位置。坐山客称需要约五天时间（为不被发现速度不超百倍光速）。,罗峰差最后六枚鳞片，神眼族两大真主进入深渊，坐山客赶来支援。
初入宇宙海,疯魔,装备获取、人物心理,奖励、情感,罗峰与坐山客在三角山峰会合，坐山客认出疯魔灭神甲并警告其疯魔状态的危险（意志达宇宙最强者层次则不受影响）。坐山客陪同罗峰寻找最后两枚鳞片，发现鳞片在无尽冰土层下方。坐山客发现进入冰土层隐秘空间的方法（宇宙舟本身蕴含的能力，三大轮回时代、两大圣地不超过三个能辨认）。,坐山客警告疯魔灭神甲危险，发现进入冰土层隐秘空间的方法。
初入宇宙海,岛,装备获取、核心伏笔,伏笔、奖励,坐山客以秘纹图传送进入冰土层隐秘空间，内有一湖泊和一座岛屿。罗峰在湖泊中找到最后两枚鳞片，8999999枚鳞片全部组合成完整的疯魔灭神甲。坐山客将疯魔灭神甲伪装成银色，并帮罗峰修复铠甲（有少许破损）。岛上石制宫殿墙壁有古老文明图案和文字遗留（愤怒、悲凉、不甘情绪）。,罗峰集齐疯魔灭神甲全部鳞片，坐山客帮忙修复，岛上发现古老文明遗迹。
初入宇宙海,魔砉,核心伏笔、悟道,伏笔、修炼、爽点,"宫殿墙壁文字揭示一位比宇宙最强者还强的古老存在突破新境界后仍面临死亡的悲剧。庭院石壁上有纳米级无数秘纹图，形成立体巨大秘纹图""魔砉""（亿亿万生灵跪伏朝拜场景）。罗峰观察石壁秘纹图三天，在秘纹图流上有所感悟，认为这是突破宇宙尊者极限的契机。坐山客从中悟出五大秘纹图留给罗峰。坐山客感应到外界宇宙最强者在交手，带罗峰前往观战。","发现古老存在最强绝学""魔砉""秘纹图，坐山客悟出五大秘纹图留给罗峰。"
初入宇宙海,交出宝物,战斗描写、转折高潮,战斗、高潮,"坐山客带罗峰前往观战，发现神眼族第三真主（星辰真主，领域类至强至宝星辰国度）、第六真主（碧眼真主，灵魂攻击至强至宝碧眼神光）围困金煌魔神（第二轮回时代，金煌兽+宫殿类至强至宝黑石神殿）。神眼族以""金煌拿了灭绝神铠和银色羽翼""为借口围困，实则要立威。坐山客揭示神眼族真正目的是杀鸡儆猴、展示威严不可侵犯。",神眼族两大真主围困金煌魔神，坐山客揭示其真正目的是立威。
初入宇宙海,巨斧，最强之战！,战斗描写、转折高潮,战斗、高潮,"巨斧创始者赶到，神眼族两大真主转而要对巨斧下手（称要灭人类族群）。第三真主施""永恒国度""（星辰异兽化亿万朝拜），第六真主碧眼神光注入，两件至强至宝+古老传承秘法融合形成""永恒真神""（九头、三十六对羽翼、一百零八对蹄爪、九尾），威压超越在场每一个宇宙最强者。巨斧创始者以神斧施展""第十二""斧，十二柄巨斧虚影汇聚，挡住永恒真神。",巨斧创始者赶到，神眼族两大真主融合三大至强至宝形成永恒真神，巨斧以第十二斧挡住。
初入宇宙海,巨斧的斧头,战斗描写、转折高潮,战斗、高潮,"巨斧创始者以""第十三""斧劈退永恒真神，令两大真主震惊（不知巨斧有至强至宝）。两大真主全力施展（第三真主祭出第二件至强至宝星辰手，三大至强至宝融合），永恒真神穿紫色铠甲、变十八利爪。巨斧创始者以""第十四""斧劈退永恒真神，再以""第十五""斧（刚创出，催发神斧秘纹所创，在无尽黑暗中亮起异世界般巨斧虚影）一斧令永恒真神崩解溃散，三大至强至宝分离。坐山客震惊巨斧""触摸到了""某种境界。",巨斧创始者以第十五斧一斧劈散永恒真神，实力接近原祖。
初入宇宙海,低头,转折高潮、矛盾收束,冲突、高潮,巨斧创始者追杀两大真主，以第十五斧劈散领域类至强至宝星辰国度的阻碍。第三真主（穿紫色铠甲，两件至强至宝在身）无法被杀死但低头妥协，交出三件巅峰极品至宝（巅峰领域类、巅峰宫殿类、巅峰灵魂幻术类）了结仇怨。巨斧创始者请金煌魔神、坐山客保密消息。坐山客点评巨斧实力接近原祖但杀不死第三真主（两件至强至宝），人类族群也不愿与神眼族全面开战。,神眼族两大真主低头交出三件巅峰极品至宝，巨斧立威之战落幕。
初入宇宙海,秘纹和秘法,悟道、设定揭示,修炼、揭示、设定、爽点,坐山客在带罗峰出深渊的三个月中修复疯魔灭神甲并指点罗峰。坐山客讲解宇宙最强者在原始宇宙与宇宙海中所受的不同压制限制（原始宇宙：言出法随消失+神力上限+杀宇宙之主后受惩罚；宇宙海：仅言出法随消失+神力压制在完美宇宙之主层次，无上限无惩罚）。讲解宇宙之主六阶划分法（初入百倍为一阶、普通千倍究极秘法为二阶、巅峰三阶、顶尖四阶、混沌城主等五阶、拥有至强至宝为六阶）。坐山客指出巨斧第十五斧是催发神斧秘纹所创。罗峰开始参悟星辰塔、疯魔灭神甲、弑吴羽翼秘纹创造秘法。,坐山客讲解宇宙最强者压制机制和六阶划分法，罗峰开始参悟至宝秘纹。
初入宇宙海,裂金和银翼,人物心理、伏笔深化,伏笔、情感,"深渊一役影响很大但神眼族未对外传播。罗峰在隐秘空间留神力化身参悟古老秘纹图和坐山客六大秘纹图。三百多年后，安永之主得知罗峰以""裂金之主""伪装身份在宇宙舟波星海一役爆发（四阶顶级水准，夺得顶级领域类至宝雪火界），被第二轮回时代雪仓之主认出。五浑之主、安永之主决定前往宇宙舟追杀罗峰。罗峰向混沌城主告知将去黑纹石柱处磨砺意志，混沌城主透露原祖和巨斧都极看好罗峰（成宇宙最强者可能性排列：混沌城主、罗峰、彭工之主、黑暗之主）。罗峰创出宇宙之主最强秘法""裂金""，能驱使疯魔灭神甲第三重秘纹""灭神""，实力达四阶顶级。",罗峰以裂金之主身份在波星海爆发，秘纹图流造诣达宇宙之主层次，创出最强秘法裂金。
初入宇宙海,燕鹰之主,人物引入、环境铺陈,人物、设定,罗峰抵达黑纹石柱空间（16根高上千光年的黑纹石柱撑起，天然古迹，秘纹层次极高连宇宙最强者也悟不透，安全、能瞬移、时间流速快）。黑纹石柱空间盘踞三大宇宙最强者：贝敕星主（第一轮回时代，性格好，常公开参悟讲解）、血兰始祖（第一轮回时代，植物生命，极邪恶）、横行魔神（第二轮回时代，喜怒无常，至强至宝血海魔铠散发意志冲击）。罗峰遇鸿盟燕鹰之主，得知三大强者脾性。,罗峰抵达黑纹石柱空间，了解三大宇宙最强者盘踞格局。
初入宇宙海,黑纹石柱前,环境铺陈、人物心理,情感、设定,横行魔神的可怕设定展开（至强至宝血海魔铠散发疯狂意志冲击，宇宙之主会瞬间茫然无反抗）。2号黑纹石柱聚集近百位宇宙之主，离黑纹石柱距离代表意志强弱。贝敕星主修炼超过一个轮回时代，时间流速13万多倍。罗峰轻易抗住意志冲击令燕鹰之主吃惊。燕鹰之主告知神眼族净眼之主（意志媲美宇宙最强者）在此修炼，与罗峰有仇。,罗峰抵达2号黑纹石柱，意志表现令燕鹰之主吃惊，得知净眼之主在此。
初入宇宙海,净眼之主,人物引入、战斗描写,人物、战斗,"净眼之主（神眼族第一真主弟子，五阶，擅长灵魂攻击幻术，特殊宝物净光镜，意志媲美宇宙最强者）为究箭之主报仇袭击罗峰。净眼之主施""净灭轮回""灵魂攻击，罗峰凭疯魔灭神甲（灵魂攻击削弱至百分之一）+星辰塔（镇守灵魂）双重防御轻松挡住。罗峰化""刀刃兽神""近战暴打净眼之主，金色右爪碎裂其至宝异兽兵器。",净眼之主袭击罗峰，灵魂攻击被疯魔灭神甲+星辰塔双重防御挡住，近战被罗峰暴打。
初入宇宙海,传递,战斗描写、装备获取,奖励、战斗,罗峰近战碾压净眼之主，逼其全力使用巅峰领域类至宝压制罗峰无法近身。净眼之主疑惑罗峰如何挡住灵魂攻击（怀疑是魔杀族分身或特殊至宝）。净眼之主无奈离去。五浑之主、安永之主得知罗峰在黑纹石柱空间但净眼之主奈何不了他。罗峰找到自己的黑色信物空间密室，进入后发现历代空间主人留言传统（从第20293任风谷灵到第20294任五浑之主）。,罗峰击退净眼之主，找到黑色信物空间密室，发现历代空间主人留言传统。
初入宇宙海,留言（本篇终章）,装备获取、核心伏笔,伏笔、奖励,罗峰观看历代空间主人留言（近900名空间主人丰富的三大绝地地图集合，中间有十余次被毁）。风谷灵（第20293任，宇宙最强者）留下疯魔灭神甲等宝物，五浑之主（第20294任）得到后未留宝物（离大限还早）。罗峰获得丰富详细的三大绝地地图（流重山、宇宙舟、倾峰界三幅立体图，内域极详细但核心之地模糊），丰富进自己的牵丝图中。罗峰留下第20295任空间主人留言（称弄死五浑之主、得到疯魔灭神甲和黑色信物），写一半留待将来续写。罗峰留魔杀族分身在11号黑纹石柱处磨砺意志（时间流速3100倍），自身前往宇宙舟更深处寻找桀梵子遗宝。,罗峰获得三大绝地丰富地图，留下第20295任空间主人留言，留魔杀族分身磨砺意志后出发寻找桀梵子遗宝，第二十三篇《初入宇宙海》完整落幕。
陨落的最强者,地图,设定展开、情节推进,设定,罗峰离开黑纹石柱空间继续深入宇宙舟，庆幸拥有黑色信物独立空间中历代空间主人积累的三大绝地详细地图；进入虚拟宇宙向老师混沌城主献出地图，混沌城主已感应到通往宇宙最强者的界限；巨斧创始者大喜定罗峰贡献为2万贡献点，并提及将来设法救出被永久镇压的原祖。,罗峰献出三大绝地详细地图，为人类族群后续在三大绝地探索奠定重大基础。
陨落的最强者,舟,环境铺陈、悬念设置,伏笔、设定,"宇宙舟内域极深处的""炎冰域""（上方岩浆海、下方黑色沼泽）出现异常动静，神眼族影埃之主、巫魉之主夫妇与金方之主，以及独行的紫月圣地鹿虫之主（六阶宇宙之主，持至强至宝鹿虫神甲）各自感应前往；罗峰亦循动静飞去，众人发现从黑色沼泽中缓缓浮现的竟是传说中可进入墓陵的""墓陵之舟""。",传说中的墓陵之舟在炎冰域出世，各方宇宙之主汇聚争夺。
陨落的最强者,鹿虫和罗峰,人物引入、设定展开,人物、设定,鹿虫之主向罗峰讲述墓陵之舟讯息——远古文明使用工具，无法烙印生命印记认主，需进入内部找到控制核心，每艘控制核心不同，需等舱门自动开启，一艘墓陵之舟可带36名强者进入墓陵且仅一次机会；骸族、第一祖神教等势力陆续抵达，墓陵之舟完全悬浮，舱门开启，各方冲入。,墓陵之舟设定与争夺规则展开，鹿虫之主与罗峰暂时结盟。
陨落的最强者,闸门,战斗描写、矛盾展现,冲突、战斗,"各方冲向闸门时联手围攻实力最强的鹿虫之主，鹿虫之主化身异兽""鹿虫""以声波破攻击；进入墓陵之舟内部巨大广场后，鹿虫之主熟悉路径引领罗峰前进，并以角撞廊道壁降下闸门阻隔后方四名宇宙之主；鹿虫之主坦言拉拢罗峰的三重原因，二人抵达控制室门前。",墓陵之舟内各方混战，鹿虫之主与罗峰率先抵达控制室。
陨落的最强者,我名断东河·吴,转折高潮、设定揭示,揭示、设定、高潮,"控制室内无控制核心，六位宇宙之主搜寻无果；王座上凝聚出青发人类男子虚影，自称""断东河·吴""（第192任断东河），宣布此墓陵之舟经其改造，内含断东河一脉传承，历代先祖个个战死，传承不可绝；候选者可离去，一旦接触传承则非历代断东河必死，越早离去越安全。",断东河·吴现身宣布传承规则，全篇核心悬念正式确立。
陨落的最强者,艰难抉择,人物心理、转折高潮,情感、高潮,"九位宇宙之主在传承机遇与殒落危险间挣扎；金方之主、赤鹨之主、岩巨之主等帮手现身，九位候选者面临抉择；断东河开启地面幽深赤红通道，愿接受传承者下去；赤鹨之主、琉玖之主、岩巨之主、影埃之主、巫魉之主、金方之主、鹿虫之主依次进入，罗峰决意""赌上一切搏一次""携星辰塔最后进入。",九位宇宙之主全部决定接受传承挑战，踏上生死之路。
陨落的最强者,族类,设定展开、转折高潮,设定、高潮,"断东河以魔方仪器逐一筛选候选者，鹿虫之主、琉玖之主、影埃之主、巫魉之主、金方之主、罗峰通过，唳海之主、赤鹨之主、岩巨之主被淘汰；断东河对罗峰露出罕见笑容；淘汰原因揭晓为""非我族类""——骸族无资格继承断东河一脉传承；唳海之主、赤鹨之主、岩巨之主被迫离去，骸族决意将消息传播全宇宙海以搅乱局势。",魔方仪器筛选淘汰骸族等非族类，罗峰获断东河另眼相看。
陨落的最强者,陨落一位,悬念设置、情节推进,伏笔,"六位通过筛选者进入生死廊道，断东河命五人一起进入、罗峰单独进入；五位宇宙之主猜测断东河因罗峰修炼时间短而区别对待；骸族四位魔主得知消息后愤怒传播全宇宙海；罗峰在闸门外等待时，断东河宣布""死了一个，还剩四个""。",生死廊道筛选开始，首位宇宙之主殒落，骸族传播消息搅乱全局。
陨落的最强者,生死廊道,战斗描写、人物心理,情感、战斗,"断东河又宣布""死了一个，还剩三个""；岩巨之主因琉玖之主殒落而歇斯底里发狂；罗峰单独进入廊道，遭遇断东河留下的怪物""奎洛""，起初奎洛仅表现高等宇宙尊者水准被罗峰蹂躏，但实力随时间不断飙升，从二阶、三阶、四阶、五阶宇宙之主直至宇宙最强者层次，罗峰渐处下风。",罗峰单独迎战怪物奎洛，奎洛实力不断飙升成生死考验。
陨落的最强者,愈演愈烈,战斗描写、转折高潮,战斗、高潮,"罗峰施展弑吴羽翼与""金色的国度""束缚与奎洛近身厮杀，奎洛实力升至宇宙最强者层次仍不止，罗峰沦为沙袋被肆意蹂躏；奎洛突然安静躺下，断东河宣布罗峰通过；罗峰与存活的三位（鹿虫之主、影埃之主、巫魉之主）汇合，得知金方之主、琉玖之主殒落；罗峰向巨斧创始者等人类高层汇报断东河传承情况，巨斧吩咐罗峰继续去接受传承。",罗峰熬过怪物奎洛考验，向人类族群汇报传承讯息。
陨落的最强者,始祖,人物引入、设定展开,人物、设定,"东帝圣地宇宙始祖""东帝""现身（始祖树现五色光辉），下令北真星主护送20名宇宙之主、200名宇宙尊者、2000名不朽以最快速度赶往宇宙舟夺传承，东帝始祖直言""需要这份传承""；紫月始祖亦现身下令，派1500名不朽、150名尊者、15名宇宙之主赶去；神眼族七大真主派第二真主、第七真主两位率领20位宇宙之主、100位宇宙尊者前往，各方势力为之狂热。",两大圣地始祖亲自现身下令，全宇宙海势力狂热争夺传承。
陨落的最强者,犀皇局,设定展开、悬念设置,伏笔、设定,"鹿虫之主、影埃之主、巫魉之主、罗峰四人在廊道中见到左侧123座完整解局、右侧10080座残局的""犀皇局""立体虚影；断东河讲解犀皇局乃古老强者""犀皇""所创，是远古文明最流行游戏兼辅助修炼，考验悟性、提高悟性；解局达6000局可直接获得传承；四人在各族安排下获得万倍时间加速空间参悟（罗峰幽海分身在巨斧小型宇宙）。",犀皇局悟性考验正式展开，各方获得万倍时间加速参悟条件。
陨落的最强者,规则,悟道、设定展开,修炼、设定、爽点,罗峰在万倍时间加速下参悟三年多悟透犀皇局九大游戏规则（10081种基本元、能量永恒循环等），惊叹其玄妙；影埃之主、巫魉之主夫妻交流规则；外界天钟族影钟魔主率先抵达堵舱门，东帝圣地北真星主随后以四件至强至宝堵舱门阻拦紫月圣地等后来者。,罗峰悟透犀皇局九大规则，外界各方势力堵门争夺进入权。
陨落的最强者,恶毒,矛盾展现、转折高潮,冲突、高潮,"东帝圣地2000多名强者进入墓陵之舟；罗峰第一个将第124局完美解局；断东河当众宣布""最早来的四个，到现在才仅仅只有人类一个将第124残局给完美解局""，此话令神眼族、紫月圣地、东帝圣地三方八名宇宙之主同时出手攻击罗峰以阻止其参悟。",断东河公开罗峰领先地位，罗峰遭三方势力围攻。
陨落的最强者,灭杀,战斗描写、转折高潮,战斗、高潮,罗峰以疯魔灭神甲外扩化为兽神抵挡八名宇宙之主围攻；罗峰冲入不朽神灵群中，战斗波及导致两名不朽殒落；断东河石柱秘法一击灭杀东帝圣地化雾之主（实力媲美混沌城主），至宝被石柱收走，震慑全场；三方势力将不朽、尊者收入宫殿至宝，继续围攻罗峰。,断东河雷霆灭杀化雾之主震慑全场，围攻罗峰的势力有所收敛。
陨落的最强者,冰崖堡,矛盾展现、装备获取,冲突、奖励,"罗峰被围攻无法专心参悟，无奈祭出星辰塔躲入；风犴之主以巅峰极品镇封至宝试图镇封星辰塔失败；神眼族第七真主愿出至强至宝""冰崖堡""（有镇封之能，需宇宙最强者意志认主），东帝圣地皇岢之主认主后试图吞吸星辰塔。",罗峰被迫祭出星辰塔，神眼族出借冰崖堡试图镇封星辰塔。
陨落的最强者,咬牙切齿,人物心理、转折高潮,情感、高潮,罗峰急中将星辰塔底座卡住自身晶柱（断东河遗留坚不可摧），冰崖堡吞吸力量无法令晶柱断裂，镇封失败；三大势力发现星辰塔能禁绝灵魂攻击，只能以物质攻击骚扰；罗峰伪装星辰塔震颤，实则丝毫不受影响，将犀皇局模拟到虚拟宇宙中安心参悟。,罗峰巧用晶柱化解镇封危机，在星辰塔内安心参悟犀皇局。
陨落的最强者,原祖和断东河,设定揭示、情节推进,揭示、设定,罗峰在虚拟宇宙中参悟犀皇局，原祖（虚拟宇宙创造者，被永久镇压）暗中观察，惊叹罗峰参悟速度远超巨斧创始者，秘纹图流派与犀皇局相似是关键；外界各方势力大批涌入，第一轮回时代6名宇宙最强者、126名宇宙之主，生死廊道候选者逼近十万；罗峰研究近500年解局第999局，感应第1000局为瓶颈。,原祖暗中观察罗峰参悟，候选者总数逼近十万，罗峰临近第一瓶颈。
陨落的最强者,舍我其谁,转折高潮、人物心理,情感、高潮,罗峰解局第1000局达底线要求，断东河宣布并赐秘法光影宫殿守护，攻击者淘汰灭杀；罗峰挑衅各方势力；巨斧创始者、混沌城主等人类高层在虚拟宇宙恭喜罗峰，原祖暗中感叹人类命运转折；罗峰改变参悟方式，八成时间研究犀皇局、两成时间研究第九深渊秘法，彼此印照。,罗峰第一个达到犀皇局解局要求，获断东河秘法守护。
陨落的最强者,三千年,设定展开、情节推进,设定,"第二位达要求者为东帝圣地宇宙尊者""碧血""（准宇宙之主，意志达宇宙最强者层次），第三位为第二轮回时代虫族不朽""雪悠""，揭示不同实力层次要求不同（不朽瓶颈500局、尊者瓶颈1000局、宇宙之主瓶颈1500局、宇宙最强者瓶颈2000局）；近三千年后首位宇宙最强者餮布魔主达要求（解局2000局）。",不同实力层次瓶颈揭示，候选者陆续达到要求，首位宇宙最强者过关。
陨落的最强者,第二瓶颈,转折高潮、设定揭示,揭示、设定、高潮,达要求候选者渐多，断东河宣布罗峰突破第二瓶颈（第2000局，精英候选者），赐第二重晶柱红光宫殿；断东河划分候选者四层次——外围、精英、核心、传承者（直接获传承），解局6000局或突破第四瓶颈可直接成为传承者；罗峰悟出第三瓶颈应为第3000局、第四瓶颈为第4000局。,断东河揭示候选者四层次划分，罗峰突破第二瓶颈成为精英候选者。
陨落的最强者,意志！突破！,悟道、转折高潮,修炼、高潮、爽点,碧血尊者突破第二瓶颈，东帝始祖亲自见碧血并承诺不惜代价培养其成宇宙最强者乃至超脱轮回；罗峰魔杀族分身在黑纹石柱空间极限磨砺意志，突破至宇宙最强者层次（时间流速达12000倍），为认主白色羽翼奠定基础；罗峰研究犀皇局效率大增，开始破解第3000局。,罗峰意志突破至宇宙最强者层次，碧血尊者获东帝始祖承诺。
陨落的最强者,落幕,转折高潮、情感展现,情感、高潮,"第二轮回时代水颂之主突破第二瓶颈排第三；罗峰解局第3000局突破第三瓶颈（核心候选者），断东河亲自降临感慨""刚过一个纪元""突破第三瓶颈，宣布三个纪元内若罗峰突破第四瓶颈则其他候选者尽皆灭杀；三纪元期满，292位突破第一瓶颈、5位突破第二瓶颈、2位突破第三瓶颈（罗峰、碧血），其余近十万候选者被断东河瞬间灭杀；原祖暗中解局至6002局。",犀皇局筛选落幕，近十万候选者被灭杀，仅299位幸存进入传承空间。
陨落的最强者,尽皆要死,转折高潮、悬念设置,伏笔、高潮,"299位候选者进入传承空间殿厅，断东河询问七位宇宙最强者各自小型宇宙架构，逐一判定""普通之法""""平庸""等全部否定——宇宙最强者因小型宇宙架构不符合断东河要求无资格接受传承；断东河宣布神眼族一脉因""一位朋友的请求""尽皆没资格进入且尽皆要死。",七位宇宙最强者被取消资格，神眼族一脉面临全族灭杀。
陨落的最强者,至强至宝？可笑！,转折高潮、伏笔揭示,伏笔、揭示、高潮,"雷衣魔神（第二轮回时代独行宇宙最强者）现身，坦言自己是最先进入墓陵之舟者，诱导断东河传承事件以报复神眼族（神眼族七大真主曾联手围攻雷衣魔神与至交孔落，孔落被杀）；断东河以殿厅秘法束缚冰崖堡，将其拽入地面深渊；断东河嗤笑""至强至宝？可笑""，称在其家乡根本无至强至宝说法。",雷衣魔神复仇真相揭晓，断东河出手束缚冰崖堡拽入深渊。
陨落的最强者,冰崖堡的抵挡,转折高潮、设定揭示,揭示、设定、高潮,冰崖堡被拽入深渊后，三件宝物（冰崖堡、真神界、幻心珠）飞出归雷衣魔神，神眼族第二真主、第七真主及28位候选者全部殒落；断东河给候选者最后退出机会，数十位退出离开；罗峰感慨远古文明眼界之高，至强至宝在断东河家乡无此说法；剩余236位进入传承空间接触基础传承。,神眼族一脉全军覆没，雷衣魔神获三件宝物，236位候选者接触传承。
陨落的最强者,族群的希望,情感展现、情节推进,情感,墓陵之舟舱门关闭，退出者离去；雷衣魔神获各方结交；神眼族五大真主痛苦愤怒，第一真主压住报仇冲动专注超脱轮回；东帝、紫月、人类各方始祖分别鼓励己方候选者；巨斧创始者向罗峰讲述人类族群崛起历程与期望，罗峰郑重承诺竭尽全力；断东河展示传承空间入口——820道基础传承光门。,各方始祖鼓励候选者，罗峰承载人类族群希望进入基础传承。
陨落的最强者,刀之传承,装备获取、悟道,修炼、奖励、爽点,"820道基础传承分近战、远攻、炼制至宝、机械、杂类；罗峰凭秘纹图流派造诣选""刀之传承""，获360部历代强者刀之秘典借鉴（每部达宇宙最强者层次）与三座蕴含""法则之纹""的刀山参悟；断东河要求罗峰以秘典借鉴、观刀山，创造出一套达要求的刀法方可成为传承者。",罗峰选刀之传承，获360部秘典与三座刀山参悟，开始创刀法。
陨落的最强者,罗峰的刀法,悟道、装备获取,修炼、奖励、爽点,罗峰创出第一式《雾光虚空》（融合最强秘法，比《黑夜下的河流》更强），未达要求；又创第二式《金之宇宙》（穷极金空之道极限，10081道金色刀光融合，宇宙之主层次理论极限），仍未达要求；断东河要求须创宇宙最强者层次秘法；碧血尊者、鹿虫之主等亦困于此门槛。,罗峰创出《雾光虚空》《金之宇宙》两式刀法，均未达断东河要求。
陨落的最强者,新生,悟道、转折高潮,修炼、高潮、爽点,"巨斧创始者转述原祖指点——突破根源在三座刀山，""施展出的创造出的，却不一定是真正懂的""；罗峰双眼分别观一线法则之纹与三座刀山，彼此印照，不知不觉掌握木水火土四大法则秘法运用；罗峰创出第三式《涅槃新生》（一刀化为黑暗球体，金光裂开，达宇宙最强者层次），冰冷机械声音宣布""传承者决出""，其他候选者瞬间灵魂湮灭。",罗峰创出《涅槃新生》达宇宙最强者层次，决出为传承者，其余候选者全灭。
陨落的最强者,新任断东河,转折高潮、设定揭示,揭示、设定、高潮,"紫月始祖、东帝始祖分别察觉候选者殒落，猜测传承者是人类银河；罗峰向巨斧、混沌发邮件汇报成为传承者，原祖暗中欣慰""人类赢了""；断东河现身称罗峰可称其为师，带罗峰至传承空间最高之巅，展示第三代祖师""断东河·觉一·圣王""雕像（远古文明最巅峰存在），罗峰跪拜继承传承印记，成为第193任断东河（断东河·罗峰）。",罗峰跪拜三代祖师雕像继承传承印记，正式成为第193任断东河。
陨落的最强者,核心传承,设定揭示、装备获取,奖励、揭示、设定,罗峰起誓不外传核心传承（违誓灵魂湮灭，传承印记永随即使复活亦然）；断东河展示传承空间核心——池塘中3颗记忆之石（三代祖师三大绝学精华）、池塘底12002颗（历代传承者心血）、无尽海洋过亿颗（远古文明基础技艺）；罗峰神力包裹3颗记忆之石获核心传承三大绝学：《断灭》（爆发战斗）、《东华》（逃命）、《不死河》（不死）。,罗峰起誓并获断东河一脉核心传承三大绝学《断灭》《东华》《不死河》。
陨落的最强者,消逝的断东河,情感展现、设定揭示,情感、揭示、设定,"断东河告知罗峰三大绝学仅有真神（宇宙最强者）阶段前三卷可观看，更高层次受""原始宇宙意志""影响无法观看，唯有闯过轮回方能观看全部；断东河透露宇宙舟破碎与原始宇宙意志有关但无法明说；断东河将一颗记入所有嘱托与传承空间奥秘的记忆之石交给罗峰，随后主动消散，传承空间认主罗峰，第192任断东河永远消失。",断东河虚拟意识消散，传承空间认主罗峰，原始宇宙意志限制揭示。
陨落的最强者,这，就是传承空间,设定展开、情节推进,设定,罗峰读取断东河留下的记忆之石，了解传承空间全貌——类似小型宇宙，含超级图书馆（过亿记忆之石）、试炼战斗空间（282位虚拟对手）、创造秘法之地、培养兵器之地等；罗峰花费近30年纪下全部过亿颗记忆之石讯息，开始细读研究；罗峰虽仅宇宙尊者，已有资格指点宇宙之主甚至宇宙最强者。,罗峰全面掌握传承空间功能与远古文明基础，眼界远超宇宙最强者。
陨落的最强者,讲道,悟道、设定揭示,修炼、揭示、设定、爽点,"罗峰向巨斧创始者、混沌城主讲述断东河一脉传承受原始宇宙意志影响仅知至宇宙最强者极限；巨斧指出突破宇宙最强者层次达新层次则必定闯过轮回；罗峰向人类族群八位宇宙之主""讲道""——系统讲述从宇宙之主到宇宙最强者的两大类路径（从神力出发打破10081倍完美基因极限、从法则出发令神国突破瓶颈），原祖暗中聆听。",罗峰向人类族群宇宙之主系统讲道，揭示突破宇宙最强者两大路径。
陨落的最强者,人类的转折,悟道、设定揭示,修炼、揭示、设定、爽点,"罗峰讲述法则之路终极目标——金木水火土风雷电光线时间空间十大基础法则融合为""混沌法则""，原祖现身聆听并追问；罗峰称有远古文明指引人类族群可诞生数十乃至近百位宇宙最强者；罗峰讲述逾三个月（给巨斧讲述达十二年），原祖感叹罗峰将令人类族群发生第二次大转折；罗峰开始修炼《断灭》《东华》。",罗峰揭示混沌法则终极目标，原祖现身聆听，人类族群迎来第二次大转折。
陨落的最强者,宝藏空间,装备获取、设定展开,奖励、设定,"东帝始祖令北真星主率十名宇宙之主（个个配备至强至宝）在炎冰域守候抓捕罗峰；罗峰在传承空间""宝藏空间""面对322件历代断东河积累的""元胚""（未完全成型特殊宝物，可随使用者成长至远古文明最巅峰层次），规矩为仅取一件且需放回一件。",东帝圣地布下天罗地网抓捕罗峰，罗峰在宝藏空间选取元胚。
陨落的最强者,刀名血影,装备获取、情节推进,奖励,"罗峰在宝山选中一尊石刀刀胚，认主后缩小命名""血影刀""（与早年血影战刀同名），刀刃出鞘即令传承空间出现刀痕，威能凌驾至强至宝之上；罗峰将《涅槃新生》秘纹灌入为第一重秘纹；罗峰炼化墓陵之舟控制核心，将墓陵之舟、传承空间收入，出墓陵之舟现身炎冰域。",罗峰获血影刀元胚并炼化墓陵之舟，现身炎冰域准备突围。
陨落的最强者,挡住他！,战斗描写、转折高潮,战斗、高潮,北真星主率十名宇宙之主拦截罗峰，吞吸、撞击、束缚网、物质攻击、灵魂攻击等手段对断东河改造的墓陵之舟均无效；墓陵之舟浩浩荡荡高速前进无视一切至强至宝；紫月圣地与第一轮回时代各方势力亦出手围攻，神眼族五大真主化身异兽吞咬墓陵之舟被各方攻击崩解。,罗峰驾驭墓陵之舟无视各方至强至宝围攻，横冲直撞突围。
陨落的最强者,交易,矛盾展现、悬念设置,伏笔、冲突,各方宇宙最强者联手围攻墓陵之舟均无法撼动；神眼族五大真主与骸族互相破坏；北真星主代东帝始祖提出交易——以断东河一脉修炼经验传承换取东帝圣地至强至宝、隐秘传承、宇宙海秘辛；坐山客暗中观察墓陵之舟后悄然离去。,各方围攻无效，东帝始祖通过北真星主提出交易意向。
陨落的最强者,东帝始祖的提议,矛盾展现、人物心理,冲突、情感,"罗峰拒绝外泄核心传承（受传承印记誓言约束），东帝始祖转而索要""非断东河一脉的古老存在修炼经验传承""；罗峰谎称仅有三位古老存在修炼经验，狮子大开口索要十件至强至宝（宫殿类、念力兵器类、领域类、灵魂类各一件）及东帝圣地隐秘传承、宇宙海秘辛；东帝始祖答应但需验证真假。",罗峰与东帝始祖谈判，以传承经验换取十件至强至宝。
陨落的最强者,一言为定,转折高潮、情节推进,高潮,交易最终谈定——第一次两件至强至宝（含宫殿类）抵押换一颗记忆之石，第二次四件换一颗，第三次四件换一颗，交易地点在宇宙海编号00921号衰败残破小型宇宙，交易时间为罗峰安全回归原始宇宙后；罗峰驾墓陵之舟故意钻危险之地逼迫部分宇宙最强者放弃；神眼族五大真主放弃追击；罗峰向巨斧、混沌告知交易喜事。,罗峰与东帝圣地交易谈定十件至强至宝，各方放弃追击。
陨落的最强者,出发，倾峰界,情节推进、装备获取,奖励,巨斧创始者获宫殿类至强至宝（配合神斧可敌十位宇宙最强者），混沌城主获另一件（罗峰转赠，因断东河传承已备兵器血影刀）；罗峰驾星辰塔（变幻血色宝塔）前往倾峰界收白色羽翼，途中继续修炼《断灭》《东华》第一卷；近千年后罗峰出宇宙舟，瞬移前往倾峰界。,至强至宝分配定下，罗峰出发前往倾峰界收复白色羽翼。
陨落的最强者,收复白色羽翼,装备获取、转折高潮,奖励、高潮,"罗峰由金角巨兽分身携星辰塔进入倾峰界羽翼空间（地球人本尊与弑吴羽翼留墓陵之舟防白色羽翼之灵发狂）；金角巨兽伪装激动骗取白色羽翼之灵信任，以宇宙最强者意志+宇宙尊者身份成功认主；离开倾峰界后与地球人本尊汇合，白色羽翼与弑吴羽翼融合为完整六翼，白色羽翼之灵湮灭，弑吴之灵存活；六翼威能惊人，不用""源""即媲美至强至宝。",金角巨兽分身成功收复白色羽翼，弑吴羽翼融合为完整六翼。
陨落的最强者,神血,装备获取、设定展开,奖励、设定,"罗峰计划将""源""中前任主人能量作为杀手锏保留；弑吴羽翼告知白色羽翼上有三处神血血迹，其中一处已被驱逐形成一滴""神血""（远古文明超级存在之血，令完整弑吴羽翼破损级别的存在）；罗峰将神血逼入星辰塔承载，计划交坐山客炼制灵魂攻击宝物；金角巨兽分身携弑吴羽翼前往宇宙舟取桀梵子遗留宝物，地球人本尊携血影刀、墓陵之舟回归原始宇宙；人类族群19位宇宙之主及巨斧创始者庆贺罗峰安全归来。",罗峰发现并逼出神血，两大分身分头行动，罗峰安全回归原始宇宙。
陨落的最强者,不要来（本篇终章）,转折高潮、悬念设置,伏笔、高潮,"人类族群启动""崛起宇宙海""计划，由罗峰主导，在混沌城、虚拟宇宙两大培养地系统培养族群强者，目标是诞生数百近千位宇宙之主、数十乃至近百位宇宙最强者，称霸宇宙海；巨斧创始者在倾峰界核心之地遭遇布局陷阱（上次垣奥之主一役泄露的地图为假），陷入凶名赫赫的""昏暗之地""（从未有强者逃出），紧急召集19位宇宙之主宣布消息定为最高机密；巨斧小型宇宙崩解，巨斧创始者殒落，人类族群失去唯一宇宙最强者坐镇，全篇以这一噩耗收束。",人类启动崛起计划之际，巨斧创始者陷入昏暗之地殒落，人类族群天塌。
烽火边疆,人类,环境铺陈、转折高潮,设定、高潮,巨斧小型宇宙开始崩溃，天地裂缝、空间崩塌，洪等宇宙尊者、封王不朽紧急抢救重要精英；洪发现老师巨斧创始者的求救信物变为无主，确认巨斧殒落。虚金之主、岚藏之主、祖树尊者抢救幸存者。虚拟宇宙巨斧神殿会议，混沌城主宣告巨斧殒落、人类被迫进入更加艰险的时代，强调查凶报仇需暂时搁置。,巨斧创始者殒落，人类族群失去唯一宇宙最强者，进入危机时代。
烽火边疆,分头行动,情节推进、设定展开,设定,宇宙之主会议定下方针：保存族群种子，将1008宇宙国所有宇宙级、域主、界主及不朽神灵、宇宙尊者集中至初始宇宙。罗峰宣布将与东帝圣地进行交易，将令人类得到两件至强至宝（含一件宫殿类），提振士气。罗峰令罗海、罗平带走罗家核心成员及地球一脉万亿人类作种子，本尊赴宇宙海交易。,人类备战方针确立，罗峰赴宇宙海与东帝圣地交易两件至强至宝。
烽火边疆,黑狱和延钧,情节推进、装备获取,奖励,罗峰驾墓陵之舟至残破小型宇宙，与北真星主完成第一次交易，获黑狱塔（宫殿类至强至宝）、延钧棍（攻击类至强至宝，可延伸成甲媲美疯魔灭神甲）。认主条件说明：黑狱塔需宇宙最强者意志，延钧棍需宇宙之主巅峰意志。回初始宇宙向混沌城主汇报，讨论分配。,罗峰完成第一次交易，获黑狱塔、延钧棍两件至强至宝。
烽火边疆,至宝的最终分配,设定展开、转折高潮,设定、高潮,金角巨兽分身召回汇合，罗峰本尊、分身可同时出战。原祖现身决定至宝分配：黑暗之主取黑狱塔、彭工之主取延钧棍、混沌城主坐镇原始秘境不轻易出手。原祖点明人类将遭整个原始宇宙各股势力或明或暗攻击，需警惕被封印。东帝始祖阅读记忆之石。,原祖现身决定至宝分配方案，人类三路出战格局确立。
烽火边疆,巨斧？陨落？,矛盾展现、悬念设置,伏笔、冲突,东帝始祖不满记忆之石修炼经验不及己身层次，索要第二颗被罗峰拒绝（坚持四件至强至宝换一颗），交易僵持。巴狮之主（狱族宇宙之主）路过发现巨斧小型宇宙表面出现裂缝空洞，确认巨斧殒落。,东帝圣地交易僵持；巴狮之主发现巨斧殒落消息即将外泄。
烽火边疆,联合,人物引入、矛盾展现,人物、冲突,巴狮之主化身回禀狱族魔祖；魔祖撞入巨斧小型宇宙确认殒落，暗中推波助澜散播消息给妖族、虫族、机械族。三族宇宙最强者（梦妖祖、虫族女皇、机械族父神代表）会面，决定联合行动，趁人类还没宇宙最强者一举灭杀最强几个。,魔祖散播巨斧殒落消息，妖虫机三族决定联合出征人类。
烽火边疆,战争来临！,设定展开、情节推进,设定,三族各自出征：妖族梦妖祖率12名宇宙之主，虫族女皇率6名母皇（战巢内群战），机械族父神出征。混沌城主揭示原祖虚拟宇宙覆盖整个原始宇宙可作战场监控，可判断宇宙最强者行动区域。人类组三支队伍（各配4名宇宙之主），罗峰申请雪沙海、黑暗之主申请幻术至宝；金角巨兽分身战力保密作机动。,三族出征；原祖虚拟宇宙监控战场；人类三支队伍迎战。
烽火边疆,独行最强者们,环境铺陈、悬念设置,伏笔、设定,罗峰队（冰峰之主、龙行之主、荒鉴之主三大分身、幽侯之主）商议，担忧独行最强者介入（坐山客、始化岛主、黑宙创始者、虚真魔神、妖兽始祖等个个有至强至宝）。混沌城主令三队联合伏击三族中一支，神国传送至目标120光年处，瞬移出现，判定目标为妖族梦妖祖队。,人类三队联合伏击妖族梦妖祖队，独行最强者威胁浮现。
烽火边疆,战梦妖祖,战斗描写、转折高潮,战斗、高潮,"梦妖祖变大身躯（一光年）发时空浪潮冲击；彭工持延钧棍迎战；黑暗亮出黑狱塔（三光年金字塔）压制；妖族12宇宙之主现身集火彭工；黑暗施""黑暗沉沦""、罗峰施金色国度+雪沙海束缚削弱12宇宙之主；墓陵之舟冲向12宇宙之主。",人类三队联手伏击妖族，亮出黑狱塔、延钧棍两件至强至宝。
烽火边疆,杀彭工,战斗描写、矛盾爆发,冲突、战斗,12妖族宇宙之主受黑暗沉沦+领域束缚仅余三成战力，躲入舰船求救；梦妖祖缩小超光速夺回主动权，集火彭工之主，12宇宙之主联手攻击威能超宇宙最强者，彭工之主面临被镇压封印危机。（章末有小说网站广告干扰文字，忽略）,梦妖祖夺回战场主动权，彭工之主陷入被镇压封印危机。
烽火边疆,爆发,转折高潮、人物心理,情感、高潮,彭工之主被逼入暗宇宙，罗峰、黑暗之主跟随进入。人类阵营此前一直在示弱以了解宇宙最强者实力，现已明白其难缠之处（辅助手段不受压制）。三支队伍在暗宇宙靠拢，决定全力反攻打残妖族。黑狱塔塔尖变白撞击梦妖祖，延钧棍竖劈，人类宇宙之主集体施展绝学。,人类阵营结束示弱，在暗宇宙全力反攻妖族。
烽火边疆,血影刀，出鞘！,战斗描写、转折高潮,战斗、高潮,血影刀第一次出鞘，施《涅槃新生》形成黑暗微型宇宙笼罩妖族12宇宙之主，一刀斩杀1名（柩虫之主）、重创3名。妖族躲入舰船。震妖祖化身赶来救援。罗峰再度挥刀，黑暗之主操控黑狱塔吞吸，捕获天狼之主、墨笏之主两名无分身的宇宙之主。,血影刀首次出鞘斩杀妖族宇宙之主，黑狱塔捕获两名宇宙之主。
烽火边疆,六阶顶尖,设定展开、人物心理,情感、设定,天狼之主、墨笏之主被关押进黑狱塔无法逃脱。人类阵营三个六阶顶尖战力（罗峰凭《涅槃新生》、黑暗凭黑狱塔、彭工凭延钧棍）均感到原始宇宙六阶顶尖限制的阻碍。罗峰挡住梦妖祖，彭工、黑暗继续对付妖族宇宙之主。震妖祖从灭禁之主的宫殿至宝中缓缓爬出。,六阶顶尖限制设定揭示；震妖祖现身救援妖族。
烽火边疆,撤退,转折高潮、矛盾收束,冲突、高潮,"震妖祖出现令妖族宇宙之主躲入宫殿至宝恢复。震妖祖施""碎域锥""（至强至宝），梦妖祖施青色长梭，联手攻击。人类阵营一度吃力，冰峰之主受伤。罗峰提出用墓陵之舟收尾，黑暗之主、彭工之主配合。人类宇宙之主躲入黑狱塔，三支队伍撤退。",震妖祖、梦妖祖联手反攻，人类阵营暂时撤退准备收尾。
烽火边疆,妖族之伤,战斗描写、转折高潮,战斗、高潮,梦妖祖、震妖祖追击，妖族9名恢复的宇宙之主联合攻击。黑狱塔与女皇宫对峙吞吸。墓陵之舟飞过时舱门开启释放神血意志冲击，令6名妖族宇宙之主失去意识被吞吸（3名有分身自爆逃脱）。妖族共损失6位宇宙之主。震妖祖、梦妖祖愤怒攻击墓陵之舟无效。,墓陵之舟+神血意志冲击捕获6名妖族宇宙之主，妖族损失半数。
烽火边疆,罗峰收尾,人物心理、情节推进,情感,墓陵之舟内人类阵营欢腾。罗峰向众宇宙之主展示神血意志冲击宝物（宇宙之主极限意志才能靠近）。众宇宙之主神国传送离开，罗峰留下操控墓陵之舟及收尾。混沌城主令散播此战消息震慑各方。罗峰现身与震妖祖、梦妖祖谈判。,人类第一战大胜，罗峰准备与妖族谈判。
烽火边疆,谈判破裂,矛盾展现、转折高潮,冲突、高潮,罗峰提出一纪元内妖族不参战即归还5名宇宙之主，被震妖祖、梦妖祖拒绝（为超脱轮回机会放弃5名宇宙之主性命）。人类散播战果消息震慑各方。三族再次交流情报，梦妖祖隐瞒意志冲击宝物之事。巨斧殒落消息及妖族战败消息传遍原始宇宙。,妖族拒绝谈判条件，人类散播战果震慑各方势力。
烽火边疆,各族反应,环境铺陈、人物引入,人物、设定,狱族魔祖、狱王（特殊生命，五阶顶尖战力，近乎坚不可摧）得知消息准备观战。晶族圣主决定参战。九域联盟焱帝主张参战被绝烽劝阻。缥峰联盟决定投靠人类。各方次一等势力因第一战战果生出不同心思。,原始宇宙各族势力对人类战果反应不一，阵营逐渐分化。
烽火边疆,战争前的宁静,环境铺陈、悬念设置,伏笔、设定,三族拉拢附庸族群（四条件：聚集一起、善待殒落者族群、给成宇宙最强者经验、将来圣地宇宙留一成空间）。始化岛主（紫袍身影）降临人类疆域观察，推测第一战在虚拟宇宙大本营，第二战在原始秘境。罗峰、黑暗之主、彭工之主商议，投靠宇宙之主达92位。坐山客联系罗峰。,三族拉拢附庸族群；始化岛主现身人类疆域；坐山客联系罗峰。
烽火边疆,宇宙最强者极限,人物引入、装备获取,人物、奖励,罗峰赴地球见坐山客。坐山客拒绝加入人类阵营，但承诺帮罗峰用神血炼制意志冲击至宝（承诺每杀一名宇宙之主炼制一件）。坐山客取神血入青色山峰，三天炼制。坐山客表示断东河传承对己无用（只差超脱轮回那一步），提醒罗峰警惕独行最强者及老兽神、三大祖神。,坐山客为罗峰炼制神血意志冲击至宝，拒绝参战但提醒警惕。
烽火边疆,三族联军,情节推进、设定展开,设定,"罗峰认主至宝命名""古神眼""（意志冲击可横扫宇宙最强者意志以下所有强者），回原始秘境告知混沌城主。三族联军汇合：4名宇宙最强者、112名宇宙之主（80名在女皇宫内，妖族、机械族各保护16名）。机械族父神单独对付黑暗之主和彭工之主，虫族女皇对付罗峰。",古神眼命名；三族联军112名宇宙之主出征，分工明确。
烽火边疆,为了族群,环境铺陈、人物心理,情感、设定,人类阵营91名宇宙之主（含70名投靠异族）躲入黑狱塔，黑暗之主统领。罗峰、彭工之主在墓陵之舟内。三族联军与人类阵营在虚拟宇宙大本营附近星空对峙。异族宇宙之主为族群未来拼死参战。,人类阵营91名宇宙之主备战，两军对峙。
烽火边疆,机械流,战斗描写、设定展开,战斗、设定,罗峰、彭工之主挑衅激怒机械族父神。机械族父神释放10081座机械傀儡（群海战术，属远古文明机械流低端手段）围困罗峰、彭工之主。人类阵营进入暗宇宙。傀儡军团5000尊合击未达六阶顶尖（原始宇宙压制），罗峰、彭工之主初步抵挡。,机械族父神释放万座傀儡军团围困罗峰、彭工之主。
烽火边疆,无可阻挡,战斗描写、转折高潮,战斗、高潮,上万傀儡困住罗峰、彭工之主。三族联军120余尊神体联合攻击威能近八阶，人类阵营能量领域被压缩。罗峰、彭工之主躲入墓陵之舟。黑狱塔与女皇宫两件至强至宝宫殿对峙吞吸，彼此奈何不了谁。四大宇宙最强者联手令攻击超越八阶。,三族联军联合攻击压制人类阵营，两件至强至宝宫殿对峙。
烽火边疆,惨烈,战斗描写、矛盾爆发,冲突、战斗,双方200余尊神体火拼，威能达近八阶。人类阵营100尊神体防御吃力。四大宇宙最强者联手令三族联军威能升至超160尊神体（超八阶），人类阵营能量领域被压缩至十分之一。黑暗之主焦急传音催促反攻。罗峰下令反攻。,人类阵营被压制，罗峰下令反攻。
烽火边疆,古神眼,转折高潮、装备获取,奖励、高潮,远处观战的独行最强者们（坐山客、始化岛主、北疆盟主、老兽神、厄宙、虚真魔神等）讨论战局。罗峰操控墓陵之舟舱门处的古神眼扫荡女皇宫80名宇宙之主，意志冲击令77位倒下（仅3位宇宙最强者意志层次者清醒）。三族联军威能骤降至约80尊神体，人类阵营反超。,古神眼首次参战扫荡女皇宫，战局逆转。
烽火边疆,噩梦,战斗描写、转折高潮,战斗、高潮,"三族联军震惊于意志冲击宝物威能超上次。虫族女皇令三位清醒者取宫殿至宝保护其他宇宙之主。人类阵营攻击降临，22尊神体瞬间湮灭（18名宇宙之主，12名殒落）。罗峰施""三号计划""，金角巨兽分身首次显现施展《断灭》。星辰塔第一次真正显现，吞吸妖族舰船。",三族联军损失12名宇宙之主；星辰塔首次显现吞吸妖族舰船。
烽火边疆,三族败,转折高潮、矛盾收束,冲突、高潮,星辰塔底座神血冲击令妖族舰船16名宇宙之主仅1位清醒，舰船被吞吸。三族联军一败涂地。远处观战的独行最强者们震惊离去。震妖祖、梦妖祖、机械族父神、虫族女皇愤怒无奈。罗峰托星辰塔质问是否再战，三族联军离去。,三族联军大败，星辰塔吞吸妖族舰船16名宇宙之主。
烽火边疆,练练手,人物心理、情节推进,情感,"罗峰提出一纪元不参战换俘虏，被三族拒绝（超脱轮回机会更重要）。人类阵营庆功。罗峰决定进星辰塔劝降12名异族宇宙之主离间三族联盟，并亲手击杀4名三族本族宇宙之主""练练手""（满足坐山客炼制第二件至宝的条件）。",三族再次拒绝谈判；罗峰计划离间联盟并击杀宇宙之主。
烽火边疆,会盟,环境铺陈、人物引入,人物、设定,六大势力（妖族、虫族、机械族、狱族、晶族、北疆联盟）在血牙星会盟。机械族父神指出人类得传承后将来会如神眼族三倍可怕，各方统一意见联合。北疆联盟星河之主、黑莲之主、旒岚星主三大派系代表参加。六方决定拉拢一切势力对付人类。,六大势力会盟组成联军阵营，决定拉拢各方势力。
烽火边疆,暗流汹涌,情节推进、人物心理,情感,机械族衡弦之主说服炎雅之主（三山联盟）加入联军阵营。双方拼命拉拢闲散族群。罗峰赴坐山客处请其炼制第二件古神眼。坐山客告知老兽神（星空始祖）要见罗峰，但自己不掺和阵营之战。,双方拉拢闲散族群；坐山客为罗峰炼制第二件古神眼。
烽火边疆,祖神,人物引入、设定揭示,人物、揭示、设定,星空始祖（老兽神）真身见罗峰，提出条件：宇宙之主突破宇宙最强者的传承指引+修炼到宇宙最强者极限的指引，星空巨兽联盟与祖神教同进同退加入人类阵营。罗峰表示需回去商量。混沌城主揭示祖神教三位祖神实为宇宙之主（非宇宙最强者），言出法随乃原始宇宙本源赐予特权。,星空始祖提条件；祖神教三位祖神实为宇宙之主身份揭示。
烽火边疆,紧迫,情节推进、悬念设置,伏笔,混沌城主决定联系祖神教单独说服（最高给突破宇宙最强者指引），对星空巨兽联盟等待。罗峰担当使者说服小势力。东帝始祖再次联系罗峰索要第二颗记忆之石，被罗峰坚持四件至强至宝拒绝。混沌城主急召所有宇宙之主。,人类拉拢策略分化；混沌城主紧急召集所有宇宙之主。
烽火边疆,大变局,转折高潮、环境铺陈,设定、高潮,"混沌城主宣布：282个强大族群、近万普通族群组成""自由联盟""，盟主为始化岛主，宇宙之主超400位，为原始宇宙第一大势力。人类阵营宇宙之主从180位降至162位（部分脱离加入自由联盟）。宇宙海各大势力也趁人类困境索要传承。联军阵营同样措手不及。",始化岛主建立自由联盟成为原始宇宙第一大势力，局势大变。
烽火边疆,原祖所留,设定揭示、伏笔深化,伏笔、揭示、设定,自由联盟正式公开，298强大族群、433名宇宙之主。自由联盟向人类提出条件：给极限传承则加入人类阵营，否则加入联军阵营。人类阵营愤怒。混沌城主宣布人类最后的秘密：原祖留下的镇族手段，带众宇宙之主进墓陵之舟观看。,自由联盟提条件；混沌城主揭示原祖留下的镇族之宝。
烽火边疆,人类镇族之宝,设定揭示、装备获取,奖励、揭示、设定,"混沌城主展示原祖所留""掌上宇宙""（机械流宝物，由36200个部件构成山脉、湖水、木屋三大系统，影响范围1光年，可同时施展两次六阶顶尖攻击，需两大分身操控）。罗峰观看掌上宇宙蕴含的宇宙运行之道，灵光闪现，突破瓶颈。","原祖所留""掌上宇宙""镇族之宝揭示；罗峰感悟突破瓶颈。"
烽火边疆,突破，宇宙之主！,悟道、转折高潮,修炼、高潮、爽点,罗峰突破宇宙之主，原始宇宙本源法则降临神国，黑白色漩涡通道倾泻神力。无尽幽海转化约15%为万倍宇宙之主级神力。地球人本尊、金角巨兽分身、魔杀族分身神力均飙升百倍。魔杀族分身基因提至3000多倍。四大分身均达六阶顶尖战力。,罗峰突破宇宙之主，四大分身均达六阶顶尖战力。
烽火边疆,人类的答复,情节推进、人物心理,情感,罗峰向混沌城主提出疯狂计划（以无尽幽海抵挡联军阵营攻击），经试验确认可行。人类答复自由联盟、祖神教、星空巨兽联盟、独行最强者们：仅愿给予宇宙之主突破宇宙最强者的传承指引，拒绝交出极限传承。祖神教答应加入人类阵营。,人类强硬答复各方仅给突破指引；祖神教加入人类阵营。
烽火边疆,布局,情节推进、伏笔埋设,伏笔,自由联盟内部争议半月未决。星空始祖愤怒人类不交极限传承，决定等待人类陷入绝境再出手。罗峰开始将无尽幽海通过神国通道转移至原始秘境星辰塔内（因星辰塔承载幽海后无法神国传送，只能建百万通道让海水流淌，耗费三天）。,罗峰将无尽幽海转移至星辰塔内布局最终决战。
烽火边疆,阵营之分,环境铺陈、情节推进,设定,祖神教加入人类阵营。黑宙创始者、北疆盟主、厄宙、虚真魔神加入联军阵营。坐山客、妖兽始祖等少数未表态。星空巨兽联盟使者威胁将加入联军。自由联盟内部分歧严重。混沌城主令罗峰赴地球见始化岛主（单独谈判）。,各方阵营逐渐分明，始化岛主单独找罗峰谈判。
烽火边疆,自由联盟的最终抉择,转折高潮、人物心理,情感、高潮,始化岛主在地球罗家老宅见罗峰，提出私下交易：人类将修炼到极限的传承仅给他一人，他则引导自由联盟加入人类阵营。罗峰、混沌城主、黑暗之主、彭工之主商议后同意（战前给三分之一，战后给三分之二）。始化岛主半月后促成自由联盟统一想法加入人类阵营。,始化岛主私下交易，自由联盟决定加入人类阵营。
烽火边疆,突然爆发,转折高潮、矛盾爆发,冲突、高潮,联军阵营11位宇宙最强者在血牙星得知自由联盟加入人类阵营，决定立即偷袭原始秘境（趁自由联盟未与人类汇合）。星空始祖外泄坐山客与罗峰师徒关系。联军阵营11座宫殿至宝（11位最强者各率约40名宇宙之主）神国传送出发。混沌城主原祖察觉，急令集合迎战。,联军阵营偷袭原始秘境；坐山客与罗峰师徒关系外泄。
烽火边疆,偷袭,战斗描写、转折高潮,战斗、高潮,联军阵营11座宫殿至宝抵达原始秘境，发现人类已躲入星辰塔、墓陵之舟。黑狱塔139名宇宙之主集体施展灵魂攻击偷袭狱族魔祖分队，杀死1名宇宙之主。联军阵营11座宫殿至宝集体攻击黑狱塔，黑狱塔撤回星辰塔。人类阵营等待自由联盟到来。,人类阵营偷袭狱族分队；联军阵营围攻星辰塔无果。
烽火边疆,谁泄密的？,悬念设置、情节推进,伏笔,自由联盟得知联军偷袭人类，愤怒质问谁泄密（实为紫月圣地计划之一）。自由联盟六座宫殿至宝赶到。自由联盟要求人类先给予部分传承讯息验证后才出手。祖神教祖神坛也赶到，部分宇宙之主（分身）进入星辰塔。联军阵营等待自由联盟抉择。,自由联盟、祖神教赶到；自由联盟要求先验传承讯息。
烽火边疆,光行之主,转折高潮、悬念设置,伏笔、高潮,混沌城主透过虚拟宇宙向自由联盟400多位宇宙之主发送传承讯息。自由联盟观看后，光行之主（被紫月圣地推举）取代始化岛主成为代表，声称传承讯息不满意，要求更详细。祖神教分身进入星辰塔（实为拖延表现诚意）。,光行之主取代始化岛主，自由联盟要求更多传承讯息。
烽火边疆,人类危局,转折高潮、伏笔深化,伏笔、高潮,自由联盟拒绝人类条件，在光行之主带领下准备加入联军阵营。始化岛主告知罗峰：紫月圣地给予自由联盟十倍详细传承，要对付罗峰。人类阵营陷入绝对危局。始化岛主中立离去。,自由联盟倒戈加入联军阵营；紫月圣地暗中针对罗峰。
烽火边疆,血战，罗峰的疯狂！（上）,战斗描写、人物心理,情感、战斗,联军阵营800多名宇宙之主、10多位最强者包围星辰塔，逼迫人类交出传承。祖神教躲入祖神坛防御。罗峰决定执行疯狂计划，操控星辰塔猛地变大撞击17座宫殿至宝。,联军阵营800多名宇宙之主包围星辰塔，罗峰启动疯狂计划。
烽火边疆,血战，罗峰的疯狂！（中）,战斗描写、转折高潮,战斗、高潮,星辰塔变大，无尽幽海从九个侧门涌出淹没17座宫殿至宝。北疆盟主施栖曲星光湖。联军阵营集体施展虚化神力（灵魂）攻击，约1000尊宇宙之主级神体合击达十阶层次（等同原祖级威能），意图灭杀罗峰。,罗峰释放无尽幽海淹没联军；联军集体灵魂攻击达十阶层次。
烽火边疆,血战，罗峰的疯狂！（下）,战斗描写、转折高潮,战斗、高潮,罗峰凭无尽幽海+《断灭》燃烧神力+星辰塔镇守灵魂，挡住十阶层次灵魂攻击而毫发无伤（发现星辰塔镇守灵魂效果超乎寻常）。人类阵营欢呼若狂，祖神教改变策略准备出手。联军阵营惊惧，意识到罗峰无法被杀死。,罗峰独自抵挡十阶灵魂攻击毫发无伤，战局根本逆转。
烽火边疆,捕获,战斗描写、转折高潮,战斗、高潮,罗峰以古神眼+黑狱塔配合捕获梦妖祖队宫殿至宝（梦妖祖收起宇宙之主逃脱）。北疆盟主令各队宇宙最强者收起宇宙之主。自由联盟五支无最强者的分队恐慌。罗峰、黑暗之主、魔杀族分身分两路抓捕。,人类阵营开始逐个捕获宫殿至宝，联军阵营陷入被动。
烽火边疆,实力骤增,战斗描写、爽点设置,战斗、爽点,黑暗之主黑狱塔捕获自由联盟一队72名宇宙之主（古神眼扫倒65位）。被捕获的宇宙之主投靠人类阵营。北疆盟主意念传递警告各队。联军阵营意识到若人类捕获300多位宇宙之主将永无压制机会，急令撤退。,黑狱塔一次性捕获72名宇宙之主，联军阵营急令撤退。
烽火边疆,垂死挣扎,战斗描写、转折高潮,战斗、高潮,联军阵营12位最强者显现本尊疯狂变大逃离无尽幽海。混沌城主施展掌上宇宙压制（青色天空、灰色大地、木屋光芒笼罩一光年），栖曲星光湖被湮灭。自由联盟分兵逃散。罗峰、黑暗之主、魔杀族分身竭力捕获。始化岛主、虫族女皇各自收走部分宫殿至宝。,混沌城主施展掌上宇宙压制联军；双方竭力争夺宇宙之主。
烽火边疆,尘埃落定,矛盾收束、转折高潮,冲突、高潮,人类阵营共捕获208名宇宙之主。虫族女皇操控女皇宫（数光年高）带11位最强者逃离无尽幽海。联军阵营败退。人类阵营欢腾，经此一战人类地位谁也无法撼动。,人类阵营捕获208名宇宙之主，联军阵营败退。
烽火边疆,平静下的暗流（本篇终章）,伏笔埋设、悬念设置,伏笔,"联军阵营离去，虫族女皇提议形成松散联盟应对人类未来威胁。人类庆功，混沌城主宣布人类进入""强盛时代""，点明巨斧殒落三大蹊跷待追查。安排虏获的208名宇宙之主编入鸿盟（初始宇宙修炼、十分之一时间自由、族群驻守宇宙尊者、逐渐共享传承、宇宙海互助）。东帝始祖对人类获胜不满。紫月始祖将修炼到宇宙最强者的传承传授联军各族以遏制人类，并令关注罗峰一切动静。",人类确立原始宇宙霸主地位；紫月始祖暗中布局遏制人类，全篇最大悬念埋下。
它的到来,呼延博,转折高潮、情感展现,情感、高潮,"最高层战争结束后，罗峰返回陨墨星，以宇宙之主之能逆转时空，将当年殒落的呼延博及其九大灵魂仆从连同陨墨星号飞船一同复活带回现世。巴巴塔与呼延博重逢激动不已，呼延博等对罗峰已成人族最巅峰存在诚惶诚恐，罗峰以""呼延博老师""相称，感恩其传承指引之恩。",罗峰逆转时空复活恩师呼延博，报答传承之恩。
它的到来,祖神召唤,悬念设置、伏笔埋设,伏笔,"罗峰告别呼延博后回银河系老巢，改造周围时空形成独立时空，在墓陵之舟传承空间开始成为宇宙之主后的首次真正潜修，万倍时间加速参悟星辰塔。数百年后接到祖神教令牌，三位祖神召唤其前往祖神秘境紫荆岛，称有""人类重要事情""告知，罗峰虽疑仍前往。",祖神教召唤罗峰，预告重大讯息传递。
它的到来,阴谋者,设定揭示、转折高潮,揭示、设定、高潮,罗峰在紫荆岛隔壁居所见双面祖神，双面祖神以冰火果酒美食款待，随后透露讯息源自原始宇宙本源意志：巨斧创始者殒落实为宇宙海中强者暗中算计的阴谋，背后三位凶手皆为第一轮回时代——浩雷星主（雷暴星生命体最强者）、震迦王（火源族生命体之王）、虬岩祖神（第一轮回时代祖神之一）。罗峰掀起滔天杀机但隐忍演戏。,巨斧殒落的三位凶手身份揭晓，原始宇宙本源意志借祖神教传讯。
它的到来,罗峰的最强路,人物心理、设定展开,情感、设定,罗峰推测原始宇宙本源意志虽超然却无法直接动手，仅能遵循规则借人类之手，对其忌惮大减。罗峰回原始秘境将凶手名单告知混沌城主，老师悲痛震怒但强压情绪。罗峰汇报数百年修炼成果及星辰塔收获，并确定走神力路线——以力破法突破真神，方能完全吸收无尽幽海神力，因法则路线会令九成九神力浪费。,罗峰确定走神力路线冲真神，并告知混沌城主凶手名单。
它的到来,神体三层次,设定展开、悟道,修炼、设定、爽点,"罗峰详述神力路线三个层次：3万-6万倍基因为第一层次（神体暴涨十倍），6万-9万倍为第二层次（暴涨千倍），9万倍至无限趋近十万倍为第三层次（大小随心、无限神体）。罗峰目标第三层次，凭断东河传承、传承空间万倍加速、无尽幽海天赋秘法""创造""三大优势冲刺，但历代断东河仅两位成功，罗峰仅敢称""有希望""。决定前往宇宙海搜集奇物与生灵研究生命基因根本。",神力路线三层次设定展开，罗峰决意赴宇宙海研究生命基因。
它的到来,罗峰降临,环境铺陈、转折高潮,设定、高潮,罗峰驾星辰塔光明正大进入宇宙舟，消息一日传遍三大轮回时代与两大圣地，各方宇宙之主纷纷下令避让。罗峰进宇宙舟四百年未出手，各方渐安。期间悟透星辰塔第五重秘纹（八阶威能，施《断灭》达九阶），星辰塔秘纹威能划分异常——第四重七阶顶尖、第五重八阶、第六重八阶顶尖、第七重九阶、第八重九阶顶尖、第九重十阶。罗峰抵旋泽海礁石区域，从十三名等候至宝出世的宇宙之主中锁定雷暴星一族的雷梭之主。,罗峰驾星辰塔降临宇宙舟，锁定雷梭之主开启报仇布局。
它的到来,抓了等你,矛盾爆发、悬念设置,伏笔、冲突,"罗峰以星辰塔吞吸抓走雷梭之主，雷梭之主搬出浩雷星主名号威胁，罗峰冷然宣称""我就是和他为敌""。罗峰令十一名宇宙之主传开消息：在旋泽海静等浩雷星主十年，十年内不现身便杀雷梭之主。消息震动宇宙海，浩雷星主在倾峰界万重浪水域与震迦王、虬岩祖神商议后决定赴约。紫月圣地新晋宇宙之主霈行之主突破五阶获准离开圣地宇宙，雄心万丈进入宇宙海。",罗峰抓雷梭之主公开挑衅浩雷星主，霈行之主登场进入宇宙海。
它的到来,霈行之主的羽翼,人物引入、设定展开,人物、设定,"霈行之主在倾峰界内域以五色法则束缚秘法（金木水火土五条彩虹光柱）压制八墟之主，展现五阶战力。其黑色四翼原为顶级至宝极品""五色云翼""，经其潜心研究十二轮回时代创出束缚类最强秘法。鸿盟情报网将新晋宇宙之主讯息整理报混沌城主，混沌城主转发全鸿盟。浩雷星主出倾峰界全速赶往宇宙舟。罗峰在旋泽海礁石又抓紫月圣地紫濮之主，宣称紫月圣地宇宙之主见一个抓一个。",霈行之主羽翼至宝设定展开，罗峰再抓紫濮之主与紫月圣地正面对抗。
它的到来,紫月圣地的格杀令,矛盾展现、转折高潮,冲突、高潮,紫濮之主分身回紫月圣地禀报，紫月始祖推测罗峰得传承后突破真神轻而易举，将比原祖更强，下令紫月圣地宇宙之主全面避让罗峰，并公开发布格杀令：人类本族宇宙之主进宇宙海一个杀一个。罗峰接两份情报——新晋宇宙之主霈行之主黑色四翼受重视，及紫月圣地格杀令。混沌城主召集鸿盟宇宙之主聚会，引导同仇敌忾气氛，将格杀令解读为紫月圣地畏惧鸿盟整体。,紫月始祖发布格杀令，混沌城主引导鸿盟同仇敌忾化解内部疑虑。
它的到来,惊喜,转折高潮、装备获取,奖励、高潮,"人类宇宙之主们对格杀令不屑一顾，罗峰请混沌城主详查霈行之主羽翼情报。半月后混沌城主查得：该羽翼十余轮回时代前曾在原始宇宙出现，名为""五色云翼""，属顶级至宝极品，令飞行加速且有束缚威能，且当初为银色四翼。罗峰推断霈行之主的羽翼极可能是弑吴羽翼所需部件，决意追杀。同时接到混沌城主突破宇宙最强者的喜讯邮件。",霈行之主羽翼确认为弑吴羽翼部件，混沌城主突破宇宙最强者。
它的到来,等着收网,人物心理、情节推进,情感,罗峰赴虚拟宇宙雷霆岛参与混沌城主突破庆贺，异族宇宙之主纷纷道贺，令鸿盟有了主心骨。庆贺后罗峰悄然留下人类本族宇宙之主，宣告将与浩雷星主一战且有三成把握击杀。众宇宙之主震惊，罗峰解释需借三大绝地环境，并安排黑暗之主提前赶往浩雷星主小型宇宙，一旦浩雷星主殒落便扫荡小型宇宙宝物。黑暗之主当天出发。,罗峰宣告三成把握杀浩雷星主，布局黑暗之主扫荡小型宇宙。
它的到来,海底之战,战斗描写、转折高潮,战斗、高潮,"浩雷星主抵达旋泽海，怒喝交出雷梭之主，罗峰反要求其跪地磕头赔礼激其开战。浩雷星主一腿劈下，罗峰化身金之兽神（疯魔灭神甲形成兽神）冲入旋泽海，浩雷星主自信有至强至宝神甲护体追入。海底激战，罗峰以《涅槃新生》刀法达八阶顶尖威能逼退浩雷星主，浩雷星主施展36柄巅峰至宝套装""寰御锥""反击。罗峰同时操控星辰塔第四重""砸""猛砸，以八阶顶尖战力压制浩雷星主，将其逼向核心漩涡。",旋泽海海底激战，罗峰以八阶顶尖战力压制浩雷星主。
它的到来,可怕的浩雷星主,战斗描写、转折高潮,战斗、高潮,"浩雷星主欲逃，罗峰施展金色国度+雪沙海束缚，并驱动星辰塔第五重""镇""秘纹镇压，令浩雷星主寸步难移。罗峰操控墓陵之舟全速撞击，将浩雷星主推向核心漩涡。绝境中浩雷星主疯狂咆哮，全身涌出神秘黑色气流——与神力截然相反的力量，瞬间侵袭罗峰金之兽神，疯魔灭神甲维持神力被疯狂消耗解体，罗峰本尊十万公里神体瞬间湮灭，断东河传承中亦无此力量记载。",浩雷星主临死施展神秘黑色气流，罗峰本尊神体被湮灭。
它的到来,最强者的陨落,转折高潮、战斗描写,战斗、高潮,"罗峰本尊虽殒，金角巨兽分身在墓陵之舟内完好，继续操控星辰塔镇压浩雷星主，墓陵之舟将其撞入核心漩涡。浩雷星主不甘咆哮""不甘心死在一个宇宙之主手上""，被核心漩涡绞杀殒落，留下尸体碎片。墓陵之舟收拢浩雷星主宝物及罗峰本尊遗留至宝，金角巨兽分身凝聚新本尊（90%神体）。同一时刻宇宙海各地六名雷暴星一族宇宙之主无声殒落，各方推断浩雷星主已死。黑暗之主接邮件""浩雷已死，扫荡吧""，驾黑狱塔赶赴崩解中的小型宇宙。",金角巨兽分身完成击杀，浩雷星主殒落，黑暗之主扫荡小型宇宙。
它的到来,声威,转折高潮、装备获取,奖励、高潮,"黑暗之主收刮浩雷星主小型宇宙全部宝物离去，横行魔神等最强者赶到已一干二净。人类宇宙之主们得知浩雷星主死讯狂欢。宇宙海各大势力震惊，半年内22位宇宙最强者赴旋泽海调查，推断罗峰有""束缚类""隐秘绝招，各方愈加警惕。罗峰销声匿迹三百多年改变星辰塔外形悄悄返程，期间利用浩雷星主宝物材料逼出弑吴羽翼第二滴神血，研究神力基因做八万多次试验。罗峰隐约看到原始宇宙，踏上归途。",浩雷星主之死震动宇宙海，罗峰声威大振，悄悄返回原始宇宙。
它的到来,"""它""",情节推进、悬念设置,伏笔,罗峰回原始秘境以无尽幽海补充神力，将宇宙舟收获的大量物质交幽海剖析。向混沌城主送浩雷战甲被拒（混沌城主称罗峰自身无至强至宝战甲在身），改送36件套装巅峰至宝寰御锥作贺礼被收。罗峰请混沌城主发动鸿盟搜集原始宇宙亿万生灵物质以供神力路线研究，并嘱保密行踪以引诱霈行之主。罗峰再赴宇宙海朝倾峰界进发。与此同时，宇宙海极偏远区域一个比小型宇宙还大的类人形庞然大物正以远超百万倍千万倍光速朝原始宇宙方向飞来。,罗峰送贺礼安排神力研究，宇宙海庞然大物首次现身朝原始宇宙飞来。
它的到来,不约而同,情节推进、悬念设置,伏笔,罗峰驾墓陵之舟（变幻洁白玉色小船）赴倾峰界追霈行之主，200年未追上。罗峰将白色羽翼与银色四翼融合为六翼，召唤感大增，清晰感应到遥远方向有弑吴羽翼其他部件。霈行之主亦感应到召唤，双方互不知身份全速接近，各自以为是机遇。霈行之主自信对方仅宇宙之主，期待名震宇宙海；罗峰则欲令霈行之主痛快死去。,罗峰与霈行之主彼此感应召唤，不约而同全速接近。
它的到来,五对羽翼,战斗描写、装备获取,奖励、战斗,"双方近距离现身，霈行之主一见银色六翼的罗峰大惊欲逃，罗峰以星辰塔吞吸+第四重""砸""+《断灭》八阶顶尖威能一招将其彻底湮灭，秒杀四阶顶尖防御的霈行之主。夺得两对银色羽翼（第三、四对），五对羽翼融合威压超至强至宝。紫月始祖感应霈行之主殒落下令周围宇宙之主小心。罗峰在墓陵之舟内以""源""能量修复新得两对羽翼（消耗约两成，余六成），五对羽翼融入背部延伸出银色铠甲——弑吴羽翼附属战甲。",罗峰秒杀霈行之主获两对羽翼，弑吴羽翼五对齐全形成附属战甲。
它的到来,罗峰的神甲,设定展开、装备获取,奖励、设定,弑吴之灵解释：弑吴羽翼六对中第一、二对为根基，第三至五对为附属威能，第六对为唯一进攻；附属战甲威能八阶以下攻击无效，超八阶削弱至百万分之一，极限值高到宇宙最强者无法触摸。罗峰参悟弑吴羽翼第三重秘纹300纪元未透（玄妙堪比星辰塔第六重八阶顶尖）。罗峰决定暂弃参悟，转而全身心研究神力路线与创造刀法，并动念以五对羽翼的感应距离寻找最后一对羽翼。,弑吴羽翼附属战甲威能设定展开，罗峰转而寻找最后一对羽翼。
它的到来,最后羽翼的踪迹,悬念设置、情节推进,伏笔,罗峰探查18个小型宇宙皆无感应，回原始宇宙以附属战甲威能说服混沌城主收下浩雷战甲作贺礼。混沌城主感叹罗峰崛起光芒比原祖还耀眼。罗峰横穿原始宇宙继续探查，两年多后探遍三大轮回时代所有小型宇宙无果，赶往紫月圣地宇宙。在距紫月圣地宇宙约一亿光年处，银色十翼震颤感应到召唤——最后一对羽翼就在紫月圣地宇宙内。罗峰无奈，将此事交鸿盟设法隐秘获取，自己赴宇宙舟取桀梵子宝藏。,最后一对羽翼确认在紫月圣地宇宙，罗峰交鸿盟设法获取。
它的到来,桀梵子的宝藏,装备获取、设定揭示,奖励、揭示、设定,罗峰驾墓陵之舟耗费近900年抵宇宙舟青色信物密室区域，途中亦收罗一件普通巅峰至宝等宝物。进入青色信物密室，见九颗炽热火球环绕一片悬浮陆地，火球光芒交织成火蛇文字——桀梵子自述为特殊生命，天生以水之法则成不朽，修至宇宙最强者，感悟水火牵扯生命之源万物之源繁衍之源，创绝学《水火本源》，达十阶顶尖战力却无把握超脱轮回，留下传承与宝藏求后辈勿使断绝。罗峰收九颗火球（实为倾峰界冰晶经《水火本源》转化）、认主巅峰宫殿至宝，整理宝藏：32件巅峰宫殿/领域类至宝、91件普通巅峰至宝、海量珍贵宝物，超人类族群全部财富。罗峰沉浸参悟《水火本源》。,桀梵子宝藏取得，十阶顶尖战力桀梵子与《水火本源》绝学揭晓。
它的到来,漫长岁月,设定展开、悟道,修炼、设定、爽点,"罗峰参悟《水火本源》半月，感叹桀梵子独辟蹊径却以水火两腿前进最终殒落，但该绝学对罗峰未来超脱轮回有借鉴。罗峰将宝藏讯息告知混沌城主，令人类族群宇宙之主可""大换装""。罗峰将宝物送回族群后，驾墓陵之舟开始遨游三大绝地的漫漫修炼岁月。第六十万年在流重山，罗峰抢至宝时顺手抓走紫月圣地虞览之主（第四名）。六十万年来罗峰仗墓陵之舟抢宝效率比得上五个宇宙最强者，又抓紫月圣地三位宇宙之主。",罗峰参悟《水火本源》，开始遨游三大绝地修炼并持续抓紫月圣地宇宙之主。
它的到来,八百万年后,矛盾展现、转折高潮,冲突、高潮,罗峰抓四名紫月圣地宇宙之主不杀，欲以性命换最后一对羽翼，紫月始祖已识破罗峰目的（从霈行之主被杀、召唤感时间、鸿盟隐秘获取手段、罗峰羽翼数量四点推断）誓不交出。紫月四名宇宙之主称始祖不会救他们。罗峰转而明着抓宇宙之主施压，紫月圣地九成宇宙之主退回圣地宇宙。转眼罗峰遨游宇宙海已超800万年（实际修炼超800万纪元）。宇宙海偏远区域，那个比小型宇宙还大的庞然大物经过800万年飞行，终于进入宇宙海各大势力踪迹波及区域。妖兽始祖被庞然大物超高速飞行的冲击波击伤喷血，惊恐绝望中发现机遇，竭力追上查看。,紫月始祖识破罗峰目的拒交羽翼，庞然大物进入宇宙海势力范围，妖兽始祖发现。
它的到来,挡不住,转折高潮、悬念设置,伏笔、高潮,妖兽始祖确认庞然大物为高约一亿光年（后第一真主精确测定1.6亿光年）的躺卧类人形生物，以1.2亿倍光速飞行。妖兽始祖以为是奇物或沉睡强者，持续攻击六千五百余年仅令其微小变向，引其撞向危险之地旋水河。庞然大物瞬间冲过旋水河，十二条水流旋臂暴烈溃散，岛屿尽皆爆炸，旋水河内一名驾驭顶级宫殿至宝的宇宙之主瞬间殒落。庞然大物呼啸而过速度几乎不减。神眼族第一真主从殒落宇宙之主的分身处得知消息，决定亲自查看。,庞然大物撞毁旋水河不可阻挡，第一真主决定亲自调查。
它的到来,吞不下（本篇终章）,转折高潮、悬念设置,伏笔、高潮,第一真主赶赴旋水河废墟，判断整个旋水河被正面冲击摧毁，连他都无法逆转时空看清庞然大物模样，仅能确定其来去方位，确认是大机遇激动追去。第一真主与妖兽始祖达成协议共同独占，但二者联手无法靠近庞然大物（冲击波足以令其受伤）。三千余年后参合势力增至七股，撞毁三处危险之地仍无法令庞然大物减速。第一真主指出唯有撞原始宇宙或三大绝地才有可能挡住，各方无奈决定公开消息。宇宙海震动，68位宇宙最强者、3200多名宇宙之主聚集。混沌城主传讯罗峰，罗峰初不信，确认后驾墓陵之舟出宇宙舟赶往汇合，亲眼目睹高约1.6亿光年的躺卧人形庞然大物呼啸而过，如大山砸小蚂蚁般被彻底震撼。,庞然大物无法阻挡，宇宙海各大势力聚集，罗峰亲眼目睹被震撼，全篇以宇宙级悬念收束。
第四绝地,撞宇宙舟,设定展开、环境铺陈,设定,宇宙海数千名强者合力轰击3000余年，将高1.6亿光年、1.2亿倍光速飞行的类人形庞然大物修改约15度角方向，令其撞击三大绝地之一的宇宙舟；罗峰在鸿盟行动队中参与轰击，庞然大物与宇宙舟两次撞击，第一次令庞然大物速度锐减至不足0.2亿倍光速，第二次速度锐减至30万倍多光速并改变方向，宇宙舟表面连凹痕都没有。,宇宙海强者合力令庞然大物撞击宇宙舟，揭开第四绝地降临序幕。
第四绝地,意志,设定揭示、悬念设置,伏笔、揭示、设定,"撞击后宇宙舟无损，各大势力追赶减速的庞然大物；原始宇宙本源意志令三大祖神赶赴宇宙海；罗峰驾驭墓陵之舟降临庞然大物表面，发现""山脉""实为甲衣褶皱；混沌城主指出头颅方向有入内通道。",三大祖神奉本源意志令首次出原始宇宙，庞然大物入口线索浮现。
第四绝地,入内,转折高潮、悬念设置,伏笔、高潮,"罗峰魔杀族分身沿庞然大物嘴巴缝隙入内探寻，发现一天然虫洞后继续深入，15天后遭一阵无声无息的神秘""冷风""袭击，巅峰宫殿至宝瞬间化为粉末，魔杀族分身连同铠甲战刀尽皆化为虚无，殒落。",罗峰魔杀族分身殒落于庞然大物体内的神秘冷风，第四绝地的可怕初现。
第四绝地,虫洞的另一端,设定揭示、转折高潮,揭示、设定、高潮,"鸿盟八位宇宙之主分身尽皆殒落，或风或火或雾或水流，至强至宝宫殿亦被焚毁；三大祖神召集各大势力，公布天然虫洞通往小型宇宙""晋之世界""——整个庞然大物体内唯一能活着进入的地方。","三大祖神公布""晋之世界""入口，第四绝地真容初现。"
第四绝地,眼泪,设定揭示、核心伏笔,伏笔、揭示、设定,"三大祖神宣布晋之世界为第四绝地，蕴含超脱轮回秘密，膜壁周期约一纪元变白可入，内有生灵无法离开，出来时不可携带生灵；罗峰兵分两路，魔杀族分身携弑吴羽翼星辰塔回原始宇宙，本尊携金角巨兽带血影刀墓陵之舟准备入内；坐山客暗中现身，抚摸庞然大物甲衣破损处，癫狂大笑后落泪，喃喃""晋""之名。","晋之世界规则公布，坐山客与""晋""的深层关联埋下核心伏笔。"
第四绝地,进入晋之世界,环境铺陈、设定展开,设定,等待约1800年后晋之世界膜壁变白，超200名强者进入；罗峰发现晋之世界能量可轻易转化神力，空间极度稳定，土著使用远古文明通用语；横行魔神一进入便遇真神级邪异巨兽；罗峰在干野部落遇孩童，得知法则尊者（宇宙尊者）、法则之主（宇宙之主）、真神等境界划分。,罗峰进入晋之世界，初步了解土著文明与境界体系。
第四绝地,吴和晋,设定揭示、核心伏笔,伏笔、揭示、设定,"罗峰在干野部落了解晋之世界直径超万亿光年，生灵成年即为不朽，由一位""神王陛下""统治，军队是核心力量，至强至宝仅为真神制式装备；罗峰推断""吴""（断东河所属）与""晋""为远古文明不同势力，庞然大物即殒落的神王陛下；罗峰决意加入军队获取核心传承。",吴、晋两大远古势力关系揭示，罗峰锁定军队为核心目标。
第四绝地,我们才是主角,设定展开、人物心理,情感、设定,"混沌城主在雷霆岛向人类宇宙之主们介绍晋之世界情况，强调土著强者困于囚笼无法出来，""我们才是这一时代的主角""；超200名进入者中已殒落超120位；罗峰随干野部落800战士乘北岩真神的战船出发加入东军。",宇宙海各大势力冷静评估晋之世界机遇与挑战，罗峰正式踏上参军之路。
第四绝地,东军军营,环境铺陈、设定展开,设定,罗峰抵达东军军营，见到连绵军营及大量机械流宝物——晋罗天地（需百万真神操控，可灭杀一群虚空真神）、鸠髹（百名真神操控，擅长速度防御）；军队分东南西北四军彼此竞争；排队等待筛选，加入军队基本筛选即殒落三分之二。,东军军营及远古文明机械流宝物体系完整展现。
第四绝地,生死斗,战斗描写、转折高潮,战斗、高潮,3000名战士进入石质拱门进行筛选，虚空真神独角男子令其分两阵营彼此杀戮；罗峰持血影刀参战，遇北真海主人之子兀赫（异兽），罗峰创近战身法《流金》轻易闪避；兀赫施展燃烧神力秘术仍不敌；独角男子喊停，921人生还，罗峰和兀赫被选入蟒河军特殊军团。,罗峰通过军队筛选进入蟒河军特殊军团，近战身法《流金》初露锋芒。
第四绝地,蟒河军的装备,设定展开、装备获取,奖励、设定,"罗峰和兀赫在军备点获真神级战甲""蟒河甲""（七阶以下攻击不伤神体）；蟒河军分三支大队，罗峰分入第一大队第六小队；队长等老军士分成三个小团体（队长18人、库法10人、鱼罗9人），罗峰兀赫作为新兵被排斥；队长提醒半月后即灾难级任务。",罗峰获蟒河甲，蟒河军内部派系格局展现。
第四绝地,灾难级,设定展开、悬念设置,伏笔、设定,兀赫解释灾难级任务（一万纪元一次）和轮回级任务（一亿纪元一次）的区别，蟒河军的普通任务相当普通军队的轮回级；罗峰在岛屿修炼基础传承，学会燃烧神力秘术第一重（相当于《断灭》第一卷）；罗峰分析神力路线关卡（完美极限、三万倍、六万倍、九万倍）。,灾难级任务威胁降临，罗峰掌握燃烧神力秘术第一重。
第四绝地,祖神传话,悬念设置、人物心理,伏笔、情感,"双面祖神奉本源意志令到原始宇宙银河圣地见罗峰新幽海分身，称罗峰是第一批进入者中收获最大的，是宇宙海将来的第一强者，让其遵循晋之世界规则强大自己应对""大劫""；罗峰将蟒河军燃烧神力秘术传给混沌城主；混沌城主转述原祖之言，本源意志并非不可战胜。","本源意志借祖神拉拢罗峰，""大劫""悬念首次点出。"
第四绝地,九烟泽,环境铺陈、矛盾展现,冲突、设定,蟒河军六小队39名军士接军队任务——在九烟泽杀真神（1万军功）或法则之主（1点军功），须凑足1万军功，失败则军法处置；九烟泽由三位虚空真神统领，真神可参战，虚空真神不可；队长提议联手，鱼罗率9人先行离去。,九烟泽灾难级任务下达，蟒河军小队分裂。
第四绝地,横行,设定展开、人物心理,情感、设定,库法带罗峰兀赫乘战船赴九烟泽；横行魔神在军备点用血海魔铠换30万军功，换取至强至宝宫殿及攻击至强至宝套装，计划回宇宙海横行；罗峰观察九烟泽外围半年，发现炫鬻山与九烟泽处于战争状态，计划挑动双方真神厮杀收渔翁之利。,横行魔神发战争财，罗峰制定九烟泽鹬蚌相争策略。
第四绝地,听我的,人物心理、情节推进,情感,罗峰带兀赫在九烟泽外围探查半年，发现炫鬻山与九烟泽法则之主频繁小规模厮杀；罗峰推断双方处于战争状态，计划挑动个别真神厮杀后抢尸体；兀赫愿听罗峰指挥。,罗峰九烟泽策略成形，与兀赫确立合作关系。
第四绝地,一念虚空,设定揭示、转折高潮,揭示、设定、高潮,"炫鬻山盟主率大军集结，四大虚空真神中的三位出征；九烟泽被虚空真神""一念虚空""完全隔离，九烟率数千异兽真神迎战；罗峰得知虚空真神""一念生则虚空成""的绝对掌控能力，以及四大将军超过虚空真神达到更高层次（永恒真神）。","九烟泽与炫鬻山大决战爆发，虚空真神""一念虚空""威能展现。"
第四绝地,分裂,设定揭示、矛盾展现,冲突、揭示、设定,罗峰结合断东河传承了解真神（言出法随，本源意志赐予）、虚空真神（一念虚空成，绝对掌控）的区别；九烟泽与炫鬻山六大虚空真神谈崩开战；兀赫欲捡拾兵器铠甲凑军功，罗峰坚持只搜集真神尸体；兀赫不信任罗峰，独自离去。,真神至虚空真神至永恒真神境界体系揭示，罗峰与兀赫分裂。
第四绝地,真神级战场,环境铺陈、悬念设置,伏笔、设定,九烟泽分三大战场——法则之主战场、真神级战场（紫藤泽一带）、虚空战场；罗峰路遇三次法则之主厮杀杀三人，抵达真神级战场边缘观察；队长团体已夺一具真神尸体；真神们混合厮杀避免集体攻击，许久才有一人殒落；罗峰等待真神尸体出现。,九烟泽三大战场格局展现，罗峰潜伏真神级战场边缘待机。
第四绝地,新兵银河,战斗描写、转折高潮,战斗、高潮,罗峰化作灰尘大小潜入真神级战场夺尸体，遭三名真神围攻，施展近战身法《流金》轻易从三真神围攻中逃脱并夺走一具真神尸体；队长等18名军士震惊于罗峰的近战闪躲能力；罗峰修炼800万纪元创出《流金》身法，源于传承空间虚拟空间与历代断东河及三代祖师切磋。,罗峰《流金》身法震慑真神级战场，新兵银河威名初立。
第四绝地,被罗峰盯上了,人物心理、情节推进,情感,队长等军士评估罗峰实力认定其必成封号强者；虚空真神们也惊叹罗峰身法；罗峰除真神尸体外还收集了212名真神的血液鳞甲毛发；双方各派一名真神收取己方尸体，八蹄爪异兽真神收走26具真神尸体；罗峰盯上这名较弱且无真神战甲的收尸异兽真神。,罗峰锁定八蹄爪异兽真神为目标，计划击杀夺取26具真神尸体。
第四绝地,"我心唯一,杀!",人物心理、战斗描写,情感、战斗,兀赫在法则之主战场捡拾兵器铠甲，三月仅得1200军功；库法、鱼罗团体也各自捡拾；队长团体内乱，军士们纷纷去法则之主战场；罗峰三天多缓慢逼近八蹄爪异兽真神，思想唯一凝聚，爆发瞬间施展《断灭》第一卷、第二卷。,罗峰蓄势待发，施展《断灭》第二卷突袭八蹄爪异兽真神。
第四绝地,斩!斩!斩!,战斗描写、转折高潮,战斗、高潮,罗峰以《断灭》第二卷燃烧神力超越真神，近战身法压制八蹄爪异兽真神，施展最强刀法《水火之光》疯狂斩杀；八蹄爪异兽真神无法逃脱、无法抵挡，被罗峰击杀；罗峰收走异兽真神尸体及超30具真神尸体；千余名真神误认罗峰战刀为机械流宝物。,罗峰以法则之主之身击杀真神，夺取超30具真神尸体，威震真神级战场。
第四绝地,贪婪,矛盾展现、人物心理,冲突、情感,九烟泽派50名真神追杀罗峰，罗峰悄然转向逃脱；队长眼红巨额军功，通知麾下17名军士及库法、鱼罗团体追查罗峰；罗峰混入炫鬻山部落战士大军中躲避，异兽真神不敢闯入大批法则之主聚集处；罗峰被队长麾下军士认出。,队长为巨额军功起了贪念，联合各团体追查罗峰。
第四绝地,对抗,矛盾爆发、战斗描写,冲突、战斗,"队长率18名军士围堵罗峰，欲逼迫其交出大半真神尸体；罗峰拒绝并施展《断灭》第二卷逃脱；队长施展机械流宝物""黑云翼""束缚罗峰，罗峰动用墓陵之舟以强劲动力反拽队长朝异兽真神方向飞去，队长被迫放弃；金角巨兽混入九烟泽异兽大军中，无人识破。",罗峰以墓陵之舟反制队长黑云翼，金角巨兽化身异兽潜伏。
第四绝地,蟒河军小队的结局,矛盾收束、情节推进,冲突,六位虚空真神评判罗峰能安然离开九烟泽；队长六个月找不到罗峰；兀赫联系罗峰愿以真神战甲换一具真神尸体；库法团体谈崩；战争持续一年后炫鬻山退军，虚空隔离解除；罗峰（金角巨兽形态）带巨额军功离开九烟泽，队长库法鱼罗三伙军士未凑够军功自相残杀。,九烟泽灾难级任务落幕，罗峰满载而归，其余军士自相残杀。
第四绝地,紫月始祖的命令,悬念设置、伏笔埋设,伏笔,罗峰回东军军营；紫月始祖派宇宙之主在虫洞出口盯守罗峰踪迹，确认罗峰在蟒河军后等待其回军营启动杀局；罗峰与混沌城主见面汇报，混沌城主称宇宙海各方盯晋之世界；罗峰去军备点换取宝物。,紫月圣地杀局布下，罗峰浑然不知前往军备点。
第四绝地,永恒真神,设定揭示、核心伏笔,伏笔、揭示、设定,罗峰在军备点用3000军功换取最高等基本讯息，了解真神（言出法随、真神之心）、虚空真神（一念虚空成）、永恒真神（一念宇宙成）三大关卡；晋之世界四位将军即四位永恒真神；永恒真神可自行离开晋之世界；紫月圣地宇宙（21亿光年）、东帝圣地宇宙（32亿光年）直径表明两位始祖仅为虚空真神。,真神至永恒真神至神王完整境界体系揭示，两大圣地始祖实力定位。
第四绝地,乌启神,装备获取、悬念设置,伏笔、奖励,"罗峰查看军备点机械流宝物清单，锁定""乌启神""——神王亲创真神级机械孤品，需3000万军功且须加封的真神或法则之主方可换取；加封条件极苛刻：神力路线九万倍基因或连解10081座犀皇局；罗峰用500军功了解加封讯息，得知封号任务死亡率九成，从未有人完成。",乌启神及加封条件揭示，封号任务悬念埋设。
第四绝地,加封,设定展开、情节推进,设定,"加封两条路：一、神力路线九万倍基因+解10081座犀皇局直接加封；二、申请封号任务完成即加封；罗峰向兀赫压榨宝物，获真神级战甲、真神级战船、大量兵器铠甲及机械流宝物""七炆飞甲""；罗峰申请封号任务。",罗峰压榨兀赫获大量宝物，正式申请封号任务。
第四绝地,罗峰的机械流宝,装备获取、设定展开,奖励、设定,"罗峰用33具真神尸体及七炆飞甲换军功，耗费40万军功换取机械流宝物""金爪神""（样样强、样样不逆天），3万军功换领域类至强至宝；罗峰研究金爪神，神力经五中枢转化威能提升两层次（九阶攻击达十一阶）；罗峰感慨宇宙海无敌；第一纪元结束。",罗峰获金爪神，实力飙升两层次，第一纪元结束。
第四绝地,第二纪元,环境铺陈、情节推进,设定,第二纪元各大势力大举进入晋之世界，罗峰率鸿盟36位宇宙之主乘墓陵之舟进入；紫月圣地近百宇宙之主分赴四大军队追查罗峰；蟒河军六小队补充九名新兵；罗峰接封号任务，地点——神王谷。,第二纪元大举进入，罗峰封号任务地点确定为神王谷。
第四绝地,布下杀局,矛盾展现、伏笔埋设,伏笔、冲突,封号任务内容：进入乌启楼登顶第九层即获加封，死亡率九成；罗峰率新兵倒向库法，与队长势成水火；紫月圣地10名宇宙之主在虫洞出口盯守，确认罗峰（军士银河）身份后禀报紫月始祖；紫月始祖令查清罗峰所在大队小队后启动杀局。,紫月圣地确认罗峰身份，杀局蓄势待发。
第四绝地,神体突破,悟道、转折高潮,修炼、高潮、爽点,"原始宇宙无尽幽海直径超两光年，中央真空区域存放亿万物质及真神尸体；罗峰施展天赋秘法""创造""剖析真神血液鳞甲毛发生命本源；传承空间万倍加速下金角巨兽试验神力重组，160年后突破完美基因瓶颈达16000倍生命基因；地球人本尊神体重组达16000倍；罗峰一个半月后抵达神王谷。",罗峰借真神血液突破至16000倍生命基因，神体突破完美极限。
第四绝地,神王界,环境铺陈、设定揭示,揭示、设定,神王界为神王生活之地，处处法则之纹，整个大陆是神王制造的超级机械流至宝（实验品）；神王界守卫北苍（虚空真神）引导罗峰前往神王谷；乌启楼高过千光年，为神王谷第一高建筑；罗峰为第四批第六位法则之主，凑足十名后进入乌启楼。,神王界机械流至宝真容揭示，罗峰抵达乌启楼。
第四绝地,最强军士,战斗描写、转折高潮,战斗、高潮,"乌启楼第一层为无尽沙漠，须杀死一名军士方可进入通道至第二层；罗峰遭三名军士围攻（含东军须钟），施展《流金》身法轻易甩脱；须钟施机械流宝物""颏鸟""逃跑；罗峰穿金爪神燃烧神力追杀鳞甲异兽，以《水火之光》刀法压制击杀。",乌启楼第一层自相残杀，罗峰展露绝对实力击杀鳞甲异兽。
第四绝地,警惕,人物心理、情节推进,情感,罗峰压制鳞甲异兽至湮灭，收取其机械流宝物等遗物；其他军士判定罗峰不可招惹；罗峰进入青色光柱抵达第二层——暗红色大地，遇前一批五名幸存军士，其中暗红色甲铠少年询问后续军士；十名军士聚齐后被光柱笼罩。,罗峰第一层轻松过关，第二层暗红色大地集结。
第四绝地,神王谷统领,设定揭示、战斗描写,战斗、揭示、设定,第二层规则：两批军士一前一后被传送至小型世界，遭古老秘纹图流光攻击（媲美真神一击），须撑过一切攻击；前一批五名军士遭流光轰击狼狈不堪，大地涌出赤红色液体凝聚成暗红色岩石巨人（真神战力、不死之身）；神王谷银灰色宫殿内，黑雾统领（封号虚空真神）观看着光幕，感叹军士太弱，其任务是寻找神王陛下需要的登顶乌启楼的绝世人物。,乌启楼第二层双重攻击（流光+岩石巨人）展开，神王谷四大统领使命揭示。
第四绝地,唤醒,战斗描写、转折高潮,战斗、高潮,罗峰穿金爪神（不施《断灭》），以岩石巨人为盾牌躲避流光，神力消耗极慢；黑雾统领震惊于罗峰身法，唤醒另外三位沉睡统领——银甲女子、血色铠甲魁梧男子、双面孔独眼异兽；四位统领皆获加封，其中一位已突破永恒真神。,罗峰第二层轻松应对，四大统领被唤醒关注罗峰。
第四绝地,无尽的期待,人物心理、转折高潮,情感、高潮,四大统领期待罗峰登顶乌启楼，完成神王陛下托付的寻找绝世人物的使命；前五名军士遭岩石大手突袭，十二翼异兽军士被抓住后湮灭；罗峰第二批五名军士也遭同样危机；罗峰提前飞高空躲避岩石大手，仍处巅峰状态。,乌启楼第二层危机升级，四大统领对罗峰寄予厚望。
第四绝地,最后的死劫,战斗描写、转折高潮,战斗、高潮,罗峰施《断灭》第一卷应对古老秘纹图下降与岩石大手；前一批暗红色甲铠少年等军士陆续殒落，仅3名幸存者被传送至第三层；罗峰这一批也幸存3名（含须钟），被传送至第三层草原，与之前幸存者共11名军士集结。,乌启楼第二层结束，罗峰等6名幸存者进入第三层。
第四绝地,神眼之威,战斗描写、转折高潮,战斗、高潮,第三层为神眼意志冲击，40名军士仅15名可活；植物生命军士杀重伤军士；神眼金光意志冲击不断增强，9名军士意识崩溃被紫光湮灭；罗峰意志达虚空真神层次无碍，追杀须钟，须钟施颏鸟逃命。,乌启楼第三层神眼意志冲击，罗峰追杀须钟。
第四绝地,大扫荡,战斗描写、爽点设置,战斗、爽点,须钟意志崩溃被罗峰击落，神眼紫光将其湮灭，罗峰收其颏鸟等宝物；罗峰借金角巨兽万倍加速研究颏鸟，瞬间掌握使用方法，化颏鸟追上抢夺植物生命军士遗物的飞禽异兽军士，化金爪神将其虐杀；军士数量锐减至15名，罗峰通过第三层。,罗峰大扫荡收割大量机械流宝物，闯过乌启楼第三层。
第四绝地,乌启楼中的机遇,悟道、装备获取,修炼、奖励、爽点,第四层为奖励层，四条通道：宝物（白光）、传承（金光）、法则路线真神之路（紫光）、神力路线真神之路（黑光）；罗峰选神力路线；通道墙壁上亿万标本构成完美生命立体图，罗峰凭断东河传承基础轻易记住并补全木门残缺生命图，进入更深处；四大统领确认罗峰神体已突破完美基因层次。,罗峰选神力路线真神之路，参悟完美生命立体图。
第四绝地,最后一步,悟道、转折高潮,修炼、高潮、爽点,真神之路更深处有神力河流，罗峰吸纳神力将生命基因提升至28000倍；参悟三万倍至六万倍生命立体图，第15天突破至32000倍（神体第一阶段，高度暴涨十倍至百万公里）；一年突破4万倍，80年达5万倍，千年困于5万倍；第4200年突破六万倍（神体第二阶段，高度一亿公里）；进入空白通道，见神王虚拟意识。,罗峰生命基因突破六万倍，见神王虚拟意识。
第四绝地,刀,悟道、核心伏笔,伏笔、修炼、爽点,"神王虚拟意识留言""真神之路，欲达极致，唯求于己""，期盼罗峰登顶乌启楼；罗峰推断封号任务蕴含大秘密；罗峰进入第五层冰雪世界，白袍男子以刀法引导罗峰——前三百六十刀各蕴含一种基础法则（六阶顶尖），罗峰对十大基础法则理解飙升。",神王虚拟意识留言，第五层白袍男子刀法引导罗峰夯实法则基础。
第四绝地,九天之路,悟道、爽点设置,修炼、爽点,白袍男子第361刀起施展融合法则刀法（七阶）；罗峰以水火金空四大法则结合创出七阶顶尖刀法《九天之路》（爆炸、撕扯、毁灭一切）；罗峰刀法达真神中等水准，可参悟弑吴羽翼第三重及星辰塔更高层次；白袍男子施450刀后认输，罗峰通过第五层。,罗峰创出七阶顶尖刀法《九天之路》，通过第五层。
第四绝地,千眼,战斗描写、爽点设置,战斗、爽点,"第六层山地丘陵世界，千眼异兽（一千颗眼睛、一心千用）操控千柄黑色战刀围攻罗峰；罗峰以《流金》身法应对，后将《九天之路》刀法融入身法，攻击与闪躲完美配合占据上风；千眼异兽施""千眼心光""仍仅略占上风，最终承认罗峰为最强军士后钻入地底。",罗峰身法融合刀法，千眼异兽认输，通过第六层。
第四绝地,神眼秘术,悟道、装备获取,修炼、奖励、爽点,"第七层寒冰世界，神眼意志冲击从真神极限起不断增强；冰山山腹浮现""神眼秘术""（神王所创意志秘术，须虚空真神意志方可修炼）；罗峰学全第一卷至第六卷；第七卷开始浮现时罗峰意志崩溃昏迷被传送离开；罗峰意志达虚空真神顶峰。",罗峰获神眼秘术六卷，意志达虚空真神顶峰。
第四绝地,最后的阻碍,悬念设置、核心伏笔,伏笔,"乌启楼第八层为最后难关，观四周虚空文字可得一秘术，练成进入第九层，失败抹去记忆离开；罗峰研究九天后意识被强行吸入画卷世界；画卷世界中华美王袍黑芒身影（神王虚拟意识）期待罗峰成功；罗峰进入紫光宫殿，紫角异兽自称""秘术本身""（秘术之灵）。",乌启楼第八层画卷世界展开，秘术之灵登场。
第四绝地,画卷世界,设定揭示、核心伏笔,伏笔、揭示、设定,"紫角异兽解释""纳引秘术""——保护秘术兼选择传人，练成即可将强大秘术纳引入灵魂；纳引秘术分三阶段，要求法则之主或真神方可修炼；罗峰明白第八层含义为练成纳引秘术获得完整秘术。",纳引秘术机制揭示，罗峰开始修炼。
第四绝地,已无退路,悟道、转折高潮,修炼、高潮、爽点,罗峰修炼纳引秘术，无尽幽海处处闪烁白光幅散意志冲击，令大量界主不朽昏迷；990年后进入第二阶段（蓝光）；神王虚拟意识激动期待；紫角异兽惊叹罗峰进入第二阶（历代仅50人做到）；第三阶段不成功便成仁，失败即死。,罗峰纳引秘术进入第二阶段，引发原始宇宙意志冲击震动。
第四绝地,元,悟道、核心伏笔,伏笔、修炼、爽点,"罗峰纳引秘术第三阶段90年后成功，灵魂蜕变适应；紫角异兽化为星光涌入罗峰意识，秘术创者为逍遥自在的超级存在""元""；罗峰获《列元术》（意志化圣方可修，足以让神王痴狂的逆天绝学）；神王虚拟意识欣慰消散；罗峰进入乌启楼第九层。",罗峰成功修炼纳引秘术，获《列元术》传承。
第四绝地,罗峰和晋之神王,设定揭示、核心伏笔,伏笔、揭示、设定,"第九层幽静院落内，华美王袍男子（晋之神王虚拟意识）现身；神王本尊已陨落，类人形庞然大物即其尸体；神王离开晋之世界踏上近乎必死的绝路，留下乌启楼寻找传承人；罗峰非晋之世界生命（未获宇宙本源核心认同）；神王要求罗峰立誓将来成神王后击杀""食国""开国三国主；神王发现罗峰修过《九劫秘典》（晋国核心传承），免其誓言。",晋之神王真身陨落真相揭晓，《九劫秘典》晋国核心传承身份揭示，坐山客身份悬念深化。
第四绝地,神王的赠与,装备获取、设定揭示,奖励、揭示、设定,神王赠罗峰乌启神（真神级机械孤品，三种层次战力，第一层即超金爪神颏鸟）、战斗传承晶石（神王麾下强者及击杀强者传承集合）、晋之世界世界之力使用权（可压制永恒真神、杀虚空真神）；罗峰悟透乌启神第一层驱使方法；坐山客与晋之世界关联进一步明朗。,罗峰获乌启神、传承晶石、世界之力使用权三大赠礼。
第四绝地,四大统领和四位将军,人物引入、情感展现,人物、情感,封号任务消失，四大统领确认罗峰登顶；罗峰从乌启楼正门走出（历代首例）；四大统领（黑雾、银甲女子、血色铠甲魁梧、双面孔独眼异兽）激动迎接；四位将军（东军雪邕等）赶来，将罗峰当神王继承人对待；罗峰返回东军军营。,罗峰登顶乌启楼获封号，四大统领四位将军将其视为神王继承人。
第四绝地,紫月圣地的杀局,矛盾爆发、转折高潮,冲突、高潮,紫月始祖确认罗峰回蟒河军营地，令承木之主启动杀局；承木之主（紫月圣地宇宙之主）向鹄后军统领鹄后告发罗峰为外界生命，以死自爆证明；鹄后动身前往蟒河军。,紫月圣地杀局启动，承木之主以死证明催动鹄后。
第四绝地,驾临,矛盾爆发、悬念设置,伏笔、冲突,"鹄后（虚空真神顶尖，擅幻术）率蟒河军统领火琢午降临罗峰岛屿；两位统领以""一念虚空""隔离空间，见罗峰不敬欲施幻术验证其是否外界生命；紫月始祖判断鹄后意志达永恒真神层次，罗峰必死。",鹄后火琢午降临罗峰岛屿，紫月圣地杀局进入最后阶段。
第四绝地,翻掌之间,战斗描写、爽点设置,战斗、爽点,"鹄后施虚化神力欲引入幻境，罗峰借晋之世界世界之力瞬间湮灭虚化神力，翻掌凝聚世界之力巨掌将鹄后、火琢午两位虚空真神拍进大地并束缚；两位统领误认罗峰为永恒真神伪装，传讯东军将军雪邕；雪邕赶到，称罗峰为""银河大人""。",罗峰借世界之力翻掌击败束缚两位虚空真神统领，雪邕解围。
第四绝地,一网打尽,矛盾收束、情节推进,冲突,罗峰剥夺鹄后、火琢午全部宝物及军功（超六百万军功）；罗峰获军备环，查清紫月圣地96名宇宙之主在四大军队分布；罗峰与混沌城主定计第三纪元一网打尽紫月圣地及联军阵营宇宙之主，为人类夺取疆域。,罗峰反制紫月圣地杀局，定计第三纪元一网打尽。
第四绝地,弑吴羽翼第三重,悟道、装备获取,修炼、奖励、爽点,"罗峰用军功兑换百件真神级宝物为人类族群及地球人一脉准备；罗峰悟透弑吴羽翼第三重——简化版""一念虚空""（白雾笼罩120光年，凌驾领域至强至宝）；紫月圣地两名军士在蟒河军营地外守候六天未见鹄后踪迹，焦急万分。",罗峰悟透弑吴羽翼第三重，紫月圣地杀局失败待确认。
第四绝地,第三纪元,环境铺陈、情节推进,设定,紫月始祖确认罗峰未死（无尽幽海有生命气息），焦急思索对策；第三纪元到来，联军阵营（虫族女皇、妖族震妖祖、机械族等）大举进入晋之世界欲翻盘；星空巨兽联盟两不相帮；三大祖神奉本源意志令在祖神宫接收讯息，惊骇难以置信。,第三纪元大举进入晋之世界，三大祖神接收本源意志讯息。
第四绝地,界兽（本篇终章）,核心伏笔、转折高潮,伏笔、高潮,"三大祖神在晋之世界外向各大势力公布：庞然大物由原始宇宙本源意志引领而来；宇宙海孕育出毁灭万物的""界兽""，每数万轮回时代才孕育一头，真正出世将毁灭一切宇宙（含圣地宇宙、小型宇宙乃至原始宇宙），之前的圣地宇宙皆被界兽毁灭；宇宙舟即为对付界兽而造；趁界兽弱小击杀是唯一机会，晋之世界可令各方变强以应对劫难；紫月始祖、东帝始祖恐慌，坐山客暗叹界兽出世。",界兽劫难——全书最大危机悬念埋设，第二十七篇《第四绝地》完整落幕。
宇宙最强者,孕育期,设定展开、悬念设置,伏笔、设定,"三大祖神向宇宙海各族公布界兽情报——界兽分孕育期与成长期，宇宙海孕育十亿界兽彼此自相残杀吞吃至最后一只进入成长期即无敌，代表毁灭；巢穴在倾峰界核心""昏暗之地""，即巨斧陨落处；须宇宙最强者持至强至宝铠甲与灵魂类至强至宝在孕育期杀死，否则本轮回时代结束前界兽成长将毁灭一切。罗峰查晋之世界界兽讯息得知界兽乃远古文明晋国亦无法抵挡的灾难。各方势力宫殿至宝穿透膜壁进入晋之世界。",界兽情报正式公布，十亿界兽自相残杀吞吃至最后一只将无敌毁灭，宇宙海存亡危机主线开启。
宇宙最强者,诱惑,设定展开、人物心理,情感、设定,罗峰向混沌城主展示晋之世界收获——机械流宝物十套、真神级兵器铠甲百套，赠混沌城主机械流宝物、灵魂至强至宝、宫殿至强至宝、领域至强至宝各一。三大祖神奉本源意志之令寻罗峰，称其为宇宙海第一强者，诱导其对付界兽，许诺杀界兽功劳够大可放出被镇压的原祖。混沌城主提醒罗峰防本源意志借界兽之手杀他。,"本源意志以""放出原祖""诱惑罗峰出战界兽，混沌城主点破本源意志可能暗藏杀机。"
宇宙最强者,请将军,情节推进、悬念设置,伏笔,坐山客传讯罗峰，嘱咐去昏暗之地对付界兽前先来找他。罗峰在晋之世界东军蟒河军军营用军备环调查一年来进入军队的法则之主，锁定联军阵营238名、紫月圣地205名宇宙之主。罗峰请四位将军出手，要求一瞬间同时灵魂灭杀这近五百名分散各军的宇宙之主。,"罗峰布局""大扫荡""，请四大将军同时灵魂灭杀联军阵营与紫月圣地共443名宇宙之主。"
宇宙最强者,你们该死,转折高潮、矛盾爆发,冲突、高潮,"四位将军施展小型宇宙笼罩军营，同时灵魂灭杀443名宇宙之主，蚊螺族始祖等各族领袖在原始宇宙无声殒落。罗峰端酒旁观，看着异族族群嘶喊屠戮与迁徙逃亡的惨景，念道""为了我人族，你们该死""。",443名联军阵营与紫月圣地宇宙之主被同时灭杀，罗峰完成对人类敌对势力的毁灭性清算。
宇宙最强者,嚎叫,转折高潮、氛围营造,设定、高潮,联军阵营各族发现进入晋之世界的宇宙之主尽皆陨落，妖族从二十余位宇宙之主骤降至四位，虫族、机械族、狱族、晶族、北疆联盟等尽皆遭受毁灭性打击，而宇宙海其他势力与人类安然无恙。联军阵营各族指向人类，确认是算计。梦妖祖、震妖祖等发出愤怒咆哮。,联军阵营遭受毁灭性打击，各族指向人类，宇宙海势力格局剧变。
宇宙最强者,深入灵魂的仇恨,矛盾展现、情感展现,冲突、情感,紫月始祖愤怒却无奈，令新晋宇宙之主可去晋之世界但不得暴露身份。虫族宇宙尊者母皇因姐姐陨落疯狂报复，瞬移至人类疆域释放虫族战士屠戮369颗生命星球（102颗破碎），罗峰瞬移赶到将其湮灭。北疆联盟等幸存宇宙之主悲凉无奈，深知人类将真正称霸。,各族对人类仇恨深入灵魂，但无力反抗，人类称霸原始宇宙已成定局。
宇宙最强者,人类时代,转折高潮、设定展开,设定、高潮,"五大巅峰族群主动迁移退避，让出核心疆域。人类占领虫族、妖族等五族及众多强大族群原先疆域，人类精英天才诞生速度暴涨十倍。宇宙海各大势力忌惮人类，公认原始宇宙进入""人类时代""。罗峰创造生命（六个火焰孩童），徐欣前来。","人类称霸原始宇宙，""人类时代""正式开启，宇宙海进入一段平静岁月。"
宇宙最强者,亿万纪元(上),设定展开、情节推进,设定,"罗峰从创造生命中悟出研究""能繁衍生命""促进神体进步之法，神体从六万倍突破至七万两千倍。漫长岁月中，第七纪元罗峰与神眼真主一战不分胜负，第九十一纪元真衍尊者突破宇宙之主，第一千零三纪元彭工之主突破真神，第三千四百零二纪元罗峰创出能繁衍的第一种生命，神体突破至七万两千倍，第一万三千纪元洪突破宇宙之主。",亿万纪元大发展，罗峰神体持续突破，人类真神与宇宙之主陆续诞生。
宇宙最强者,亿万纪元(下),设定展开、情节推进,设定,罗海、罗震倪、火穹等先后成为宇宙尊者或宇宙之主，罗峰收罗震倪、火穹为弟子。第一百九十一万纪元黑暗之主突破真神，第九百二十万纪元罗峰创出第二个能繁衍族群，神体突破至八万五千倍。前一百亿纪元人类宇宙之主暴涨至239位、真神21位，各族均进入暴涨期。第一万六千亿纪元洪突破真神。第一万六千三百亿纪元，洪与瞳魔神首探界兽巢穴。,万亿纪元大爆发，人类成为宇宙海第一势力，洪与瞳魔神首探界兽巢穴拉开界兽之战序幕。
宇宙最强者,八雄聚,人物引入、设定展开,人物、设定,洪与瞳魔神在昏暗之地边缘遭三头界兽同时袭击，瞳魔神重伤逃回。宇宙海涌现八大霸主：神眼真主、骸主、贝敕星主（第二轮回时代）、觉合真神、九头魔主（第二轮回时代）、九幽真主、混沌城主、银河领主罗峰。八雄聚于觉合真神的觉合海宫殿，商议界兽对策。混沌城主转述洪与瞳魔神的探查结果：界兽灵魂攻击极强、拥有与神力截然相反的力量。,宇宙海八大霸主齐聚商议界兽对策，界兽战力情报初步掌握。
宇宙最强者,界兽出世,转折高潮、悬念设置,伏笔、高潮,八雄决定由罗峰领头，三大轮回时代各出真神组成五人小队再探界兽巢穴。罗峰决定以魔杀族分身（能量类生命无灵魂）前往。界兽摩罗撒从昏暗之地出世，从震迦王、虬岩祖神处获取宇宙海情报，将罗峰定为仅次于贝迪的对手，决定先吞吃小型宇宙本源增强实力再回巢穴争王。,界兽摩罗撒出世，凭震迦王、虬岩祖神情报将罗峰列为最大对手，出巢吞吃小型宇宙本源。
宇宙最强者,坐山客和本源意志,设定揭示、伏笔深化,伏笔、揭示、设定,罗峰去见坐山客，坐山客揭示本源意志撒谎——宇宙舟非为对付界兽而造，界兽真正目标是吞吃原始宇宙本源（原始宇宙无法主动反抗）。坐山客指导罗峰向本源意志索要最大好处：意识融入原始宇宙本源，感受原始宇宙的毁灭与诞生。坐山客暗示自己与晋国、焱神族、地球一脉的关联牵扯远古文明与宇宙海最大秘密，现在无法说出。,"坐山客揭示本源意志谎言与界兽真正目标，指导罗峰索要""感受原始宇宙毁灭诞生""的大机缘，暗示自身与晋国的核心秘密。"
宇宙最强者,界兽的美食,转折高潮、氛围营造,设定、高潮,罗峰坚持要求，本源意志答应若杀死所有界兽则放出原祖并满足其要求。界兽摩罗撒出倾峰界入宇宙海，吞吸混沌气流，锁定第一轮回时代火虫真主的小型宇宙为第一个美食。摩罗撒施展天赋，以曲折光线延伸上亿光年渗透虚空吞吃小型宇宙本源，无比惬意。,界兽摩罗撒开始吞吃火虫真主小型宇宙本源，宇宙海灾难正式降临。
宇宙最强者,火虫真主,矛盾爆发、战斗描写,冲突、战斗,火虫真主感应到小型宇宙本源被吞吃，令查暗之主派出能量分身探查，确认是界兽。查暗之主分身被摩罗撒一道曲折光线笼罩，数秒即被完全吞吃。火虫真主传讯宇宙海各族搬救兵。摩罗撒蔑视宇宙海各族，认为宇宙海第一强者银河领主也只是宇宙之主，可瞬间灭杀。,界兽吞吃火虫真主小型宇宙本源，查暗之主分身被轻易吞吃，火虫真主向宇宙海求救。
宇宙最强者,宇宙海大军,情节推进、人物心理,情感,罗峰在银河圣地授课二弟子火穹，罗峰一个眼神令火穹昏迷。界兽出现消息传来，罗峰携洪、火穹、魔杀族分身乘星辰塔赶往火虫真主处。神眼真主等因担心自己小型宇宙不敢全出，血兰始祖第一个赶到火虫真主处。罗峰分两路：幽海分身、魔杀族分身携星辰塔一路，金角巨兽分身携机械流宝物一路。,宇宙海各族真神陆续赶往火虫真主处，罗峰分两路行动应对界兽。
宇宙最强者,战,战斗描写、转折高潮,战斗、高潮,九头魔主率八真神赶到，令火虫真主当先锋出战。火虫真主出战船与摩罗撒厮杀，略处下风。九头魔主下令一起上，八真神围攻摩罗撒，血兰始祖以机械流藤蔓束缚。摩罗撒施展无声灵魂冲击，将大半曲线转向困住火虫真主形成黑雾蚕茧。,九头魔主率八真神围攻界兽摩罗撒，摩罗撒以黑雾蚕茧困住火虫真主。
宇宙最强者,围攻界兽,战斗描写、转折高潮,战斗、高潮,九头魔主以机械流金色利爪撕裂摩罗撒身体，摩罗撒身体如橡胶拉长不断。七真神以神力对耗破开黑雾蚕茧救出火虫真主。摩罗撒将黑雾蚕茧化为黑色光柱侵蚀火虫真主身体，火虫真主欲逃战船时黑色光柱再化为黑雾蚕茧将其吞吃。火虫真主陨落，小型宇宙崩溃，摩罗撒后悔杀死真主致本源消散得不到美食。摩罗撒转头就逃，九头魔主等追击。,"火虫真主被摩罗撒以""黑雾蚕茧—黑色光柱—黑雾蚕茧""循环手段杀死，小型宇宙崩溃，摩罗撒逃逸。"
宇宙最强者,舍不得杀,战斗描写、悬念设置,伏笔、战斗,九头魔主传讯罗峰称能压制界兽但杀它代价大，后传讯界兽逃脱。罗峰与九头魔主、血兰始祖、九幽真主、洪、火穹碰面。九头魔主分析界兽手段：吞吃小型宇宙本源（八天可吃完一颗）、黑雾蚕茧困真神、无声灵魂冲击、分解九十九分身逃命。洪指出界兽杀了火虫真主就走了，可能还有绝招未出。,界兽摩罗撒逃脱，九头魔主分析其四大手段，宇宙海一片风声鹤唳。
宇宙最强者,风声鹤唳,氛围营造、悬念设置,伏笔、设定,罗峰三大分身分两路负责宇宙海两片区域。界兽消失三年多后再度出现，吞吃横行魔神小型宇宙本源一天即消失。半年后又出现吞吃瞳魔神小型宇宙本源一天消失。罗峰等确认界兽每次吞吃一天即消失半年转化吸收增强实力，宇宙海各族绝望。罗峰怀疑宇宙海内有奸细泄露其行踪。,界兽每次吞吃一天即消失半年，宇宙海无法形成围困，罗峰怀疑有奸细。
宇宙最强者,再现,情节推进、人物心理,情感,罗峰在虚拟宇宙授课十六弟子（一真神、十三宇宙之主、两宇宙尊者），展现十大基础法则极高造诣（八十三种七阶顶尖秘法、两种八阶秘法）。界兽再现消息传来，罗峰携洪、火穹乘星辰塔赶往，觉合真神、骸主先后赶到。界兽吞吃横行魔神小型宇宙本源一天后又消失。,罗峰授课展现极高法则造诣，界兽再现吞吃后消失，各方赶赴拦截。
宇宙最强者,灾难,转折高潮、氛围营造,设定、高潮,横行魔神通报界兽吞吃一天即消失，罗峰等确认界兽更加谨慎，灾难来临。界兽半年后吞吃瞳魔神小型宇宙本源一天消失，又半年吞吃洛甄真主小型宇宙本源一天消失。十一年间界兽吞吃超二十次，从未到罗峰负责区域。罗峰怒断定宇宙海除震迦王、虬岩祖神外还有奸细投靠界兽，决定单独行动隐藏行踪。,界兽持续吞吃小型宇宙本源增强实力，罗峰确认宇宙海有更多奸细，决定单独隐匿行动。
宇宙最强者,紫月圣地,情节推进、转折高潮,高潮,八雄商议应对奸细之策，决定公开假布局。界兽摩罗撒决定去吞吃紫月圣地宇宙本源（更高一等），吞吃速度因紫月始祖意志加持锐减至百分之一。紫月始祖惊慌，令六名强者乘宫殿至强至宝骚扰界兽并向宇宙海求救。紫月始祖担忧人类罗峰不肯来救。,界兽转吞紫月圣地宇宙本源，紫月始祖惊慌求救，担忧人类不肯出手。
宇宙最强者,罗峰和紫月,矛盾展现、转折高潮,冲突、高潮,神眼真主、觉合真神传讯罗峰紫月圣地求救。罗峰提出条件：紫月圣地交出弑吴羽翼最后一部件便帮。紫月始祖权衡后咬牙答应。混沌城主大喜告知罗峰。罗峰驾星辰塔赶往紫月圣地。界兽吞吃一天后消失。紫月始祖却翻脸，称界兽已走无需罗峰，拒绝交出至宝部件，算定罗峰不敢放任界兽吞吃紫月圣地本源。,紫月始祖先答应后翻脸，拒绝交出弑吴羽翼部件，罗峰宣告紫月圣地为死敌。
宇宙最强者,死敌,矛盾爆发、人物心理,冲突、情感,罗峰怒宣告紫月圣地为死敌，但以大局为重不能放任界兽吞吃紫月圣地本源。罗峰暗记仇，誓成虚空真神后毁掉紫月圣地。紫月圣地事件后第三年，罗峰金角巨兽分身在海犽真主小型宇宙外守到界兽，传讯各方。,罗峰与紫月圣地结为死敌，金角巨兽分身首次守到界兽。
宇宙最强者,罗峰战界兽,战斗描写、转折高潮,战斗、高潮,"罗峰金角分身以《断灭》三卷燃烧神力，施""碧烟锁链""""雪花世界""与摩罗撒交手，神眼秘术令摩罗撒痛苦但未能减弱其实力。摩罗撒以黑雾蚕茧困罗峰，罗峰以神力对耗破开。摩罗撒分解九十九分身逃跑，罗峰以""宇宙锁链""形成锁链宇宙困住摩罗撒。",罗峰金角分身首战界兽，以锁链宇宙困住摩罗撒，逼其现出本尊。
宇宙最强者,神眼秘术,战斗描写、设定揭示,战斗、揭示、设定,摩罗撒现出本尊（通体乌黑、双头颅独眼），两独眼发出红光轰碎锁链宇宙逃出，并施展乌光冲击与罗峰神力对耗。罗峰以神眼秘术第六卷攻击摩罗撒，摩罗撒虽痛苦仍能全力攻击，其意志抵抗比神眼真主还强。摩罗撒再分解九十九分身逃逸，罗峰无法追上。,摩罗撒现出本尊以红光轰碎锁链宇宙逃逸，罗峰神眼秘术未能压制其意志，界兽逃脱。
宇宙最强者,战后,人物心理、情节推进,情感,罗峰推断界兽靠吞吃小型宇宙本源增强实力，金角分身一路虽未杀界兽但逼其现出本尊已近极限，另一路（星辰塔一路）更强。摩罗撒确信罗峰抓不住它，决定遇到罗峰即逃。罗峰在虚拟宇宙向五十余真神通报战况：界兽靠吞吃变强、现本尊可跃升两阶战力，但自己分身未携最强宝物。,罗峰通报界兽两大灾难性讯息（吞吃变强、本尊红光跃升两阶），宇宙海各族沉重。
宇宙最强者,我必全力,人物心理、悟道,修炼、情感、爽点,罗峰向众真神承诺必竭尽全力杀界兽。罗峰在无尽幽海看地球静心，坐山客来谈，称罗峰是宇宙海唯一生机，等其成真神才有灭绝界兽的可能。界兽战后更加小心，九幽真主与界兽一战，以无尽神力海洋淹没界兽，界兽分两份逃逸但元气大伤。,坐山客断言罗峰是唯一生机，九幽真主以无尽神力海洋重创界兽。
宇宙最强者,又在我这!,转折高潮、战斗描写,战斗、高潮,祖神秘境沫花真神担忧界兽浩劫。坐山客在宇宙舟外暗自期盼罗峰成功。罗峰金角分身三年多后在横行魔神小型宇宙外再守到界兽，以宇宙锁链、雪花世界困住摩罗撒九十九分身。摩罗撒愤怒被罗峰纠缠，被九幽真主重创后刚刚恢复。,罗峰金角分身再次守到界兽，以锁链宇宙再度困住摩罗撒。
宇宙最强者,星辰塔之威,战斗描写、转折高潮,战斗、高潮,"罗峰星辰塔一路（最强战力）在横行魔神小型宇宙外守到界兽，摩罗撒见星辰塔大惊。摩罗撒威胁引领大批界兽过来，罗峰冷然以对。罗峰以弑吴羽翼""一念虚空""+星辰塔第六重""漩涡世界""双重笼罩，令摩罗撒九十九分身倒飞回来，被迫合一。","罗峰星辰塔一路最强战力出手，以""一念虚空""""漩涡世界""双重笼罩困住摩罗撒。"
宇宙最强者,界兽之血,战斗描写、装备获取,奖励、战斗,罗峰以乌启神+血影刀施《金光之海》连绵消耗摩罗撒力量，再以八阶秘法《兽之金角》刺穿摩罗撒身体，取得界兽血液（被漩涡世界吞入星辰塔）。摩罗撒怒称自跨入三阶除贝迪外无人令其流血。罗峰从其言推断界兽分阶、贝迪亦是界兽。,罗峰以《兽之金角》刺穿界兽取得界兽血液，推断界兽分阶体系与贝迪身份。
宇宙最强者,初生,转折高潮、设定揭示,揭示、设定、高潮,"罗峰以《金光之海》连续消耗摩罗撒，摩罗撒力量损失过半。摩罗撒绝望燃烧核心力量，体內冲出璀璨彩光形成彩光通道争夺空间掌控权，穿透""一念虚空""范围瞬间传送离去，从三阶跌回一阶。罗峰推断界兽三阶靠吞吃其他界兽提升，彩光通道代价是退回一阶。",摩罗撒燃烧核心力量施彩光通道逃逸，从三阶跌回一阶，罗峰推断界兽分阶机制。
宇宙最强者,真是没用,人物心理、氛围营造,情感、设定,"摩罗撒退回一阶巅峰，在巢穴中极弱，决定拼死吞吃一界兽升至二阶。罗峰回原始宇宙向众真神通报再次失败，公开战斗场景。坐山客、紫月始祖等各方焦急。紫月始祖骂罗峰""真是没用""，但又不得不盼罗峰成功。",罗峰最强战力仍未杀界兽，宇宙海各族绝望，紫月始祖又骂又盼。
宇宙最强者,倒戈?,矛盾展现、氛围营造,冲突、设定,东帝始祖平静面对界兽危机。神眼族内部墨龙之主、第三真主提议投靠界兽以求超脱轮回，神眼真主痛苦犹豫。宇宙海各族心思浮动，想投靠界兽者众。三大祖神奉本源意志传讯：投靠界兽不易且将是灾难。坐山客担忧罗峰何时突破真神。,宇宙海各族心思浮动欲投靠界兽，本源意志传讯警告投靠是灾难，坐山客担忧罗峰突破。
宇宙最强者,界兽生命,悟道、设定揭示,修炼、揭示、设定、爽点,"罗峰将界兽血液送回无尽幽海，以天赋""创造""剖析界兽生命结构图：一滴血液含十万光点，每光点为超微型界兽，每微型界兽又含极复杂结构图。罗峰发现界兽生命结构图与真神、虚空真神本质不同（如计算机语言与音乐之别），但属另外一条路线。罗峰携界兽血液入墓陵之舟修炼空间参悟。",罗峰剖析界兽生命结构图，发现界兽与宇宙海生命本质不同却为另外一条浩瀚路线。
宇宙最强者,巢穴,情节推进、伏笔深化,伏笔,罗峰地球人本尊从晋之世界消散回原始宇宙，仅留神力分身。界兽摩罗撒在巢穴中拼死吞吃一重伤二阶界兽升至二阶，被垂死界兽告知已将其退回一阶的消息传遍巢穴，且贝迪已跨入四阶。摩罗撒注定无法成为最后王者，决意死前报复罗峰。贝迪得知摩罗撒退回一阶，记下银河领主之名。,摩罗撒吞吃一界兽升至二阶，得知贝迪四阶，决意死前报复罗峰，贝迪记下罗峰之名。
宇宙最强者,悟,悟道、设定展开,修炼、设定、爽点,贝迪加快吞吃二阶界兽提升实力。三大祖神、真衍、紫月始祖、东帝始祖、神眼真主等宇宙海各族皆期盼罗峰突破真神。罗峰入宇宙舟黑纹石柱空间，以墓陵之舟靠近至60万倍时间加速区域（意志极限），在修炼空间内叠加千万倍时间加速修炼。罗峰行走倾峰界、宇宙舟、流重山、原始宇宙各地观察生命孕育与天体运转悟道，意志逐渐蜕变。,宇宙海各族期盼罗峰突破，罗峰借黑纹石柱千万倍加速修炼并行走各地悟道。
宇宙最强者,突破，连锁反应，传说,转折高潮、悟道,修炼、高潮、爽点,罗峰在地球外太空悟透宇宙之主真神一派系与界兽一派系的共通点，重组生命结构图，连锁反应下生命结构图化为十万光点（每光点为超微型赤裸罗峰）。生命基因层次突破至十万倍（远古文明传说级，从未有记载），引起至高规则降临，亿万金光照耀整个原始宇宙，原始宇宙亿万族群（含真神）尽皆跪拜朝贺。,罗峰生命基因层次突破至十万倍传说级，至高规则降临，原始宇宙亿万族群跪拜朝贺。
宇宙最强者,真神,转折高潮、设定揭示,揭示、设定、高潮,祖神教、星空巨兽联盟、人类等各族真神震撼于跪拜朝贺，断定罗峰突破真神。坐山客险些跪伏逃入宇宙通道。罗峰确认生命基因层次十万倍。无尽幽海重组至十万倍，吞吸法则海洋神力一年多恢复至直径12光年。罗峰携幽海分身、魔杀族分身、金角分身入神国，准备神国扩张为小型宇宙。,罗峰神体突破十万倍，无尽幽海重组，准备神国扩张为小型宇宙成真神。
宇宙最强者,小型宇宙,设定展开、转折高潮,设定、高潮,罗峰神国扩张为小型宇宙，混沌气流涌入，七天扩张至一亿光年后仍持续扩张，最终直径达十亿光年（一般真神仅一亿光年，紫月圣地21亿光年、东帝圣地32亿光年乃虚空真神级）。小型宇宙被原始宇宙膜壁弹出进入宇宙海。宇宙海各族震撼，紫月始祖震惊罗峰真神小型宇宙即达十亿光年。,罗峰小型宇宙直径达十亿光年（真神级传说），被弹出原始宇宙入宇宙海，各族震撼。
宇宙最强者,分身合一，宇宙架构,设定展开、悟道,修炼、设定、爽点,"罗峰小型宇宙内分身合一反本归源，几大分身崩解，神力聚变精纯百倍凝聚为本尊，真神之心成。罗峰根据生命结构图感悟创出""一元之始""架构之法（超越此前设想的""九重天""），开始架构小型宇宙：十万诸天位面空间旋转，宇宙本源内十万星球对应。","罗峰分身合一成真神，创""一元之始""架构之法，开始架构十万诸天小型宇宙。"
宇宙最强者,一元之始，界兽来了,转折高潮、设定展开,设定、高潮,"摩罗撒回宇宙海，从九头魔主（已投靠界兽的奸细）处得知罗峰成真神、亿万族群跪拜、小型宇宙十亿光年等讯息，趁罗峰架构小型宇宙期间疯狂吞吃。罗峰完成""一元之始""架构：十万诸天环绕中央虚空漩涡旋转，本源汩汩冒出神力，混沌气流疯狂被吞吸转化。","九头魔主奸细身份暴露，摩罗撒趁罗峰架构小型宇宙期间疯狂吞吃，罗峰完成""一元之始""架构。"
宇宙最强者,急剧提升,悟道、设定展开,修炼、设定、爽点,"摩罗撒连续吞吃六处小型宇宙本源，混沌城主率真神大军守护罗峰小型宇宙禁止打扰。罗峰感悟""混沌衍变""（混沌法则化为十大基础法则），境界飙升至可随手创十阶秘法。混沌衍变只有成真神这一次机会。罗峰小型宇宙运转法则定型，出小型宇宙。",罗峰感悟混沌衍变境界飙升，混沌城主率军守护其不被打扰，摩罗撒连续吞吃六处。
宇宙最强者,巡狩,设定揭示、情节推进,揭示、设定,"罗峰出小型宇宙，原始宇宙各族真神守护在外。罗峰回原始宇宙参加真神庆典（因界兽威胁从简一天）。混沌城主告知界兽吞吃速度只有上次一半，可能示弱或布陷阱。罗峰入宇宙海巡狩，挖掘身体潜力，发现""无形无相""能力：可收敛生命气息、模拟任何气息、变化为血肉金属植物等、化为界兽之力。","罗峰成真神后巡狩，挖掘出十万倍生命层次的""无形无相""能力，可化为界兽之力。"
宇宙最强者,摩罗撒最后的癫狂,转折高潮、氛围营造,设定、高潮,"罗峰以""无形无相""可转化为界兽之力（仅力量转化，无彩光通道等手段）。摩罗撒向界兽巢穴所有界兽传递罗峰讯息（宇宙之主时即力压宇宙海、打其退回一阶、现已成真神），警告贝迪四阶巅峰遇罗峰也必死，促界兽们加速进化联手。摩罗撒决定吞吃原祖初始宇宙本源（原祖被镇压无意志加持，吞吃速度最快）报复罗峰。",摩罗撒向界兽巢穴传递罗峰讯息，决定吞吃原祖初始宇宙本源报复罗峰。
宇宙最强者,生擒,战斗描写、转折高潮,战斗、高潮,原祖传讯混沌城主初始宇宙本源遭吞吃，一小时将损失八成。混沌城主率众真神透过宇宙通道赶赴初始宇宙，彭工真神、黑暗真神等各施手段围攻摩罗撒，摩罗撒分解逃脱后再次返回吞吃。混沌城主分十队环绕守护。罗峰以虚空真神级瞬移一个多小时赶回，以星辰塔黑暗漩涡吞吸摩罗撒。,混沌城主率真神大军救援初始宇宙未果，罗峰赶回以星辰塔生擒摩罗撒。
宇宙最强者,镇压,转折高潮、设定揭示,揭示、设定、高潮,罗峰以星辰塔轻松生擒摩罗撒，众真神震撼。罗峰入自己小型宇宙星辰塔镇压空间，以一念虚空、镇压空间、宇宙本源三重力量压制摩罗撒令其无法自爆。摩罗撒拒绝透露界兽巢穴情报。罗峰怀疑星辰塔乃晋之神王遗留宝物（非坐山客所说亲手炼制）。罗峰决定奴役摩罗撒，以神力奴役手段三次失败。,罗峰三重力量镇压摩罗撒令其无法自爆，神力奴役失败，怀疑星辰塔乃晋国遗留。
宇宙最强者,奴役,转折高潮、悟道,修炼、高潮、爽点,"罗峰发现界兽体内存""界""抵制一切异种力量，神力奴役手段碰触""界""即溃散。罗峰转用界兽之力施奴役图符，穿透""界""进入摩罗撒灵魂深处，但奴役仍失败。罗峰在千万倍时间加速下苦学《三星界》（晋之神王麾下称圣存在""金""所创幻术流奴役绝学），一年多后学会初卷。","罗峰发现界兽体内""界""抵制异种力量，转用界兽之力，苦学《三星界》奴役绝学。"
宇宙最强者,共同的敌人（本篇终章）,转折高潮、核心伏笔,伏笔、高潮,罗峰以《三星界》水滴状晶体奴役摩罗撒成功，摩罗撒灵魂深处绝对遵从罗峰。奴役引起至高规则警告（生死危机警告）。摩罗撒透露此前已将罗峰讯息传遍界兽巢穴，巢穴约一千万头界兽，最顶尖为四阶，所有界兽感应到摩罗撒被奴役，有了共同敌人——银河领主罗峰，界兽们愤怒咆哮，可能联手，第二十八篇至此完整收官。,罗峰以《三星界》奴役摩罗撒成功，引起至高规则警告，千万界兽有了共同敌人罗峰，全篇最大悬念收束。
29_最终篇_超脱轮回_大纲,界兽五法,A、B,,"罗峰获得界兽五大秘法传承，分别是界兽在六个阶段中逐步掌握的核心手段。摩罗撒详细讲解界兽从一阶到六阶的能力演变：一阶初始手段（分体逃命、吞噬本源），二阶燃血之法，三阶级光通道，四阶级光领域，五阶杀招""毁灭""，六阶毁灭轮回。罗峰据此推演出界兽巢穴的进化规律与最终王者的诞生条件，为后续战略制定提供依据。",罗峰获知界兽六大阶段全部能力底牌，制定对抗界兽浩劫的总体战略。
29_最终篇_超脱轮回_大纲,最后的准备,A、B,,罗峰进行最终战前准备，将三大分身分成两路部署——幽海分身与魔杀族分身携带星辰塔、弑吴羽翼等至强至宝为超绝战力路，金角巨兽分身携机械流宝物为另一路。罗峰在银河位面为十六位弟子授课，展示其对十大基础法则已达极高造诣，创出八十三种七阶顶尖秘法、两种八阶秘法。界兽再次出现，罗峰率星辰塔赶赴战场。,罗峰完成双路分身部署，率最强战力迎击再度出现的界兽。
29_最终篇_超脱轮回_大纲,鉴宝,A、B,,罗峰在晋之世界中进行鉴宝，对星辰塔等至强至宝进行深入鉴定。通过鉴定，罗峰进一步了解星辰塔的内部结构与秘法层次，确认其九层二十七重秘法的布局。同时罗峰在晋之世界军备世界中兑换大量克制界兽的宝物与兵器，为深入昏暗之地做装备上的最后补充。,罗峰鉴定星辰塔并兑换克制界兽的宝物，完成装备准备。
29_最终篇_超脱轮回_大纲,星辰塔,A、B,,罗峰深入参悟星辰塔的秘法体系，掌握各层秘法的催发条件与战斗应用。星辰塔第一二层六重秘法可在真神前催发，第三四层需真神实力，第五六层需虚空真神，第七层需永恒真神，第八层需称圣，第九层需神王。罗峰凭借远超境界的实力，已能催发更艰深的秘法层次。同时罗峰与坐山客交流，获取关于界兽巢穴的更多信息。,罗峰掌握星辰塔各层秘法的催发条件与战斗应用。
29_最终篇_超脱轮回_大纲,昏暗之地,A、B,,"罗峰在摩罗撒的指引下深入界兽巢穴所在的""昏暗之地""。昏暗之地空间迷失严重，方向难以判定，唯有摩罗撒的界兽感知才能导航。罗峰发现昏暗之地中数百万界兽分布各处，正在不断吞吃小型宇宙本源以壮大自身。罗峰的目标是深入腹地，逐个猎杀最强界兽，阻止界兽王者过早诞生。",罗峰在摩罗撒指引下深入昏暗之地，计划逐个猎杀最强界兽。
29_最终篇_超脱轮回_大纲,最强之贝迪,A、B,,"罗峰在昏暗之地中遭遇界兽中最强的贝迪。贝迪已跨入五阶，拥有蕴含部分毁灭本源的杀招""毁灭""，是界兽族群中首个达到五阶的存在。罗峰与贝迪展开激烈交锋，贝迪施展""毁灭""绝招，释放出耀眼白色漩涡通道，威能惊天。罗峰凭借星辰塔与自身境界优势，在战斗中窥探到毁灭本源的部分奥妙。",罗峰与五阶界兽贝迪激战，窥探毁灭本源奥妙。
29_最终篇_超脱轮回_大纲,金海珠,A、B,,"罗峰在昏暗之地中获取重宝""金海珠""，这是一件在界兽巢穴环境中极为珍贵的至宝。金海珠的获取增强了罗峰在昏暗之地中的感知与作战能力。同时罗峰利用摩罗撒的界兽感知能力，持续标注昏暗之地中所有界兽的位置与动向，为后续猎杀行动和整体战略提供精确情报。",罗峰获取金海珠，并利用摩罗撒持续标注所有界兽位置动向。
29_最终篇_超脱轮回_大纲,轮回通道,A、B,,"罗峰在宇宙海深处发现""轮回通道""的所在。轮回通道是至高规则所设之物，表面有彩色能量流动，入口处隐隐有亿万模糊身影掠过。罗峰感应到超强召唤与至高规则的指引。通过探测轮回通道，罗峰对宇宙海最深处的奥秘有了初步认知，为日后闯轮回埋下伏笔。",罗峰发现并探测轮回通道，初窥宇宙海最深处的奥秘。
29_最终篇_超脱轮回_大纲,毁灭下的感悟,A、B,,罗峰在观察界兽的毁灭之力与原始宇宙的生命之力后，产生深刻感悟。他发现宇宙之主、真神一系的生命结构图与界兽的生命结构图截然相反却又相通。罗峰开始尝试从两者的共通点入手，寻找突破生命基因层次最后一道门槛的方法。这一感悟成为罗峰后续突破至十万倍生命基因层次的关键契机。,罗峰从生命结构图的对比中找到突破十万倍基因层次的契机。
29_最终篇_超脱轮回_大纲,一念宇宙成,A、B,,"罗峰掌握弑吴羽翼第四重秘法""一念宇宙成""，以""源""为中枢转化能量，可对空间实现绝对掌控。这一秘法令罗峰在镇压界兽时拥有强大优势——界光通道的时空传送也会被""一念虚空""所影响。罗峰凭此在与界兽的战斗中占据主动，将界兽摩罗撒逼至退回一阶才能逃遁的境地。","罗峰掌握""一念宇宙成""秘法，获得对空间的绝对掌控力。"
29_最终篇_超脱轮回_大纲,大灭绝计划,A、B,,"罗峰制定""大灭绝计划""，意图通过深入昏暗之地腹地，逐个猎杀最强界兽，阻止界兽王者诞生。计划核心是利用摩罗撒的界兽感知定位所有高阶界兽，罗峰以星辰塔和至强战力进行精准猎杀。同时罗峰分析界兽进化比例：十亿一阶界兽将诞生三十余六阶界兽，最终诞生唯一王者。罗峰必须在王者诞生前尽可能削弱界兽族群。",罗峰制定大灭绝计划，以精准猎杀阻止界兽王者诞生。
29_最终篇_超脱轮回_大纲,无敌的罗峰,A、B,,罗峰在昏暗之地中展现出碾压性的无敌实力，连续猎杀多名高阶界兽。凭借星辰塔、弑吴羽翼、血影刀等至强至宝，以及远超真神的境界（可创十一阶顶尖秘法），罗峰在界兽群中如入无人之境。界兽们震惊愤怒，意识到银河领主已成为整个界兽族群的最大威胁，必须集中力量围杀。,罗峰展现无敌实力连续猎杀高阶界兽，成为界兽族群最大威胁。
29_最终篇_超脱轮回_大纲,最后的刺激,A、B,,罗峰的猎杀行动对界兽族群形成巨大刺激，加速了界兽们的进化与联合。界兽们意识到若放任罗峰，最终王者可能无法诞生，因此开始大规模聚集围杀罗峰。同时罗峰在与界兽的持续战斗中，对生命结构图的理解越发深刻，十万倍基因层次的突破已近在咫尺。罗峰故意以战斗刺激界兽，为后续战略创造条件。,罗峰的猎杀刺激界兽大规模聚集，同时生命结构突破在即。
29_最终篇_超脱轮回_大纲,弯刀,A、B,,"罗峰在战斗中使用""弯刀""秘法，展现出精准而致命的攻击手段。弯刀秘法是罗峰将血影刀的威能与自身对法则的感悟相结合所创，威力惊人。在与高阶界兽的激战中，罗峰以弯刀秘法一击毙敌，展示了其在攻击手段上的极致造诣。同时罗峰持续通过摩罗撒监控界兽动向，调整猎杀策略。",罗峰施展弯刀秘法精准猎杀界兽，展示攻击手段的极致造诣。
29_最终篇_超脱轮回_大纲,收网,A、B,,罗峰在昏暗之地中的猎杀行动进入收网阶段，大量高阶界兽已被清除。摩罗撒持续标注昏暗之地中界兽的位置变化，罗峰据此精准判断界兽族群的聚集趋势与进化进度。同时罗峰通过奴役摩罗撒获取的界兽全部底细，在晋之世界中大量兑换克制界兽的宝物，为最终决战做全面准备。,罗峰猎杀行动进入收网阶段，为最终决战全面准备。
29_最终篇_超脱轮回_大纲,大灭绝,A、B,,罗峰在昏暗之地中实施大规模灭绝行动，大量界兽被猎杀。然而界兽族群在生死威胁下加速进化与联合，数百万界兽开始向罗峰所在位置聚集围杀。罗峰面对百万界兽的围攻，凭借星辰塔与至强至宝从容应对。同时九十万界兽突破昏暗之地进入宇宙海，对各族小型宇宙发起吞吃攻击，形势危急。,罗峰实施大规模灭绝，九十万界兽涌入宇宙海威胁各族。
29_最终篇_超脱轮回_大纲,极度恐惧,A、B,,九十万界兽涌入宇宙海，第一轮回时代与第二轮回时代的小型宇宙接连被吞吃毁灭，各族真神陷入极度恐惧。罗峰一方面在昏暗之地继续猎杀界兽，一方面通过摩罗撒掌握全部界兽动向并向各族通报。宇宙海一片风声鹤唳，各族真神虽联合组队抵抗界兽，但面对庞大数量的界兽群仍力不从心。,九十万界兽涌入宇宙海，各族小型宇宙接连毁灭，陷入极度恐惧。
29_最终篇_超脱轮回_大纲,浩劫,A、B,,界兽浩劫全面降临，罗峰三大分身分两路守护宇宙海。罗峰在银河位面为弟子授课时感知到界兽再次出现，立即赶赴战场。同时罗峰在万亿纪元中对十大基础法则的研究已达极高造诣，创出八十三种七阶顶尖秘法和两种八阶秘法，厚积薄发只待突破真神。洪、火穹两位真神在星辰塔中默默守候，等待最终决战。,界兽浩劫全面降临，罗峰率分身两路守护宇宙海迎战。
29_最终篇_超脱轮回_大纲,最残酷的时刻,A、B,,各族真神面对界兽浩劫充满担忧与不安，罗峰向他们承诺必竭尽全力杀死界兽。罗峰回到银河圣地无尽幽海上，遥望地球，心乱如麻。坐山客前来开导，指出罗峰是宇宙海唯一的生机，界兽代表毁灭、原始宇宙代表生命，二者对立。坐山客坦言罗峰当前还不够强，等成为真神后才有灭绝界兽的可能。罗峰意识到肩上重任之沉重。,坐山客点明罗峰是宇宙海唯一生机，成真神后方可灭绝界兽。
29_最终篇_超脱轮回_大纲,求放原祖,A、B,,罗峰率星辰塔追击界兽摩罗撒，在横行魔神提供的坐标处再度将其截获。界兽摩罗撒愤怒嚎叫，威胁罗峰若逼太甚将引领一批界兽过来。罗峰心中一震——一批界兽的威胁极为可怕。同时各族真神在宇宙海中艰难抵抗界兽吞吃小型宇宙，形势严峻。罗峰在战斗中试图从摩罗撒口中获取更多界兽巢穴情报。,"罗峰再度截获摩罗撒，摩罗撒以""引领一批界兽""相威胁。"
29_最终篇_超脱轮回_大纲,逼罗峰,A、B,,罗峰在地球外太空中参悟生命结构图，终于找到宇宙之主真神一系与界兽一系生命结构图的共通点。罗峰开始重组自身生命结构图，大框架连接发生迥异变化，连锁反应下整个生命结构图化为十万光点，每一光点都是一超微型罗峰。生命基因层次突破至十万倍！神力化为耀眼金光，席卷全身，罗峰正式跨入真神——神体第三层次，无限神体。,罗峰生命基因层次突破至十万倍，正式跨入真神，获无限神体。
29_最终篇_超脱轮回_大纲,守护,A、B,,"罗峰突破真神后，无尽幽海在法则海洋配合下迅速吞吸神力，短短一年多便恢复至直径12光年极限。罗峰确认神体第三层次的""无限神体""也非真正无限，直径12光年是原始宇宙法则海洋储备的限额。随后罗峰将幽海分身、魔杀族分身、金角巨兽分身与本尊合一，开始凝聚最强战力，为守护族群迎战界兽做最终准备。",罗峰突破后幽海恢复至12光年极限，四身合一凝聚最强战力。
29_最终篇_超脱轮回_大纲,吞吃罗峰的宇宙,A、B,,罗峰决定奴役界兽摩罗撒，而非仅活捉它阻止王者诞生。奴役成功后摩罗撒将知无不言，且可培养成最终王者为己所用。罗峰先后施展断东河一脉与晋之世界的顶级奴役手段，却全部直接消散，未感应到任何反抗与对耗。罗峰大为疑惑，界兽的生命本质远超预期。经过反复尝试，罗峰最终找到正确的奴役方法——以十万倍生命层次转化的界兽之力配合极高意志，成功奴役摩罗撒。,罗峰经历多次失败后，成功奴役界兽摩罗撒。
29_最终篇_超脱轮回_大纲,界兽们的最后一搏,A、B,,"罗峰通过奴役摩罗撒获知界兽全部底细。摩罗撒详细讲解界兽六阶能力：一阶初始手段，二阶燃血之法（消耗血液不伤根本），三阶级光通道（燃烧""界""的时空传送，伤根本），四阶级光领域（界光幅散影响外界），五阶杀招""毁灭""（蕴含毁灭本源），六阶毁灭轮回。罗峰据此推演界兽巢穴进化比例，判断当前仍处早期，但罗峰的威胁正加速进化。罗峰在晋之世界大量兑换克制界兽的宝物。",罗峰通过摩罗撒获知界兽六阶全部能力，兑换克制宝物。
29_最终篇_超脱轮回_大纲,罗峰的队伍,A、B,,"五阶界兽贝迪施展最强杀招""毁灭""，以血色纹图为骨架凝聚巨大光之界兽，释放耀眼白色漩涡通道，威力惊天。罗峰进入星辰塔观察这一招，从中窥出部分毁灭本源奥妙。罗峰此时境界已达虚空真神级（可创十一阶顶尖秘法），只要愿意即可令小型宇宙蜕变成虚空真神。罗峰率队伍深入昏暗之地腹地，计划逐个猎杀最强界兽。","贝迪施展""毁灭""，罗峰从中窥见毁灭本源奥妙，率队深入腹地。"
29_最终篇_超脱轮回_大纲,诞生,A、B,,罗峰杀死五阶界兽贝迪后，整个昏暗之地的界兽震惊愤怒，百万余界兽迅速朝罗峰所在位置聚集围杀。罗峰立即瞬移撤离，并令摩罗撒时刻标注所有界兽动静。摩罗撒操控巨大昏暗之地模型，显示约一百六十三万界兽正朝罗峰聚集，且至少都是二阶巅峰。罗峰面对百万界兽围杀，必须在被包围前继续猎杀高阶界兽，阻止界兽王者过早诞生。,罗峰杀贝迪后百万界兽聚集围杀，必须在被围前继续猎杀。
29_最终篇_超脱轮回_大纲,因战斗而绚烂多彩，因你们而无尽光明,A、B,,"九十万界兽进入宇宙海，罗峰以最快速度扫荡各族小型宇宙周围的界兽。罗峰驾驭星辰塔，施展""一念宇宙成""秘法对空间绝对掌控，以血影刀劈出近一光年长的白金色刀光，一击贯穿小型宇宙膜壁直取本源。九头魔主等真神试图阻拦却被罗峰的实力震撼。罗峰以雷霆手段清除宇宙海中的界兽，同时确保所守护的族群安全。",罗峰以雷霆手段扫荡宇宙海中的界兽，全力守护族群。
29_最终篇_超脱轮回_大纲,最终之战,A、B,,罗峰与混沌城主前往祖神宫，原祖被本源意志释放。原祖现身，混沌城主激动落泪。原祖的小型宇宙有意志加持，能多撑一段时间。罗峰在虚拟宇宙众神殿中向各族真神公布所有界兽位置，部署最终决战。各族真神本尊齐聚银河圣地，通过虚拟宇宙协调作战。最终之战——界兽王者诞生之战即将在宇宙海深处爆发。,原祖被释放，罗峰部署最终决战，界兽王者诞生之战即将开始。
29_最终篇_超脱轮回_大纲,最后的胜利者,A、B,,"最终之战爆发。界兽漠河施展最强杀招""毁灭轮回""——两条耀眼白色漩涡通道缠绕冲击，威力超越八百万界兽联合一击。罗峰无法躲入星辰塔（否则摩罗撒会被漠河趁机杀死），先以星辰塔秘法""星辰之河""迎击，再以最强刀法""生命之门""硬抗。罗峰被正面轰中，以五对羽翼包裹守护摩罗撒，吐血翻飞却屹立不倒。最终漠河被击败，摩罗撒成为最后的胜利者。","罗峰以""生命之门""硬抗""毁灭轮回""守护摩罗撒，漠河败亡。"
29_最终篇_超脱轮回_大纲,界兽王者的诞生,A、B,,漠河死后，摩罗撒成为最后一头界兽，即将进化为界兽王者。罗峰虽无比激动，仍冷静将摩罗撒收入星辰塔内突破，以防王者诞生时摆脱奴役。星辰塔乃神王兵器，即便是巅峰界兽也无法打破。罗峰回顾奴役王者的三大条件：生命层次十万倍、意志极高、灭杀界兽族群——三条件缺一不可，罗峰全部达成。摩罗撒在星辰塔内成功进化为界兽王者，代表毁灭本源，地位可媲美原始宇宙。,摩罗撒在星辰塔内进化为界兽王者，罗峰成功奴役最终王者。
29_最终篇_超脱轮回_大纲,紫月宇宙的破灭,A、B,,界兽浩劫终结后，罗峰携摩罗撒前往紫月圣地宇宙复仇。紫月始祖打压人类、数次欲杀罗峰，早已成死敌。同时罗峰需取回弑吴羽翼最后部件。在虚拟宇宙众神殿中，罗峰向各族真神宣布最终之战胜利，众神欢呼。紫月圣地宇宙在罗峰与界兽王者的攻击下即将毁灭，紫月始祖惊恐绝望。罗峰以冷酷手段终结紫月圣地。,罗峰宣布浩劫终结，随后毁灭紫月圣地宇宙，复仇并取回至宝部件。
29_最终篇_超脱轮回_大纲,宇宙海的深处,A、B,,紫月圣地宇宙即将从宇宙海消失，各族真神意识到罗峰实力远超想象——连解决界兽浩劫的恐怖存在，毁灭紫月圣地轻而易举。紫月始祖最初以为是界兽吞吃，拒绝相信罗峰所为，直到原始宇宙本源意志确认界兽浩劫已过。紫月始祖惊恐绝望，其族群面临湮灭。罗峰实力之强令整个宇宙海颤栗。,紫月始祖惊恐绝望，各族震慑于罗峰远超想象的恐怖实力。
29_最终篇_超脱轮回_大纲,释放原祖,A、B,,"罗峰返回原始宇宙，与混沌城主前往祖神宫。三位祖神确认界兽浩劫已过，本源意志遵守承诺释放原祖。原祖通过空间虫洞出现在祖神宫，混沌城主激动落泪。原祖意志极强，小型宇宙有意志加持可多撑时间。罗峰对原祖充满钦佩——原祖未得远古传承便创出""虚拟宇宙""秘法，为人温润如君子，是人类崛起的引路者。",本源意志释放原祖，混沌城主师徒重逢，人类迎来新篇章。
29_最终篇_超脱轮回_大纲,晋之世界的消失,A、B,,"原祖讲述被镇压真相：他迅速崛起后怀疑闯轮回是本源意志的阴谋，后发现本源意志本身很脆弱。原祖创出""虚拟宇宙""秘法，令意志遍布原始宇宙，欲夺舍本源意志成为新的原始宇宙本源意志——这违背了至高规则，因此被镇压。罗峰与原祖、坐山客交流，坐山客的晋之世界虚幻意识即将消散。罗峰开始领悟至高规则的本质与本源意志的局限。",原祖揭示被镇压真相（欲夺舍原始宇宙），晋之世界虚幻意识消散。
29_最终篇_超脱轮回_大纲,原始宇宙的末期,A、B,,六万多亿纪元过去，人类族群拥有98位真神、1222位宇宙之主。幽海一脉诞生首位真神西莫，银河国度成立。罗峰隐居小型宇宙九界山修炼，摩罗撒守护在侧。罗峰关注血洛世界少年纳可的成长，曾暗中三次帮助。原始宇宙进入末期，本源开始吸纳一切生命能量与天体能量，恒星急剧衰变，地球被挪移至罗峰的小型宇宙中。,六万亿纪元后人类鼎盛，原始宇宙进入末期衰败，地球迁入小型宇宙。
29_最终篇_超脱轮回_大纲,超脱轮回（大结局）,A、B,,"原始宇宙三年后毁灭，各族大规模搬迁至小型宇宙。罗峰神力化身进入原始宇宙本源空间，意志渗透整个原始宇宙，亲历大毁灭——本源疯狂吞噬一切生命能量，狂暴剧烈。罗峰参悟三十六万纪元，结合生命本源之毁灭与毁灭本源之毁灭，悟出""毁灭之道""，境界跨入永恒真神阶段。小型宇宙扩张至一千亿光年直径，罗峰正式突破为永恒真神。随后罗峰与原祖前往倾峰界闯轮回，进入轮回通道。坐山客的金晶虚幻意识揭示全部真相：坐山客即晋之神王，从起源大陆转生而来；起源大陆是三千维度宇宙海的共同起源；轮回通道连接起源大陆。罗峰抵达起源大陆，全书终。",罗峰悟毁灭之道成永恒真神，闯轮回抵达起源大陆，全书完结。
