卷名,章节名,type,tag,summary,core
秘技三秋叶,孟川和云青萍,人物引入、环境铺陈,人物、设定,"大周王朝吴州东宁府，镜湖道院山水楼弟子、十五岁的孟川婉拒未婚妻云青萍的东山游玩之约，潜心备战玉阳宫斩妖盛会。归家后与青梅竹马柳七月切磋弓刀，柳七月以""七星连珠箭""击败孟川。另一边，云青萍向父亲云符安抱怨孟川木讷，请求解除婚约，遭云符安严厉训斥——点明这桩婚事是云家借孟家千年根基巩固地位的家族联姻，云家定居东宁府仅数十年根基尚浅，若云青萍越规将""清理门户""。云青萍首次见识父亲冰冷一面。",孟川、柳七月、云青萍、云符安等核心人物登场，孟云两家婚约矛盾及家族利益背景铺陈。
秘技三秋叶,"学其上,仅得其中",设定展开、悟道,修炼、设定、爽点,"详述凡俗修炼五重境界（筑基、内炼、洗髓、脱胎、无漏）及刀法两大境界（合一境、势），孟川刀法《落叶刀》大成两年却卡在合一境门槛，悟出秘技方可突破。父亲孟大江（无漏境、悟出刀势）鼓励他多练。教谕马教谕怒斥弟子""学其上，仅得其中""，令孟川顿悟——应向历史上最强的神魔学。他命仆人购齐市面神魔传记及大家族家训，从邓风""每日拔刀万次、拔刀二十年""的记载中受启发，开始从传记中提炼神魔强大的共同点。","凡俗修炼体系与刀法境界设定展开，孟川""学其上""的修行理念确立。"
秘技三秋叶,匠人和宗师,悟道、设定展开,修炼、设定、爽点,"孟川五天整合神魔传记与家训，归纳出""修行九条""：基础重要、次数重要（每日万遍）、一招鲜吃遍天、匠人与宗师之别（唯有享受痴迷方成宗师）等。他意识到自己过去""咬牙苦撑""只是匠人，心态转变后全身心沉浸于落叶刀第一式""拔刀式""，感受刀出鞘的悄无声息与破风之美，热情苏醒。同时，云家地下大殿中，云家老祖（黑发老者）告知云符安：孟家孟仙姑于安海关重伤将死，令其去孟家解除孟川与云青萍的婚约，""如今的孟家不配和我们联姻""。云青萍得知后惊愕。","孟川悟出""修行九条""完成心态蜕变；孟仙姑重伤消息致云家决定解除婚约，孟家衰落伏笔埋设。"
秘技三秋叶,这是好事,情节推进、人物心理,情感,"孟川在书房画画（自幼爱好，母亲所传），回忆六岁妖族浩劫中母亲去世。孟大江带孟川前往孟家祖宅，云符安单独前来当场撕毁婚书，孟家众长老虽怒却隐忍。孟川敏锐察觉三大疑点：云家仅派最弱的云符安前来、长老们反常隐忍、云符安反常放肆，推断背后原因""要么云家傍上大靠山，要么是孟家出了事""。归家后孟川告知柳七月婚约解除，坦言""这是好事""。",婚约正式解除，孟川展现超出年龄的洞察力，孟家隐忍暗示家族危机。
秘技三秋叶,老祖宗归来,人物引入、转折高潮,人物、高潮,"二月初九，重伤的孟仙姑由神魔友人黄香凝（驾驭雷霆飞禽）送回东宁府，以隐匿波纹之术潜入孟家祖宅，唯族长孟炎平（其亲弟）可见。孟仙姑今年一百一十二岁，三十五岁成神魔，庇护孟家近八十年。她召集众长老于烈火大殿，询问年轻一代有望成神魔的苗子——孟大江四十七岁未凝丹希望渺茫，孟铸二十三岁悟秘技太晚，孟文英十六岁、孟川十五岁却都未悟秘技。孟仙姑下令全力加大培养全族小辈，""在我死之前，我要看到一个有望成为神魔的苗子""。",孟家擎天柱孟仙姑重伤归来，家族面临神魔断层危机，开启全力栽培后辈的序幕。
秘技三秋叶,倾力栽培,设定展开、情节推进,设定,"孟家祖宅向二十岁以下两千余族人发放十倍于以往的丹药银两资源，不惜代价栽培十年。孟大江为孟川配备八位洗髓境、三位脱胎境专门陪练，并每月请六位无漏境强者轮流每日陪练一个时辰。孟川心态转变后沉浸于落叶刀，发现八十一式美感可连成一气——招数如大石滚山越滚越快，若连成一体便可""自然而然""施展秘技。他日渐疯魔练刀，距合一境越来越近。",孟家倾力栽培孟川；孟川触及落叶刀八十一式连成一气的秘技门槛。
秘技三秋叶,镜湖道院的决选,转折高潮、爽点设置,爽点、高潮,"二月二十七，孟川终于悟出秘技""三秋叶""——身心技三者合一，身法刀法快且飘忽，施展时留下残影。他达到刀法第一重大境界""合一境""，激动回想六岁母亲为护他而死的妖族浩劫，立志成神魔。回忆东宁府第一天才梅元知十五岁悟秘技、二十岁悟""冰势""的标杆。次日道院决选名额，孟川与柳七月打赌（赢则七月做一个月晚饭，输则孟川交出骏马图）。孟川第一个上擂台，宣称""第一个名额就先归我了""。","孟川悟出秘技""三秋叶""达到合一境，成为有望神魔的绝世天才苗子。"
秘技三秋叶,秘技'三秋叶',爽点设置、转折高潮,爽点、高潮,"孟川在擂台以秘技""三秋叶""一招击败洗髓境十大弟子第一的白贯（双剑之术高手），刀放白贯脖颈，全场震惊。院长葛钰（东宁府第一快刀）手中酒坛摔碎，教谕们激动万分——镜湖道院出了十五岁掌握秘技的弟子。数千弟子沸腾，孟家子弟飞奔回祖宅报喜。葛钰令脱胎境圆满的大师兄吴琦上擂台与孟川交手。","孟川公开展现秘技""三秋叶""击败白贯，东宁府诞生十五岁绝世天才的消息传开。"
秘技三秋叶,神魔体,战斗描写、设定展开,战斗、设定,"孟川以洗髓境之身击败脱胎境圆满的吴琦（修炼""暗云魔体""、擅《两仪盾刀术》）。详述脱胎境修炼神魔体令凡人拥有部分神魔力量，力量速度远超洗髓境；秘技""三秋叶""令孟川爆发力量达吴琦七成、速度碾压，连续七刀破两仪盾刀术。吴琦认输，称孟川为镜湖道院当代大师兄。孟家子弟奔入祖宅高喊""孟川悟出秘技了""。玉阳宫主身后的白衣少年晏烬与老仆同行，听闻孟川之名，低声自语""孟川""。",孟川以洗髓境击败脱胎境圆满大师兄，成为道院第一；神秘白衣少年晏烬初次现身。
秘技三秋叶,家族的希望,情感展现、设定展开,情感、设定,"孟川悟秘技的消息传遍孟家祖宅，族人们激动奔走相告。三长老（光头干瘦老者）表面冷面内心欣慰。孟大江得知后""走路都飘着""。众长老齐聚孟仙姑处，孟仙姑冷静告诫：孟川仅跨出第一步，距成神魔还有""刀势、凝丹、生死关""三大门槛，且须二十岁前悟出刀势方有三分希望进入元初山（最古老修行之地，进则必成神魔）。孟仙姑以自身经历（十六岁悟秘技、二十二岁悟势、未能进元初山仅成外门弟子、历经九死一生）说明艰难，嘱孟大江接孟川备战斩妖盛会，勿过度吹捧。孟大江等长老至道院迎接孟川归家。",孟家上下因孟川悟秘技而重燃希望，孟仙姑点明成神魔三大门槛及元初山目标。
秘技三秋叶,拜访玉阳宫主,人物心理、悬念设置,伏笔、情感,"云符安在酒楼听曲闻孟川悟秘技击败吴琦之讯，脸色阴沉，""哼，悟出秘技又怎样，成神魔还差得远""。东宁府各方议论云家刚解除婚约却逢孟川一飞冲天。孟川与柳七月打赌揭晓——孟川早已突破，柳七月赌输需做一个月晚饭，柳七月虽不服但一言既出驷马难追。孟大江叮嘱孟川勿骄傲，父子比试。孟川画""三秋叶""长卷画记录心境。白衣少年晏烬与老仆行至东宁府，言""这是我娘的家乡""，前往玉阳宫拜访玉阳宫主。","云符安对孟川敌意加深；晏烬身份悬念埋设（""我娘的家乡""）。"
秘技三秋叶,斩妖盛会,环境铺陈、设定展开,设定,三月初三，镜湖道院院长葛钰率孟川、吴琦等六弟子赴玉阳宫斩妖盛会。玉阳宫为元初山在每座府城所建圣地，玉阳宫主为东宁府最强存在。八大道院、五大家族、朝廷官府各设席位。孟川见云青萍、云符安、云家族长云符成等云家众人。玉阳宫主（玉石雕刻般的高大青年）登场，身后站着梅元知与白衣少年晏烬。知府宣布斩妖盛会规矩：少年英杰上擂台与妖怪生死搏杀，抵挡不住跳下擂台可活命，外人不得插手。第一头猪妖登场，断臂男子以美食诱之连胜可回牢。,玉阳宫斩妖盛会开幕，玉阳宫主、梅元知、晏烬同台亮相，妖怪搏杀规则确立。
秘技三秋叶,人族和妖族,战斗描写、设定展开,战斗、设定,烈阳道院张如尚（擅盾牌）首战猪妖，猪妖隐藏实力一爪震飞张如尚使其吐血退场。春雨道院夏侯竦刀法精妙却因刀被猪妖肌肉卡住，被一掌拍飞重伤（幸赖家传护身宝甲保命）。风央道院神箭手阮密登场，以连珠箭射穿猪妖双腿令其速度减半，最终第十二箭贯穿猪妖头颅将其射杀。展现妖怪身体强横、生命力顽强、会算计隐藏实力等特点，及人族服兵役战死过半的残酷背景。,三场人妖搏杀展现妖怪凶残狡诈与人族弓箭手威力，铺垫孟川登场。
秘技三秋叶,孟川登场,战斗描写、爽点设置,战斗、爽点,狼妖连胜三场，撕碎白家子弟白凤奇手臂（其祖父怒斥却眼泛红光）。柳七月射杀猫妖后败于豹妖退场。二十三位道院弟子搏杀后，孟川作为唯一悟秘技者最后登场。面对连胜两场的大妖羊妖，孟川因对妖怪的深仇（六岁浩劫记忆）而杀意浓烈，身心技合一爆发超常力量，一刀斩落羊妖头颅——仅一刀毙命。玉阳宫主向梅元知评点孟川心性不错。云符安眼神阴冷，云青萍则首次心生波澜。,孟川首次杀妖，一刀斩杀羊妖，展现对妖族的刻骨仇恨与超水平临战状态。
秘技三秋叶,隐藏的妖王血脉,战斗描写、转折高潮,战斗、高潮,"孟川继续留在擂台，玉阳宫安排大妖虎妖登场（长期饥饿仅巅峰三成实力）。孟川以""一触即分""战术凭飘忽身法连划虎妖数刀，重伤其下腹部。虎妖危急时爆发隐藏的""妖王血脉""怒吼，黑色波纹冲击令孟川双耳流血，孟川挡下致命一爪后被轰飞，却机智点擂台借力暴退跳出擂台保命。玉阳宫主惊觉虎妖藏有妖王血脉。虎妖下腹伤口过深无法再爆发血脉。玉阳宫主令白衣少年晏烬登场——众人惊愕，晏烬竟仍是洗髓境。",虎妖爆发妖王血脉吼伤孟川，孟川机智退场；晏烬以洗髓境身份登场迎战大妖。
秘技三秋叶,晏烬和梅元知,战斗描写、人物引入,人物、战斗,"晏烬双手双剑（一阴一阳）正面硬抗虎妖，天生神力令其爆发力量达虎妖八成，剑术达合一境。虎妖再度爆发妖王血脉，晏烬硬扛嘴角带血仍站稳。虎妖下腹伤口在全力爆发下崩裂，伤势加重被晏烬压着打，最终一剑刺穿虎妖眉心毙命。晏烬下擂台时对孟川说唯一一句话：""如果不是你将它重伤，它速度还能快上三成……我也只能逃命""，展现骨子里的骄傲。脱胎境弟子陆续登场，二十四位中三位悟出秘技者表现精彩但潜力不及孟川、晏烬。末场预告：梅元知对战凝丹蜈蚣大妖。",晏烬击杀虎妖并致谢孟川，其天生神力与合一境剑术惊艳全场。
秘技三秋叶,斩妖盛会结束,战斗描写、转折高潮,战斗、高潮,"梅元知对战凝练妖丹的蜈蚣女妖（六臂黑甲壳、女性面孔）。梅元知以""冰势""分化七道剑光迷惑，真身近前一剑刺头颅，女妖夹住长剑，梅元知炸裂长剑碎片伤其面门，双掌凝冰劈其胸膛轰飞女妖。女妖狂怒碎裂妖丹爆发妖力，六手掌射出数百道黑光攻击观战的烈阳、风央道院弟子，尾巴刺向梅元知。玉阳宫主一声""定""，虚空一震粉碎数百黑光，凝固蜈蚣女妖，几步走到擂台将其切割粉碎。女妖临死狂言""这世界终究是妖族的""。玉阳宫主宣布斩妖盛会结束，知府告诫弟子们将来战场更危险需用心修炼。",蜈蚣女妖碎妖丹搏命欲杀道院弟子，玉阳宫主展露神魔级实力镇压，斩妖盛会落幕。
秘技三秋叶,初见姑祖母,人物引入、设定展开,人物、设定,"孟川回忆院长葛钰所言——自创一套顶尖刀法可悟出刀势，葛钰在沁阳关十二年自创邪诡刀法悟势。孟大江带孟川至祖宅拜见姑祖母孟仙姑。孟仙姑交付一滴""神魔玉髓液""（倾尽家族多年积累所换），嘱孟川修炼神魔体时立即服用以打造雄浑神魔根基，并坦白自己重伤仅剩七八年寿命，""等不了太久，必须全力栽培你""。她还承诺将自己在元初山八十年积累的功劳，转至孟川名下（条件是孟川二十岁前悟出刀势）。孟川感到莫大压力但冷静接受。",孟川初见姑祖母，获神魔玉髓液并得知仙姑寿限，承担家族复兴重任。
秘技三秋叶,孟川的修行路,悟道、人物心理,修炼、情感、爽点,"孟仙姑引述安海王（元初山地位极尊的神魔）的指点——""循着直觉，循着内心中最喜欢的方向一路前进""。孟大江回忆自己服兵役十年专精三招刀法，初遇亡妻孟念云时与妖怪搏杀格外空灵而悟出刀势。孟仙姑评点：院长自创刀法在于""博""，孟大江在于""精""，神魔邓风专精一刀却被元初山招揽弥补缺陷。孟川结合""修行九条""确立方向：杀敌、护身、逃命三方面自成体系，专精三条路；杀敌招选""拔刀式""（循内心对""快""的喜爱）。开始以护卫手弩射飞箭、拔刀劈箭的修炼。","孟川融汇前辈指点确立""杀敌/护身/逃命""三招专精修行路线，选择拔刀式为杀敌招。"
秘技三秋叶,父与子,设定展开、伏笔埋设,伏笔、设定,"详述孟川每日三修：一、拔刀式每日八千次劈飞箭（追求更快更准，以树上刀气痕迹上移衡量进步）；二、身法护身刀法——三排共三十名洗髓境、六名脱胎境护卫齐射箭雨，孟川闪避抵挡半个时辰；三、夜间极限拔刀式——以经脉极限爆发真气，身法刀法更快，全力可施展三十一次。孟大江秘密出远门，其酒楼第一的秘诀""莲鱼粉""来源保密。画面转至孟大江与柳夜白在余昉府荒野，孟大江变瘦且咳血受伤，柳夜白心疼他一次次出生入死换""冰心果""为孟川打造神魔根基，孟大江言""为了川儿，付出再多都值""。",孟川每日三修体系展开；孟大江秘密出生入死换奇珍的伏笔深化。
秘技三秋叶,洗髓境圆满,情节推进、伏笔深化,伏笔,"孟大江与柳夜白潜入余昉府城（避开悟出势的守备王潜樊的感应），在富商宅院中孟大江以大量肉食配合丹丸疗伤（奇特修行法门：吃即可变强），六天增重八十斤恢复巅峰胖模样后离去，富商仆人如梦初醒。五月初二二人回到东宁府镜湖孟府，孟大江携""冰心果""归。五月十一深夜孟川洗髓换血圆满。五月十二孟大江带孟川至祖宅，孟仙姑交付神魔玉髓液瓷瓶，询问孟川选择何种神魔体——详述十六种基础神魔体各有擅长（防护、生命力、力量、速度、感知、区域影响等），一旦选择终身不改。",孟大江携冰心果归家；孟川洗髓圆满，面临神魔体抉择。
秘技三秋叶,孟大江隐藏的奇珍,转折高潮、伏笔埋设,伏笔、高潮,"孟川选择""雷霆神体""——十六种基础神魔体中速度最快者，与其快刀特长强强结合。孟仙姑详释雷霆神体成神魔后更可怕（身化雷霆、速度超绝、杀招可怕、易逃命），但""生死关""更难（突破时有雷电劈下，需更深厚根基）。孟大江带孟川至密室，出示三件天地奇珍：冰心果（修炼神魔体第一天服）、神魔玉髓液（第三天服）、星灵草（价值数倍于神魔玉髓液，每日一点一个月吃完）。孟川震惊——星灵草来历不明比家族倾力之物更珍贵。孟大江拒绝透露来源，""该你知道时会让你知道""，暗藏秘密。夜间孟大江独对亡妻画像低语，称星灵草是""念云""留给孟川的。孟川于密室开始突破脱胎境，真气入一百八十二窍穴构成雷霆神体核心立体图，闪电滋生融入身体开始蜕变。",孟川选雷霆神体开始突破脱胎境；孟大江出示三件奇珍，亡妻孟念云留星灵草之谜埋设。
秘技三秋叶,那些人那些事（本集终章）,设定展开、转折高潮,设定、高潮,"孟川服用冰心果、星灵草及神魔玉髓液，配合每日修炼，身体持续向雷霆神体蜕变。一个月后神魔体蜕变放缓（爆发期已过），仅脱胎境前期其肉身与真气已媲美脱胎境圆满，神魔根基雄浑恐怖，在整个东宁府前所未有。三长老（光头精瘦老者）亲至孟府，赠予孟川一张神魔传承残页——刀法""摇落月""，温柔唯美却阴狠毒辣至极，可传承十余次后残页粉碎。孟川决定成神魔前仅参悟九次，每日下午加练半个时辰""摇落月""。玉阳宫寒云池中，晏烬已达脱胎境中期仍坚持每日三时辰苦修，玉阳宫主劝诫无果。当年腊月，梅元知赴元初山参加入门考核最终失败，前往沁阳关服兵役，消息传回东宁府有人嗤笑有人叹息，孟川感压力——进元初山门槛极高，必须比梅元知更强。","孟川脱胎前期即媲美脱胎圆满，获神魔传承""摇落月""；晏烬苦修、梅元知考核失败，本集落幕。"
众生相,名叫红雨的姑娘,人物引入、环境铺陈,人物、设定,孟川踏入脱胎境已一年，在镜湖道院指点师弟周潜剑法后与柳七月前往云江酒楼吃饭。道院弟子周潜回到周府，得知贴身丫鬟红雨被黑狼帮小喽啰魏老大以三百两假欠债强抓抵债。周潜欲出面营救，被父亲周鹤阻止——黑狼帮背后是神魔家族白家，周家惹不起。周潜暗中让孩童铁生去云江酒楼找孟川求助。,红雨被掳事件引发周潜向孟川求助，为闲石苑事件埋下导火索。
众生相,晏烬出手,人物引入、情节推进,人物,孟川与柳七月在云江酒楼遇玉阳宫少年晏烬。孩童铁生赶到求助，孟川吩咐手下处理。晏烬却主动出手，持玉阳宫令牌要求铁生带路立即救人。孟川、柳七月一同前往。魏老大认出孟川后腿软，老仆亮出玉阳宫令牌威慑，魏老大供出红雨已被送往闲石苑。,晏烬嫉恶如仇主动介入，孟川、晏烬联手前往闲石苑救人。
众生相,闲石苑的女子们,环境铺陈、悬念设置,伏笔、设定,孟川、晏烬一行人进入闲石苑——黑狼帮调教女子的六大据点之一。华袍老者护法谄媚应对，七名女子被带出后却各自讲述辛酸故事，并非被强迫而是无路可走才入烟花之地，令孟川等人发蒙。同时揭示闲石苑地下隐秘殿厅中，一名修炼妖法的驼背男子（天妖门强者）正以人心脏修炼，得知外面动静后下令必要时杀掉孟川等人。,闲石苑女子各有辛酸颠覆孟川认知，天妖门强者潜伏于地下殿厅首次现身。
众生相,妖气外放,矛盾爆发、战斗描写,冲突、战斗,"孟川等人心有不甘要求搜查闲石苑，华袍老者阻拦未果。驼背男子现身，体表爆发浓郁绿色妖气，以石子为兵器袭击众人，当场毙命三名帮众及两名无辜女子。孟川、晏烬、老仆三人在死亡危机下全力抵挡。老仆认出对方为""天妖门，妖气外放""的人族叛徒。",天妖门妖气外放强者正式出手袭击，闲石苑事件骤然升级为生死危机。
众生相,求救,战斗描写、转折高潮,战斗、高潮,"晏烬独挡一半石子但被驼背男子一爪拍飞重伤。孟川以刀法""摇落月""救下晏烬，却被驼背男子以断裂指甲（灭绝指）重伤，妖气侵入体内。柳七月射箭无效，老仆服用神血丹实力暴增缠住驼背男子。柳七月背着孟川、晏烬撤离，众人连放求救烟花筒。孟大江、柳夜白在酒楼看到求救烟花立即赶往。",孟川、晏烬重伤濒死，老仆拼命断后，求救烟花惊动孟大江、柳夜白。
众生相,查个底朝天,矛盾收束、人物心理,冲突、情感,驼背男子忌惮五大神魔家族和玉阳宫强者赶到，十个呼吸后主动撤退。老仆与孟川等人汇合，孟大江、柳夜白赶到。孟仙姑轻易驱逐孟川体内妖气。柳夜白、孟大江下令彻查黑狼帮所有据点。黑狼帮帮主刘昶得知闲石苑出事，为灭口暗杀知情弟子阿全，随后被白家三爷带去见白家家主。,天妖门强者撤退，黑狼帮帮主刘昶灭口知情人，孟家、玉阳宫全面彻查黑狼帮。
众生相,周家的命运,人物心理、矛盾展现,冲突、情感,红雨姐弟逃回周府报信。周鹤带周潜携重礼赶往孟府请罪。孟仙姑告诫孟川日后遇到天妖门强者要避让。孟大江得知周潜暗中指使铁生找孟川帮忙后震怒，孟川为周潜求情。孟大江收下周鹤赔礼的千年人参（价值万两），罚周潜一百鞭子了结此事。周家借此逃过一劫。,周家因孟川求情免于覆灭，周鹤的周旋手腕与周家处境的艰难展现。
众生相,众生相 上,人物心理、氛围营造,情感、设定,八天后，孟川翻看玉阳宫结案卷宗：黑狼帮被判无辜但帮主刘昶判服兵役三年、副帮主苦役十年；白家被罚五十万两银子；闲石苑被救女子大多因债务等原因再度走向泥潭。孟川深感无奈憋屈，出门散心。在面馆看到夫妇逗孩子吃馒头、苦力汉子喝酒聊天、老人带孙女去找爹等场景，心中亮堂许多。,孟川翻阅卷宗见识世间无奈，街头所见普通人生活的希望令其心境释然。
众生相,众生相 下,悟道、转折高潮,修炼、高潮、爽点,"孟川在路上遇一位断腿断臂的残疾老人，老人讲述当年沁阳关抵御妖族之战（两万军士仅一千六百三十三人生还），每日出来看着街上人们便觉开心。孟川感悟""人有千百种，有些自甘堕落，有些身处深渊依旧笑容灿烂""。此后孟川历时四个多月绘成八米三巨幅长卷《众生相》，画出东宁府三教九流及边关将士。画毕心灵生出莫大圆满感，眉心识海中人形魂魄彻底凝实，孟川内视发现眉心存在一虚无空间。",孟川画成《众生相》长卷，心灵圆满触发眉心空间（识海/魂魄）觉醒。
众生相,蜕变,设定揭示、悟道,修炼、揭示、设定、爽点,"孟川发现眉心空间内有与自己一模一样的半透明小人，闭眼可感应周围十丈纤毫毕现（连蚂蚁腿上毛刺都看清）、一里内感应一切生命气息。在感应下，刀法的不完美之处清晰可见，孟川夜间苦练拔刀式，身法比平常快五成，触摸到""势""的门槛。次日清晨，两个疑似盗匪的陌生人混入城中。孟川欲与父亲商议眉心空间之事。",眉心空间觉醒带来感知蜕变，孟川触摸到势的门槛。
众生相,拜访姑祖母,设定展开、悬念设置,伏笔、设定,"孟川先告知父亲孟大江眉心空间之事，孟大江闻所未闻。二人拜访孟仙姑，孟仙姑亦从未听过眉心空间。孟仙姑猜测眉心空间即传说中的""识海""，内有魂魄，关系到更强大神魔的修炼——曾听好友提及魂魄居于识海。孟仙姑嘱咐务必保密，待入元初山翻看典籍方知奥秘，并要求孟川尽早悟出势。","孟仙姑猜测眉心空间即""识海""，关系更强大神魔修炼，嘱咐保密待入元初山求知。"
众生相,血云盗,人物引入、伏笔埋设,人物、伏笔,孟仙姑叮嘱眉心空间不可胡乱尝试，顺其自然。孟川返回修炼拔刀式，凭借感应能力预判护卫射箭时机，展现惊人感知。同时，血云盗大胡子男子（赵兄）与肥胖大汉在东宁府一处宅院与银发老者交易赃物，最后拿出一块残破黑铁片——无文字图画却散发极强神魔气息，要价十万两。买方儒雅男子仅愿出两万两，交易未成。儒雅男子命人画出黑铁片图像去请示堂主。,血云盗出售神秘黑铁片，神魔气息极强却用途不明，为黑铁天书残片伏笔埋设。
众生相,心魂之力,设定揭示、悟道,修炼、揭示、设定、爽点,"孟川在护身刀法身法修炼中，近距离箭雨下紧急时刻强烈渴望挡住一箭，有无形力量融入刀中令刀快了些许；继而无形力量融入全身，身心技合一，对肉身感知掌控强了太多倍，爆发潜力暴增，但仅一个呼吸便头脑眩晕。孟川将此无形力量命名为""心魂之力""，并意识到融入全身消耗比融入一刀大十倍。同时天妖门东宁分堂儒雅男子（李香主）将黑铁片画卷呈报驼背副堂主。","孟川发现并命名""心魂之力""，心魂之力可融入刀法或全身短暂暴增实力。"
众生相,势,悟道、转折高潮,修炼、高潮、爽点,"驼背副堂主对黑铁片不以为然。孟川夜间融入心魂之力施展极限拔刀式，真气爆发十五倍，仅第四刀便悟出""刀势""——天地万物尽皆有势，有刀势统领可更深挖掘身体潜力、真气可离体攻击。刀光形成的刀气切开数丈外院墙。孟大江、柳夜白感应到陌生势的气息冲来查看，孟川承认自己悟出了刀势。",孟川十六岁悟出刀势，真气可离体，刀法实现质变。
众生相,碧云楼,转折高潮、人物心理,情感、高潮,孟大江、柳夜白震惊于孟川十六岁悟出势。孟大江拉动求救烟花筒召来孟仙姑，孟仙姑确认孟川真气离体后激动不已。孟仙姑嘱咐悟势之事保密至明年年中再公开（十七岁悟势震撼性小很多），并搬到镜湖孟府居住陪孟川修炼。悟势第七天夜里，孟川凭一里感应发现大半里外有两股浓烈血腥气息，前往碧云楼青楼探查。,孟仙姑嘱咐悟势保密至次年公开，孟川凭感应发现血腥气息前往碧云楼。
众生相,血云盗二当家,悬念设置、伏笔深化,伏笔,"孟川进入碧云楼引发青楼女子们轰动。孟川在雅间借助十丈感应，清晰""听到""同在二楼另一雅间的血云盗两名大盗对话——大胡子男子易容，计划再玩两天离开东宁府进山。孟川凭感应辨认出大胡子的易容手段（假发假胡子假皮），联想到通缉犯""血手赵灿""（光头精瘦、左脸黑痣），确认其身份为血云盗二当家。孟川起身前往二盗所在雅间。",孟川凭感应识破血手赵灿易容身份，确认血云盗二当家行踪。
众生相,刀斩血云盗,战斗描写、转折高潮,战斗、高潮,"孟川进入雅间当场一刀斩杀肥胖大汉。血手赵灿（无漏境）从窗户逃出，孟川追杀。碧云楼客人们目睹孟川杀意冲天。赵灿施展""血魔手""双掌抵挡，被孟川断其一臂后施爆发神魔禁术撞墙逃遁。孟川追出一里地，施展出五成实力并融入心魂之力，断赵灿一腿。赵灿以银票、黑铁片和血云盗宝藏求饶，孟川不为所动，一刀割喉将其斩杀。孟川收走银票和黑铁片。",孟川斩杀血云盗二当家血手赵灿，获得黑铁天书残片。
众生相,传遍全城,情节推进、人物心理,情感,孟川吹哨召集孟家人处理尸体。斩杀血云盗二当家的消息传遍全城，云符安等富家子弟议论纷纷，推测孟川达合一境巅峰、两三年内可能悟出势。孟大江将一万六千两战利品银票交给孟川。孟川夜间研究黑铁片，意识被吸引其中。,孟川斩杀血云盗消息传遍全城，外界低估其实力；孟川意识被黑铁片吸引。
众生相,《雷霆灭世刀》,设定展开、伏笔深化,伏笔、设定,"孟川意识被引入黑铁片中，看到一名伟岸男子在山巅挥劈一刀，恐怖刀光劈中孟川意识致其昏迷头痛流血。醒来后头痛数日方缓，眉心空间小人黯淡许多。三天后开始研究传承讯息——为《雷霆灭世刀》第十七式""五雷降世""（注：后文第二十三章称""五绝灭世""），仅得前两刀诀窍（共五刀），每一刀比前一刀更强，第五刀产生质变。两个月余完全恢复后开始修炼前两刀，需调动心魂之力方能施展。同时天妖门堂主慕容游出关，屠副堂主告知黑铁片之事。",孟川接受黑铁天书《雷霆灭世刀》传承，仅获第十七式前两刀诀窍，天妖门堂主慕容游出关。
众生相,黑铁天书残片,设定揭示、悬念设置,伏笔、揭示、设定,慕容游翻查画卷，确认血云盗所卖黑铁片为黑铁天书《雷霆灭世刀》残片（完整天书碎裂为26块之一）。完整黑铁天书贡献妖族可换一百万大功，一片残片值一万大功。三位天妖门首领决定不惜一切夺取残片。天妖门以妖术控制孟川小院打扫的老仆和丫鬟搜查，未找到黑铁片（孟川将其藏在父亲地下密道密室中）。慕容游决定活捉孟川逼问残片下落。,黑铁片身份确认为黑铁天书残片，天妖门决定活捉孟川逼问。
众生相,夜幕下的截杀,矛盾爆发、战斗描写,冲突、战斗,"二月初六夜，孟川与柳七月、晏烬饭后分别。孟川感应到三股妖异气息逼近，让柳七月先走。天妖门三高手——堂主慕容游（金瞳白眉，凝练妖丹）、副堂主高老三（驼背男子）、副堂主屠尚（雄壮大汉）——三方围堵截杀孟川。孟川假装仓皇逃命，拉动求救烟花筒。孟川选择向高老三方向突围，待其追近后瞬间拔刀，施展""雷霆极限拔刀式""（心魂之力+十五倍真气+刀势+雷霆灭世刀诀窍），一刀将高老三斩为两段。",天妖门三高手截杀孟川，孟川以雷霆极限拔刀式一刀斩杀副堂主高老三。
众生相,什么怪物!!!,战斗描写、转折高潮,战斗、高潮,"慕容游、屠尚震惊于孟川一刀斩杀高老三。孟川补刀杀死仅剩上半身的高老三后，转而杀向屠尚。屠尚心惧逃向慕容游方向。孟川以十丈领域精准掌控战场，利用慕容游挥出的弯刀，以刀轻碰引导其变向误伤屠尚，趁乱以阴柔刀法""摇落月""割喉斩杀屠尚。慕容游不敢相信成了帮手。孟川目光转向慕容游。",孟川借力打力以慕容游之刀误伤屠尚，趁机斩杀副堂主屠尚。
众生相,孟川的第三刀,战斗描写、转折高潮,战斗、高潮,"慕容游逃向漕运河。孟川正常速度跟随（不动用心魂之力），等待姑祖母赶到。慕容游逃至河边前，孟川决定最后一搏，心魂之力融入全身，施展黑铁天书《雷霆灭世刀》第十七式""五绝灭世""——第一刀霸道堂皇，第二刀更霸道令慕容游脏腑受震，第三刀（无诀窍）将前两刀蓄积的雷霆真气全部爆发，以苦修已久的""摇落月""阴柔刀法施展，温柔邪异轨迹难捉。慕容游挡住前两刀，第三刀被旋转诡异力道摆脱弯刀阻碍，断其一臂并重创胸口。但孟川心魂之力近乎枯竭，慕容游施展禁术跳入漕运河逃遁。",孟川施展自创三刀组合（五绝灭世前两刀+摇落月）重伤慕容游断臂，但心魂之力耗尽未能击杀。
众生相,慕容游的结局,转折高潮、矛盾收束,冲突、高潮,慕容游跳入漕运河潜深逃遁，孟川感应不到一丈深以下的气息。孟仙姑赶到，以拐杖碰触河面释放无形波动，丝线缠绕擒获慕容游从河底拖出。孟仙姑此前已目睹孟川爆发实力追杀慕容游的全过程，震惊于孟川之强。孟川恭敬行礼。,孟仙姑以神魔手段从漕运河底擒获重伤的慕容游，截杀之战收束。
众生相,天下事（本集终）,矛盾收束、设定展开,冲突、设定,孟仙姑封禁慕容游感官后与孟川交谈，得知孟川爆发实力源于眉心空间的心魂之力，嘱咐继续保密。孟仙姑审问慕容游，以折磨手段迫使其交代天妖门东宁分堂全部情报后处死。当夜孟仙姑率九位长老及一百二十位脱胎境高手分七路，一个时辰内拔除东宁分堂总部及六个据点，骨干一锅端，仅一名脱胎境逃脱。孟仙姑将天妖门三首领之死记在自己功劳上以保护孟川。孟川翻看缴获书籍，了解天下三分格局（大周王朝-元初山、黑沙王朝-黑沙洞天、大越王朝-两界岛）及妖族强大、天妖门为人族叛徒等天下大势。三月二十五晏烬悟出剑势消息传出，隔三天孟家公开孟川悟出刀势消息，十七岁悟出势令五大神魔家族震动，云家云符安摔碎满书房瓷器。,天妖门东宁分堂被一锅端覆灭，孟川悟出刀势消息公开震动东宁府，第二集完整收官。
一人一刀,十八岁,人物引入、设定展开,人物、设定,孟川十八岁已达无漏境，与晏烬切磋刀剑，孟川凭速度与刀势占上风但无法击败晏烬（不动心魂之力）。孟川翻阅情报了解人妖战争形势激烈——前年妖族入侵129次。柳七月已是八大道院第一神箭手。玉阳宫斩妖盛会临近，孟川准备参加，并即将尝试凝丹。,孟川十八岁无漏境的实力定位与人妖战争背景铺陈，为凝丹与妖族入侵埋下伏笔。
一人一刀,凝丹,转折高潮、设定展开,设定、高潮,孟川夜间尝试凝丹，丹田真气融入刀意旋转挤压凝练成元丹，真气质变为真元，可雷霆外放，距成神魔仅剩生死关。东宁府城内茶楼人们议论即将到来的斩妖盛会。同夜，东宁府地下约五丈处出现扭曲的世界入口，一头扛棍棒的黑毛猿猴（妖王）窥视。,孟川凝丹成功实现实力质变，东宁府地下世界入口出现，妖族入侵暗线正式开启。
一人一刀,三位神魔,人物引入、矛盾展现,人物、冲突,"灰袍妖王（猿崇）潜入东宁府杀三户人家探查城池信息后消失。玉阳宫主持""寻妖令""感应到妖王妖气，判断东宁府可能新出现世界入口，急召孟仙姑、云万海两位神魔联手备战。三位神魔认为必须联手斩杀妖王才能化解危机，孟仙姑吩咐族人通知祖宅与孟川。",东宁府三位神魔联手应对妖族入侵危机，妖王探子身份与入侵预兆正式确立。
一人一刀,爆发,矛盾爆发、环境铺陈,冲突、设定,世界入口另一边，九召山主率大军集结，派白沉妖王（服蛇血晶突破三重天）率猿崇、霸吼、毒潭三妖王及1.8万大军入侵东宁府。四妖王率先冲出世界入口，妖族大军分散攻城，首要目标为八大道院。玉阳宫敲响警钟，全城洗髓境以上人族参战，洗髓境以下躲入地道。,妖族大军全面入侵东宁府，全城备战法令颁布，东宁府保卫战正式爆发。
一人一刀,一人，一军,人物心理、情节推进,情感,五长老传孟仙姑之命，许孟川任意行动并请其保祖宅三千族人，若神魔战败则必须逃命。孟川决定先救正在赶往烈阳道院途中的柳七月。孟川以超绝速度冲向妖族大军方向，途中见人族以绳索陷阱配合搏杀妖族，也见妖族整体实力碾压人族凡俗。孟川杀妖怪吸引两名妖族统领注意，黑熊妖大统领下令围堵孟川并进攻镜湖道院。,孟川奉命任意行动，决意先救柳七月，杀入妖族大军与黑熊妖大统领对峙线展开。
一人一刀,摧枯拉朽,战斗描写、爽点设置,战斗、爽点,孟川主动冲击约两百名妖怪，沿直线杀向黑熊妖大统领。利用十丈领域让蜘蛛女妖与羊妖统领自相残杀，一招杀羊妖；动用一缕心魂之力融入刀法，迅速斩杀蜘蛛女妖统领。孟川一口气劈出上百道刀光收割上百妖怪（消耗五成真元），直冲黑熊妖大统领。,孟川以摧枯拉朽之势连杀两名妖族统领与上百妖怪，展现凝丹后碾压凡俗妖族的实力。
一人一刀,黑熊妖大统领,战斗描写、转折高潮,战斗、高潮,黑熊妖大统领（黑山妖王血脉，五丈高，皮糙肉厚毛发半丈厚）以音波吼声与巨掌攻击孟川。孟川一刀未能见血，意识到常规手段伤不了对方，动用心魂之力融入全身——力量速度跃迁，体表雷霆浓郁十倍，一刀十丈长刀光斩落黑熊妖头颅。妖族大军因大统领之死士气崩溃开始分散。孟川继续赶往烈阳道院。,孟川动用心魂之力一刀斩杀黑熊妖大统领，神魔妖王之下无人能让他畏惧的实力定位确立。
一人一刀,烈阳道院,环境铺陈、情感展现,情感、设定,柳七月赶往烈阳道院途中听到钟声加速，身后出现妖怪大军。烈阳道院院长钟千鹤（无漏境掌握势的神箭手）率众抵抗。孟川途中见妖族屠戮百姓的惨状——年轻夫妇与婴儿被刺穿，立誓杀尽妖怪。孟川救下镜湖道院师弟父子。接近烈阳道院时见狼烟升起，判断约两千妖怪、两位大统领围攻道院。,孟川目睹妖族屠戮惨状立下杀尽妖怪的誓言，烈阳道院遭两支妖族大军围攻陷入绝境。
一人一刀,柳七月,转折高潮、设定揭示,揭示、设定、高潮,烈阳道院众人退守烈阳堡，床弩与神箭手抵抗。牛妖大统领与蛟龙大统领联手进攻，钟院长一人难挡两大统领。绝境中柳七月双眸升起火焰，觉醒凤凰神体血脉——火焰真气融入箭矢，一箭贯穿六名妖怪化为灰烬。两大妖族大统领认出凤凰血脉，欲活捉献给山主。柳七月与钟院长联手牵制两大统领。,柳七月觉醒凤凰神体血脉，以火焰箭矢扭转局部战局，妖族大统领生擒意图埋下新危机。
一人一刀,阿川来了!,转折高潮、战斗描写,战斗、高潮,烈阳堡陷入残酷肉搏战，妖族统领登上堡垒，人族伤亡惨重。柳七月施展神魔禁术拼命，思念父亲与孟川。柳七月眼角余光注意到远处一道带雷霆闪电的身影冲来——孟川赶到！孟川六道弧形刀光切割近百妖怪，高声宣告两名大统领交给自己，直冲两大统领。,"孟川在烈阳道院绝境时刻赶到，六道刀光收割近百妖怪，本集标题""一人一刀""的核心爽点爆发。"
一人一刀,士气涣散,战斗描写、转折高潮,战斗、高潮,蛟龙大统领以毒气与孟川交手，孟川十丈领域发现毒气中无数小虫，动用心魂之力融入全身，速度激增一刀斩落蛟龙头颅。妖族士气崩溃，人族占据上风。钟院长转而射杀妖族统领，柳七月停神魔禁术休息。牛妖大统领震惊质问孟川是否隐藏气息的神魔。,孟川一刀斩杀蛟龙大统领扭转烈阳道院战局，牛妖大统领对孟川实力产生怀疑。
一人一刀,还有神魔?,悬念设置、矛盾展现,伏笔、冲突,玉阳宫已成废墟，云万海重伤垂死，孟仙姑重伤施展领域辅助，玉阳宫主一己之力抵挡四大妖王。四位妖王停手——白沉妖王持令牌感应到十八位大统领已死九位，判断东宁府暗藏神魔，派毒潭妖王持令牌前往追杀暗中的神魔。三位妖王再度围攻玉阳宫主。,妖族大统领接连被杀引发妖王警觉，毒潭妖王外出追杀暗藏的神魔（孟大江、柳夜白），战局悬念升级。
一人一刀,孟川和妖王,战斗描写、转折高潮,战斗、高潮,毒潭妖王循令牌感应赶往烈阳道院。烈阳道院妖族溃逃，孟川动用心魂之力一刀刺穿牛妖大统领眉心将其毙命。妖族四散。孟川正欲赶往烈阳堡看柳七月，感应到一里外一股比姑祖母还强盛的恐怖气息逼近——毒潭妖王以黑雾笼罩半边天追杀而来。,孟川斩杀牛妖大统领后遭遇毒潭妖王，凡俗对阵妖王的生死危机正式爆发。
一人一刀,怎么甘心?,战斗描写、人物心理,情感、战斗,孟川为保护烈阳堡不往前方逃，心魂之力融入肉身冲进黑雾迎击妖王，一刀仅劈开一寸黑雾——差距太大。孟川果断逃命，施展神魔禁术拼命奔逃。毒潭妖王随手一指射出流光威力远超孟川全力一刀，孟川凭感应提前避让。毒潭妖王施禁术追杀，距离不断缩短。孟川耗尽心魂之力，不甘心就此死去，绝境下速度再提两成达极致，但距离仍缩至二十丈。,孟川与妖王实力差距的残酷展现，凡俗绝世天才面对妖王仍无力反抗，生死绝境中不甘心的心理刻画。
一人一刀,父亲到了,转折高潮、人物引入,人物、高潮,孟川感应到北方一道血色短矛射向毒潭妖王——孟大江赶到救援。孟大江全身弥漫血气，是隐藏的炼体神魔，一刀一刀疯狂怒劈毒潭妖王。孟川认出父亲身份，震惊于一直以为只是无漏境的父亲竟是神魔。柳夜白也赶到烈阳道院找到柳七月，嘱咐其休息后冲向妖王方向。孟大江与毒潭妖王正面搏杀，柳夜白随后赶到联手。,孟大江炼体神魔身份揭晓，与柳夜白联手对抗毒潭妖王，孟川获救。
一人一刀,祖宅的消息,矛盾收束、人物心理,冲突、情感,柳夜白以黑雾领域克制毒潭妖王毒雾，与孟大江联手（一硬抗一偷袭）对抗妖王。毒潭妖王维持禁术太久不敢再拼，判断暗中神魔就是这两人，转身逃回玉阳宫方向。孟大江、柳夜白要求孟川保密二人神魔身份。孟大江告知祖宅遭妖族大军攻打，三长老战死（冲在最前为年轻人抵挡被触手贯穿胸膛）。孟川随父亲前往镜湖道院，需一直跟在父亲身边。,毒潭妖王退走，孟大江柳夜白隐藏神魔身份与三长老战死的消息，孟川心境受冲击。
一人一刀,晏烬,设定展开、悬念设置,伏笔、设定,孟大江向孟川讲解炼体神魔一脉——八百年前为对抗妖族肉身天赋而开创，大日境是理论极限，前途弱、法门不完善、奢侈浪费，是失败的道路。安海王一个眼神就能灭大日境神魔。玉阳宫方面：孟仙姑重伤难以支撑，云万海毫无战力，玉阳宫主独抗三大妖王陷入危局。毒潭妖王赶回途中遇到晏烬持双剑杀妖，追杀晏烬。,炼体神魔体系设定展开，玉阳宫三位神魔陷入绝境，晏烬遭遇毒潭妖王追杀线开启。
一人一刀,安海王的剑,转折高潮、设定揭示,揭示、设定、高潮,晏烬被黑雾淹没闭眼等死，体内安海王封印的剑印触发——灰色剑影显现，无形波动将毒潭妖王碾压成齑粉。冷峻男子虚影（安海王）令剑影飞赴玉阳宫，隔空引动成千上万剑光将白沉妖王劈成粉碎。玉阳宫主狂喜追杀，八拳击穿霸吼妖王心脏毙命。猿崇妖王吹响兽角令妖族撤退，穿过世界入口逃回妖界。安海王虚影告知晏烬仅此一次保命，今后靠自己。晏烬悲喜交加。,安海王剑印触发隔空灭两大妖王扭转战局，晏烬安海王之子身份与父子情感线揭示，东宁府保卫战胜利。
一人一刀,战后的东宁府,氛围营造、情感展现,情感、设定,玉阳宫主统领下逼退残存妖族，半个时辰内妖怪全部逃回妖界。东宁府惨胜：参战数千人战死约千人，靠近世界入口区域被屠戮近万人，城内多处破坏。孟川与父亲巡视战后城池，见百姓劫后余生。孟川赴祖宅祭拜战死族人（三长老等四位长老战死），族长孟炎平嘱托孟川进元初山成神魔。孟川探望重伤的姑祖母，孟仙姑称要撑到听到孟川进元初山的消息。玉阳宫来人传南云侯召见孟川。,东宁府战后惨状与重建，孟川祭拜三长老，孟仙姑重伤状态与对孟川的期盼，南云侯登场前奏。
一人一刀,接连离开,人物引入、情节推进,人物,南云侯在玉阳宫见柳七月，讲解凤凰神体血脉——公孙家五百年无人觉醒，天下间仅一位凤凰神体神魔，柳七月将是第二位，元初山立即收入。孟川与孟大江到来，孟川感应对南云侯完全失效（南云侯是吴州数一数二的恐怖神魔）。南云侯询问孟川是否悟出刀意，孟川否认。南云侯疑惑孟川如何杀妖族大统领。,南云侯正式登场，凤凰血脉体系与柳七月直入元初山安排，南云侯对孟川实力的追问埋下悬念。
一人一刀,云万海的安排,人物心理、伏笔埋设,伏笔、情感,孟川对南云侯隐瞒心魂之力，谎称救七月心切潜力爆发斩杀大统领。南云侯叮嘱孟川妖族可能派天妖刺杀，安排孟川与晏烬同赴元初城住吴州会馆备战考核。云万海告知子女：伤及根基，休养十年后上战场，死也要拖妖王一起死，积攒功劳换宝物留给家族。云符成带云符安登门孟府修好，送礼物给孟川。,孟川隐瞒心魂之力的真实原因，云万海十年后战场的决意，云家与孟家关系缓和。
一人一刀,抵达元初城,环境铺陈、情节推进,设定,孟川与父亲见各神魔家族代表告别。夜间玉阳宫送行，葛钰院长、钟千鹤院长嘱托孟川。南云侯、元初山长眉老者、玉阳宫主、孟仙姑送行。孟仙姑嘱孟川安心修炼备战考核。众人乘黑色飞禽（二十丈翼展）飞行三个时辰抵达元初山——天下最高山脉。飞禽俯冲至元初城（两百里城墙，大周第一大城），孟川晏烬被安排住吴州会馆。,孟川等离开东宁府抵达元初城，元初山与元初城的宏伟设定铺陈，吴州会馆入住。
一人一刀,向着朝阳 上,人物心理、伏笔埋设,伏笔、情感,柳七月随长眉老者上元初山。孟川、孟大江、柳夜白、晏烬住吴州会馆三栋小院。孟大江需大量进食恢复血气（维持肥胖外表的秘术）。孟川独自修炼拔刀式，发现十丈领域可锁定空气中飘荡的灰尘颗粒练准头，无护卫效率也仅略降。孟川回想起东宁府之战触动极大，开始作画。,孟川在吴州会馆修炼并开始作画，东宁府之战的心理触动为心魂蜕变埋下伏笔。
一人一刀,向着朝阳 下,伏笔深化、设定揭示,伏笔、揭示、设定,"孟川落笔画东宁府之战，眉心空间半透明小人绽放灵性光芒——确认心魂之力与画画有关（十六岁画《众生相》后首次发现眉心空间，此次彻底确认）。孟川历时六个多月画完组画《向着朝阳》三幅：第一幅（一丈六尺）画妖族入侵清晨众生相；第二幅（一丈八尺）画残酷血腥的战斗与牺牲；第三幅（一丈六尺）画妖族溃败与人族战意。第三幅题字""向着朝阳""。",孟川画《向着朝阳》确认心魂之力源于画画，眉心空间之谜深化，组画三幅的艺术与心境升华。
一人一刀,到来（本集终）,伏笔深化、情节推进,伏笔,孟川画完后心魂蜕变——眉心小人凝实，心魂之力威力不变但量增（全力施展从五招增至十六招），感应范围仍为一里。孟川试刀确认实力提升。晏烬以击败父亲安海王为目标苦修。时间流转至腊月，孟川刀势达巅峰（可引动天地之力察觉百丈范围），正常实力比年初强五成，思考如何凝练刀意。腊月十八天降大雪，距元初山入门考核三日。南云侯率吴州十二位天才抵达吴州会馆，孟川晏烬与众天才相识，三日后即腊月二十一元初山入门考核。,心魂蜕变与刀势巅峰的实力总结，吴州十二天才齐聚，元初山入门考核在即，第三集完整落幕。
元初山,考核之日,环境铺陈、悬念设置,伏笔、设定,腊月二十一清晨，孟川在吴州会馆摩刀等待元初山入门考核之日，孟大江紧张期盼，南云侯率孟川、晏烬等十二名吴州天才乘火红色飞禽前往烈阳宫。东宁府孟家宗祠中孟仙姑跪祈列祖列宗保佑孟川通过考核，元初山上柳七月、云青萍亦各自牵挂。烈阳宫广场上天下英才汇聚，元初城第一天才十三岁的阎赤桐登场引人注目，紫衣女子公主李英点出孟川、晏烬等人情报。,元初山入门考核之日正式到来，各方人物汇聚烈阳宫，考核即将开始。
元初山,王都楚雍,人物引入、设定展开,人物、设定,元初山三位神魔降临——封王神魔东河王率两名封侯神魔主持考核。东河王一眼识破超龄的安州田谷并罚其服兵役十年。邋遢男子宣布初选分三项，第一项考验出招威力：每人全力一招攻击两百层光层，破开二十层为最低界限。王都第一天才楚雍拔刀劈出一百九十一层震惊全场，被评价力量足以匹敌新晋神魔。,初选第一项考核开始，封王神魔东河王登场主持，王都楚雍以一百九十一层展现压倒性实力。
元初山,孟川初登场,人物引入、矛盾展现,人物、冲突,"原州燕凤以一枪刺穿一百八十二层惊艳全场，南云侯推测其可能服用过""不死草""。孟川登场全力施展刀势巅峰与雷霆神体，仅破七十九层（第二十三名），南云侯解释孟川斩杀妖族大统领是危急时刻爆发数倍实力，平常实力达不到那一步，令众神魔略感失望。晏烬劈出一百三十七层。最后登场的元初城姬元通一锤轰破两百九十九层，全场震撼。",孟川初选第一项考核表现平平仅七十九层，姬元通以两百九十九层震撼全场，各天才实力差距初显。
元初山,水滴铜漏,设定展开、环境铺陈,设定,邋遢男子精确推算姬元通威力将光层增至三百层，众神魔赞许姬元通适合走力量一道。初选第一项结束，十七人未达二十层被淘汰。青衣女子主持第二项考核——速度：天才们须在二十滴水滴时间内穿过一百五十丈曲折通道。楚雍以十二滴水滴时间领先，燕凤十三滴。孟川在队伍中暗自盘算各人排名，深知速度是自己最擅长的方面。,初选第二项速度考核开始，水滴铜漏规则确立，楚雍以十二滴暂时领先。
元初山,孟川的速度,爽点设置、转折高潮,爽点、高潮,"孟川全力施展，体内真元十五倍爆发配合雷霆灭世刀""五雷降世""诀窍与雷霆神体，化作闪电仅耗七滴水滴时间穿过通道，远超所有天才。楚雍自认速度快了七成意味着主动权完全在对方手里，晏烬坦言被孟川完全压制，姬元通也感压力。众神魔惊叹孟川速度媲美寻常不灭境神魔，南云侯指出孟川真元爆发凶猛、经脉坚韧、身体潜力挖掘深，比去年最快的雷霆神体天才还快三成。",孟川以七滴水滴的恐怖速度震撼全场，速度优势成为其核心标签，众神魔开始重点关注孟川。
元初山,雪花冰凉,设定展开、氛围营造,设定,晏烬耗十二滴与楚雍相当，自认前十难进。神箭手公主李英十滴、荒州宗沙九滴、江州宁一卜九滴、云州金焕八滴依次展现速度天赋。姬元通背几百斤重锤耗十滴。第二项十滴以内仅四人：宁一卜、宗沙九滴，金焕八滴，孟川七滴。十九人超时被淘汰，孟川感慨进不了元初山就只能去战场服兵役积攒功劳，大多数人会倒在过程中。孟仙姑当年是九死一生才进入神魔血池。,初选第二项结束，速度排名确立孟川第一，淘汰天才的残酷命运与神魔血池的珍贵设定展开。
元初山,第三项考核,设定展开、悬念设置,伏笔、设定,"青衣女子宣布神魔血池仅元初山、黑沙洞天、两界岛三大宗派掌握，每年招收弟子极少。封王神魔东河王亲自主持第三项考核——考验反应：天才们被困于一丈直径圆圈内，须避开从天而降的冰雹，被击中即失败。冰雹分轮次降下，速度逐轮递增。孟川凭借长期箭雨修炼的反应能力与眉心空间""心魂""直接感知的十丈领域，轻松应对，而其他天才陆续被淘汰。","初选第三项反应考核开始，东河王亲自主持，孟川的""心魂""感知优势暗中发挥作用。"
元初山,潜力,转折高潮、人物心理,情感、高潮,"冰雹轮次推进，第三轮淘汰五十八人，第四轮淘汰一百零二人，仅剩七十九人。第五轮后仅剩二十三人，楚雍、燕凤、晏烬、宗沙、李英等神魔根基雄厚者均在列，十三岁的阎赤桐因刚悟出势未能形成领域而被淘汰。第六轮后仅剩孟川、宗沙、姬元通三人。众神魔发现三名未服用天地奇珍的""左虓、上官风、俞昶""天赋极高，青衣女子决定若终选出色便给予名额。",第三项考核层层淘汰至仅剩三人，孟川、宗沙、姬元通脱颖而出，未服天地奇珍的寒门天才亦受关注。
元初山,天生灵觉,设定揭示、转折高潮,揭示、设定、高潮,"第七轮宗沙因风之神体感知""风的呼吸""极限而败，孟川、姬元通继续。众神魔揭示第三项考核实际考验的是""灵觉""。姬元通在第七轮被击中肩头失败，孟川独自闯过第八轮。东河王、邋遢男子、青衣女子惊叹孟川灵觉之强""数百年才能发现一个""，凝练元神应很轻松。第九轮孟川依旧轻松应对，东河王眼中满是期待与狂热，开始第十轮。","第三项考核真正考验的是灵觉，孟川以""天生灵觉极高""独闯第九轮，被东河王评价为数百年一出的天才。"
元初山,初选落幕,转折高潮、人物心理,情感、高潮,"孟川闯过第十轮，在第十一轮终于被一颗冰雹击中失败。东河王评价孟川灵觉数百年一出、凝练元神一定轻松、潜力非常大。原文揭示孟川优势原理：眉心空间""心魂""直接""看见""冰雹，跳过常人""讯息传递到大脑""的过程，且心魂思考比头脑更快，若动用心魂之力融入身体可闯到十四五轮。孟川初选三项排名：第一项第二十三、第二项第一、第三项第一。公主李英主动结交孟川、晏烬。",孟川初选第三项败于第十一轮，灵觉天赋原理揭示，初选排名三项综合第一。
元初山,排名,爽点设置、悬念设置,伏笔、爽点,"山羊胡男子悬挂金卷公布初选前一百名排名。孟川以""甲下、甲上、超品""名列第一，姬元通""甲上、甲中、甲上""第二，宗沙第三。孟川第三项考核获全场唯一""超品""评价，令姬元通等天才震惊。晏烬排第九。落榜天才或沉默、或疯狂、或淡然离去。东河王夜间写信命人送呈山主，感叹发现一块""绝世璞玉""。","初选排名公布，孟川以唯一""超品""名列第一，东河王致信山主报告发现绝世璞玉。"
元初山,上元初山,环境铺陈、转折高潮,设定、高潮,"次日终选之日，东河王率近两百人飞上元初山，来到巨大峡谷前。封王神魔易长老受山主吩咐特地来看孟川。东河王宣布终选分两项，第一项""斩妖""：峡谷崖壁关押一千两百二十七头妖怪（妖族统领一千余头、妖族大统领一百三十五头），红衣女子神魔一句话令上千妖怪全部乖巧，随后命令妖怪杀光百名人类天才，斩妖持续一炷香时间。",终选开始，众天才飞上元初山面对峡谷斩妖考核，红衣女子神魔释放上千妖怪。
元初山,终选第一项考核,战斗描写、转折高潮,战斗、高潮,"百名天才结圆桶阵，十一名神箭手居中，众人配合绞杀妖怪。妖族大统领冲击令阵线摇摇欲坠，受伤天才被神魔及时救出。孟川施展五雷降世第三刀""摇落月""配合宗沙箭矢斩杀猫妖大统领，感受到大半年来刀势巅峰后实力提升已能压制妖族大统领。一炷香结束，仅孟川、晏烬、姬元通、楚雍、燕凤、宗沙、李英七人站立。东河王等评价战斗天赋：七人战斗天赋差将被淘汰，真正战斗天赋高的仅十二位。",终选斩妖考核百名天才结阵对抗妖怪大军，一炷香后仅七人站立，战斗天赋成为评判关键。
元初山,倒数第九,悬念设置、转折高潮,伏笔、高潮,"终选最后一项考核——""黑暗祭坛""考验内心意志：踏上青石台阶，黑雾渗透体内引发幻象，走的越高越优秀，黑暗中沉沦即失败。东河王指需登顶一百零三层方可成大日境神魔。天才们逐层攀登，第八层即有人沉沦。众人震惊发现姬元通在第十七层停下脚步，黑雾笼罩头颅、眼睛变得漆黑，犹如雕塑。众神魔痛心，姬元通在最后一项考核中排在倒数第九。",终选第二项黑暗祭坛考核内心意志，身体天赋第一的姬元通仅第十七层便沉沦，令众神魔震惊痛心。
元初山,怎么会是我,人物心理、悟道,修炼、情感、爽点,"姬元通恢复清醒后发现自己排名第九十二，深受打击。阎赤桐十三岁走到第二十二层受神魔赞许。楚雍第三十八层、李英与金焕第三十九层、董方第四十三层、宁一卜第五十九层相继停下。孟川在黑暗祭坛幻象中陷入噩梦，记忆模糊，成为战场上孤身面对无数妖族的士兵，恐惧绝望。但孟川愤怒自身软弱畏惧，怒吼""我孟川就是死也得杀""""绝不会畏惧妖族""，意志凝练如刀，继续往上走。",孟川在黑暗祭坛幻象中愤怒自身软弱，斩妖意志凝练，突破困境继续攀登。
元初山,名额,转折高潮、悬念设置,伏笔、高潮,孟川在第六十八层一度将沉沦，心魂之力主动排斥黑雾令其恢复清醒，但孟川主动收敛心魂之力坚持以意志对抗幻象。燕凤第六十六层停下，宗沙第七十一层停下（百人中第八），孟川在第七十五层最终沉沦（百人中第五）。晏烬第八十一层，左虓第八十五层，章烈第九十三层（第一）。东河王等商议二十人名单，决定给姬元通名额但需制定专门磨练内心意志计划，章烈给名额试修幻魔或血神一脉。,黑暗祭坛考核结束，孟川第七十五层（第五），东河王等商定最终二十人名单及姬元通特殊培养计划。
元初山,孟大江返乡,情感展现、转折高潮,情感、高潮,"东河王公布最终二十一人名单：孟川第一、宗沙第二、燕凤第三、晏烬第四、宁一卜第五、左虓第六、楚雍第七……姬元通第十五……章烈第十四、俞昶第十六。阎赤桐因十三岁特别召入不占名额。孟大江与孟川告别后随南云侯飞返吴州，一路将各府天才送回。孟大江抵达东宁府直奔祖宅，在族人面前激动宣布""川儿在元初山入门考核中名列第一，已是元初山内门弟子""。",最终名单公布孟川名列第一，孟大江返乡向孟仙姑和族人报喜。
元初山,入门大典,设定展开、情感展现,情感、设定,"孟仙姑得知喜讯后微笑走向小院，回忆一生，感慨孟家有了比自己优秀十倍百倍的后来者。元初山入门大典在赤血崖举行，山主紫袍白发老者主持，展示一万五千两百七十一位元初山神魔先辈影像（一万一千九百六十八位战死沙场），告诫门规第一条""不得背叛人族""。二十一名新弟子点燃魂灯、领取身份令牌与衣袍。孟川选景明峰洞府（与柳七月同峰），随后前往藏书洞选神魔法门。",入门大典举行，赤血崖先辈影像震撼展现元初山守护人族的悲壮传承，孟川正式成为元初山弟子。
元初山,逝去,设定展开、情感展现,情感、设定,青衣女子（青玉师叔）带新弟子入藏书洞窟，介绍十二种超品神魔法门（十三剑煞魔体、大力魔体、轮回魔体、青莲神体、元初神体、凤凰神体、龙神体、沧海魔体、雷霆灭世魔体、两界神体、黑沙魔体、不灭神体）。孟川发现适合自己修炼的超品法门仅雷霆灭世魔体与沧海魔体两种，因追求极致速度选定雷霆灭世魔体。东宁府全城议论孟川成为元初山内门弟子第一，云符安因解除婚约丢脸而恼怒。孟仙姑自知熬不过今夜，写信留给孟川。,十二种超品神魔法门设定展开，孟川选定雷霆灭世魔体；孟仙姑临终写信，东宁府全城震动。
元初山,功劳,设定展开、伏笔埋设,伏笔、设定,"藏书洞介绍神魔五重境界（丹云境、不灭境、大日境、暗星境、无间境），大日境突破暗星境需凝练元神，比例极低。孟川在藏书洞看了一天一夜书籍，未找到""元神""详细描述。孟川前往领取丹药宝物，作为入门考核第一且经山主特准，每月得千星丹十枚、三千功劳，每半年领雷劫果一枚。青袍男子告知孟仙姑将十八万两千两百功劳全部转给孟川，并递上一封家书。",神魔五重境界与元神设定展开，孟川领取弟子待遇并获知孟仙姑转赠毕生功劳，家书寄达。
元初山,各自的命运（本集终章）,情感展现、伏笔埋设,伏笔、情感,"孟川读父亲家书得知姑祖母腊月二十三当晚含笑而逝，读姑祖母遗书获三条忠告：依靠同伴、永远保密招数、越强大越好。孟川立志铭记忠告多杀妖王。随后前往传法阁，易长老传授雷霆灭世魔体上册传承（丹云境、不灭境、大日境），并暗示元神秘密——魂魄修炼有成凝聚为元神方可内视，须大日境神魔方能修炼，最近三千年人族无天生元神者，若被妖族知晓将遭刺杀，引发孟川猜测自身眉心""心魂""或为天生元神。姬元通选大力魔体后被派往潼阳关敢死军服兵役一年磨砺内心意志，晏烬选青莲神体，阎赤桐选两界神体，各天才各有命运选择。",孟仙姑遗书三条忠告传承，孟川接受雷霆灭世魔体传承，易长老暗示元神秘密引发天生元神猜测，各天才命运分道扬镳，第四集完整收官。
神魔,拜师,人物引入、设定展开,人物、设定,"腊月二十五清晨，孟川在洞府练武场修炼拔刀式，柳七月来接他同往拜师日。途中遇到公主李英，三人结伴前往崇黄峰洞天阁。柳七月介绍师尊是元初山近三百年所有弟子共同的师尊，超越封王神魔的""尊者""级存在，大周王朝七大城关之首洛棠关亦由一位尊者镇守。洞天阁内众弟子按评价排座，孟川坐第一排。安海王家五公子薛峰（十三岁悟势、十五岁成超品神魔、练成黑铁天书绝学）与七公子晏烬的兄弟关系初次展现。尊者现身，全场弟子恭敬行礼。",尊者身份与元初山弟子体系正式展开，孟川等新弟子正式拜师。
神魔,解惑,设定展开、悬念设置,伏笔、设定,"尊者在洞天阁为众弟子解惑，逐一回答修行困惑。一名剑修因青莲神体修炼太慢被劝放弃超品神魔法门改修上品；一名瘦削驼背青年苦修雷霆灭世魔体六年达到七炼，尊者建议继续修炼至八炼再成神魔，并重申""十年内成神魔""的铁律及三十岁后生机下降修行难度剧增的原理。尊者向新弟子系统讲解神魔体修炼规则（三年尝试期、每日不超两时辰）、黑铁天书需凝练元神方可接受传承、天地人三等神魔绝学体系等核心设定。讲法结束后，尊者单独传音让孟川留步。",神魔修行体系与铁律系统展开，尊者单独召见孟川埋下悬念。
神魔,三门快刀,设定展开、人物心理,情感、设定,"众弟子散去后，孟川在洞天阁内院单独面见尊者。尊者一眼识破孟川凡俗即凝练元神的秘密——非父母传承力量（其父母离造化境差太远），而是绘画之道达到""入道问心""境界，借技艺极致令魂魄蜕变凝练元神。尊者讲解元神关系到暗星境、无间境、造化境修行，代表潜力，叮嘱保密以防妖王刺杀；距离封王神魔超百丈施展元神之力则不会被发现。孟川施展拔刀式、摇落月、护身刀法及雷霆灭世刀五雷降世残招，尊者点评其元神质高但量小（凡俗肉身限制），并指出元初山三部快刀类黑铁天书：《雷霆灭世刀》契合三成（重霸道）、《天地游龙刀》五成（重诡变）、《心意刀》九成（纯粹快刀）。",孟川凡俗元神之谜由尊者揭开，三部快刀黑铁天书登场供孟川抉择。
神魔,煞气炼体,设定展开、情节推进,设定,"孟川选定《心意刀》，尊者叮嘱凝练刀意前须专精一门，成刀魂境后再从他部黑铁天书选招完善。尊者介绍《心意刀》第一式""心刀式""为整部刀法根基，并推荐去千刀窟修炼（此刀法乃神魔郭可在千刀窟受罚时所创）。孟川先去藏书洞研究三部刀法书籍，确认师尊判断无误，从传法阁选取《心意刀》秘籍及三本封王神魔注释带回。随后孟川前往万枯峰三阴火煞洞丙字号密室开始第一炼，以炼煞刀法调动肉身深层次吸收煞气。第五天（除夕）第一炼功成，煞气彻底融入血髓。",孟川选定《心意刀》并开始雷霆灭世魔体第一炼，煞气炼体体系正式展开。
神魔,千刀窟内练刀,环境铺陈、设定展开,设定,除夕夜论道峰聚会，孟川与柳七月及众新弟子共度第一个除夕。正月初一恢复正常修行，孟川于正月初六前往千刀窟练刀。千刀窟为自然形成的风刃洞窟环境，神魔郭可曾在此受罚三年悟出心刀式。孟川在风刃中修炼心刀式，适应连续出刀、阴阳炸劲等要点，每天三个半时辰心刀式加半个时辰身法飞燕式与护身红莲式。煞气炼体同步推进：五天一炼、十二天二炼、十八天三炼，一路顺畅。然而一个月后在第五炼遭遇瓶颈。,千刀窟练刀环境与心刀式修炼要点展开，煞气炼体初阶顺利但遇瓶颈。
神魔,修行瓶颈,人物心理、设定展开,情感、设定,孟川在熔铁煞气池十一号密室修炼第五炼，因刀法境界不足（未悟刀意），肉身吸收煞气速度大减，预估需一年才能五炼成功。孟川尝试以元神之力辅助，吸收效率飙升数十倍但元神消耗太快，几个呼吸便近枯竭。分析修行三要素（肉身根基、意志、境界）后，孟川决定停止神魔体修炼，全力练刀悟出刀意。此后每天千刀窟练刀五个半时辰（晨三时辰半、傍晚两时辰），下午画画恢复精神。酷暑六月，柳七月每晚为孟川送饭等候，孟川告知七月自己离悟出刀意仅差十天半月。,孟川遇修行瓶颈后果断调整策略，全力练刀悟意，柳七月默默守护展现情感。
神魔,刀意初成,悟道、转折高潮,修炼、高潮、爽点,夏日清晨，孟川在千刀窟深处修炼心刀式，不断追求阴阳轮转的圆满契合感。终于一刀劈出达到最圆满感觉，肉身与真元完美协调，刀光速度暴涨，蕴含阴阳炸劲足以震碎新晋妖王脏腑。孟川悟出刀意并彻底掌握黑铁天书《心意刀》根本第一式心刀式，半年时间完成（得益于拔刀式积累与十丈领域辅助）。刀意凝实为肉眼可见的虚幻刀影，隐隐有黑白二色扭曲。悟出刀意的凡俗绝世天才可匹敌一重天妖王，练成黑铁天书一招者更可轻易斩杀一重天妖王。孟川去找柳七月展示，途中遇到追求柳七月的钱钰师兄。,孟川悟出刀意并练成黑铁天书心刀式，凡俗即掌握黑铁天书绝学，修行质变。
神魔,一日千里,爽点设置、转折高潮,爽点、高潮,孟川向柳七月展示心刀式威力——一刀劈山壁，山壁瞬间化作齑粉流淌而下，柳七月目瞪口呆。孟川告知已悟刀意并练成黑铁天书，柳七月震惊不已。此前钱钰师兄来追求柳七月被婉拒，见孟川不需通禀即可进入柳七月洞府，暗自恼怒离去。孟川恢复煞气炼体后一日千里：以刀意引领炼体刀法，吸收煞气速度比过去快数倍至数十倍。第三天五炼功成，十六天后六炼功成，随即开始第七炼修行。,孟川悟刀意后煞气炼体一日千里，五炼六炼接连功成，修行进入快车道。
神魔,七炼,设定展开、转折高潮,设定、高潮,孟川在玄阴煞气洞丙字号密室修炼第七炼，以元神之力护住识海保持绝对清醒，施展炼体刀法吸收玄阴煞气，五十三天后七炼功成。七炼为雷霆灭世魔体的关键门槛，代表已能成就超品神魔体（小成）。孟川不满足小成，决心继续第八炼金乌煞（至阳至刚、破坏性前三、需药浴辅助）和第九炼六欲煞（最神秘、需融入魂魄、意志要求极高、九十瓶共二十七万功劳）。天星侯偶然发现孟川七炼功成，立即告知元初山主。元初山主向尊者确认孟川已练成黑铁天书《心意刀》心刀式并达七炼境，大喜过望。尊者却心情复杂，感慨八百年来倒下的天才神魔太多。,孟川七炼功成达到超品神魔体门槛，天星侯与元初山主震动，尊者心情复杂。
神魔,痛苦中修炼,人物心理、情感展现,情感,"孟川开始第八炼金乌煞修炼，在洞府浴池中以药浴辅助，每天吸收一瓶（九缕）金乌煞。金乌煞至阳至刚炽烈狂暴，破坏身体内部细微组织，药浴渗透滋养同时引发剧烈疼痛如万虫噬咬骨髓血肉。孟川咬毛巾、抓裂石壁手指甲碎裂，以妖族入侵东宁府的惨烈回忆和""斩尽天下妖族""的誓言激励自己硬扛。天星侯授课时以孟川刻苦修行（七炼+黑铁天书却从不炫耀）训诫懈怠宴请四方的箭术弟子柏沂、伏昌、钱钰。柳七月偷看到孟川药浴时的痛苦惨状，脸色发白，恨自己无能为力。",第八炼金乌煞的痛苦修炼展开，孟川以意志硬扛，柳七月心疼却无力相助。
神魔,这一生一起走,情感展现、人物心理,情感,"孟川在药浴痛苦中以《向着朝阳》中的绝望战斗场景激励自己，将痛苦视为意志磨砺（为第九炼六欲煞做准备）。修炼结束后柳七月送来米粥，孟川感动。孟川向柳七月坦露心志：修炼从不为与人攀比，目标是赶上甚至超越历史留名的强大神魔，以实现""斩尽天下妖族""的誓言——即便杀不尽也要竭尽一生能杀多少杀多少，纵然战死也无憾。柳七月握住孟川的手郑重承诺""这一生一起走""，二人私定终身：要么杀尽天下妖族还天下太平，要么战死沙场，生当同衾死亦同穴。","孟川与柳七月私定终身，孟川立下""斩尽天下妖族""的核心誓言。"
神魔,又一年腊月,情节推进、设定展开,设定,孟川与柳七月出双入对不再掩饰，令追求者无奈。孟川每天清晨千刀窟练刀、下午画画、夜晚炼煞药浴两个多时辰，持续一百二十天后第八炼功成（恰逢腊月二十三新弟子入门日）。孟川在入门大典上得知一年间元初山神魔又战死十二位。孟川向柳七月讲述两位雷霆灭世魔体前辈的结局：八十三年前的高丛三十六年前战死于九曲关（世界入口扩张，三十余位三重天妖王攻破城关），两百多年前的归海侯（九炼圆满）死于一项特殊任务。次日孟川前往藏宝楼凭八炼资格免费领取第一瓶六欲煞，管事震惊去请易长老。,第八炼功成，人妖战争残酷背景铺陈，孟川开始第九炼六欲煞修行。
神魔,耀眼,人物引入、爽点设置,人物、爽点,藏宝楼管事们震惊于孟川上山仅一年即达八炼境（六十年未见）。易长老亲自确认并赐予第一瓶六欲煞，叮嘱六欲煞源自凡俗城池辛苦收集、每瓶九缕、必须意志达到门槛方可炼化，否则可能被欲望控制影响数十年甚至一生。腊月二十五尊者讲法，孟川已坐第一排（练成黑铁天书+七炼后即入第一排），成为全山焦点。晏烬祝贺孟川八炼，自陈青莲神体还需三个月小成，目标是圆满以击败封王神魔。孟川前往黑暗祭坛验证意志（去年入门考核时止于第七十五层）。,孟川成为元初山最耀眼弟子，领取六欲煞并前往黑暗祭坛验证意志。
神魔,惑心洞,悟道、设定展开,修炼、设定、爽点,"孟川登黑暗祭坛，凭借一百二十天金乌煞痛苦磨砺的意志及与柳七月的誓约带来的心灵力量，一气呵成走到第一百零二层（仅差一步登顶），管事们瞠目结舌。孟川登上顶部看风景后离去，深知炼化六欲煞所需意志是登顶黑暗祭坛的数倍。腊月二十六傍晚，孟川与柳七月前往元初山神秘之地""惑心洞""。惑心洞为笔直幽深洞窟，共九圈台阶环绕向下，洞底有黑雾翻滚，走到底部意志可媲美人族前十。黑暗祭坛登顶相当于惑心洞三圈，修炼六欲煞需达四圈水准。二人目睹大日境神魔张凤止于第四圈二十六层、封侯神魔兰澄侯止于第五圈六十二层均跌入洞底。孟川开始首次惑心洞修炼。",孟川登黑暗祭坛至102层接近登顶，惑心洞设定展开，封侯神魔亦仅走至第五圈。
神魔,惊喜 上,转折高潮、人物心理,情感、高潮,"孟川沿惑心洞阶梯下行，第二圈时元神之力被彻底镇压无法调动，唯靠意志抵抗诱惑。第三圈五十层起诱惑充斥脑海，产生飞蛾扑火般冲向洞底的强烈冲动。孟川意识疯狂怒吼抵抗但逐渐被淹没，最终一脚踏空坠入洞底，失去意识。醒来时已站在通道出口处，管事告知他走到第四圈第一层才跌入。柳七月止于第三圈第二层。管事说明惑心洞前两个月效果最好，半年后几乎无效。孟川当晚做噩梦被黑雾诱惑，在梦中追问""我活着到底为了什么""，浮现父亲、柳七月、母亲的模样后明悟""我是孟川""，破开噩梦清醒。",孟川首闯惑心洞至第四圈第一层，元神被镇压，靠意志抵抗并在噩梦中明悟自我。
神魔,惊喜 下,转折高潮、设定揭示,揭示、设定、高潮,柳七月连续五天做噩梦后恢复，孟川仅三天即恢复（三次噩梦均在梦中醒悟自我）。每隔十天去一次惑心洞，第二次走到第四圈第六层。三个多月后（四月初五），孟川惑心洞修炼至第四圈第二十二层后效果锐减。当日得知薛峰闯过九玄洞下山（上山近十二年，大日境神魔+圆满黑沙魔体才通过考验）。尊者讲法后单独召见孟川，改其修行计划（否定生死遁逃法、限制读书时间），并揭示关键信息：六欲煞对凡俗魂魄效果极好，但面对拥有元神者影响大幅减弱；孟川凡俗元神虽弱，却使六欲煞对其影响比普通凡俗弟子弱很多，只需意志达到登顶黑暗祭坛即可炼化。孟川又惊又喜，暗觉尊者是刻意让他先磨砺三个月意志才告知。,尊者揭示孟川凡俗元神可降低六欲煞意志门槛，此前三个月惑心洞磨砺乃尊者刻意施压。
神魔,煞气不够?,设定展开、情节推进,设定,孟川理解尊者良苦用心——施加压力让自己用心磨砺意志。在密室中开始第九炼六欲煞修炼：不施炼煞刀法，任由六欲煞渗透元神（元神吸收），经历种种欲望幻象（亲人团聚的情感欲望、美色的生理欲望、被妖王追杀的求生恐惧），意志硬扛住一次次冲击。之后以元神之力阻挡六欲煞渗透识海，以刀意引领炼体刀法让肉身缓慢吸收。按元神吸收一份、肉身吸收两份的比例（1:2），每天炼化一瓶六欲煞。孟川每天去藏宝楼领取六欲煞，消息传遍全山，众人期待两百多年后再次出现九炼雷霆灭世魔体。然而九十瓶全部炼化后，孟川发现肉身已达极致但元神远未到极限，无法九炼合一，困惑之下决定去请教师尊。,第九炼六欲煞修炼展开，九十瓶炼化后元神未达极限无法九炼合一，出现意外状况。
神魔,九炼圆满,转折高潮、设定揭示,揭示、设定、高潮,孟川拜访尊者说明九十瓶六欲煞已用完却未九炼合一。尊者解释凡俗魂魄能炼化的煞气远不及元神，孟川的元神炼化煞气离极限还差很远。尊者挥手凭空召唤出一百二十二瓶六欲煞（造化境手段），告知孟川元神炼化量将远超历史任何雷霆灭世魔体修行者。孟川按每天三瓶六欲煞的速度持续炼化元神，每晚接受欲望考验锻炼意志。论道峰上同门议论孟川九炼结束近一月仍未闯生死关。元初山主与易长老商议再等一个月若孟川仍不突破则亲自询问。八月十六晚，孟川元神炼化完最后三瓶六欲煞后，全身煞气终于达到极致，元神与肉身的六欲煞浑然一体，九炼合一形成九炼煞气，仅剩两瓶六欲煞（尊者算度精准）。孟川心潮澎湃，准备成神魔。,尊者赐一百二十二瓶六欲煞，孟川元神炼化量超越历史，九炼合一圆满功成。
神魔,神魔血池,设定展开、氛围营造,设定,"九炼功成后孟川激动失眠（上元初山第一次）。次日告知柳七月准备闯生死关，按秘籍要求闯关前三天停止修行、服用造化丹调养状态。易长老确认孟川九煞合一、刀意已悟、肉身无暗伤，赐三颗造化丹，约定八月二十上午巳时于生死峰神魔血池洞闯关，尊者亲自护法引七道天雷。易长老心中满意孟川与柳七月这对组合（凤凰神体+雷霆灭世魔体）。三日后八月二十，孟川与柳七月前往生死峰，元初山主与易长老在神魔血池洞外观礼。尊者已在洞内等候，神魔血池蓄满青色液体。尊者讲述""神魔血池""名字由来——远古时代神魔血池资源耗尽时，强大神魔们用自己的""神魔血晶""（中丹田所修，比全身血液更重要）充当材料，后辈沿用其名以铭记前辈牺牲。",闯生死关准备就绪，神魔血池设定与前辈牺牲传承的历史背景展开。
神魔,重塑肉身,转折高潮、战斗描写,战斗、高潮,孟川进入神魔血池盘膝坐好，尊者接引天雷。第一道天雷劈下令孟川全身骨头经脉断裂、脏腑重创，凡胎被破开。孟川以刀意引领真元，结合天雷之力与九炼煞气重塑肉身——天雷代天罚具破坏性欲摧毁九炼煞气，九炼煞气以六欲煞为主虚无缥缈难以摧毁，在法门引领下天雷、煞气结合并汲取神魔血池力量重新塑造骨骼肌肉脏腑。天雷之力不够，尊者接连接引第二至第七道天雷。七道天雷后重塑仍未完成，尊者额外接引第八道天雷（孟川仅吐血、维持七成战力），继而第九道天雷劈下。柳七月、元初山主、易长老对超出常规的第八、九道天雷震惊焦急但相信尊者。九道天雷后肉身彻底重塑成功，告别凡胎成神魔之身，骨骼硬度强百倍。剩余步骤：凝结丹云。,九道天雷（超出常规七道）重塑肉身，孟川告别凡胎成就神魔之身。
神魔,丹云境神魔,悟道、转折高潮,修炼、高潮、爽点,"孟川内视丹田，丹田空间广袤、有天雷之力残留、中央有雾白色元丹。开始凝结丹云：以刀意引领真元化作微小刀光，有序旋转汇聚压缩向中央元丹。密度达到界限时若控制不住则爆炸身亡，掌控约束下爆炸则形成丹云。尊者提点孟川以元神之力融入真元（掌控提升超十倍），孟川立即调整，发现自身刀光军阵""太粗糙""并进行微调。元丹破碎后形成千分之一大小的耀眼""光点""，光点产生引力令真元自然旋转形成美丽丹云。凝结丹云成功，孟川成丹云境神魔（神魔第一重），识海更广阔、元神略变大。尊者告诫元神之力在神魔中后期修行极重要（如大日境突破暗星境需元神辅助提升十倍掌控），叮嘱孟川今后在元神上也需用心。孟川多吸收一丝神魔血池力量长了头发，被尊者催促出池。",尊者提点元神之力辅助，孟川成功凝结丹云成就丹云境神魔，元神重要性再次强调。
神魔,八月二十（本集终）,情感展现、转折高潮,情感、高潮,"孟川出神魔血池洞，气息截然不同，告知柳七月已成丹云境神魔、圆满雷霆灭世魔体。元初山主与易长老感慨自归海侯后元初山终于再有圆满雷霆灭世魔体神魔，且孟川引下九道天雷（超出常规），煞气比归海侯刚成神魔时强五成，二人对此困惑但尊者不说便不追问。孟川下山途中被七位神魔看到成神魔气息。回洞府后孟川在练武场适应新力量：圆满雷霆灭世魔体初成速度即媲美封侯神魔，一跃三十余丈、体表被闪电覆盖。孟川分析自身实力（肉身真元比普通二重天妖王强一大截，毒潭妖王仅约现在三成实力），但元神之力对神魔体帮助下降（仅增一倍力气、消耗更多）。午后孟川画水墨简笔画赠父亲孟大江，画尽父子从小到大各场景（一家三口、教刀法、入道院、斩妖盛会、废墟并肩、飞禽北上、父子告别、神魔血池闯关），题字""儿于八月二十闯生死关成神魔成圆满雷霆灭世魔体""，寄托对父亲的思念与报喜。",孟川成丹云境神魔出关，速度媲美封侯神魔，画水墨画赠父亲报喜，第五集完整收官。
英雄征四方,论道会,人物引入、环境铺陈,人物、设定,"孟川成神魔当日画水墨画赠父亲，元神因叩问本心而蜕变（画画时间虽短但蜕变不亚于《向着朝阳》）。当晚论道会，孟川首次参加神魔聚会，近两百名神魔举杯庆贺。乔勇等五位不灭境师兄师姐带领孟川认识全山同门，乔勇介绍神魔弟子三件必至之事：新晋神魔庆贺、下山送行、战死名刻赤血崖。孟川遇到因王师兄战死而悲痛的吕方，吕方举杯请孟川日后多斩妖王为死去同门报仇，孟川答""我修行，就是为了斩杀妖族""，众神魔共饮。","神魔弟子论道会与三件必至之事展开，孟川立言""修行就是为了斩杀妖族""。"
英雄征四方,出征,情节推进、人物心理,情感,钱钰、伏昌、柏沂等十一名神魔弟子聚在一起，众人夸赞孟川练成九炼雷霆灭世魔体及黑铁天书。钱钰主动坦白当初曾劝孟川放弃超品神魔体之事，自感丢脸平常躲避孟川，今日主动赔礼。钱钰决定本月闯过九玄洞、九月十五下山，带动其他有实力的同门一同下山，众人立志先封伯再图封侯。大半个月后九月十五，钱钰等六位神魔于赤血崖留影出征，元初山主与易长老送行，天星侯送他们前往城关。孟川心中热血沸腾，期待自己下山那天。春去春又来，转眼九年过去。,钱钰赔礼并带头下山，六位神魔赤血崖出征，时间流转九年过去。
英雄征四方,九年后,设定展开、情节推进,设定,九年后东宁府，孟大川已成孟氏族长，孟家为东宁府第一神魔家族。孟大川与柳夜白叙旧，二人确认孟川与柳七月准备下山后成亲（需保密以免柳家折腾），感慨孟川修炼黑铁天书艰难。元初山万雷峰，孟川于峰顶修炼雷电（万雷峰为雷电神体一脉宝地，唯有雷霆灭世魔体弟子敢到峰顶），半个时辰抵洞府五六时辰。孟川回顾修行历程：十九岁悟刀意，二十二岁刀意大成，二十四岁刀意巅峰，此后卡了五年，直至近日终于悟出刀魂（耗时十年，得益于十丈领域）。孟川成不灭境后曾求师尊赐黑铁天书原本接受传承，师尊让其自行摸索至刀魂境方可接受传承。孟川前往九玄洞，进入暗红世界遭遇白袍狼妖（已输七次）。,九年后东宁府与元初山双线展开，孟川悟出刀魂，前往九玄洞。
英雄征四方,九玄洞考验,战斗描写、设定展开,战斗、设定,孟川与三重天白袍狼妖王交手。狼妖施展黑风（可令寻常不灭境神魔三息化粉），孟川以护体真元（比毒潭妖王护体黑雾强超十倍）无视。孟川以刀魂境速度碾压擅长速度的狼妖王，站在原地连挡数十爪。狼妖施展禁术狂暴，孟川轻松避开后一刀穿透其头颅。狼妖临死前脱离元初山控制恢复清醒，回忆起曾攻打城关被灰衣人族女子控制。孟川继续前进，九玄洞考验规则为杀光所有妖王方可下山。孟川遇到罕见的山妖妖王（头颅有元初山印记，代表最后一名妖王），山妖以身体强横著称，是妖族中的绝世天才。,孟川以刀魂境实力斩杀狼妖王，遇到九玄洞最后考验——山妖妖王。
英雄征四方,山妖,战斗描写、人物心理,情感、战斗,孟川与山妖交手。雷电无法令山妖麻痹，煞气亦无影响。孟川施展龙吟式刺穿山妖体表三四丈深洞穴、虎啸式连劈十五刀轰出八丈深坑露出暗红真身，但山妖体表岩石迅速愈合。山妖暴怒下彻底爆炸外体，无数碎石超音速射向四方（可毁十里范围），现出十丈暗红真身追杀。孟川凭元神反应与飞燕式穿行岩石缝隙逃脱。孟川判断自己只能勉强伤到山妖，需成大日境神魔方有希望击杀（雷霆灭世魔体需魂之境大成）。孟川前往洞天阁见师尊，尊者承认刻意逼孟川悟出刀魂再接受传承（以己之魂为根基方可开辟属于自己的道路）。尊者赐两部黑铁天书《心意刀》《天地游龙刀》，让孟川原地接受传承。,孟川不敌山妖，尊者赐两部黑铁天书传承，揭示自行悟魂的良苦用心。
英雄征四方,柳七月的秘密,设定揭示、情感展现,情感、揭示、设定,孟川接受《天地游龙刀》传承，见识开创者叶鸿（游龙尊者）一百零八刀至高造诣——身法人族第一、瞬间在上百里范围存在八十一个化身、每一化身皆可为真身，论威力三门快刀垫底但身法无敌。孟川再接受《心意刀》传承，见识开创者郭可前辈五次心刀式：第一刀简单、第二刀雷霆凝练令虚空扭曲距离缩短数十倍、第三刀时光流速扭曲、第四刀数十里外劈开虚空大裂缝、第五刀超越时光（三门快刀最强一刀，连造化境尊者都敬佩）。尊者盛赞郭可前辈虽肉身不足未达造化境却已无敌于天下。孟川回洞府后告知柳七月将闭关参悟，柳七月暗中透露自己其实一个月前已达魂之境大成（隐瞒未公开，故意等待孟川），期待下山后与孟川成亲。,两部黑铁天书传承展开，柳七月隐瞒修行进度等待孟川的秘密揭示。
英雄征四方,三个月,悟道、人物心理,修炼、情感、爽点,"孟川疯魔修炼《心意刀》，参悟心刀式第二刀""虚空扭曲、距离缩短""之妙。吃饭、沐浴、睡前皆想刀法，忘记画画与真元修炼。柳七月默默守护，替孟川挡下外界打扰（常庸师兄名刻赤血崖之事未告知孟川）。七月二十三，孟川一刀劈出感知到虚空扭曲后的波动，顺着波动距离缩短数倍，达到刀魂境大成。孟川继续修炼飞燕式、龙吟式、虎啸式等其他招数。九月十九（深秋），三个月疯魔修炼结束，孟川恢复正常，准备成大日境神魔闯九玄洞下山。",孟川疯魔修炼三个月参悟心刀式第二刀，达到刀魂大成。
英雄征四方,名刻赤血崖,情感展现、氛围营造,情感、设定,孟川结束闭关，画郭可前辈挥刀场景。柳七月归来告知孟川已刀魂大成，二人互相分享好消息（柳七月谎称接近魂之境大成）。柳七月透露八天前槐山关被攻破（中型城关），死伤惨重：钱钰师兄也在其中，二十七位神魔仅钱钰一人被梅江侯救下（因神箭手被同门拼死保护），钱钰施展禁术杀六十二位妖王但丹田彻底崩溃，修行路断绝。九月二十八名刻赤血崖，元初山主亲自雕刻九位战死弟子名字（中型城关元初山弟子比例高）。孟川等弟子在洞窟外遇到颓废的钱钰，钱钰独自走入洞窟深处抚摸战友名字痛哭，回忆副将章列、于师兄、将军黄瑜等战友。,槐山关被攻破，钱钰丹田废成废人，名刻赤血崖展现神魔战死的沉重。
英雄征四方,晏烬的偏执,人物心理、人物引入,人物、情感,众神魔弟子下山途中因钱钰之事心情沉重。孟川柳七月告知晏烬二人即将下山。回忆同批弟子：姬元通曾消失三年后低调回归、大力魔体大成成神魔；阎赤桐被特别邀请上山、十三岁悟势、十六岁青莲神体圆满成神魔、练成黑铁天书《红莲火焰枪》；晏烬偏执地在青莲神体耗费十年仅大成（未圆满），黑铁天书《冰火七绝》需冰剑意+火剑意，十一年仅悟出冰剑意无法入门，仅靠冰剑意修至不灭境。孟川感叹晏烬若选天级秘典必已悟剑魂，但晏烬太偏执。晏烬独自前往飘雪峰（仅他一人居住），决心孤独绝情以练成黑铁天书。大半个月后柳七月突破凤凰羽翼飞行能力。,晏烬偏执修行的性格深化，阎赤桐天才身份补完，柳七月突破凤凰羽翼。
英雄征四方,"突破,大日境",转折高潮、悟道,修炼、高潮、爽点,当晚孟川闭关突破大日境。丹田空间丹云漩涡比丹云境时庞大数十倍，有十个光团（中央一个加九个旋转）。孟川以元神之力融入真元、刀意引领，丹云漩涡朝中央塌陷，中央光团与九大光团汇聚一体孕育大日。丹田中央浮现大日，真元化为金色毫光蕴含可怕破坏力。孟川成功突破大日境，大日真元比普通大日境强近十倍（圆满雷霆灭世魔体加神魔根基）。孟川弹指一缕金光射向百丈高空炸开，柳七月震撼。二人讨论实力对比：柳七月凤凰火焰可怕但真元不及孟川，孟川速度完克柳七月。第二天晚上柳七月亦成功突破大日境。十月十九，二人前往九玄洞，孟川再遇山妖。,孟川柳七月先后突破大日境神魔，孟川再闯九玄洞挑战山妖。
英雄征四方,元神秘术,战斗描写、转折高潮,战斗、高潮,"山妖崩解外体形成两三里范围""领地""笼罩孟川。孟川以大日境实力施展十九刀虎啸式一击摧毁外体五六成，周围一里多范围化为粉末。孟川以龙吟式十二刀贯穿山妖真身（每一刀虚空扭曲距离缩短），山妖十二个窟窿愈合缓慢。山妖施展禁术反扑，孟川以飞燕式避开后，于心刀式中以阴阳炸劲透过山妖身体传递至核心""命石""，命石碎裂，山妖死亡。山妖临死恢复清醒，释然于早被活捉的命运。孟川闯过九玄洞，九玄洞显现另一侧出口，走出看到紫色花海中等待的柳七月。次日柳七月亦闯过。二人至传法阁，易长老赐《雷霆灭世魔体》下册、《凤凰神体》下册及元神秘术三本书册。",孟川以大日境实力斩杀山妖闯过九玄洞，易长老赐神魔法门下册及元神秘术。
英雄征四方,元神九层,设定展开、设定揭示,揭示、设定,"易长老讲解神魔法门下册需凝练元神后方可接受意境传承，书册仅文字图画。孟川翻阅下册了解突破暗星境（封侯）、无间境（封王）的诸多门槛：肉身生机（大日境六十岁前巅峰，过后下滑；战场施展禁术加速下滑）、炼体境界、大日真元圆满等。孟川感叹大日境与暗星境差距巨大，遇四重天妖王只能逃。天妖门已有两名五重天天妖（三大宗派持续追杀，五重天妖露头会有造化境尊者追杀）。孟川翻阅元神秘术：元神分九层（显形/移物/夜游/分神/夺舍/不灭/世界/渡劫/永恒），孟川仅第一层；封侯需一层、封王需三层（夜游）、造化境需五层（夺舍）；人族历史最高元神八层，第九层""永恒""为设想（可得永恒生命）。元神提升主要靠入道叩问本心，大日境神魔因未达道之境难以叩问本心故难凝练元神。孟川柳七月于藏宝楼领取剩余九年千星丹（一千一百枚）、雷劫果（十八枚+另换二十枚）等宝物。",元神九层体系完整展开，孟川领取下山宝物。
英雄征四方,神兵洞窟,环境铺陈、装备获取,奖励、设定,"孟川柳七月先选衣袍铠甲。孟川选深青色超轻衣袍（外袍、裤子、战靴、贴身内甲八斤、护臂五斤），柳七月选青红色搭配（红色为主），二人样式接近非常相配。白发老妪讲解神兵洞窟规则：神兵择主，弟子施展意境吸引神兵，只能选一件；神兵漫长岁月会灵性衰减（造化神兵可衰弱成天级/地级）；人级神兵经长期孕养可蜕变至造化神兵。孟川进入神兵洞窟，施展刀魂意志（核心意志为""斩尽天下妖族""），浓烈战意撼动洞窟，一百多件神兵飞起，强大神兵压制弱小神兵跌落。",孟川柳七月选衣袍，孟川进入神兵洞窟以刀魂意志引动百余神兵。
英雄征四方,神兵认主,装备获取、人物心理,奖励、情感,"山腹内仅十二柄兵器悬浮（三柄天级神兵、九柄地级神兵，无造化神兵）。三柄天级神兵均为横刀样式：第一柄漆黑长刀（擅偷袭、影响虚空令出刀极快、锋利无比）；第二柄银白色长刀（一刀冰冻四方，但孟川神体不擅冰冻，孕养后冰冻能力会削弱）；第三柄血色长刀（邪刀，能吸血肉罪孽煞气令刀变强，煞气冲击敌人意识，会反噬主人令其成刀奴）。孟川犹豫后选血色邪刀，刀吟声响彻洞窟，其他神兵跌落沉寂。孟川以刀魂意志（无需元神之力）彻底镇压邪刀煞气。白发老妪面色大变，取来卷宗：此刀曾名""心魔刀""""杀劫""""无绝""，掀起过多次大屠戮，在洞窟两千六百余年，巅峰时需元神三层方可抵抗。孟川决定若接近承受极限便换刀，命名为""斩妖""，誓言从此让它饮妖族血。","孟川选血色邪刀命名""斩妖""，以刀魂意志镇压煞气，立言斩妖。"
英雄征四方,英雄征四方,情感展现、情节推进,情感,"十月二十一日孟川柳七月设宴宴请同门。晏烬在宴会后期拉着孟川柳七月喝酒，郑重希望二人一直活着，期待三人有朝一日并肩出现在同一战场（回忆东宁府闲石苑少年时期并肩而战）。宴后孟川柳七月冒雪拜访钱钰，钱钰不理会任何人，独自抱酒壶颓废，痛苦于自己成废人无法报仇。傍晚易长老来访，告知二人将分配至中型城关（大日境顶尖战力），二人要求同处一城关且尽量离东宁府近。易长老表示需十天半月研究各城关防守力量及换防。孟川回到书房挥毫泼墨，画连绵元初山与一位位下山神魔（包括薛峰、萧云月、钱钰等），题字""无数英雄征四方""""人族自当长存""，战意汹涌。","宴别同门，拜访钱钰未果，易长老商议分配，孟川画""英雄征四方""。"
英雄征四方,元神第二层,悟道、转折高潮,修炼、高潮、爽点,"孟川继续画""英雄征四方""长卷。细致描绘十八位战死英雄：雁水王（人族最强封王神魔，斩九位五重天妖王后战死雁水关，尸体被妖族带回妖界保存，洛棠关由此重建）；武杨侯（天资卓绝封侯神魔，与一双儿女镇守武洋关，被天妖门副门主王自如刺杀重创后里应外合覆灭，王自如现为两名五重天天妖之一）。又简略画一百二十七位战死英雄。再画活着英雄十八位（薛峰、萧云月、钱钰、天星侯、南云侯、东河王等）及一百二十七位下山弟子。孟川画时元神蜕变突破第二层（领域扩至二十丈，感应两里），但心绪投入画中未管元神。画近两天两夜完成后，柳七月观画感动落泪，认为此画应保存好让后来者看到。孟川取名""英雄征四方""。",孟川画英雄长卷时元神突破第二层，雁水王与武杨侯战死历史揭示。
英雄征四方,两位尊者的相见,设定揭示、伏笔埋设,伏笔、揭示、设定,"孟川于练武场验证元神二层实力：元神一层时仅增五成实力；元神二层质变可干涉现实移动百斤重物。元神之力融入大日真元实力提升一倍（可施五十招）；仅调动肉身提升六成（可施十五招）；全力爆发实力达三倍（仅七招，因调动如今肉身真元比凡俗时难太多）。十月二十五尊者讲法，尊者发现孟川已元神二层（二十九岁即达，媲美书法圣者谭幼安前辈二十八岁元神二层的记录），心中震惊。尊者回顾谭幼安（书法圣者，元神七层封王神魔，被人族内部纷争时另一国尊者斩杀；三大至高宗派曾有血债，八百年来团结对敌）。尊者讲法后回书房，以青色镇尺联系洛棠尊者（镇守洛棠关），提议为孟川开启元初山第一重地""沧元洞天""。",元神二层实力验证，尊者震惊孟川元神天赋媲美谭幼安，联系洛棠尊者商议开启沧元洞天。
英雄征四方,沧元洞天,设定展开、伏笔埋设,伏笔、设定,秦五尊者（师尊）与洛棠尊者商议开启沧元洞天。洛棠尊者担忧：沧元洞天为元初山第一重地，妖族入侵前平均六千年开启一次，八百年已开启四次，如今第五次是否过分。秦五尊者阐述理由：妖族势力远在人族之上，世界入口限制使部分力量进入才支撑八百年，未来战争越加残酷；孟川画道天赋媲美谭幼安，元神八层有望（足以越阶杀造化境），值得为其开启。洛棠尊者提及沧元洞天过去四人：一个大日境战死、三个成封王（真武王近三百岁成造化无望、安海王刚过百岁潜力最大、雁水王元神仅第四层战死遗憾）。洛棠尊者同意开启。当晚尊者亲自到孟川洞府将其带走（师尊来弟子洞府闻所未闻），至无名山峰，两位尊者以青色镇尺开启虚空洞口，尊者将孟川扔入洞口。孟川进入后看到庞大异兽头颅，被其吞入黑暗漩涡。,两位尊者商议开启沧元洞天（八百年第五次），孟川被送入第一重地。
英雄征四方,通天柱,战斗描写、转折高潮,战斗、高潮,孟川在黑风漩涡中坠落后落地，发现十二根通天柱围成巨大圆圈，地面为特殊黑色岩石（孟川全力踩踏丝毫无损）。红雾升起凝聚成红衣人杀向孟川（实力相当于新晋神魔），孟川以极阴式（心刀式放弃阴阳转化追求速度的变种）斩杀。杀得越多红衣人越多越强，杀上千后出现神箭手红衣人，极个别直逼大日境。红雾浓度飙升渗透护体真元冲击识海，孟川以元神之力抵抗但逐渐吃力，停止杀戮靠身法逃避上千红衣人追杀。片刻后所有红衣人崩溃化作更浓郁红雾，红雾攻破孟川元神后突然退去钻入黑色岩石。白雾分开通道指引孟川至东南方一根通天柱。通天柱飞出比灰尘还小的晶石钻入孟川体内膻中穴，开辟出中丹田空间（与丹田、识海并列），黑暗漩涡将孟川吞出。孟川半个时辰即出来，两位尊者询问机缘。,孟川沧元洞天内斩红衣人至红雾攻破元神，获微小晶石开辟中丹田。
英雄征四方,下山 本集终,设定揭示、转折高潮,揭示、设定、高潮,"微小晶石传来""肉身修行体系""传承——纯粹修炼肉身，分筑基/金刚/神通/不死/滴血/入圣/神话七重：筑基需元神一层（相当不灭境）、金刚需元神二层（相当大日境）、神通相当半步封侯、不死相当封侯（肉身媲美神兵，重伤转眼恢复）、滴血相当封王（肉身粉碎一滴血可重生）、入圣相当造化尊者、神话肉身不灭寿命万载。此体系对""星空晶石""需求极高（滴血到入圣需三斤、入圣到神话需百斤），人族世界无三斤星空晶石故封顶滴血境。孟川所得微小晶石即星空晶石（密度极高，虽比灰尘小却有一两重）。孟川向两位尊者禀报机缘，尊者认为机缘不算太好但孟川肉身生命力可一直保持巅峰，将来近五百岁寿命大限仍有望成造化境。孟川向柳七月隐瞒沧元洞天秘密（谎称师尊传了一门肉身保命秘术）。十一月初六定下分配北河关（距东宁府一万三千里，苦寒之地）。十一月十五，孟川柳七月等五名神魔于赤血崖留影下山，南云侯专程护送，乘火红巨鸟飞往北河关（本集终）。",肉身修行体系七重传承展开，孟川隐瞒沧元洞天秘密，分配北河关后下山。
北河关副将,另一职位,环境铺陈、设定展开,设定,"孟川等五名神魔由南云侯护送，下午抵达北河关。北河关分内城关（直径三里、城墙高八十丈厚二十丈）与外城关（直径五里、高三十丈），内城关内有长约两里宽半里的世界入口。北河关南方聚居数十万人，含两万士兵、三万后勤人员。南云侯介绍守将章云虎（伯爵、北河关十位大日境神魔中实力最深）。副将樊铖抱子樊十斤来迎，柳七月以沙土塑小胖墩雕塑赠子。章云虎单独留下孟川与南云侯，南云侯授予孟川白玉令牌（正面""巡""字，反面十八府地图），任命其为十八府巡查，因孟川速度媲美封王神魔，救援远快于封侯神魔，每年十万功劳另加支援功劳。",北河关城关体系与守将阵容展开，孟川获副将与巡查双职。
北河关副将,彼此磨合,人物引入、设定展开,人物、设定,南云侯叮嘱孟川救援后立即返回北河关，妖族一年攻打两三次需救援的难得一两次。南云侯带走换防神魔葛丛、巫子休离去，巫子休提醒俞师姐、穆师妹、石师兄三人性子怪但值得托付生死。章云虎安排孟川柳七月住同一府邸（临近外城墙便于出战）。当晚宴会，北河关主力三十一位神魔齐聚：将军章云虎加九位副将（孟川、柳七月、樊铖、石修、俞赤琰、穆青、杨星舞、邱祁、风千帆）加二十一位统领。邱祁、风千帆（外门弟子、中品神魔体）率大军挡凡俗妖族；章云虎及七位副将加两名神箭手对付三重天妖王。石修炼血神体（最痛苦法门）、穆青背双剑冷漠、俞赤琰修幻魔体擅控制意识。章云虎强调战场靠合力非蛮干，叮嘱孟川新手勿冒险。,北河关三十一位神魔阵容与分工展开，众副将性格初现。
北河关副将,下雨,设定展开、情节推进,设定,孟川在城墙俯瞰世界入口，向章云虎提议在城下战场积水或布铁链以传导雷电——全力释放雷电可一瞬间传导战场各处，妖王以下必死、二重天妖王重创、三重天妖王稍受影响，但仅第一次效果最佳。章云虎采纳，命擅长水之领域的神魔燕珺降倾盆大雨积三尺深水。三个月后二月十九夜，孟川服第十枚千星丹修炼肉身一脉法门：以元神之力微观观察肉身粒子，一个月筑基功成后修炼金刚境，以刀魂大成引领将肉身微小粒子逐渐统一化，每天两时辰耗十枚千星丹，需半年练成。此时皮肤层已蜕变，敢硬抗三重天妖王精英，真元极限爆发达之前三倍，整体实力提升五成。柳七月感叹何时能成亲，孟川言需站稳脚跟。,雷电积水杀招设定展开，孟川金刚境修炼推进，成亲之念初提。
北河关副将,初临战场,战斗描写、氛围营造,战斗、设定,二月二十辰时三刻，三十五名三重天妖王同时进入世界入口（通道数十丈深，三十五名同进需十息通过）。鼓声响起，孟川第一个上城墙，众神魔陆续赶到。章云虎讲解世界入口通道阻碍规则。柳七月、樊铖留城头（樊铖四象神体圆满、擅盾锤，一人硬抗十名普通三重天妖王）。六名大日境神魔跃下城关，踩一尺半深积水。杨星舞施展青丝领域（一里范围，镇压束缚攻击抵挡兼备，辅助极重要）。柳七月三箭偷袭配合章云虎一矛，击杀犀牛妖王、断一妖王手臂。妖王们各施领域手段，七名陌生妖王需小心。孟川血液沸腾战意汹涌，双方杀到一起。,首次大战爆发，北河关神魔小队配置与战术展开，柳七月偷袭建功。
北河关副将,新手孟川,战斗描写、人物心理,情感、战斗,孟川以红莲式（黑铁天书《心意刀》唯一护身招数）接连挡下七位妖王远攻。穆青（黑白二气领域）、石修（血色气浪）提醒妖族认定孟川是新手主攻其方向。第二批二十五名三重天妖王到达，合计五十九名。妖族首领黑衣蜘蛛女妖（妖圣子嗣）分析孟川弱点：肉身在超品神魔体中较弱、经验少，令妖王们引诱孟川乱冲与同伴拉开距离后二十位妖王联手击杀。十二位近战妖王（含三位精英）同时扑向孟川，孟川元神领域笼罩二十丈清晰掌握每招攻击，化作八道身影施展红莲式守得滴水不漏，令妖王们惊愕。章云虎赞其护身本领堪比樊铖。,孟川初战以红莲式完美防守，妖族针对新手的计划落空。
北河关副将,绞肉机,战斗描写、爽点设置,战斗、爽点,妖族大军（近两百普通妖王及海量妖族）涌入，飞禽妖怪振翅攀爬城墙。章云虎下令放招，孟川调动雷霆灭世魔体雷电之力倾泻脚下积水，雷电沿水传导波及整个战场，近处妖族化灰烬、远处妖族倒下，一瞬杀超三万凡俗妖族、伤两三万，但一里外威力大减对二重天以上妖王仅挠痒。柳七月等二十五名神魔全力屠戮妖族，柳七月击杀十七位二重天妖王（接近其他二十余名神魔总和），三箭击杀/逼落三名飞禽妖王。二重天妖王攀爬八十丈城墙被神魔围杀，樊铖大盾震死七位。凡俗妖族冲过内城墙跳入内外城间一里宽死亡通道，遭两万人族士兵（最弱洗髓境）以箭矢滚油火焰拦截，不足千名妖族精英冲上外城墙近身厮杀，士兵有战死。孟川等六名神魔遭妖王更疯狂围攻。,孟川雷电杀招灭三万妖族，柳七月神箭手威慑力展现，战场残酷全景。
北河关副将,撤!,战斗描写、转折高潮,战斗、高潮,"章云虎短矛连连射杀妖王。妖族二首领牛妖王向大首领黑衣女妖报告狂攻孟川不破且章云虎肆意杀敌已死五位妖王。黑衣女妖改变目标主攻石修，妖王精英转攻石修令其陷入险境，章云虎前冲以双矛帮石修挡下大半。孟川见己方仅剩五名普通三重天妖王攻击，施""龙吟式""——身化五影各出一刀，刀光如雷霆刺穿虚空，五名妖王眉心被刺穿当场毙命。妖王们胆寒，传音讨论孟川出刀太快近战危险。黑衣女妖攻也不是弃也不是，死十位三重天妖王后下令撤退。二重天妖王与凡俗妖族疯狂逃向世界入口，冲到外城关的妖族绝望。章云虎令继续缠住三重天妖王防耍诈，妖王们分批退回妖界。",孟川龙吟式瞬杀五妖王迫使妖族撤退，首战大胜。
北河关副将,损失,情感展现、设定展开,情感、设定,孟川以煞气冻死残存妖族后上城头与柳七月汇合。章云虎等借青丝领域缓慢落地。孟川柳七月视察外城关，见士兵断腿、腹部血窟窿等大量伤员及尸体。军官报告当场战死约八百、受伤超两千（部分救不活、部分残疾）。章云虎告知这次算损失小的——去年两次攻打共战死残疾一万一千人，凡俗兵役五年死亡过半、安稳活三年仅两成，许多老兵自愿延长兵役保护新兵。神魔方面三位重伤。去年元初山战死二十七位神魔（槐山关被攻破），形势逐年恶化，元初山或需提升每年招收名额。本次击杀十名三重天妖王、六十三名二重天妖王，章云虎强调最大功劳是守住北河关保护一方人们，只要坚持就有希望。,战场损失与凡俗兵役残酷真相展开，人妖战争形势逐年恶化。
北河关副将,元初山上,设定展开、伏笔埋设,伏笔、设定,"元初山夜，秦五尊者翻阅卷宗，元初山主汇报北河关大胜：章云虎在卷宗中夸孟川上天，孟川独力灭超三万凡俗妖族（算三十万功劳），一战定下五十一万三千功劳。秦五认可""没丢脸""。元初山主感慨照此速度十年八年可封伯。秦五翻阅其他卷宗发现两界岛又出事——大海深处小型世界入口漏发现，已有七百余妖王潜入人族世界，两界岛仅找到五百零三位，其余渡海潜入三大王朝。秦五恼怒两界岛多次纰漏，命""地网""加大搜索追杀。孟川得知自己功劳过五十万后感慨姑祖母成神魔八十年仅攒十八万功劳给自己，更觉实力重要。",孟川首战功劳认定，两界岛漏防致七百妖王潜入伏笔埋设。
北河关副将,金刚之身,悟道、转折高潮,修炼、高潮、爽点,"六月初三，孟川近六个月修炼后，以元神之力微观观察、刀魂大成引领、海量真元加千星丹供应，将肉身所有微小粒子彻底炼化统一，成就金刚之身（金刚境）。体表自然形成护体金刚力，水火不侵刀剑难伤，皮肤护身能力媲美元初山赐衣袍，筋膜肌肉更强。金刚之身实力达大日境真元爆发七成，护身能力远超常人，一对一搏杀优势巨大。孟川正常状态实力比下山时强一倍。大半月后六月二十七夜，原州苍山府外荒山，黑袍穿山甲妖""甲游""探查到不稳定世界入口连接苍山府，回报蛇尾人身的婪狱大妖王。婪狱大妖王命三首妖王居摩（从千毒大妖王处借来）率五名二重天妖王精英及三万妖族趁后半夜攻打苍山府。",孟川金刚之身练成实力翻倍，苍山府危机伏笔埋设。
北河关副将,孟川救援,情节推进、氛围营造,设定,三首妖王居摩跨出世界入口气势突破，率妖族大军疯狂奔向苍山府。苍山府玉阳宫主王甫成（不灭境神魔巅峰、元初山弟子）与神魔家族老祖胡虓被妖气惊醒，急令敲钟示警全城，二人冲向北城墙。王甫成传音求援但距州城九百里封侯神魔需一刻钟赶到，苍山府恐已化废墟。北河关孟川熟睡中枕头下巡查令牌泛红炽热，孟川看到苍山府红光耀眼，立即起身持斩妖刀穿衣化闪电飞出。柳七月醒来祈福，因带柳七月速度仅剩六成无法同去。孟川一跃三里（金刚之身令雷霆之力更强、经络承受更多真元），风驰电掣赶路，跨群山、越穆玛河，直奔苍山府。六名妖王先到，越城墙波及杀死数十士兵，冲向城内。,孟川首次巡查救援启动，苍山府危急，孟川风驰电掣赶赴。
北河关副将,欢呼,环境铺陈、氛围营造,设定,苍山城混乱，断臂老兵踹门唤醒熟睡邻居二狗子一家进地道，众人互助躲避。六名妖王越过城墙冲向王甫成、胡虓，所过处建筑倒塌凡人毙命。王甫成、胡虓选择月牙湖为战场（水域利王甫成、少波及凡俗），三首妖王居摩速度极快追来。王甫成、胡虓期盼奇迹（封侯神魔或路过强大神魔）。北城墙上近万士兵集结，操纵守城器械，军官鼓励士兵。妖族大统领率两万小妖抵达城外半里处停下结阵（小妖速度仅大妖一半，需军阵一鼓作气破城）。就在小妖刚抵达结阵时，孟川一道闪电划过天边抵达苍山府。,苍山府守城备战，孟川及时赶到。
北河关副将,斩,战斗描写、转折高潮,战斗、高潮,月牙湖上王甫成以水流领域压制三首妖王居摩却处下风，胡虓以神魔禁术拼命抵五位二重天妖王，左臂被紫色尾巴戳断。孟川闪电抵达，拔刀瞬间劈出六道刀光，五名二重天妖王被切割一分为二当场毙命，三首妖王居摩六柄弧形刃抵挡被震飞两柄、双手鲜血淋漓喷血但保住性命。孟川一道刀光即击溃三首妖王。王甫成认出孟川大喜。三首妖王恐惧施展血脉天生招数，身体一分为三变三条黑蛇钻湖水分三方向逃。孟川化三道身影各劈一刀，两条黑蛇被斩两截，本尊黑蛇带深伤钻入湖底淤泥深处。孟川元神感应笼罩两里，定位妖王，挥刀劈开湖水以阴阳毁灭劲传递地底，妖王居摩内脏被摧毁毙命。孟川指明妖王尸体在湖底二十七丈处，交王甫成收尾，自己化闪电去灭妖族。,孟川瞬杀五妖王、斩杀三首妖王居摩，元神领域无遁形。
北河关副将,三万座冰雕,战斗描写、爽点设置,战斗、爽点,孟川落北城墙外妖族大军中，全身闪电爆发浓烈黑色煞气弥漫百丈范围，凡俗妖族沾煞气即冻成冰雕。孟川化闪电穿行妖族大军，一个呼吸七个来回，三万妖族超九成化作冰雕，余者逃窜亦被追上冻死。百余飞禽妖怪、三百钻地妖怪在元神感应下无一逃脱，两个呼吸三万凡俗妖族全军覆没。城墙士兵震撼欢呼。孟川化闪电北寻世界入口，发现百丈长扭曲入口后收敛气息坐大树上守候，防新妖族出现，等元初山接手。妖界婪狱大妖王听甲游禀报三万妖族全灭，判断有擅长领域的封侯神魔路过，不再派兵。王甫成告知众兵卫有元初山神魔路过救下苍山府，胡虓欲往元初山治断臂。,孟川煞气领域两呼吸灭三万妖族全军覆没，威力震撼。
北河关副将,地网,人物引入、设定展开,人物、设定,"王甫成赶来荒山世界入口处与孟川相见，孟川问损失（死数百人，极轻微）。二人叙旧，王甫成下山五年先在安海关三年，孟川坦言在北河关。王甫成感慨中型城关需魂之境大成方可去，自己尚在意之境巅峰未成大日境。孟川令王甫成回去坐镇等元初山神魔。苍山府全城得知获胜欢庆，六大道院、四大神魔家族、府衙武库各处守备力量白忙一场未拼命就赢。人们涌上北城头看三万妖族冰雕震撼。半个时辰后元初山两道身影到月牙湖，王甫成称呼""曲师兄""。孟川全程未暴露巡查身份（巡查为秘密，以""顺道路过""掩饰，避免妖族推测人族巡查网）。",地网组织接手苍山府，巡查身份保密机制展开。
北河关副将,一年时间,情节推进、设定展开,设定,"孟川向""曲师兄""说明三万妖族无一逃脱（可能提前分兵但遇到的全灭），曲师兄惊叹。孟川化闪电返回北河关，柳七月等候。孟川告知先杀六妖王再灭三万妖族，柳七月认为正常（凤凰神体大范围破坏力更强但速度慢会有三五千逃脱）。北河关妖族一直未再攻打。八月二十七孟川救援高岚县（六百多里，二重天妖王率五千妖族，死八千余人，再晚一刻钟全城无活人）。九月十九救援鱼禅县（五百多里，死三千余人）。一年间仅一次妖族攻打城关却三次求援。十二月初三元初山卷宗：两处世界入口出现虽未攻城但有妖王潜入，秦五忧虑潜入妖王越来越多（不稳定世界入口多在荒野，妖族分散潜藏难找）。",一年巡查三次救援总结，妖王潜入人族世界日益增多。
北河关副将,狮妖王,人物心理、氛围营造,情感、设定,腊月初五大雪，孟川在院中修炼心刀式（阴阳轮转连出十余刀），有黑铁天书传承知刀法方向，但一年未达刀魂巅峰，孟川淡定坚持（修行亦炼心）。北河关老兵们在城头练兵，有十三年老兵想家却为保护新兵留驻，有老兵家人被妖族所杀终生驻守。鼓声再起妖族攻打，孟川与章云虎、俞赤琰、杨星舞、石修、穆青六人跃下城头。章云虎提醒妖族等大半年卷土重来应有对付孟川的法子，策略为先防守摸清虚实。三十五名三重天妖王出世界入口，这次准备充分小心防备。,孟川刀法修炼渐进，老兵群像展现，第二次大战爆发。
北河关副将,妖族神通,战斗描写、设定揭示,战斗、揭示、设定,"六十名妖王分两批聚齐后进攻，孟川遭六位妖王精英加六位普通三重天妖王围攻（上次仅三位精英），章云虎一人匹敌三位妖王精英与孟川联手抗住。孟川元神领域探知一位狮妖王故意隐藏实力（气息比妖王精英强一大截，仅次黑衣女妖），伪装精英实力伺机爆发，因有把握对付孟川但无把握对付悟道之境的章云虎。狮妖王看准时机彻底爆发，血盆大口对准孟川，背后黑暗漩涡异象令虚空扭曲，无形吞吸力裹挟孟川——此为""妖族神通""（源自肉身，非常优秀的三重天妖王方能拥有）。孟川以真元极限爆发施""虎啸式""三刀，第三刀击溃黑暗漩涡异象破解神通。狮妖王持大斧杀来，孟川退三步卸力后抵挡，了解其力量极强但灵活性略弱。狮妖王传令缠住章云虎以杀孟川，黑衣女妖拼命施本命蛛丝围攻章云虎。孟川冷静寻十成把握杀机，动用元神之力有七成把握斩杀狮妖王。",狮妖王妖族神通展开，孟川以虎啸式破解，伺机反击。
北河关副将,狮妖王毙命,战斗描写、转折高潮,战斗、高潮,"孟川斩杀狮妖王后，斩妖刀主动吞吸狮妖王头颅血气（首次主动吞吸，因狮妖王血肉罪孽够格，天级神兵瞧不上普通妖王）。两名妖王精英冲入黑色煞气欲帮狮妖王，却见狮妖王一动不动血气涌入斩妖刀，惊呆。孟川维持神魔禁术、调动元神之力融入大日境真元（损耗较小仍可施展超四十招），虽比刚弱三四成但仍达封侯神魔层次（垫底）。孟川化两身影瞬杀两名妖王精英。狮妖王尸体血气被吸尽崩解成粉末。黑衣女妖以令符感应到狮妖王及两名妖王精英瞬间死亡，惊恐下令撤退。众妖王不明所以仍以为胜券在握。黑色煞气席卷向围攻章云虎的三妖王精英与五普通妖王，孟川刀光偷袭瞬杀两妖王精英，追杀第三位。斩妖刀需元神三层方可保证不被控制（注：本章原文标题后无独立正文，内容承接第十八章及第二十一章回顾，含""姑祖母的忠告""段落——斩妖刀吞吸血气、神魔禁术损耗、令符感应等情节）。",孟川斩杀狮妖王，斩妖刀首次吞吸血气成长，连杀妖王精英逆转战局。
北河关副将,北河关第一人,转折高潮、爽点设置,爽点、高潮,"黑色煞气笼罩下狮妖王与五位妖王精英转瞬被杀，妖族惊恐撤退，城头柳七月、樊铖等众神魔惊呆——章云虎仅艰难抵抗，孟川却大杀特杀，实力已在章云虎之上。柳七月含泪欢喜。二重天妖王们绝望疯狂冲城头求活路（三十五名三重天妖王占世界入口通道无法退）。孟川一跃两里上城头，迸发五十一道闪电轰击五十一名妖王，重创多数、击毙两弱者，众神魔趁机斩杀二十余妖王。孟川游走城头再杀十余妖王。杨星舞青丝领域扩至一里束缚大量二重天妖王，石修血神体吸妖王血气，俞赤琰幻术控制妖王反攻同伴。樊铖令孟川去外城关帮士兵，孟川化闪电越过一里落外城头，真元丝线瞬杀冲城头百余名妖族，扫荡两三里城防线。内城关神魔跃下追杀凡俗妖族。孟川回内城头，章云虎赞其下山一年实力已达北河关第一，石修戏言再过十年八载得尊称""孟师叔""。",孟川瞬杀妖王逆转战局，公认北河关第一人，大胜收官。
北河关副将,功劳不嫌多,设定展开、伏笔埋设,伏笔、设定,"俞赤琰笑言""孟师叔""日后懒得见人，孟川谦虚。章云虎带石修、杨星舞下战场收拾妖王尸体（杨星舞领域护尸体、石修感血气、章云虎监督，妖王随身宝物需上交元初山估算功劳）。石修查狮妖王战死处发现仅剩兵器铠甲，肉身彻底消失成粉末，惊叹孟川实力。章云虎揭示石修看似不在乎好酒色，实则每隔一段时间苦修血神体（如身处地狱），内心意志为北河关最高。孟川柳七月回府，孟川安慰柳七月不必担心妖圣报仇——妖圣（造化尊者级）无法进入人族世界，超大型世界入口仅洛棠关等三座由造化尊者镇守，五重天大妖王都进不来。此次功劳八十三万三千（关键作用扭转战局、士兵损失极小），狮妖王兵器铠甲算十二万功劳（回炉取材料，暗示狮妖王来头大）。一年累积两百一十八万功劳。孟川展望后续修行：神通境需赤血神丹（一万功劳一颗），寂灭寒煞需八百万功劳（元初山储备有限）。",第二次大战功劳分配，后续修行资源需求展开，石修内心意志揭示。
北河关副将,成亲,情感展现、人物引入,人物、情感,"腊月过去过年，北河关神魔彼此拜年（城关神魔格外在意节日）。孟川柳七月逛街，柳七月主动问何时成亲，孟川自责傻，言两次大战大胜已立足稳可立即成亲。二人写信东宁府，孟大江柳夜白大喜定正月二十六。北河关派神魔王松驾三重天妖王级飞禽（被元初山控制，羽翼展开十余丈）赴东宁府接孟大江、柳夜白、孟氏族人、葛钰院长等十六人。正月二十六清晨孟川穿新郎红礼服戴金冠。章云虎、樊铖、石修等神魔及孟氏族人、葛钰在场，葛钰酒醉开心。孟川戴大红花骑马迎亲。北河关最高白云酒楼第九层被包下，一位蒙纱青衣女子（双眸泛紫光，五里外清晰可见孟川）遥看孟川府邸，含泪低语""大江胖的变样了，川儿也长大了""。",孟川柳七月成亲，青衣女子（母亲）暗中观看伏笔埋设。
北河关副将,决定（本集终）,情感展现、核心伏笔,伏笔、情感,"青衣女子仔细端详孟川五官，回忆其小时候模样，泪花闪烁。迎亲队伍到柳七月暂居府邸，孟川等逾一时辰接到凤冠霞帔的柳七月上轿，柳夜白心情复杂。柳家派一位二重天神魔低调送贺礼缓和关系（柳夜白独自扛柳家压力从未告女儿）。新娘下轿跨火盆入府。青衣女子见成亲仪式后泪花消失恢复冷漠，与灰袍老者当天返回（怕被发现偷偷出来）。拜天地、拜高堂（孟大江旁空椅念及亡妻）、夫妻对拜入洞房。孟大江独饮思念亡妻""念云""，知晓妻子秘密为妻为子终身保密。孟川挑红盖头见柳七月烛光下绝美，二人洞房。宾客待七日后孟大江柳夜白等乘飞禽回东宁府，柳夜白嘱孟川善待七月。二月元初山园中，秦五尊者、白瑶月（黑沙洞天主持）、徐应物（两界岛尊者）齐聚，徐应物宣布两界岛决定放妖王们进入人族世界（本集终）。",孟川柳七月正式成亲，母亲念云秘密伏笔深化，两界岛放妖王入世核心伏笔收束全篇。
暗流,放血,设定展开、矛盾展现,冲突、设定,"两界岛徐应物尊者向元初山秦五尊者、黑沙洞天白瑶月尊者提出""放弃中小型城关、放妖王进入人族世界""之策。徐应物陈述两界岛困境：疆域最广但人口最少、神魔最少、中型城关最多，去年战死六十一位弟子，十年内大日境神魔将全部死光。徐应物认为应让大日境神魔撤退，放三重天妖王进来，由封侯神魔、封王神魔、尊者们出手屠戮，以情报网监视、以强灭弱。秦五尊者质疑大批妖王进入对坞堡村落的威胁。章末揭示黑沙洞天与两界岛的血仇历史：黑沙帝君曾有望一统天下，麾下大将""阴阳老人""暗算黑沙帝君后率众建立两界岛，黑沙帝君一脉获胜后全面追杀两界岛，直至妖族入侵三大宗派才摒弃仇恨。",两界岛撑不住，三大宗派商议放弃中小型城关、放妖王进入人族世界的战略转折起点。
暗流,一年后,设定展开、情节推进,设定,"白瑶月与秦五继续商议，提及元初山有最古老的""沧元洞天""及公开秘术""一瞬千年""。秦五表示元初山还能守三百年、黑沙洞天两百年，但两界岛撑不住则五十年内必崩溃。十天后三大宗派共同决定两年后放弃中小型城关，执行大迁移、天罗地网、烽火等五大计划。时间跳至成亲一年后，孟川在北河关与柳七月恩爱度日，为妻子画第一幅单人画像（柳七月拉弓射箭画面），融入多年感情，引起元神变化（距元神第三层尚远）。孟川承诺每年送七月一幅画，从年轻画到年老。二月初三夜，天星侯悄然带章云虎来访北河关。",三大宗派定下放弃中小型城关决策，孟川成亲一年后为妻子画单人画像深化元神，天星侯连夜来访埋下转折。
暗流,安排,设定展开、伏笔埋设,伏笔、设定,"天星侯向孟川、章云虎透露三大宗派机密决定：一年后彻底放弃所有中小型城关。二人震惊，天星侯出示卷宗详述天下潜伏妖族妖王实情——八百年来大量妖族妖王早已通过不稳定世界入口潜入，以二重天妖王为主，被""地网""神魔追杀而躲藏，偶尔攻打坞堡村落。元初山公开的不稳定世界入口数据实为掩盖潜伏妖族。天星侯解释两界岛困境：大越王朝九十三座中型世界入口，两界岛前年战死六十一位弟子，三四年内防备力量将彻底崩溃。三大宗派决定主动放弃，加强地网组建、监视中小型世界入口、以强灭弱。天星侯宣布接守北河关，章云虎等六位神魔将被调走。",天星侯向孟川章云虎传达放弃中小型城关的机密决策，揭示天下潜伏妖族实情与两界岛困境。
暗流,调任江州城,情节推进、设定展开,设定,天星侯说明封侯神魔威慑力（最弱封侯神魔可压制数十名三重天妖王精英），所有中型城关将有封侯神魔或宝物镇守，而州城府城缺少封侯神魔。章云虎、俞赤琰、杨星舞、穆青、石修、孟川六位被调走，樊铖、柳七月等留守北河关。孟川二月十三得调令，与柳七月分别，乘飞禽（幻术遮掩）前往一万一千里外的江州城。孟川抵达江州城一座不起眼富商宅院，与张筠封（白发老者，不灭神体，道之境大成，最擅领域，封侯神魔门槛实力）、杨方（雄壮老者，大力魔体，道之境，最擅近战，封侯神魔门槛实力）两位师兄会合，三人令牌互验，张筠封主持镇守事务。,孟川与柳七月分别，调任江州城，与张筠封、杨方两位大日境最巅峰神魔组成镇守三人组。
暗流,爆发,人物引入、设定展开,人物、设定,"孟川自陈修炼雷霆灭世魔体，正面搏杀仅接近封侯神魔实力，唯一拿得出手的是身法速度（下山两年多仍卡在刀魂大成，修炼金刚之身令其拥有接近封侯神魔实力）。张筠封透露元初山已将孟川速度情报告知，孟川速度在封王神魔中算顶尖。三人分工：孟川与张筠封负责救援周围府城（孟川带张筠封赶路），杨方坐镇江州城。孟川伪装成普通刀客，乘乌篷船以元神领域（感应两里范围）巡查全城探查天妖门奸细。二月二十七，天下所有中小型城关同步开始人口大迁移，北河关数十万居民两个时辰后出发。天星侯在北河关城关上俯瞰，妖族三十五名妖王开始攻打，天星侯冷笑""总有一些蠢货泄露人族情报""。",江州城三人组分工确立，天下人口大迁移启动，妖族同步开始攻打中小型城关。
暗流,虚实,战斗描写、转折高潮,战斗、高潮,大迁移机密事先知晓者极少，天星侯仅告诉章云虎和孟川。天星侯以暗星领域隐身凌空立于北河关内城关上方，柳七月发现三十五名妖王中无过去的蜘蛛女妖和牛妖王，天星侯疑消息泄露或妖族谨慎。三十五名三重天妖王（含五位妖王精英）及近百名二重天妖王、无数妖族冲入，天星侯拉弓射出四十道火焰箭矢，一息内三十五名三重天妖王尽皆毙命、二重天妖王死十一位，再以暗星真元红光轰炸，一己之力碾压横扫。妖界通道另一边，苍老龟妖（云叔）率蜘蛛女妖等十逾位拥有神通的大妖王精英潜伏，令众妖王等封侯神魔离开时分批进入人族世界。江州城宅院内，孟川三人翻看情报，得知天妖门有两名五重天天妖、十一名四重天天妖（比封侯神魔弱），预料妖族和天妖门将攻打州府。,天星侯以封侯神魔之力一击屠灭三十五名三重天妖王，妖族谨慎潜伏等待封侯神魔撤离后再分批进入。
暗流,天妖门影踪,情节推进、悬念设置,伏笔,三月初二清晨，孟川以普通刀客伪装巡城（每天五次，白天三次夜里两次），元神领域感应两里范围。孟川发现两道弱小妖力气息，瞬移至两里外屋顶，监听屋内天妖门弟子（黄衣女子、瘦小男子）交谈：天妖门命一批弟子全部进入江州城探查，三天内须回禀，弟子抱怨被派送死。孟川以真元昏厥二人后抓回宅院，张筠封审问。孟川继续全城高速搜捕，接连在街头、茶楼等地抓捕天妖门弟子（速度远超音速、不产生风声），送至第五次时已抓第九名。张筠封审问五名弟子得知：天妖门门主亲自下令（罕见，因天妖门分七脉各管一片疆域），这一支共十七名凡俗弟子全部进城探查，高层天妖未冒险。张筠封、杨方感慨孟川年轻是元初山希望，约定遇危险拼命保住孟川。,孟川以元神领域巡查全城，一个时辰内抓捕九名天妖门探子，审出天妖门门主亲自下令的情报。
暗流,宗门传信,情节推进、设定揭示,揭示、设定,"张筠封分析天妖门门主亲自下令意味着七脉可能都得到命令，天妖门在整个天下各处加大探查。孟川继续搜查，在元初山江州分院发现两名天妖门弟子（伪装送菜小厮、打扫仆人），在江州第一神魔家族萧家（封王神魔家族，萧云月师姐所在）抓走一名伪装侍女的探子（萧家大日境神魔追来，孟川出示令牌后恭敬）。孟川对剩余两名探子施展""元神印记""秘术（元神二层可隔三百里感应，比真元印记隐秘，对方须凝练元神才能发现），分别留在送菜小贩和摇船船家身上。当晚宗门飞禽送来密信：妖族将攻打天下各州府，天妖门派出所有十一位四重天天妖参战，与妖族潜伏的几位四重天妖王联手，主要攻打大周王朝、黑沙王朝部分州府。",孟川完成全城探子搜捕并对两名探子留下元神印记跟踪，宗门密信揭示妖族与天妖门将联合攻打各州府。
暗流,妖化,情节推进、战斗描写,战斗,"孟川跟踪一名出城的天妖门探子钱如丞（凝练妖丹的凡俗高手），收敛雷电悄然跟踪至江州城外三十里桃树林。钱如丞吹无声哨子召唤天妖门长老（山羊胡老者，二重天天妖），老者查看密信后等待其他探子，仅两名探子活着出来。老者扔下地址纸卷后妖化为黑色飞鸟冲天而起。孟川以闪电流光一击击中飞鸟，大日境真元丝线封禁妖丹，擒住老者。孟川一挥手两道闪电将钱如丞等两名天妖门弟子化为飞灰（除恶务尽）。孟川带天妖门长老回宅院，张筠封拟找元初山江州分院""成师友""（大日境幻魔，幻术强于张筠封）审问。",孟川跟踪并擒获天妖门二重天天妖长老（山羊胡老者），灭杀两名天妖门探子，展现天妖可妖化为飞禽的特性。
暗流,"江吴熟,天下足.",人物引入、伏笔埋设,人物、伏笔,"成师友施展幻术审问天妖门长老，得知天妖门内部单线联系（一环连一环，无法追查），大长老""淳于虓""在六百里外兰泽湖。张筠封从乌山宫宫主命令中推断""大周王朝论人口密集，以江吴为最""，江州吴州两州可能是攻打重点。孟川担忧家乡吴州（父亲、岳父柳夜白、孟氏上万族人在东宁府）。三月十九上午，天妖门黑水宫（七脉之一）宫主率十名三重天天妖，在江州城外百里处与一百一十九名妖王（十六名三重天、一百零三名二重天）汇合。黑水宫主以妖力抽干一头飞禽妖王精血，揭示妖族核心计划：以粮食为核心（江吴熟天下足），让人族没吃的以减少人口。黑水宫主下令百余名妖王分散从四方城墙侵入城内见人就杀。",天妖门黑水宫主登场，揭示妖族以粮食为核心、重点攻打江吴二州的计划，率众妖王攻打江州城。
暗流,狼烟滚滚,战斗描写、氛围营造,战斗、设定,"黑水宫主化作黑色水流顺河流潜行；十名天妖分四小队潜入；百余名妖王分赴四方城墙。西城羊妖王发射白色光柱信号，四方妖王同时冲击城墙。守将腰间""寻妖令""滚烫泛红光，下令升狼烟，过百道狼烟冲天而起。妖王们冲上城头肆意屠戮凡人士兵。孟川巡城时看到四面八方狼烟升起，判断大规模攻打，决定先去最空虚的南城（元初山江州分院在西北、神魔家族在东城）。江州分院院长常院长站在钟楼，手持镇守宝物黑色木盒，心痛凡人被屠戮但明白镇守宝物须到最关键时刻（神魔彻底溃败或凡人被屠超两成）方可动用。",百余名妖王从四方同时攻打江州城，狼烟滚滚，孟川决定先赴南城，常院长持镇守宝物观望。
暗流,冰冷的雨,战斗描写、情感展现,情感、战斗,"孟川化作闪电直奔南城，途中见大片凡人尸体（被拦腰切割、脸色发黑），不寒而栗又杀意升腾。孟川一刀斩杀狼妖王，又以闪电赶到救下被毒蝎三重天妖王、女蚕妖王、蟾蜍妖王围攻的大日境神魔李野（外门弟子），一刀劈死毒蝎妖王，两道刀光劈死蟾蜍妖王、女蚕妖王。孟川令李野去东城汇合，南城交给自己。东城，黑水宫主赤脚漫步雨中，以三道水流如剑突袭，一招刺穿大日境神魔张方奎及两名不灭境神魔胸膛，张方奎临死认出""黑水宫主""并想到家人。黑水宫主继续行走，连杀多名人族神魔，嗤笑人族为数百座城关凡人让神魔拼命是愚蠢。",孟川南城斩杀妖王救李野，黑水宫主在东城以水流如剑连杀多名人族神魔，战况惨烈。
暗流,汇聚东城,战斗描写、转折高潮,战斗、高潮,"孟川感应到东城神魔接连战死，赶赴东城。东城最强猫妖王（三重天妖王精英，擅幻身妖术化作九道身影）率两名三重天妖王围攻大日境神魔程轲、不灭境幻魔傅诺。孟川一刀切过猫妖王身体（成幻影溃散），猫妖王惊呼""是孟川""。孟川两道刀光斩杀犀牛妖王、黑袍妖王，猫妖王化作九道身影逃跑，孟川亦化作九道身影追杀，最终以煞气爆发一刀斩杀猫妖王（动用元神之力）。孟川令程轲、傅诺离开东城。张筠封、杨方赶赴汇合途中，张筠封以领域瞬间毙命三名妖王，张筠封领域可压制封侯神魔部分实力、比新晋封侯境界还高。张筠封担心东城有四重天天妖或妖王，孟师弟会有危险，加速赶路。",孟川东城斩杀猫妖王等三重天妖王，张筠封杨方加速汇合，张筠封担心东城有四重天存在。
暗流,四重天天妖的追杀,战斗描写、转折高潮,战斗、高潮,"黑水宫主回忆当年大雨中屠戮仇人满门加入天妖门的往事，及妖族帝君降下""妖族圣碑""承诺人族成为妖族百族之一、天妖一脉为人族唯一传承的希望。黑水宫主以水流贯穿三名赶路神魔，发现猫妖王死后迎向孟川。黑水宫主彻底隐身（元神感应不到，封王神魔须靠近二十丈领域才被发现），相向而行突袭孟川。孟川五十丈外才发现气息波动，来不及施展神魔禁术，仅以元神之力爆发施展半招红莲式抵挡分水刺，挡住后被碾压，以身法暴退卸力，分水刺刺破衣袍刺中胸口，孟川倒飞撞穿十几户民居。黑水宫主半妖化（长出十余丈黑色蛇尾），蛇尾横扫，孟川险险躲过。",黑水宫主隐身突袭孟川，孟川元神之力爆发勉强抵挡一招但被重创，黑水宫主半妖化追杀。
暗流,逃命,战斗描写、人物心理,情感、战斗,"孟川庆幸穿着护身内甲肉身完好，倒飞时立即施展神魔禁术，险险躲过蛇尾横扫。孟川全力逃窜，黑水宫主操纵雨水及河流之水形成领域笼罩一里范围欲困死孟川。孟川体表爆发黑色煞气冻结水流，黑水宫主以七条凝练水流蛟龙围攻。孟川以身法幻影躲避，元神之力仅调动真元（不再调动肉身以减消耗）。孟川逃出百丈距离，黑水宫主扔出两柄分水刺以水流手掌握持追杀，孟川以红莲式抵挡、飞燕式穿行民居阻碍分水刺。孟川逃至一百五十丈接近一里范围边缘，黑水宫主施展禁术""水牢之锁""令分水刺暴涨，孟川元神之力同时调动肉身真元全力爆发，终于冲出一里范围。孟川落在酒楼楼顶，元神之力消耗七成仅剩三成，庆幸为妻子画的那副画令元神积累加深才撑到现在。",孟川在黑水宫主水流领域追杀下，以煞气、身法、元神之力全力逃出一里范围保住性命。
暗流,显形,人物心理、情节推进,情感,孟川思念远在北河关的妻子，感慨天星侯强大，反思自身面对四重天存在只能逃。孟川分析三大体系强弱：天妖最弱（四重天天妖最弱为接近封侯神魔实力，无暗星领域无神通，倾向隐匿遁逃），封侯神魔与四重天妖王相当（封侯神魔有暗星领域占优）。天妖门十一位四重天天妖：三位接近封侯、五位封侯门槛、两位正常封侯、一位顶尖封侯。孟川一对一敌不过任何一名四重天存在。黑水宫主两里外脸色铁青，懊恼未第一时间施展禁术。孟川故意挑衅激黑水宫主，张筠封、杨方赶到，孟川带二人赶至黑水宫主原位置，令张筠封施展领域。张筠封领域笼罩两里，黑水宫主在一里处显形，惊讶看到三名大日境神魔。,孟川反思实力差距，与张筠封杨方汇合，以张筠封领域逼黑水宫主显形，三方对峙。
暗流,交锋,情节推进,,原文本章为空章（仅有标题与分隔线，无正文内容），系原文发布结构问题。正文内容实际承接第十六章末尾（三方对峙）并衔接第十八章（围杀）。,空章，内容衔接第十六章与第十八章。
暗流,围杀,战斗描写、矛盾爆发,冲突、战斗,"黑水宫主怒火燃烧，认为孟川威胁最大（有孟川在人族一方占主动权）。张筠封传音令缠住黑水宫主。黑水宫主以蛇尾抽打大地撕裂沟壑，摧毁地道灭杀近百凡人，威胁""杀一千人、一万人、十万人""。孟川、张筠封、杨方睚眦欲裂，杨方怒吼施展神魔禁术冲杀，黑水宫主移动至另一处再抽大地杀近百人。杨方神魔禁术下速度力量暴涨，黑水宫主被领域压制又被杨方压制，张筠封传音令围杀。张筠封施展神魔禁术令领域压迫暴增，黑水宫主实力降至三成，杨方一斧斩断黑水宫主蛇尾大半。黑水宫主施展禁术逃命，孟川以阴阳毁灭劲道刀光阻拦（令蛇尾伤口流血、身法减速），杨方追上再战。",黑水宫主以蛇尾抽地屠戮凡人逼迫神魔，杨方张筠封施展禁术围杀，斩断黑水宫主蛇尾。
暗流,刀魂巅峰,悟道、转折高潮,修炼、高潮、爽点,"孟川在围杀四重天天妖的强烈斩妖意志下，刀法境界开始提升，第十七刀时豁然开朗突破至刀魂巅峰（下山两年多首次突破）。孟川印刻第二重雷电魔纹（需道之境+元神一重控制，增加雷电十倍威力，一闪身从三里增至四五里）。孟川传音称有秘术可爆发三十招，与杨方联手围攻。孟川施展神魔禁术+元神之力调动真元，出招""飞燕龙吟式""，八道身影围攻黑水宫主，一刀刺穿其腹部。黑水宫主宁愿抗龙吟式也不愿抗杨方一斧。孟川杨方联手，黑水宫主伤势加重，孟川一刀削断其一条手臂。黑水宫主绝望中张口喷出黑色妖丹，自身化作七道黑色水流疯狂遁逃，孟川带杨方横移两百丈躲避妖丹爆炸。",孟川围杀中突破刀魂巅峰并印刻第二重雷电魔纹，黑水宫主断臂后舍弃妖丹化身遁逃。
暗流,化成灰,战斗描写、转折高潮,战斗、高潮,妖丹爆炸令百丈范围化作齑粉，张筠封领域压缩爆炸范围。七道黑色水流疯狂遁逃，张筠封凝出九绝剑阵（接近封侯神魔实力）追杀，破掉六道化身，黑水宫主真身显形。黑水宫主欲借河流水遁，张筠封以领域将一里长河段分成十八段悬浮当空，黑水宫主被迫显形。杨方、孟川围攻，黑水宫主舍弃妖丹实力大减，杨方一斧拦腰而断，张筠封以领域分别束缚上下半身，孟川一刀从后脑刺入眉心贯穿。黑水宫主临死回忆一生（屠戮仇人满门、天妖门修行、成为黑水一脉最强者、妖族圣碑誓言），斩妖刀疯狂吞吸其元神血肉，一个呼吸间化作飞灰。张筠封、杨方、孟川三人停手，确认黑水宫主已死。,张筠封九绝剑阵破化身、领域分河水遁，杨方拦腰断，孟川一刀贯眉心，黑水宫主化灰而亡。
暗流,大周形势,设定展开、情节推进,设定,"张筠封杨方孟川互谦功劳，大日境神魔""莫师弟""（真元羽翼）赶来通报城内情况：南城被孟川第一时间清剿，东城危险被三人解决，仅东城折损神魔最多，城内仅极少数天妖妖王在逃。孟川继续巡查追杀漏网之鱼（刀魂巅峰+雷电魔纹二重后速度暴涨，三四个时辰可恢复禁术消耗）。视角转至元初山，秦五尊者坐镇大殿指挥全局，殿壁地图显示大周王朝各处危险程度。秦五尊者下令放弃云州赤凤府（太偏远，封王神魔赶路六千里），令东河王支援东港府。五位封王神魔（含元初山主、易长老）坐镇大周五处区域，东河王负责吴州周围五州。秦五尊者得知江州城四重天威胁被斩杀后大喜，下令调动张筠封、孟川支援江州长丰府。秦五尊者感慨神魔信念传承：为人族战天战地方为神魔。",江州城战事收尾，秦五尊者坐镇指挥全局战局，调动孟川张筠封支援长丰府。
暗流,救援长丰府,战斗描写、氛围营造,战斗、设定,"长丰府城墙狼烟滚滚，蛇妖王（五六丈高，黑色水雾领域一里范围，神通喷毒雾中者必死）率犀牛妖王、螳螂妖王为祸，长丰府神魔战死九位。支援的三位神魔（樊师兄持双短枪、持剑神魔、女盾刀神魔擅""红尘引""幻术）冲入领域欲逐个击破犀牛妖王。女神魔以红尘引幻术控制犀牛妖王，樊师兄欲刺穿其头颅，却被地底钻出的残影从后脑刺穿（陷阱），毒雾降临樊师兄血肉消融成血水。持剑神魔被螳螂妖王刀足贯穿尸体吞食，仅女神魔逃出。长丰府神魔悲愤却不敢进领域。视角转回江州城，孟川巡查归来汇报又杀一妖王一天妖，换黑色衣袍内甲。常院长告知东城战死十七位神魔（六位大日境、十二位不灭境，元初山弟子五位）。孟川张筠封接到巡查令：长丰府有危险，元初山令二人前往。",长丰府蛇妖王以陷阱杀支援神魔樊琮奇等，孟川张筠封奉命赶赴长丰府救援。
暗流,陷阱,伏笔深化、转折高潮,伏笔、高潮,"张筠封坦言仅剩两三年寿命，施展神魔禁术消耗寿命，但笑称趁活着多做事。孟川带张筠封赶路（一跃跨三里），途中顺路斩杀鼠妖王、熊妖王、花妖三名妖王。二人半盏茶赶至八百里外的长丰府。孟川张筠封询问情形，察觉不对：蛇妖王毒雾一招杀死道之境的樊琮奇师兄太蹊跷。黑色水雾领域内，蛇妖王传音恭敬询问四重天妖王""庄孚大妖王""是否继续屠戮。庄孚大妖王（毒蝎妖圣庄氏一脉，丈许高、黑色甲壳、两根弯角、蝎子尾）潜藏地底，以蛇妖王领域遮掩刺杀，守株待兔猎杀支援神魔精英。庄孚大妖王发现孟川张筠封到来，视为杀张筠封（未来威胁）、孟川（数百年一出的天才）的大好机会，从地底逼近。",孟川张筠封识破长丰府陷阱，四重天妖王庄孚大妖王以蛇妖王领域为掩护潜藏地底猎杀神魔。
暗流,庄孚大妖王,战斗描写、转折高潮,战斗、高潮,"张筠封领域笼罩两里击溃蛇妖王黑色水雾领域，三名妖王被压制（螳螂妖王吐血、犀牛妖王仅剩一成实力）。张筠封九绝剑阵瞬间斩杀螳螂妖王，犀牛妖王求饶拖延时间，九道剑光继续袭向犀牛妖王。犀牛妖王绝望中喊出""大王，救命""，张筠封第一时间聆听到，急切传音孟川""逃""。孟川本能带张筠封化作闪电跃起，庄孚大妖王从地底钻出刺空。庄孚大妖王愤怒瞪犀牛妖王（因它暴露了自己），犀牛妖王被九绝剑光贯穿毙命。庄孚大妖王显现真身，孟川张筠封郑重面对这位四重天大妖王。",张筠封领域碾压三妖王，犀牛妖王临死呼喊暴露庄孚大妖王，孟川张筠封及时逃脱刺杀。
暗流,神通!,战斗描写、转折高潮,战斗、高潮,"庄孚大妖王气息比黑水宫主强很多，接近天星侯。孟川传音小心妖王神通。张筠封领域渗透地底十丈仍未发现庄孚。庄孚追杀六名神魔，孟川张筠封缠住他保持百丈距离。孟川救下一名女性神魔，但带两人速度减慢，与庄孚距离缩至八十丈。庄孚施展禁术，孟川张筠封同施神魔禁术。庄孚尾巴甩出黑色毒针（神通""毒桩""，锋利无匹、剧毒、御空杀敌一里半范围），孟川扔掉女性神魔带张筠封逃命。张筠封九道剑光尽被毒针射穿，孟川元神之力彻底爆发带张筠封，距离从十五丈拉开至一里半，毒针超出操纵范围停下。庄孚大妖王转杀两名神魔后一飞冲天离去。孟川元神之力耗尽，东河王赶到。","庄孚大妖王神通""毒桩""锋利无匹，孟川元神之力彻底爆发带张筠封逃出一里半范围保命。"
暗流,七个月,设定展开、情节推进,设定,东河王追查庄孚未果（庄孚潜藏地底一里多深）。东河王持巡查令负责吴州、黄州、江州等五州，继续赶赴下一处。庄孚大妖王在地底潜行换地方继续布局。孟川张筠封回江州城，孟川深层次睡眠三个多时辰恢复元神之力大半后再次出发救援。三月十九是最惨烈一日，四重天天妖战死六位（三位被大日境神魔拼死、三位被封王神魔杀死），四重天妖王战死三位（皆死在封王神魔手里），天妖门不愿再派四重天天妖。之后四重天袭击大减。孟川张筠封近七个月救援周围千里，仅遇一次四重天猿猴妖王（仅擅近战，孟川带张筠封轻松逃脱）。十月初六晚，元初山密信送达：大迁移结束。,三月十九最惨烈一日后战事缓和，孟川张筠封七个月巡查救援，十月初六大迁移结束。
暗流,回元初山,情节推进、情感展现,情感,孟川三人感慨大迁移结束、大量妖王将涌入人族世界。大半月后封侯神魔燕山侯来接替，常院长、燕山侯送行，赞孟川三人贡献大（联手杀四重天天妖惊艳）。孟川三人乘飞禽回元初山（论速度封王神魔不及孟川）。后半夜抵达元初山景明峰洞府，刘管事迎接，孟川得知柳七月尚未回来。次日论道峰热闹非凡，数百名大战归来神魔聚集。众神魔赞孟川三人越阶杀四重天天妖（三大宗派大日境神魔共杀三位四重天天妖，元初山占两位，压黑沙洞天一头）。孟川遇北河关老友章云虎、杨星舞，打听柳七月消息，得知天星侯在北河关很安全。,孟川三人回元初山，论道峰众神魔归来，孟川三人越阶杀四重天天妖立功受赞，打听柳七月消息。
暗流,封伯,情感展现、人物引入,人物、情感,"孟川与柳七月重逢，柳七月气息更有锋芒（最后杀戮许多妖族）。柳七月讲述天星侯镇守北河关全程安全，最后装作离开引妖族大规模进入后再杀杀杀。章云虎、杨星舞过来相聚。柳七月发现钱钰，钱钰已转修炼体一脉（丹田损毁后求师尊开炉炼体，一半可能失败，成功后实力强于当初但损失五十年寿命），如今佩服杀妖王天妖多的同门。张筠封杨方走来，杀黑水宫主定为一千万功劳三人平分，孟川功劳突破五百万有资格封伯。孟川夫妻下午赴飘雪峰拜访晏烬（修炼《冰火七绝》近乎绝情绝性，练成冰魂之境、火魂之境，正尝试融合""冰火魂之境""，快则数月长则数年下山）。",孟川柳七月重逢，钱钰转修炼体一脉成功，孟川功劳超五百万有资格封伯，拜访晏烬。
暗流,赤血崖拜祭,情感展现、伏笔埋设,伏笔、情感,"晏烬话变极少但努力多说，孟川告知已成亲，柳七月邀晏烬当未来孩子的义父，晏烬点头眼神温和。薛峰当夜访晏烬，关心其变得沉默寡言，晏烬默默感受薛峰的兄长关爱（《冰火七绝》冰心练成后近乎绝情绝性但对情感感受更强烈）。次日孟川柳七月赤血崖拜祭战死同门，震惊发现同期宁一卜战死。大迁移时期大周王朝战死三百二十五位神魔（元初山内门五十一位），天下州府损失人口近千万、神魔战死超八百位、三大宗派内门弟子战死一百多位。孟川接受《雷霆灭世魔体》下篇完整意境传承（须凝练元神），易长老告知孟川功劳超五百万将封伯，孟川选封号""东宁""（家乡名）。","晏烬薛峰兄弟情，孟川赤血崖拜祭战死同门宁一卜，接受传承并选封号""东宁""。"
暗流,定居顾山府（本集终）,情感展现、情节推进,情感,"孟川让家族族长代领封爵册文。朝廷使者赴东宁府孟氏祖宅宣读封爵册文，东宁府人们与有荣焉（建朝以来东宁府首位封爵者），云符安懊悔当年退亲。孟川回元初山第五天参加张筠封分别之宴，张筠封坦言仅剩约一年寿命，将下山游历天下看美景吃美食顺手杀妖族，次日天未亮独自下山。易长老来访发巡查令牌（正面""巡""字），孟川柳七月任巡查，负责吴州顾山府为中心周围一千里疆域。易长老说明：地网以凡俗兵卒为眼、坞堡为驻点、城池为调转中心，大群神魔随时调动；巡查由封侯封王神魔及少数巅峰大日境神魔担任；二人隐藏神魔身份伪装凡俗隐居顾山府，仅易长老、元初山主、尊者知晓；受元初山直接调遣。孟川柳七月乘飞禽至顾山府选购宅院定居，以一百五十万功劳换一头三重天妖王层次飞禽（可大可小、收敛气息伪装凡俗飞鸟）。孟川笑言""现在就缺一个孩子了""。","孟川封""东宁伯""，张筠封下山游历，孟川柳七月任巡查隐居顾山府，准备要孩子，第八集收官。"
妖乱人间,妖王聚,环境铺陈、伏笔埋设,伏笔、设定,孟川夫妇隐居顾山府城东兰河宅院，孟川画北河关长卷，柳七月逛城回告大规模征兵（凡俗二十至二十五岁服兵役三年，构成地网巡逻网）。距府城两百余里地下宫殿中，白狐妖王（妖圣后裔，地位最尊）宴请一群三重天妖王，妖界下令所有妖王分散单独行动袭击人族各地试探底细。白狐妖王这一支负责攻打顾山府，众妖王各认领县城坞堡，八臂妖王阐杜（擅土遁）主动认领府城。攻打之日定于二月初一。,妖族大规模入侵人族世界的战略部署展开，顾山府成为攻打目标，孟川夫妇隐居生活与妖族阴谋双线并行。
妖乱人间,八臂妖王阐杜,设定展开、战斗描写,战斗、设定,八臂妖王阐杜在三重天妖王中实力寻常但擅土遁，被众妖王恭维认领府城。二月初一清晨，顾山府各地三重天妖王向目标进发。孟川夫妇在府城茶楼吃早茶时感应到东方妖气，孟川一刹那连杀熊妖王、猴妖王两名二重天妖王（元神领域感应两里范围）。八臂妖王阐杜在城外五里山林目睹熊妖王被斩首，惊惧之下土遁逃遁。顾山府府城成为全府唯一未遭灾祸的城池。,二月初一妖王大规模攻打顾山府，孟川速度威慑使府城免遭灾祸，八臂妖王阐杜逃遁。
妖乱人间,救援,战斗描写、情感展现,情感、战斗,"孟川巡查令收到昌谷县、高虞县求救（柳七月令牌未响，留府城镇守）。孟川赶赴途中发现坞堡村落狼烟，鳞甲三重天妖王屠戮坞堡已死上千人，孟川一刀将其横切斩杀，又赴另一坞堡斩杀三名普通妖王。顾山府另一支神魔小队（两名大日境+两名不灭境，擅领域、幻术、近身配合）围杀狼妖王。孟川一路救援见坞堡残破死伤惨重，心中悲凉愤怒，立誓""用尽我这一生，杀吧""。",孟川独自救援顾山府各地，目睹妖王屠戮凡俗的惨烈，神魔小队配合作战展现。
妖乱人间,青玉妖王和白狐妖王,设定展开、矛盾展现,冲突、设定,"元初山大日境神魔千余名分布四百三十府，正常一府仅两支神魔小队（每支一名元初山内门大日境+一名外门大日境+两名不灭境）。孟川夫妇属较强救援小队。妖族定下所有三重天妖王分散行动令人族神魔捉襟见肘。孟川一路救援见坞堡村落死伤过半。飞禽妖王屠县城数千人后撤，三重天妖王接连战死六位令其余妖王撤退。神魔小队""周夫""率队追杀青蛇女妖（青玉妖王），青蛇女妖隐藏实力逃入江河，借江水领域+黑色锁链反困神魔小队，刺杀两名不灭境神魔。白狐妖王散步式屠戮县城地道凡人，感应到孟川闪电赶来，认出孟川（曾联手斩杀四重天黑水宫主），惊慌失措。",人族神魔分布体系与妖族分散战术展开，青玉妖王反杀神魔，白狐妖王遭遇孟川惊慌。
妖乱人间,神通魅惑,战斗描写、设定揭示,战斗、揭示、设定,"白狐妖王自知速度不及孟川（圆满雷霆灭世魔体大日境即媲美封王神魔速度），以""杀我则拖上万凡人陪葬""威胁孟川（神通魅惑可大范围控制一里内生灵自杀）。孟川为上万凡人倾尽全力，神魔禁术+元神之力彻底爆发，先以雷霆闪电轰击。白狐妖王施展神通魅惑锁定孟川，狐头眉心妖纹散发妖异红光欲吞孟川意识。但孟川元神二层之力完全抵抗魅惑侵入，丝毫不受干扰。白狐妖王一刀被斩首，尸体血气涌入斩妖刀化作飞灰，遗留储物布袋与令牌。青蛇女妖感应到白狐妖王死，毫不犹豫水遁逃遁。",白狐妖王神通魅惑被孟川元神之力完全克制，一招被斩杀；青蛇女妖逃遁。
妖乱人间,吴州境内的大妖王,设定展开、伏笔埋设,伏笔、设定,"周夫等两名大日境神魔收殓两名不灭境同伴尸体（元初山令：神魔小队出现战死则全队停止救援）。孟川赶到得知青蛇女妖十息前水遁逃。孟川巡查顾山府全境后回府城向柳七月汇报。天下坞堡村落人口因妖族袭击逐渐减少，城池地价粮价上涨。吴州地底宫殿中，独角人""伏角大妖王""（吴州唯一四重天妖王）翻看情报：过去一个月吴州三重天妖王折损九十一位，杀三位大日境神魔、十五位不灭境神魔。伏角大妖王是妖界二十七位成功潜入人族世界的四重天妖王之一（近四十位进来折损三成）。",吴州唯一四重天妖王伏角大妖王登场，妖族四重天妖王稀少珍贵（妖界不足两千）。
妖乱人间,画卷,人物心理、伏笔埋设,伏笔、情感,伏角大妖王查明余昉府老牛妖王被龚胥侯（吴州三位封侯神魔之一）数招拍死，顾山府白狐妖王之死查不出（凡人未目击）。伏角大妖王决定让妖王们组成队伍彼此配合，妖圣后裔各配厉害队伍。元初山调整防御：不灭境神魔退出队伍负责探查，每府一支四名大日境神魔小队。孟川夫妇在顾山府过平静生活，牙行男子忽悠卖宅院（地价从八百两涨至三千两）。孟川买颜料继续画长卷（已画完北河关，正画江州城黑水宫主杀戮场景），记录这个时代真实的战争画面。,元初山调整防御策略，孟川以画卷记录战争，地价飙升反映妖乱人间大势。
妖乱人间,夫妻联手,装备获取、设定展开,奖励、设定,"孟川夫妇清晨城外山林修炼，柳七月用白狐妖王遗留的储物布袋（半个屋子大小空间）装二十袋箭囊共千支箭，解决神箭手箭矢携带难题。孟川练刀（树叶切两半），自评刀法速度源于雷霆灭世魔体但境界欠缺，悟出""刀道境""需拥有自己的道。巡查令红光求援，孟川带妻子一跃三里（封王神魔较快水准）赶赴跨府救援。吴州湖泊多山少。赶到县城上空见四名大日境神魔被六名妖王围攻（三眼猫妖王为首，第三只眼针对头脑）。",柳七月获储物布袋如虎添翼，孟川夫妇首次跨府联手救援，三眼猫妖王登场。
妖乱人间,初战,战斗描写、爽点设置,战斗、爽点,柳七月高空两里外火焰羽翼悬浮射箭，孟川近身闪电斩杀。猫妖王识破孟川柳七月威名（元初山百余名威慑力恐怖大日境神魔，柳七月前三因凤凰涅槃可越阶封侯战力）。孟川元神之力调动真元达封侯门槛实力，化作八道身影同时出刀，煞气遮掩令妖王衰弱。一照面斩杀两名妖王，柳七月射杀一名伤两名。猫妖王逃，柳七月四箭阻拦迫其减速，孟川追上。猫妖王第三只眼施无形波动针对头脑，孟川金刚之身仅略微刺痛不受影响。孟川第二刀+柳七月三箭同时到，猫妖王中一箭身法变差，第三刀斩断其身躯。孟川夫妻配合默契，救援成功。,孟川夫妇联手救援首战告捷，猫妖王神通被金刚之身克制，夫妻配合展现。
妖乱人间,路过,人物引入、情感展现,人物、情感,柳河坞堡（六千多村民），不灭境神魔钱莫隐居管理周围数县情报网。青袍妖王、熊妖王、鼠妖王三妖王袭击坞堡。钱莫偷袭鼠妖王未果，被三妖王合围。钱莫身法快一度逃出，但妖王们屠戮凡人逼他返回。钱莫明知不敌仍返回为六千村民拼命，向元初山求救。三妖王继续破坏坞堡屠戮凡人，钱莫癫狂冲回。此时孟川夫妇正风驰电掣赶路中。,不灭境神魔钱莫为救凡人返身搏命，展现神魔的人性光辉，孟川夫妇赶来。
妖乱人间,元初山神魔,人物引入、情感展现,人物、情感,钱莫遭遇的三名二重天妖王未达调遣孟川的层次，元初山派三百里外三重天飞禽坐骑救援。孟川夫妇赶路时闲聊神通妖王（白狐魅惑、猫妖针对头脑），论及元神与金刚之身两种应对方式。二人感应到狼烟，赶赴柳河坞堡。孟川先一步赶到，无声无息斩杀三妖王救下重伤的钱莫。钱莫感激行礼，得知孟川曾联手越阶杀四重天天妖。钱莫自述一开始逃了又返回的原因（不忍凡人被屠戮）。孟川钦佩钱莫。钱莫身份暴露将离开坞堡，安排天资极高的孩童洪冲一家搬入府城道院，鼓励洪冲进元初山成神魔。,孟川路过救下钱莫，钱莫为凡人搏命的精神令孟川钦佩，孩童洪冲被点拨立志元初山。
妖乱人间,灭妖会,设定展开、人物引入,人物、设定,"孟川回府城继续画长卷（第二幅），画钱莫等重伤却冲向妖王的神魔，纪念头脑发热为凡人拼命的神魔们。孟川长期巡查顾山府令三重天妖王几乎跑光，伏角大妖王猜测顾山府有封侯神魔坐镇。元初山开始每月一次给孟川夫妇安排跨府任务（谨慎安排因二人年轻潜力大）。吴州钱州边界县城，孟川夫妇与独行神魔""王焱""联手救援。王焱介绍灭妖会：独立于三大宗派的杀手组织，刺杀天妖门成员与潜藏妖族，以功劳换取神魔血池等资源。孟川柳七月的父亲孟大江、柳夜白均为灭妖会神魔。",灭妖会设定展开（杀手组织对付天妖门），孟川柳七月父亲身份确认为灭妖会神魔。
妖乱人间,伏角大妖王,人物心理、氛围营造,情感、设定,孟大江因儿子儿媳受元初山信任，成东宁府地网最高负责人（不灭境炼体），柳夜白联手追查妖王。孟川夫妇跨府救援时曾迟到见三名神魔战死。孟川夫妇搬到顾山府八个月，目睹形形色色神魔：有贪生怕死者、有背弃同伴逃跑者（被元初山公开处死）、有为凡人拼命者。孟川在画卷角落画下卑劣如小丑的逃跑神魔。深秋东港府临海小县城，三名三重天妖王肆虐，四名大日境神魔围杀妖王时，灰袍人（伏角大妖王）从酒楼内以两道金光瞬间贯穿四名神魔眉心，盏茶后封王神魔赶到时伏角已逃远。伏角大妖王决定两年内不再出手。,伏角大妖王出手灭杀四名大日境神魔，人族神魔众生态在孟川画卷中记录。
妖乱人间,《路》,设定展开、伏笔埋设,伏笔、设定,元初山上，秦五尊者与元初山主商议东港府四位大日境神魔被杀案（诱饵失效，疑似新冒出四重天妖王，大周境内已有十二位）。已解决五位四重天妖王（封侯守株、诱饵追踪、重宝爆发各杀），活捉三名未让妖界知晓。秦五尊者担心三重天妖王会在生死搏杀中突破诞生四重天妖王，须保持绝对优势不断围杀。秦五尊者提及黑沙洞天白钰王（轮回神体，自创《九天十地》领域绝学擅地底探查，一人战绩抵黑沙洞天一半），拟请其来大周探查。两界岛雾幻王（万分身）、元初山真武王（窥伺过去）亦为追踪高手。孟川在顾山府画完三卷长卷《路》（八丈三，北河关→江州城→妖族大规模试探→救援各处→丑角神魔），题名《路》，寓意血路通向胜利。,秦五尊者布局猎杀四重天妖王，孟川完成画卷《路》记录下山四年战争。
妖乱人间,要当爹了!,悬念设置,伏笔,"本章原文为空章节（仅有章节标题与分隔线，无正文内容），原文结构如此。章名""要当爹了!""预示下一章柳七月怀孕之事。",空章节过渡，预告柳七月怀孕。
妖乱人间,双喜临门,情感展现、转折高潮,情感、高潮,孟川小心伺候有孕的柳七月，柳七月坚持练箭（真元护胎不受影响）并要求继续与孟川一同救援（凤凰涅槃可牺牲孩子保孟川）。柳七月怀孕一个多月后的夜晚，孟川感应到妻子腹部两道微弱生命气息——双胞胎。夫妻激动万分，感慨成亲五年终于怀上。柳七月感言即便夫妻战死，子孙后代也会在世上活下去。五天后元初山调遣，夫妻俩赴救援，柳七月照常射箭。冬去春来柳七月肚子渐大，孟川在院中为怀孕妻子作第六幅画（成亲至今每年一幅），捕捉怀孕妻子属于母亲的美丽。,柳七月怀上双胞胎，孟川作怀孕妻子画像，双喜临门。
妖乱人间,元神三层,悟道、转折高潮,修炼、高潮、爽点,"孟川给怀孕妻子绘画时，元神绽放灵性光芒缓缓蜕变（八尺八寸→八尺九寸→九尺），达到九尺元神引起质变，突破元神三层。意识融入元神，元神可随时脱离肉身（夜游，白天阳光灼烧重创）。孟川清晰感应周围五十丈、五里范围生命气息。当晚孟川入静室闭关，元神出窍经""风劫""洗练（虚空如海洋风如刀子），在静室适应后可轻松飞行。元神三层单凭元神之力即有封侯神魔门槛实力，元神五层封王门槛，元神七层造化门槛。孟川开始修炼元神秘术""诛神刺""（元神兵器，需凝练神纹），连续七天每晚三时辰印刻神纹。",孟川元神突破至三层，可夜游出窍，开始凝练元神兵器诛神刺。
妖乱人间,全方位提升,装备获取、爽点设置,奖励、爽点,"诛神刺练成（五十丈内完美控制，百丈内尚可，两百丈后失控），未凝练元神者面对诛神刺几乎必死，可伤封侯神魔。孟川试修幻神引、分魂波等秘术。孟川写信令飞禽""小灰""送元初山换三百九十枚赤血神丹（耗费三百九十万功劳），修炼肉身秘术""神通境""（肉身媲美人级神兵、无要害、断肢可恢复、可施展神通，一年功成）。后续""寂灭寒煞""需八百万功劳。孟川以元神三层之力调动真元首次实战，刀光如丝五名妖王三十丈内尽皆被斩，实力全方位提升至封侯神魔门槛，自评可一对一斗黑水宫主。神魔小队震撼，柳七月欢喜。",诛神刺练成，孟川换赤血神丹修炼肉身神通境，元神三层全方位提升实力至封侯门槛。
妖乱人间,陷阱,悬念设置、伏笔埋设,伏笔,"秦五尊者与元初山主商议原州新晋四重天妖王""瘴游大妖王""，大周境内九位四重天妖王（五位近一两年突破）。妖族拟派遣妖界三成三重天妖王进入人族世界。秦五尊者强调须保持高战死比例令妖族内部难以调动。元初山三年多仅多两名封侯神魔（六十二岁、七十九岁突破，无望封王），年轻一代薛峰、孟川、阎赤桐为有望封王苗子（薛峰四十一未凝练元神偏慢）。东宁府安平县，雪妖兄弟俩为饵引神魔小队，五名妖王（鹰妖王为首，悟出道之境）围攻四名大日境神魔，是陷阱。伏角大妖王在数里外茶楼潜伏等大鱼。孟川夫妇收到调遣赶赴东宁府（家乡）。",伏角大妖王设伏等天才大鱼，孟川夫妇赶赴东宁府安平县救援（陷阱）。
妖乱人间,命运的恩赐,转折高潮、战斗描写,战斗、高潮,"孟川夫妇半盏茶从顾山府赶六百三十里到东宁府安平县（封王神魔顶尖速度）。孟川传音十招内斩七妖王，柳七月两里外悬浮射箭（两里为封侯层次远攻极限）。伏角大妖王在茶楼认出孟川柳七月，视为""命运的恩赐""（杀两大天才功劳抵杀两名封侯）。伏角大妖王收敛气息（连光线遮掩、肉眼不可见）在雨水中逼近，决定近距离连出杀招击杀孟川。孟川元神领域五十丈清晰感应到伏角（穿灰袍、独角、妖族），但五里气息感应不到它——判定为四重天妖王。伏角三十丈外施斩敌金光两道袭向孟川。孟川拔刀以红莲式挡下金光。",伏角大妖王设伏突袭孟川，孟川元神领域先发现挡下斩敌金光，四重天妖王之战爆发。
妖乱人间,强强碰撞!,战斗描写、转折高潮,战斗、高潮,"孟川元神三层之力调动真元，以红莲式连续两刀挡下两道金光。伏角大妖王衣袍炸裂现三丈高本体，持黑色长枪（暴涨至五丈）以道之境枪法点刺，力量+境界玄妙兼具，周围半里化作废墟。孟川施展神魔禁术身法模糊，伏角连刺皆空。孟川以心意刀心刀式劈中伏角后背（阴阳毁灭力道钻入体内），伏角肉身内外如一硬抗。伏角施第二门神通""蚀灭气""（鼻孔喷黄色气流，号称蚀灭万物）。孟川同时出杀招——诛神刺飞出，肉眼不可见、肉身妖力无法抵挡，瞬间侵入伏角肉身找到元神，刺穿伏角元神令其剧痛嚎叫，金光溃散、蚀灭气失控。孟川近身刀斩伏角脖颈。",孟川与伏角大妖王强强碰撞，诛神刺重创伏角元神令其神通溃散，孟川占上风。
妖乱人间,追杀,战斗描写、追杀,战斗,伏角大妖王元神遭诛神刺重创意识模糊，感应外界困难，只能埋头逃命。孟川以虎啸式劈其后背（炸裂鳞片），以龙吟式追杀（贯穿身体多次含心脏）。伏角肉身内外如一极强，心脏被毁仍未死（四重天肉身唯头颅是要害）。伏角感叹孟川元神天赋妖孽（大日境三十六岁元神三层，人族历史前十），欲活命上禀大秘密领赏。伏角钻地逃，孟川体表刀光爆发贴近追杀。孟川以诛神刺再度刺穿伏角元神，龙吟式刺穿右肩。伏角绝望。洛棠关封王神魔吕越王（三百余岁）全速赶来救援，距三百里。,孟川追杀伏角大妖王，龙吟式贯穿其身体多次，伏角钻地逃命绝望，吕越王赶来。
妖乱人间,斩妖刀蜕变,转折高潮、装备获取,奖励、高潮,孟川龙吟式刺穿伏角头颅两尺深，刀光摧毁头颅内部，伏角元神失去肉身依托消散，伏角大妖王死亡。孟川仅用神魔禁术+元神之力调动真元（未彻底爆发，可施展八十招），元神消耗近半。斩妖刀饥渴吞吸伏角血气（比吞吸黑水宫主长近十倍），伏角尸体化作粉末仅留独角，斩妖刀刀身泛紫光、锋芒大增（邪恶神兵恢复中）。孟川获储物布袋（屋子大小空间，比白狐妖王的大一倍）、长枪等战利品。吕越王赶到，以无间领域发现孟川位置，震惊于孟川越阶斩杀四重天妖王，命保密。,孟川斩杀伏角大妖王，斩妖刀蜕变泛紫光，吕越王赶到震惊命保密。
妖乱人间,只有一种可能,设定揭示、伏笔埋设,伏笔、揭示、设定,"吕越王理解孟川守密（宗派秘密），嘱战利品可换功劳。吕越王介绍储物布袋来源（妖族强大妖王有胃袋空间，剪裁制造储物袋，四重天妖王个个都有，封侯神魔过半已有）。四重天妖王尸体值百万功劳（可惜被斩妖刀吞吸）。吕越王命孟川对外称是自己杀的，保密防妖族知晓后针对孟川。吕越王回报洛棠关。洛棠城主府荷花园，洛棠尊者与秦五尊者虚影下棋。吕越王禀报孟川越阶杀四重天妖王且毫发无伤。洛棠尊者、秦五尊者震惊，推测""只有一种可能""——孟川已达元神三层（十八岁凝练元神、二十九岁元神二层、三十六岁元神三层）。秦五尊者决定召孟川上山亲见。",吕越王掩护孟川保密，秦五尊者与洛棠尊者推测孟川已达元神三层，决定召见。
妖乱人间,夜归元初山,情节推进、伏笔埋设,伏笔,秦五尊者与洛棠尊者讨论孟川元神天赋（三十六岁元神三层，元神七层可镇守四方比造化尊者帮助更大，元神八层可终结战争）。孟川傍晚收到师尊召令，当夜以黑色煞气遮掩闪电悄然赶路（大半个时辰从顾山府到元初山，途中顺道斩杀七位三重天妖王、十九名二重天妖王）。秦五尊者在洞天阁书房确认孟川元神三层，命保密（神魔中有勾结天妖门/妖族的叛徒）。赐一千万功劳（单独记下不公开），孟川换十方寂灭寒煞（元初山仅储备三十二方）。秦五尊者安排孟川独立任务（顾山府为中心一千里范围，调走两名封侯神魔、四支顶尖神魔小队，两三天一次任务），遇四重天妖王除非逃命否则不施展诛神刺等元神秘术。孟川上交战利品换功劳，秦五尊者发现黑色玉瓶（幽玉瓶）激动异常。,孟川夜归元初山见师尊，确认元神三层，获赐寂灭寒煞与独立任务，幽玉瓶被发现。
妖乱人间,生了! 本集终,转折高潮、情感展现,情感、高潮,"秦五尊者揭示幽玉瓶乃妖族帝君亲炼的""北海幽玉""玉瓶，每月自然凝聚一滴玉液，值五千万功劳。秦五尊者以一根火红色凤凰羽毛（对凤凰神体帮助极大，对柳七月腹中孩子亦有助益）换幽玉瓶给孟川。孟川惊问天下真有凤凰，秦五尊者笑而不答。孟川当夜赶回顾山府将凤凰羽毛交柳七月，柳七月碰触时体表火焰升腾、血液沸腾（凤凰神体本能），一个月内羽毛融入体内，凤凰血脉精纯、实力提升。秦五尊者与洛棠尊者感慨凤凰羽毛是最后一根（价值比幽玉瓶高一倍），因孟川元神天赋而赐（元神七层希望大，元神八层可终结战争）。孟川跨府救援频繁（吴州唯一四重天妖王已死，救援轻松）。九月初三，柳夜白（岳父）来顾山府，柳七月产下一子一女，孟川立誓不惜一切保护妻儿。柳夜白喜见双胞胎外孙。",秦五尊者以凤凰羽毛换幽玉瓶赐孟川，柳七月产下一子一女，孟川立誓保护家人，本集收官。
东宁侯孟川,粒子空间,设定展开、人物心理,情感、设定,"过年期间，柳夜白带着孙子孙女逛街，三重天妖王飞禽坐骑暗中护卫。孟川与柳七月回府后讨论妖王攻打减少的异常，孟川推断如今人族世界的妖王只是妖族""先锋""，妖界尚未真正发力。柳七月透露吸收凤凰羽毛后神体强大，对""道之境""有所感悟，预计半年内可达到，但凝练元神需凤凰涅槃之术。当夜孟川在静室修炼肉身一脉第三层""神通境""，元神意识内观粒子空间，发现每颗粒子内含一方世界，中央有微小""一点""（占粒子空间万亿分之一），周围有光点沿轨道运转。",神通境修行原理展开（粒子空间结构），妖族入侵先锋论埋下伏笔。
东宁侯孟川,白念云的秘密,设定展开、伏笔埋设,伏笔、设定,"孟川修炼神通境，将元神意识烙印粒子空间（""灵肉合一""），预计两月后练成，肉身之力将达封侯神魔略逊程度（半步封侯神魔）。场景转至黑沙洞天汤州城，青衣女子白念云（太阴圣女）得知孟川有一子一女后激动。武阳侯追求白念云被拒，从白念云之弟白微演处套出秘密：白念云年轻时下山历练看上凡俗孟大江，成亲生子，失去处子之身无法继承太阴殿主。白微演透露孟大江是大周王朝东宁府人。",母亲白念云身份与孟大江秘密揭开，武阳侯得知真相埋下祸端。
东宁侯孟川,神通境,转折高潮、设定揭示,揭示、设定、高潮,"武阳侯得知孟大江身份后嫉恨，因不能蛮来而谋划报复。孟川夫妇返程回到顾山府，与柳夜白及两个六个月大的儿女（孟悠、孟安）团聚。当夜孟川在静室完成神通境修炼，服用三百六十八颗赤血神丹，元神意识彻底烙印全身每一个粒子空间，达到""灵肉合一""，肉身被完全掌控，体表形成护体神通劲力。孟川以斩妖刀测试护体，虎啸式及神魔禁术均仅留皮肉伤，肉身坚韧程度比独角大妖王强近一倍。",孟川神通境圆满，肉身达四重天妖王层次，护体神通劲力形成。
东宁侯孟川,雷霆神眼,设定揭示、爽点设置,揭示、爽点、设定,"孟川测试神通境能力：蛮力达伏角大妖王六成（四重天妖王层次），元神之力调动肉身可爆发三倍实力、维持三十招。孟川发现自己拥有雷磁领域（百丈范围，粒子空间雷磁合一影响外界），并觉醒神通""雷霆神眼""——眉心第三只眼睁开，雷磁领域暴涨至五里范围，可探查地底半里深，专擅探查与群攻。孟川将此神通命名为""雷霆神眼""，期许""神眼一看，观天下妖族""。场景转至东宁府孟氏祖宅，两名元初山神魔以勾结天妖门罪名擒获孟大江，孟大江叹息认罪，被悄悄带走。",雷霆神眼神通展开，孟大江因勾结天妖门罪名被擒。
东宁侯孟川,地牢,矛盾展现、情节推进,冲突,孟大江被关入吴州城相山园地牢，相山园是整个吴州地网统治中心。龚胥侯（封侯神魔，坐镇吴州城）审问孟大江，孟大江供认不讳，龚胥侯定案处死并上禀元初山核准。五位相山园神魔因孟川的救命之恩和影响力，写信告知孟川。顾山府中，孟川正在静室修炼寂灭寒煞（元初山三成存量），耗费近一月练成，煞气可冻死寻常大日境神魔/三重天妖王，削弱封侯神魔/四重天妖王至两三成。孟川出关后收到五封信件。,孟大江案审问定罪，孟川练成寂灭寒煞，得知父亲被捕。
东宁侯孟川,我是孟川,人物心理、情感展现,情感,"孟川看完五封信后震惊呆滞，柳七月也难以置信。孟川回忆父亲服兵役十年、母亲被妖族所杀、父亲恨妖族入骨，坚信父亲不可能勾结天妖门。柳七月认为公公能当地网负责人必受信任。二人喊醒柳夜白，柳夜白看完信后以性命担保孟大江绝不会勾结天妖门，因其与孟大江三十年生死交情、共同担当灭妖会杀手追杀天妖门、孟大江嫉恶如仇。柳夜白指出孟大江不可能长期勾结天妖门而不被发现，东宁府天妖门分堂卷宗也无相关记录。孟川决定查明真相，柳夜白嘱托不可与元初山对着干。孟川化作闪电赶赴吴州城，以雷霆神眼探查相山园，发现地牢中的父亲，强闯地牢与众神魔对峙，自报""我是孟川""要求见父亲。",孟川坚信父亲清白，柳夜白以三十年交情作证，孟川强闯相山园地牢。
东宁侯孟川,牢房夜话,设定揭示、核心伏笔,伏笔、揭示、设定,"孟川进入地牢见到颓废的孟大江，孟大江承认""走歪了路""。孟大江揭开重大秘密：孟川的母亲其实一直活着，当年墓地是衣冠冢，母亲是黑沙洞天太阴圣女""白念云""（封侯神魔）。白念云下山游历时邂逅孟大江，二人成亲生下孟川。六岁时遭遇妖族入侵，白念云为救十余万人暴露身份斩杀妖王，被迫返回黑沙洞天（太阴圣女禁止婚嫁须保持处子之身）。孟大江为变强以配得上白念云，选择炼体一脉修行，甚至成为灭妖会杀手、勾结天妖门，但奋斗数十年仍只是不灭境。场景转至地牢外，龚胥侯赶到却让孟川父子多聊聊，未入内打扰。",母亲白念云身份彻底揭开（太阴圣女、封侯神魔），孟大江变强的动机揭示。
东宁侯孟川,恕师侄无礼了!,矛盾爆发、转折高潮,冲突、高潮,"孟川质问父亲为何为变强而勾结天妖门，连说三声""我不信""，以父亲服兵役十年、教导自己长大、深爱母亲等理由坚信父亲清白。孟川以大日境真元封住父亲嘴巴，强行带其出地牢。地牢入口处遭遇龚胥侯阻拦，孟川指出篡改记忆的可能性，龚胥侯认为道之境幻术师稀少不会单独构陷。孟川坚持带父亲去元初山亲自追查，龚胥侯斥其放肆。孟川道""恕师侄无礼了""，带父亲化作雷霆破地牢屋顶而去，龚胥侯追之不及。孟川传音致歉，表示愿事后赔罪，但必须查清父亲清白。",孟川强闯地牢带父破空而去，与龚胥侯针锋相对，坚信父亲冤枉。
东宁侯孟川,洗刷冤屈,转折高潮、设定揭示,揭示、设定、高潮,"孟川带父亲赶路至元初山，向秦五尊者跪求查清真相。秦五尊者斥其""关心则乱""，念其功劳免予惩罚，叮嘱今后直接禀告即可。秦五尊者翻阅孟大江记忆，确认白念云身份真实（记忆贯穿数十年无法篡改），并发现孟大江记忆被篡改——对方在孟大江努力变强的一段记忆中添加勾结天妖门内容，因孟大江后期不愿回忆而顺理成章。秦五尊者找出对方影像（灰袍中年人，改容换貌），借天机推算其身份。",秦五尊者翻阅记忆确认孟大江被篡改记忆，查出对方影像并借天机推算身份。
东宁侯孟川,黑沙洞天,设定展开、伏笔深化,伏笔、设定,秦五尊者借青铜镜宝物推算出动手者为黑沙洞天大日境神魔淳于牧（一百七十八岁，一百三十六岁幻术道之境，一百五十二岁凝练元神）。秦五尊者解释黑沙洞天内部分黑沙派系、太阴殿派系、刀戈殿派系，争夺太阴殿、刀戈殿执掌权（殿主几乎必成造化尊者），白念云是五位太阴圣女之一，指使者可能是其他圣女、白家内部或追求者。因三大宗派约定不可直接抓人，秦五尊者致信黑沙洞天追究。秦五尊者透露孟川若达元神七层，黑沙洞天将求于他。秦五尊者告知妖界将派遣一成三重天妖王大规模入侵，让孟川夫妇准备。孟大江恢复记忆，谢尊者救命之恩。,淳于牧身份查明，黑沙洞天派系斗争展开，妖族大规模入侵预告。
东宁侯孟川,白瑶月的愤怒,人物引入、矛盾展现,人物、冲突,"黑沙洞主带淳于牧向白瑶月尊者（造化尊者，执掌太阴殿）汇报。白瑶月冷斥秦五""天机推演""无证据，但以恐怖威势审问淳于牧，淳于牧扛不住承认是武阳侯指使。白瑶月罚武阳侯巡守汤州各府各县六遍持续三年，给淳于牧换更辛苦的神魔队伍。白瑶月内心愤怒：孟大江""蝼蚁""祸害了白念云，使其失去处子之身无法成太阴殿主、无望成尊者，但因承诺过白念云不动手。白瑶月是天下最年轻尊者、实力前三，志在修炼""太阴帝君""之境以终结战争，视孟大江为蝼蚁不屑在意。",白瑶月尊者登场，审出武阳侯为幕后指使，白念云因孟大江失去尊者机缘。
东宁侯孟川,这辈子的目标,情感展现、情节推进,情感,"顾山府，孟大江陪孙子孙女玩耍，柳夜白悠闲躺平。孟川与柳七月透过窗户看到父亲心情好转，放心。孟川向柳七月坦露对母亲白念云的事：太阴圣女不得婚嫁须保持处子之身，除非成殿主或被剥夺身份；白瑶月尊者不点头，母亲不敢离开黑沙王朝。孟川立下新目标""一家人团聚，让爹娘不受阻碍真的在一起""。收到相山园来信让孟大江回东宁府转交地网事务，孟川送父回去，得知大日境外门弟子全部进入地网、神魔小队拆散重组。南云侯等封侯神魔蹲守中型城关世界入口准备截杀妖王。",孟川立下一家团聚目标，神魔小队拆散重组、封侯神魔蹲守城关预示大战。
东宁侯孟川,邋遢老者,人物引入、核心伏笔,人物、伏笔,"妖界，星诃帝君（黑发独角男子，帝君有万年寿命）与白衣青发男子（妖圣之一）在战船上对话，战船载三百余位三重天妖王（五十三位随时可成四重天）送往人族世界。星诃帝君透露其""二哥""夺舍弱小妖王潜入人族世界八十余年，恢复至五重天妖王层次，由二哥接引妖王们进入。大越王朝境内，一名邋遢老者（即夺舍潜伏的妖圣）来到废弃中型城关风木关，轻易击杀封侯神魔仓木侯及五位不灭境神魔，接引三百余位妖王进入人族世界后离去。柳七月修炼时突破""道之境""。",九渊妖圣夺舍潜伏人族世界接引妖王入侵，仓木侯战死，柳七月悟道之境。
东宁侯孟川,爆发,转折高潮、氛围营造,设定、高潮,"孟川为柳七月悟道之境欢喜。天下各地地网劝导坞堡村落搬迁分散居住（妖王袭击坞堡概率高，分散成上百小村落更安全）。七月十九，孟川夫妇出府修炼，孟川感受到刀法中""阴阳变化""的奇特韵律（阴极转阳、阳极转阴），触摸到""刀道境""希望。巡查令牌密集亮起求援，三十处、五十处持续增加，妖族大规模攻打几乎所有县城。孟川明白师尊情报属实，妖界派遣一成三重天妖王入侵，人妖战争进入疯狂阶段。",坞堡搬迁政策展开，妖族大规模入侵爆发，孟川触摸刀道境。
东宁侯孟川,和晏烬的相遇,战斗描写、人物引入,人物、战斗,孟川夫妇连赶七座县城，柳七月道之境箭术轻易击杀二十三位普通三重天妖王，妖王们迅速撤退（白毛狮妖王下令顾山府周围五府撤退）。孟川发现斩杀的妖王都是普通三重天，无精英。巡查令牌出现紫光紧急求援，钱州境内七百三十里外，晏烬所在神魔小队（常安虢师兄为首，修炼不灭神体、道之境、凝练元神）遭六位强大妖王围攻（象妖王达封侯门槛、两名神通妖王、三名顶尖精英妖王）。孟川夫妇赶到，柳七月一次四箭，孟川施展飞燕式冲入战场，落地释放寂灭寒煞领域，凝出六道黑色煞气大蛇笼罩妖王，三名妖王当场冻死。,晏烬下山后首次相遇，孟川寂灭寒煞领域一招灭半妖王队伍。
东宁侯孟川,一年 上,战斗描写、爽点设置,战斗、爽点,"孟川以神通境速度轻易击杀两名残存妖王，仅剩象妖王（肉身近四重天妖王）自信硬抗。孟川分化八道身影围攻，一刀从象妖王头颅耳侧刺入贯穿头颅，象妖王毙命（孟川神通境蛮力达伏角大妖王六成，元神三层调动肉身可爆发三倍）。斩妖刀吞吸四名妖王血气。晏烬、常安虢等震撼于孟川实力。常安虢主动喊""孟师兄""。妖王队伍以弱小妖王为诱饵、强大妖王藏暗中的战术被揭示。孟川夫妇收拾战利品返回，沿途救援数座县城，妖王迅速消失，显示妖王数量惊人且受统一调遣。",孟川一人灭一支强大妖王队伍，妖族诱饵战术展开，妖王数量惊人。
东宁侯孟川,一年 下,环境铺陈、设定展开,设定,三天后，孟川夫妇继续救援，每天八处求援，攻打县城以二重天妖王为主力。地网神魔因妖王诱饵战术被严令不得出手，只能眼睁睁看着坞堡被毁。孟川夫妇提议分头行动以提高效率，被元初山否决（神魔性命比凡人重要，一个月战死十六位顶尖精英神魔）。一年时间，元初山诞生薛峰（四十三岁封侯）、杨花语（七十一岁封侯）两位新晋封侯神魔。坞堡彻底成为历史，县城人口不足原先一半，凡人散居野外。孟川因速度够快庇护周围数府及东宁府较为安全。南海深处小型洞天内，九渊妖圣召见三位大妖王（碧蟾、木崇、黑岩）汇报一年战况。,一年战争残酷现状，坞堡消亡，凡人艰难生存，九渊妖圣召见三妖王。
东宁侯孟川,孟川和柳七月,设定展开、伏笔埋设,伏笔、设定,"三位大妖王向九渊妖圣汇报：黑沙王朝战死三万两千多妖王（七成二重天、三成三重天、五位四重天），杀七十五位神魔（三十九位大日境），主因白钰王地底探查；大越王朝战死两万一千多妖王，杀八十三位神魔（四十一位大日境），威胁最大者为雾幻王（上万雾气分身）和风雨侯（速度超封王、一己镇守三州）；大周王朝战死两万三千余妖王，杀六十一位神魔（三十五位大日境），威胁最大者为真武王（窥伺过去寻找巢穴）及孟川柳七月夫妇（大日境却媲美封侯、一年杀上千妖王）。九渊妖圣赐木崇大妖王""黑云瘴""杀风雨侯，赐黑岩大妖王""龙水域""杀孟川夫妇。",三大王朝战况汇报，白钰王、雾幻王、风雨侯、真武王等强者展开，九渊妖圣赐宝物图杀孟川夫妇。
东宁侯孟川,艰难生存,环境铺陈、情感展现,情感、设定,钱州平观府昌曲县城残破（人口从九万降至两万），孟川夫妇救援最偏僻处，心生愧疚。途中见一孩童想吃肉包子而不得，妇人带五口之家藏废墟地道。孟川以雷霆神眼贴地探查，救了两名落水孩童，送回芦苇荡中的五艘船人家（五户人家以船为家躲避妖王）。孟川夫妇感叹凡人艰难，州府城内粮食价高，天下死亡凡人难以计数，神魔拼尽一切只是维持生存空间。孟川渴望成封侯神魔以庇护更多人。巡查令牌发出红色求援，东宁府镇酉县。,凡人艰难生存现状展开，孟川渴望变强守护更多人，镇酉县求援引出伏击。
东宁侯孟川,凤凰涅槃,战斗描写、转折高潮,战斗、高潮,"孟川夫妇赶赴镇酉县，柳七月三箭射杀三名普通二重天妖王。黑岩大妖王（山妖，隐藏于县城）催动""龙水域""宝物（青龙雕刻），五里范围汹涌水浪领域席卷，摧毁镇酉县五分之一区域，近两万凡人死亡。孟川煞气领域被冲垮，柳七月体表凤凰火焰抵挡。孟川带妻试图逃出领域，但龙水域随黑岩大妖王移动，速度被压制至一两成。柳七月被逼施展""凤凰涅槃""，爆发冲天火焰达顶尖封侯神魔实力，火焰护住百丈范围抵抗龙水域。",黑岩大妖王龙水域伏击，近两万凡人死亡，柳七月施展凤凰涅槃。
东宁侯孟川,悟,悟道、转折高潮,修炼、高潮、爽点,"柳七月涅槃状态下肉身魂魄蜕变，时刻顿悟，对火焰领悟涌现。柳七月一箭射向黑岩大妖王，被其一锤砸碎。黑岩大妖王调动龙水域全部力量""天翻地覆""压迫柳七月火焰至十丈范围。孟川以诛神刺（元神兵器）侵入黑岩大妖王识海刺其元神（发现对方元神二层），黑岩大妖王一锤轰飞孟川，孟川胸口肋骨尽断重伤。柳七月疯狂射箭。孟川元神三层迅速清醒恢复伤势，焦急思考对策。观凤凰火焰（至阳却又至阴）抵挡龙水域触发灵感，孟川悟出""至阴本就至阳，仅是两面""，对黑铁天书《心意刀》感悟达到崭新天地。",孟川被一锤重伤，观凤凰火焰触发灵感悟出阴阳之变，触及刀道境。
东宁侯孟川,道之境,悟道、战斗描写,修炼、战斗、爽点,"孟川悟出心刀式阴阳变化奥妙达到""道之境""，对红莲式、虎啸式、龙吟式、极阴式、飞燕式理解均达新境界。孟川施展龙吟式、飞燕式在龙水域中缠斗黑岩大妖王，速度在龙水域压制下仍超越对方（三成多速度即封王神魔速度）。黑岩大妖王发现孟川元神秘密、肉身秘密，决心必杀。黑岩大妖王显现百丈山妖真身，力量大涨速度加快，追杀柳七月。孟川带妻汇合，但带妻仅能维持两成速度（封侯神魔层次），黑岩大妖王追上。",孟川悟出刀道境，龙水域中缠斗黑岩大妖王，黑岩大妖王显山妖真身追杀柳七月。
东宁侯孟川,唯一办法,人物心理、转折高潮,情感、高潮,"柳七月劝孟川独自逃命，孟川传音称有法子。元初山派洛棠关吕越王赶来救援（五百里外）。孟川带妻速度不及黑岩大妖王，决定主动迎向黑岩大妖王缠斗，施飞燕式避开双锤。黑岩大妖王逼孟川回来救妻。孟川施展身法朝远处逃，柳七月以为孟川做出明智选择。孟川眼中带决绝，为救妻子选择唯一办法——强行临阵突破暗星境（八成把握，元初山规矩要求十成把握闭关突破）。孟川元神之力融入大日境真元及丹田空间，引动大日爆发至极致，阳极阴生，真元疯狂收缩凝实成暗红色圆球""暗星""。",孟川为救妻决定强行临阵突破暗星境，大日爆发收缩成暗星。
东宁侯孟川,封侯,转折高潮、设定揭示,揭示、设定、高潮,"孟川临阵突破暗星境成功（元神三层掌控真元精妙细微是关键）。暗星一成形成""暗星领域""（百丈范围，遮掩、伪装、飞行、护身、杀敌、领域等多方面作用），暗星真元与暗星领域结合形成三百层护体真元（超强排斥性）。孟川以暗星领域护体顶住龙水域压制，带妻逃离，速度达封王神魔顶尖（三成速度即冠绝天下）。黑岩大妖王绝望看着夫妇远去。孟川速度已称得上""冠绝天下""。",孟川突破封侯神魔成功，暗星领域与暗星真元展开，速度冠绝天下。
东宁侯孟川,冠绝天下,战斗描写、爽点设置,战斗、爽点,孟川带妻出龙水域，让妻远离后返回缠住黑岩大妖王。黑岩大妖王收领域钻地逃跑，孟川以雷霆神眼（雷磁领域探地底半里）追踪，地底飞行维持七成速度追上。孟川一闪身十五里（超越历史雷霆灭世魔体封侯神魔，与造化尊者相当）。黑岩大妖王无法隐藏（雷磁波动类似光线可被其感知但无法隔绝）。孟川保持十丈距离缠斗，黑岩大妖王火焰神通被暗星领域排斥阻挡。黑岩大妖王威胁毁县城杀人，冲出地面显百丈真身奔向县城。孟川分化幻影缠斗，刀法仅留浅伤。吕越王赶到。,孟川地底追踪黑岩大妖王，冠绝天下速度缠斗，吕越王赶到救援。
东宁侯孟川,黑岩大妖王的命运,矛盾收束、设定揭示,冲突、揭示、设定,吕越王震惊于孟川成封侯神魔且追杀山妖大妖王。孟川以雷磁领域传音吕越王出手。黑岩大妖王绝望，捏碎身份令牌（妖族求援是笑话，妖圣不会来），感慨孟川大势已成。吕越王提供两个活命条件：一控制元神绝对忠诚，二进入元初山洞天世界生活。黑岩大妖王选择提供情报换取活命，要求见造化尊者。吕越王带黑岩大妖王与孟川夫妇汇合，称赞柳七月立大功（巅峰封侯实力的四重天大妖王数量稀少）。孟川透露临时突破，黑岩大妖王输得心服口服。吕越王得知孟川有地底探查之法（半里，不及白钰王），带众人赴洛棠关见两位尊者。,黑岩大妖王被擒换取活命，孟川地底探查能力引起吕越王关注。
东宁侯孟川,我有保命宝物?,设定揭示、情感展现,情感、揭示、设定,"孟川以暗星领域护持四人赶赴洛棠关（速度令吕越王、黑岩大妖王吃惊）。洛棠关人口超两千万（妖族入侵导致人口涌入）。孟川夫妇在城主府见秦五尊者（虚影）与洛棠尊者下棋。孟川讲述镇酉县伏击战全过程。秦五尊者后怕，叮嘱今后别冒险。秦五尊者揭示柳七月因凤凰涅槃已凝练元神（消耗十八年寿命，封侯神魔三百年寿命）。洛棠尊者从孟川身份令牌中取出""虚幻金剑""保命宝物（秦五尊者下山前所赐，可斩杀普通五重天大妖王，孟川此前完全不知）。",孟川夫妇见两位尊者，柳七月凝练元神，身份令牌藏保命宝物揭开。
东宁侯孟川,当大用,设定展开、核心伏笔,伏笔、设定,秦五尊者测试孟川封侯速度（一闪身十五里，超越历史雷霆灭世魔体封侯神魔）。秦五尊者将六州之地（一百一十九府）巡查救援任务交予孟川，柳七月镇守江州城并统领江州地网，可闲出十一位封侯神魔调用。两位尊者审问黑岩大妖王，获知大周王朝境内妖族分布，及九渊妖圣（夺舍潜入人族世界，藏身可移动小型洞天世界，上次在南海）的重大情报。秦五尊者推断九渊妖圣夺舍弱小妖王潜入，恢复至五重天大妖王，忌惮造化尊者故几乎不出手。顾山府第三天，柳七月闭关突破暗星境，孟川不安等待，柳七月成功突破出关。,孟川受命巡查六州，黑岩大妖王供出九渊妖圣，柳七月闭关突破封侯成功。
东宁侯孟川,夫妻双封侯（本集终）,转折高潮、情感展现,情感、高潮,"九月初三，朝廷使者至孟氏祖宅宣读封爵册文，孟川封""东宁侯""，柳七月封""宁月侯""，夫妻同日双封侯，东宁府震动。镜湖道院弟子议论纷纷，云青萍（三十八岁，无漏境教谕）感慨二十年来与孟川的差距，自嘲一生极限是孟川少年时成就。孟川一家迁居江州城孟府（元初山一月内建造，含星月湖，供柳七月练箭）。孟大江可安排数千族人同住。柳七月接管江州地网，镇守江州城千万人口。孟川巡查范围以江州城为中心三千里，纵横六千里，一百一十九府。孟川搂妻感叹以后住江州城，柳七月嘱托小心，二人享受宁静。",夫妻双封侯（东宁侯、宁月侯），迁居江州城孟府，孟川承担六州巡查重任，第十集收官。
儿女初长成,三十八息时间,战斗描写、设定展开,战斗、设定,"九月二十，湖州境内破败县城，一支五妖王精英队伍（为首瘦削妖王定下""五十息内必须撤退""规矩）以猫妖王屠戮为诱饵伏击元初山大日境神魔队伍。双方搏杀至三十八息时，孟川化作闪电赶到，释放寂灭寒煞（五条黑色大蛇）当场冻死两名妖王，暗星气芒刺穿其余妖王头颅，五妖王全灭。孟川三十八息赶赴一千七百二十里，速度冠绝天下令妖王绝望（封侯神魔正常过百息才能跑百余里）。两个月后妖族高层下令疑似孟川巡查疆域内的精英队伍""二十息内必须撤退""，部分队伍干脆远离其巡查疆域。",孟川冠绝天下速度三十八息救援灭五妖王精英队伍，妖族被迫压缩撤退时间至二十息。
儿女初长成,刺杀,转折高潮、伏笔埋设,伏笔、高潮,腊月夜，孟川踏雪回江州城孟府，向柳七月讲述赴安州五千两百里外捣毁妖王巢穴（五位三重天、十七位二重天妖王），六州之地如今十天八天才有一次求援。孟川赠柳七月十枚血火晶（凤凰神体封侯阶段修炼用，三百万功劳一枚，共三千万功劳）。柳七月煮小米粥，孟川喝粥时吸入蜡烛无味气体与米粥混合形成剧毒，孟川满脸黑气、血色纹路浮现，连拍七掌催动真元，吐出黑色血液脏腑碎片腐蚀地面成坑，全身毛孔逼出毒雾。孟川以肉身一脉秘术切割隔离中毒部分排出体外幸免，打翻柳七月面前粥碗使其未中毒。孟川令收藏粥与蜡烛交元初山查毒，认为府内不安全，儿女不宜住此。,妖族以剧毒刺杀孟川夫妇，孟川仗肉身一脉秘术幸免，打翻粥碗救下柳七月。
儿女初长成,十年,情节推进、设定展开,设定,"孟川夫妇决定将孟悠、孟安隐居江州城普通宅院，伪装普通人家培养，防妖族报复，也防儿女在孟府前呼后拥中骄傲自得。元初山三天查出剧毒为妖界奇毒""金角虫毒""（宰杀上千头金角虫炼制，价值一亿五千万功劳，封侯神魔一息毙命，唯不灭神体有十足把握活命）。孟川教三岁儿女挥木刀，四岁时孟安选枪法、孟悠选剑法。孟川半月创出蕴含阴阳变幻的基础枪法、基础剑法。姐弟四岁筑基、六岁内炼、八岁洗髓境入青榆道院（虚加两岁）。转眼镇守江州城十年，孟悠孟安十二岁脱胎境巅峰，十三岁无漏境，但未悟出势。",金角虫毒查明，儿女隐居普通宅院十年成长至脱胎境巅峰，孟川手把手教兵器。
儿女初长成,送到我那去,矛盾展现、情节推进,冲突,"孟川夫妇感叹儿女长大后相聚时间将少，回孟府星月湖练刀练箭。傍晚青榆道院放学，孟悠孟安（化名蒙悠蒙安）以普通人家身份回家，花色小鸟（三重天妖王飞禽，化作""花伯""）暗中保护。途中见宁师妹家遭王琮手下逼债抢宅，孟安踹飞两名洗髓境壮汉。云州王家旁支子弟王琮（祖父王樊酬为不灭境神魔）乘豪奢马车出现，见孟悠貌美，吩咐""将这小美人送到我那去""后离去。",孟悠孟安路见不平救宁师妹，王琮见孟悠貌美欲强抢。
儿女初长成,云州王家和江州萧家,矛盾展现、设定展开,冲突、设定,"孟悠为保宁师妹一家主动跟王琮手下走，孟安同行。宁东顾告知王琮是云州王家旁支子弟（祖父王樊酬不灭境神魔），江州城封王、封侯神魔家族众多，无靠山难做生意。王琮将孟悠送给江州第一神魔家族萧家公子萧永（萧家五长老独子）讨好，萧永期待。护卫老者带孟悠孟安至后院小院，王琮查探得知""蒙""姓普通人家，父亲蒙宁无名气仅无漏境。王琮进小院欲安排孟悠侍奉萧永。",王琮将孟悠送给萧家公子萧永讨好，江州城神魔家族势力格局展开。
儿女初长成,留着过年么？,矛盾爆发、转折高潮,冲突、高潮,王琮进小院威胁孟悠顺从，否则像上个倔强丫头般被十几个男人折磨致死喂狗。孟安怒喝一枪刺向王琮，孟悠拔剑出鞘。五名无漏境护卫围攻，护卫老者（凝丹高手）两指夹住孟悠剑、一掌拍向孟安。花伯（花色小鸟妖王化身）降临，无形力量笼罩小院令众人动弹不得，一拂袖将王琮等七人倒飞。孟安一枪贯穿王琮胸膛将其刺杀，孟悠叫好。花伯建议擒下众人交主人发落。数里外王樊酬感应孙子求救玉符，瞬间赶至小院，见孙子尸体惊怒万分，花伯透过令牌向孟川夫妇求援。,花伯妖王出手制服众人，孟安一枪刺杀王琮，王樊酬赶至小院对峙。
儿女初长成,抓捕,矛盾收束、情节推进,冲突,"孟川夫妇感应花伯求援，嗖的消失从书房赶至小院。王樊酬被暗星领域约束悬浮离地三尺，认出东宁侯宁月侯后心颤腿软。孟川一挥手以暗星真元袭王樊酬使其失去意识。花伯禀报经过：小姐少爷救宁师妹遭王琮强抢，故意跟来查清底细，王琮人面兽心才动手。孟川带儿女先回，柳七月留下处理。柳七月召十余名地网神魔，下令以""宅内有人勾结妖族刺杀""为由抓捕宅院所有人及王琮全部手下，王樊酬关押待审。神魔家族子弟们（包括皇族李游、萧家萧永）皆被抓走，萧永搬出姑姑兰月侯关系无效，因命令正是宁月侯所下。",孟川夫妇现身制服王樊酬，柳七月下令大肆抓捕涉案神魔家族子弟。
儿女初长成,十年的画,情感展现、伏笔埋设,伏笔、情感,孟川带儿女至孟府星月湖湖心阁（柳七月以凤凰火焰引地火建温泉，雾气遮掩，禁外人靠近），儿女认错（不该纠缠暴露身份风险）。惠姨（灰鸟妖王化身）端饭来，孟川嘱儿女三思而后行。深夜柳七月回报：查出风语馆青楼是天妖门情报据点（难查大鱼）；王琮八名手下被花伯抓捕后柳七月以迷魂术追查确认未外泄，因罪大恶极全部处杀。柳七月提出处理可能暴露身份者：宁家一家三口征用地网做杂活五年（五年后儿女已上元初山）；王樊酬两个法子——一案卷扔王家脸上判坐牢五十年，或请幻术入道高手修改记忆后送战场赎罪。孟川偏好后者但自认只能蒙蔽不能彻底修改。孟川感慨十年救援对妖族伤害太大，妖族三次刺杀。第二天孟川画完《儿女欢》画卷（妻子女儿下棋、儿子钓大鱼，画了两个多月），元神绽放灵光感觉将突破。,风语馆天妖门据点查出，王樊酬处理方案商定，孟川画完《儿女欢》元神将突破。
儿女初长成,元神四层,悟道、设定揭示,修炼、揭示、设定、爽点,"孟川十年来画七幅叩问本心画卷积累元神，终突破至元神四层分神境（元神可从身体跃出宛如真人，外界环境可承受，仍依附肉身；可分出部分元神封印他人身上，分九次为极致，第十次伤元神）。孟川在《儿女欢》写""儿女欢""三字，至空地看儿女比试（孟悠剑术如雾如幻、孟安枪法直接干脆），拍肩时分出部分元神封印在儿女肩背（激发一次即消散，元神六层不灭境可长久分身，元神七层世界境可有九尊长久分身）。孟川至地牢，以元神四层之力直接修改王樊酬记忆，抹去孟悠孟安容貌画面以幻术形成虚假记忆（比幻术入道更蛮横无破绽）。孟川斥王樊酬庇护孙儿为祸一方，柳七月震惊孟川突破元神四层（离元神五层造化门槛近了）。孟川令柳七月接管衙门狠狠扫一遍江州城。",孟川突破元神四层分神境，分元神封印儿女，修改王樊酬记忆，下令扫荡江州城。
儿女初长成,大肆抓捕,矛盾展现、情节推进,冲突,孟川令柳七月隔一两年扫一遍江州城，连衙门蛀虫都扫。江州城各大家族（燕家、萧家等）处处抓人，连孟家都有两名小辈被抓。各大家族求见孟川夫妇不得，转求孟大江，孟大江宣布闭关（快则十天半月慢则一年半载）。萧家族长拜访孟川被扔一堆卷宗灰溜溜回去。各大家族议论孟川夫妇疯了，燕家江水堂族长燕霜写信向祖父燕山王告状。孟川夜间凝练诛神刺第二层神纹（三天完成），计划凝练第二件元神兵器荡魂钟（需半月）。孟川决定去元初山换赤血神丹修炼不死境（元神四层、道之境已满足条件，需三千六百枚赤血神丹）。孟川一刻钟飞抵元初山，秦五尊者召其至洞天阁。,江州城大肆抓捕震动各大家族，孟川凝练元神兵器，赴元初山换赤血神丹准备修炼不死境。
儿女初长成,洞天法珠,设定揭示、装备获取,奖励、揭示、设定,"秦五尊者得知孟川需三千六百枚赤血神丹（一天十枚吃一年），表示存量仅两千枚且太糟蹋。秦五尊者借出洞天法珠（内含五百里小型洞天，借用一年三千六百万功劳），孟川可直接吞入丹田空间，引洞天本源之力修炼（比赤血神丹药力庞大不知多少，效率是暗星真元数倍）。洞天法珠可藏物品生灵、种粮食、藏人避险，五亿功劳可换（孟川十年积累一亿六千多万功劳换不起）。孟川吞入洞天法珠，感应内含广袤大地九座火山。孟川另悬赏一亿功劳求五方地极寒煞或三方浊阴煞（不死境可修更高层煞气），秦五尊者表示元初山无此煞气。秦五尊者推荐元初山独有归元煞气（域外所得，比地极寒煞浊阴煞还强，两方需两亿功劳赊欠），先给一丝让孟川不死境练成后试炼。孟川接小黑葫芦告辞返回。场景转至燕山关，燕山王（封王神魔，镇守两百余年）收到""霜小子""燕霜的信，看后皱眉。",秦五尊者借洞天法珠助修不死境，赐归元煞气一丝试炼，燕山王收到燕霜告状信。
儿女初长成,燕山王,矛盾收束、人物引入,人物、冲突,"燕山王看完信疑惑孟川如此人物怎会管凡俗小事，令护卫章褚查江州城发生何事。一天后卷宗呈上，燕山王大怒，怒斥乖孙儿燕霜身为族长不严惩家族子弟反而写信污蔑孟川夫妇欲借他之手对付同门，""丢人、蠢""，令其上战场见血清醒。章褚、燕通赴江州城，当众宣布剥夺燕霜江水堂族长之位、当场鞭刑八十、赴燕山关抵挡妖族，族长之位由燕通担任。燕霜喊""祖父被蒙蔽""无效，章褚以大日境神魔身份鞭打燕霜八十至昏迷，拎其飞离。三天后朝廷下令肃清州城府城治安，秦五尊者致信天下封王封侯神魔严管后辈。江州城各大家族风向立转，一边倒夸赞孟川夫妇心系百姓，但柳七月认为只是表面文章。孟川笑称表面注意一言一行已减少八成祸害。",燕山王大怒鞭刑孙子燕霜剥夺族长位，朝廷与秦五尊者下令肃清治安，各大家族表面收敛。
儿女初长成,不死境,设定展开、悟道,修炼、设定、爽点,孟川与柳七月讨论妖族越来越狡猾、攻打次数减少，柳七月认为妖族在蓄积力量待爆发日，孟川不安但无能为力。孟川盘膝修炼不死境，元神四层后对超微观世界感知更强，粒子空间核心一点变如石桌大小。水滴状晶体（元神念头）侵入粒子空间落在核心球体上，粒子空间震颤，元神念头盘踞中央彻底掌控。不死境修炼即让每个粒子空间都有一个元神念头盘踞，彻底灵肉合一，肉身质变（力大无穷、不坏之体、切割十八段瞬间合一、头颅贯穿数十刀瞬间恢复），堪称不死。需元神四层、道之境为根，消耗浩瀚能量。孟川惊喜发现洞天法珠洞天本源效率是暗星真元数倍。半年后第二年三月初九，孟川不死境练成。,不死境修炼原理展开（元神念头盘踞粒子空间），孟川借洞天法珠半年练成不死境。
儿女初长成,三大神通,设定揭示、爽点设置,揭示、爽点、设定,三月初九，孟川不死境练成，双臂双腿自然浮现玄妙符纹（非雷电魔纹，肉身境界自然产生）。孟川心念调动亿万粒子空间力量汇聚，周围虚空塌陷扭曲距离难测（十丈变一丈、一丈变十丈），以力破法。力量比山妖岩石大妖王还恐怖，一拳能砸飞岩石大妖王。元神之力再无法增加肉身力量（已完美调动）。孟川自评力量相当巅峰封侯大力魔体、生命力媲美巅峰封侯不灭神体、肉身坚韧在轮回神体之上，配合暗星领域与冠绝天下速度应达普通封王实力。不死境一成觉醒三大神通：不灭神甲（肉身一脉常见战斗神通，全身粒子力量爆发形成光层，手脚可当神兵，日常维持威慑力太大）、天怒（体质特有，体内雷电三成汇聚一点爆发，最多连续三次）、雷霆神眼（雷磁领域范围大涨）。,孟川不死境练成觉醒三大神通（不灭神甲、天怒、雷霆神眼），肉身令虚空扭曲以力破法。
儿女初长成,白钰王和孟川,设定揭示、核心伏笔,伏笔、揭示、设定,孟川尝试修炼归元煞气（师尊所赠一丝），一丝吸入即化作冰雕，归元煞气是纯粹冰冷万物寂灭绝对冰冷，肉身一边疗伤一边炼化，盏茶功夫炼化成功。孟川煞气领域将超越历史雷霆灭世魔体封王神魔。孟川告知柳七月雷磁领域大涨：地表三十里、地底三里（白钰王地底五里），配合数倍速度综合探查不亚于白钰王。孟川午后赴元初山。元初山亭内，秦五尊者与元初山主谈论白钰王一年仅在大周王朝地底探查一个月（黑沙王朝八个月、大越王朝三个月），孟川赶到。秦五尊者感应到孟川上山，传音管事迎接。,孟川炼化归元煞气成功，雷磁领域地底三里媲美白钰王，白钰王分配三大王朝探查时间展开。
儿女初长成,上天垂怜,转折高潮、情感展现,情感、高潮,"孟川至洞天阁见秦五尊者与元初山主。秦五尊者一眼看出孟川肉身新境界及归元煞气炼化成功，取出六个大青铜葫芦（两方归元煞气，元初山仅五方取近半），孟川挥手收入洞天法珠（元初山主见状瞳孔一缩，识破洞天宝物）。秦五尊者扣一亿三千二百万功劳，孟川欠六千八百万。孟川禀报雷磁领域可探地底三里，秦五尊者倒茶溢出茶杯（""溢出来的好""），连说三个好字。元初山主不敢相信，孟川称路上已试数次绝无错。秦五尊者慨叹""上天怜悯我人族，诞生白钰王又有孟川""，元初山主胡子抖动激动万分。秦五尊者令孟川从此如白钰王般每天地底探查数个时辰，归元煞气与洞天法珠皆赠予孟川。孟川不愿占便宜，元初山主称孟川为元初山第一巡查无人可替代，七亿功劳赐予谁都没话说。",秦五尊者赐两方归元煞气与洞天法珠，孟川雷磁领域地底三里令尊者激叹上天垂怜人族。
儿女初长成,石符,装备获取、核心伏笔,伏笔、奖励,"秦五尊者解释归元煞气珍贵但闲置宝库不如让孟川炼化起作用，洞天法珠对元初山不值一提但对孟川地底探查收妖族尸体宝物方便。孟川职位升为""元初山第一巡查""每年两千万功劳（原镇国巡查五百万），归元煞气与洞天法珠算未来三十五年功劳抵扣。元初山主感慨自己人好，白钰王来一个月都狠宰一通。秦五尊者调封王神魔接管孟川原六州救援。秦五尊者郑重取出灰色石符（元初山仅剩一件），嘱孟川遇死亡危险时再捏碎，人族世界内可保命，关系整个人族。孟川领命下山。元初山主唏嘘元初山之幸。秦五尊者与洛棠尊者虚影商议，洛棠尊者激动，问能否让其他神魔学雷磁领域。秦五尊者称沧元洞天看运气、需雷霆灭世魔体才恰好觉醒，无法复制。洛棠尊者感慨一门到顶滴血境的传承竟有如此奇效。秦五尊者犹豫是否让孟川用八大至宝之一问心珠（助技艺境界，受天地规则压制用一次粉碎），洛棠尊者劝阻（安海王用或可成造化；孟川元神四层到五层需二三十年，届时或已悟法域境），决定留待最关键时用。",孟川获灰色石符保命宝物，职位升第一巡查，问心珠伏笔埋设（留待关键时刻）。
儿女初长成,地底,设定展开、环境铺陈,设定,孟川回孟府湖心阁告知柳七月师尊赐归元煞气与洞天法珠（算三十五年巡查功劳），柳七月认为四倍功劳并不算高。孟川感慨洛棠尊者、秦五尊者镇守不领功劳反奉献，历史上强大神魔死前赠宝物于宗派。孟川明早开始地底探查，白天外出晚上回来。柳七月告知儿女看了卷宗后修行更努力，孟川认为十三岁该了解残酷世道。第二天孟川一闪身十八里（不死境与雷电更契合速度提升），飞至东海边钻地。暗星领域令岩石泥土不碰触身体，速度减至七成。雷磁领域探地底三里。孟川一口气飞至地底两百里，发现大地流体层（无数岩石块金属块缓缓流动，地下两百里至五千里，无法建洞府），封王神魔一般钻地五千里为极致。孟川推断妖王洞府最多在地底两百里左右。,地底结构展开（泥土岩石层、大地流体层），孟川一闪身十八里开始地底探查，妖王洞府最深两百里。
儿女初长成,地下探查的第一天,战斗描写、设定展开,战斗、设定,孟川推断普通妖王钻地百里（三重天妖王在地下百里内），四重天大妖王在地下百里至两百里间（因白钰王探查）。孟川在地下八十里深度沿直线西飞，雷磁领域全力探查。飞一刻钟过万里才发现第一处妖王巢穴（岩石宫殿，上百普通妖族、五名二重天、两名三重天妖王喝酒作乐）。孟川暗星真元穿梭妖王头颅，一眨眼七妖王百余普通妖族全灭，收尸体入洞天法珠。孟川继续飞行，两万里线路仅发现一处。孟川飞六个时辰二十遍两万里线路（十六遍八十里深度、四遍一百六十里深度找四重天大妖王无获），精神疲惫回孟府。柳七月以凤凰火焰加热饭菜。孟川第一天发现十一处妖王巢穴，斩杀一百一十六位妖王、数千普通妖族，明白白钰王一人抵一宗派一年杀两三万妖王如何做到。,孟川地底探查第一天斩杀一百一十六位妖王，地毯式搜索展开，效率远超地面救援。
儿女初长成,三月后,情节推进、伏笔深化,伏笔,柳七月振奋，称白钰王杀的妖王占黑沙洞天六成以上，四重天大妖王几乎全其所杀，孟川若每天杀百位一年过三万（元初山去年仅杀一万八千）。孟川每天地底探查充满战意（从小立誓斩尽妖族），最少一天杀二十七位，最多一天杀三百五十位，曾三时辰无获也试过一刻钟连发现四处巢穴。东海海床下三十余里宫殿，大周王朝妖王新首领冰霜大妖王（白衣女子，黑岩大妖王死后九渊妖圣新选）发现本月妖王被杀三千九百多位（上月仅一千三百多位，三倍），蛇妖王推测是白钰王在大周地底所杀。冰霜大妖王令红狐妖联系天妖门查详细情报。孟川地底探查身份保密（仅秦五、洛棠、元初山主、孟川夫妇知晓），妖族难查。三个月后六月十二，孟川杀八千三百余名妖王，每半月送妖王尸体至元初山。孟悠孟安请爹娘帮忙看苍虞县被妖王毁弃一事。,孟川三月杀八千余妖王，冰霜大妖王追查妖王大批死亡原因（误以为是白钰王），儿女请求看苍虞县。
儿女初长成,真实的世界,情感展现、环境铺陈,情感、设定,"孟安孟悠看了卷宗苍虞县被妖王彻底毁弃，想去看看。孟川决定带儿女看""真实的世界""，不去苍虞县（只是废弃县城无意义），飞三千多里寻到一处县城正遭两名妖王（猪妖持双斧、蛇妖王青色毒雾）屠戮。孟川以雷磁领域雷电劈死两妖王。姐弟俩看到数百人被腰斩、毒蚀膨胀等惨烈尸体噩梦般场景，欲呕吐。孟川淡漠称这算少的（县城人有经验躲地道点狼烟），当年江州城被屠超十万人算大胜。孟川带儿女看野外：杂草下地底洞穴住一家五口（孩童透过杂草看天）、湖泊芦苇荡船只人家（孩童在船头练拙劣招式）。姐弟俩心颤，觉得一辈子忘不了船头孩童修炼场景。回江州城时姐弟心中复杂，繁华江州城如梦中之地。孟川称人族韧性极强，天下大半人口散居野外，神魔要让整个天下如江州城般安宁。孟安问能否做到，孟川答""斩尽天下妖族，就足够了""。",孟川带儿女看妖王屠戮惨状与野外凡人艰难生存，姐弟心灵受冲击，孟川立言斩尽妖族则天下安宁。
儿女初长成,沙丛大妖王,战斗描写、核心伏笔,伏笔、战斗,"孟川带儿女回湖心阁后即赴地底探查（归元煞气炼化慢需超一年，地底八十里已探查超一半大周王朝，计划半年后换六十二里深度）。孟川探查地底一百六十里（每天四次找四重天大妖王，三个月无获仍坚持）。原州地底一百五十八里，沙丛大妖王（灰袍皱皮）回宫殿，收到帝君命令：四重天大妖王从此全部隐藏不得攻打人族，除非下次召唤。妖王们疑惑。雷磁波动扫过洞府，沙丛大妖王脸色大变喊""神魔快逃""。",妖界帝君下令四重天大妖王全部隐藏不得攻打人族（大计划伏笔），孟川发现沙丛大妖王巢穴。
儿女初长成,儿子是绝世奇才,转折高潮、爽点设置,爽点、高潮,"沙丛大妖王化残影外冲，孟川激发雷电（成百上千道闪电充斥洞府），手下妖王死大半仅两名三重天妖王重伤存活。孟川三个月地底一百六十里终于有收获，雷磁领域锁定沙丛大妖王，瞬间穿三里追上。沙丛大妖王求援选""无间境威胁""（潜意识认为敢探查者是封王神魔）。孟川心意刀削掉其头颅，沙丛大妖王绝望意识到""果真是封王神魔""后意识消散。孟川体表光层令虚空扭曲塌陷，心意刀在扭曲虚空中更快（百丈距离时间缩短一半），四重天大妖王意识发现肉身来不及反应。孟川评价新晋四重天太弱，需巅峰四重天或五重天才能真正验证实力。斩杀沙丛大妖王及二十七名普通妖王，收尸体入洞天法珠。六月二十八，孟安因看真实世界后心中憋火，愤怒一枪刺出引动天地之力汇聚，悟出势之境（十三岁，媲美薛峰阎赤桐）。柳七月惊喜验证。傍晚孟川疲惫归来，孟安告知悟势，孟川一口茶喷出，追问""你达到势之境了？""",孟川地底斩杀沙丛大妖王（四重天），孟安十三岁悟出势之境成绝世奇才。
儿女初长成,命运和荣耀（本集终）,情感展现、情节推进,情感,"孟安认真点头，柳七月证实已演练。孟川令孟安施展，孟安一枪劈出令数丈湖水炸裂，孟川心中溢满骄傲（儿子不亚于薛峰阎赤桐的绝世奇才），称其成就可超越父母。孟川告知悟势可上元初山修行，柳七月称元初山会特招，问孟安何时上山。柳七月说明元初山规矩（待超十年，如今妖王多待更久，十五年内或下山，下山听元初山分配），母子或十余年难再见。孟安决定尽快上山。元初山上，元初山主告知秦五尊者孟川写信称孟安十三岁悟势（孟川三十六岁有儿女，九月初三生），元初山已特招回信让孟川亲自送。元初山主称孟川三月送妖王尸体九千三百多名含一名四重天大妖王，秦五尊者强调保密。清晨孟府，孟大江、柳夜白、孟悠依次送别孟安，柳七月红眼递储物袋嘱托写信。孟川带孟安飞至元初山景明峰自己当年洞府，易长老（三十年前送孟川上山者）迎接。孟安选住父亲洞府（孟悠将来住母亲洞府）。孟川嘱托""成神魔斩妖王是命运与荣耀""，父子约定一起斩妖。孟川转身化流光飞向东方，孟安低语""爹，我一定不会让你失望""，转身走向洞府。本集终。",孟安被特招上元初山，孟川送子至景明峰洞府，父子约定一起斩妖，第十一集收官。
风云变色,轮回神体,设定展开、伏笔埋设,伏笔、设定,"元初山传法阁，易长老看着少年孟安（样貌酷似孟川但更沉稳，传统绝世奇才，一门心思在枪法）。孟安选定""轮回神体""及黑铁天书枪法绝学""轮回""（三年内不可改选）。孟川夫妇得知后讨论：轮回神体是十二种超品神魔体中近战最强，护身第一、力量第二、速度第三，无短板，由远古""沧元祖师""所创（同时创造枪法第一的轮回）；修炼极难，需悟出分属五行的五种意之境并完美融合为轮回之意。孟川心中留意""沧元祖师""，怀疑与沧元洞天有关联。孟川夫妇决定不插手儿子选择。时间流逝，孟川每日地底探查六个时辰（靠意志支撑，少一个时辰就少杀很多妖王），早起练刀一个时辰，柳七月心疼劝减到五个时辰被拒。冬天，秦五尊者、洛棠尊者下达艰难决定，传令天下所有州府县。数百飞禽妖王飞出元初山。当晚孟川夫妇收到两位尊者共同下达的命令，柳七月满脸震惊。",孟安选轮回神体（沧元祖师所创），孟川地底探查日常，秦五尊者下达天下弃府县建大城命令。
风云变色,天下动荡,环境铺陈、情节推进,设定,孟川震惊于命令内容：大周王朝将舍弃所有县城、几乎所有府城，江州仅保留江州城、宣江城、长丰城三座大城。江州城扩建为两千万人口大城，宣江城、长丰城为千万人口城池，各府县居民就近迁移。计划涉及建城、居处、粮食、居民迁移等多方面，封王神魔携洞天宝物运输粮食，最艰难区域让凡人进入洞天宝物迁移。吴州仅留三座大城：吴州城、东宁城、楚安城，尽量选封王/封侯神魔家乡（将来镇守用心）。黑沙王朝也在舍弃府县。孟川次日去元初山确认，地底探查时路过即将沦为空城的顾山府。各府县立即禁止房产交易交割。孟川到元初山问元初山主，元初山主揭示：妖族和我们的最终决战要来了。,天下弃府县建大城迁移计划展开，元初山主揭示最终决战将至。
风云变色,建城,设定揭示、氛围营造,揭示、设定,元初山主解释最终决战详情：妖界三大帝君召集所有四重天大妖王抽签（十个抽三个），六百零五位中签必须征战人族（帝君亲传弟子也不例外），加上潜伏的近百位共七百位四重天妖王将进入人族世界；普通妖王估计超百万之数，凡俗妖族如海般涌入。人族神魔仅数万，元初山仅七十三位封侯神魔。人族有把握一战但计划保密。天下人心惶惶，大越王朝早已弃府县仅镇守大城。孟川俯瞰大量凡人迁移至江州城，柳七月以暗星领域配合火焰道之境建城：挖掘泥土岩石、火焰融化成熔岩浆体、暗星领域压缩成型、冷却，半盏茶建造近八十丈长、十二丈高、六丈宽的坚固城墙，同时形成护城河。一天建造六十里，半月可建成江州城外城。凡人们惊叹神魔力量，充满信心。,最终决战规模展开（七百四重天妖王、百万普通妖王），柳七月暗星领域配合火焰道之境高效建城。
风云变色,煤气练成,设定展开、爽点设置,爽点、设定,"孟川赞叹柳七月建城速度，柳七月称无间领域建城更快。孟川感叹百万妖王肆虐如噩梦，元初山和黑沙洞天面对如此形势依旧建城庇护凡人，有底气但保密（防神魔背叛）。春节人们迁移大城无喜意，百万妖王消息传播，凡人恐慌。江州城民居内，瘦小青年蛊惑人们投靠天妖门（高喊""我是天妖门探子""可活命），被服兵役七年的二狗青年举报抓走。二狗以""神魔既迁移建城就有底气""""人族历史万年多次劫难都挡得住""安慰众人。柳七月回孟府湖心阁，孟川悠然绘画。孟川提议让凡人忙碌（建造建筑）以无心议论，且可赚银子缓解粮食价高焦虑。当夜孟川在静室修炼""归元煞气""（师尊赐予，元初山先辈从域外所得，在浊阴煞、地极寒煞之上），近一年修炼煞气终于质变，深青色气流自如在身体内部流转，孟川自评煞气威力在封王神魔中属最顶尖一类，大半实力在煞气上。",天妖门蛊惑凡人投靠，孟川归元煞气练成（封王最顶尖煞气领域）。
风云变色,冻成虚无,设定揭示、情感展现,情感、揭示、设定,孟川回房，柳七月感知深青色煞气大恐怖（暗星领域全力护体，凤凰涅槃都来不及施展即毙命），封王神魔都得靠无间领域护体不敢沾染。孟川称大半实力在煞气上，靠肉身一脉秘术生命力强、雷霆灭世魔体能炼化煞气、师尊赐归元煞气（旁人练不成）。夫妻感叹面对最终决战心慌，孟川速度再快也救不了几处，柳七月安慰有封王神魔和造化尊者。夫妻相拥聊天下、江州城、父母孩子。清晨，孟大江来借功劳（修炼需外物材料，功劳少买不起），孟川写信转五百万功劳到父亲名下（地底探查保密，外界不知孟川功劳惊人，每天斩杀约百名妖王功劳过百万）。孟大江回院练刀，立志创造炼体一脉奇迹但年过八十仍不灭境，刀意境已达，有望大日境，不愿躲在儿子儿媳身后。孟川地底一百九十里深度探查，练成煞气第三天发现四重天熊妖王巢穴。熊妖王惊醒逃命，雷磁领域劈死普通妖族及妖王。孟川以扭曲虚空传送深青色煞气，熊妖王一锤砸中气流，冰冷瞬间弥漫全身，肉身包括大锤、衣袍、储物袋被冻成虚无（仅少部分物质残存）。,归元煞气威力展示（冻四重天熊妖王成虚无），孟大江借功劳立志突破。
风云变色,帝君,设定展开、核心伏笔,伏笔、设定,"孟川心疼熊妖王战利品被煞气毁掉九成九，发现唯一完整之物——巴掌大漆黑熊雕像（隐约看到巍峨万丈巨熊）。孟川以雷磁领域击杀三名重伤三重天妖王（不毁战利品）。傍晚孟川送战利品至元初山，秦五尊者、洛棠尊者商议后决定验证孟川实力以定决战任务。元初山主赞叹孟川半月斩杀一千两百三十五名普通妖王，超过元初山其他神魔总和。孟川报告杀一名四重天大妖王但煞气毁尸灭迹。秦五尊者认出熊雕像为""妖族传承""——达到帝君层次的熊妖留下的其中一份传承（帝君用来赐予手下，三千万功劳），妖族历史上诞生帝君超过千数（当今时代三位帝君）。秦五尊者讲述人族帝君：上一位是黑沙帝君（差点统一天下），同时代有造化尊者阴阳老人（境界已达帝君级，自创""两界神体""超品神魔体，贡献在黑沙帝君之上，因内部分裂暗算黑沙帝君才身死）。人族平均十万年出一位帝君。洛棠尊者感叹妖族帝君每个时期都有数位，人族占据地利（妖族顶尖强者进不来、镇族宝物离开原有世界无用）。",熊雕像为帝君传承（三千万功劳），人族帝君历史（黑沙帝君、阴阳老人），帝君级强者可终结战争。
风云变色,验证,设定展开、战斗描写,战斗、设定,洛棠尊者解释人族优势在地利（护身石符等一次性宝物唯在人族世界有用，妖族帝君赐予宝物到人族世界作用大减）。秦五尊者称诞生一位帝君或元神八层即可赢得战争但都很难。秦五尊者、洛棠尊者决定验证孟川实力以确定决战任务安排：估测七百名四重天妖王将组队配合（每队达普通五重天实力，可能藏新晋五重天）。孟川与元初山主（元初神体、法域境、近四百岁封王）交手。孟川先施煞气，深青色煞气逼元初山主真元只能护身三丈，元初山主五方界领域都压制不住。元初山主施展元初战体（百丈黑色虚幻巨人，远攻最全面，兼修五行），一掌拍下（顶尖封王神魔层次），孟川以不死境肉身（媲美五重天大妖王坚韧程度）加神通不灭神甲（体表毫光铠甲）硬扛，毫发无伤。秦五尊者揭示孟川肉身坚韧媲美五重天大妖王，不死境身体粉碎也能瞬间合一，防护极强。秦五尊者令孟川施展全力。,孟川与元初山主交手验证实力，不死境肉身加不灭神甲硬扛顶尖封王一掌。
风云变色,孟川战元初山主,战斗描写、设定揭示,战斗、揭示、设定,"孟川拔刀施展龙吟式（雷霆灭世魔体速度加不死境力量加最擅长穿透），一刀达封王战力，元初山主紧张。元初山主施展黑铁天书《元初印法》（指法变幻时空），孟川施展飞燕式身法寻找近身机会。元初山主以时空变幻点中孟川（元神四层与元初山主相当），孟川体表毫光震颤被点倒飞。孟川施展元神兵器荡魂钟（元初山主也达元神四层无优势），全面爆发煞气领域（百丈范围），令元初山主真元流转冻结变慢。孟川施心刀式（阴阳变幻力道透战体衰减至两三成），被无间领域抵挡消散。孟川愤怒双手握刀劈下，爆发三大神通之""天怒""（肉身蓄积雷电三成于一点爆发，极限三次）——恐怖雷电轰破元初战体胸口黑光，直劈元初山主真身。",孟川煞气领域冻结元初山主真元，神通天怒雷电轰破元初战体，三大神通最强杀招展开。
风云变色,造化境的尸体,设定揭示、核心伏笔,伏笔、揭示、设定,"元初山主急施护身战体（丈许高黑色人影，护身强数倍），扛住雷电天怒。孟川冲入施煞气加心刀式，元初山主以虚空浪潮拳法（数十记拳法令虚空轰鸣扭曲如浪潮）击退孟川两三里（不死境肉身瞬间恢复）。双方互相钦佩。秦五尊者、洛棠尊者评定：孟川配合煞气领域有顶尖封王神魔实力，保命本事在封王中绝顶（仅真武王能杀他，白象王、安海王都做不到），但杀敌手段弱（大半实力在煞气，神通天怒仅三次）。秦五尊者决定决战时安排孟川单独行动负责救援各方。秦五尊者赐孟川一具造化境异族尸体（元初山先辈域外斩杀，主修肉身，三丈高、三对黑色鳞片翅膀、弯角、钩爪手指，胸口鳞片被先辈切割炼器），令斩妖刀每日吞吸一个时辰（约半月吞完）。秦五尊者目送孟川离去，轻语""时间太短了，希望撑得久点，撑得久就会有奇迹""。",孟川实力评定为顶尖封王（保命绝顶、杀敌偏弱），秦五尊者赐造化境异族尸体助斩妖刀蜕变。
风云变色,妖王'摩南'到来,人物引入、矛盾展现,人物、冲突,"孟川飞行俯瞰天下，县城府城皆漆黑荒废，仅大城繁华（大周六十一座大城加七大城关）。野外凡人昼伏夜出（黑夜妖王视距缩短成保护），父教子练刀盼入城入道院。孟川感叹""斩尽天下妖族""何等难，""黑暗时期会迎来黎明""。回江州城闭关，将造化境异族尸体放静室，斩妖刀震颤渴望吞吸。孟川发现尸体胸口被先辈切割一片（否则伤不了这尸体），斩妖刀贴伤口勉强吞吸一滴金色血液（造化入圣境一滴血比孟川整个肉身更强），半个时辰吞完一滴，一个多时辰后斩妖刀""吃饱""暂停。又一天傍晚，黑袍虚幻身影（黄色眸子、干瘦面孔）踏湖而来，自称妖王""摩南""，邀请孟川夫妇加入妖族：妖族帝君降妖族圣碑给天妖门，承诺功成后人族获一成疆域由天妖门统治，人族废除神魔修行体系改修天妖体系，成为妖族百族之一；神魔可逍遥一生，家人族人后代幸福圆满，只需暗中透露情报留后路。",妖王摩南化身劝降孟川夫妇，揭示妖族圣碑承诺（一成疆域、废除神魔体系）。
风云变色,可有一种妖族，靠承诺而活？,矛盾展现、人物心理,冲突、情感,"柳七月冷斥劝降。摩南以妖族可源源不断派五重天大妖王乃至妖圣、造化尊者也得低头威胁。孟川反驳：妖族弱肉强食，无任何妖族靠承诺活下来；帝君们不违背承诺但后世帝君可撕毁（帝君自相残杀常有）；天妖体系弱于妖王体系最高仅五重天，无法与其他妖族百族并肩；将人族生存希望寄托在妖族帝君脸面上可笑；人族堂堂正正活在自己家园，不愿仰妖族鼻息做狗。摩南称帝君万年寿命保数千年安稳，孟川称新帝君一声令下即可灭人族。孟川断言""这一战人族必胜，所有入侵妖族都得死，终有一天妖族也要血债血偿""。摩南称孟川太盲目，日后再来拜访，化身消散。",孟川以妖族弱肉强食本质驳斥圣碑承诺，坚拒投靠，人族宁死不做妖族走狗。
风云变色,妖族大军,伏笔深化、情节推进,伏笔,柳七月怒斥妖族攻心之策（让神魔失战意、画大饼令战争轻松）。孟川指出妖族攻心因攻打人族世界对妖族也极艰难。孟川回静室，斩妖刀吞吸造化境异族尸体已超一个月（吞吸三分之一，越往后越快）。斩妖刀刀身浮现神魔符纹，吞吸能力大涨，十余息彻底吞吸尸体（仅右爪五柄钩爪残存，弯刀神兵材料）。孟川以斩妖刀激发符纹劈开虚空（封王高境界才能做到，威力超出虚空承受极限），惊叹威力大增，再战元初山主不会那么轻松。妖界山头数千妖王等待命令（近两百处共超百万妖王待命）。五月十九，妖界云雾大船上，星诃帝君与玄月娘娘（三片白色鳞片，三大帝君之一）对话：四重天妖王早已汇聚，百万妖王两月前抵达各世界入口；本欲突袭但消息泄露，人族已弃府县建大城，故细心准备十足把握再动手。,斩妖刀吞吸造化境尸体蜕变（浮现符纹、劈开虚空），妖族准备十足后发动入侵。
风云变色,大型城关'广御关',转折高潮、核心伏笔,伏笔、高潮,星诃帝君称所有四重天妖王配合已细致准备，九渊妖圣去年恢复妖圣实力，半年炼化血魔战甲融入身体（比巅峰还强几分）。玄月娘娘担忧九渊仅一妖圣难敌人族造化境群体及镇族宝物。星诃帝君称暴露后只能以大势碾压：七百四重天妖王偷袭部分城池令崩溃，百万妖王分散袭杀令人族分身乏术。大船降落大型世界入口前（对面两界岛镇守的广御关）。星诃帝君透露九渊妖圣攻打此关的秘密仅他二人知道（四重天妖王在船舱空间封禁不知身处何处，防人族探查）。五月十九落芳岛广御关（大越王朝前五大岛，过两千万人口，广御王镇守，封地制）。广御王（普通封王神魔，两界岛镇守封王中最弱）察觉邋遢老者（九渊妖圣）凭空出现在无间领域内。九渊妖圣血色爪子直接抓出广御王心脏，五道血光令广御王身体膨胀炸裂（临死最高级求援）。九渊妖圣一闪到世界入口，领域粉碎五里范围（数万人死去）。星诃帝君令六百余四重天妖王数息内全部进入人族世界。元初山，秦五尊者卧底（虚幻男子身影）传回情报：已与其他四重天妖王一同进入人族世界广御关，战争已到来。,九渊妖圣炼化血魔战甲击杀广御王破广御关，六百余四重天妖王入侵人族世界，卧底传回情报。
风云变色,元初山的力量,设定揭示、转折高潮,揭示、设定、高潮,"秦五尊者确认九渊妖圣正带手下逃离广御关，令卧底继续当妖族一员传情报。两界岛徐应物尊者、黑沙洞天白瑶月尊者虚影至元初山碰面。徐应物怒斥妖族将两界岛当软柿子，白瑶月淡然称两界岛镇守封王最弱故被选。三方确认：七百四重天妖王为高端战力，百万妖王及无数妖族随时待命。""一瞬千年""秘术未外泄。秦五尊者令按计划出其不意重创妖族。秦五尊者、洛棠尊者至元初山宫殿，唤醒两位护道人（夺舍入身，中年男子元神六层维持肉身一百二十年清醒，黑袍红发女子元神五层维持三十年清醒，不战斗可维持千余年寿命，普通造化境实力）。秦五尊者唤醒九尊护法神兽（傀儡，可永恒存在）。推开大门，大殿内二十六座深蓝色冰块中躺着沉睡的人族强者。",三大宗派尊者碰面，护道人、护法神兽、一瞬千年沉睡封王神魔等人族底牌揭晓。
风云变色,苏醒吧，诸位！,设定揭示、转折高潮,揭示、设定、高潮,"二十六座深蓝色冰块融化，沉睡的封王神魔苏醒。秦五尊者告知如今是妖族入侵第八百五十三年。胖乎乎白发老者""彭牧""、山羊胡老者""云疯子""沉睡九百八十二年（不知妖族存在）。中年儒雅男子造化尊者""李观""（实力最强、年龄最大，离两千年寿命大限不远，大多时候沉睡）解释""一瞬千年""秘术：封王神魔接近寿命大限时沉睡（从天地规则下偷得千年时间），为元初山留战力；妖族入侵两百年后形势未好转，经所有尊者和护道人商议将秘术传给两界岛和黑沙洞天。苏醒的封王神魔眼中充满战意（千年来不同时期诞生的强大封王，如彭牧、云剑海千年前纵横一时，个个四百多岁积累浑厚）。两界岛、黑沙洞天也各自唤醒沉睡封王。李观审阅计划卷宗：大周境内六十一座大城，当代十三位封王加沉睡二十五位封王加九名护法神兽加两名护道人加三位造化尊者加七十三位封侯（造化境战力十位，除三位尊者外皆造化门槛）。李观坐镇元初山（最后希望，逼急灭世独守元初山）。李观惊讶孟川为三大救援神魔之一（秦五尊者、李观元神分身、孟川）。计划立即执行，封王神魔、护道人、护法神兽分赴各地。护道人王善持令牌赴江州城暗中镇守，带飞禽使者给孟川柳七月传令。王善到江州城（人口过两千万），飞禽使者赴孟府传调令。",一瞬千年秘术揭晓（沉睡封王苏醒），造化尊者李观坐镇元初山，护道人王善赴江州城，孟川夫妇收调令。
风云变色,四方调令,情节推进、氛围营造,设定,孟川看调令：仅需救援东宁城、楚安城、长丰城三座大城及八座中型世界入口（八座世界入口已安排神魔，需救援可能性较低）。孟川惊讶仅三座大城，宗派准备超出预料。柳七月调令需随飞禽使者离开（防泄密，使者跟随证明赶路中未外泄消息）。孟川嘱托孟大江、柳夜白看顾孟悠勿离江州城。柳七月随使者飞往西方杜阳城。护道人王善暗中镇守江州城。柳七月到杜阳城，与梅雪侯（沧海魔体，擅长探查近战）联手镇守（凤凰涅槃后为顶尖封王层次神箭手，弱点是涅槃前较弱）。两封侯相互监督，无凡俗仆从。孟川到东宁城（家乡扩建大城，外城四面一百五十里），选择驻楚安城（距东宁城一千一百里、距长丰城一千二百里，居中救援效率最高）。,孟川受命救援三城八世界入口，柳七月镇守杜阳城，护道人王善镇守江州城，孟川选楚安城为救援中心。
风云变色,五重天（祝大家新年快乐！）,伏笔深化、氛围营造,伏笔、设定,安海王（元初山最有望造化境的封王，妖族不敢偷袭）在安海关薛府练武场修炼，收调令：安海关由护法神兽镇守，安海王调往北宿城。真武王（当代元初山第一封王，技艺境界元神不亚于造化尊者，年龄大突破希望渺茫，内定下一任护道人）收调令：真武关由护法神兽镇守，真武王调往离水城。白象王（最年老封王，离一瞬千年沉睡不远）也收调令。三大宗派三个时辰调遣完毕。九渊妖圣在小型洞天内翻看卷宗：仅三位封侯神魔传出情报（两界岛两名、元初山一名，都藏在中型世界入口旁），人族宁降大城镇守力量也要拦截百万妖王。九渊妖圣令二十三位新晋五重天大妖王分别偷袭二十三座大城（四重天妖王先偷袭、五重天后偷袭，一明一暗；封侯神魔镇守则杀光，封王神魔镇守则撤退；五重天妖王安全重要），各行动计划不得外传。九渊妖圣期待帝君谋划令人族彻底崩溃。,三大宗派调遣完毕（安海王、真武王等调离城关），九渊妖圣部署二十三位五重天大妖王偷袭二十三座大城。
风云变色,蓄势待发,氛围营造、伏笔埋设,伏笔、设定,"幽暗殿厅内，乌蛇大妖王等六位四重天大妖王（白眉狼妖王、黑鳄大妖王、红狐妖王、龟壳妖王、鼠妖王）吃喝闲聊，不满帝君逼迫但有立功赏赐期望。使者传九渊妖圣命即刻出发，仅乌蛇妖王知晓任务目标。六妖王在地底以黑风包裹钻地赶路（比音速略快），三个多时辰后抵达——废弃中型城关清雨关（大周境内，有稳定中型世界入口）。乌蛇妖王揭示任务：大量普通妖王将从世界入口杀进来，妖王队伍负责截杀人族神魔保护普通妖王。另一边，荒野孤山之巅长发男子""赵毅""（秦五尊者爱徒，卧底）以虚幻男子身影向秦五尊者传报：四重天妖王队伍抵达清雨关外，任务为截杀神魔保护百万妖王进入。秦五尊者分析：一百一十二支队伍不到一百二十支，中型世界入口超两百座无法全部截杀，妖族第一目标杀封侯神魔第二目标保护百万妖王，需微调加大世界入口救援力量。九渊妖圣小型洞天内，黑袍身影报告一百一十二支队伍及二十三位五重天大妖王均已抵达蓄势待发。九渊妖圣令""开始吧""，黑袍人（名""北觉""）陪同观看战果。",妖王队伍地底潜行至各城关世界入口蓄势待发，卧底赵毅传回情报，九渊妖圣发出进攻号令。
风云变色,起始,转折高潮、战斗描写,战斗、高潮,北河关世界入口，数十名妖王（多二重天、七位三重天）涌入人族世界。千影侯（八字胡男子）从地底走出，三十六道刀光收割百余妖王（两名逃回）。六名四重天妖王以火焰世界、幻术围攻千影侯。黑沙王朝角星城（千万人口大城），银发老妇人与中年人（黑沙洞天刀戈殿封侯，器械金属丝领域）等待，东城墙遭五名大妖王（银色巨猿、象妖双斧、雷霆飞禽、猫妖王、龟妖王）攻打屠戮凡人。银发老妇人（技艺境界不亚于封王但身体衰老无法突破，施禁术有普通封王战力）化剑光迎战，中年人布置金属丝战斗领域。暗处五重天蝎妖王蛰伏观察，判断仅两名封侯神魔可动手。九渊妖圣一声令下，天下各地妖王队伍同时发动进攻。楚安城钟楼屋顶，孟川从昨夜等待至今，感应北城墙妖力爆发，战争开始。孟川速度飙至极致直奔北城墙，第一瞬间动用荡魂钟，决心速战速决。,第一波攻势全面爆发，千影侯遭围攻，角星城两封侯战五妖王加五重天蝎妖王暗袭，孟川赶赴楚安城北城墙。
风云变色,媲美五重天,战斗描写、爽点设置,战斗、爽点,楚安城北城墙，翼蛇大妖王（法域境、元神三重天，实力媲美普通五重天，队伍领袖）凌空而立，九头狮妖王（妖圣后裔、巅峰四重天）、黑衣蜘蛛女妖（白色蛛丝）、羊妖王（双弯刀）、花妖王（花香神通）、地底老龙龟（水雾领域）现身屠戮凡人。孟川凭空现身，荡魂钟冲击元神，羊妖王（元神一重天最弱）失控。花妖王神通金光助同伴清醒。孟川一刀贯穿羊妖王头颅（肉身瞬间化粉末）。孟川瞬移至翼蛇大妖王面前，翼蛇大妖王法域境挡住一刀但被煞气沾染（冰冷冻结意识，体表鳞甲浮现妖纹抵抗）。孟川第二刀快得可怕，斩妖刀刺穿翼蛇大妖王头颅，化作齑粉。不足一息，孟川杀羊妖王、翼蛇大妖王两大强者。剩余四妖王惊呆，老龙龟令逃。孟川一闪至蜘蛛女妖面前一刀当头劈下。,孟川一息内杀羊妖王、翼蛇大妖王（媲美五重天），荡魂钟加煞气加斩妖刀速杀。
风云变色,心疼,战斗描写、情感展现,情感、战斗,"蜘蛛女妖被刀光贯穿头颅化齑粉。九头狮妖王、花妖、老龙龟钻地逃。孟川眉心雷霆神眼睁开（雷磁领域笼罩），施不灭神甲（体表毫光、虚空塌陷），挥手两道煞气追九头狮妖王和花妖，自身追老龙龟。老龙龟施水雾领域拦截。九头狮妖王施分身术一分为九（一道迎煞气，八道逃，元气大伤）。煞气一分为八追分身。花妖眉心绿色波动影响孟川（元神四层不受影响），被煞气冻成粉末。孟川追上老龙龟，斩妖刀轻易刺穿龟壳吞吸血气化粉末。孟川收战利品冲出地表，收翼蛇大妖王等物品。整个战斗约五息。南云侯、铁花侯（英姿飒爽女子）赶到时战斗已结束，惊叹孟川实力（当初亲眼看他参加元初山考核，如今实力在他们之上）。孟川令牌显示东宁城、长丰城绿色求援（最低等），朝东宁城飞去。飞三百余里，令牌现血色求援——银湖关（八座中型世界入口之一）。孟川急转弯全力赶赴。小型洞天内，九渊妖圣和北觉看地图光点接连消散，九渊妖圣脸色难看""比预料的要糟""。元初山上，李观尊者、洛棠尊者、秦五尊者看大周疆域虚幻场景，虚幻身影接连消散代表神魔身死。已战死五位封侯神魔、八位大日境神魔，又六位封侯、七位大日境。洛棠尊者心疼后悔建太多城，李观尊者称凡人是人族根本必须保证人口。秦五尊者眼睛微红（消散身影多为弟子），李观真身坐镇元初山，元神分身和秦五尊者真身都在救援。",孟川五息灭妖王队伍（九头狮妖王分身逃走），银湖关血色求援，尊者们心痛神魔接连战死。
风云变色,东宁侯孟川，你无路可逃！,战斗描写、转折高潮,战斗、高潮,孟川全力赶路七百里至银湖关（仅十息），发现世界入口周围大量妖王及人族神魔尸体（三具大日境神魔，元初山无法每处世界入口都派封侯）。孟川雷霆神眼探查地底，发现两具神魔尸体及妖王追杀活着的神魔。大日境神魔魏铖地底逃命绝望（队伍八名大日境三名媲美封侯门槛，遇六名四重天妖王联合媲美普通封王，方师兄等三位没来得及钻地即死）。孟川以暗星真元怒喝引妖王注意，六名四重天妖王放弃追杀大日境神魔包围孟川（杀一名封侯比杀二十名大日境吸引力大）。孟川故意示弱，与牛妖王（近十丈、长棍）刀棍碰撞隐隐吃亏，施飞燕式出刀劈伤牛妖王，最终一刀从耳朵刺入头颅毁成浆糊。牛妖王一巴掌拍飞孟川（咳血但激动喜色），牛妖王毙命。另外两名牛妖王（三兄弟）及触手女妖、蛇妖王、狐妖王包围孟川。孟川脸色大变疯狂朝上方逃窜引妖王全力阻截。,孟川赶至银湖关救神魔，故意示弱杀牛妖王老大引其余五妖王围攻，欲一锅端。
风云变色,西海侯,战斗描写、人物引入,人物、战斗,"孟川满意妖王围攻（若一现身就展露碾压实力，妖王分散逃只能杀一半）。斩妖刀刺触手化齑粉，触手女妖化齑粉。荡魂钟冲击（两名牛妖王元神一层浑浑噩噩），两刀贯穿头颅化粉末。蛇妖王（毒雾领域）、狐妖王（幻术无用）惊呆欲逃。孟川施神通天怒（一成雷电封王层次，最快出招）雷电劈狐妖王成黑炭。孟川追蛇妖王，一息后斩妖刀下化齑粉。全队尽灭。孟川飞出地表收五具神魔尸体入洞天法珠。令牌东宁城绿色光晕陡变血色——生死求援。孟川惊愕（之前一切掌控中），全力冲向东宁城（银湖关距东宁城一千零五十里，约二十息）。东宁城南城废墟，青鳞妖王（五重天大妖王，帝君赐秘宝）左爪捏碎紫雨侯心脏，以无形波动杀紫雨侯。青鳞妖王令六名四重天妖王离去（五重天独战）。西海侯（持剑中年男子，阎家神魔世家，当代一封王三封侯）悲痛。青鳞妖王劝降西海侯：服用妖丹投靠妖族，以西海侯身份潜伏人族，将来率家族归附享尽权势。西海侯拒绝（""人不为己天诛地灭""被反驳）。青鳞妖王给十息考虑。",孟川全灭银湖关妖王队伍，东宁城血色求援，五重天青鳞妖王杀紫雨侯劝降西海侯。
风云变色,赶到,转折高潮、情感展现,情感、高潮,"西海侯回忆一生（阎家封王世家、妻子恩爱、儿子阎赤桐比他修行快），准备赴死（""夫人恕我无法再陪你走下去""）。十息到，西海侯施神魔禁术剑术迎击，青鳞妖王一只右爪轻易破解剑法（力量速度境界全面压制），西海侯化七道身影被逐一破解。孟川全力赶到，刀光从塌陷扭曲虚空飞来（快到匪夷所思，刀刃切割虚空黑色裂缝），青鳞妖王转爪拍刀光，一碰即分。孟川带西海侯暴退，体表毫光令虚空塌陷。孟川庆幸赶上（紫雨侯死得早来不及）。西海侯传音提醒青鳞妖王虚空丝线诡异（杀紫雨侯手段）。孟川令西海侯先走（留下影响孟川），西海侯判断孟川有封王层次实力即远去。青鳞妖王不理西海侯（孟川价值更高），孟川透过令牌发最低等求援（遇厉害对手一切掌控中，等师尊有空来拿）。青鳞妖王暗中以虚空丝线逼近孟川（暗星领域、雷磁领域、元神领域都未发现，丝线如虚空一部分）。",孟川赶到救下西海侯，五重天青鳞妖王以虚空丝线暗算孟川（诸领域未发现）。
风云变色,大战,战斗描写、转折高潮,战斗、高潮,不灭神甲令百丈虚空扭曲塌陷，虚空丝线潜行吃力，三丈距离暴露。青鳞妖王令六根虚空丝线近距离绞杀，一根划破暗星领域防护及不灭神甲伤孟川左臂（瞬间愈合）。孟川惊讶能破不灭神甲，青鳞妖王惊讶帝君秘宝只伤孟川（肉身媲美五重天妖王）。孟川身影消失，刀光从虚空袭来（不见人只见刀光），青鳞妖王被迫闪躲抵挡，煞气从刀光蔓延（冰冷令动作稍缓，实力下降部分）。青鳞妖王挥双爪加虚空丝线挡住每一刀。孟川发现妖王招数玄妙境界在己之上又有奇兵器伤不了。双方厮杀余波骇人（虚空丝线切割百余丈，煞气冻结万物死寂），凡人仓皇远逃。西海侯二十里外观看（一人化百人围攻，一对一孟川略占上风）。孟川施心刀式力道钻入青鳞妖王体内，趁机近身。青鳞妖王额头紫色小独角化作紫色流光袭孟川额头（三丈距离比孟川身法快），破暗星领域及不灭神甲轰出血窟窿。孟川额头血窟窿如水流合拢丝毫无损（肉身每粒子有元神念头，生命力强于五重天妖王）。青鳞妖王震惊。孟川挥斩妖刀爆发耀眼雷霆（神通天怒，三成雷电融入一刀）超近距离怒劈青鳞妖王。,孟川与五重天青鳞妖王大战，不灭神甲被破但瞬间愈合，神通天怒雷电怒劈青鳞妖王。
风云变色,十八截,战斗描写、爽点设置,战斗、爽点,神通天怒极限一击（三成雷电汇聚一刀），青鳞妖王鳞甲缝隙渗血、全身麻痹发蒙。孟川斩妖刀劈中（虎啸式最暴烈一刀，切割虚空缝隙），从腰部劈入近半卡住（肉身太坚韧）。煞气沿伤口钻入体内冻结威力大增。青鳞妖王慌欲逃。孟川再施神通天怒（第二次极限爆发），雷电贯穿全身透过伤口破坏更大。孟川一刀将青鳞妖王从腰部一刀两断，下半身被煞气冻成冰块。孟川疯狂围砍，一刀斩左臂（冻成冰雕），再砍一截。青鳞妖王急称水遁神通被煞气克制（化水即被冻住），实力发挥不出三成，被分成十八截尽皆冻成冰雕无法反抗。头颅单独冻着还能开口求活命。孟川撤销求援（告知元初山麻烦已解决），以斩妖刀吞吸十七截身体（活肉会反抗，吞吸较慢），半盏茶后仅剩头颅。孟川将头颅收入洞天法珠（冰冻头颅在洞天内时刻监控），收战利品及紫雨侯尸体。战斗波及两三里范围化作白茫茫齑粉。孟川感叹五重天大妖王难杀，斩妖刀蜕变后才算顶尖封王战力，大战中作用有限。西海侯飞来询问妖王死活。,孟川两次神通天怒加虎啸式将青鳞妖王劈成十八截冻成冰雕，吞吸十七截活捉头颅。
风云变色,死伤,矛盾收束、情感展现,冲突、情感,孟川称五重天妖王难杀但已活捉（战后交元初山），将紫雨侯尸体交给西海侯（悲恸），离去查看其他地方。秦五尊者如剑划过长空，百里外凝剑气斩杀六名四重天妖王（十三剑煞魔体，四重天妖王对其很弱小无需放剑煞），周围两千里城池都已撤销求援。秦五尊者感叹人族损失惨重，盘膝山顶待命。第二天天亮，卧底赵毅传报：各支妖王队伍几乎都回到九渊妖圣洞天，暂时停止攻势。妖王们汇报遭遇封王神魔偷袭（无间领域靠近近距离偷袭），一支队伍能逃回两三个算不错，有些整队覆没，估测损失约一半。秦五尊者令继续盯。九渊妖圣洞天内，妖王们交流经历：白眉狼妖王、红狐妖王遇真武王（人族封王数一数二，能和妖圣掰手腕）仅逃回两个；猪妖王遇孔雀异兽（护法神兽，数百道金光封王层次袭击）逃回两个；另一队遇异兽（媲美巅峰五重天，嘴一张天地漆黑）仅一活。北觉向九渊妖圣汇报：人族城池绝大多数由封王层次战力镇守，仅极少数封侯联手镇守；元初山可确定救援者为秦五尊者、李观尊者、真武王、明玉王、东宁侯；黑沙洞天救援者为白瑶月尊者、蒙天戈尊者、通冥王、熔火王（明玉王、熔火王为五六百年前封王，近千岁）。九渊妖圣令仔细查人族损失及真实实力，禀报帝君们决定。,第一波攻势结束，妖族损失惨重（约一半），撞上人族古老封王神魔及护法神兽等底牌，九渊妖圣令调查人族损失。
风云变色,希望,情感展现、情节推进,情感,北觉称人族损失估计不大。九渊妖圣沉默，妖族攻城撞铁板，五重天大妖王亦有折损，令先查清人族损失及真实实力再禀报帝君。北觉感叹人族竟让古老封王活到接近寿命大限（妖族无法令古老存在远超寿命大限）。傍晚，孟川飞行高空看东宁城四大城门凡人进出。秦五尊者到来，称大城是野外凡人的希望（卖粮高价、买衣物兵器秘籍、送子女入道院），无大城则凡人沉沦黑暗，且大城为驻点才能调动地网探查天下。两界岛妖祸严重（人族妖族几乎并存），元初山和黑沙洞天帮不到。孟川感叹变化太快（少年时天下太平，数十年放弃城关、坞堡、府县）。秦五尊者称妖族损失惨重需更充足准备才发动下次攻势。孟川报告战果：楚安城杀五逃一，银湖关杀六，东宁城活捉五重天青鳞妖王头颅，共解决十一位四重天妖王加一位五重天大妖王。秦五尊者收头颅，感慨五重天大妖王狡猾（封王镇守则退，封侯镇守则偷袭），战死封侯几乎都死在五重天大妖王手里。孟川判断五重天妖王是四重天时进来再突破。秦五尊者令孟川继续地底追杀妖族，可住江州城。柳七月仍需镇守，夫妻只能书信往来。柳七月信中悲痛师父天星侯战死。孟川回信告知战死封侯十二位（十一位死在五重天大妖王），妖族损失更大。孟川看窗外明月彷徨，看不清战争尽头。,孟川交战果（十一四重天加一五重天活捉），秦五尊者令继续地底追杀，柳七月师父天星侯战死，夫妻书信往来。
风云变色,世界间隙（本集终）,核心伏笔、转折高潮,伏笔、高潮,一年过去，百万妖王透过更多小型世界入口悄悄分批潜入（分散慢潜入最难阻拦），人族神魔太少单独行动易被截杀。孟川在湖心阁看女儿练剑，妖王越来越多，有求援即赶去截杀。女儿孟悠剑气纵横威势大涨，十五岁悟出剑势（比儿子孟安慢两年但仍优秀），孟川令她写信告诉母亲。孟悠问能否入元初山，孟川称足矣（十五岁悟势一般排前一二）。半月后孟川送孟悠上元初山，秦五尊者称其有成封侯潜力。秦五尊者告知元初山加大招收弟子规模：人妖胜负在最近一两百年，苏醒封王寿命仅剩数十年强势期维持不了太久。孟川问数十年后封王老死怎么办，秦五尊者称有安排保证大城百年安全。妖界寒冰宫殿，三大帝君（星诃帝君、玄月娘娘、鹏皇）议定：经一年探查，人族多出约六十名古老封王（一两百年至七八百年前的封王，寿命仅剩数十年）；妖族无假死秘术而人族有；耗百年令古老封王老死，偶尔攻城逼其维持镇守；世界间隙已开始形成（时空长河中两座世界接近为大势所趋），世界入口将越来越多，妖族三年内妖王破百万，每年补充数万；帝君们图谋沧元祖师遗留宝藏（名传时空长河诸世界，帝君们忌惮畏惧，势在必得，一生最大宝藏）。九渊妖圣洞天内，北觉传达帝君百年消耗战略：用百万妖王逼古老封王不敢假死，世界间隙已成则人族逃不掉。九渊妖圣了然百万妖王仅用来耗时间，古老封王在时间面前不值一提。本集终。,孟悠入元初山，三大帝君议定百年消耗战（耗死古老封王），世界间隙形成（人族逃不掉），帝君图谋沧元祖师遗留。
世界间隙,离水道院文院长,人物引入、情感展现,人物、情感,"离水山脉（连绵数百里，坞堡废弃后十万人分散居住）遭青皮肤丑陋三重天妖王袭击山谷。离水道院院长文芳（不灭境神魔，炼体一脉，灭妖会成员）持枪迎战，断一臂、胸口两个血窟窿心脏粉碎仍搏杀。孟川地底探查时感应妖力爆发冲出地面，一刀斩杀妖王。孟川以随身丹药救活文芳（心脏重新长出、断臂再生）。文芳自报""灭妖会""背景（灭妖会主是第九位造化尊者，散修），在离水山脉建道院教导少年。孟川感叹文芳为十万凡人破釜沉舟。",文芳院长登场（炼体神魔、灭妖会、离水道院），孟川地底探查救人。
世界间隙,潜入,核心伏笔、设定展开,伏笔、设定,孟川与文芳交谈后离去，留下妖王遗物给离水山脉。场景转至海面，八年前形成的小型世界入口飞出俊美黄袍男子（妖圣黄摇，夺舍潜入人族世界），计划先提升至四重天再见九渊、北觉。两时辰后黄摇（已达四重天）至九渊妖圣小型洞天，与九渊妖圣、黑袍身影（北觉，擅长秘术）会合。黄摇透露世界间隙已出现、正在形成中，将使两世界联系更紧密、入口更多，众多妖圣正寻找适合肉身夺舍进入人族世界。三人商议待恢复五重天后进入世界间隙（最高容纳五重天大妖王），但忌惮人族顶尖封王神魔（真武王、明玉王、通冥王有初入造化实力），元初山还隐藏两位不亚于真武王的古老封王（彭牧、云剑海，千年前最强两位封王）。孟川收到元初山召见令牌，飞往元初山，先看儿女（孟安练枪法两年未练成轮回神体），洞天阁见到安海王（晏烬、薛峰之父，冷漠傲然）、薛峰。,妖圣黄摇夺舍潜入人族世界，世界间隙概念首次出现，元初山隐藏古老封王伏笔，孟川被召见。
世界间隙,人选,设定揭示、矛盾展现,冲突、揭示、设定,"洞天阁庭院内，李观尊者、秦五尊者、洛棠尊者虚影商议。洛棠尊者反对派孟川进世界间隙（少杀数万妖王），秦五尊者力主（磨刀不误砍柴工，孟川成封王+滴血境后地底探查范围大增，一人追杀妖王超越天下所有神魔），李观尊者赞同。洛棠尊者指出孟川刀法天赋不高（封侯十三年仍道之境大成，离巅峰都差不少）。三人定下""五十年内必须让孟川成封王""。李观尊者向真武王、安海王、孟川、薛峰、阎赤桐五人宣布送入世界间隙。李观尊者解释世界间隙：两个世界在时空长河中碰触叠加形成，人族世界历史上第一次出现，形成过程短则数十年长则数百年，形成中会有""奇物""诞生（世界诞生时才有的）。",三大尊者决定派五人入世界间隙，世界间隙设定展开（时空叠加、奇物诞生），孟川刀法天赋不足但速度地底探查天赋须不惜代价培养。
世界间隙,进入世界间隙,设定展开、情节推进,设定,李观尊者继续说明世界间隙扭曲折叠，范围有人族世界七成大小，形成中时空长河力量塑造世界会有奇物诞生（世界诞生时才有）。世界间隙最高承受封王神魔，造化尊者无法进入，妖族也会派五重天妖王进入。真武王庇护孟川、阎赤桐，安海王庇护薛峰。修行时间一年。三位尊者给五份情报卷宗。孟川写信给家人。两时辰后，元初山无名山峰上，李观尊者挥拳打破人族世界膜壁再破世界间隙膜壁（五六丈空洞），五人进入。妖界方面，白毛狮妖老者送蛟龙大妖王、火凤大妖王、牛妖王三名巅峰五重天大妖王进入世界间隙（已有至少十位大妖王进入）。五人进入世界间隙，身体轻飘飘，天空暗红扭曲，地面有黄金白银宝石矿石。,世界间隙设定深化（七成大小、封王上限），五人进入世界间隙，妖族三妖王同期进入。
世界间隙,天地断裂,环境铺陈、设定揭示,揭示、设定,"真武王解释人族三大宗派仅派三支队伍入世界间隙，妖族五重天妖王可尽情进入（数量远超人族）。安海王冷漠要求三封侯不可插手战斗。远处天穹出现巨大裂痕，透过裂缝看到幽暗——世界膜壁之外是时空长河。真武王描述眼中时空如""千层饼""（千里大地仅是千层饼一层的一颗小芝麻），安海王描述眼中时空如""汹涌浪潮无穷无尽混乱无序""，真武王评价安海王天纵之才只等元神突破即造化。两道星光坠落，真武王、安海王各取一块血魄石（世界诞生时常见之物，可当神魔血池原材料，足够上万神魔闯生死关，价值上亿功劳）。又飞行数千里见巨大幽暗漩涡（世界膜壁延展处），真武王看走神。继续飞行见天地彻底断裂：幽暗中有紫色雷霆不断劈下如雷电大树，黑白气流引动幽暗力量化作五光十色世界膜壁不断延伸。",天地断裂创世场景展开（紫色雷霆、世界膜壁延伸），封王神魔眼中时空长河（千层饼/汹涌浪潮），血魄石奇物获取。
世界间隙,修行,悟道、氛围营造,修炼、设定、爽点,"孟川被天地断裂创世场景震撼，紫色雷电是创世力量也能灭世，一道电蛇都能将他劈成齑粉。孟川感悟心意刀仅得""快""字，在创世雷霆面前稚嫩弱小，发现雷霆灭世魔体在力量、破坏方面的缺陷。真武王称世界诞生蕴含无尽奥妙，悟出少许可成造化境，造化尊者一生都不一定能看到世界间隙。五人沉浸修炼：孟川追求刀法""更狠更决绝更快""如劈开幽暗的紫色雷霆，困惑""如此之狠如何阴阳结合""；真武王修阴阳期盼返老还童突破造化（三成把握，圆满则十成）；安海王观开天辟地力量令天劫剑配得上""天劫""二字。月余后远处爆炸，百余倍狂暴紫色雷霆劈下引出十余道星光，为首星光最耀眼璀璨引动五色彩带。真武王、安海王发现重宝，同时察觉妖族（黑风大妖王、白云城主）被吸引来。",五人观看世界诞生修行，孟川感悟心意刀缺陷与方向，重宝降临引出妖族。
世界间隙,我带你们飞,战斗描写、爽点设置,战斗、爽点,"真武王传音告知来者是妖族巅峰五重天黑风大妖王（百丈黑熊，肉身曾硬抗妖圣）与白云城主（高瘦白发俊美，虚空神通），隐匿手段高明。时空浮冰是传说级宝物（世界诞生时时空长河力量与世界诞生力量碰撞偶然形成，对帝君都有大用处），必须得到。白云城主虚空神通感应到五个生命（两封王三封侯），决定先夺时空浮冰再避让。安海王在前，真武王带三封侯在后，速度不及妖族。孟川传音""我带你们飞""，以暗星领域裹挟真武王、阎赤桐、薛峰三人飞行，速度暴涨化闪电，一息超过安海王。安海王隔百余里出天劫剑剑芒（威力仅近战三四成），数十道剑芒劈在黑风大妖王熊掌上仅伤皮毛瞬间愈合。安海王惊愕于孟川带三人速度远超自己。",时空浮冰争夺战开始，孟川速度冠绝天下带三人飞行超越安海王，黑风大妖王肉身强横展现。
世界间隙,时空画面,设定揭示、核心伏笔,伏笔、揭示、设定,"妖族惊骇孟川速度（比很多妖圣都快）。孟川带三人速度发挥超八成（一闪身十五里），真武王领域辅助降低负担。孟川近看时空浮冰，幽暗浮冰上浮现画面：白发孟川独坐城头饮酒，酷似孟安的成熟男子行礼；白发孟川持斩妖刀冰冷看安海王，安海王癫狂笑。真武王收起时空浮冰，告诫孟川时空浮冰显示的是不同时空走向可能，造化境才能勉强使用，对孟川只有害处无好处，""过去不可改变但未来终究未知""。白云城主施展""白云乱""（九千白羽遮掩三根真羽毛杀招），真武王领域直接碾碎九千白羽仅剩三根。黑风大妖王近距离扑杀。真武王原地轰出两拳灰蒙蒙拳影：第一拳贯穿黑风大妖王熊掌与头颅（血肉化作虚无），第二拳将白云城主整个肉身包括双翼彻底粉碎湮灭（尸骨无存）。安海王震撼真武七绝之强。",孟川观时空浮冰见未来画面（白发、与安海王为敌），真武王两拳灭杀白云城主、贯穿黑风大妖王，真武七绝展现。
世界间隙,分宝,战斗描写、设定揭示,战斗、揭示、设定,黑风大妖王见白云城主被一拳灭杀惊惧逃遁。真武王施展阴阳盘（半径十里，黑白二色旋转，交界处灰蒙蒙力量），黑风大妖王被困其中，体表浮现血色符纹抵抗，真武王灰蒙蒙巨大手掌下压，黑风大妖王被阴阳盘旋转七次彻底粉碎毙命（血肉消磨成齑粉）。孟川、阎赤桐、薛峰震撼。安海王判断真武王境界已超越雁水王，即便算上苏醒的古老封王神魔也是数一数二。真武王让三封侯各自取宝（各取三件），时空浮冰功劳由真武王与孟川平分（安海王拒绝分功）。薛峰得一件冰莲花奇物（冰火同源），请安海王判断是否适合七弟晏烬修行。,真武王阴阳盘七转绞杀黑风大妖王，分宝与功劳分配，薛峰冰莲花奇物为晏烬埋线。
世界间隙,薛峰的请求,情感展现、伏笔埋设,伏笔、情感,"安海王确认冰莲花适合晏烬。薛峰大喜告退。孟川修炼刀法，元神已达元神四层（不亚于诸多封王神魔），但技艺境界进步慢。孟川目标：元神五层时达法域境，修炼滴血境（肉身比黑风大妖王强，雷磁领域范围更大，一天杀妖王过千，一人影响战争局势）。薛峰请孟川帮忙将冰莲花以孟川名义转交晏烬（晏烬对薛家敌视，不会接受薛家宝物，但认孟川这个至交好友）。孟川答应。孟川对时空浮冰中白发与安海王为敌的画面心存戒备。两月余后阎赤桐突破，枪法走火极一脉（放弃两界神体水火兼修），达道之境巅峰，真武王认同""适合自己的才是最重要的""。",薛峰托孟川转交冰莲花给晏烬（兄弟情），孟川对时空浮冰未来画面戒备，阎赤桐改火极一脉突破道之境巅峰。
世界间隙,镇宗绝学,设定揭示、转折高潮,揭示、设定、高潮,真武王嘱咐阎赤桐三十年内达法域境、九十岁前成元神三层封王神魔（过九十岁生机下滑）。半年后薛峰练剑时天地震颤，十里范围被黑光笼罩（黑光下一切颤栗）。孟川辨认出是黑沙洞天镇宗绝学《金风十五剑》（配合黑沙魔体，帝君级绝学），惊叹薛峰一个元初山弟子练成黑沙洞天最难绝学。真武王解释三大宗派镇宗绝学：两界岛《阴阳诀》配合两界神体、黑沙洞天《金风十五剑》配合黑沙魔体、元初山《五方掌》配合元初神体，均为帝君级。人族最强是沧元祖师《轮回》配合轮回神体。孟川《心意刀》仅心刀式帝君级，算半步帝君级。薛峰入法域境即练成金风十五剑，真武王评价若在黑沙洞天可成造化尊者甚至有帝君希望，预言黑沙洞天可能想招薛峰过去。安海王第一次重新认识儿子。,薛峰练成黑沙洞天镇宗绝学《金风十五剑》达法域境，三大宗派镇宗绝学体系展开，安海王重新认识儿子。
世界间隙,放纵,人物心理、伏笔深化,伏笔、情感,"孟川认识到与阎赤桐（小五岁先达道之境巅峰）、薛峰（大五岁达法域境）的差距，但不妄自菲薄，明确自身优点（元神天赋）与缺点（技艺境界慢），目标成滴血境追杀天下妖王。真武王暗赞孟川""心定如山""利于修行。安海王视孟川天资为三封侯中最差。第九个月孟川刀法突破引起注意（阎赤桐、薛峰切磋皆被孟川虐，顶尖封王实力远超二人）。真武王受三位尊者暗中嘱托""不惜一切代价保孟川周全""（孟川将来成封王追杀妖王一人超越天下所有神魔）。孟川对突破法域境困惑，决定最后两三个月""放纵""绘画。孟川从洞天法珠取出大石切割成画案石凳，拿出颜料纸张画笔。众人惊愕孟川在世界间隙绘画。",孟川认清差距定心修行，真武王受嘱托保孟川，孟川决定放纵绘画雷霆。
世界间隙,画'雷霆',悟道、设定展开,修炼、设定、爽点,"众人对孟川绘画不赞同（世界间隙修行时间宝贵），但孟川以画道圣手天赋直指紫色雷霆本质。孟川自知封侯神魔眼中时空长河是幽暗，所见紫色雷霆仅真实一部分，决定分多幅画从不同角度描绘。第一幅""毁灭之无尽相""（三千电蛇结合成雷电大树，一天半）。第二幅""毁灭之归一相""（一道雷霆穿透层层幽暗，近一天）。此后一幅幅风格迥异：生命之寂灭相、虚空之无我相、虚空之九天相、电闪之分波相等。第十五幅""电闪之游龙相""最复杂耗时六天（数千电蛇各有轨迹潇洒肆意宛如一体）。二十三天画成十五幅雷霆画，孟川喝酒欣赏。元神在绘画中持续绽放光芒（引起元神缓慢蜕变）。",孟川画成雷霆十五相（十五个角度描绘紫色雷霆本质），元神缓慢蜕变，画道圣手天赋展现。
世界间隙,什么是天赋？,悟道、转折高潮,修炼、高潮、爽点,"孟川绘画后元神积累更浑厚但未突破（元神五层是造化门槛，极难）。孟川欲拔刀时发现刀法练偏了——画出雷霆十五相后对雷霆有了自己认知，心意刀只是雷霆一方面，郭可祖师认知与自己不同，硬学只会越走越偏。孟川决定以自己认知修刀法，以雷霆为师。孟川想起看过《天地游龙刀》（游龙尊者叶鸿所创，三门雷霆快刀中威力垫底但身法第一），其本质是雷霆十五相的""虚空之九天相""与""电闪之游龙相""，刀法身法犹如画笔作画。孟川修炼天地游龙身法，有飞燕式基础加之对雷霆认知，一日千里，第一天就像模像样。大半个月即达道之境巅峰，极限爆发一闪身二十五里（心意刀飞燕式仅十九里）。孟川悟出""天赋是对本质的领悟""，绝世奇才凭冥冥感觉前进，孟川凭准确认知前进，在雷霆一脉天赋从普通天才跃升超越绝世奇才。",孟川认知雷霆后改修《天地游龙刀》，大半个月达道之境巅峰，速度一闪身二十五里，悟出天赋本质。
世界间隙,大动静,环境铺陈、情节推进,设定,孟川对突破法域境有了方向但路仍长，打算回元初山后翻阅更多雷霆一脉绝学典籍（汲取前人智慧结晶）。真武王注意孟川绘画后修炼经常美滋滋笑（以为放松了）。第十个月大地震颤，真武王闭眼以领域感应，指出源头三千三百里外。安海王判断世界诞生中大动静定非小事。真武王让孟川带众人赶路。孟川带人飞行速度达一闪身二十里（带人），安海王震惊（速度又提升），真武王惊讶比抢时空浮冰时更快。五人抵达，见一座山从地底缓缓升起散发五彩紫气。安海王、真武王判断本源宝物出世。,大地震颤引出本源宝物出世，孟川速度再提升（带人一闪身二十里），本源宝物登场。
世界间隙,本源宝物,设定揭示、矛盾展现,冲突、揭示、设定,"真武王以领域无法渗透本源紫气护住的大山。真武王知孟川有随身小型洞天（珍贵无比，五亿功劳，安海王、阎赤桐、薛峰震惊）。真武王让三封侯躲进洞天最安全，安海王留下孟川协助夺宝（速度关键）。本源宝物重要性在时空浮冰之上，元初山急需，蕴含世界本源力量（世界万物生长根基）。妖族黑浪滚滚而来，蔓延数百里，黑袍龙首老者毒龙老祖与红色鳞甲羊角妖王血修罗前来（妖族五重天最耀眼五位之二，有妖圣门槛实力）。真武王介绍：血修罗修域外修罗体系肉身强横近战极可怕曾与妖圣正面搏杀不落下风，毒龙老祖将肉身借域外异宝修炼成黑水毒潭不死之身剧毒无比曾困住侵蚀妖圣。毒龙老祖透露三个月前刚放过黑沙洞天熔火王与白钰王。安海王被毒龙老祖称""小辈""愤怒。",本源宝物设定展开（世界本源力量），毒龙老祖与血修罗登场（妖族最耀眼五重天之二），孟川小型洞天暴露。
世界间隙,救命之恩,战斗描写、转折高潮,战斗、高潮,"真武王守真武领域不主动出击，让毒龙老祖、血修罗来攻。毒龙老祖化黑水毒龙冲入领域，血修罗从龙口中杀出。安海王主动迎血修罗，真武王以灰蒙蒙手掌对付毒龙。安海王天劫剑压制血修罗刀法（剑法更高明威力更强），但血修罗修罗战体鳞片裂开瞬间愈合，安海王劈二十剑仅轻伤，血修罗一刀擦过即重创（三道刀伤有邪异力量无法愈合）。血修罗施展杀招：燃烧两成血气化三道血色刀影围杀+正面一刀切割半里长虚空裂缝。安海王危急退逃。孟川施展神通天怒（一次汇聚五成雷霆，媲美巅峰封王一击）劈中血修罗，令其麻痹慢了一丝，安海王趁机遁逃。安海王向孟川道谢""救命之恩""。隐藏的火凤、妖龙、牛妖王三妖王观望，商议等两败俱伤后夺宝。",安海王被血修罗血气秘术克制险死，孟川雷霆救安海王（救命之恩），火凤三妖王隐藏观望。
世界间隙,十绝灭世,战斗描写、转折高潮,战斗、高潮,"安海王警告血修罗血气秘术可引动体内血气（无间领域真元护体无效），三道血色刀影若渗透体内麻烦更大。真武王提醒安海王离开人族世界后护身秘宝""赤云天""无法使用（最顶尖宝物有力量源泉，离开家乡世界即隔绝）。毒龙老祖以元神兵器血色飞矛刺孟川识海（情报过时以为孟川元神一二层），孟川元神四层以荡魂钟挡住（毒龙老祖元神五层，差距对实力无影响）。毒龙老祖黑龙长出八条脖颈成九头毒龙，三个头颅针对孟川。血修罗燃烧血气三道血色刀影杀向孟川。安海王施展天劫剑未完善招数""春秋劫""（影响时间流速，毒龙血修罗速度慢数倍），真武王先七掌""覆天掌""（论力量最强）轰飞九头毒龙，再施禁招""十绝灭世""（真武七绝之灭绝拳禁忌施展，十拳合一化灰色光柱），血修罗来不及逃被彻底湮灭（鳞甲筋骨粉碎头颅粉碎尸骨无存）。",真武王十绝灭世禁招灭杀血修罗，安海王春秋劫影响时间辅助，孟川元神四层挡毒龙老祖元神攻击。
世界间隙,争夺,战斗描写、爽点设置,战斗、爽点,"血修罗毙命连储物宝物都湮灭仅留战刀。真武王脸色发白（十绝灭世伤丹田空间需慢慢恢复）。火凤、妖龙、牛妖王三妖王震惊，商议只等机会夺宝就溜。大山停止上升本源紫气收敛，半山腰一道白光冲天而起（隐隐有眼鼻如利剑，速度快得可怕）。毒龙老祖黑水凝黑龙拦截。真武王元神传音""抢""。孟川带真武王、安海王速度飙升（一闪身二十二里，如画笔作画般美感）扑向白光。火凤带妖龙、牛妖王以妖龙神通""虚空领地""（定住虚空成领地）穿过黑水阻隔俯冲。孟川身法先一步拦截白光，真武王灰蒙蒙气劲包裹收入虚空手环。三人夺宝成功。",本源宝物出世，孟川天地游龙刀身法（一闪身二十二里）先一步夺宝成功，妖龙虚空领地神通展现。
世界间隙,牵制,战斗描写、矛盾爆发,冲突、战斗,"火凤三妖王心痛焦急（本源宝物对帝君都渴望，献给帝君可获重赏成妖圣希望大增）。毒龙老祖急，黑水包围三名人族，黑龙要求交出宝物。真武王传音让孟川带两人逃，自己抵挡毒龙老祖。孟川冲入黑水遭黑龙拦截，真武王覆天掌逼退黑龙。毒龙老祖传音火凤三妖王联手牵制（传消息回妖界，更多妖王赶来，孔雀君主或至）。妖龙施展虚空领地定住虚空，孟川速度锐减至五成（真武领域仅削弱部分压制）。孟川被妖龙神通克制（速度型怕领域型）。真武王传音：安海王以天劫剑""心剑劫""（远攻成名招数，最远隔上百里降杀招）突袭火凤，孟川全力逼近到真武领域最强五里范围，真武王施暗杀招数。三人约定后佯装逃命。",毒龙老祖联合火凤三妖王牵制，妖龙虚空领地克制孟川速度，真武王制定反杀火凤计划。
世界间隙,回归人族世界,战斗描写、矛盾收束,冲突、战斗,"安海王天劫剑""心剑劫""隔空突袭火凤（剑芒从虚空直接出现十余丈处斩脖颈），火凤凭身法险避。孟川同时带真武王、安海王逼近至三四里。火凤避过剑芒时，真武王在真武领域五里最强范围内施展""阴阳指""（真武七绝唯一暗杀招数，行走阴阳杀敌无声），火凤眉心出现血窟窿，上半身与翅膀灰飞烟灭。妖龙、牛妖王分开遁逃。真武王近距离一掌将残存火凤彻底毙命，收起战利品。孟川三人冲出黑水范围后速度飙升如游龙闪电消失天边。毒龙老祖阴沉看火凤蠢死。妖龙、牛妖王愤怒无奈远遁。孟川三人赶回进入位置，真武王以本源宝物烫手先送回。三位尊者打破虚空，三人穿过洞口回归元初山。孟川深吸家乡空气感亲切温暖。真武王向尊者汇报夺时空浮冰、本源宝物，薛峰突破法域境练成金风十五剑。",真武王阴阳指暗杀火凤大妖王，孟川三人夺宝成功回归元初山，真武王向尊者汇报战果。
世界间隙,在山上,设定展开、情感展现,情感、设定,"真武王向三位尊者汇报世界间隙经历：两次大战（抢时空浮冰、抢本源宝物），孟川身法起大作用。安海王难得开口""功劳王师兄第一，孟师弟第二""。真武王汇报三封侯收获：阎赤桐两月余达道之境巅峰，薛峰半年练成金风十五剑法域境，孟川九个月达道之境巅峰。李观尊者论功行赏：薛峰八千万、阎赤桐九千万、孟川九千万（三件奇物），时空浮冰本源宝物待鉴别。三封侯不再进世界间隙。孟川去景明峰看儿女：孟安十六岁俊秀青年，轮回神体三年未练成但已练成三种意之境（天赋超孟川当年）；孟悠青莲神体小成，有多位师兄追求（孟川紧张要查），晏烬常指点孟悠。孟川随后前往飘雪峰见晏烬。",功赏分配，孟川看儿女（孟安轮回神体三种意之境、孟悠青莲神体小成），前往见晏烬。
世界间隙,观绝学,情感展现、伏笔埋设,伏笔、情感,晏烬在飘雪峰洞府迎孟川，言大日境神魔如今多在山上（府县放弃），年龄大的才被允许下山。晏烬与孟川同龄，离六十岁（成封侯最佳机会）剩八年，无成封侯把握。孟川将冰莲花奇物以自己名义送晏烬（晏烬修炼青莲神体、冰火七绝，冰火同源对其大有触动），晏烬收下道谢。孟川感谢晏烬指点孟悠。孟川问晏烬成亲之事，晏烬称喜孤独。深夜薛峰在孟川洞府门口等候，确认晏烬收下冰莲花后嘱托保密，感叹薛家欠晏烬太多，随即告辞返驻守城池。次日孟川去藏宝楼见易长老，要借阅雷霆一脉所有黑铁天书及天级绝学（除心意刀、天地游龙刀）。易长老取出六本黑铁天书（天雷矛法、雷蛇幻魔身法等，无刀法，元初山无雷霆灭世刀原本）、三百二十二本有意境传承天级绝学、六百一十九本纯文字天级绝学。孟川在藏宝楼院子内观看（九天看完消耗一亿两千万功劳，元神四层过目不忘）。,孟川以自己名义转交冰莲花给晏烬（薛峰兄弟情），孟川借阅雷霆一脉全部绝学典籍（六黑铁天书+近千天级绝学）。
世界间隙,弥补（本集终）,设定揭示、核心伏笔,伏笔、揭示、设定,"孟川九天看完所有绝学（消耗一亿两千万功劳），归还易长老。孟川拜见三位尊者。李观尊者论功：本源宝物功劳孟川排第二定五亿功劳（一座世界诞生伴生本源宝物一般不超十件，无价之宝但宗派积累有限需控制功劳发放）。秦五尊者言孟川一年地底探查即数亿功劳用不掉。李观尊者问孟川有何想要，孟川摇头。秦五尊者言等孟川成封王后可获新兑换书册（如安海王赤云天需无间境真元催发）。秦五尊者将妖族绝学《凤凰御空诀》兽皮书册赐孟川给妻子柳七月（拓印自妖族镇族重宝凤凰碑石三十五幅画，妖族身法前五，飞禽妖王修行身体朝凤凰转变，柳七月有凤凰血脉比妖族更适合），扣除五千万功劳，需常伴身边观想修行才快。秦五尊者告知柳七月驻守长丰城，让孟川前往团聚（以后换防提防妖族探查）。三位尊者目送孟川离去后商议：阎赤桐修行比孟川快，薛峰更达法域境，孟川修行相对慢但作用无可替代，必须成封王修炼滴血境。李观尊者提议若孟川元神五重天后技艺境界仍缓慢，将八大至宝之一""问心珠""用在他身上。秦五尊者言孟川每日六个时辰地底探查疲惫不堪修行时间远少于普通神魔，主张早用问心珠。李观尊者决定看战争形势再做决定。本集终。",孟川获五亿功劳+凤凰御空诀给柳七月，三位尊者商议以问心珠弥补孟川修行（看战争形势决定），孟川前往长丰城与柳七月团聚。
东宁王孟川,燃烧的寿命,情感展现、设定展开,情感、设定,"长丰城，孟川施展身法降落宅院，与分别近两年的妻子柳七月重逢。元初山为防妖族探查镇守情报严禁驻守神魔透露消息与家人相聚，新令允许镇守神魔安排最多三名亲朋同住（需保密）。柳七月告知天下形势：妖族无大动作，但中小型世界入口不断有妖王潜入，人族世界妖王至少六十万。孟川透露中型世界入口约两百座且不断增加，封侯神魔太少无法防。柳七月报喜：元初山两个月前诞生封王神魔剑九王（五十年来首位，封王总数从十三增至十四）。孟川回忆剑九王经历（少年流连花丛，十七岁认真修炼，二十八岁成神魔，六十六岁封侯，一百零九岁封王，修十三剑煞魔体善阵法），取酒庆祝。孟川将得自妖族的兽皮书籍《凤凰御空诀》（拓印凤凰飞行画像的身法）赠妻，柳七月一练便化为火焰神鸟飞翔，感悟对火焰一脉""法域境""有了方向。孟川心疼妻子燃烧寿命超三十年（大日境涅槃十八年+封侯后镇守之战涅槃十二年）。",夫妻分别两年重逢，剑九王封王，柳七月获《凤凰御空诀》并对法域境有方向，寿命消耗隐忧展开。
东宁王孟川,夜间练刀,悟道、设定展开,修炼、设定、爽点,"孟川仍心疼妻子寿命。柳七月解释镇守之战凤凰涅槃杀五位四重天妖王（射九箭消耗十二年寿命），不施展则敌不过六位四重天妖王且有身死之危，涅槃时对火焰感悟与元神均提升。孟川嘱妻尽快成封王。次日晨，孟川与梅雪侯（照顾柳七月的老妇人封侯神魔，修沧海魔体擅领域近战）相识。孟川恢复地底探查（修炼《天地游龙刀》后身法速度暴涨，地底更快），六个时辰斩杀一百九十三位妖王（比一年前近乎翻倍，因地底妖王增多），归途俯冲长丰城。夜间孟川梳理雷霆一脉绝学，创两门刀法构想：《无尽刀》以""光芒相""为核心追求速度极致（光之所至即刀之所至，速度足够快可撕裂时空长河），《云雾龙蛇身法》以《天地游龙刀》为根基融入""阴阳相""求绚烂多变（亦可作刀法与身法）。两门刀法一极快少变化、一极尽变化，结合搏杀效果极好。孟川出院在黑夜中拔斩妖刀开始修炼。",孟川创两门刀法构想（《无尽刀》求快极致、《云雾龙蛇身法》求变化极致），地底斩妖效率翻倍。
东宁王孟川,新城,环境铺陈、伏笔埋设,伏笔、设定,孟川夜间练刀（暗星领域隔绝不损院落）。修行艰难，绝世奇才从道之境巅峰到法域境平均需三十年。孟川生活规律：每日地底追杀六个时辰、早晚与妻闲聊、绘画放松恢复元神、夜间练刀，一两个月才睡一次。秋天傍晚，柳七月郑重递来元初山信件：昨夜出现一座超大型世界入口（大周安州）、两座大型世界入口（黑沙鲲玉关、大越庆济关扩大）。天下仅三座超大型城关，此为第四座，需造化尊者镇守。孟川担忧一夜三入口非好征兆，恐只是开始。柳七月提及二十年前三大宗派已放弃所有中小型世界入口。二人立志努力成封王。场景转安州荒野，李观尊者元神分身与秦五尊者站在超巨型世界入口前，秦五将亲自坐镇此城（十三剑煞魔体剑煞可笼罩整个入口，不需封王辅佐，实力排造化前三）。秦五忧虑世界间隙扩张、入口越来越多，终有一日造化尊者不够镇守，妖圣们能进来则灭世。李观尊者称两个世界可能需千年才会远离，期盼诞生帝君或奇迹。,一夜三座世界入口出现，秦五尊者坐镇新建超大型城关（剑皇城），灭世隐忧埋设。
东宁王孟川,神魔身份,设定展开、伏笔深化,伏笔、设定,李观尊者称妖圣们若随意进来则人族被当口粮吃掉，不如灭世瞬间死去。两个世界在时空长河中如两个泡泡，诞生世界间隙后约千年才会远离。成帝君需技艺达天地境且元神七层（二者皆达者十万年一位）。元初山建剑皇城（四面城墙两百里，三分之一嵌山脉，秦五尊者轻松挖山，容纳近三千万人口），黑沙洞天、两界岛建鲲玉关、庆济关。孟川路过剑皇城初见秦五尊者，秦五叮嘱保密地底探查身份（妖族追查元初山哪位封王擅长地底探查），孟川称远距离直接杀普通妖王、对方连面都没看到，但提醒九渊妖圣亲自动手则无逃脱机会。凡人拖家带口入城充满希望。场景转北海海底小型洞天，九渊妖圣、黑袍北觉、黄袍黄摇聚会。北觉（黑袍人）突破五重天，黄摇即将突破五重天。九渊妖圣称形势对妖族有利，秦五实力排人族前三（白瑶月、秦五、李观），行事须避开三人。九渊定计：调动妖王行动，逼迫古老封王神魔不得沉睡消耗寿命。北觉汇报白钰王及元初山神秘神魔（孟川）地底疯狂屠戮（神秘神魔杀的更多），追查其身份未果（怀疑是苏醒的古老封王）。,剑皇城建造，帝君门槛揭示，三妖圣聚会定计消耗封王寿命，追查孟川地底身份未果。
东宁王孟川,夜袭,战斗描写、矛盾展现,冲突、战斗,"长丰城夜，大日境神魔老者城头探查二十里无妖族。长丰城有柳七月、梅雪侯及一群普通神魔辅佐，城内建十二座寻妖塔（六地表、六地底五里深，感应妖力，地表百里、地底五里范围）。城外八里地底三妖王潜伏待命。令牌发烫，四面城墙外六至九里范围内妖王接连冲出地表，东城墙可感应妖王超三百。孟川感应到妖力，与柳七月、梅雪侯冲天而起。三千妖王四面攻城。孟川传音""老办法""，西南两面交柳七月梅雪侯，东面交孟川。孟川释放上千道暗星真元丝线（封侯神魔可释五十里，孟川六十多里），鼠妖老者借领域察觉，令符令超五百妖王钻地逃，真元丝线仍毙百余。剩余两百多妖王硬抗冲城（封侯真元丝线远距离对正常三重天妖王威胁低）。孟川感叹长丰城有他，其他封侯镇守城池如何挡三千妖王。",妖族三千妖王首次大规模夜袭长丰城，寻妖塔与真元丝线防御体系展开，封侯真元丝线远距离局限暴露。
东宁王孟川,百万妖王的威胁,战斗描写、设定揭示,战斗、揭示、设定,孟川化电蛇扑向东城墙外三重天妖王，杀五十一位后妖王钻地逃。孟川转北城墙，柳七月施凤凰御空诀飞三十里、真元丝线越城墙袭杀南城墙妖王（杀过百）。两百多三重天妖王跃南城墙欲屠戮，孟川闪电赶到吓逃妖王。长丰城死六百多妖王，西城墙死数百人，南城墙死数万人（仅慢一步）。梅雪侯感叹东宁侯十息救援四面城墙了不起。孟川提及两座大城求援（元初山已安排）。柳七月称若无孟川须凤凰涅槃。场景转另一城，银发老太太封王神魔真元爆发，妖王感应即逃，毙八百多，七位媲美四重天门槛的三重天妖王冲城屠戮过万人后遁去。又一城，五毒侯九百黑甲虫（联手近乎封王）逼退妖王。三名封侯合力真元丝线笼罩八成城池，三重天妖王硬抗冲入屠戮。次日孟川赴元初山，元初山主告知十座大城遭攻，封王镇守城损失小（最多过万人），封侯镇守城求援两座损失很大。元初山主透露孟安练成轮回意境，后天闯生死关成神魔。,多城攻城战况对比（封王/封侯镇守差异），百万妖王威胁全貌展开，孟安将成神魔消息揭开。
东宁王孟川,轮回试炼（上）,情感展现、设定展开,情感、设定,孟川归告妻子孟安将成神魔。柳七月感慨转眼十多年，安儿长大，不愿儿女也卷入战争，期望这代人终结战争。昨夜长丰城死两万三千多人、残疾过万人。孟川称战争八百年至少数十年内看不到赢的可能，安儿十六岁练成轮回神体（比孟川、阎赤桐、薛峰都高一筹，薛峰十五岁成神魔修的是难度较低的黑沙魔体）。深秋生死峰，孟川、元初山主、易长老等待。孟安、孟悠走来。孟川送孟安入神魔血池洞，尊者护法。元初山主与孟川回忆三十多年前看孟川突破神魔，天下变化巨大（放弃坞堡、府城、县城、中小型城关）。元初山主告知黑沙王朝、大越王朝各十座大城遭攻，大越损失最小（封王力量多），黑沙损失与元初山相当（刀戈一脉器械厉害）。元初山主低声透露双方均有部分封王沉睡、部分古老封王镇守，修炼毒虫的封侯太少（元初山仅吕越王一位封王炼毒）。孟安成功出洞成神魔，轮回神体肉身最强最完美。孟川叮嘱成神魔只是开始，孟安孟悠下山。孟川化闪电离去继续地底探查。,孟安成神魔，三大王朝攻城战况对比，炼毒一脉稀缺短板暴露。
东宁王孟川,轮回试炼（下）,转折高潮、核心伏笔,伏笔、高潮,"半月后，孟安拜见三位尊者。洛棠尊者扔棋子带孟安走，三人带孟安沿固化的虚空通道进入一座洞天。李观尊者指古老宫殿称内有试炼考验（长则半年短则一个月），孟安入殿门关闭。洛棠透露此为""轮回试炼""，藏沧元祖师自身传承（人族最强传承，比沧元洞天机缘厉害得多）。每一修炼成圆满轮回神体者均有资格闯，成功者少，上一次成功为六千多年前。元初山从部落时代至今通过轮回试炼共三十八位（七位未成长，其余三十一位中两位封王、二十八位造化尊者、一位帝君，近半无敌一个时代）。李观离去，秦五、洛棠守候。两个多月后，护法神（黝黑巨人）出殿报喜：孟安通过试炼正接受传承，数日内出。三位尊者惊喜，期望孟安成""无敌时代的造化尊者""（需百年成尊者、两百年无敌时代）。李观称孟川达滴血境可大规模地底探查杀妖王，孟安将来可对付妖圣。秦五担忧妖族不给两百年。洛棠感慨孟家三代一代比一代厉害。李观严令保密，仅孟安及三尊者知晓，不得外传（父母姐姐都不能说）。",孟安闯轮回试炼成功获沧元祖师传承，三尊者期望其成无敌时代造化尊者，孟家三代天资递进。
东宁王孟川,晏烬封侯,转折高潮、人物心理,情感、高潮,正月初九，晏烬在元初山飘雪峰突破封侯神魔（多亏孟川转交的薛峰所赠冰莲花，三月突破道之境，剑法叩问本心凝练元神），盼下山斩妖王。四月十三，柳七月、梅雪侯驻守楚安城（妖族几乎每月攻城，人神魔经常换防防妖族摸清镇守情形）。孟川接孟悠信：孟悠青莲神体大成，询晏烬翻典籍后觉成圆满至少五六年且不一定成，欲直接成神魔。夫妻赞同（成神魔后肉身真元强魂魄强修行更快）。梅雪侯感慨强者血脉遗传（封王家族出一群神魔，造化尊者家族后辈甚至出封王；皇室李家当代一封王五封侯；安海王薛家子女优秀，安海王有成造化把握，薛峰将成封王）。孟家本是凡人家族，先有余山老祖（凡俗成神魔），后孟仙姑（战场成神魔），孟大江炼体神魔，孟川因思念母亲疯狂修炼、绘画叩问本心元神强故修行快，进世界间隙画雷霆十五相蜕变雷霆天赋。柳七月庆幸儿女小时候伪装普通人家严格教导。柳七月、梅雪侯忽感应四面妖力爆发，一千两百三重天妖王白天袭城，孟川在外地底探查（三千里外需四十息来不及），柳七月体表火焰冲天、凤凰展翅。,晏烬封侯，孟悠欲成神魔，血脉遗传论展开，楚安城遭白天突袭柳七月被迫凤凰涅槃。
东宁王孟川,柳七月的任用,战斗描写、转折高潮,战斗、高潮,柳七月凤凰涅槃爆发封王神魔气息，真元蜕变化火焰，过千道火焰真元丝线笼罩楚安城，妖王钻地逃或被毙（杀五百九十一，近半）。八位肉身极强三重天妖王自信冲城，七位当场毙命一位化三道灰影钻地勉强逃生（柳七月涅槃真元丝线威力超一般封王，四重天妖王沾上亦吃苦头）。柳七月立即停涅槃。孟川发现求援撤去后全速飞四十息赶到，见城外妖王尸体。梅雪侯告柳七月凤凰涅槃杀近半妖王。孟川追问寿命消耗，柳七月答五年。孟川心急（妻子前后燃烧寿命超三十五年，离九十岁不足十年）。柳七月称涅槃后真元丝线可延伸一百二十里、威力超一般封王。孟川忧妖族每月攻城频繁（半年三次攻打柳七月镇守城），妻子很快会失去成封王机会。孟川写信致三位尊者。元初山，李观、洛棠、秦五看信。洛棠称吕越王八千毒虫未成、黑沙谈判未果，难帮柳七月；李观称不可唤醒古老封王（沉睡一半苏醒一半才能撑更久）。秦五眼睛一亮：柳七月涅槃有近乎巅峰封王实力，调去镇守两千多万人口大城（妖族很少攻打），三五年不一定攻打到。,柳七月涅槃杀近半妖王消耗五年寿命，秦五提议调其镇守顶尖大城减少涅槃次数。
东宁王孟川,勾结,情感展现、情节推进,情感,"长丰城，柳七月与梅雪侯三年相伴惜别。梅雪侯叮嘱柳七月凤凰涅槃慎之又慎（多活数十年可救十倍百倍凡人）。梅雪侯修沧海魔体擅领域近战，有媲美封王门槛实力，五重天妖王杀来可抵抗许久。柳七月感慨梅雪侯为家族后辈（一对曾孙辈兄弟，上品神魔体，成大日境有把握成封侯无望）以功劳换资源。孟川想起姑祖母培养后辈。夫妻随飞禽妖王使者赴江州城（孟氏大部分族人居住地）。使者指引桃花宅院为住处，强调镇守身份保密。柳七月不敢信元初山让其镇守江州城。孟川解释顶尖大城半年仅五座遭攻且各一次，江州城一千两百妖王攻打死一千一百多（护道人王善暗中镇守，实力不亚真武王），妖王贪生怕死死亡率超九成五不愿送死，再攻可能性低。此调任节约战力（一封侯镇守顶尖大城）。场景转海底洞天，三妖圣聚会。黄摇称大周黑沙百余大城每月攻三四十座仅调数万妖王，妖王一年约行动一次无抵触。九渊定计对顶尖大城偶尔袭击保封王镇守。北觉提议屠戮无封王镇守的顶尖大城。九渊定""自由狩""：每个凡人一百功劳，逼妖王四处猎杀野外凡人；若大群神魔出来则反杀。九渊恼怒地底神秘神魔（孟川）每年杀妖王比白钰王还多，北觉查不出身份，元初山有联系的两位封王都说不知。","柳七月调守江州城，梅雪侯惜别，妖族定""自由狩""凡人悬赏令，九渊妖圣急查孟川地底身份。"
东宁王孟川,巡守在山野间,伏笔埋设、情节推进,伏笔,"黄摇称两边下注的封王拿好处不彻底站妖族。北觉提议""血咒""查孟川身份，九渊称封王无间领域隔绝血咒、封侯暗星领域能察觉。北觉提""追溯因果的血咒""（不管何种方式击杀必附凶手，除非能隔绝因果），妖界仅三位帝君及千蛐妖圣能施展。九渊称千蛐妖圣年轻未必愿来且与北觉有仇，北觉称愿请帝君们想办法。五月初九夜，飞禽妖王近距离送信（重要性高，有尊者真元印记）。孟川看信脸色大变：妖族大军要自由狩，一个凡人一百功劳，传所有妖王。天下七成人口在城外，必须救。信中称元初山调一千五百名大日境神魔、三千妖王仆从长期巡守天下（遇险求援调孟川）。孟川称一千五百大日境连外门弟子都算入，三千妖王仆从除飞禽外整体实力较强。五月初十清晨元初山赤血崖，李观尊者、元初山主、易长老送行。李观宣布五百二十三名大日境出征（共一千五百零九名，内门六百零一外门九百零八，加三千妖王仆从），餐风饮露巡守山野，或死荒野或尸骨无存，人族永记。孟安、孟悠等年轻弟子旁观亦欲参战。黑沙洞天、两界岛各派力量。",追溯因果血咒埋设，元初山倾尽全力派一千五百大日境加三千妖王仆从巡守天下守护凡人。
东宁王孟川,薛峰的要求,设定展开、情节推进,设定,徐昉城，李观尊者元神分身见吕越王（谷塍，元初山炼毒一脉最强神魔）。吕越王称八千毒虫两个月后功成，每头巅峰大日境实力甚至更可怕，毒性极强擅破坏肉身，须万毒魔体大日境神魔掌控（弱的几十头天赋高几百头）。元初山五十三位万毒魔体大日境神魔在等。元初山，李观称吕越王八千毒虫两月成；洛棠称黑沙洞天死咬最多三千铁石兽且最快半年（刀戈殿炼制，自身也缺）。李观称就这样，薛峰影响力不够让黑沙多给。秦五叹薛峰造化尊者苗子给了黑沙洞天不甘心，李观称联手抗妖不必计较，薛峰成封王后去黑沙得核心传承前途更远大。薛峰新条件：晏烬下山后安排到其镇守城池辅佐。李观同意（晏烬新晋封侯仅辅佐）。孟川地底归途俯瞰形势向好（三大宗派派过万大日境战力加地网耳目，妖王现身即被发现通知神魔追杀），但巡守神魔用命维持。孟川回江州城（柳夜白、孟大江居住但不敢现身）。晏烬来信称成封侯巩固实力将下山。飞禽妖王带晏烬赴远泉城，薛峰、陆成（持扇帅气男子，元神三层，控两百铁石兽）迎接。晏烬心情复杂。,吕越王八千毒虫将成，黑沙三千铁石兽谈判定，薛峰求晏烬辅佐获准，晏烬赴任与兄长薛峰重逢。
东宁王孟川,万剑宗,人物心理、装备获取,奖励、情感,"晏烬抗拒与薛家人接触但知镇守安排牵一发动全身（调一神魔影响多城，如柳七月调江州城牵动梅雪侯、护道人王善等）。孟川为妻写信致尊者破例调任，寻常封侯无特殊理由不可能。薛峰问晏烬以丫鬟称""晴雪""为封号是否恨父亲（晏烬母亲本是安海王丫鬟，晴雪是丫鬟名）。镇守日寂寞，薛峰与晏烬不断切磋，薛峰出手狠震飞其双剑，陆成称薛峰太狠，薛峰称留情晏烬不屑交手、狠击败反百折不挠。晏烬渐明兄长切磋助其修炼，骨子里外冷内热，因薛家关系不愿近五哥但记情谊。晏烬屋内桌上现黑色小剑，意识被引进，万剑宗核心传承灌入元神（历史大宗派万剑宗以剑出名，巅峰时比两界岛强，覆灭后传承遗失）。晏烬想到薛峰，质问，薛峰承认放在那（薛峰练成《金风十五剑》即因这传承，晏烬学会才可能击败他）。晏烬扔剑就走，薛峰笑称想谢就多杀妖王。薛峰学了留着等晏烬凝练元神方可接受，其哥哥姐姐逊色（仅二哥练剑，普通大日境当巡守神魔）。李观尊者元神分身赶来震撼（元初山论剑术不及此传承），薛峰献传承予元初山，求照顾其兄弟姐妹及父亲（当巡守/镇守神魔别送死）。李观感叹特殊时期绝不会让其另投他派。",晏烬获万剑宗核心传承，薛峰献传承予元初山求照顾家人，兄弟情谊深化。
东宁王孟川,安海王的回信,悟道、伏笔深化,伏笔、修炼、爽点,"孟川创《无尽刀》（求快极致）与《云雾龙蛇身法》（求变化）有雏形。云雾龙蛇身法以《天地游龙刀》为根融入阴阳相，纯粹速度无优势。《无尽刀》更重要，修炼中悟出""电光遁术""（身体化刀光破空，一闪身三十里，比天地游龙刀快一截）。孟川重视无尽刀因速度快则地底杀妖多、杀敌威力大。前人光芒相一脉绝学最多法域境无洞天境（速度遭天地压制，须破桎梏方可洞天境，历史上无人做到）。孟川三年多拼命修炼（妖王攻城、四重天妖王小队刺杀封侯、五重天妖王偷袭，元初山战死五位封侯、黑沙战死七位封侯，巡守神魔战死近三成）。柳七月心疼劝歇息，孟川称每日前进离法域境越来越近。晏烬与薛峰比试练成""雪飘零""（顶尖封侯实力），兄弟关系好转。晏烬仍想接近安海王讨公道（为死去母亲正名）。薛峰查清七弟经历，对父亲生怨气，写信望父亲低头认错给母亲正名。杜阳城，安海王（一年前从世界间隙回来，保命能力弱数遇危险赖真武王拼死相护，换彭牧——千年前封王、元初山最接近真武王——入世界间隙）接薛峰信脸色阴沉，信化作齑粉。薛峰紧张期待回信，收到仅一句：""等你击败我，再来质疑我。""",孟川悟电光遁术（一闪身三十里），安海王冷酷回信拒认错，薛峰与晏烬兄弟情深，光芒相洞天境桎梏埋设。
东宁王孟川,五重天的黄摇老祖,氛围营造、伏笔深化,伏笔、设定,薛峰看信心如剑刺，真元化信为粉，认命父亲就是那种人。海底洞天，黄摇老祖恢复五重天妖王（洞天境后期，夺舍肉身体系逊神魔，实力比真武王略低）。九渊称仅黄摇能轰破世界膜壁进世界间隙带五重天妖王潜入人族世界。黄摇称需将肉身推至五重天极致保证轰破膜壁五息内（造化尊者会感应赶来截杀），须行走天下观时空长河找连接点（离陆遥远让造化尊者短时赶不到），须找回归连接点（带妖王不被截堵），须定十个相隔万里的连接点才敢进。帝君们将派五重天妖王相助。黄摇计划近期出行顺便杀封王神魔（让封王也感恐惧，看强者死亡之气对冥河刀法帮助）。黑袍北觉称黄摇实力超九成封王可击杀，但人族救援快，黄摇称十息内结束战斗即离去。娑风城（大周西南大城），薛峰、晏烬、陆成镇守（数月换防）。陆成冬摇扇称修炼融于生活，薛峰打趣其近两百岁才法域境。三人忽感应四面妖力，一千六百三重天妖王四面攻城。三人各飞一方近城墙释放真元丝线，护城河铁石兽（陆成控两百头）、毒虫（六位万毒魔体大日境神魔控五百头）出战。,黄摇老祖五重天恢复，计划进世界间隙与杀封王，娑风城一千六百妖王攻城战起。
东宁王孟川,战死,战斗描写、转折高潮,战斗、高潮,"三人释放真元丝线越城墙袭妖王，铁石兽毒虫与妖王厮杀（妖王配合领域/束缚/近战/不畏毒）。真元丝线伤敌助铁石兽毒虫杀妖王（狼妖王被真元伤身法一刀大减被铁石兽咬两截）。大部分妖王逃，少数蛮横冲城。黄摇老祖潜藏虚空，原想杀封王，见薛峰年轻有潜力达法域境，定其为目标。黄摇逼近（十里高空真元丝线密集，两道间距远，十余里外可不被发现）。薛峰真元丝线无规律扫荡防偷袭。黄摇冲至六里被真元丝线扫过显露身形。薛峰见黄袍男子直扑，认出五重天妖王，朝下坠落挥""销骨式""（金风十五剑最强招，黑沙魔体施展有普通封王实力）。黄摇护体领域数十丈湮灭销骨式剑影冲至，薛峰不寒而栗激发元初山护身手环（青光笼罩速度暴增），一前一后钻地底。陆成、晏烬惊见黄袍男子俯冲、薛峰挥剑无效逃地底。地底狂暴力量爆发，五息后城外数十里青光黄光冲出，黄光劈出冥河刀光（死寂河水席卷）。青光落地溃散，薛峰煞白。黄摇称元初山赐护身宝物连抗七刀。黄摇见百里外孟川故意暴露气息，认出东宁侯，疑诱敌，仍一刀劈向薛峰。孟川赶至百里距离见黄摇重创薛峰，爆发气息拖延。冥河刀光席卷，护身宝物耗尽的薛峰全身麻木元神震颤无力反抗，身体被消磨粉碎消散。孟川愣看薛峰死。",黄摇老祖偷袭薛峰，护身手环抗七刀后薛峰被冥河刀法斩杀，孟川赶到仅能目击。
东宁王孟川,永远是我哥,情感展现、矛盾收束,冲突、情感,"孟川痛惜薛峰（元初山绝世奇才、世界间隙见识其天赋与对弟弟感情）。孟川以一闪身十五里逼近黄袍男子，判断其实力在安海王之上近真武王（十里内禁区，安海王百里出手威力大减剑光可闪避，真武王五里内巅峰五里外大减），有护身石符可冒险保持二十里诱敌拖延等救援。黄袍男子欲顺手杀孟川，静待十里距离一刀六成实力。孟川飞两息至二十里停下喝问。黄袍男子模糊逼近，孟川雷霆神眼睁开雷磁领域观三十里使其显形，孟川伪装紧张暴退。黄袍男子一刀冥河河水死亡侵袭，十七八里令孟川肉身元神不适但能扛，刀光从身侧数丈划过，孟川伪装艰难抵抗。十息到，黄袍男子平静钻地遁去，留声""清平侯薛峰只是个开始""。孟川不敢钻地追（三里内一刀杀他，护身石符元初山唯一仅给自己）。李观尊者元神分身赶到（十余息赶至仍迟），称途知薛峰死。孟川指薛峰战死处。二人飞至荒野，仅刀光沟壑无残骸。李观窥伺时空，见薛峰黄摇地底一逃一追出地面、护身宝物耗尽、孟川百里现身吸引、黄摇仍刀劈薛峰全过程。晏烬、陆成赶到。陆成称薛峰不想波及同门与凡人全力逃城外。李观确认凶手为妖圣黄摇（冥河刀法识别，元初山卷宗载黄摇双角黑鳞，夺舍后伪装人貌但招数变不了）。李观称三年来薛峰是战死第六位封侯，将镇守娑风城。陆成劝晏烬节哀。孟川告晏烬冰莲花是薛峰所得怕拒让其转交保密。晏烬眼泛红称""他是我哥，永远是我哥，能当他弟弟是这一生幸运""，""他没做完的事我会接着做""。孟川化闪电离去继续地底探查，晏烬独留沟壑前。",孟川诱敌拖延未果黄摇遁去，李观窥伺时空确认妖圣黄摇，晏烬得知冰莲花真相立誓继兄遗志。
东宁王孟川,各方,情感展现、氛围营造,情感、设定,"黑沙洞天九层楼阁，白瑶月怒召蒙天戈、芈玉尊者虚影。白瑶月称薛峰死（妖圣黄摇杀于娑风城外）。芈玉怒斥元初山无用（收三千铁石兽未保薛峰命）。蒙天戈称薛峰封侯靠自身暗星真元催宝物威力太弱。芈玉称黑沙一脉多年才发现一个能成尊者的天才，元初山是废物。蒙天戈称刀戈殿炼三千铁石兽不易，元初山厚脸不还须给交代。白瑶月称须满意交代，芈玉称薛峰死永不满意。黑沙洞天规矩森严等级森严（不同于元初山自由宽松），薛峰在黑沙地位高特权多不会做危险事。白瑶月称错过就是错过，自己好好培养弟子。蒙天戈称百万妖王四处出击是源头（封侯全力守城暴露位置遭偷袭，黑沙两年多死七位封侯）。白瑶月称百万妖王且每年补数万，古老封王不敢沉睡封侯有身死危险巡守神魔拼命。蒙天戈盼白钰王突破洞天境（地底探查速度大增屠妖快十倍），白瑶月称其法域境巅峰轮回一脉达洞天太难（世界间隙亦未突破）。蒙天戈称数十年后妖界或又繁衍百万妖王送进来，三大宗派皆为此烦恼。杜阳城，安海王接元初山信信薛峰死，身体微颤握信颤动，盯信十余息无声，沙哑道""峰儿走好""，信化粉，誓斩妖圣黄摇，闭眼继续修春秋劫。江州城夜，孟川归家无食欲，告妻薛峰死（妖圣黄摇夺舍五重天妖王实力超安海王，薛峰逃不掉）。柳七月不敢信（薛峰达法域境）。孟川称累先进房侧躺抱被闭眼，眼角隐有泪花。柳七月躺旁共眠。孟川夜醒精神恢复情绪淡了许多，称依旧充满斗志。孟川入书房点灯铺画纸调颜料，欲用画记下一些人不该被遗忘。",黑沙洞天怒斥元初山未保薛峰，安海王誓斩黄摇，孟川悲痛作画铭记英雄。
东宁王孟川,撕裂黑夜的光,悟道、转折高潮,修炼、高潮、爽点,"孟川画俊美眉心有字男子（薛峰），题记""自众多大妖王从广御关进入人族世界至今五年零七个月，仅我元初山便战死十八位封侯神魔、五百一十一位巡守神魔，战争越加惨烈伤亡依旧继续，孟川画于腊月冬夜""。孟川欲发泄情绪亦觉英雄不该被遗忘，盼后世知晓有这群英雄拼命赢得战争，但也明白千年万年后人们未必记得。孟川感应元神绽放灵性光芒渐收敛，大半月绘画叩问本心引元神蜕变（仍停留元神四层，元神四层已七年，量增数倍未质变，离元神五层越来越近）。孟川出院立积雪中仰望夜空，问何时才能撕裂黑夜（看不到胜利希望，入口越来越多妖王越来越多越来越强，妖界妖圣帝君虎视）。孟川拔斩妖刀练无尽刀，追求极致快，""破开一切阻碍""竭力施刀仿佛劈开浓烈黑夜。刀法忽速度大增远超之前，一瞬间化作一道光——撕裂黑夜的光。",孟川作画铭记战死英雄题记五年战况，元神蜕变仍四层，练无尽刀一刀化光撕裂黑夜。
东宁王孟川,法域境,悟道、转折高潮,修炼、高潮、爽点,"孟川挥出前所未有的快刀，刀化光速度下威力达匪夷所思地步、刀变""沉重""，虚空扭曲震荡，刀可抵两里多范围任何一处。刀气斜上飞百余里耗尽，云层被切裂缝。孟川确认达法域境（世界间隙画雷霆十五相见方向后三年多练成）。孟川连续劈数十刀劈向夜空撕裂云层（斩妖刀神兵重，化光速度引虚空大幅扭曲，两里多触手可及）。孟川回屋叫醒柳七月，激动告刀法突破法域境将成封王。柳七月惊叹吴州将有封王，称孟川六十岁前成封王比很多绝世奇才快（孟川实实在在靠自身，柳七月涅槃数次消耗三十多年寿命离封王仍有距离）。孟川称多亏世界间隙观紫色雷霆画雷霆十五相。孟川写信禀报元初山（成封王大事须提前禀报），飞禽妖王连夜送信。元初山洞天阁，李观尊者接信愣住，看天看四周看梅花，喃喃""没做梦""。秦五、洛棠虚影赶到，看信震住。洛棠称不是伪造？秦五称真元印记没错，孟川不撒谎，确达法域境今晚成封王。李观称孟川十几年世界间隙近一年才道之境巅峰，怎一下子成封王？难道用问心珠？洛棠称问心珠也不一定这么快。李观称绝世奇才九十岁前成封王就不错，很多过百岁才成，孟川五十五岁成封王且元神近五重天，天赋在安海王、真武王之上（神魔天赋非一成不变，真武王大器晚成，孟川天赋蜕变）。洛棠称秦五曾说孟川修行慢欲赠问心珠。秦五笑称孟川天赋更厉害。李观庆幸孟川擅地底探查天赋高，百万妖王威胁看到解决希望。",孟川悟法域境（刀化光虚空扭曲两里触手可及），五十五岁将成封王，三位尊者震撼称天赋超安海王真武王。
东宁王孟川,终成封王（本集终）,转折高潮、设定揭示,揭示、设定、高潮,"腊月二十七大雪，孟川与柳七月厅内闲聊放松调整状态（杀妖王等成封王后快得多）。李观尊者元神分身降落，秦五虚影、洛棠虚影同现（元神化身需寄托物最多九尊分心多用，三尊者同至难得）。秦五笑称孟川不声不响达法域境一封信吓一跳。孟川称每日修炼就这么突破。洛塘称分大半精力地底探查还这么快法域境了不起。李观问何时闭关，孟川称等会儿。李观称元神分身三四成本尊实力足以护法（天下隐隐第一人，元神分身可压九渊妖圣）。孟川入静室闭门，服""清净神水""（青色玉瓶，元神吸收更空灵掌控提升）。孟川元神四层多年，不死境肉身完美承受突破压力有信心。元神之力融入丹田空间及每缕暗星真元。丹田内暗红色圆球（暗星，比刚成暗星境大十倍不止，不死境肉身令丹田空间达封侯理论极限，暗星亦达极限再大则突破境界不够即死）。孟川引洞天法珠本源之力化暗星真元令暗星继续变大，突破承受极限——暗红色圆球迅速缩小急剧坍缩，元神之力融入以雷霆""光芒相""法域境引导。暗红色圆球坍缩万倍不止，内视不可见，丹田一片黑暗仅洞天法珠（此为""无间境""称呼由来）。冥冥感应小点急剧坍缩，光芒相引导下逐渐稳定（境界不够则小点爆炸）。法域境代表境界高明自成法域，法域即小点存在规则。小点完全稳定开始吸收外界力量吐真元，丹田现白色光源（成千上万缕白色光线，越核心越密成光源，越边缘越稀薄）。孟川成无间真元（看似温和实则威力可怕，隔上百里成千上万三重天妖王一瞬斩杀）。封王真元精纯掌控完美，与丹田空间、元神、境界三方面有关（丹田大蓄真元多小点坍缩小真元精纯；元神高约束强压小；境界高规则高明更小）。封王修行即让无间小点越来越小至极致开辟洞天即造化尊者。孟川无间领域达两里（真武王五里），自然释放真元白光照耀静室。厅内三尊者议：封王各有道路。秦五称同年龄郭可、叶鸿前辈不及孟川成就，元神天赋远超，三年多法域境或走雷霆一脉最强前所未有道路。李观称孟川出世界间隙后耗上亿功劳看遍元初山雷霆绝学不困惑反三年突破，提议将元初山所有封王重宝（含沧元祖师留下）对孟川开放（孟川将成滴血境探查再增，一人解百万妖王之祸，或关键时刻前达造化无敌对付一大群妖圣，则无需灭世）。秦五、洛棠同意。三位尊者感应无间波动领域弥漫，知孟川突破成功。（本集终）",孟川服清净神水闭关，暗星坍缩万倍成无间境小点，光芒相法域境引导稳定，成无间真元无间领域两里，突破封王神魔成功；三尊者开放所有封王重宝。
血刃盘,试招,设定展开、人物心理,情感、设定,孟川成封王神魔后出静室，柳七月感知丈夫气息更强。孟川以无间领域感应到妻子血液流动、心跳，发现其因数次凤凰涅槃肉身真实年龄已达九十岁（封侯神魔九十岁后生命力开始下滑，一百二十岁急速下滑至六成成功率，一百五十岁仅一成），为妻子心焦。柳七月透露修炼凤凰御空诀加涅槃感悟，离法域境越来越近，数月内可突破。三位尊者（秦五、洛棠、李观）向孟川道贺成封王神魔（元初山这时代第十五位封王）。李观尊者（人族世界隐隐第一人，元神六层）带孟川至高空，以元神分身（本尊三四成实力）测试孟川实力，只抵挡不出手。孟川施展无间领域（两里范围，增强自身三成、压制敌人两三成，一来一回相当于实力翻倍），刀法极快但被李观轻易拦截。李观指出孟川刀法追求极致速度和威力（勉强巅峰封王招数威力），但变化太少路线易预测。秦五鼓励孟川让刀越来越快。李观要求孟川全力施展身法，三人期待观看。,封王神魔实力测试，无间领域展开，李观指出孟川刀法变化不足的缺陷。
血刃盘,宝库任选,设定展开、装备获取,奖励、设定,孟川全力施展身法化作一道光破空飞行，感受到天地规则的强大阻力（无形束缚如丝线拖拽），人族修炼雷霆光芒相一脉无人能打破天地桎梏达洞天境。孟川兼修无尽刀（主速度）和云雾龙蛇身法（更喜绘画感），地底飞行受泥土岩石影响更小（保持八成速度）。返回后秦五惊叹孟川一闪身五十八里（历史上雷霆灭世魔体封王一般三十多里）。李观、洛棠评价孟川速度已超自己元神赶路。孟川谦逊提及叶鸿前辈（天地游龙刀，百里八十一化身、瞬移）、郭可前辈（最后一刀达帝君境）。李观命孟川去元初山，预计数月才能返回。孟川至元初山洞天阁后院普通房间，见墙上挂黑袍男子画（沧元祖师），李观飞入画中，三人随之缩小飞入画卷（虚空变化），进入一处殿厅（元初山重地）。殿厅穹顶有八颗拳头大珠子绽放各色光芒——沧元祖师炼制的九枚天地宝物（拥有任何一枚可释放天地领域），安海王的赤云天即其一，现剩八枚（至少需封王神魔真元催发，引动元初山力量降临形成仿帝君领域护身，弱点是离开人族世界无用）。李观指着条案上五本书：异宝、源宝（力量源自元初山，类似赤云天）、造化（造化境兵器秘宝）、帝君（帝君级兵器秘宝）、劫境（最薄一本，劫境大能兵器秘宝），允许孟川任选两件，劫境大能兵器秘宝只能选一件（封王神魔只能用本命炼器法炼化一件）。,孟川封王后速度五十八里超越历史，进入沧元祖师殿厅，五类宝物任选两件。
血刃盘,劫境大能,设定揭示、核心伏笔,伏笔、揭示、设定,"孟川询问""劫境大能""。秦五揭示修行境界体系全貌：造化尊者才有资格进入时空长河闯荡（时空长河中造化尊者最弱）；遨游时空长河见识伟力场景对修行帮助极大（如孟川观紫色雷霆画出雷霆十五相）。帝君需达""天地境""及元神七层；元神八层为""渡劫""，第九层为""永恒""。帝君之上分""肉身劫""和""元神劫""两途（可兼修）。元神八层有强弱，渡劫次数越多元神越可怕：新晋元神八层元神秘术压制元神七层；二劫境大能元神秘术令帝君只剩一两成实力；四劫境大能元神秘术可瞬间灭杀元神七层（需肉身渡劫才能抵挡元神攻击）。劫境共九层，渡第九劫为""永恒""，时空长河中永恒无敌被尊称""主宰""（沧元祖师记载诞生过，但遨游范围内未见）。人族历史上有三位元神八层（最高三劫境大能，斩杀帝君轻松），肉身修炼只有沧元祖师达劫境。沧元祖师为七劫境大能（肉身劫境），威震四方，反哺并壮大人族世界（部落时代世界极小、最多承载造化尊者，祖师令人族世界扩大至可承载帝君），寿十八万余年，一生几乎在时空长河闯荡，临近大限回乡提升世界层次、留下安排后悄然逝去。安杨帝君为三劫境大能，活两万三千年。秦五嘱咐孟川好好选，任选两种，劫境大能兵器秘宝只能选一件。",修行境界体系全貌揭示（尊者→帝君→劫境→永恒/主宰），沧元祖师七劫境大能身世。
血刃盘,选择,装备获取、人物心理,奖励、情感,"孟川翻看书籍选择宝物。源宝威力最大（力量源自元初山）但不够灵活、威力无法提升，适合保命施展领域，不适合搏杀（如""剑符""发出一道媲美造化尊者全力一击的剑气，但死板且需数息酝酿）。帝君级兵器秘宝大多帝君漫长岁月孕养，有种种神异。劫境级最少仅三件：第一件""千雷法印""（元神五层封王神魔才能炼化，可令百里范围形成雷劫云追劈敌人，元神八层可彻底发挥释放上千雷蛇瞬间灭杀寻常帝君，缺点是凝聚雷劫云需数息时间）；第二件""光阴刀""（炼化后得时间秘术传承《水滴光阴》，高深可困敌于时间轮回甚至时间停止，沧元祖师斩杀的大敌所留）；第三件""血刃盘""（沧元祖师闯荡时空长河于古迹偶得，元神七劫境大能为徒弟炼制的护法秘宝，可护身、飞遁、杀敌，封王神魔可分解十八柄血刃、造化尊者二十四柄、帝君及劫境大能三十六柄，阵法主飞遁护身，杀敌靠自身境界驾驭，材质特殊锋利无匹对劫境大能亦是不错兵器）。孟川因""擅飞遁""毫不犹豫选血刃盘（战争时期速度越快杀妖王越多、救援越快），并选源宝""青云天""（最强正面护身手段，巅峰五重天妖王攻击挠痒痒，九渊妖圣全力被削弱至三四成，至少护数十年）。",孟川选血刃盘（擅飞遁护身）和青云天（最强护身领域），体现速度优先的战斗理念。
血刃盘,符纹,装备获取、设定展开,奖励、设定,"李观、秦五、洛棠取来宝物。血刃盘为普通血红色金属圆盘，李观真元渗透后浮现密密麻麻符纹、雷霆闪烁、散发挥比造化尊者恐怖百倍千倍的气息（神物自晦）。李观赐""本命炼器法""书册（需元神四层分神境，分出元神念头渗透宝物，与肉身一脉不死境修炼有共通之处），告诫神魔只能有一件本命宝物（损毁或被夺会损伤根基、记忆残缺、悟性大减）。青云天为青色雷霆珠子，孟川收入丹田空间（与洞天法珠靠近）。孟川在殿外广场试青云天：无间境真元激发宝珠符纹，周围十里出现淡青色云雾（实质化雷电），孟川周围丈许出现三层雷电护罩（汇聚大半力量防护最强），可层层削弱敌人，自身仅消耗少许真元。秦五提醒血刃盘、青云天均为元初山代代传承重宝，寿命大限须归还；造化尊者去时空长河闯荡禁带劫境大能兵器（帝君才有资格），孟川系破例。孟川以水磨之法耗时两个多月炼化血刃盘，炼化后血刃盘可大可小飞入丹田空间，控制如身体一部分。孟川观血刃盘内符纹有一百二十八层级（还有藏在时空中的），感叹与元神七劫境大能的差距，庆幸这是护法秘宝，先掌控最浅层次。",血刃盘炼化成功（本命宝物），青云天领域展开，本命炼器法与神魔只能一件本命宝物的规矩。
血刃盘,柳七月的突破,悟道、设定展开,修炼、设定、爽点,"孟川在广场测试血刃盘：分解十八柄弧形血刃四面八方旋转护身；脚踏三尺血刃盘飞遁，因光芒相达法域境迅速理解飞遁符纹，速度暴增至一闪身一百二十里（翻倍还多）。孟川悟出血刃盘符纹阵法从浅到深明确，参悟过程即提升过程，在雷电一脉上或直指七劫境大能成就，是""另类传承秘宝""比任何黑铁天书珍贵百倍千倍，看到光芒相一脉打破天地桎梏达洞天境之法。孟川感叹""得血刃盘，如得一师""。场景转江州城，过完年春天，柳七月突破法域境（比孟川更早达道之境巅峰，得孟川赠《凤凰御空诀》看到突破方向，加涅槃顿悟，数年修行后成），但成封王神魔还需元神三层，年龄、境界、元神三大门槛尚不明朗。孟川在广场以血刃超高速袭击前方，十八柄血刃连成一线轰击一点撕裂洞天膜壁，秦五惊叹约莫造化门槛威力。孟川称已初步掌控血刃盘，欲出去。秦五嘱咐多参悟（孟川关系人族解决百万妖王希望），孟川称已在殿内三个多月，继续提升需自身境界突破，遂出关。",血刃盘飞遁一百二十里、十八柄血刃造化门槛威力，柳七月突破法域境，血刃盘如传承导师。
血刃盘,面具,装备获取、伏笔埋设,伏笔、奖励,"秦五、孟川从画卷飞出洞天阁。李观指出孟川飞遁之速数月可扫清大周地底妖王，三四年扫清三大王朝每年屠戮数十万，妖族会发疯探查其真实身份（妖族世界历史悠久，每时代数位帝君，历史五劫六劫大能超十位，底蕴深厚，不惜代价有法子查出身份）。李观赐""幻影之面""灰色面具（异宝，隔绝探查、伪装气息，帝君都难突破），嘱孟川在外行动就戴着。孟川戴上面具后气息变冷厉，鬓角多花白头发，秦五笑称妖族会猜测是苏醒的某古老封王（神魔头发白须过四百岁）。李观嘱孟川成封王消息一直保密。李观、秦五感叹解决百万妖王靠孟川，秦五期盼孟川达造化境无敌。孟川回江州城，无间领域感知到修炼凤凰御空诀的柳七月，震撼妻子身法轨迹之美，得知其突破法域境。孟川告知成封王消息须保密，地底追杀妖王会更多，妖族更急切探查身份。夫妻闲聊后孟川戴面具脚踏血刃盘地底探查，一闪身一百一十里，大周南北不到百息，三个时辰杀四百三十三头妖王，盘算一天约八百头、一年二三十万，三四年扫清陆地。",获幻影之面伪装身份（鬓发花白装古老封王），地底探查效率大增，妖族将急切探查身份。
血刃盘,时空疆域,环境铺陈、伏笔埋设,伏笔、设定,"大日境神魔茅逢（""茅三枪""）负责巡守苍茫大山两三百里，配两名妖仆（猿猴妖仆、青羽飞禽妖仆""青美人""），餐风饮露猎杀妖王。茅逢杀一头三重天象妖王（青衣妖仆高空引诱、猿猴妖仆合力），巡守生涯令枪法进步。刚分散赶路，一道灰影（灰毛豹妖王，三重天但有封侯门槛实力）突袭茅逢，茅逢长枪被震飞、虎口裂开、施展神魔禁术搏命，体表红光护身宝物越来越薄。孟川千里外驾驭血刃盘两息到百里外，放一柄血刃破空贯穿豹妖王头颅，毁尸灭迹（血刃伤口会引起注意），将妖王物品赠茅逢。茅逢获储物袋（可多带酒）欣喜行礼谢""前辈""。孟川感叹巡守神魔之不易，大量妖王狩猎需巡守神魔猎杀，二重天及大多数三重天妖王巡守神魔可对付，强大妖王才需救援（五息即毙命，元初山给不起太好保命物），如今五千里内几乎都安排孟川救援。场景转海底小型洞天，九渊妖圣等五位齐聚，多了新夺舍潜入的""重玄妖圣""""火龙妖圣""（均四重天妖王）。妖圣们来人族世界是为获""时空疆域图""（时空长河浩瀚，盲目进入易迷失或误入险地或得罪强者，时空疆域图被帝君掌控），黄摇老祖在外寻找世界膜壁连接点。",巡守神魔艰辛与救援机制展开，妖圣夺舍潜入人族世界目的（时空疆域图）揭示。
血刃盘,三绝阵,矛盾展现、伏笔埋设,伏笔、冲突,"九渊妖圣通过银白光芒水池联系星诃帝君禀报神秘神魔之事。九渊排除造化尊者可能（元初山三尊者洛棠、秦五镇守城关，李观镇守元初山仅元神分身在外不可能擅地底探查；人族九位造化尊者大半镇守各地，自由走动仅两三位；最强大封王神魔多在世界间隙），猜为某位封王神魔。星诃帝君与玄月、鹏皇商议后，决定将妖族重宝""三绝阵""送入人族世界并告知布置之法，令九渊等以三绝阵杀神秘神魔，杀完后拆卸送回。",星诃帝君送三绝阵入人族世界，妖族定计以三绝阵埋伏杀神秘神魔。
血刃盘,紧急救援,战斗描写、氛围营造,战斗、设定,江州城静室，孟川参悟血刃盘符纹（飞遁、护身两大体系，护身含九天相、雷域相、阴阳相奥妙），《云雾龙蛇身法》悟出更多离法域境越来越近。孟川每日白天地底探查追杀妖王，晚上绘画修炼参悟血刃盘。柳七月精心准备早饭（肉包子、馒头、白米粥），夫妻珍惜相处时间。孟川出发地底探查半个时辰后令牌滚烫——渝商城五重天威胁。渝商城（大周腹地）三名封侯神魔镇守，最强者惜月侯（过两百岁美妇人，两界神体，《两仪剑诀》极擅防守杀敌）艰难应对黑甲妖王（五重天，双角射金光令惜月侯身体麻木）。惜月侯腹部被神通所伤腰被切割一半，剑被轰飞，绝望之际百里外爆发封王神魔气息。孟川血刃化作光隔百里贯穿冲城妖王头颅，两息赶到，第一道光击飞黑叉，第二道光贯穿头颅，第三道光炸裂胸膛彻底毙命。,渝商城五重天妖王偷袭，惜月侯濒死，孟川血刃百里斩杀摩弋大妖王。
血刃盘,十三剑煞？,战斗描写、伏笔埋设,伏笔、战斗,"孟川回忆过去救援经历（曾百里外目睹薛峰被黄摇老祖一刀杀死、紫雨侯已死等），因速度快能救更多神魔性命而选血刃盘。孟川全力驾驭血刃盘赶往渝商城，东城外放出血刃化作光杀数百三重天妖王，三道光杀摩弋大妖王（击飞黑叉、贯穿头颅、炸裂胸膛），第四道光粉碎断尾分身（妖王元神转移至尾巴断尾求生）。惜月侯获救震颤，见孟川戴面具鬓发花白、煞气压迫感前所未见，一闪身十里（孟川慢飞收起血刃盘），猜为苏醒的古老封王神魔，""速度直逼造化尊者""，远程杀敌快如闪电似""十三剑煞""（剑煞非实物，公认一对一杀敌最强神魔体，比沧元祖师轮回神体还胜一筹）。孟川以幻影之面伪装气息，有心伪装十三剑煞手段。孟川冷漠收妖王遗物离去，无间领域遮掩消失。惜月侯向两名师弟称不知其身份，应是一位古老神魔。元初山大殿三位尊者见渝商城变彩光（大胜）松气。海底洞天，九渊妖圣查卷宗，黑袍北觉汇报九成可能是十三剑煞魔体封王神魔。",孟川伪装十三剑煞魔体封王，惜月侯获救，妖族九成确认神秘神魔身份猜测。
血刃盘,云雾龙蛇身法,悟道、情节推进,修炼、爽点,黑袍北觉向九渊妖圣汇报调查结果（九成可能十三剑煞魔体封王，一成其他可能，身份不知，猜苏醒古老神魔）。九渊妖圣忌惮人族强者众多（真武王、通冥王等造化境门槛实力不少，加上古老封王更多，九位造化尊者中白瑶月、秦五、李观威慑力极可怕），自己小心不出手。九渊询问三绝阵参悟进度，黑袍北觉称需半个月，九渊催促尽快大周地底埋伏。九渊指出黄摇老祖有新晋造化境实力，和北觉、长游联手布三绝阵杀封王几乎不可能活命，但怕人族底蕴深有未知保命手段，故留最后暗手。场景转江州城夏夜，孟川修炼云雾龙蛇身法（如天地间绘画，肆意挥洒），福至心灵同时出现九个身影，悟出真身进入更深层次虚空波动（如千层饼一层），外界映射九个化身可随时变真身——云雾龙蛇身法达到法域境。无尽刀身法一闪身化作光极快，云雾龙蛇身法一闪身五十里略慢但诡异莫测入深层虚空，天地游龙刀法域境三化身，云雾龙蛇身法融入阴阳相有九化身。孟川弥补变化太少缺陷，着手创云雾龙蛇刀法（一两日完善）。飞禽妖王送来孟大江的信。,九渊催促三绝阵埋伏，孟川云雾龙蛇身法悟法域境（九化身入深层虚空），收到父亲来信。
血刃盘,人来到这世间,情感展现、人物心理,情感,"孟川读信表情凝重，柳七月看信后惊——孟大江突破大日境要去当巡守神魔。孟川了解父亲脾气（服兵役十年、偷偷执行灭妖会任务、决定的事一定做），此前借功劳就是为成大日境当巡守神魔。孟川决定去见父亲。江州城孟府，孟大江愉悦检查巡守武器配备，见孟川（伪装封侯气息）喜悦。孟大江回忆从小婴儿教孟川长大，如今儿子已可自己翱翔。孟川得知元初山已同意数日内安排，不劝父亲但嘱小心。孟大江道出心声：儿女上山后彻底闲下来，看战争惨烈心里急，如今突破大日境当巡守神魔""又活了，仿佛回到年轻时充满干劲""。孟川感父亲战意沸腾，出去半个时辰赴元初山为父换宝物（储物袋、血影甲等耗费五千万功劳，令父亲达封侯门槛实力）。七月初三江州城门外，孟川、柳夜白送行孟大江。柳夜白感慨好友成大日境。孟大江对儿子道：""人来到这世间，就终有一死……与其将来在病榻上死去，还不如行走在山林湖泊间，守护众生，斩杀妖王，直至最终战死于荒野。这才是大丈夫！""孟大江带两名妖仆飞禽飞离。",孟大江突破大日境当巡守神魔，孟川为父换宝物武装，父子送别感人。
血刃盘,地底埋伏,氛围营造、伏笔深化,伏笔、设定,"黑沙王朝凛湖城（千里冰雪），白念云穿厚衣袍在书房读信，得知孟大江当巡守神魔，思念丈夫心焦（巡守神魔战死比例高）。白念云因太阴圣女规矩（禁止失去处子之身）触怒老祖宗白瑶月，当初以性命及承诺（和孟家断绝联系）换白瑶月不迁怒孟家。白念云曾孟川成亲时远距离偷看即离去，不敢联系。白念云立志""你巡守山野，我镇守城池，一同战妖族""，催发真元化信纸为齑粉。七月初九大周地底二十八里深度，黄摇、北觉两位妖圣带妖王长游（新晋五重天最擅阵法，符纹阵法比妖圣更高明）布三绝阵。长游查探大周近五百妖王洞府位置，十八里至三十八里深度活妖王较多，是神秘神魔探查较少处。长游小半个时辰布阵完毕（阵法器件早炼制好），阵法运转出现黑色膜壁及毁灭气息后隐匿。长游赞叹三绝阵""绝天地、绝时空、绝宿命""，帝君舍得送来因神秘神魔威胁太大拖延久恐生变数。黄摇老祖（新晋造化境/洞天境后期）待阵法中央，十里内刀法瞬间可到，二十里范围适合施展。八月十二，孟川地底探查（再过两月探遍大周，最近数月杀太狠妖王迁移，每天发现妖王减少），杀一处妖王巢穴（九名三重天、三名二重天及百余妖族）。黑袍北觉感应三绝阵旁十五里妖王巢穴毙命，神秘神魔随时到。黄摇老祖期待。长游脸色微变：""进入阵法了！是封王神魔！""",白念云思念丈夫立志同战妖族，三绝阵地底布阵完毕，孟川探查时陷入三绝阵。
血刃盘,绝天地，绝时空，绝宿命,矛盾爆发、战斗描写,冲突、战斗,"孟川脚踏血刃盘飞入三绝阵区域，身后出现黑色世界膜壁及毁灭波动。孟川催发青云天无反应、传讯令牌无反应（与外界完全隔绝），知不妙但冷静（早猜妖族不容其肆意屠戮，身上还有最后一枚护身石符，但对石符无十足信心）。黄摇老祖原想偷袭一刀，但孟川踏血刃盘快成一道光令三位妖族发慌，幸三绝阵念动即发，全力催发困住孟川后才松气。三位妖族感应孟川鬓发花白，猜苏醒封王。黄摇老祖施展冥河刀法（滚滚浑浊河水带死寂气息，媲美普通造化境，比安海王全力更可怕，洞天境后期境界仅肉身限制实力），黑袍北觉施展幻术""幻界""（攻击性不强，主要困敌元神令其失去感应反抗），长游引导阵法凝练真正杀招""大毁灭光线""（比真武王十绝灭世还可怕）。三绝阵：绝天地隔绝外在力量降临，绝时空无法穿梭时空逃跑，绝宿命隔绝一切因果天机感应（帝君等强者无法透过因果感应亲近之人危险来救）。原本妖圣催发帝君以下几乎必死，如今三位五重天妖王妖力催发威力大减但仍强。孟川第一时间施展云雾龙蛇身法进入更深层次虚空，外界映射九个化身，释放十八柄血刃催发护身符纹环绕。幻界碰不到孟川，大毁灭光线轰碎九个化身、粉碎虚空才令孟川真身显现，余波不足一成被十八柄血刃自成天地轻松挡住。孟川又一闪身潜入深层虚空。黄摇、北觉、长游惊愕：""肉身潜入深层次虚空？""",三绝阵困住孟川（绝天地绝时空绝宿命），冥河刀法+幻界+大毁灭光线连击被云雾龙蛇身法+血刃盘护体化解。
血刃盘,斩杀,战斗描写、爽点设置,战斗、爽点,"肉身潜入深层次虚空代表绝大多数攻击无效（天地游龙刀号称人族第一身法，叶鸿前辈可待极深虚空映射八十一化身立于不败；孟川虽非不败但可削弱敌人超九成手段）。孟川踏血刃盘潜行深层虚空，九柄血刃施展云雾龙蛇刀法悄然游走深层虚空逼近妖王长游（孟川判断最低调的长游是关键）。数十道模糊残影瞬间逼近，长游以两道大毁灭光线抵挡，血刃流光绕过光线贯穿其头颅、胸口、腹部，长游身体彻底粉碎毙命（新晋五重天肉身弱）。九柄血刃又逼近黑袍北觉，北觉拂袖震飞血刃，与黄摇老祖传音定计：北觉以大毁灭光线逼孟川真身出、元神秘术影响，黄摇全力杀。孟川见云雾龙蛇刀法对北觉无效，改以力破法，九柄血刃化作光施展无尽刀（威力强数倍达造化境门槛）。北觉操纵十五道大毁灭光线扫向孟川区域粉碎虚空令其现身，元神秘术袭来，但经九柄血刃护身阵法削弱仅剩一两成，孟川守住本心（劫境秘宝护身连元神秘术都大幅削弱）。黄摇冥河刀光杀来，孟川又消失入深层虚空。九柄血刃流光袭向北觉，北觉挡住三道后第四道擦手掌飞入胸膛，第五至七道接连袭来，北觉不擅近战肉身接连炸响彻底炸裂粉碎（黑袍北觉仅损失一具强大分身）。黄摇老祖不担心同伴（北觉擅分身化身），感三绝阵开始崩溃，需考虑逃命，来不及拆卸搬走阵法。孟川喊""黄摇老祖，你休想逃！今天为薛峰报仇""。",孟川反杀长游妖王和黑袍北觉分身，三绝阵崩溃，黄摇老祖逃命。
血刃盘,师尊来了,转折高潮、核心伏笔,伏笔、高潮,"元初山上，李观、秦五、洛棠焦急（孟川激发青云天但元初山天地之力无法降临，三绝阵隔绝外来力量但无法隔绝青云天与元初山感应，至少能确定位置）。李观命秦五真身去一趟，自己元神分身赶往剑皇城暂代镇守（二十息到，冒风险）。洛棠遗憾没让孟川选另两件攻击性劫境秘宝，李观称面对陷阱血刃盘或更能保命。李观、洛棠感叹孟川难再找（圆满雷霆灭世魔体+肉身一脉+元神天赋高+雷霆神眼擅地底探查+速度，有运气成分）。秦五尊者施展未完善的""裂天剑遁术""（裂天剑阵三十三柄剑中一柄，身剑合一，剑气冲击肉身皮肤渗血、洞天受冲击数年无法超极限爆发，速度暴增至一闪身三十九里）。秦五焦急赶路，不愿弟子战死。孟川借云雾龙蛇身法藏身深层虚空、血刃盘护体保命，长游妖王和北觉分身先后被斩，只剩黄摇老祖。黄摇老祖看清形势一飞冲天冲向地表，孟川施展身法跟随、九柄血刃围攻。血刃流光大多被护体妖力挡住，偶尔刺破衣袍刺中肉身仅微震（黄摇肉身在巅峰五重天妖王前列，比长游强太多）。黄摇老祖冲出地表全力赶路，最近世界连接点五百里需十六息，但孟川围攻令速度减半需三十息加轰破膜壁十息共五十息，人族尊者必赶到，放弃逃世界间隙。黄摇老祖俯冲钻回地底，不到最后不放弃活命。",秦五尊者施展裂天剑遁术赶来救援，黄摇老祖逃命被孟川纠缠，放弃逃世界间隙钻回地底。
血刃盘,黄摇老祖之死,转折高潮、矛盾收束,冲突、高潮,黄摇老祖钻地底，九柄血刃疯狂围攻令其速度大减。孟川脚踏血刃盘近距离跟，知尊者赶来。秦五尊者感孟川求援未催青云天，猜其仗速度跟踪妖圣。秦五激动（人族未杀过妖圣），维持裂天剑遁术不惜加重伤势。黄摇老祖钻地底气息完全收敛，身体分散成二十八道流光（燃血分身遁术）四面八方逃窜。孟川操纵九柄血刃截杀同时放出护身九柄血刃（有青云天护体有底气），十八柄血刃几乎一眨眼灭杀二十七个分身，只剩真身硬抗住。黄摇老祖挥刀怒劈虚空令天地颤栗，孟川猜其要破世界膜壁。黄摇老祖欲进域外（域外环境恶劣妖圣才能生存，封王不敢去），孟川冰冷以十八柄血刃围攻阻碍。黄摇老祖以五重天妖王之躯有法子域外活下，受血刃干扰耗费十二息劈开丈许裂缝，身体燃烧化血光钻进裂缝，裂缝愈合。孟川不甘黄摇逃了。秦五尊者赶到，孟川面具消失露真容。孟川称黄摇八息前破膜壁逃域外。秦五脸色一变追问准确位置，爆发恐怖剑气令地底数十里泥土岩石化齑粉成虚空（孟川震撼能看到天空）。秦五以剑气仔细扫过虚空，在距破开处数十丈外显现一颗金色珠子（小型洞天宝物）。秦五揭示黄摇五重天妖王之身去域外几乎必死，算定其还藏人族世界。秦五一挥手，一名黄毛豹妖王（仅三重天妖王之躯）出现求饶。秦五解释：黄摇冲出域外刹那舍弃原本肉身，元神潜入小型洞天夺舍，潜藏起来等孟川离开就溜走。孟川一直没离开黄摇不敢动。黄毛豹妖王求饶愿告知妖族秘密，秦五一剑气将其化齑粉（不可能饶）。孟川心情激荡，这是第一位死在人族世界的妖圣。孟川想起原地阵法别让妖族偷搬。,黄摇老祖佯装逃域外实则夺舍藏匿，秦五尊者识破斩杀（首位陨落人族世界的妖圣）。
血刃盘,妖族的暗手,设定揭示、伏笔深化,伏笔、揭示、设定,"秦五尊者哀伤薛峰死在黄摇手里。孟川带秦五至三绝阵所在处，秦五以剑气温柔扫过泥土岩石露出阵法，赞叹""绝天地、绝时空、绝宿命""厉害。秦五修炼十三剑煞魔体（最顶尖十三剑煞魔体强者必是阵法大师，剑煞组阵法令威力质变），论阵法达洞天境，以裂天剑阵布杀阵九渊妖圣胆敢来也化齑粉。秦五数息拆卸阵法部件收起（若布阵十息可成），称阵法价值极高、孟川拖住黄摇才有机会杀它，功劳巨大。孟川解释以自创《云雾龙蛇身法》法域境真身入深层虚空、血刃盘护体挡住袭杀，反杀长游妖王和黑袍北觉分身""妖王摩南""。秦五吃惊孟川改进天地游龙刀、自创两门绝学达法域境。秦五揭示黑袍妖王摩南非真身（化身万千，元初山早盯上，拥有巅峰五重天实力则非新晋五重天，应为妖圣北觉，最擅分身化身，真身没人知晓）。秦五嘱孟川继续地底探查无需担心妖族埋伏（护身石符在人族世界内绝对保命，但仅此最后一枚，用掉就没了）。海底小型洞天，九渊、重玄、火龙、北觉议事，黄摇妖圣死（第一位在人族世界死去的妖圣），三绝阵丢失。九渊要北觉告知神秘神魔名字以隔世界咒杀，北觉称不知身份（戴面具、招数伪装十三剑煞无法推测），帝君咒杀无目标。",秦五拆卸三绝阵，揭示北觉妖圣擅分身真身不明，妖族咒杀无目标，护身石符仅剩最后一枚。
血刃盘,各方动作（本集终）,核心伏笔、矛盾展现,伏笔、冲突,"妖界寒冰宫殿，星诃帝君、鹏皇、玄月娘娘三位帝君因埋伏失败、三绝阵丢失、黄摇身死、连神秘神魔名字都未查出而恼怒。星诃帝君称无身份无法咒杀（咒杀需媒介：血液头发最好，仅耗一年寿命；仅有名字无媒介需数十年甚至百年寿命，帝君万载寿命也不情愿）。鹏皇指出必须解决神秘神魔，否则数量优势无法发挥、顶层力量在人族世界吃亏，封王神魔可假死撑很久，傻等三五百年甚至千年令人族世界与妖界分离。玄月娘娘提出全面战略：重玄、火龙妖圣恢复五重天后经世界连接点接引巅峰五重天妖王入人族世界杀镇守封王；杀神秘神魔；百万妖王不断狩猎令人族大地几乎不见凡人；甚至损伤世界根基逼人族世界降格（降格后最强只造化境，人族难再出沧元祖师提升世界层次，成造化境难十倍，成帝君须去时空长河拼命）。妖族底蕴也诞生过一群劫境大能，有信心逼人族交出沧元祖师遗留（七劫境肉身劫大能一生积累对三位肉身方向帝君诱惑极大）。星诃帝君强迫千蛐妖圣一年内夺舍去人族世界（授因果一脉最高绝学""妖星卷""，不去则死）。人族世界，黄摇妖圣之死元初山未宣扬但写信告知晏烬和安海王。安海王（已被妖族策反，身份绝密仅九渊和北觉知晓）读信冷意（本想亲手斩黄摇，子女被黄摇所杀系""误会""）。黑袍北觉分身访安海王，以三门时间一脉帝君级绝学（人族一门都没有，诱惑极大）为代价，要求安海王查出神秘神魔真实身份（一个名字）。安海王称不知，北觉称只要想查能查出。本集终。",妖族帝君谋划全面战略（接引巅峰五重天、咒杀神秘神魔、逼世界降格），千蛐妖圣被迫夺舍，安海王被三门帝君级绝学利诱追查孟川身份。
滴血境,神秘神魔,情节推进、人物心理,情感,秋日孟川坐山顶饮酒，畅快宣告已将大周境内地底全部探查遍。孟川至元初山向李观尊者禀报，提出接下来帮两界岛和黑沙洞天解决境内妖王。孟川向李观提出要求：希望黑沙洞天让母亲白念云来大周与父亲团聚，永远不再阻拦。李观同意但指出须拖十年至二十年，否则妖族会因白念云（太阴殿圣女）放弃处子身份与孟大江团聚而怀疑其与神秘神魔有关，危及孟川安全。李观、秦五、洛棠召见两界岛徐应物、黑沙洞天白瑶月两位尊者虚影，告知元初山神魔已扫清大周地底可帮两大宗派。徐应物激动恳求帮忙，白瑶月询问神秘神魔身份及要求。,孟川扫清大周地底妖王，向李观提出让母亲团聚的要求，三大尊者召见两大宗派谈判帮忙解决妖王。
滴血境,化龙池,设定展开、情节推进,设定,"李观向徐应物提出：孟川将来提一个要求，做不到则赠秘宝""阴阳镜""（两界岛阴阳老人所传一脉辅助秘宝）。徐应物答应。李观向白瑶月提出：同样一个要求，做不到则赠""化龙池""（黑沙洞天至宝，能让龙神体修行者精纯血脉，一代代使用，因龙神体修行者千年才出一个、利用率低故可割舍）。白瑶月与黑沙另两位尊者商议后同意。李观表示孟川两边都会探查让妖族无所适从，从明天开始。第二天孟川告别柳七月出发，戴面具鬓发花白脚踏血刃盘进入大越王朝地底狩猎。半个多月后孟川屠戮又一处妖王巢穴，斩妖刀吞吸数十万妖王怨气罪孽后刀身剧烈震颤，正在发生质的变化。",三大宗派谈判确定代价（阴阳镜/化龙池），孟川开始大越黑沙地底探查，斩妖刀吞吸数十万妖王怨气后开始蜕变。
滴血境,逃向海洋,装备获取、伏笔深化,伏笔、奖励,斩妖刀蜕变完成，暗红刀身变漆黑如吞吸一切光线。孟川拔刀时遭强烈心灵冲击（无尽血海杀戮意识），血刃盘放光削弱冲击、元神庇护意识，孟川保持清醒。斩妖刀真实位置与显现位置完全不同，无间领域都探查不出真实位置，仿佛一个小型幻界，对元神五层强者都有影响。孟川期待斩妖刀继续成长。大量妖王在地底逃亡，帝君妖圣命令逃往海洋疆域但禁止回妖界。孟川傍晚回江州城，柳七月递元初山信，孟川得知妖族高层统一命令妖王逃往海洋。陆地妖王减少，巡守神魔压力减轻，两界岛黑沙高层庆贺。孟川称要彻底除根须达滴血境。妖界千蛐妖圣洞府，星诃帝君降临质问千蛐妖圣一年之期将到为何还没去人族世界（千蛐已夺舍成三重天蜈蚣妖王）。,斩妖刀蜕变（漆黑刀身、心灵冲击大增、位置诡异难测），妖族令妖王逃往海洋，星诃帝君逼迫千蛐妖圣夺舍。
滴血境,千蛐,伏笔深化、人物心理,伏笔、情感,"千蛐妖圣解释因果血咒需五重天妖力才能施展，当前三重天盲目进入无用且易暴露，请求先修炼到临近四重天再潜入。星诃帝君赐""元灵血气""（夺舍后辅助修行宝物，促进肉身与元神契合，九成五契合度前帮助明显），千蛐妖圣承诺半年内成四重天、两年内成五重天。星诃帝君催促尽快查出神秘神魔身份以便咒杀，并许诺成功后帝君级兵器任挑一件。千蛐妖圣心中暗恨被逼夺舍断绝修行路，知帝君们为的是沧元祖师宝藏。约一年半后千蛐妖圣从茫茫海域世界入口潜入人族世界，瞬间向四重天妖王转化。一个月后阳春三月，孟川每日只探查三个时辰（妖王躲海洋，效率低），路过父亲孟大江巡守区域（如今妖王稀少，孟大江日子悠闲）。孟川回江州城，发现柳七月突破元神三层。",千蛐妖圣获元灵血气夺舍潜入人族世界，孟川探查效率降低转重修行，柳七月突破元神三层。
滴血境,柳七月封王,转折高潮、情感展现,情感、高潮,柳七月练箭术时突破元神三层，孟川大喜当日赴元初山禀报并换突破宝物。李观尊者称柳七月封王是元初山大喜事（凤凰神体封王威慑力强），承诺三天后元神分身去江州城镇守护法。秦五、洛棠虚影得知后讨论：柳七月凤凰涅槃可暴涨到造化尊者层次，巅峰封王涅槃可达造化境巅峰，神箭手同层次攻击最强；秦五提及孟川为柳七月花费超六亿功劳换宝物，孟川总功劳超六十亿。三天后李观元神分身来江州城陪孟川饮酒等待。半夜柳七月突破成功（无间领域波动荡漾），成为封王神魔。李观宣布新晋封王一律不公开，赐柳七月帝君级神兵（凤凰血脉域外强者用过的神弓箭囊，劫境神弓需元神五层才能炼化故选此套）。李观感叹自己撑不了太久，元初山要靠年轻一代。孟川向柳七月解释李观接近寿命大限靠沉睡拖延。,柳七月突破封王神魔（凤凰神体），元初山赐帝君级神兵，新晋封王不公开，李观感叹寿命大限。
滴血境,元神五层,悟道、情感展现,修炼、情感、爽点,"孟川为妻子画《贺夫人封王》（桃花前嗅花香的半身像），绘画时元神绽放灵性光芒，元神蜕变突破元神五层""夺舍境""（58岁，元神四层到五层仅十年）。孟川回忆这十年战争最惨烈（放弃府县、古老神魔苏醒、巡守神魔战死、封侯神魔战死数十位、世界间隙出现、夺舍妖圣到来）。孟川进入静室以元神五层微观秘术探查全身：一滴血如浩瀚世界，看到血液内海量粒子及粒子内部""粒子空间""；探查丹田空间""无间境之源""（比粒子小的紫褐色球体，表面炽烈白光纹路，两极迸射无间境真元），以元神全力约束令球体坍缩三分之一（真元更精纯）。孟川开始滴血境修炼：每个粒子空间浩瀚如星空，元神五层后元神念头质变（凝实如小人、缩小至粒子核百分之一、承载完整记忆烙印），微小的孟川盘膝坐粒子核上渐渐下沉融入粒子核内部。",孟川绘画突破元神五层夺舍境，以微观秘术探查无间境之源并开始滴血境修炼。
滴血境,滴血境（上）,设定揭示、悟道,修炼、揭示、设定、爽点,孟川元神念头下沉到粒子核中央，以自悟法域境为规则将粗陋粒子空间改造为小型粒子天地（粒子核彻底蜕变），每个粒子天地拥有孟川完整记忆和境界，若肉身被粉碎只剩一颗粒子也能靠时间恢复。滴血境修炼目标是将所有粒子修炼成粒子天地，战斗时调动无数粒子天地力量，肉身比任何妖王都强；滴血重生——只要未粉碎粒子天地，无数粒子瞬间汇聚完整肉身；杀滴血境须磨灭体内所有粒子天地。滴血境正面搏杀最多造化门槛实力，但生命力极强、可越阶一战。缺陷是门槛高（需元神五层，封王五重天妖王一般元神三层）。更高层入圣境需元神六层+洞天境，神话境更需百斤星空晶石（最顶尖存在借此控制修行者数量）。沧元祖师仅得少量星空晶石。孟川试用洞天本源之力修炼（比无间境真元更适合身体修炼，补充速度比封王恢复真元快）。预计半年练成。妖王每两月大规模攻城，封侯神魔仍有折损。五天后夜，孟川静室突破滴血境，体表绽放彩色光芒、闪电迸发、五彩力量引动，如小型世界带来可怕压迫感。,滴血境修炼原理揭示（粒子天地、滴血重生、越阶一战），星空晶石限制修行者数量，孟川突破滴血境。
滴血境,滴血境（下）,装备获取、设定展开,奖励、设定,孟川突破滴血境，全身粒子天地共鸣，体表彩色光芒。孟川瞬移至城外夜空测试五门神通：①不灭神甲（皮肤透明皮膜，硬抗巅峰封王攻击，可化作衣袍铠甲兵器）；②雷霆神眼/雷磁领域（半径百里，渗透地底十里，探查效率提升超十倍，一年半可扫遍天下地底；领域内可滋生闪电劈杀三重天妖王，多重联合可劈杀四重天；可加速血刃——血刃在雷磁领域绕飞八圈三千里后速度提升六成威力数倍达顶尖造化境，缺陷需加速过程）；③天怒（消耗体内两成雷电媲美新晋造化境一击，有血刃盘意义不大；新变化：肉身完全粒子化融入雷电超高速飞行，一闪身约五百里比血刃盘还快，用于遁逃救援，但无法施展雷磁领域和不灭神甲）；④掌控天地（无数粒子天地领域外放掌控周围百里天地，可打破世界膜壁，仅维持十息）；⑤第五门神通更特殊（传承中无记载）。,孟川突破滴血境获五门神通：不灭神甲、雷磁领域（十里探查）、天怒（粒子化遁逃）、掌控天地（百里领域十息），第五门待感受。
滴血境,神通'流沙',设定揭示、悟道,修炼、揭示、设定、爽点,"孟川感受第五门神通：额头两侧浮现银色秘纹，银色闪电闪烁，周围一切放慢十倍——自身时间流速变化，外界过去一息自己过去十息。最多扩张十丈范围（可渗透地底十丈，大地规则无法压制），扩张范围会大大加大负担。施展约三十息（外界三息）后额头疼痛、识海不适，遂收缩停止。此神通与肉身头颅和识海有关，施展时间不能太长。孟川命名其为""流沙""（时光如流沙流逝）。雷霆神眼、天怒、流沙三门神通皆因先修雷霆灭世魔体再转修肉身一脉而生，传承中无记载。孟川思索如何结合五门神通辅佐血刃盘。第二天孟川赴元初山禀报突破滴血境，李观、秦五、洛棠惊喜。孟川称探查范围从三里扩至十里，一年半可扫清天下地底。李观称百万妖王威胁将除，妖族威胁降大半。洛棠称至少能再拖数百年。李观担心世界入口将来出现能容纳妖圣进入的。孟川问如何终结战争，李观称需诞生帝君（元神七层，九尊元神分身，天地领域瞬移千里）或元神八层（一念覆盖人族世界灭杀所有妖圣）或造化境无敌（如阴阳老人自创帝君级绝学）。秦五称自己仅造化境巅峰配合劫境秘宝达帝君门槛，妖族有两位妖圣已悟出天地境。","第五门神通""流沙""（时间加速十倍）命名揭示，孟川禀报滴血境突破，尊者们讨论终结战争需帝君或造化境无敌。"
滴血境,北海深处,设定展开、伏笔埋设,伏笔、设定,孟川暗叹终结战争难，却不知儿子孟安已闯过轮回试炼获沧元祖师传承（人族最强传承，造化境巅峰可越阶战帝君称造化境无敌，三位尊者因机密未告知孟川）。秦五、洛棠安慰孟川已做得很好。李观嘱孟川滴血重生须留一滴血藏于元初山殿厅（防意外），并警示：帝君可分血肉分身（元神分身入血肉分身为完整生命，本尊被杀分身完好），但时空长河中敌人可借因果斩杀所有分身和保命手段（血刃盘原主即帝君，被敌人借因果隔无尽时空击杀）。殿厅能隔绝天机推演、削减劫境以下因果杀招超九成。孟川滴血入玉瓶，李观将玉瓶嵌入殿壁。李观提及元初山历史上的帝君们去时空长河都是真身在殿内闭关、血肉分身在外闯荡。孟川告别出发，脚踏血刃盘戴面具地底六十里深度探查，从南到北横扫天下地底。场景转北海深处海底山脉（任何鱼儿无法靠近），三头水族妖王路过看不见山脉，谈论妖王被屠戮、帝君妖圣不许回妖界、人族三大宗派在招降妖王。一道黑袍身影站在山门看着妖王路过，感叹元初山面对妖族成了软脚虾，若沧海派统领天下定比元初山做得好。,孟川留滴血于殿厅保命，李观警示因果杀招，孟川开始横扫天下地底，北海深处海底山脉暗藏沧海派遗址及黑袍护法神。
滴血境,五重天'千蛐',伏笔深化、矛盾展现,伏笔、冲突,人族三大王朝过年欢喜（妖王为祸罕见），海底小型洞天内九渊妖圣联系星诃帝君禀报：三个月损失十余万妖王，妖王恐慌开始有极少数投靠人族宗派（人族开放洞天让妖王自由居住），建议让妖王回妖界。星诃帝君拒绝（仅剩不足五十万妖王，回去消息难控制，下次难再调动百万妖王），称数十万妖王损失是小事，只要能击杀神秘神魔。星诃帝君强令千蛐妖圣一月内突破五重天（赐圣体灵丹和圣体天心卷，损伤肉身根基但可转修圣体），九渊和黑袍北觉推动此事。千蛐妖圣无奈答应（惹怒帝君九渊会杀它）。千蛐妖圣卡在一月期限最后一天突破五重天，可施展因果血咒。九渊妖圣借令牌（能感应天下任何妖王位置）给千蛐妖圣使用一天。千蛐妖圣在三千名妖王身上施因果血咒（一天极致），分散天下处处包括海洋和陆地。千蛐妖圣自信封王神魔对因果了解少、察觉不了也剥除不了血咒。,星诃帝君强令千蛐妖圣一月内突破五重天，千蛐在三千妖王身上施因果血咒布下诱饵锁定神秘神魔。
滴血境,我等了太久了,伏笔爆发、悬念设置,伏笔,千蛐妖圣交还令牌（平常九渊掌控，防落人族手中）。千蛐妖圣称三千妖王分散天下，若大量死必是神秘神魔，死三五百个即可确定目标。诱饵刚布下即死一个，千蛐循因果感知看到凶手——年轻男子，东宁侯孟川。九渊判断孟川仅封侯神魔、实力较弱、不可能扛过三绝阵围杀，北觉确定目标为封王神魔造化门槛实力，认为孟川可能是救援时顺便杀了妖王，决定等更多诱饵死亡。孟川在海底雷磁领域劈杀妖王（含被血咒标记者），对因果血咒毫无察觉（血刃盘护体无法隔绝因果，三绝阵只遮掩因果不令消失）。孟川元神五层控制妖王仆从（只能控制约一千之数，已有三百多位媲美新晋四重天的妖王仆从）。孟川继续大规模探查天下地底，变换深度和方向令妖族找不到规律。孟川了解人族世界形状（南北十万余里、东西九万余里、近圆形、海水深十里左右）。古老海底山脉山门处，黑袍身影（护法神）看到孟川流光超高速飞过，激动称等了五十余万年终于有封王神魔来到这里。,千蛐妖圣循因果血咒感知到凶手为孟川（九渊误判为非目标），孟川对血咒毫无察觉，沧海派护法神等五十余万年终于等到孟川。
滴血境,沧海派,设定揭示、悬念设置,伏笔、揭示、设定,"孟川贴海底飞行探查时周围虚空变幻，警惕妖族埋伏放出血刃环绕。场景恢复正常，发现古老山门刻有""沧海""二字，震惊此处是沧海派遗址。人族曾有无敌宗派""沧元宗""（沧元祖师创建），祖师逝去后分裂为沧海派（沧海魔尊为首，自创沧海魔体，达天地境但因元神未成帝君，自创帝君级绝学）和元初山（元初祖师为首，自创帝君级绝学和元初神体，成帝君压沧海魔尊一头），元初山占优势得沧元宗大部分力量，沧海派得少部分。沧海派已消失数十万年，遗留阵法仍可怕。黑袍长眉老者（护法神，非真实生命）认出血刃盘是沧元祖师留劫境秘宝，自称沧元宗护法神（沧元宗分裂后成沧海派护法神，元初山也有两尊护法神）。护法神带孟川进入沧海派核心洞天，展示三座建筑：群星楼（沧元祖师闯荡时空长河积累的九十八门劫境/帝君/尊者级绝学，封王可无需考验进入）、心海殿（藏元神秘术）、战神塔（磨砺战斗）。护法神提出进群星楼需转投沧海派或立心之誓言百年内帮找三名十六岁前悟出势之境的天才弟子。孟川询问另两座建筑考验代价。",孟川发现沧海派遗址，护法神揭示沧元宗分裂历史，展示群星楼/心海殿/战神塔三座建筑及各自进入条件。
滴血境,心海殿和战神塔,设定揭示、伏笔埋设,伏笔、揭示、设定,护法神详解三座建筑：群星楼无需考验封王可进；战神塔考验技艺境界战斗智慧（九层，闯过七层为造化境无敌，九层为时空长河造化境最强水准可越阶杀帝君；根据实力和年龄判断潜力，历史排名前五算通过；元初祖师排名第三，沧海祖师排名第七；只有一次机会）；心海殿考验元神和心灵意志（根据年龄、元神、心灵意志三方面定排名，历史前五可翻阅所有元神秘术；元初祖师排名第九，沧海祖师排名第十七；前五中两位成元神劫境大能另三位元神天赋极高）。通过一门考验可当沧海派护道人，通过两门则沧海派一切交给孟川决断（第一百一十九任掌门决定、后七任掌门同意；沧海派最后一任掌门仅封侯实力，之后断绝，护法神在海底等了五十余万年）。孟川询问历史上是否有人两方面都前五，护法神称过去没有，最接近是安杨帝君（元神潜力第二、战神塔第六）。沧海派要求极高因是将整个宗派奉上，比血刃盘珍贵太多。,战神塔和心海殿考验规则及历史排名揭示，通过两门考验可获沧海派一切，历史上无人两方面都前五。
滴血境,游心海,人物心理、氛围营造,情感、设定,"孟川向护法神说明人族世界与妖族世界相连、世界入口数不胜数、人族已到生死存亡之时（当代三位妖族帝君近百妖圣、人族无帝君仅九位造化境、两位妖圣达天地境），急需沧海派力量让造化境们参悟诞生帝君或造化境无敌。护法神称造化境无敌很难（平均数万年才一位，多为沧元祖师隔代弟子，秘密在元初山弟子中培养）。孟川以妖王路过偏僻海底为由 urgency，护法神叹息须遵循掌门命令无法破例，唯一法子是通过两门考验。孟川决定先闯心海殿（对自身元神天赋最有信心），化名""斩妖人""（戴面具保密身份）。孟川推开心海殿门入内，坐蒲团上意识坠入浩瀚世界：阳光大海小船船桨，需乘船渡海。护法神在殿外看柱石显现""斩妖人，59岁""，震惊——封王神魔鬓发花白一般超四百岁，心海殿按生命经历岁月判定年龄最精准，名字也是假的，伪装极深。",孟川以人族存亡说服无果，化名斩妖人闯心海殿，心灵意志考验为乘船渡心海，护法神震惊其仅59岁。
滴血境,历史排名,爽点设置、核心伏笔,伏笔、爽点,"护法神查看柱石排名，""斩妖人""初始排名第九（59岁元神五层，将沧海祖师压到第十八、元初祖师压到第十）。初始排名即超两位祖师，元神天赋可怕。心灵意志考验结束排名还会提升。孟川在心海幻境中驾驭小船，初时海浪平静惬意，后狂风起海浪汹涌，孟川意念辅助船只借力驾驭巨浪。暴雨倾盆天地幽暗，孟川靠元神意念感应近距离周围努力驾驭。孟川回忆六岁立誓斩妖、与柳七月相互扶持征战、全家上战场，百炼成钢般信念超越生死。护法神盯着排名：第八→第七→第五（进前五至少是护道人）→第三（考验还未结束）。护法神惊叹其元神七层板上钉钉甚至有望元神八层劫境。",孟川心海殿初始排名第九超两位祖师，心灵意志考验中排名持续攀升至第三，元神天赋人族历史第一。
滴血境,元神传承,核心伏笔、设定揭示,伏笔、揭示、设定,柱石排名显示：第一万剑岛主、第二安杨帝君、第三斩妖人。万剑岛主是人族历史上剑道成就最高者，自创十三剑煞魔体（威力超轮回神体），曾以帝君之身越阶斩劫境大能，一心走肉身劫境但终生未跨出那一步（肉身圆满达劫境仅沧元祖师），独居海外岛屿长期在时空长河遨游。孟川在心海幻境中遭雷电劈中船只，意识空白后从海水深处挣扎上浮，八百丈巨浪砸下木船炸裂——考验结束。孟川醒来看柱石排名：第一斩妖人、第二万剑岛主、第三安杨帝君。护法神解释这是潜力排名，孟川59岁元神五层的元神潜力是人族有史以来第一（沧元祖师元神是弱点终生元神七层）。护法神劝孟川走元神道路（肉身劫境仅沧元祖师达成，元神对众生一视同仁在乎炼心）。孟川称离帝君还远暂不考虑。护法神宣布孟川通过心海殿考验，心海殿评价超越劫境门槛线，可获心海殿暗藏传承——沧元祖师闯荡时空长河得到的最神秘元神传承，判定为元神八劫境大能传承，遭时空长河规则限制传授九次后消失，已传七次。,孟川心海殿历史排名第一（超万剑岛主、安杨帝君），护法神揭示万剑岛主身世，孟川获八劫境大能传承资格。
滴血境,费羽大能,核心伏笔、装备获取,伏笔、奖励,"护法神解释八劫境大能：六劫境令众多世界瑟瑟发抖、帝君一生都不一定能见到；七劫境是传说无敌象征；八劫境是沧元祖师能探寻范围内最强者，遭时空规则限制，离永恒只差一步，七劫境大能甘愿追随。沧元祖师卡在瓶颈没能突破八劫境直至老死，一生只见过一位活着的八劫境大能。护法神带孟川入心海殿静室，悬浮的白色球体（亿亿万微小结构）射光芒入孟川眉心。孟川意识进入虚幻世界：草地圆润建筑，银发蓝瞳老者额头两根触角，自称""费羽""，已到寿命大限，遨游时空长河走过三十七个宇宙，唯一放不下家乡费羽界。费羽留下传承（一生最高成就），参悟即结因果，达八劫境后须庇护费羽界十万年或送一株世界树了结因果。传承名《元神星辰》，藏于二十九幅画卷（每幅都是星辰，越后越高深）。前九幅孟川勉强看明（第九幅为九个虚空层面星辰），最后一幅浩瀚意境超紫色雷霆，现实显现元神会化齑粉。修行禁忌：元神五层参悟前三幅不可参悟第四幅，元神六层前六幅，元神七层前九幅，元神劫境量力而行。孟川参悟第一幅图（立体星辰符纹外显），发现元神可直接修炼（以原有元神为根基自我缓慢提升，按比例提升自身越强提升越多），入门将元神结构彻底改变为星辰结构。",八劫境大能费羽留下《元神星辰》传承（二十九幅星辰图），孟川参悟第一幅图，元神可直接修炼按比例提升。
滴血境,修炼,悟道、装备获取,修炼、奖励、爽点,孟川简单参悟第二三幅图后停下（时间宝贵需探查妖王）。孟川按第一幅图悟出的元神结构，将无数元神念头重新架构为一颗庞大星辰（元神星辰），精神空灵思维快数倍元神稳固如堡垒，随星辰旋转缓慢汲取外界力量强化元神（永不停止）。按描述：元神五层到六层约五百年、六层到七层约千年、七层到八层约两千年。门槛：①图卷（越后越难，可能悟成死路卡在六层或七层）；②心灵意志（不够强无法参悟图卷且跨入劫境就是死）。元神星辰令元神稳固防御增十倍不止。杀招：星辰波动（影响同层次敌人，对方原始形态元神实力损失近半）、禁招星芒（越阶伤元神六层，损伤元神三成根基需十年恢复）、玉石俱焚（燃烧整个元神星辰拼死一击，大概率元神湮灭）。达劫境星芒可常规施展，六劫境玉石俱焚可常规禁招。孟川出心海殿，护法神展示殿内书架过百本元神秘术典籍（沧元祖师收集及人族其他劫境帝君所得），取下历代修炼《元神星辰》前辈的笔记（仅传承者可翻看），叮嘱《元神星辰》名字和提升幅度都须保密，伪装成防御厉害的顶尖元神秘术即可。,孟川修炼元神星辰入门（元神化为星辰结构，缓慢自我提升），获星辰波动/星芒/玉石俱焚杀招，须严格保密。
滴血境,塔内,装备获取、伏笔埋设,伏笔、奖励,"前辈笔记建议兼修《魔锥禁术》（与元神星辰最契合，对敌效果极好，可舍弃星芒）。《魔锥禁术》是修炼元神兵器""魔锥""的禁术（非时空限制），需消耗元神根基修炼：一成根基影响不大、超一成防护性下降提升变慢、超三成出现记忆缺失悟性下降。一成根基魔锥媲美星芒越阶伤元神六层；三成根基元神五层有望击杀元神六层（心灵意志差者意识空白毫无反抗）。缺陷是魔锥令元神星辰长期处于损伤根基状态。孟川决定兼修元神星辰和魔锥禁术。孟川走向战神塔，护法神说明战神塔考验真实战斗实力和技艺境界（血刃盘等外在力量无法用，元神秘术无效因对手是阵法形成），根据年龄、实力、技艺境界判断潜力。五十九岁封王神魔人族历史进不了前一千（秦五58岁封王、白瑶月53岁封王），护法神鼓励孟川全力以赴展现自己。孟川入战神塔，收起血刃盘和斩妖刀，以不灭神甲形成衣袍，挑一柄酷似斩妖刀的战刀。第一层对手为有鳞甲翅膀的异族强者，孟川化作光杀去。",孟川获《魔锥禁术》（修炼元神兵器魔锥越阶伤敌），入战神塔挑兵器闯第一层（外在力量均不可用）。
滴血境,一层层,战斗描写、爽点设置,战斗、爽点,孟川恢复近身搏杀（滴血境肉身超越巅峰五重天妖王，配合云雾龙蛇刀无尽刀达造化门槛，比安海王强一筹）。第一层轻松击杀鳞甲翅膀异族（顶尖五重天妖王水准）。第二层五名黑甲异族（三丈高、会布阵围攻），孟川施展云雾龙蛇身法潜入深层虚空，九道化身突袭逐一斩杀。孟川感叹天地游龙刀（叶鸿所创）不愧人族第一身法（可攻击对手对手碰不到）。第三层白毛虎妖王（巅峰五重天全面型：领域神通、护身黑风、肉身强横、恢复力惊人、爪法法域巅峰），孟川潜深层虚空刀光被黑风挡仅劈开毛皮，遂施展云雾龙蛇身法极致配合无尽刀十六记从四面八方围攻，第七刀切断胳膊、第十六刀将虎妖王切成十余截溃散。孟川自评两门刀法弥补缺陷让自己更全面。护法神在塔外看柱石排名第三十五，困惑闯过第三层应有造化门槛实力但59岁没进前十，怀疑是特殊体系或异宝导致肉身强大（技艺境界和年龄是战神塔判定最关键要素）。,孟川闯过战神塔前三层（击杀鳞甲异族、五名黑甲异族、白毛虎妖王），护法神困惑其排名仅第三十五。
滴血境,滴水不漏,战斗描写、爽点设置,战斗、爽点,第四层对手为背双剑的中年男子（战神塔本身操纵，第一个碰到的人族对手，知道孟川前三层手段）。中年男子剑之领域令孟川深层次虚空百丈距离被迫现身，守得滴水不漏。孟川显现真身近身搏杀（以滴血境肉身之长攻剑术肉身之短），仍被逼退。孟川施展神通天怒——五连发雷电（每道媲美正常造化境一击，速度超快无法闪躲有麻痹之效），第一击中年男子吐血身体麻痹护体剑光溃散，五连发后身体焦黑溃散。孟川体内雷霆完全轰出，盘膝调洞天本源之力恢复三个时辰至圆满。护法神惊愕孟川闯过第四层（造化门槛层次对手针对入塔神魔弱点形成），排名升至第十二，困惑仍没进前十。第五层人族老者（洞天领域百里），告知孟川此前雷霆吃了亏，九位造化境层次强者（人族老者、妖龙、羽翼女子、黝黑触角老者等）将联手围攻，需全部击杀才能通过（一般巅峰造化境才能闯过）。,孟川以天怒五连发击杀第四层造化门槛剑术中年男子闯过，第五层面对九位造化境层次强者联手。
滴血境,爆发的孟川,战斗描写、转折高潮,战斗、高潮,"孟川知巅峰造化境才能闯第五层，师尊秦五不用劫境兵器也才巅峰造化境。人族老者称手段非常全面、战斗智慧极高的顶尖造化境也有希望，但孟川技艺仅法域境大成无希望。孟川想起护法神所言""闯到哪层不是最重要，重要的是展现自己""。九位造化境强者多重领域完美结合（凝固虚空、雾气束缚、排斥力），孟川进入深层虚空也受凝固虚空影响，无法靠近三里范围，实力大减只有封王巅峰。孟川同时施展两门神通：掌控天地（粒子天地爆发外放自成领域影响周围百里，抵消大半多重领域压制，仅维持十息）和流沙（时间约束自身肉身消耗最低，外界一息自己十息，一举一动快十倍）。孟川一闪身三百八十里（多重领域削减下），快到九位强者慌乱。仅三位远攻能追上（人族老者十三剑煞、羽翼女子七道彩光、妖龙额头金光）。孟川身法变幻莫测（超天地游龙刀），多数攻击落空，仅两道剑煞一道彩光碰到，挡下两道硬抗一道（不灭神甲被刺穿留伤口滴血境眨眼恢复）。孟川突破阻挡来到羽翼女子身前。",孟川同时施展掌控天地+流沙对抗九位造化境强者，速度暴涨至一闪身三百八十里突破阻挡逼近羽翼女子。
滴血境,出战神塔,战斗描写、爽点设置,战斗、爽点,孟川判断九位中肉身弱的三位（羽翼女子、黝黑触角老者、人族老者）。流沙十倍时间下孟川劈出十刀，劈溃羽翼女子护体彩光和羽翼，超近距离天怒雷电令其麻痹口鼻流彩色血，刀光将其一分而二，身体炸裂化作羽毛欲逃被刀光扫尽湮灭——击杀一位造化境层次异族（羽翼圣者）。孟川转攻黝黑触角老者，被切开分散数十个仍笑眯眯，判断错误（对方非常难杀）。孟川转攻人族老者，十三剑煞护身又有同伴配合固守，两息奈何不得。孟川又试三位强者均无法短时间解决。掌控天地无法维持后多重领域压制大涨、肉身虚弱速度锐减至一闪身百余里，妖龙金光射穿孟川身体（不灭神甲肉身被贯穿）。孟川认输（知平常仅造化门槛，掌控天地+流沙同时施展暴涨到顶尖造化境仅维持十息外界一息）。人族老者称孟川狡猾疯狂进攻一通就认输，挥手将孟川挪移至塔外。孟川问排名，护法神复杂告知：战神塔历史第五。,孟川击杀羽翼女子后认输，战神塔历史排名第五，通过双考验获沧海派一切。
滴血境,沧海派宝藏,装备获取、核心伏笔,伏笔、奖励,"护法神心情复杂，没想到""斩妖人""心海殿第一、战神塔第五，沧海派一切将交出。孟川畅快大笑，称将传承带回元初山是极大补充，师尊秦五们有望达造化境无敌（诞生一位便彻底获胜）。护法神宣布沧海派归孟川，无需立心之誓言（此等人物为修行路会完成承诺，否则大因果致修行艰难）。护法神给孟川宝藏清单书册，介绍三座建筑最珍贵（群星楼九十八门绝学、心海殿元神秘术、战神塔磨砺实战），劫境秘宝兵器五件、帝君级十二件（元初山劫境秘宝兵器恐十倍于此）。沧海派先后三位造化境无敌、数百位造化尊者去时空长河遨游带回宝物，末期被其他宗派追杀断绝传承。孟川挑适合家人宝物：凤凰羽衣（凤凰血脉飞禽羽毛编织，尊者以下攻击几乎伤不了，可释放凤凰火焰百丈，需擅长火焰一脉封王神魔催发——给柳七月）、三颗强大肉身异果（封王以下可脱胎换骨）、帝君级异族尸体三具等。孟川挑两时辰适合自身和家人的（不及沧海派百分之一），三大建筑及劫境秘宝兵器打算全交元初山。孟川信心更足，想着将来或许能成帝君乃至劫境大能，眼下最紧要赢得战争。",孟川获沧海派一切，挑凤凰羽衣等适合家人的宝物，三大建筑及重宝打算全交元初山，心海殿战神塔考验令其信心更足。
滴血境,沧海祖师（本集终）,核心伏笔、设定揭示,伏笔、揭示、设定,"护法神带孟川至沧海阁（历代掌门修行处）第七层（仅掌门可入）。瘦削男子光影汇聚——沧海祖师留影。沧海祖师讲述：自认聪明绝顶，沧元宗内渐出现不亚于自己的师兄""元初""（低调不争强好胜却超越众弟子），两人斗了一辈子都达造化境无敌，元初祖师成帝君、自创元初神体（五行轮转，轮回神体另一方向）超越沧海魔体。元初祖师认为沧元宗内部山头派系林立应放宽统治、故意流传修行法门让凡俗出现宗派以外部压力团结沧元宗。沧海祖师认为元初不配掌管，内部争斗输了（元初突破帝君），元初未赶尽杀绝而是将宗派一分为二，沧元宗十二镇宗宝物任选三件带走。沧海祖师选了群星楼、心海殿、战神塔（最重要的修行秘籍），嘱咐后辈征服天下吞了元初山恢复沧元宗风采，但若元初山没落吞并后须单立""元初一脉""（元初从未赶尽杀绝）。沧海祖师感叹修行才是根本（肉身和元神皆需重视，自己境界到元神未到无法成帝君）。沧海祖师还讲述一件大秘密（域外闯荡际遇，仅掌门可知）。孟川听完历代掌门秘密（数十万年历史、数百位造化尊者、三位造化境无敌的积累），感叹造化尊者才是进时空长河最低门槛。孟川走出沧海阁，决定将沧海派宝藏交给元初山。护法神惊讶孟川仅收很少一部分。孟川以传讯令牌发最低层次求援（怕中途遭妖族袭击宝藏落入妖族手中）。护法神送孟川出洞天至海底山门。元初山清晨，李观尊者收到求援令牌，称最低层次无危险、距离远在北海海底，派元神分身去一趟看发生何事（本集终）。",沧海祖师留影讲述与元初祖师争斗一生及沧元宗分裂秘密，孟川决定将沧海派宝藏交元初山，发求援令牌李观派元神分身前往。
名震天下,掌令,转折高潮、装备获取,奖励、高潮,"李观元神分身应孟川召唤赶到海底，孟川在海底深处发现沧海派山门（沧元宗分裂出的另一支脉），已完成沧海派两大考验，护法神黑袍长眉老者主动将沧海派一切奉上。孟川将沧海派（含三大镇宗宝物群星楼、心海殿、战神塔）献归元初山，请李观来接收。秦五尊者真身赶到，护法神将整个沧海派搬迁入三枚小型洞天珠子交孟川转秦五。三大镇宗宝物回归，十二镇宗宝物重新齐聚。李观、秦五、洛棠感叹孟川功劳超越元初山历史任何弟子（连三位帝君论功劳都比不上），赏无可赏，破例让孟川担任元初山第四位""掌令者""（封王神魔担任掌令者需三位掌令者共同同意）。掌令者为元初山最高权力，决定宗派一切事务，规则内宗派宝物任凭挑选。",孟川献沧海派归元初山（三大镇宗宝物回归），获封第四位掌令者。
名震天下,秘辛,设定揭示、核心伏笔,伏笔、揭示、设定,李观、洛棠高空迎接，秦五展示三颗洞天珠子存放整个沧海派积累。孟川递交书册记载沧海派宝物（三大镇宗宝物外还有劫境秘宝兵器五件，孟川已取帝君级秘宝兵器一件）。四人进入沧元祖师画卷殿厅广场，三座建筑落下（群星楼、心海殿、战神塔环绕大殿）。洛棠称群星楼传有九十八门绝学（劫境、帝君级为主，极少数尊者级，经沧元祖师筛选收藏），历史上仅两位前辈彻底练成记录黑铁天书，除两门尊者级外皆失传。孟川问元初祖师为何分裂沧元宗。李观揭示秘辛：沧元宗统治世界数十万年太强导致糜烂内斗，沧元祖师在时可控，逝去后内斗触目惊心（弟子名额不给最优秀者、派系之争、尊者因内斗死去、叛出弟子报复）。元初祖师痛下决心故意宣扬理念引起反对，将反对派切割出去，担心自己做错故拿出九件镇宗宝物任沧海祖师选三件，两条路各一脉发扬光大沧元宗都能兴盛。历史证明元初祖师选择正确——有外在威胁元初山内部团结，九大镇宗宝物令元初山永为当代数一数二宗派。李观揭示元初祖师故意分出群星楼、心海殿、战神塔：一为分出之脉有足够镇宗宝物立足；二为逼迫元初山尊者自创绝学（修行到造化境真正大成就者都自己摸索道路），有劫境帝君级秘宝兵器蕴含符纹指引方向。,沧元宗分裂秘辛揭示（元初祖师为防糜烂内斗主动分出沧海派），群星楼九十八门绝学大多失传。
名震天下,为宗派遮风挡雨,设定揭示、人物心理,情感、揭示、设定,"李观走向战神塔，秦五真元渗透柱石显现排名：大力尊者（自创大力魔体，尊者之身闯过战神塔第八层，潜力历史第一）、拂晓道人（六十二岁成造化，入时空长河早陨）、元初祖师、万剑岛主、青莲客、安杨帝君等皆成帝君或天资妖孽。第五名为""斩妖人""，三位尊者不识。秦五注意到孟川战刀名""斩妖""，孟川坦白""斩妖人""即自己——闯战神塔和心海殿通过沧海派考验（心海殿前五、战神塔前五两项都做到获赠沧海派一切，要求将来不让沧海一脉断绝）。洛棠催秦五查心海殿排名：第一斩妖人（孟川）、第二万剑岛主、第三安杨帝君。三位尊者震撼——两项都排前五为人族历史从未有过，封王越阶战尊者、尊者越阶战帝君是正常发挥，自创强大绝学、自创超品神魔体都有不少。李观传音商议保护孟川（接近沧元祖师的天才，给他足够时间就能解决战争），秦五传音称其最接近沧元祖师，洛棠传音问还能做什么，李观传音称做得还不够可以更好。李观告知沧海一脉不绝，元初山将来宗门内再立""沧海一脉""为隐脉（战争结束前不公开）。李观正式提出让孟川担当掌令者，称其贡献超越历史任何一尊者、实力匹敌造化、数十年就会成为宗派最粗壮大树，""需要你为宗派遮风挡雨了""。",孟川战神塔排名第五、心海殿排名第一（人族历史从未有过两项前五），获封掌令者（为宗派遮风挡雨）。
名震天下,十二镇宗宝物,设定展开、核心伏笔,伏笔、设定,"李观向孟川展示元初山真实一面——十二镇宗宝物（之前仅九件，孟川带回三件大增底蕴）。第一件沧元祖师完整传承（普通神魔到造化、帝君乃至七劫境全过程的兵器、修炼方法、特殊之地、珍贵资源），继承者得人族世界最好栽培堪称天之骄子，人族历史上""造化境无敌""大多为沧元祖师一脉传承者，需通过轮回试炼（洛棠透露孟安已通过轮回试炼获传承，为真正传承弟子全方位栽培，区别于孟川仅得费羽元神秘术传承）。第二件天地大殿（人族世界""世界本源""，沧元祖师令世界本源显形并炼天地大殿守护壮大，令人族世界从低等提升到中等世界；镇守元初山——尊者催发阵法或三位封王同时催发可守住元初山数位帝君联手也攻不破；灭世——彻底激发世界本源之力借灭世阵法毁灭元初山外一切，九成九生灵死去，为面对强敌最痛苦选择；源宝力量来源即天地大殿）。第三件沧元洞天（沧元祖师遨游时空长河所得机缘收藏，唯无比妖孽天才方可进入获最适合机缘，大力尊者、万剑岛主等皆在其中得机缘；沧元宗时期开启太多机缘消耗至不足早期一成，恐最先消失）。第四件一条手臂（秘密需帝君级才可知晓，历代帝君认定排第四）。孟川看完十二镇宗宝物感叹肉身七劫境大能所创宗派底蕴之深。天地大殿内，三位护法神（沧元宗最初时期三位护法神）主持仪式，孟川宣誓""守护宗派守护人族至死不渝""，接金色令牌正式成为元初山当代第四位掌令者。",十二镇宗宝物全貌揭示（沧元祖师传承、天地大殿含灭世功能、沧元洞天、手臂等），孟安获沧元祖师真传弟子身份，孟川正式接令成为掌令者。
名震天下,翻阅绝学,装备获取、设定展开,奖励、设定,"孟川在群星楼翻阅雷霆一脉六门绝学。尊者级绝学""金莲降世""：雷电凝聚金色莲花，两层花瓣缓慢交错旋转威力无限递加（力量汇聚似无上限），旋转坠落绞碎粉碎凿穿一切，需五相完美结合（电闪之光芒相、生命之阴阳相、毁灭之无尽相、毁灭之归一相、毁灭之虚无相），有望越阶斩杀帝君，修行极难。帝君级绝学三门：""雷霆行走""（身法，练成彻底化作闪电拥有真正闪电速度，帝君瞬移千里在真正闪电前不值一提）、""雷火炼体术""（兼修火焰一脉，圆满肉身媲美肉身五劫境，帝君越阶战肉身五劫境，难度奇高）、""黑暗闪电""（练成仿佛从时空中消失，寻常劫境大能找不到）。劫境级绝学两门：""雷霆界""（肉身六劫境大能所创，一念出周围十万里化作雷霆界，自身为主人，将虚空参悟到圆满，实力近乎七劫境，黑暗闪电/雷霆行走/雷火炼体术在十万里雷霆界内皆成蝼蚁）、""三世刀""（借雷电掌控时间，创造者未完善即死去，能威胁七劫境的时间绝学）。孟川认为雷霆界和三世刀为正统绝学是修行最终方向，需多花时间参悟。李观决定群星楼、战神塔、心海殿逐步对元初山封王神魔开放（战神塔、心海殿孟川排名先隐藏待成造化尊者后公开），群星楼绝学和心海殿元神秘术按沧元宗老规矩以实力和功劳限制。",孟川翻阅群星楼雷霆一脉六门绝学（金莲降世、雷霆行走、雷火炼体术、黑暗闪电、雷霆界、三世刀），重点参悟两门劫境级绝学。
名震天下,禀报,伏笔埋设、情节推进,伏笔,"孟川回江州城，柳七月担心其昨夜未归。孟川赠柳七月""凤凰羽衣""（沧海派宝藏所得，与凤凰血脉共鸣，可护身释放极厉害火焰形成火焰领域，柳七月血脉力量能掌控它）。孟川向妻子透露沧海派之事。次日孟川继续地底追杀妖王。场景转小型洞天密室，千蛐妖圣透过因果血咒联系感知到地底大规模追杀妖王的神魔。千蛐在天下各地三千名妖王身上布下因果血咒作诱饵（完全分散无规律），死去两百零五个诱饵中两百零二个为同一神魔所杀，九成把握。九渊妖圣要求再等半月确认（不差这几天，针对神魔施展比三绝阵更厉害的袭杀手段，弄错目标后果严重）。千蛐告知查出的身份：东宁侯孟川。半月后死去五百三十三个诱饵中五百二十七个为孟川所杀，九渊赞同确认（孟川早就成封王神魔一直瞒着）。九渊、千蛐来到幽暗密室联系星诃帝君禀报。",千蛐妖圣以因果血咒三千诱饵查出神秘神魔为孟川（五百二十七个诱饵为孟川所杀），九渊确认后禀报星诃帝君。
名震天下,拜九日,悬念设置、伏笔深化,伏笔,"星诃帝君确认目标，千蛐禀报三千诱饵死去五百三十三个其中五百二十七个为孟川所杀，白天在各处地底夜晚回大周江州城完全对应。鹏皇汇集孟川情报：入门排名第一、大日境击杀黑水宫主、黑岩妖王袭杀失败后对外宣称封侯、十余年前已有顶尖封王实力（推测早成封王超十年）、雷电一脉、速度极快、黄摇北觉围攻时确定神秘神魔擅长雷电一脉，诸多结合孟川符合。玄月娘娘指出孟川速度极快令地底探查效率大增。星诃帝君在黑色圆盘上以鲜血书写""沧元界·大周王朝·东宁侯·孟川""（人族世界在时空长河中称""沧元界""，以世界历史最强者命名），产生微弱因果联系，模模糊糊看到年轻男子身影。星诃帝君遗憾无血液头发为引且隔一世界人族世界阻碍大锁定吃力。鹏皇称孟川能以一敌三，无间领域笼罩下不可能悄然取走头发血液。星诃帝君需""拜九日""书写完整咒文第九日动手咒杀威力最大。玄月娘娘要求最后一重计划暗中准备（若孟川抗住活下来发现身份暴露，人族加强保护，下次动手难度高多，这次必除掉）。鹏皇去做其他准备，玄月娘娘为星诃护法。星诃帝君跪坐每一时辰书写一段咒杀咒文（鲜血凝练融入寿命），感应中年轻男子身影渐渐清晰。",妖族三位帝君确认孟川为目标，星诃帝君拜九日书写咒杀咒文（消耗寿命），玄月娘娘要求最后一重斩杀计划暗中准备。
名震天下,咒杀,矛盾爆发、战斗描写,冲突、战斗,"小型洞天内，金甲使者（代表鹏皇）将帝君赐予的劫境秘宝交给九渊妖圣（九渊期待已久，此前帝君仅赐血魔战甲，这次才是真正朝思暮想的宝物）。金甲使者命黑袍北觉接管小型洞天及人族世界所有妖族指挥权，九渊与北觉交接。九渊暗喜得宝（不管帝君谋划成败至少自己得到想要的）。妖界鹏皇向玄月娘娘汇报准备就绪，玄月称星诃百年寿命咒杀把握已很大，其他准备可能多余，鹏皇问是否让星诃多消耗寿命（两百年三百年），玄月称需数倍十倍代价星诃才答应且效果相差不大（咒杀威力仅提升两三成，质变需千年寿命星诃绝不答应）。第九天星诃帝君书写完最后咒文，因果联系暴增千倍千倍，轻声念""杀""手指点黑色圆盘。恐怖攻击透过因果瞬间飞出妖界穿过人族世界阻碍直入江州城孟川体内。咒杀同时针对元神和肉身：孟川鼻孔流血、身体出现狰狞伤口鲜血染红衣袍、体内脏腑器官分裂、意识轰鸣眼前模糊。孟川正在静室参悟劫境绝学雷霆界和三世刀，此前每日拜毫无察觉，唯咒文书写完毕因果暴增刹那冥冥中感到恐惧心慌，念头刚起咒杀即降临。",九渊妖圣获帝君赐劫境秘宝，北觉接管妖族指挥权，星诃帝君拜九日咒杀降临孟川（同时针对元神和肉身）。
名震天下,因果杀招,战斗描写、设定揭示,战斗、揭示、设定,"孟川识海内元神为庞大星辰（《元神星辰》第二幅图已修炼部分，费羽八劫境传承，元神能自身修行越往后优势越大，稳定防御性提升十倍不止）。元神遭神秘攻击欲从内部分解，但元神星辰缓慢旋转自然绞杀破坏力，孟川转瞬恢复清醒元神完好无损。肉身遭神秘破坏力疯狂破坏，但滴血境肉身强横变态（封王层次时空长河中最顶尖肉身，比人族造化境肉身都强），仅令脏腑筋骨裂开未粉碎（就算粉碎只要没破坏""粒子空间""滴血境肉身不死）。孟川一念加速肉身恢复抵抗内部破坏力，破坏力无源之水消耗殆尽肉身好转。柳七月撞碎静室门冲入。孟川判断为""因果杀招""（无间领域、雷磁波动领域均无察觉，攻击诡异从虚无降临，只想到因果招数）。妖界星诃帝君遭反噬吐血（咒杀为双刃剑，失败则反噬施展者），但不慌（伤势再重在妖界老巢可恢复）。星诃帝君不解咒杀失败——咒杀同时针对元神和肉身，元神扛不住必死，元神抗住肉身崩溃元神也虚弱被湮灭，封王神魔中没几个能扛。但孟川恰恰无短板：元神天赋卓绝得《元神星辰》稳固可怕仅刹那意识模糊元神丝毫无损，肉身滴血境比妖族五重天妖王强横得多。星诃帝君怀疑孟川是否造化尊者夺舍重生。玄月娘娘令执行斩杀计划，鹏皇消失。孟川求援元初山，推测因果袭杀除千蛐妖圣外只有妖族三位帝君（隔一世界因果袭杀可能性最高，妖族被逼急了）。柳七月担心孟川身份暴露，孟川称不能离开（若逃妖族来袭江州城两千多万人无法抵挡），正面搏杀人族世界妖王包括九渊妖圣无让他畏惧者。二人感应到江州城上空可怕波动。",孟川元神（元神星辰）和肉身（滴血境）皆强抗住咒杀，星诃帝君反噬吐血咒杀失败，孟川判断为妖族帝君因果袭杀，求援元初山。
名震天下,降临,战斗描写、氛围营造,战斗、设定,"九渊妖圣默默站在江州城上空云雾层中——它是妖族在人族世界唯一真正妖圣、唯一超强战力，妖族不让它轻易涉险（折损需近百年才出现第二位真正妖圣）。星诃帝君百年寿命咒杀失败，无奈让九渊出手。九渊得到帝君赐予最适合自身的劫境秘宝""暗界之眼""后达前所未有境界。九渊眉心暗红眼睛睁开（蕴含暗红世界），天地扭曲变暗红蔓延。九渊一掌拍向孟川宅院。孟川夫妇邻居民宅中一座石雕（元初山暗中派来的造化级护法异兽""石牛异兽""）睁眼冲天化作石牛异兽迎击（顶尖造化境战力，不坏之身，力大无穷招数粗糙），被九渊一掌轰飞，世界膜壁碎裂看到域外幽暗。孟川知晓元初山有九尊封王级护法异兽、一尊造化级护法异兽（造化级需超过一半掌令者同意才能调动），感激师尊暗中派护法异兽来。孟川脚踏血刃盘、催发青云天三层雷电护罩，柳七月施展凤凰涅槃持帝君级弓箭射箭（每箭媲美顶尖造化境全力一击穿透性更强火焰破坏性大），箭矢令巨大手掌被射出血色坑洞火焰燃烧。十二柄血刃在雷磁领域加速到极致（顶尖造化境层次），接连轰击巨大手掌。一掌先后遭箭矢、血刃轰击势尽。孟川夫妇震惊九渊妖圣实力远超情报（洞天后期顶尖造化境较强水准），一掌击退石牛异兽镇压孟川夫妇搏命出招，已达""造化境巅峰""实力（因得劫境秘宝暗界之眼）。九渊收掌催发暗红牢狱彻底凝聚，暗红世界汇聚成超小型世界形成世界膜壁。九渊所得劫境秘宝即梦寐以求的""暗界之眼""。",九渊妖圣持劫境秘宝暗界之眼降临江州城刺杀孟川，石牛异兽迎击被轰飞，孟川夫妇联手挡下一掌（造化境巅峰实力），暗红牢狱凝聚。
名震天下,各方关注,氛围营造、伏笔深化,伏笔、设定,"秦五背着剑身剑合一超高速赶赴江州城（裂天剑遁术完善伤势减轻小半）。元初山李观、秦五虚影、洛棠虚影感应到世界膜壁破碎，李观论虚空参悟当世第一（修炼元初神体），不借宝物查看遥远之地但只能映照一处，借世界膜壁破碎感应锁定位置，虚空涟漪显现战斗画面。三位尊者认出""暗红牢狱""（妖族劫境秘宝，很适合抓敌人），李观称九渊妖圣绝招""九渊之地""与暗红牢狱非常配合实力暴增数倍，但孟川有护身石符等宝物保命无忧，洛棠担心孟川夫妇为保护江州城两千万人不愿逃。黑沙洞天白瑶月、蒙天戈、芈玉三位尊者透过帝君级秘宝""窥天镜""观战（只要没太强阻挡可窥伺人族世界任何一处）。蒙天戈推断孟川柳七月早成封王神魔，蒙天戈从孟川一道道流光战斗手段推断其即渝商城救援的神秘神魔（妖族疯狂对付孟川正说明此），芈玉称孟州性命关系百万妖王和战争走向。白瑶月心情复杂（孟川是白念云和孟大江之子，年纪轻轻到这一步）。蒙天戈打趣白瑶月元神天赋高孟川有白家部分血脉功劳，白瑶月冷哼（白念云自控不够和孟大江凡俗在一起，便宜了孟家）。两界岛徐应物等也透秘宝观战，综合情报猜测孟川即探查神魔，期盼其活下来。江州城暗红牢狱封锁十里，孟川分出血刃刺暗红膜壁发现背后筋膜坚韧无法冲破。九渊妖圣世界之力汇聚己身化作暗红残影杀向孟川夫妇。石牛异兽低吼冲去，孟川十二柄血刃加速到极致，识海内元神兵器""魔锥""（耗费一成元神本源修炼，心海殿最强攻敌秘术，通体漆黑蕴含秘纹）最先杀到钻入九渊妖圣体内。",元初山、黑沙洞天、两界岛各方透过秘宝观战，蒙天戈推断孟川即探查神秘神魔，九渊妖圣暗红牢狱内杀向孟川夫妇，孟川以魔锥钻入九渊妖圣识海。
名震天下,牢狱缩小,战斗描写、矛盾爆发,冲突、战斗,九渊妖圣感暗红牢狱世界力量汇身自信十足杀向孟川，无视石牛异兽、血刃、箭矢。魔锥瞬间袭来太快来不及反应钻入识海，九渊妖圣元神（暗红影子环绕）惊慌。暗红牢狱对元神助益有限（不如血刃盘专门为弟子炼制防护排第一）。魔锥瞬间刺穿暗红影子刺入元神，强行穿透出大窟窿，边缘利齿绞碎元神本源最大程度破坏。九渊妖圣痛苦哀嚎，暗红衣袍溃散，血刃避开战甲射入头颅腹部喉咙战甲裸露处，石牛异兽撞击令其腰部断裂成两截，三根箭矢射中躯体。九渊妖圣残破身体瞬间合一完好无损（妖圣生命力变态），黄色眸子冰冷盯孟川，元神剧痛面部抽搐。孟川传音妻子称九渊妖圣肉身比自己强、生命力恢复力接近滴血重生。孟川再度施魔锥第二次穿透九渊元神，魔锥内部出现裂痕（魔锥禁招缺陷：需长久付出元神本源维持、过刚易折穿透几次就粉碎）。九渊妖圣元神本源损失一成多，无法施展精妙招数只能粗浅蛮横招数。九渊妖圣决定施展禁术一击杀敌不能拖，暗红衣袍凝练，暗红牢狱从十里急剧缩小。孟川传音妻子称魔锥可能再施一次就要碎不能轻动（后悔只用一成本源，超过一成本源对自身有明显影响，超过三成记忆缺失悟性下降）。暗红牢狱缩小至三里极限（可扩大可缩小极限三里），距离太近。九渊妖圣毫无征兆一拳轰出（携世界之力），针对柳七月（孟川身法太滑溜，黄摇截杀经验）。,魔锥两次穿透九渊妖圣元神（本源损失一成多无法施精妙招数），九渊妖圣缩小暗红牢狱至三里，一拳针对柳七月（逼孟川挡）。
名震天下,事不可为,战斗描写、转折高潮,战斗、高潮,"元初山三位尊者看出九渊妖圣阴险（对付孟川孟川会躲开，对付柳七月孟川会主动挡），没办法。白瑶月、蒙天戈紧张（这一拳携整个暗红牢狱力量接近帝君门槛威力，封王神魔挡不了）。两界岛徐应物等也紧张。九渊妖圣一拳太快虚空粉碎，孟川无法将柳七月收入洞天宝珠。孟川十八柄血刃扩大范围护住柳七月，柳七月凤凰涅槃引动血脉力量越加接近真实凤凰（元神肉身蜕变火焰一脉感悟涌上，以消耗寿命为代价）。青云天三层雷电防护罩不值一提被粉碎，十八柄血刃护身层（劫境秘宝护身能力强得多，以孟川境界驾驭可硬抗顶尖造化境狂攻不破）遭一拳。同时魔锥第三次穿透九渊妖圣元神（内部已有裂痕的魔锥关键时刻强行穿透），九渊妖圣以超绝意志维持清醒轰出一拳，十八柄血刃溃散但威势散乱威力大减。残余散乱拳头砸向柳七月，孟川双手握斩妖刀主动迎上，施展""掌控天地""""流沙""两门神通完全爆发卸力（外界变慢，孟川拥有时间是外界十倍，云雾龙蛇刀法精妙程度飙升，不灭神甲变强）。刀拳碰撞，孟川全身一震体表血雾升腾骨头脏腑裂痕，但滴血境肉身瞬间恢复完好。九渊妖圣一拳残余三成威力被卸力大半经不灭神甲阻挡仅令体表血雾。九渊妖圣难以置信，元神剧痛操纵暗红牢狱都吃力。孟川庆幸（若无魔锥九渊完美爆发自己正面抵挡毫无反抗之力，唯早早将妻子收入洞天靠护身石符逃命，但九渊失败迁怒江州城两千万人死）。魔锥布满裂痕随时可能碎裂，孟川收入识海温养（十天半月恢复，搏命一击会损失一成元神本源）。柳七月气息大涨（封王神魔凤凰涅槃引动血脉越接近真实凤凰），一箭火焰箭矢威势比之前恐怖多。孟川元神星辰波动冲击九渊元神（本就伤重更难受），九渊挡不住一箭被贯穿胸口暗红衣袍血魔战甲射穿身体金色火焰燃烧伤口。九渊慌（元神伤势极重星辰波动不断冲击实力仅三四成）。""事不可为，走！""暗红牢狱溃散，九渊妖圣迅速逃遁。",孟川以魔锥第三次穿透九渊元神令拳威散乱，卸力挡住残余三成一拳，柳七月突破一箭贯穿九渊胸口，九渊妖圣元神伤势极重溃散暗红牢狱逃遁。
名震天下,柳七月的寿命,情感展现、人物心理,情感,"九渊妖圣逃跑令孟川夫妇微蒙。孟川明白魔锥三记穿透伤害极大，传音妻子去追击九渊不让其逃掉。柳七月停下凤凰涅槃体表火焰收敛。孟川无间领域清晰感知妻子寿命流逝心疼——不到八息时间消耗八十九年寿命（封王神魔凤凰涅槃每息平均超十年，比封侯时快太多），封王神魔寿命有限，今后需避免妻子凤凰涅槃。孟川脚踏血刃盘追击，血刃围攻纠缠九渊。元初山三位尊者见九渊逃了大喜，洛棠评价柳七月封王阶段凤凰涅槃实力提升快已达""顶尖封王神魔""（凤凰涅槃下媲美顶尖造化境神箭手，配好弓箭箭矢有造化境巅峰之威），李观称孟川元神秘术重创九渊才令其挡不住柳七月箭（魔锥禁招是沧元界威震时空长河的招牌绝活，最近五六十万年失传如今回归）。李观令秦五尽快赶去趁此机会解决九渊。黑沙洞天白瑶月、蒙天戈、芈玉大喜（孟川封王神魔是战争关键不能死），蒙天戈惊叹元神秘术重创九渊（孟川驱使流光大概率劫境秘宝对元神要求高，探查神魔元神太弱妖族有法子针对，孟川入门灵觉考验远超他人说明元神天赋高），打趣白瑶月元神天赋高孟川有白家血脉功劳，白瑶月冷哼。白瑶月暗道白念云是白家后辈中最像自己天赋也高，自控不够和孟大江凡俗在一起成封侯，便宜了孟家。江州城外远处金甲使者（代表鹏皇）遥遥窥探，见九渊逃了不敢相信""我们输了？""",柳七月凤凰涅槃消耗八十九年寿命，孟川追击九渊，各方大喜，蒙天戈推断孟川元神天赋极高，金甲使者窥探见九渊败逃。
名震天下,转折点,转折高潮、矛盾收束,冲突、高潮,"九渊妖圣全力遁逃，孟川脚踏血刃盘紧跟血刃围攻。九渊钻入地底返身一拳穿过数里距离，孟川微微一闪拳从身旁十余丈擦过。孟川借雷磁领域传音称九渊拳法碰不到自己。九渊元神伤势太重本源损一成多时时刻刻抽搐无法施精妙招数，粗糙拳法碰不到孟川（孟川还有神通流沙影响时间流速闪避更滑溜）。九渊飞至百余里深身体一分为九四面八方逃跑被血刃截杀。九渊先后施七种逃命之法均被十余柄血刃粉碎。九渊发慌（若元神六层可分身纠缠本尊逃命，若元神六层也能抗下元神秘术正面杀敌），等造化尊者追上必死。九渊飞入两百里深度大地流体层，暗界之眼威力爆发粉碎世界膜壁制造数丈洞口，余波波及数里岩石金属化齑粉。孟川在深层次虚空有血刃盘防护未伤分毫。秦五尊者赶到。九渊妖圣慨叹全力出手连一个封王都没杀，称战争到最后人族一定输，跨过世界膜壁洞口逃入域外。秦五一剑追杀（剑光令洞口撕裂至数十丈），被域外隐藏的鹏皇消磨。鹏皇现身域外（金袍金发帝君，生命本能恐惧令孟川心悸），冰冷称人族神魔不敢进域外就一直躲着。孟川明白九渊故意轰破膜壁随时可逃，若师尊真追出会被鹏皇出手击杀（妖族帝君全方位压制造化境，越阶战帝君至少当今人族造化境差得远）。秦五称鹏皇引诱埋伏自己不傻。鹏皇携九渊离去，世界膜壁洞口愈合。秦五称隔一世界帝君劫境大能都无法冲破世界阻碍进入他族世界（时空长河规则庇护弱小世界），但人族造化尊者自战争后不敢进域外（在时空长河周围一带妖族世界影响力颇大，三位帝君一群妖圣排前五势力，人族世界地位差多）。秦五称此为整个战争的转折点——九渊被迫逃出人族世界，再出现一位真正妖圣需百年，妖族百万大军已无用且失去妖圣战力，""以后日子就好过多了""。师徒飞出地底朝江州城飞去。",九渊妖圣逃入域外被鹏皇接走（秦五不追），秦五称此为战争转折点——妖族失去妖圣战力和百万大军无用。
名震天下,希望,设定揭示、伏笔深化,伏笔、揭示、设定,"妖界寒冰宫殿，鹏皇携九渊妖圣归来，玄月娘娘、星诃帝君冰冷看着九渊（星诃气息衰败脸色苍白咒杀反噬未愈）。九渊跪下请罪，理智告诉它三位帝君为不让其他妖圣寒心不会杀它。玄月娘娘冷笑九渊有劫境秘宝杀不了一个封王。九渊解释孟川本身实力不亚于造化尊者也有劫境秘宝，元神秘术化作黑色锥子轻易穿透撕裂元神令本源损一成多需百年恢复（恢复元神本源极难，孟川有元神星辰传承需两年恢复）。玄月娘娘认出""魔锥""秘术（遨游时空长河沧元界神魔最出名杀手锏，不受时空长河规则限制门槛极高，绝大多数遨游者兼修，无谁能修圆满写原本，人族世界仅心海殿一份原本，沧海祖师收获疑似元神七劫境或最低六劫境所创，后辈知其然不知所以然）。九渊称孟川肉身格外强正面硬碰硬接其一招肉身抗住，柳七月凤凰涅槃箭矢威胁也极大。鹏皇挥手让九渊下去，玄月娘娘称暗界之眼一直让九渊使用至寿命大限（离开妖界去域外须归还）。九渊满意退下（刺杀失败奖励最少但得暗界之眼已满足）。星诃帝君骂九渊废物，鹏皇称孟川肉身元神都格外强正面实力媲美顶尖造化境除技艺粗糙简直没弱点还懂魔锥。玄月娘娘称隔一世界拿孟川没办法，有他在妖族数量优势无法发挥，接下来只能靠世界间隙和世界入口。星诃帝君称人族九位造化境大多镇守超大型城关宗派老巢不敢动，五重天妖王足以攻破城池斩杀封王。鹏皇详述世界间隙接引计划：一需从人族世界寻找多个连接点备选（需能窥见时空长河能力）；二需短时间内轰破人族世界膜壁和世界间隙膜壁迅速进入（别被人族强者拦住）；三需去世界间隙寻找对应位置（两处相通）；还要小心人族蹲守（五重天妖王一进去面对秦五简直是噩梦）。玄月娘娘称计划有五成成功可能，再失败就寄希望于世界入口（随时间增多增大，或许出现容纳妖圣通行的）。鹏皇称不能寄希望于运气最大希望还是世界间隙。星诃帝君称再失败恐怕等几百年甚至永远等不到。",妖族帝君复盘刺杀失败（魔锥秘术回归、孟川无短板），决定靠世界间隙接引五重天妖王翻身（五成成功可能），九渊妖圣保留暗界之眼。
名震天下,要求,情感展现、伏笔深化,伏笔、情感,"秦五孟川飞到江州城上空，夜幕下江州城热闹（暗红世界降临惊醒全城，十分之二三的人亲眼看到，战斗仅七八息）。全城议论暗红色肉球可怕。孟川称幸好护法异兽先拦截、夫妇半空交手暗红牢狱未波及江州城万幸。师徒降落院中，孟川谢石牛异兽，秦五称九渊已逃离护法可回（石牛异兽离去）。孟川无间领域感知妻子寿命流逝心疼（八十九年）。柳七月称能赶走九渊值得。秦五称若光靠孟川一人只能躲闪活命威胁不了九渊，是柳七月的箭令九渊感到死亡威胁不敢逗留（否则多折腾数息屠戮几百万人不难）。秦五提醒柳七月展露手段后妖族知晓其镇守江州城将来可能攻城逼其凤凰涅槃，数日内定下换防。秦五称大战动静太大撕裂世界膜壁惊动黑沙洞天两界岛，妖族也知晓孟川夫妇实力不必隐瞒，将很快昭告天下朝廷正式封王（夫妻双封王为佳话），元初山不再隐瞒功绩（一人灭百万妖王该让天下传颂）。秦五称是时候向黑沙洞天提那要求了（黑沙洞天想必猜到孟川即探查神魔）。孟川沉默（记忆中温柔身影年少时多次出现在梦里），同意元初山告知黑沙洞天。秦五拍肩离去。孟川对柳七月轻声道""五十多年了，太久了""，成滴血境后知有望让娘回来但忍着防身份暴露，幸好有劫境秘宝和沧海派元神秘术熬过妖族袭杀终于无需保密。柳七月称一切在变好。孟川嘱妻子凤凰涅槃是禁术不能再轻易施（柳七月称还有超三百年寿命很知足），盼尽早结束战争夫妻享受属于他们的时间（曾说过宁愿一同战死沙场，如今真的看到战争结束希望）。黑沙洞天白瑶月、蒙天戈、芈玉相聚，白瑶月平静道元初山传来消息承认孟川即探查神魔解决百万妖王威胁，黑沙洞天曾答应满足那位神魔一个要求或赠化龙池。白瑶月面无表情说出要求：不得再阻止白念云，允许白念云前往大周王朝和孟大江永远生活在一起。蒙天戈、芈玉相视露出笑意。",秦五昭告天下孟川功绩不再隐瞒、夫妻双封王，孟川向黑沙洞天提出要求接回白念云，黑沙洞天三位尊者得知要求。
名震天下,夫妻双封王,爽点设置、情感展现,情感、爽点,"白瑶月问蒙天戈芈玉怎么说，二人称由白师妹决定（白瑶月修行时间短迅速超越同门成宗派最强者，放眼人族世界前三，造化尊者两千年寿命，大限前悟天地境有可能甚至有极许希望成帝君，未来一两千年是黑沙洞天柱石）。白瑶月问若要交出化龙池是否愿意，二人称化龙池独一无二（龙神体修行者上千年出一个，媲美劫境秘宝价值），但偏门对实力影响有限，若白师妹硬要交也同意。芈玉称孟川对整个人族有大功劳不必恶他。白瑶月露笑意称孟川流淌白家血脉自然优秀，答应要求（交化龙池损失大且恶元初山孟川，答应要求皆大欢喜）。白瑶月分析：孟川五十多岁封王神魔越阶战妖圣以元神秘术伤九渊代表至少元神五层，几乎十成把握成造化境无敌、大半希望成帝君，母族为白家将来成帝君不会对黑沙洞天太难看。蒙天戈称师妹看得高远（不知孟川心海殿战神塔潜力排名皆第一）。江州城经历暗红世界降临第三天，朝廷使者队伍抵达孟府宣读封王册文（声音浩荡数十里天地之力轰鸣全城可闻）：东宁王孟川、宁月王柳七月，夫妻双封王为人族历史少有。册文公开孟川""斩妖王愈百万""，江州城百姓惊呆议论纷纷（妖族很快战败）。夫妻双封王消息迅速传遍天下，神魔中传得更快。黑沙洞天柳师姐来见白念云告知大喜事：妖族不惜代价围攻孟川甚至派出妖圣，孟川夫妇早成封王神魔且越阶战妖圣联手挡住，元初山承认孟川斩杀妖王已超百万快将天下妖王杀干净。白念云听得恍惚（儿子孟川？斩杀妖王过百万？战争离获胜不远？）。飞禽使者送来宗门信（白瑶月亲笔详述来龙去脉），白念云一遍遍看泪流满面，折叠好信放进怀中露明媚笑容称""我很开心，前所未有的开心""。",白瑶月答应孟川要求（皆大欢喜不恶元初山），夫妻双封王昭告天下（东宁王孟川、宁月王柳七月），白念云得知儿子功绩泪流满面。
名震天下,淳于家的报复,伏笔深化、情节推进,伏笔,白念云想着白瑶月亲笔信（老祖宗低头难得），感叹老祖宗脾气（冰冷无情护短，只看重实力潜力，没潜力者是蝼蚁，太阴一脉修炼越高深越冰冷无情），当初以性命相拼老祖宗才饶孟家，如今因孟川实力改变想法。白念云期盼换防后离开去见儿子。沙漠绿洲大城宅院内，武阳侯（黑沙洞天刀戈殿一脉封侯神魔）读信面沉似水发慌——他曾指使淳于牧（道之境幻魔，已死）诬陷孟大江勾结天妖门（追求数十年的女神被平庸之辈弄到手憋火出口恶气，忌惮元初山不敢做太绝借元初山手除孟大江）。当初孟川只是大日境神魔分属不同宗派没当威胁，如今五十多岁封王神魔越阶战妖圣一人解决百万妖王对黑沙洞天两界岛有大恩对整个人族有大功，要对付自己法子多了。武阳侯后悔懊恼，猜测消息泄露可能：一为黑沙洞天高层知晓越多泄露可能越大；二为淳于牧是否泄露给更多人。黑沙王朝王都，淳于牧之子（中年男子，淳于家嫡系改头换面）读信眼中冷意——其父为武阳侯做脏活因孟大江事做败露遭严惩迁怒淳于家打压逼迫淳于家分两脉嫡系改头换面。淳于牧之子写信给孟川附淳于牧临死前亲笔信（两封信一起更可信），经灭妖会渠道寄出（不通过黑沙洞天防泄露，灭妖会势力遍布天下与三大宗派关系好直接送元初山转交孟川，五千两银子）。孟川早就知道出手的是淳于牧，因跨宗派没法子。淳于牧之子要狠狠拽下武阳侯。,武阳侯得知孟川成封王神魔后发慌（曾指使陷害孟大江），淳于牧之子写信经灭妖会渠道寄孟川揭露武阳侯指使陷害之事。
名震天下,处置武阳侯,矛盾收束、伏笔深化,伏笔、冲突,孟川夫妇晚饭，柳七月递来两封信（飞禽使者直接给柳七月代表重要性不高）：一封黑沙洞天寄来，一封灭妖会转交（灭妖会凡俗成员五万两、神魔五千两方可写信给孟川，因灭妖会需经元初山转交设高门槛）。孟川先看黑沙洞天信，黑沙洞天同意要求，半月后去接白念云（需换防）。孟川激动（等了五十多年，六岁孩童如今名震天下封王神魔），孟大江当巡守神魔不能擅离职守。孟川称三大宗派计划逐渐削减巡守神魔（半年后天下几乎无需巡守神魔），元初山第一批削减五百位孟大江在其中，以妖仆替代巡守（孟川从百万妖王中筛选妖仆送元初山，四重天门槛妖仆一个抵十数个普通妖仆）。孟川看灭妖会转交的信：淳于牧之子的信和淳于牧临死前亲笔信，确定武阳侯指使陷害孟大江。孟川向柳七月解释当初师尊推算天机探查因果查出淳于牧出手，跨宗派元初山无法惩戒黑沙洞天弟子，黑沙洞天查出真相惩戒武阳侯但不重。孟川起杀心但不撕破脸（母亲即将回来），写亲笔信交由黑沙洞天处置。黑沙洞天白瑶月将孟川信递蒙天戈芈玉，孟川信称查到武阳侯指使淳于牧诬陷其父，交由黑沙洞天处置但若轻拿轻放心中定有疙瘩。白瑶月称孟川好狡猾把难题放他们面前。白瑶月决定：以幻术控制武阳侯查是否勾结妖族，若勾结以勾结妖族名义处死，若没勾结以谋害同族神魔名义罚去融火洞天炼制神兵炼到死（凝练元神神魔记忆无法更改，强行幻术控制审问一旦传出引起强大神魔反感，元神三层无法幻术审问）。,黑沙洞天同意接回白念云（半月后），孟川收淳于家信揭武阳侯陷害之事，写亲笔信交黑沙洞天处置武阳侯，白瑶月决定幻术审问查勾结妖族。
名震天下,孟安出关,设定揭示、核心伏笔,伏笔、揭示、设定,"黑沙洞天武阳侯飞到白瑶月楼阁前遇白念云（白念云微微点头离去不说话），武阳侯暗哼""儿子成封王神魔越加傲气""。楼阁内白念云、蒙天戈虚影、芈玉虚影都在（黑沙洞天正常仅白瑶月真身坐镇，三位尊者同时现身罕见）。白瑶月幻术控制武阳侯（千年内最妖孽造化尊者，元神六层，幻术足以短时间控制元神二层神魔）。白瑶月问武阳侯是否勾结天妖门妖族，武阳侯麻木答：妖族势大看不到获胜希望自然留活路。蒙天戈问是否断绝妖族联系，武阳侯称世界入口缓慢增多妖族也可能获胜多留一条路安全（妖族没证据指认，宗派不敢惹众怒无证据幻术强行控制审问）。白瑶月冷哼芈玉冷笑蒙天戈摇头。武阳侯交代勾结妖族做的事：仅透露消息其中三次颇有功劳得妖族重赏。蒙天戈直接道""处死吧""，白瑶月芈玉点头（强大神魔没谁愿被幻术控制探查秘密，犯众怒，此次因孟川事加武阳侯谋算同族故三位造化尊者同时观看审问）。人族高层明白妖族势大时部分神魔暗中勾结妖族，但不敢大清洗（不知勾结者数量，怕大内讧人族内部死伤无数，利用好勾结神魔仍需任劳任怨杀妖王守护人族）。武阳侯被暗中处死，黑沙洞天强大神魔知晓其勾结妖族证据确凿被处决。江州城孟川看信感觉黑沙洞天诚心。元初山无名山山洞空间漩涡走出俊秀青年孟安（二十三岁，和孟川七分相似多些秀气），姐姐孟悠等候（闭关三个月）。孟悠发现弟弟特殊（大日境神魔论道峰数次击败大日境弟子，击败封侯门槛实力师兄，每年闭关三月禁止打扰）。孟悠告知父母双封王、父亲斩杀百万妖王等大事，孟安吃惊。孟安心中暗道自己是被破例成沧元祖师""真传弟子""（天资妖孽到匪夷所思方可成真传弟子，因人族浩劫栽培力度提升），需进行""九世轮回炼心""（每年闭关三月共九次，一次失败心灵大受阻碍甚至断绝修行路）和""万枪灭世劫""（每三年一次共三次同样九年）。九年为基础时期，熬过来将拥有人族历史最强基础超越沧元祖师等一切前辈为最强的大日境神魔。熬不过来自生自灭。",武阳侯勾结妖族被幻术审出处死，孟安出关（二十三岁大日境），揭示其为沧元祖师真传弟子需九世轮回炼心和万枪灭世劫。
名震天下,一家团聚,情感展现、人物心理,情感,"春日城外野桃花开，孟大江（腰间佩刀邋遢中年人，野外生活三年邋遢习惯）笑看江州城。孟川一闪降落身前喊""爹""。孟大江自豪问儿子没去追杀妖王，孟川称爹今日回来当然接风（妖王收尾已没那么急切）。父子并肩走荒野道，孟大江问第一批削减五百位巡守神魔（大周王朝境内巡守神魔共八百零五位），孟川道巡守神魔出征近七年大周先后派出一千五百七十九位战死七百六十三位重伤十一位被迫回乡（战死近半）。孟大江感叹巡守越来越轻松几乎碰不到妖王，元初山公开消息才知是孟川击杀百万妖王。孟川称大半年前实力突破探查妖王比过去强十倍有把握扫清天下妖王数月扫尾差不多。孟川感叹损失惨重（大越黑沙更重天下巡守神魔七年死伤过半，若再持续十年死差不多，若早突破无需死那么多），孟大江安慰称众多巡守神魔做出选择有准备虽死很多可救亿万性命。孟川称无巡守神魔震慑百万妖王会屠戮大半老百姓。孟大江问四月初八去接白念云黑沙洞天真同意了，孟川称三位尊者都同意寄来回信不可能反悔。孟川让爹收拾邋遢。四月初八，孟大江瘦了一圈精壮年轻如三十几岁（大日境炼体神魔），父子云雾间超高速飞赴黑沙洞天。孟川称爹这样年轻多了八九成相似当年（气质更沉稳内敛，孤寂巡守是磨练）。孟大江紧张（最渴望见妻子白念云，以为是永远遗憾如今要实现激动无比）。孟川看到远处山脚下两道身影，父子降落。孟大江看青衣女子白念云（封侯神魔三百年寿命容貌几乎没变气质更清冷），白念云眼中含泪看孟大江。回忆当年相遇相处相爱成亲生子恩爱日子，因大群妖族屠戮白念云顾不得暴露身份出手夫妻分别。白念云喊""大江""，孟大江激动跑过去。五十多年夫妻看着彼此。旁边虚影冷哼，白念云拉孟大江恭敬介绍老祖宗白瑶月。孟大江拜见，白瑶月（容貌比白念云还年轻冰冷气息令大日境神魔心颤）懒得看夫妇转向孟川。孟川躬身行礼""见过瑶月尊者""，白瑶月满意称其解决百万妖王对人族有大功劳好好修行早日跨入造化境。白瑶月训斥白念云孟大江（一个实力弱一个蠢看重爱情不把修行当回事糟蹋太阴一脉资源，因孟川功劳极大才破例否则一辈子别想在一起），一挥袖转身离去。孟大江笑称在一起让她老人家说几句没啥，白念云问丈夫没生气，孟大江开心无比。孟川旁看父母亲密自己仿佛外人。",孟大江巡守三年归来，父子飞赴黑沙洞天接白念云，白瑶月训斥后离去，孟大江白念云五十余年后重逢。
名震天下,扫清天下（本集终）,矛盾收束、核心伏笔,伏笔、冲突,"白念云转头忐忑喊""川儿""（分别时孟川仅六岁孩童如今名震天下封王神魔功勋卓著造化尊者客气接待，不知如何和儿子相处怕疏远）。孟川微笑喊""娘""，白念云打消疑虑走来紧紧抱住儿子（思念儿子，儿子成亲时远距离偷看一眼即离去）。孟川情绪激荡（母亲容貌和记忆中一模一样看自己的眼神依旧温柔）。孟大江看母子拥抱咧嘴笑此生无憾。此后孟川继续扫清天下妖王：脚踏血刃盘地底超高速飞行，雷磁领域激发雷电令妖族化飞灰妖王几乎毙命，四重天门槛妖王以眼神控制收为妖仆（一个抵十数个普通妖仆，扫清天下后难寻须抓住机会）。黑袍北觉虚影联系有潜力的雨丛妖王（黑鳞蛇妖），准其前往洞天躲避（形势恶劣无法救所有妖王，选年轻天资卓绝有望四重天者）。黑袍北觉暗中联系一位位妖王接引至小型洞天。数日后小型洞天内，火龙妖圣叹息天下还活着三十余万妖王仅挑选九十五位妖王（只能眼睁睁看其他妖王被屠戮）。黑袍北觉称小型洞天是最重要驻地绝不能暴露故接引三重天妖王必须少，九十五位个个年轻天资卓绝是三十余万中最有潜力成四重天的。重玄妖圣问帝君们不管三十余万妖王了，黑袍北觉称绝不能放它们回去（一旦回去外泄人族世界实情，妖界底层妖王知何等危险进来死伤何等惨重，下次调动大军很难，故死也得死在人族世界）。黑袍北觉称如今只能蛰伏没有任何实力和人族斗，慢慢寻找机会从世界间隙接来一群五重天妖王翻身（接过来就翻身，接不过来永远躲着，躲到世界入口足够多足够大或有一线希望）。千蛐妖圣闭关修炼（擅长咒杀因果推演），撕裂世界膜壁去世界间隙接引只有火龙重玄有希望做到（需修行至五重天极致再动手，实力更强撕裂膜壁快上息时间）。妖王们在追杀下分化：有些主动投降元初山黑沙洞天两界岛（送入洞天当免费劳力，实力强者收为妖仆为人族效力）；死硬分子不信人族好心底死不投降拼命东躲西藏，九成九被孟川屠戮或收为妖仆，少的可怜的漏网之鱼终日惶惶。等到冬天时孟川彻底扫清天下处处，妖王几乎绝迹天下恢复安宁人们开始梦寐以求的太平生活。本集终。",白念云与孟川母子团聚，孟川扫清天下妖王（收四重天门槛妖仆、妖王分化投降或被屠戮），妖族残余蛰伏仅救九十五位妖王图谋世界间隙接引五重天妖王，天下恢复安宁。
元神六层,你们得感谢孟川,设定展开、伏笔埋设,伏笔、设定,柳七月调任风雪关（大周八大城关之一，最寒冷），孟川陪同吃火锅。大周八大城关中洛棠关、剑皇关由尊者镇守，其余六大城关由封王神魔镇守（真武王、安海王、白象王为洞天境，燕山王、风雪王、阎火王为封王巅峰），如今六大城关重要性降低（最多让四重天妖王进来）。李观尊者元神分身带来整个人族世界地图，标注世界间隙与人族世界的所有连接点（耗费一两个月跑遍天下），形如两个环环绕人族世界。李观定计：妖族黔驴技穷唯剩从世界间隙送五重天妖王进来，孟川速度冠绝天下，暗中潜藏一处守株待兔，一旦敌人攻击世界膜壁就以最快速度缠上。孟川十息内赶到五千里，李观安排孟川以南方海岛为中心（周围五千里连接点最多，海域突破口可能性高）。李观提及孟川成造化后可炼寄托物凝练化身，或先达元神六层可直接凝练元神分身。安海王、剑九王被召至元初山，入沧元祖师殿厅（画卷进入），广场新出现群星楼、战神塔、心海殿三座建筑。群星楼为沧元祖师闯荡时空长河筛选的九十八本珍贵典籍（劫境、帝君级为主，极少数尊者级，有些尊者练到圆满有望越阶斩帝君），法域境弟子任选三门、洞天境任意翻阅。李观告知群星楼乃孟川历经艰辛得到并献给元初山。,李观标注世界连接点定计守株待兔，群星楼等三大宝物现世（孟川所献），封王神魔可学绝学。
元神六层,上部绝学,伏笔深化、人物心理,伏笔、情感,"安海王得知群星楼为孟川所献，心潮激荡——若早知有群星楼绝学，何必和妖族虚与委蛇？曾透露给妖族的情报虽经深思熟虑仍造成人族损失、神魔战死，安海王曾立誓""亏欠同门的来世再还""。但如今已成笑话，决心不再给妖族好处反给虚假消息。安海王、剑九王入群星楼学习，惊叹远超妖族绝学（沧元祖师七劫境大能代表传说无敌，能获更珍贵绝学，这是妖族三帝君眼馋沧元祖师宝藏之故）。秦五称安海王离造化尊者非常近随时可能突破。真武王、彭牧、云疯子从世界间隙归来亦去群星楼选绝学。安海王学三门劫境绝学、五门帝君级绝学、一门尊者级绝学，承认孟川""功在当代利在千秋""。黑袍北觉分身访安海王，以半部帝君级时间一脉绝学（冥想法后续）利诱，安海王翻看后觉得远不及群星楼绝学，冷哼""参悟它是浪费我时间""。黑袍北觉在小型洞天内暗道：安海王这棋子还没到用的时候，等他成造化境才是动用它的时候，若断了绝学修炼缺陷会逐渐爆发。",安海王学群星楼绝学后轻视妖族绝学，黑袍北觉暗藏安海王这颗棋子待成造化境时动用。
元神六层,主动进攻,情节推进、设定展开,设定,孟川隐居南方海岛（一年到头无雪，每月回风雪关一天陪妻子）。李观召集孟川至元初山，提议赐真武王一件劫境秘宝兵器（需孟川同意）。秦五解释：真武王在世界间隙征战八年又得群星楼绝学参悟大半年，突破到洞天境后期，真武一脉擅越阶战斗，即便封王神魔之身实力匹敌九渊妖圣，配劫境秘宝可匹敌得暗红牢狱的九渊妖圣。孟川同意。李观定计主动进攻世界间隙：妖族依仗五重天妖王数量多，潜入人族世界分袭各处，派遣人族最强封王神魔进入世界间隙追杀妖王，先杀能杀多少杀多少。真武王持劫境秘宝+修炼魔锥秘术，一人横行世界间隙。孟川单独一人自保有余杀敌偏弱，配护道人王善（元神六层，修炼数门元神秘术及魔锥禁招）一起行动。彭牧、云剑海一队。两界岛黑沙洞天派五位封王神魔（立心之誓言后学群星楼心海殿绝学）。三大宗派商议将心海殿群星楼对黑沙洞天白瑶月开放（立心之誓言，论修行潜力当代造化尊者中她最高）。,赐真武王劫境秘宝，定计主动进攻世界间隙追杀妖王，孟川配护道人王善，白瑶月可学绝学。
元神六层,出征世界间隙,情感展现、人物心理,情感,孟川出征前见父母儿女妻子。孟大江、白念云恩爱行走天下（人族守护压力减轻无任务）。女儿孟悠离大日境不远。儿子孟安让孟川吃惊——性子沉稳，连续施展七套枪法每套都达封侯巅峰水准（沧元祖师传承机缘非凡）。孟川嘱柳七月看顾儿女，若孟安机缘考验残酷就写信召他回来（沧元祖师传承排第一，机缘伴随考验，劫境层次机缘都有）。柳七月不舍（此次短则数年长则数十年，夫妻从未分开这么久）。孟川嘱妻子别仗实力以为无敌，妖族数量多底蕴深。元初山洞天阁，真武王、彭牧、云剑海、护道人王善齐聚。彭牧、云剑海、真武王、护道人王善皆钦佩孟川献三大宝物之功。护道人王善告知孟川：护道人肉身能打破寿命限制但对元神压迫大，元神六层夺舍最多维持一百二十年清醒（已清醒数十年还剩七十余年），平常让孟川收入小型洞天内冥想枯坐。真武王提醒务必小心孔雀君主（曾压着真武王打，唯魔锥可试，失败立即逃），如今真武王实力突破有底气对付。李观、秦五、洛棠轰开世界膜壁，五人飞入世界间隙。,孟川出征前家人团聚（孟安妖孽），护道人王善清醒时间有限，真武王提醒小心孔雀君主。
元神六层,初遇妖王,环境铺陈、战斗描写,战斗、设定,世界间隙暗红苍穹，散布黄金白银宝石（形成早期短则数十年长则数百年）。五人分开行动（真武王单独、孟川+护道人、彭牧+云剑海）。护道人王善告知护道人肉身特殊（历代护道人夺舍用，抵抗寿命限制但压迫元神），平常收入小型洞天冥想枯坐，遇敌再唤醒。孟川将护道人收入小型洞天。孟川独自飞行探查（戴面具、无间领域隔绝光线）。妖族在世界间隙也隔绝光线，单靠肉眼看不见，领域探查会暴露自己。五重天妖王大多为修行（观看世界诞生场景），极少数为夺宝。孟川寻找世界诞生异象（临近域外小心别冲出世界间隙）。天地断裂处紫色雷霆怒劈（上次来还是封侯神魔，如今法域境参悟血刃盘群星楼绝学有新领悟），彩色气泡（危险无比炸裂百里湮灭）。孟川雷磁领域探查到一支妖王队伍（三位戒备修行其余全身心修行）。黑色头颅传音同伴发现一位神魔。孟川施展星辰波动（元神攻击）令元神四层的五重天妖王迷迷糊糊，一柄血刃贯穿头颅。,世界间隙环境铺陈，护道人肉身特殊性，孟川初遇妖王以星辰波动+血刃斩杀。
元神六层,迷迷糊糊,战斗描写、爽点设置,战斗、爽点,血刃如电惊醒八位五重天妖王（被斩杀一位剩八位），迅速靠拢戒备。孟川飞行一闪身十二里拉近以雷磁领域探查（八位无威胁特别大的暂不唤护道人）。八位妖王同时出招：银发女妖死亡之音（针对元神）、黑袍妖王血分身（控制血液）、黑毛狮妖王黑风（利刃切割），手段互补（三位巅峰五重天）。孟川元神星辰缓慢旋转碾碎死亡之音冲击，身法潜入深层次虚空映射九化身。八妖王决断逃命。孟川从深层虚空来到八妖王中央施展星辰波动（大范围元神秘术，威力比魔锥弱很多但范围性），六位失去反抗力（三位失去意识三位迷糊），仅银发女妖（元神四层有元神神通）和黑毛狮妖王（元神五层）保持清醒。血刃袭杀银发女妖（欲钻地底被贯穿化齑粉）。十三柄血刃围攻黑毛狮妖王（黑风削弱三成、毛发肌肉筋骨阻碍，血刃仅贯穿小窟窿瞬间恢复）。三柄血刃在雷磁领域内加速八圈速度提升六成威力数倍，一柄贯穿胸膛炸裂身体，两柄将两截肉身炸成齑粉。孟川暗道若妖王再厉害些就要动用魔锥。星辰波动先洗地削弱敌方八九成再轻松斩杀。,星辰波动大范围元神秘术一击令六妖王失去反抗力，孟川斩杀九名五重天妖王（第一批）。
元神六层,牵丝圣主,人物引入、伏笔埋设,人物、伏笔,"孟川斩杀剩余六名妖王（三无意识三迷糊），收妖王遗物（含传讯令牌，估计死前发出求救）。孟川暗守蹲守支援队伍。世界间隙另一处黑白水潭（阴阳分明），牵丝圣主（妖异女子，蜘蛛妖王）等五位妖王潜修。黑狮山老狮子求救，牵丝圣主决定救援。白毛鼠妖（白苍洞主，幻术一脉法域境巅峰）吹捧牵丝圣主境界最高（毒龙老祖仗异宝不死身、孔雀君主吞吃异兽尸体蜕变，论境界都不及圣主）。牵丝圣主自认仅败给孔雀君主，达到元神七层凭元神秘术结合或能击败孔雀。牵丝圣主即妖族""牵丝圣主""，世界间隙对她这等悟性极高者是梦寐以求机缘。五妖王赶路三千余里。虚空涟漪与孟川雷磁领域碰触，牵丝圣主虚空涟漪令孟川显露身影。孟川认出牵丝圣主（情报排名第一孔雀君主，第二牵丝圣主）。",牵丝圣主（蜘蛛妖王，境界最高）率队救援，与孟川遭遇，双方认出彼此。
元神六层,一对五,战斗描写、矛盾爆发,冲突、战斗,"孟川不战而逃（情报显示除孔雀君主外其他妖王无让其不战而逃的实力）。牵丝圣主等五妖王追来，虚空蛛网（三百里范围）困孟川。黑瘦青年（鳞片）一闪身二十里直奔孟川。孟川潜伏深层次虚空映射九化身主动迎战。牵丝圣主认出孟川（脚踏圆盘兵器、戴面具、雷霆领域、潜入深层次虚空），传音""东宁王孟川""！三位帝君重视十五位五重天妖王（重点栽培，最新情报最快通知），牵丝圣主队伍知晓孟川详细情报。妖族悬赏：孟川五百亿功劳（第一），秦五白瑶月各百亿（第二），李观八十亿（第四）。十亿功劳换帝君级兵器，五十亿换劫境秘宝，百亿换妖祖洞一次机会。孟川不惧。牵丝圣主传音""不惜代价除掉他""，白苍洞主以黑莲秘术（一大四小黑莲阵法）庇护同伴元神抵抗星辰波动。孟川以血刃袭杀肉身最弱的白苍洞主，被虚空丝线拦截。孟川潜入深层次虚空，牵丝圣主境界大增（百里范围影响深层次虚空令孟川被迫显现），牵丝圣主自创绝学牵丝诀请孟川品鉴，黑瘦青年、驼背妖王、魁梧妖王同时杀向孟川。",牵丝圣主认出孟川（悬赏五百亿功劳），境界大增强迫孟川现身，五妖王围攻。
元神六层,反击,战斗描写、悟道,修炼、战斗、爽点,"牵丝圣主牵丝诀境界比孟川云雾龙蛇身法高太多（阴阳刚柔于一体，阴柔到极致又比刀锋锋利）。牵丝圣主一心钻研牵丝诀渴望返老还童成妖圣（需达天地境，太难）。白毛鼠妖施展惑心元神秘术，孟川元神星辰稳定性防护性强不受影响。牵丝圣主虚空丝线袭来，血刃拦截落空，六柄血刃自成阵法挡住所有虚空丝线。黑瘦青年（牵沼妖王，黑沼地龙）化作百丈黑泥笼罩孟川（天赋神通不死身，纠缠敌人）。驼背妖王六臂六刀怒劈，令十二柄血刃防护出现漏洞，虚空丝线渗透刺向孟川头颅。魁梧山妖化作千丈巨人劈下。孟川施展神通流沙（额头银色秘纹，外界变慢十分之一），脚踏血刃盘速度暴增摆脱围攻。孟川以神通天怒（雷霆速杀，普通造化境威力但速度超绝）一击劈在白苍洞主身上（肉身平庸）化作齑粉当场毙命。孟川暗道神通流沙维持极限五息时间今后厮杀尽量三息内。牵丝圣主等惊色。孟川以流沙速度到驼背妖王近前""第二个就是你了""。",孟川施展神通流沙（时间变慢十倍）摆脱围攻，天怒雷霆一击毙杀白苍洞主，逐个击破。
元神六层,猎人和猎物,战斗描写、爽点设置,战斗、爽点,"牵丝圣主最全面一对一孟川处下风，山妖肉身强横不亚于血修罗，牵沼妖王黑泥近乎不死，唯裂山妖王（驼背妖王）最有望击杀。牵丝圣主以黑莲秘术庇护同伴。孟川魔锥无机会（黑莲秘术破不开魔锥会粉碎致元神重创）。孟川凭恐怖速度到裂山妖王身边，流沙加持下刀法快十倍超越妖力蔓延速度。驼背妖王护体金光抗住第一刀，第二刀破金光劈出伤口，第三刀金光愈合。孟川神通天怒偷袭牵丝圣主（蚕茧护体丝线缝隙漏雷电令其麻痹感，控制变慢），同时六柄加速到极致的血刃（顶尖造化境之威）趁牵丝圣主控制变慢轰击虚空蚕茧，连续六柄轰出大窟窿但被流动丝线阻挡。牵丝圣主""孔雀都没能杀我""。孟川又一道雷霆轰劈驼背妖王（嘴角血迹麻痹），一刀斩断其头颅，连续六刀化齑粉。孟川""第二个了还剩三个""，犹如猎人寻找猎物弱点。",孟川以天怒偷袭牵丝圣主令其控制变慢，趁机斩杀裂山妖王（第二个），逐个击破战术。
元神六层,护道人出手,战斗描写、转折高潮,战斗、高潮,孟川斩杀裂山妖王后，牵丝圣主察觉被牵着鼻子走。牵丝圣主、山妖、牵沼三妖王不愿放弃（五百亿功劳），以黑莲秘术护元神自信能扛住孟川攻杀。牵丝圣主传音汇合三妖同时出手。孟川一闪直扑牵丝圣主（速度比妖力蔓延快），传音护道人王善出手。护道人王善早已醒来待命，孟川计划：先由自己出手除掉较弱的白苍洞主、裂山妖王，剩下三个靠护道人元神秘术。护道人王善被挪移出小型洞天，施展魔锥对付牵丝圣主（元神六层魔锥定能破黑莲秘术）。牵丝圣主不认识护道人（妖族无情报），魔锥太快一戳破黑莲，穿透牵丝圣主元神（真实黑莲）摧毁元神本源，牵丝圣主痛苦嚎叫但心性非凡保持基本清醒。孟川血刃轰碎虚空蚕茧，劈牵丝圣主衣袍（体内孕养的真实蛛丝织成，比蚕茧强数倍，最强护身手段，孔雀手下活命依仗）。魔锥第二次刺穿牵丝圣主元神。牵沼、山妖分逃。孟川传音杀掉另外两个。护道人魔锥追上牵沼妖王（黑泥）穿透毙命。魔锥又袭山妖（千丈巨人分解数万石头小人飞遁）。,护道人王善施展魔锥重创牵丝圣主（元神本源被摧毁），孟川杀牵沼妖王，山妖分身逃遁。
元神六层,战后,矛盾收束、人物心理,冲突、情感,魔锥穿透百余石头小人（岩石层粉碎露金属小人坚韧无惧雷磁领域），其余石头小人逃远。牵丝圣主放下捂脑袋双手，冷冰冰看孟川和护道人。孟川带护道人迅速飞走（欲收牵沼尸体被虚空蛛丝拖回）。孟川将护道人收入洞天法珠一闪身数百里逃离虚空蛛丝领域（三百里顶尖造化威力）。牵丝圣主抚摸牵沼尸体（跟随多年感情深）立志用人族神魔陪葬。孟川暗道神通流沙极限五息，今后厮杀尽量三息内留两息应变。孟川召出护道人询问，护道人称魔锥仅裂缝没碎问题不大（半月恢复，半月内可动手只要不对付元神六层）。护道人肉身特殊：封王神魔肉身可孕养元神，护道人肉身压迫元神，王善元神六层仅维持七十余年清醒，千余年静坐冥想。魔锥碎裂损失一成元神本源则清醒时间寿命大减；动用两三成元神本源修炼魔锥一旦碎裂数天内元神消散毙命。牵丝圣主与山妖凭传讯令牌再度汇聚，一战仅活下来它俩。,牵丝圣主立志报仇，护道人魔锥仅裂缝半月可恢复，牵丝圣主与山妖存活。
元神六层,召集,情节推进、伏笔深化,伏笔,牵丝圣主反思败因：神秘神魔魔锥杀牵沼重创自己，孟川速度远超预料虚空蛛丝领域没发挥作用无法形成围攻。牵丝圣主猜孟川改变时间流速（神通非打破天地桎梏，若打破天地桎梏刀法威力远超想象）。帝君召牵丝圣主、山妖回妖界。寒冰宫殿广场聚集上百名五重天妖王（角山队伍九位被彭牧云剑海杀六位，黑狮队伍全灭，牵丝圣主队伍死三位，半天战死四十三位五重天妖王比过去九年多三十一位还多）。玄月使者令所有与人族神魔交手的妖王书写情报呈交帝君。星诃帝君、玄月娘娘、鹏皇震惊（半天损失四十三位比九年还多），玄月娘娘指出人族不愿眼睁睁看着妖族准备先下手杀五重天妖王。孟川在世界间隙找了两天多没找到妖王（妖族全被召回），真武王传讯召孟川。,妖族半天战死四十三位五重天妖王（比九年还多），帝君召回所有妖王书写情报。
元神六层,威胁最大的三位神魔,设定揭示、人物引入,人物、揭示、设定,孟川赶至真武王处（丘陵），召出护道人。彭牧、云剑海亦到。真武王告知两天前妖王们已全部离开世界间隙（世界膜壁被轰破通往妖界），黑沙洞天探知妖界所有五重天妖王被帝君召集。黑沙洞天三位神魔（熔火王、通冥王、北沐王）、两界岛两位神魔（千木王、蛊瞳王）赶到。熔火王告知妖王们交流情报认定人族威胁最大三位：第一真武王（领域可怕近身无敌，与孔雀君主同层次双方最无敌），第二千木王（元神六层魔锥中招必死，沉睡数百年自创绝学叩问本心突破元神六层，用三成元神本源炼魔锥），第三东宁王孟川（一闪身五百里，绝大多数妖王难逃追杀，九渊妖圣也因甩不脱逃域外）。人族封王神魔算上护道人沉睡的共大几十位，仅两位元神六层（护道人王善三百多岁突破，千木王四百五十多岁突破）。,妖族认定人族威胁最大三位（真武王、千木王、孟川），元神六层封王神魔仅两位。
元神六层,开始修行,悟道、氛围营造,修炼、设定、爽点,熔火王分析妖族底蕴深厚（帝君每代几个，劫境大能不少，妖界疆域比人族世界大近十倍中等世界极致），人族最近数十万年越弱（沧元祖师宝物被一代代用太多）。妖族可能重点栽培几位妖王组队袭杀（如孔雀君主+数妖王）。三大宗派计划：袭杀结束耐心在世界间隙修炼（两界岛黑沙洞天汇合，元初山队伍汇合），修行二十年（熔火王剩三十一年寿命，千木王剩三十九年需沉睡）。真武王笑称孟师弟妖孽二十年再大进。两界岛黑沙洞天队伍离去。护道人王善入洞天静修恢复魔锥。孟川四人到天地断裂处紫色雷霆（几乎最强，肉眼看不到尽头，黑白气流形成五百里大型湖泊一半世界间隙一半幽暗），参悟世界诞生场景修行。孟川渴望掌握毁灭力量。,三方队伍各自汇合修行二十年，孟川等参悟天地断裂处紫色雷霆世界诞生场景。
元神六层,二画'雷霆',悟道、核心伏笔,伏笔、修炼、爽点,"真武王、彭牧、云剑海各参悟。孟川从洞天法珠召出桌椅颜料盘画笔，二画雷霆十五相（上次封侯神魔阶段二十三天，如今法域境大成感受不同）。孟川先画虚空一脉（九天相、雷域相、虚实相、无我相），再电闪一脉、毁灭一脉、生命一脉，共十五幅画。绘画时感受光芒相更深底蕴，元神绽放灵性光芒（强大神魔突破时有更深感悟叩问本心引起元神蜕变）。绘画过程是更深认知紫色雷霆的过程，以绝代画手眼光把握神韵本质，无形影响孟川修行道路（旁人只看一点，孟川认知整个紫色雷霆）。妖界寒冰宫殿，三位帝君筛选结束（十余天考验每一位五重天妖王）。星诃帝君评牵丝圣主实力第二第三但技艺境界最高最有资格得劫境秘宝。妖族劫境秘宝数量多但赐予条件苛刻。牵丝圣主选劫境秘宝""九命茧""（元神五劫境大能本命秘宝，护持肉身元神最强，丝线坚韧锋利擅护持，破茧重生需配合原主血脉妖族无法做到）。牵丝圣主询问元神秘术抵抗魔锥，鹏皇称妖族无（魔锥是人族独有沧元界招牌禁招，域外强大元神秘术几乎都需幻术一脉）。",孟川二画雷霆十五相（五十三天），牵丝圣主选劫境秘宝九命茧（护元神最强）。
元神六层,三年,悟道、情节推进,修炼、爽点,孟川收起桌椅，二画雷霆十五相五十三天比上次长（境界低看得少画得模糊，如今看得多画得复杂精细）。孟川暗道若哪天十五相融入刀法仿佛真实紫色雷霆一刀撕裂时空长河可比肩沧元祖师。修行三年，妖族未派妖王进入世界间隙（越憋久出手越恐怖）。真武王真武领域（十里黑白二气追逐融合灰蒙蒙力量）全面强大（领域杀敌护身各方面，但太全面限制威力，不如金莲降世极限绝学越阶杀帝君）。孟川一刀令世界膜壁震颤扭曲，无尽刀突破法域境巅峰（五十五岁封王约八年六十三岁法域境巅峰）。无尽刀追求速度极限打破天地桎梏需光芒相为核心汲取分波相阴阳相三相合一（最难）。云雾龙蛇身法无需打破天地桎梏或更早达洞天境。世界间隙三年六个月后云雾龙蛇身法达法域境巅峰。三年十一个月，真武王、彭牧、云剑海感应到特殊波动（重宝出世）。,修行三年，孟川无尽刀法域境巅峰、云雾龙蛇身法法域境巅峰，感应到重宝出世。
元神六层,接连尝试,情节推进、装备获取,奖励,孟川云雾龙蛇身法法域境巅峰映射十八化身。彭牧告知特殊波动应是本源宝物出世（世界间隙彻底形成短则数十年长则数百年，本源宝物一般不超十件）。距离八千余里，四人赶去（孟川无间领域带众人，飞行捡到十二件普通宝物如血魄石可当神魔血池原材料）。狂风呼啸毁天灭地，风眼有青色蛋——风之本源宝物（风一类本源宝物有灵性，一旦彻底形成破壳飞走，速度匪夷所思，帝君都难捕捉，必须在形成前擒获）。真武王以劫境秘宝灰蒙蒙球体（护身极强）硬抗本源之风，两百多里后碎裂。彭牧以帝君级秘宝青色藤蔓延伸三十余里无法再深入。云剑海、护道人王善无办法。两界岛黑沙洞天队伍（千木王、熔火王等）赶到。通冥王黑影深入百余里扭曲撤退。蛊瞳王上万蛊虫从狂风缝隙钻入百余里全部撤退剩三千多只。个个失败。孟川仔细观察盘算有两三成希望。,风之本源宝物出世，众封王神魔各展手段皆失败，孟川有两三成把握。
元神六层,身法极限,悟道、装备获取,修炼、奖励、爽点,本源之风环绕千里，越近核心越密集越强，兵器无法接近（狂风漩涡排斥一切外物）。本源宝物用途多（替神魔血池力量、融入世界本源壮大世界、世界降格时续命、炼宝、修炼），数量极少劫境大能都难寻。孟川手指碰触边缘狂风，勉强破开不灭神甲光膜切割细小伤口。孟川暗道本源之风只有破坏性无意识不懂因果杀敌，留下血液可滴血重生（元初山留一滴鲜血，洞天法珠内留部分血液）。孟川将洞天法珠交护道人保管（本源之风能否扛住绞杀无把握，劫境秘宝肯定能扛住），托真武王若失败收回血刃盘。众神魔震惊孟川要真身进去。熔火王、千木王劝阻（孟川性命关系整个战争）。孟川称有绝对保命把握。孟川脚踏血刃盘化作残影飞入狂风漩涡。法域境巅峰云雾龙蛇身法+血刃盘，从风间隙穿过。一百五十里后压力巨大，施展神通流沙（外界变慢十分之一），两百里、三百里、四百里直逼核心。众神魔震惊孟川身法鬼魅（一闪身七八百里，眨眼变幻数百次）。孟川踏血刃盘一闪身百余里，流沙下极限一闪身千余里，无尽身法一千五百里，云雾龙蛇身法踏血刃盘一千两百里，但完美控制极限一闪身九百里（再快失控）。,孟川以滴血重生+神通流沙+血刃盘真身闯入风之漩涡，身法完美控制极限一闪身九百里。
元神六层,回归元初山,转折高潮、装备获取,奖励、高潮,孟川借助血刃盘云雾龙蛇身法越发快诡异，神通流沙让元神有足够时间施展匪夷所思身法，留下无数残影深入。剩三十里二十里风更密集无缝隙。孟川在青色蛋十余里外变幻上千道幻影，神通掌控天地爆发+十八柄血刃环绕近处，神通流沙触及十八柄血刃，一瞬间一百二十七次身法变幻，最稀薄处冲过（剑仙速度）。十八柄血刃护体被击溃抛散一刹那冲到青色蛋近前，手掌碰触收入虚空宝物。本源之风失去来源消散。孟川双腿被绞杀粉碎（粒子空间完好千分之一不到粒子粉碎），滴血境肉身一个呼吸恢复。众神魔震撼恢复力。孟川夺宝展露的身法、神魔体生命力令人震撼。孟川飞回，北沐王惊叹身法，千木王称妖族休想威胁孟川。两界岛黑沙洞天队伍离去。孟川四人世界间隙逛五天捡普通宝物，轰开世界膜壁返回元初山。李观、秦五、洛棠惊讶四人全回。真武王告知风之本源宝物为孟师弟所夺。三尊者喜（风之本源宝物未曾出世时帝君都难捕捉）。孟川递虚空手环（风之本源宝物+普通宝物）。真武王等回世界间隙，李观留孟川有麻烦事。,孟川夺得风之本源宝物（滴血重生恢复双腿），返回元初山，李观留孟川有麻烦事。
元神六层,事件,悬念设置、氛围营造,伏笔、设定,"李观告知大周王朝境内两座城池先后遭神秘袭击每次死去百万人。孟川震惊（解决百万妖王后太平日子）。李观述诡异：恐怖力量出现在城内吞吸周围数十里所有凡俗生灵，血肉化作血气被吞吸，罪孽也被吞吸彻底消失，镇守神魔追不上凶手消失。第一次袭击护法神兽追杀神秘凶手直接消失。第二次袭击封侯神魔看到滔天血气罪孽笼罩的模糊身影分辨不出妖族人族。两次都来得突然消失突然，且都在大周境内（两界岛黑沙洞天未遭袭）。孟川觉像邪异修行法门（人族历史上邪恶法门如血魔体以百万人性命筑基，八百多年来三大宗派团结对敌封藏邪恶法门）。李观称人族邪恶法门全部封藏外界几乎不可能有，秦五称就算有也不可能吞吸百万人连护法神兽都追不上。李观请孟川抓凶手（速度冠绝天下发现就能追踪）。孟川一息约五百里，施展时间神通可达十倍。神秘凶手大范围吞吸百万人两三息时间潜逃，需两三息内赶到（唯孟川能做到）。孟川暂居南水城（大周腹地最远城池一万两千里内）。大半月后雨安城高空暗红雾气身影俯瞰一千多万人""都是美味""。",大周两座城池遭神秘袭击各死百万人（吞吸血气罪孽），孟川暂居南水城抓凶手，雨安城再遭袭。
元神六层,神秘凶手,战斗描写、悬念设置,伏笔、战斗,"暗红雾气身影降落雨安城湖泊，以三十里范围暗红雾气降临，范围内人们皮肤血肉分解化作血气（过百万人）。血气罪孽怨气化作暗红浪潮汇聚中央。镇守雨安城的吕越王（普通封王神魔）透过令牌求援，一挥袖七十多头毒虫飞出（最快一闪身近二十里）。南水城孟川令牌雨安城亮起血光，脚踏血刃盘施展无尽身法+神通流沙（一闪身一千六百里，帝君最慢瞬移一千里一闪身两三千里），南水城到雨安城六千余里一息多抵达。孟川雷磁领域锁定领域核心身影。暗红雾气身影惊""不好""。孟川血刃围杀（元初山吩咐尽量活捉）。血气阻挡被撕碎，神秘凶手施展耀眼血色剑光抵挡逃窜。孟川认出剑法是春秋劫（曾和安海王闯世界间隙见过，比当初更完善但同出一源，天下不会有第二人能施展）。吕越王喜""东宁王速度冠绝天下凶手逃不了""。血色身影虚空闪烁遁逃，孟川迫近""安海王，是你吗？""血色身影怪笑""不愧是速度冠绝天下""。",孟川一闪身一千六百里赶到雨安城，认出凶手剑法为春秋劫（安海王绝学），疑为安海王。
元神六层,真相,转折高潮、设定揭示,揭示、设定、高潮,血色身影不逃（面对孟川逃不掉），威胁孟川：擒拿需数招，我一瞬间灭杀下方凡俗，放我离开不伤凡俗或你对付我让凡俗陪葬。孟川疑惑（安海王何时话这么多且愚蠢）。孟川施展元神星辰波动波及血色身影，对方身体一晃直接坠落失去意识。孟川封禁其力量，发现真元、元神气息都是安海王（外表高大有暗红符纹丑陋邪恶）。孟川觉血色身影说话风格和安海王完全不一样，先带回元初山。吕越王善后，孟川带凶手赴元初山。李观、秦五、洛棠等待。孟川扔下凶手，李观查真元元神气息是安海王。孟川指凶手剑法为春秋劫。秦五难以置信（安海王是其弟子中最优秀之一）。李观元神分身赶往安海王镇守城池，源宝赤云天身份令牌仍在原地不动。李观传讯召安海王不奉命。李观施展元神秘术激发丑陋男子另一个意识苏醒，安海王恢复真实容貌。安海王称猜到是自己（两次深夜修行失去意识记忆，时间与袭击吻合），不禀报是因不知怎么说（曾勾结妖族）。安海王一挥手出现四本妖族绝学典籍。,孟川以星辰波动一击擒凶手（安海王），带回元初山，安海王自述元神分裂，交出妖族绝学。
元神六层,安海王的记忆,人物心理、设定揭示,情感、揭示、设定,李观查四本典籍（三门尊者级绝学、一门帝君级半部绝学），挑出四绝剑（尊者级）和时光刀（帝君级半部）一脉相承都有冥想法（四绝剑基础篇，时光刀后续篇），疑安海王意识分裂与冥想法有关。安海王称半部绝学没修炼（群星楼得到更强传承后妖族才送来）。秦五痛心：妖族给的宝物可能是毒药绝学可能有缺陷。安海王道天下神魔多不信妖族会短视到给毒药有缺陷绝学。李观指妖族针对有望成造化尊者的安海王很可能，未知秘术不能修炼。李观猜妖族谋划甚大：新意识最终吞噬主意识代替，妖族有控制之法，若安海王成造化尊者又绝对忠诚妖族对人族威胁太大。安海王称妖族让他发疯屠戮人族虽死数百万人不损人族根本。李观指若继续修炼后续冥想法就不会这么早暴露。心海殿外显记忆：安海王童年家乡遭妖族入侵父母死成孤儿乞丐，经历人世最黑暗一面，寒冬冻死前侥幸成大家族小仆从暗中偷修炼对自己狠。李观指安海王不在乎凡俗（凡俗面对妖族毫无反抗只窝里横），重视神魔（每一个神魔死去是损失对抗妖族力量）。安海王最相信自己一心对付妖族，娶妻妾生子女暗中引导苦难磨练心志（晏烬悲惨年少为其暗中引导，薛峰也无法理解父亲）。,安海王意识分裂源于冥想法，心海殿外显记忆（孤儿乞丐经历、以苦难磨练子女），妖族谋划甚大。
元神六层,生命改造,设定展开、人物心理,情感、设定,"秦五冷脸斥安海王入魔（害死数百万人害死神魔只相信自己），平常时期当处死，即便现在不能以戴罪立功逃过惩戒。洛棠指安海王元神有缺陷会继续诞生邪恶意识。护法神称心海殿可抹杀新生邪恶意识但元神修行特殊秘术产生缺陷过些时间还会诞生。李观提议抹杀邪恶意识后进行生命改造令元神彻底消融（元神没了秘术就没用）。生命改造分很多种，元初山能进行十余种改造，完全没元神的只有两种：寒冰护卫（七成成功率）和流火生命（死亡率更高不契合人族）。寒冰护卫乃时空长河中特殊寒冰生命，改造过程元神彻底消融成寒冰之躯养分，寒冰之躯强大但碎裂即死，无法再提升唯技艺境界可提升，寿命大限必死。护道人也是生命本质改变（元神五层夺舍护道人躯多一千多年寿命坚不可摧）。决定：生命改造前立心之誓言，改造成寒冰护卫后放逐世界间隙三百年巡守追杀妖族，三百年期满才允许回人族世界。安海王愿追杀妖族无怨言。安海王写信托孟川转交晏烬（""我去征战世界间隙，若想见我先获得进入世界间隙资格""）。安海王感慨孟川彻底改变战争走向看到光亮，一直以为不能将希望寄托他人现在看来可以相信别人。",决定抹杀邪恶意识+寒冰护卫生命改造+放逐世界间隙三百年，安海王写信托孟川转交晏烬。
元神六层,八年,转折高潮、人物心理,情感、高潮,"池子中安海王身体逐渐透明化，无尽寒气汇聚，表情扭曲眼中疯狂（生命改造太痛苦，元神彻底消融成寒冰之躯养分，意识崩溃即彻底死去）。李观称最危险是第一天（生命本质完全转化，剩下两天孕育寒冰生命）。安海王意志惊人熬过第一天，巨大冰块显现内部人形。两天后寒冰消融被安海王吸收，成深青色寒冰雕琢而成，力量速度远超过往（顶尖造化境实力），无元神不惧任何元神秘术。秦五怒哼若非战争之时早杀你。李观指寒冰之躯强大少许破损可恢复一旦被粉碎即死，擅两点：身体力量速度、利用寒冰之力。源宝赤云天等物被收回，部分物品归还安海王。孟川带安海王前往世界间隙，安海王寒冰之躯一剑劈手掌仅白色裂缝很快修复。安海王期待斩妖。转眼孟川进入世界间隙征战已八年（除第一天斩些五重天妖王后平静修行）。孟川令牌元初山相召，护道人称只召孟川一人。孟川回元初山，秦五虚影告知""你儿子孟安突破到封侯神魔了""。",安海王生命改造成功成寒冰之躯（顶尖造化境），征战世界间隙八年，孟安突破封侯神魔。
元神六层,父子交手,情感展现、人物心理,情感,"孟川惊喜（儿子三十二岁成封侯神魔比自己强多了）。秦五称孟安得沧元祖师一系列机缘栽培机缘好百倍千倍。这八年天下太平（除安海王事件），孟安成封侯神魔，柳七月被召至元初山一家团聚。孟川感叹这一代神魔看到战争转折曙光，之前八百多年十余万神魔战死封王沉睡一代代奋斗临死看不到希望。景明峰（孟川柳七月当年洞府），一家四口喝茶。孟安封号""羽龙侯""（孟安犹豫不愿多说）。孟悠大日境。孟川与孟安练武场切磋。孟川以无间领域（滴血境肉身丹田极致、元神五层法域境巅峰真元精纯，比正常封王巅峰强一两倍）三尺处停止孟安长枪。孟川撤无间领域让孟安全力出招。孟安枪法鬼魅且快（风火水三系相辅相成），孟川一手指挡下每一次枪尖。孟安施展绝招（顶尖封王神魔威力），孟川一手指轻易挡住。",孟安三十二岁成封侯神魔（羽龙侯），父子切磋孟川以无间领域+一手指挡下孟安枪法。
元神六层,九世轮回炼心,人物心理、核心伏笔,伏笔、情感,"孟安请孟川出招他防守。孟川气芒（顶尖封王威力）被孟安五色领域+枪法挡下踉跄退三步毫发无伤。孟川巅峰封王气芒擦过孟安耳边留血痕。孟川指孟安枪法遇普通封王绰绰有余遇顶尖封王吃亏遇巅峰封王毫无还手之力。孟安问造化境，孟川凭空出现在孟安身前手指点眉心""死都不知道怎么死的""（不使用劫境秘宝神通流沙掌控天地下普通造化境战力）。孟安轮回领域暗星领域都没看清。孟川指一闪身五六十里对造化境略占优势（真实一闪身千余里没必要施展）。孟川指导孟安：提高枪法境界、特殊护身手段（领域身法秘术）、元神很重要（生死搏杀敌人找破绽元神弱直接元神秘术击杀）。孟川称自己速度冠绝天下保命第一（逃造化尊者妖圣追不上，站原地敌人粉碎虚空才能碰到，还有护身神通强大肉身）。孟川嘱孟安踏踏实实修炼弥补短板。孟安骄傲被击溃，沧元祖师让其经历""九世轮回炼心""，九世轮回真实得那些人那些事都记得清清楚楚，孟安暗道""真的只是幻境吗？""","孟川指点孟安（造化境差距、元神重要性），孟安经历沧元祖师""九世轮回炼心""（核心伏笔）。"
元神六层,妖族的队伍,矛盾展现、伏笔深化,伏笔、冲突,孟川回世界间隙。转眼十五年后。黑暗密室，火龙妖圣、重玄妖圣看星诃帝君身影，称一年后达妖圣之下实力极限。星诃帝君定一年后发动总攻（两妖圣分别在相距数万里两处同时轰破世界膜壁前往世界间隙，一个成功进入世界间隙画出连接点地图，人族地图和世界间隙地图对应即完整连接点地图，妖族可轻松派遣五重天妖王杀入人族世界）。妖界寒冰宫殿，星诃帝君定先扫一遍世界间隙。鹏皇称分身在域外辛苦换取宝物不惜代价栽培五重天妖王。星诃帝君选两支队伍：孔雀君主+十八黑河护卫（黑河命匣组成八百里黑河大阵），牵丝圣主+冷月妖王+毒龙老祖。毒龙老祖黑水之体（元神分散融入每滴黑水，魔锥仅摧毁少许黑水元神不值一提，炼化五大毒物又有劫境秘宝水元珠，秦五李观都难杀死只能封禁）。冷月妖王元神六层改造成幻影生命（行走暗影世界）+劫境兵器。十八黑河护卫（鹏皇去黑河界谈判换十八黑河命匣，筛选十八妖王炼化组成八百里黑河大阵，神魔进来瞬间腐蚀化粉末，元神秘术距离够不着）。牵丝圣主得九命茧实力全面足以横行世界间隙。孔雀君主耗费代价最大。孔雀君主（黑色长发披散腰部，紫瞳霸道，离寿命大限不足百年无法延寿，无欲无求肆意）。,妖族一年后总攻，两支队伍（孔雀+十八黑河护卫，牵丝+冷月+毒龙），目的绘制连接点地图送五重天妖王入人族世界。
元神六层,瓶颈,悟道、矛盾展现,修炼、冲突、爽点,星诃帝君分两队（孔雀+十八黑河护卫，牵丝+冷月+毒龙）。鹏皇轰破妖界膜壁世界间隙膜壁。孔雀冷漠率十八黑河护卫飞进世界间隙，牵丝圣主等亦离开。世界间隙天地断裂处，孟川、真武王、安海王、彭牧、云剑海修行。孟川云雾龙蛇身法卡在瓶颈一年多（积累足够但无法融为洞天境），无尽刀更难（打破天地桎梏）。孟川拔斩妖刀欲修炼无尽刀，感应到遥远动静。真武王、安海王、彭牧、云剑海同时感应世界膜壁被轰破（洞天境才能感应）。五人汇合，真武王指妖族派遣妖王进来了。孟川带众人全力赶路。黑沙洞天两界岛五神魔亦察觉赶路。孟川队伍速度快跑了空，速度慢的熔火王队伍与牵丝圣主队伍碰上。牵丝圣主三百里虚空蛛丝笼罩五位神魔。熔火王铠甲+金色火焰（炼火星辰炉，黑沙洞天劫境秘宝）焚烧虚空蛛丝。牵丝圣主九命茧释放丝线。,孟川卡瓶颈，妖族两队进入世界间隙，熔火王队伍与牵丝圣主队伍碰上交战。
元神六层,炼火星辰炉,战斗描写、装备获取,奖励、战斗,牵丝圣主放神魔靠近七十里动手（千木王魔锥五十里内威胁，妖王们近战十里才巅峰威力）。九命茧丝线（符纹显现）穿透火焰领域，北沐王十三剑阵（帝君级阵法宝物）守护挡大半，千木王森林世界阵法挡残余。熔火王炼火星辰炉（刀戈殿劫境秘宝，星辰炼制正面战斗擅砸）。毒龙老祖剧毒黑水遭金色火焰焚烧（毒的克星），派黑龙分身冲击遭十三剑阵轰破。通冥王潜入暗影世界与冷月妖王厮杀（皆幻影生命影子分身）。毒龙老祖以劫境秘宝水元珠正面战斗实力大增，九条黑龙分身抗住十三剑阵。牵丝圣主九命茧丝线汇聚白蛇（造化巅峰级）粉碎森林世界杀千木王。熔火王手持炼火星辰炉（比本人大数倍，星辰炼制正面擅砸）一击贯穿数里轰散白蛇，丝线溃散。牵丝圣主分化三条略小白蛇。,牵丝圣主九命茧白蛇攻千木王，熔火王炼火星辰炉一击轰散白蛇，毒龙黑龙分身遭十三剑阵克制。
元神六层,元初山神魔来了！,战斗描写、转折高潮,战斗、高潮,北沐王十三剑阵挡一条白蛇，熔火王炼火星辰炉连击挡两条白蛇，千木王森林世界挡黑龙分身。牵丝圣主九命茧杀敌偏弱保命更强。冷月妖王元神六层元神秘术袭通冥王，通冥王魔锥（三成元神本源）破解元神秘术（不敢以魔锥袭元神六层）。通冥王称杀不了冷月妖王。牵丝圣主无数蛛丝领域困住神魔，不敢让千木王靠近五十里。熔火王等元初山神魔赶到（真武领域阴阳盘十里灰蒙蒙力量撞破九命茧丝线），两支队伍汇合。真武王令孟川追牵丝圣主到五十里内（千木王魔锥）。孟川脚踏血刃盘带九位神魔，真武领域庇护强行在虚空蛛丝领域飞行。三条白蛇冲进真武领域（威力削弱），熔火王、北沐王、安海王（寒冰之躯一剑影响时间流速劈散白蛇）各挡一条。牵丝圣主传音拖延到孔雀到来。孟川带九神魔速度一闪身三四十里逼近，六十里五十里四十里。真武王传音别急拉近十里内。,元初山队伍赶到汇合，真武领域撞破九命茧丝线，孟川带九神魔逼近牵丝圣主队伍。
元神六层,轰杀,战斗描写、爽点设置,战斗、爽点,人族神魔速度太快妖族逃不了。三十里二十里十里，真武王传音动手。千木王魔锥（元神六层三成元神本源）袭牵丝圣主，九命茧庇护元神重重削弱但仍被贯穿撕碎元神，牵丝圣主痛苦捂脑九命茧丝线呆滞。炼火星辰炉、真武王灰色拳影攻击落在白色蚕茧上（九命茧本身完全庇护肉身元神最强不可摧毁）。千木王传音牵丝圣主有劫境秘宝保护元神魔锥单杀无把握。真武王指魔锥是杀手锏放更关键时刻。毒龙老祖九条黑龙无法冲进真武领域。冷月妖王躲暗影世界。真武王一拳轰破暗影世界，冷月妖王影子代真身扛过，魔锥趁机钻进真身轰击元神（幽影剑劫境秘宝保护元神但比九命茧差），冷月妖王失去意识，灰色拳影将其分解化虚无毙命。真武王夺劫境秘宝幽影剑。毒龙老祖震惊真武王一拳轰破暗影世界（虚空方面境界太高）。牵丝圣主躲九命茧内感魔锥可怕但听说魔锥脆弱不会连续出手。孔雀君主率十八黑河护卫赶到，紫瞳令神魔们觉天地塌陷朝其塌陷。,千木王魔锥重创牵丝圣主（九命茧护体），真武王+魔锥击杀冷月妖王夺劫境秘宝幽影剑，孔雀君主率十八黑河护卫赶到。
元神六层,巅峰之战,战斗描写、转折高潮,战斗、高潮,牵丝圣主、毒龙老祖与孔雀君主汇合。孔雀君主紫瞳看人族最强一批封王神魔都在。牵丝圣主提醒小心真武王（一拳轰破暗影世界+千木王配合瞬杀冷月妖王）。孔雀君主称简单配合即可。真武王传音孟川施展时间神通配合（需在三丈范围内），千木王、熔火王配合合力杀孔雀君主。孟川放出血刃盘护身，真武领域保护神魔冲向孔雀君主。孔雀君主背后黑色孔雀虚影，一闪身三十余里主动冲来。百余里眨眼缩短到十里。熔火王炼火星辰炉全力一砸（禁术最大爆发口鼻流血），千木王魔锥飞出。孟川神通流沙（银色秘纹，三丈范围笼罩真武王，十倍时间流速）。真武王十拳合一灰蒙蒙光柱（劫境秘宝阴阳二气+真武之力，媲美秦五剑阵，短时间只能一次需孟川流沙相助）。魔锥钻进孔雀君主体内如入黑暗漩涡（黑暗孔雀原体无视元神秘术，孔雀君主血脉觉醒接近黑暗孔雀），魔锥裂痕增多穿过找不到元神（融入黑暗漩涡）。炼火星辰炉砸中孔雀君主脑袋（左手格挡被压制），额头流血。灰蒙蒙光柱撕裂虚空，孔雀君主长枪横挡肉身彻底粉碎消失。,真武王流沙+十绝灭世（灰蒙蒙光柱媲美秦五剑阵）轰碎孔雀君主肉身，魔锥无效（黑暗孔雀血脉）。
元神六层,惨烈,战斗描写、情感展现,情感、战斗,"通冥王、熔火王等激动，真武王无喜色。孔雀君主肉身粉碎后力量汇聚合一滴血重生（黑暗孔雀血脉类似滴血重生），瞬间恢复无伤势。孔雀君主称真武王招数再来二十次能杀它。真武王瞳孔缩（施展一次已重伤，第二次将虚弱不堪）。孔雀君主下令动手。十八黑河护卫布黑河大阵（八百里黑河，比毒龙黑水更幽暗深沉厚重），真武领域被压迫到百丈范围。孔雀君主神通吞天（空间裹挟挤压每个神魔，真武领域抵抗削弱）。黑河中黑色飞矛射进真武领域（一闪身三百里，吞天影响下众神魔难受）。熔火王炼火星辰炉盖住自己和北沐王。孟川流沙身法避让飞矛藏深层次虚空，分十二柄血刃保护千木王。九命茧白蛇吞千木王，真武王分掌拍飞白蛇。孔雀君主长枪怒劈真武王。云剑海遭吞天影响剑阵运转受影响被黑水飞矛射穿身体湮灭毙命。蛊瞳王虫王之躯吞天下无法避让数十根飞矛贯穿化齑粉毙命。一个照面吞天+黑河大阵杀两位神魔。真武王一拳破空与长枪轰击倒飞，黑水飞矛散开。孔雀君主称剩余都是瓮中鳖。彭牧眼含泪光（云疯子先走一步我多杀妖王再陪你），千木王哀伤蛊瞳王（说""我来保护你""的小家伙死了）。",孔雀君主滴血重生，黑河大阵+吞天神通+黑水飞矛一照面杀云剑海、蛊瞳王两位神魔。
元神六层,困境,矛盾爆发、氛围营造,冲突、设定,孔雀君主站在黑河中看真武领域（大龟壳抵抗黑河阵法削弱吞天）。孔雀君主令十八黑河护卫全力攻真武领域，牵丝圣主配合对付真武王。十八黑河护卫驱使黑河阵法孕育数百黑色锁链缠绕真武领域疯狂收缩。真武王掌法（至阴至柔融阴阳于一体卸冲击力）卸去锁链挤压，真武领域时而缩小时而反弹。孔雀君主长枪数里长狂攻（招数粗糙但凶力量庞大），真武王每次交击倒飞后退。牵丝圣主凑准机会九命茧白蛇偷袭（真武王刚抗下第七击狼狈时刻），孟川血刃球形挡住白蛇。孟川吃力（白蛇造化巅峰，真武领域削弱后五成威力，血刃盘护身勉强挡）。妖族苦恼：真武王全力运转领域黑河阵法压不破，九命茧白蛇进去被压制剩一半威力。孔雀君主令十八黑河护卫隔绝天地（神魔无法吸收天地之力，消耗真元无补充）。孟川、真武王、通冥王脸色微变。孔雀君主称抵抗就要消耗真元又无天地之力补充看能撑何时。妖族以锁链挤压+隔绝天地耗着。众神魔讨论办法：躲炼火星辰炉（消耗也不小）、通冥王暗影世界逃（真武王怎么办、小型洞天内无反抗之力不能冒险）。孟川指就算抗住也眼睁睁看妖族绘制连接点地图派遣五重天妖王进入人族世界（任务失败）。,黑河阵法锁链挤压+隔绝天地之力困住人族神魔，真武领域抗住但真元消耗无补充，任务失败危机。
元神六层,洞天境（上）,悟道、转折高潮,修炼、高潮、爽点,"千木王称得想办法破阵。真武王显虚影映照百里外十八黑河护卫（阵法核心，击杀一个阵法即破或威力大减）。通冥王称肉身冲进黑水瞬间成粉末，唯真武王能靠领域硬抗。孟川血刃盘护身侥幸硬抗也难飞行移动会被活捉。通冥王提议携小型洞天潜暗影世界逃（被否定：真武王不做反抗妖族阵法席卷粉碎虚空，小型洞天内无反抗之力易被一锅端）。真武王称与孟师弟联手冲一冲（真武领域抵挡阵法孟川带施展身法，一闪身十里二十里冲到五十里内千木王魔锥袭十八妖王），需歇息一日恢复。妖族不愿真武王恢复，孔雀君主长枪+牵丝白蛇攻。真武王一掌挡长枪，孟川十八柄血刃球形挡白蛇。孟川为血刃盘符纹阵法惊叹（十八条游龙组成一方天地），忽然一愣""游龙组成天地？以九天相为核心？""孟川受触动：云雾龙蛇身法一直以游龙相为核心（叶鸿前辈天地游龙刀），可换思路以九天相为核心。多年积累自然融合以九天相为核心游龙相阴阳相为辅，洞天境绝学渐渐成型。",真武王定冲杀计划，孟川受血刃盘符纹触动（游龙组成天地→以九天相为核心），云雾龙蛇身法洞天境绝学成型。
元神六层,洞天境（下）,悟道、爽点设置,修炼、爽点,"孟川心中喜悦（困惑多年受一点触动突然想通，积累质变）。催发血刃盘越来越轻松发挥威力提升轻松挡白蛇。心中洞天境绝学越来越完善。孔雀君主、牵丝圣主停止出手歇息恢复（妖族可源源不断吞吸外界天地之力，神魔力量用一分少一分，等丹药小型洞天消耗尽收网）。牵丝圣主提醒黑河护卫是人族唯一破绽重点戒备千木王魔锥（五十里内）。真武王称恢复需三天（无法吸收外界天地之力），三天后试着冲杀。众神魔参悟阵法。孟川闭眼盘膝十八血刃围绕球形飞行，忽然十八血刃钻进虚空深处消失。真武王吃惊（极深层次虚空，真武王无法触及）。孟川睁眼激动""成功了，云雾龙蛇身法达到洞天境""。真武王双眸放光（孟川兵器潜入他无法触及的虚空层）。众神魔惊愕。孟川称七十五岁创人族第一身法绝学（云雾龙蛇身法洞天境，虚空潜藏方面超越叶鸿前辈）。真武王问有把握破阵？孟川称先巩固盏茶时间，单独试八成把握，若失败与真武王千木王联手十成把握。孟川提升实力：丹田空间无间境之源球体运转规则转为云雾龙蛇身法洞天境奥妙，球体更稳定汲取更多力量塌陷更小密度更高无间真元更精纯。",孟川云雾龙蛇身法突破洞天境（人族第一身法，潜入深层虚空超越叶鸿），有八成把握破阵。
元神六层,破阵,战斗描写、爽点设置,战斗、爽点,孟川观黑河阵法可怕（正面冲击最愚蠢）。洞天境后对血刃盘符纹阵法掌控更多（一百二十八层级浅层次符纹很多能看懂）。云雾龙蛇身法洞天境属超品（天地游龙刀上品，真武七绝同品级，金莲降世极限绝学品级更高）。孟川身前血刃盘飞出二十四柄血刃（洞天境可操纵二十四柄），六柄护体十八柄雷磁领域加速。真武领域隔绝窥伺。孟川潜入深层虚空（时空长河如千层饼，孟川在较深层次，外界黑河阵法神魔妖王微微扭曲模糊）。牵丝圣主虚空造诣仅次于真武王模糊感应深层虚空有生命。牵丝圣主传音大家小心，九命茧丝线保护十八黑河护卫。孔雀君主称能潜入深层虚空杀敌手段或弱。牵丝圣主脸色大变感恐怖力量从深层虚空到来。十八血刃从深层虚空出现已在羊角黑河护卫数尺距离，第一道血刃轰击九命茧丝线+黑河护卫胸口凹陷，第二道轰进体内，第三道令身体粉碎轰击命匣（保护生命核心，血刃恐怖冲击力传递进去粉碎内部一切）。羊角黑河护卫毙命，八百里黑河平静许多黑色锁链脱落。真武王一闪身冲出真武领域笼罩孔雀君主。,孟川潜入深层虚空以十八血刃（造化巅峰威力）袭杀第一位黑河护卫，黑河阵法威力大减锁链脱落，真武王冲向孔雀君主。
元神六层,罢手,战斗描写、矛盾收束,冲突、战斗,"牵丝圣主尽力保护黑河护卫（九命茧丝线缠绕），血刃连续三道轰击令羊角黑河护卫毙命。第一位黑河护卫死，八百里黑河锁链脱落。真武王一闪身冲出十余里真武领域爆发十里范围笼罩孔雀君主。孔雀君主紫瞳怒意看远处黑河护卫，五道血刃同时轰击五位黑河护卫身体炸裂，八百里黑河彻底消散，血刃追杀其他黑河护卫。孔雀君主冰冷一笑主动冲向真武王搏杀。牵丝圣主脸色阴沉，毒龙老祖摇头""十八黑河护卫完了""。牵丝圣主冰冷""又是东宁王""。黑河护卫们绝望（血刃从深层虚空出现到面前躲无可躲）。三柄血刃袭一位黑河护卫连续追杀。牵丝圣主令残存黑河护卫汇聚，血刃从深层虚空出现在九命茧丝线保护圈内部袭杀五名黑河护卫。牵丝圣主只能救苍觉妖王一个（九命茧丝线交织成衣袍庇护脑袋）。孟川现身，星辰波动令苍觉妖王（元神四层）意识模糊，魔锥袭入体内毙命。十八黑河护卫彻底毙命。毒龙老祖坦坦荡荡（不死之身挡不住血刃，小型洞天虚空不稳定没法收黑河护卫）。牵丝圣主称输得很惨（杀两位封王神魔但战死十八黑河护卫+冷月妖王损失更大）。孔雀君主压着真武王打但击败不了。孔雀君主、毒龙老祖、牵丝圣主回妖界。人族神魔未阻拦。",孟川深层虚空血刃斩杀全部十八黑河护卫（星辰波动+魔锥杀最后一位苍觉妖王），黑河阵法破，妖族三妖王回妖界。
元神六层,禴报,情节推进、人物心理,情感,"熔火王称摧毁阵法即大胜，可惜云剑海、蛊瞳王丢了性命。孟川洞天境后感知敏锐，感遥远处世界膜壁遭攻击（孔雀君主等轰穿回妖界）。真武王指妖族先锋被占上风但妖族三位帝君定想办法栽培妖王对付人族。千木王指妖族真正目的是送大群五重天妖王到人族世界（分散行动一次覆灭几乎所有大城，破坏比保护容易，孟川再厉害只救一座城）。孟川需回禀三大宗派。真武王留守，孟川单独行动保安全。北沐王同回，千木王托传消息给两界岛并分配战利品。孟川轰穿世界膜壁回元初山。李观、秦五、洛棠等待。孟川告知云剑海、蛊瞳王战死，递千木王信（描述战斗情况防元初山胡乱编造，千木王和真武王联手杀冷月妖王得劫境秘宝幽影剑，真武王七成功劳千木王三成）。李观指两界岛无劫境秘宝（没诞生过帝君），此次获劫境秘宝战利品后再商议分配。秦五问孟川如何破阵。孟川称云雾龙蛇身法达洞天境潜入深层虚空以血刃斩杀十八妖王。洛棠惊喜（七十五岁洞天境），问潜入深层虚空映射多少化身？孟川摇头""没有化身""。",孟川回元初山禀报战况（云剑海蛊瞳王战死、获劫境秘宝幽影剑、云雾龙蛇身法达洞天境），无化身。
元神六层,开辟洞天？,设定揭示、核心伏笔,伏笔、揭示、设定,"李观、秦五、洛棠一愣""没有化身？""。孟川解释云雾龙蛇身法以天地游龙刀为基础但突破洞天后方向截然不同：叶鸿前辈天地游龙刀重天地间游动变幻（游龙相为主有化身），孟川云雾龙蛇身法重虚空潜藏（九天相为主无化身）。孟川施展展示，李观惊叹虚空潜藏惊人（需借助劫境秘宝才能轰穿那一层虚空）。秦五称天下造化尊者仅他和李观能威胁孟川，孟川虚空潜藏更进一步天下无人能威胁。孟川交十六个命匣（内部损坏，看不懂符纹）。李观认出命匣（域外以命匣为核心特殊生命常见），但组成什么阵法看不懂（造化尊者遨游时空长河慢探索域外有限，帝君探索范围广阔，家乡世界诞生帝君越来越难域外探索少）。秦五提醒孟川：元神五层+洞天境随时可成造化尊者，但世界间隙之战最关键成造化尊者就没法进世界间隙，暂不突破。秦五指开辟洞天必须选定一条道路（无间境→洞天境以强大元神掌控洞天境规则开辟洞天，洞天如小树苗→天地如参天大树，定下小树苗决定未来参天大树不能改变）。孟川两条路：云雾龙蛇身法较易已达洞天境将来有望天地境；无尽刀追求速度极限打破天地桎梏属传说中极限绝学（开辟洞天百倍千倍于寻常洞天根基无比雄浑但修行难度高，人族至今无自创极限绝学者，神魔体系无以极限绝学开辟洞天先例）。李观递秦五翻找的数百份极限绝学卷宗情报供孟川参考。妖界三位帝君得知黑河阵法被破难以置信。",孟川云雾龙蛇身法无化身重虚空潜藏，秦五提醒开辟洞天需选定道路（云雾龙蛇身法vs无尽刀极限绝学），交命匣。
元神六层,画笔融意境,伏笔深化、悟道,伏笔、修炼、爽点,"妖界三位帝君听毒龙老祖讲述，震惊""又是孟川""。玄月娘娘称孟川修行数十年达如此境界随时能成造化尊者（人族第十位造化尊者）。鹏皇称孟川年轻将来能修成造化境无敌甚至帝君。星诃帝君指人族造化尊者被困家乡世界不敢进域外无域外际遇成帝君太难。玄月娘娘指最紧要绘制连接点地图送五重天妖王。星诃帝君称孟川能潜入深层虚空需镇压虚空，有""九龙封界阵""（正常九位妖圣布置，修改为九十九位妖王布阵）。鹏皇同意交星诃帝君。星诃帝君指真正厮杀威胁最大的是千木王魔锥（五十里内袭杀，能抗住的妖王太少）。牵丝圣主称魔锥再袭几次元神都溃散。三位帝君压力（魔锥是沧元界招牌禁招）。孟川至风雪关（柳七月镇守）陪妻子三天。柳七月告知大周已有九大城关（东海中型世界入口扩为大型，海洋区域也在增加，两世界越来越接近）。孟川称数百年后两世界开始远离压力越来越轻，这辈子能看到。孟川在书房调颜料绘画（答应每年给七月一幅画），洞天境笔法融入画触引动规则奥妙触动元神，元神缓缓绽放光芒。",妖族定九龙封界阵镇压虚空对付孟川，孟川在风雪关以洞天境笔法绘画触动元神。
元神六层,元神六层,悟道、转折高潮,修炼、高潮、爽点,技艺境界从入道开始影响魂魄元神。洞天境耗费足够时间元神几乎必达元神五层，天地境元神几乎必达元神六层，元神七层需大感动自创功法心灵触动或特殊机缘（时空长河无数生灵元神七层是极致，沧元祖师终生元神七层），元神八层需天赋机缘（元神劫境大能）。孟川笔走龙蛇，云雾龙蛇身法适合绘画（仿佛天地间作画），画本身逐渐自成幻境洞天（一画一世界）。绘画到一半孟川察觉元神蜕变，元神本源质的蜕变从元神五层跨入元神六层（元神感应范围扩张到五十里）。孟川暗喜（元神五层至今十七年有余终于元神六层）。魔锥融入元神星辰，元神星辰一分为二，一颗飞出体外成元神分身（略幽暗孟川模样）。元神分身只有元神算不上完整生命，依附本尊被轰溃散元神回归本尊，本尊死分身必死，本尊在一座世界分身必须在这座世界。帝君可分出血肉分身（元神分身融入即完整生命，本尊分身地位等同）。孟川肉身炼体系止步滴血境无法修入圣境（入圣境可分血肉分身）。孟川继续绘画，从早晨到夜晚完成（院落、盘膝女子、凤凰、积雪、建筑，颜色鲜活仿佛真实）。柳七月惊叹一画一世界（幻境洞天），孟川称洞天境笔法自然形成幻境洞天。孟川告知元神突破第六层，需闭关修炼元神秘术。孟川暗道动用三成元神本源修炼魔锥（不敢更多，更多会记忆缺失悟性下降疯疯癫癫）。,孟川绘画时元神突破第六层（可凝练元神分身），画成幻境洞天，决定以三成元神本源炼魔锥。
元神六层,战前准备,情节推进、伏笔深化,伏笔,"注：原文文件名标注""第十四集""系笔误，实际为第十八集第四十五章。孟川闭关修炼魔锥（三成元神本源，境界提升可炼十二层符纹需半个月）。孟川暗道世界间隙之战结束后自废魔锥融入元神。三天后孟川告别妻子至元初山。李观、秦五、洛棠瞠目（元神六层），妖孽（心海殿认定潜力排名第一）。秦五、洛棠困元神五层多年。李观称孟川一两百年或达造化境无敌。孟川称若创不出洞天境极限绝学只能走云雾龙蛇身法这条路（造化尊者层次仅凭云雾龙蛇身法不太可能造化境无敌，成帝君可能更现实）。李观指孟川元神天赋比技艺境界还高，元神七层魔锥百里内妖圣几个能扛，元神八层元神劫境大能力压妖族三大帝君。秦五嘱元神突破保密（世界间隙只告诉真武王一人），魔锥一明一暗出其不意。北沐王到，李观送二人回世界间隙。洛棠称妖族发动总攻越来越近。秦五指很可能是三大帝君最后机会。转眼近一年。妖界寒冰宫殿，鹏皇（三大帝君之首）召集一百九十二位五重天妖王出征最关键一战（只许胜利，怠慢者送妖祖洞当祭祀薪火炼火到死）。孔雀君主等肃然。鹏皇出发。真武王、孟川等感应世界膜壁被轰破，大量五重天妖王密密麻麻飞出洞口（孔雀君主、牵丝圣主为首）。",孟川炼魔锥（三成本源十二层符纹），元神六层保密，妖族鹏皇召集一百九十二位妖王出征最关键一战。
元神六层,轰！轰！,矛盾爆发、氛围营造,冲突、设定,真武王指妖族队伍隐藏气息悄然行动（近两百妖王大多巅峰五重天还有改造生命造化战力，正面交手可压制人族但躲起来显然为接应夺舍妖圣）。真武王定计：杀死夺舍妖圣（短时间轰破两层世界膜壁的夺舍妖圣对妖族也不容易）。众神魔躲进洞天法珠由孟川带（最大信任，孟川若叛徒百万妖王早肆虐人族世界）。孟川脚踏血刃盘进深层虚空蹲守。两天后人族世界小型洞天，火龙妖圣、重玄妖圣喝完最后一坛酒行动（修炼到五重天极致得劫境秘宝，再不行动帝君震怒）。五个时辰后两妖圣相隔数万里（火龙东海、重玄北海，距陆地超两万里），第三次传讯联系后同时出招轰击世界膜壁。东海北海同时轰击惊动天下所有造化尊者。白瑶月、蒙天戈、芈玉看窥天镜（帝君级秘宝）显两副画面。两界岛徐应物、章淳称五六招轰破两层膜壁一息时间，距数万里赶不及。北海荆非（灭妖会主）距八千里赶不及。元初山李观、秦五、洛棠看虚空中映照两处场景。李观持幽暗石符——虚空挪移符（元初山仅剩一枚孤品，需所有掌令者同意，重要性在护身石符之上）。李观催发虚空挪移符瞬移消失，三万余里外东海火龙妖圣旁凭空出现。,火龙妖圣、重玄妖圣同时轰击东海北海世界膜壁，李观以虚空挪移符（孤品）瞬移至火龙妖圣旁。
元神六层,世界间隙内,战斗描写、转折高潮,战斗、高潮,火龙妖圣第二拳世界膜壁大量裂痕（三拳轰破第一层）。李观凭空出现，火龙妖圣心凉（天下第一强者李观）。李观伸手一抓，数十里天地成巨大手掌掌心玩物，火龙妖圣绝望轰一拳撼动不了分毫，巨大手掌握紧火龙妖圣化齑粉（含元神），小天地彻底粉碎。火龙妖圣临死无法理解李观如何出现（提前探查三百里无神魔）。黑沙洞天两界岛造化尊者振奋。白瑶月指重玄妖圣已轰破人族世界膜壁快进世界间隙。重玄妖圣感应火龙妖圣死去癫狂劈刀，两刀劈开世界间隙膜壁（比人族世界膜壁略脆弱）钻进世界间隙。秦五、洛棠焦急（虚空挪移符仅一张重玄妖圣逃掉）。世界间隙孟川持黑色镜子（映照感应区域），感应世界膜壁被轰击。孟川脚踏血刃盘+神通流沙全力赶路（云雾龙蛇身法洞天境一闪身两百八十里，踏血刃盘三百二十里，流沙下一闪身三千两百里）。镜子中重玄妖圣黑色长刀劈开膜壁钻进世界间隙。孟川一息时间赶到。重玄妖圣落地，毒龙老祖凭空出现一挥手，近两百名五重天妖王瞬间出现（含孔雀君主、牵丝圣主），按计划布三座强大阵法保护好重玄妖圣。妖界寒冰宫殿，鹏皇称妖祖洞仅五张虚空挪移符三帝君一起出面才取出一张，重玄妖圣用虚空挪移符第一时间与妖族队伍汇合。玄月娘娘兴奋称重玄妖圣进入世界间隙与妖族队伍汇合。,李观一招灭杀火龙妖圣，重玄妖圣钻进世界间隙以虚空挪移符瞬间与妖族队伍汇合布三座阵法保护。
元神六层,并肩而战,情节推进、矛盾展现,冲突,"重玄妖圣看孔雀君主、牵丝圣主、毒龙老祖等十余强者及浩浩荡荡妖王布阵心中大定（三座阵法它来闯也必死）。飞禽妖王禀报五百里外有神魔赶到（潜伏深层虚空阵法能感应无法阻止）。牵丝圣主称无需担心。孟川中途发现妖族队伍先到，进深层虚空试靠近重玄妖圣（五十里内魔锥必杀，元神六层三成本源魔锥重玄妖圣元神五层非改造生命劫境秘宝也扛不住）。前方深层虚空冻结（重玄妖圣为中心两百里层层虚空冻结为一体，逼近被迫现身）。孟川退到三百里放出真武王等众神魔。孟川介绍情况（三座阵法配合，重玄妖圣周围两百里，不敢擅闯）。千木王疑惑妖族如何瞬间汇合（重玄妖圣自己都不知出现在世界间隙哪里）。真武王平静指妖族不惜代价有特殊手段不奇怪。真武王定计划：先以十绝灭世轰出通道直抵阵法深处，再然后（元初山积累深厚有强大宝物）。熔火王、千木王同意。真武王传音孟川元神分身去拼命（元神六层只孟川和真武王知晓）。孟川称元神分身和魔锥都粉碎也承受得起。妖族队伍中，牵丝圣主称帝君吩咐最重要任务是保护重玄妖圣绘制连接点地图（地图成功人族就败了）。重玄妖圣开始绘制周围（洞天境后期有绘制能力，孟川洞天境前期感应连接的人族世界膜壁模糊无法绘制）。妖族队伍飞行阵法维持。真武王令动手。众神魔无路可退（人族世界没拦住他们就是最后拦截者）。真武王""能够与诸位联手一战是我的荣幸""，熔火王""与诸位并肩共生死痛快""。十里阴阳盘笼罩众神魔冲向妖族队伍。",重玄妖圣周围两百里深层虚空冻结，真武王定十绝灭世轰通道计划，众神魔冲向妖族队伍。
元神六层,人族的攻击,战斗描写、转折高潮,战斗、高潮,孔雀君主冷笑，毒龙老祖自信近两百妖王联手碾压。牵丝圣主令趁机除掉人族神魔。阴阳盘+二十四柄血刃（孟川）+炼火星辰炉（盖着安海王、通冥王、护道人、彭牧、北沐王）保护，外界仅孟川、真武王、千木王、熔火王四身影。进入阵法范围，金光杀阵凝金色短矛刺入真武领域（十里缩三里抵抗力提升，削弱七八成后血刃盘二十四柄血刃护住）。金光杀阵被抗住。牵丝圣主称最外围阵法防护杀敌兼顾，内部两重阵法守护为主，人族无法靠近百里。逼近一百五十里，密密麻麻刀阵（防护为主层层抵挡）迫使阴阳盘停下。真武王+孟川相视，孟川神通流沙，真武王禁术全力爆发真元双拳接连轰出十拳合一灰蒙蒙光柱（十绝灭世，越加完善借秘宝威力愈加恐怖）。灰蒙蒙光柱撕裂长空贯穿五十里刀阵。撞击最内层幽暗阵法（一条条龙影游走与外界隔绝），灰蒙蒙光柱溃散仅渗透百丈。真武王扔出流光（瓶子内藏两颗轰雷珠，媲美帝君门槛一击，缺陷爆发朝四面八方）。两颗轰雷珠爆发轰破幽暗阵法，恐怖威力波及四面八方撕裂幽暗阵法二十余里，冲击五十里后衰减被真武领域抗住。真武王吞不灭神丹（彻底恢复巅峰，元初山赐三枚）。孟川神通流沙笼罩丈许范围同伴，脚踏血刃盘一闪身超两千里，瞬间冲到爆炸最前沿距重玄妖圣七十余里。孟川元神分身飞出（施展云雾龙蛇身法一闪身三百里比肉身快），冲到爆炸最左边尽头（扇形）。千木王魔锥+元神分身孟川魔锥（同元神六层同三成本源）分别袭五十里内妖王。毒龙老祖一挥手将重玄妖圣收入小型洞天（不反抗）。孟川元神分身和千木王魔锥袭杀十五位五重天妖王（元神三四五层无反抗力）。元神分身孟川暴退时感天地凝固黑龙虚影扑来，元神分身崩溃（魔锥飞回真身）。孟川带真武王等迅速撤退退出幽暗阵法。计划失败（重玄妖圣躲小型洞天）。,真武王十绝灭世+轰雷珠轰破刀阵幽暗阵法，孟川元神分身+千木王魔锥袭杀十五妖王，但重玄妖圣被毒龙老祖收入小型洞天计划失败。
元神六层,最后的袭杀（上）,悬念设置、氛围营造,伏笔、设定,孟川心急（重玄妖圣躲小型洞天）。两方向计划：第一方向重玄妖圣留外界缩小到五十里内魔锥斩杀；第二方向重玄妖圣躲小型洞天慢慢耗斩杀难度飙升（如今朝第二方向发展）。元神分身孟川魔锥袭杀八名妖王（三元神三层四元神四层一元神五层无反抗力），千木王魔锥袭杀七名妖王。元神分身暴退时被黑龙虚影扑来崩溃（魔锥飞回真身，元神损伤一个月恢复）。孟川带真武王等撤退退出幽暗阵法。妖族阵法除最外围金光阵已破（三十六妖王损失十五），内部两座防护阵法没事。毒龙老祖称关键时刻人族说不定还拿厉害宝物不敢赌。孔雀君主称保护重玄妖圣最重要。人族撤退到一百五十里外消失。妖族阵法探查五百里，人族约一百六十里悄悄潜藏一直跟着。牵丝圣主冷笑人族无路可退不可能真离开。毒龙老祖称重玄妖圣一直躲着怎么绘制连接点地图？出来被杀帝君迁怒。决定禀报帝君让帝君决断。孟川等众神魔悄然跟随妖族队伍。,孟川元神分身+千木王魔锥袭杀十五妖王后元神分身崩溃，重玄妖圣躲小型洞天，人族跟踪妖族队伍，妖族禀报帝君决断。
元神六层,最后的袭杀（下）,转折高潮、情感展现,情感、高潮,"千木王发现重玄妖圣出来了。孟川持黑色镜子显妖族阵法核心场景（毒龙老祖、孔雀妖圣、牵丝圣主簇拥重玄妖圣）。熔火王兴奋可再拼。真武王（黑白气团包裹）称""它是假的""（引诱人族出手消耗宝物）。彭牧称妖族八百多年到最关键时刻岂会没耐心。妖族传音疑惑人族如何识破（妖力元神气息完美伪装隔百多里），牵丝圣主称耗二三十年人族老一辈封王神魔老死（熔火王剩十余年，千木王彭牧等三十年内老死），东宁王没时间修炼。毒龙老祖传音若人族上当袭杀耗费宝物或反杀几个神魔，若耗就按帝君吩咐耗二三十年。三天后人族不出手，毒龙老祖称装作绘制地图三天足以绘制小半地图够用，孔雀君主称人族肯定眼前重玄妖圣是假的。孟川看黑白气团称师兄应该差不多了。黑白气团内真武王盘膝坐，面前草人（编织草人每根草有密密麻麻符纹散发心悸气息）。真武王手指草人一点出现血点，拜祭三日时间已满，透过草人感应到小型洞天内的重玄妖圣（草人和重玄妖圣命运逐渐汇合，借此辨认真假重玄妖圣）。回忆十六年前出征前，李观交命运草人（因果一脉秘术，隔遥远距离斩杀夺舍妖圣，真武王境界高能清晰感应因果略一参悟即可使用），李观递使用方法册子，交轰雷珠、命运草人、养魂壶等众多宝物给真武王。真武王一指点向草人头颅""重玄妖圣，你今日当死！""。小型洞天内重玄妖圣遭玄妙攻击降临针对元神，元神直接崩解粉碎当场毙命（盘膝坐再无声息）。黑白气团散开，草人炸开化飞灰。真武王黑色长发成白发面容苍老散发死气。真武王微笑""重玄妖圣死了，为必定杀他我已燃烧了元神""。孟川眼睛红了""你不必如此""。真武王""我做了能做的一切，接下来交给你们了""。真武王意识消散时看到这一生：曾耀眼当代让李观激动欢喜，元初山开启沧元洞天认定有望拯救时代；遭遇情感挫折怀疑修行道路跌入谷底；破而后立创真武七绝被公认为天下第一封王神魔；但有遗憾终生孤独一人""我这一生都没堪透啊""。真武王身死。安海王轻声""王师兄，好走！""",真武王以命运草人（因果秘术）拜祭三日燃烧所有寿命及元神斩杀小型洞天内重玄妖圣，真武王身死（终生遗憾未堪透）。
元神六层,新的时代（本集终）,矛盾收束、核心伏笔,伏笔、冲突,"妖族队伍保护假冒重玄妖圣装作绘制地图。毒龙老祖意念渗透小型洞天发现重玄妖圣已死（盘膝坐没了气息），脸色都白了。牵丝圣主、孔雀君主脸色大变。毒龙老祖一挥手出现重玄妖圣尸体（领域隔绝窥伺）。牵丝圣主看尸体肉身毫发无损元神彻底湮灭（遭直接针对元神的手段，正常元神秘术穿不过洞天阻碍，唯传说中因果一脉秘术），帝君不能怪罪它们。孔雀君主""辛苦这么多年一场空""。牵丝圣主称人族队伍迅速离去速度太快追不上（东宁王速度）。孔雀君主""走，回去""。人族世界元初山无名山顶，九位造化尊者汇聚（李观、秦五、洛棠、白瑶月、蒙天戈、芈玉、徐应物、章淳、荆非），紧张等待结果。荆非称八百多年厮杀若失败人族进入最黑暗岁月。李观、秦五、洛棠脸色变""真武王死了""。众尊者心慌（真武王境界高真武七绝全面护身了得更有劫境秘宝怎么会死）。李观""等吧等结果""。十余息后世界膜壁被血刃轰穿，孟川、彭牧、护道人、熔火王、通冥王、北沐王、千木王七位飞出落在无名山顶。孟川""成功了""。众尊者激动（蒙天戈热泪荆非激动）。孟川等无笑容，熔火王称是真武王牺牲自己施展秘术才杀死重玄妖圣。千木王""我们没做什么是真武王一己之力所杀""。孟川称真武王原本还有百余年寿命以阴阳造诣将来返老还童成造化尊者也有可能，为杀重玄妖圣把握更大倾尽所有牺牲所有寿命更燃烧元神。荆非""他是英雄，整个人族的英雄""。元初山真武王洞府，真武王尸体在火焰中燃烧成灰。李观称将骨灰葬洞府后山。真武王一生未娶妻无子女（曾有个凡俗妹妹感情深妹妹死后与后人无联系）。孟川交真武王遗留虚空手环（含劫境秘宝）。秦五""真武王虽然付出性命但一个新时代开始了，人族接下来日子好过多了""。妖界寒冰宫殿，星诃帝君称重玄妖圣死计划落空，人族底蕴比预料深（躲在小型洞天都被因果杀死）。玄月娘娘问安排妖圣夺舍潜入？星诃帝君称难（妖圣不是傀儡逼急了去域外闯荡，黄摇重玄火龙个个战死九渊被迫逃域外，妖圣望而却步；需能短时间轰破两层膜壁的妖圣，北觉千蛐不擅正面攻击；找到适合的心甘情愿的妖圣难，从夺舍到恢复五重天极致需约三十年，三十年后真动手一样可能失败，孟川三十年后更可怕）。三大帝君形势无比艰难。世界间隙，安海王（深蓝色寒冰之躯）孤独巡守，羡慕真武王毁掉妖族计划名流史册，自嘲""一个被妖族戏弄的笑话""，在师尊帮助下成寒冰生命才恢复自我否则成疯子。安海王需巡守世界间隙三百年赎罪。（本集终）",重玄妖圣被因果秘术斩杀妖族计划落空，真武王火化葬后山，九位造化尊者迎孟川等归来，妖族三帝君形势艰难，安海王巡守世界间隙三百年赎罪，人族新时代开始。
尊者,二十二年后,环境铺陈、设定展开,设定,世界间隙之战后二十二年。大周江州境内，一支商队护送十余名孩童赴江州城青榆道院修行（羽龙王孟安年少时修炼之地，东宁王夫妇之子）。商队遭数万妖族追袭（不稳定世界入口出现越来越频繁，大周每天数次甚至十次，去年一百七十五座坞堡村落遭袭死过百万人）。孟川高空俯瞰，无形虚空波动蔓延两百里，微风一吹数万妖族尽化粉末（一招毙杀数万妖族）。孟川令飞禽妖王处理五具二重天妖王尸体及盯住东北方十八里处不稳定世界入口。孟川感叹不稳定世界入口无规律出现，大城有神魔镇守，坞堡村落易遭灾，自己亦无办法。自解决百万妖王近四十年，人口繁衍，年轻人未经历妖王肆虐。孟川飞赴龙云洲曲云城（千万人口繁华大城），为好友阎赤桐贺封王神魔之喜。,二十年后天下太平但不稳定世界入口频现，孟川一招灭数万妖族，赴曲云城贺阎赤桐封王。
尊者,孟川和阎赤桐,人物引入、悟道,人物、修炼、爽点,"曲云城，阎赤桐宅院。孟川贺阎赤桐成封王神魔，阎赤桐妻子苏青衣（青衣侯，元初山年轻一代天才，新晋女封侯神魔，与孟悠交好）。阎赤桐带孟川至七彩云楼喝酒，孟川带火果酒（稀少存世数十坛，一坛百万功劳）。师兄弟追忆当年同拜元初山（阎赤桐十三岁穿红袍赤脚扛长枪），唏嘘薛峰被黄摇老祖所杀（那一代三人天资最高，薛峰若活着得黑沙洞天栽培有望成造化尊者）。孟川感应隔壁楼阁刺杀之事，阻止阎赤桐出手。大胡子葛大人（凡俗凝丹境）拽女乐师萧大家喝酒，女乐师以匕首刺穿葛大人心脏并下剧毒，五名护卫（无漏境以上）重创擒拿女乐师。葛大人拔出匕首伤口迅速愈合（凡俗心脏被刺穿竟能活）。孟川观女乐师贴身致命一击，受触动：自己修炼雷磁领域形成的是""势""，杀敌终究靠致命一击，雷霆一脉种种玄妙自然结合朝另一方向推演。","孟川贺阎赤桐封王，观女乐师刺杀受触动，对雷霆一脉""致命一击""方向有悟。"
尊者,孟家,悟道、矛盾展现,修炼、冲突、爽点,"孟川受触动，对云雾龙蛇身法后续修行方向有悟：如今以九天相为主融入游龙相、阴阳相、雷域相，太重视领域，应重视""致命一击""；雷霆一脉修行是将十五相逐渐合一，可试融入分波相（积累极深，与游龙相结合身法更快更诡异刀法更强），九天雷域游龙分波阴阳变幻可行。孟川与阎赤桐至葛大人处，孟川一招将被押女乐师凭空摄至身边，化去其体内剧毒。孟川因观刺杀之事与女乐师结下""因果""（沧元祖师忠告：宁愿帮人不要欠人，欠越多因果越大）。女乐师指认葛丛彬（曲云城地网四大巡查之一南巡查）暗中派人扮商队在大山抓人，男人老人送矿山致死，女人孩童贩卖宰杀。黑袍老者田群（曲云城地网神魔，元初山外门弟子）到场欲带走女乐师。葛丛彬称自己得孟家等神魔家族支持才当南巡查。孟川闻""孟家""脸色难看，隔空将五十多里外的曲云城主唐凤岐（大日境神魔，元初山内门弟子）抓来，下令彻查葛丛彬案及牵扯孟家之事。",孟川悟云雾龙蛇身法融入分波相方向，葛丛彬借孟家名号作恶，孟川下令彻查。
尊者,孟川的行动,矛盾爆发、情节推进,冲突,"葛丛彬知完蛋（凡俗凝丹境靠神魔家族子弟欲壑难填做脏活编织势力）。孟川嘱唐凤岐保护好女乐师，赠女乐师小木刀（捏碎可庇护）。孟川与阎赤桐离去。孟川伤心非生气：太平多年大城奢靡，神魔家族子弟欲望扭曲，像牲畜一样杀戮平民（埋尸坑数千具），糟蹋神魔用命换来的太平。孟川决定让神魔家族子弟也需畏惧。大周所有大城地网设监察部，调查神魔家族，重罪一个不放。各地牢房人满为患，神魔家族子弟入狱，老父亲无法相救（""东宁王站在监察部背后，谁都无法阻止""）。一重犯许铭被祖父从族谱除名，求杨源公子（孟川外孙，孟悠与杨诚之子）救被拒。杨源外公是东宁王。孟川在飘雪城与柳七月饮茶，写信给两界岛、黑沙洞天建议设监察部。",孟川设监察部清查大周神魔家族犯罪，写信给两大宗派建议推广。
尊者,威慑,矛盾展现、设定展开,冲突、设定,"柳七月赞孟川信措辞合情合理，天下太平四十年人口翻倍治理需改变，孟川亲自写信两大宗派有求于他须做样子。孟川令飞禽妖仆送信至元初山。柳七月担心儿子孟安（羽龙王，封王神魔）至今单身，孟川推测或特殊修行法门影响心性或沧元祖师传承导致。孟川令牌感应大越王朝生死求援，施神通""流沙""赶路（一闪身三千八百里，一息过万里，三息内可赶陆地任何一处）。大越王朝夕河城东城外出现六里多长世界入口，近二十丈高熊妖王（四重天）施黑风神通摧毁东城墙及数里区域杀数万人，一名不灭境神魔瞬间毙命。熊妖王知东宁王一息万里，施一次神通立即退回世界入口（妖族汲取教训突袭即溜）。孟川赶到，夕河城东城废墟血水染红，妖族不进来（稳定世界入口将来慢慢攻）。穆水王（两界岛）赶来接手，谢孟川威慑少屠数百万人。",孟川神通流沙一息万里威慑妖族，大越夕河城遭四重天熊妖王突袭杀数万人。
尊者,入秋,环境铺陈、设定展开,设定,孟川飞回飘雪城。神通流沙对元神负担大，元神六层后可维持三十息（过去仅五息）。柳七月带孟川看飘雪城内城关八里长大型世界入口（近四十年从六里扩张到八里）。天下世界入口皆缓缓扩张，两世界逐渐靠近，靠近到极致后又会缓缓分开入口缩小消失。天下超大型世界入口五座需五位造化尊者，形势严峻。孟川自创云雾龙蛇身法洞天境后期媲美秦五李观白瑶月洞天境圆满，自创绝学者普遍更强。黑沙洞天白瑶月、蒙天戈、芈玉赞同设监察部（欠孟川人情数千万凡人数十位神魔活命，人口翻倍管控力下降神魔家族成土皇帝）。两界岛徐应物、章淳赞同（大越封王神魔领地权力过大影响掌控，借机压缩领地让封侯神魔有地）。两界岛、黑沙洞天推监察部，权力重新划分平民地位提升。各方预料孟川要不了太久天下第一且无敌数千年。孟川夫妇隐居飘雪城入秋。深秋世界间隙，孔雀君主轰破两层世界膜壁进入（二十二年来与孟川交手多次）。,世界入口持续扩张形势严峻，三大宗派推监察部，孔雀君主入世界间隙。
尊者,孟川战孔雀君主,战斗描写、爽点设置,战斗、爽点,"风雪关清晨，孟川柳七月喝粥吃饼，柳七月欲去城外冰河练箭，孟川甘当陪练（靶子）。孟川将体内粒子天地天地规则从法域境提升为洞天境后期，肉身提升近一倍（单凭肉身约普通造化尊者战力，不灭神甲也强些），但无足够星空晶石无法突破入圣境。孟川元神六层技艺境界足够，若有星空晶石早入圣境。安海王令牌召唤（普通情况一次召唤）。孟川告别妻子赴世界间隙（每年至少两三个月）。孟川猜安海王召为孔雀君主进入世界间隙，今年云雾龙蛇身法突破洞天境后期完善雷磁领域，有望杀孔雀君主。孔雀君主（黑暗孔雀血脉，三位帝君赐宝栽培，修炼数百年卡洞天境中期）不甘学前辈绝学仍卡中期，感离洞天境后期快了，望厮杀一场突破后出其不意斩孟川（妖族对孟川悬赏最高，远超其他造化尊者）。孟川逼近十里内（孔雀君主有大把握距离），孔雀君主倾尽全力一枪贯穿孟川胸膛，余波百余里。孟川身体""荡漾""微笑——洞天境后期新手段虚假身体，孔雀君主看不出破绽。",孟川赴世界间隙战孔雀君主，以洞天境后期新手段（虚假身体）骗过孔雀君主全力一击。
尊者,孔雀君主的抉择,战斗描写、转折高潮,战斗、高潮,"孟川在深层虚空，必须趁此机会一举击杀孔雀君主（实力暴露后不再有机会）。二十四柄血刃飞出表层虚空，雷磁领域爆发无数雷霆闪电（部分闪电合力可劈死普通妖圣）。雷磁领域以雷霆神眼雷磁领域为雏形，汲取劫境绝学《雷霆界》奥义创出，雷电其次关键是""雷磁之力""加速血刃。孔雀君主一杆长枪滴水不漏击飞血刃，但血刃在雷磁领域内越来越快越来越强，二十四柄血刃合力压制孔雀君主（胸口被贯穿、手臂被切割，伤势疯狂恢复）。孟川面部浮现银色秘纹银色闪电，时间流速十倍，操纵血刃更精妙灵活。孔雀君主彻底撑不住大半身体被粉碎又合一（近百次可彻底湮灭）。孟川爆发超越寻常真武王、寻常孔雀君主，威势接近秦五李观（差洞天真元洞天领域），一旦有洞天真元洞天领域将比秦五李观更强。孔雀君主咬牙冲向右侧断裂天地边缘域外。孟川二十四柄血刃轰击三次未阻，孔雀君主冲进域外无尽幽暗发出凄厉惨叫（不到造化尊者或妖圣去域外几乎必死）。孔雀君主肉身恢复控制，庆幸黑暗孔雀血脉能在域外活下，感体内血脉本就是时空长河中生物，决定生命最后几十年闯荡域外，谢孟川逼迫。孔雀君主化作流光消失。孟川愣愣。",孟川雷磁领域+二十四柄血刃+神通流沙压制孔雀君主，孔雀君主被迫闯入域外闯荡。
尊者,裂缝,人物心理、伏笔埋设,伏笔、情感,孔雀君主消失，孟川望域外幽暗感叹（沧元祖师造化尊者时入域外成肉身七劫境大能，域外有无数际遇，卷宗记载不到域外闯荡几乎不可能成帝君）。人族造化尊者八百多年默默留家乡镇守（域外遭妖族三帝君追杀）。孟川自嘲未成造化尊者想太多，离去。妖界寒冰宫殿，鹏皇修炼七千年达天地境圆满（另一分身在域外闯荡经历诸多际遇厮杀），有望肉身圆满跨入劫境。玄月娘娘、星诃帝君讨好鹏皇（鹏皇天地境圆满战力媲美一劫二劫境，自相残杀史上也有）。鹏皇称需沧元祖师宝藏。星诃帝君感应孔雀君主去域外迅速远离妖界，玄月娘娘欲抓回，星诃帝君鹏皇认为不合适抓（孔雀仅五十余年寿命无所畏惧，关键时刻再带回承情；孔雀未成妖圣无法遨游时空长河，跑不出三湾河系）。三湾河系是时空长河中沧元界妖界周围一带河系名。世界间隙，孟川第五次绘画紫色雷霆（洞天境前期第三次七十三天，洞天境中期第四次三十三天，第五次二十八天），绘画后试无尽刀十天未果（光芒相为核心阴阳相分波相配合可质变，但三相结合悟不出，打破天地规则极限极难，沧元界无人能自创极限绝学）。风雪关十月初五，八里长世界入口震颤扭曲裂成二十余里超大型世界入口。,鹏皇天地境圆满，孟川悟极限绝学遇瓶颈，风雪关世界入口扩张为超大型。
尊者,救援,矛盾爆发、氛围营造,冲突、设定,风雪关内城关五位神魔见世界入口扩至二十余里（超大型城关），紧急生死求援。大型城关对面有数十位四重天妖王及数位五重天妖王驻守（大型城关可能扩张为超大型，第一时间突袭效果最好，雁水王曾因雁水关扩张遭围攻战死，后重建洛棠关）。五位五重天妖王冲入世界入口（风雪关千万人口每杀一人百功劳，十亿功劳）。柳七月住处离内城关仅三里，感应虚空变化，凤凰御空诀一闪身至内城关，发出生死求援。五位五重天妖王冲出第一时间出招：瘦小身影（被生命改造）爆发冲天赤红火焰笼罩半边天空，虎妖吼恐怖声波，触手钻进大地。柳七月凤凰神体施凤凰涅槃，火焰一脉已达封王巅峰但无法镇压异种火焰。世界间隙孟川令牌连续三次召唤（最紧急），孟川面部银色秘纹银色闪电，脚踏血刃盘神通流沙赶路。两闪身到五千多里外连接点，六道血刃流光轰破两层世界膜壁回到人族世界（大周腹地安巢城旁大山），令牌才感应到详细位置风雪关。孟川以极限速度赶赴风雪关。,风雪关晋升超大型城关，五位五重天妖王突袭，柳七月凤凰涅槃迎战，孟川紧急回援。
尊者,毒龙老祖出手,战斗描写、核心伏笔,伏笔、战斗,妖界寒冰宫殿，鹏皇指点星诃帝君（分心太多参悟因果阵法，应专注虚空一脉）、玄月娘娘（先试开辟大型洞天）。三位帝君感应到风雪关世界入口扩张（第六座超大型入口，人族仅九位造化尊者）。鹏皇一招将毒龙老祖隔空抓来，携玄月娘娘、星诃帝君、毒龙老祖出发。鹏皇天地境圆满不受天地规则压制，单独一闪身三万里，携带三人一闪身两万里，星诃帝君影响时间流速八倍（三帝君合力改变时间流速难度极高），外界看一闪身十余万里。妖界比人族世界大，寒冰宫殿到风雪关入口十三万余里，瞬间抵达。四位五重天妖王狼狈逃回（柳七月凤凰涅槃后一招令其崩溃，火狐妖王改造生命后抗顶尖造化境十招八招也吓逃，死了一个）。鹏皇令毒龙老祖灭风雪关。毒龙老祖冲入，化作浩瀚黑水蔓延百里欲灭风雪关一千多万人，暗中毒剧毒（经三帝君栽培剧毒可毒死弱些妖圣）。柳七月倾力爆发凤凰火焰庇护风雪关（城墙一百五十里，千万人口），凤凰火焰与黑水碰撞占优，庇护内城关及整个风雪关含地底。柳七月极吃力，须完全保护好否则黑水从任何缝隙钻入灭杀一切。,三位帝君带毒龙老祖瞬息抵达，毒龙老祖黑水剧毒欲灭风雪关千万人口，柳七月凤凰火焰全力庇护。
尊者,选择,战斗描写、转折高潮,战斗、高潮,"三位帝君透过世界入口观战，传音讨论：柳七月不惜代价凤凰火焰庇护城池消耗寿命快数倍，鹏皇佩服，星诃帝君揣测若柳七月因救凡俗死去孟川或性情大变修行跌入低谷（如真武王），玄月娘娘称沉沦是意外大收获。柳七月拉弓射箭（凤凰涅槃后封王巅峰暴涨至造化巅峰，箭矢威力达帝君门槛比孔雀君主全力略强），但伤不了毒龙老祖分毫（五重天妖王中真正不死之身）。毒龙老祖黑水分成九条三四十里长黑龙盘踞风雪关四方上下地底及世界入口，凤凰火焰无法压制。毒龙老祖声称柳七月为凡俗消耗寿命不值得（杀死柳七月十亿功劳）。柳七月无怨无悔（当年下山北河关血战，隐居顾山府斩妖救援，镇守城池，太多同伴战死，岂会后退）。维持凤凰火焰燃烧寿命太快，肉身元神蜕变快，火焰一脉感悟涌现——柳七月凤凰涅槃中火焰一脉突破至洞天境（深层次凤凰血脉改变肉身，骨骼晶莹皮肤红色光晕眉心火红符纹）。孟川赶到，一眼看清一切。柳七月所有凤凰火焰消散（不再保护凡俗），全身沐浴火焰拉弓射箭，一箭射中一条黑龙，九条黑龙同时燃烧金色火焰——""不死神火""（传说凤凰火焰沾上几乎不可能灭掉）。毒龙老祖黑水被焚烧殆尽，惨叫""帝君救我""未及逃回妖界即毙命。兵器宝物跌落含深青色珠子""水元珠""（劫境秘宝），柳七月收取。孟川飞至柳七月身前。",柳七月火焰一脉突破洞天境，施不死神火焚杀毒龙老祖（不死之身），获劫境秘宝水元珠。
尊者,白头偕老,情感展现、转折高潮,情感、高潮,"三位帝君恼火损失毒龙老祖和水元珠，离去。柳七月火焰收敛露白发少皱纹（凤凰涅槃本应消耗六十年寿命，庇护近两百里凤凰火焰消耗数倍，共消耗两百二十多年寿命，仅剩五十三年）。孟川心疼。柳七月无悔（仅消耗部分寿命救千万人口，还杀死毒龙老祖获水元珠）。柳七月问孟川是否嫌弃她变老，孟川主动令自身白发少纹（三四十岁模样）——""我会陪你一起变老""。夫妇相拥。宅院内夫妇依偎，柳七月感白头偕老真好（今年孟川九十八、柳七七月九十七），回忆元初山夜晚约定这一生一起走要么杀尽妖族还太平要么战死沙场，没想到扫清百万妖王天下数十年太平。柳七月欲奢侈一年同游天下，一年后做该做的。当晚孟川元神化身见李观元神分身、秦五虚影、洛棠虚影。秦五揭示柳七月剩五十三年寿命按规矩需""一瞬千年""沉睡（备将来战争最危险时期唤醒），柳七月凤凰涅槃后实力比秦五李观更强一筹将来战争作用大。秦五称一瞬千年也是""救""——千年后孟川天资悟性有望成劫境大能，可寻延寿宝物恢复肉身生机至巅峰令柳七月继续修行甚至成造化尊者。孟川心动，约定一年后沉睡。风雪关由黑沙洞天芈玉暂镇守。夫妇开始游天下。",柳七月寿命仅剩五十三年，孟川陪其白头偕老，约定一年后一瞬千年沉睡，夫妇同游天下。
尊者,一年,情感展现、人物心理,情感,冬去春来，江州城外城墙上夫妇吃馕（孟川三万里外数息买来），回忆近五十年前柳七月亲手建城墙挖护城河。孟安镇守江州城。孟安见白发父母心难受（去年风雪关战后儿女欲见父母，父母逍遥逛天下约三月初八江州城见）。孟安修炼轮回神体沧元祖师枪法，正统全面成长迅猛。江州城孟府，孟悠、杨诚（孟悠丈夫，元初山弟子，比孟悠早封侯）、杨源（孟悠独子，十八岁，年底参加元初山入门考核）拜见。柳夜白（柳七月之父，花白头发，寿命仅剩五十余年）不舍女儿。柳七月约江州城待一月陪父亲。孟川夫妇指点杨源一月（孟川无沧元祖师传承全凭自创，眼光毒辣，一月指点比杨源父母三年更豁然开朗）。一月后夫妇离江州城继续游天下，走遍陆地各处，去人迹罕至处（最高山大山顶、最大沙漠、大海尽头、地底极深处、世界间隙残缺天地域外幽暗），约定一年过去进入深秋。,夫妇江州城团聚一月指点杨源，柳夜白寿命将尽，夫妇游遍天下一年期满。
尊者,千年,情感展现、核心伏笔,伏笔、情感,"江州城孟府湖心阁，孟川绘白发夫妇依偎看世界诞生之画（永恒意境），柳七月泪眼。孟川成亲至今每年绘一画加成亲前三幅共七十二幅。柳七月称沉睡后一瞬千年对自己一眨眼不痛苦，孟川却需独忍千年。柳七月将七十二画暂留孟川处，苏醒后再给。最后几天告别孟大江夫妇、柳夜白（无法进千年殿重地）。元初山洞天内千年殿（冷清宫殿），李观、秦五虚影、洛棠虚影、孟安、孟悠同来，两位护道人（黑袍男子、黑袍红发女子）歇息。孟川李观秦五洛棠推殿门，殿内十七道封王神魔冻结深蓝冰块中。孟川带柳七月入殿，安放玉床。柳七月躺下，告别儿女丈夫——""这辈子最幸福的事就是嫁给你当妻子""，孟川""能娶你当妻子也是我幸运""。孟川催发一瞬千年秘纹，寒气汇聚柳七月体表形成深蓝冰块彻底冻结（生机停留冻结时刻）。孟川空落落离殿，殿门关闭。孟川拒儿女同回江州之邀，独自回风雪关宅院。夜晚独寝，清晨餐桌寂静无粥无饼，浓烈孤独感爆发淹没内心，今后千年一人独行。",柳七月一瞬千年沉睡（千年殿第十八位），孟川独返风雪关，孤独感爆发。
尊者,画卷,情感展现、悟道,修炼、情感、爽点,"风雪关酒楼孟川凭空取粥包子面饼，面对空荡餐桌""得习惯一个人""。孟川明白须修炼变强（世界入口越来越多，战争未彻底获胜，变强才不需七月苏醒拼命）。孟川拔刀修炼盏茶时间，心受影响无法全身心投入（全身心投入是最基本要求，心灵受影响三心二意不可能进步）。孟川思索：真武王感情挫折怀疑修行道路沉沦一生未忘却创出新道路，自己控制不住心灵思念妻子。决定""堵不如疏""彻底爆发情感，最适合融入绘画。孟川踏遍与妻子曾居之地绘画：风雪关宅院两天两夜（居住最久）→江州城（隐居教导儿女镇守城池）→楚安城、长丰城、杜阳城（柳七月换防跟着换住处）→顾山府（荒废，隐居六年斩妖救援，安儿悠儿出生）→北河关（荒废，下山首站，夫妻成亲，章云虎樊铖石修俞赤琰杨星舞穆青葛钰院长围观，过半亲友已死）→元初山洞府（何姓女管事，原刘管事去世，十一年美好回忆，约定一生一起走）→赤血崖（无数神魔下山留影，孟川柳七月相视笑容灿烂，神魔弟子好奇赶来孟川已离去）→东宁城镜湖孟府（八岁柳夜白带小丫头来，从现在画到过去孩童时期）。超长画卷十五丈三尺（孟川绘过最长），从右边看起两个孩童初相识到最后白发孟川绘画白发柳七月笑看。孟川题""执子之手，与子偕老""。",孟川无法全身心修行，踏遍曾居之地绘超长画卷（执子之手与子偕老）爆发融入情感。
尊者,月下舞刀,悟道、转折高潮,修炼、高潮、爽点,"超长画卷每一笔融入感情叩问本心，对元神影响颇大，元神绽放灵性光芒但画完仍停留元神六层。孟川冷静下来，对自身修行道路无任何怀疑（区别于真武王）。孟川大树下喝火果酒（控制肉身不驱逐酒意喜欢略醉），自语过去挫折可和妻子谈心开心事分享突破炫耀伤心陪伴，往后千年和谁说。喝完一坛又一坛，醉意浓烈，念""两情若是久长时又岂在朝朝暮暮""，""可我想要的就是朝朝暮暮在一起""。孟川扔空酒坛拔斩妖刀肆意施展刀法发泄悲愤不甘（世间事不能事事如人意，强者也需发泄）。残月下练武场舞刀，念""天南地北双飞客老翅几回寒暑""""欢乐趣离别苦就中更有痴儿女""""君应有语渺万里层云千山暮雪只影向谁去""。一刀挥出时，夜空美如画月光光线可见一切都变慢近乎静止——孟川这一刀从视野消失存在于时空缝隙（如郭可祖师心意刀最强一招敌人看不见刀已中招），改变时光时间近乎停止敌人已中刀。此刀为无尽刀极限绝学真正成功的第一刀（天地境下无敌，洞天境圆满可越阶斩帝君）。对妻子浓烈情感眷恋不舍才挥出那一刀，此情绵绵无尽才有那一刀，雷霆一脉光芒相阴阳相分波相在此心境下劈出凄美一刀打破天地规则束缚。孟川月下继续舞刀，意尽躺大树下睡。元初山洞天阁，李观、洛棠、秦五担心孟川修行受影响（孟川去的地方都是与妻子曾居之地），洛棠称至亲死去神魔短时间受影响一般能恢复（真武王是怀疑修行道路），秦五称给些时间数月就好。李观称自己寿命大限仅剩数十年需孟川尽快成长扛起镇守重担（六座超大型城关九位造化尊者人手短缺）。秦五相信徒弟会很快恢复。",孟川醉酒月下舞刀发泄情感，劈出凄美一刀悟极限绝学无尽刀（打破天地规则改变时光），元初山尊者担忧孟川。
尊者,元神七层,悟道、设定揭示,修炼、揭示、设定、爽点,孟川醒来，沉浸半月绘画及一场醉酒后心越平静，对妻子感情藏心底最深处。孟川记起昨夜创出极限绝学，欲巩固刀法推演对应身法。凝神时发现元神已蜕变至元神七层（昨夜挥出凄美一刀打破天地规则束缚引起元神蜕变，熟睡中自然突破，元神六层可抗元神七层元神秘术故无示警）。这些年元神进步大，半月超长画卷对元神助益极大，真正质变在挥出凄美一刀时。孟川得沧海派宝藏后获魔锥禁术（沧元界威震域外的招牌绝学）及元神星辰传承（沧元祖师留给人族后辈的底蕴）。达到元神七层施魔锥秘术至少人族世界无敌。孟川飞出九大元神分身（魔锥仅一柄，分身最厉害元神秘术为星辰波动），每个分身可携带真元配兵器施展极限绝学无尽刀，九大分身每个战力恐怖。孟川野外试刀：周围一切变慢（人们迈步许久未落地、落叶缓慢飘、露珠缓慢滴），凄美一刀消失入时空缝隙入鞘，外界时间恢复正常，腰间刀根本没动（拔刀收刀加时间流速五十倍造化尊者也察觉不到）。时间流速外界过五十倍，天地境下无敌，但天地境强者天地领域可挡天地规则速度极快，洞天境前期无尽刀对付不了天地境妖圣，无尽刀达洞天境圆满可越阶杀帝君。推演出无尽身法：肉身飞行一闪身一千两百里，加时间流速五十倍即一闪身过六万里，一闪身可抵沧元界世界尽头。孟川决定去元初山告知师尊（九大元神分身每个可坐镇超大型城关）。,孟川熟睡中突破元神七层（九十九岁比万剑岛主早五十多年），九大元神分身可坐镇超大型城关，无尽刀天地境下无敌。
尊者,人族世界崛起的曙光,设定揭示、核心伏笔,伏笔、揭示、设定,"元初山洞天阁，李观、秦五虚影、洛棠虚影见孟川气色不错冷静。孟川报元神七层，飞出九大元神分身。三人震惊：万剑岛主前辈九十六岁元神六层一百五十三岁元神七层，孟川九十九岁元神七层早五十多年。洛棠称孟川九大元神分身每个可携带真元施展云雾龙蛇刀法坐镇超大型城关，真元耗尽即换防。李观称孟川若成造化尊者真元蜕变可催发超大型城关阵法（固定阵法需造化真元催发，封王真元催发威力弱很多）。孟川称近期突破造化尊者，秦五称极限绝学太难茫茫域外无数世界都罕见人族历史上一个也无，以云雾龙蛇身法为根基成造化尊者也前途无量。孟川称已创出极限绝学（人族历史首个），打算巩固后去世界间隙杀牵丝圣主再突破造化尊者（一旦成造化尊者无法再去世界间隙）。李观秦五洛棠震撼，仿佛看到接近沧元祖师的绝世强者崛起，人族世界迎来耀眼时期。秦五嘱孟川自创极限绝学保密（人族世界无敌但将来去域外，至少五劫境大能才能一眼看穿极限绝学，小心施展别人认不出）。孟川称极限绝学类似郭可前辈天地境""心意刀""约七八成威力（郭可以封王神魔之身无敌一个时代，造化尊者看不到刀无法防范）。孟川称凭极限绝学身法一闪身可抵人族世界任何一处救援更快。李观称虽寿命大限仅剩数十年看不到战争结局但放心了有孟川在最终会获胜，秦五称人族又要出劫境大能，洛棠称一下子轻松不少，李观嘱越是如此越要孟川小心谨慎别中途陨落。",孟川报元神七层及极限绝学，三尊者震撼称人族世界崛起曙光，嘱保密及小心谨慎。
尊者,修行突变,人物引入、伏笔埋设,人物、伏笔,大雪，杨源乘马车（车夫为近四重天妖王实力妖仆变化，孟川扫荡妖族抓大批厉害妖仆）赴孟府湖心阁。杨源思索选神魔体法门（元初山因战争急剧扩招每年五十名弟子，三大宗派维持一两百年大幅扩招）：最大助力是外公孟川指点，故选雷霆一脉；雷霆一脉超品神魔体两种（雷霆灭世魔体意志要求极高几百年出一个九炼圆满，沧海魔体修行难度低许多），杨源选沧海魔体修行雷霆一脉剑术。杨源至湖心阁，发现时间流速扭曲（雪花时而正常时而缓慢时而静止），孟川睁眼收血刃。孟川指点杨源《三剑诀》（分波剑、阴阳剑、流光剑，即无尽刀最基础三相），每招每天五千次。杨源练百遍后孟川问修炼想法，杨源称三剑诀须按顺序？越练越觉得可取意境流光剑分波剑可有其他施展方式。孟川称对，但悟出剑道前须按定三招每招五千次。杨源大喜（听出三剑诀足以修炼到入道，不知孟川以三相结合创无尽刀是三相配合史上第一人，量身定制剑诀）。孟川打算以无尽刀简化出黑铁绝学刀法供后辈学。孟川演练三剑诀重视意境（流光剑刺出虚空波纹，阴阳剑人随剑游走变幻残影，分波剑虚空如水浪朝两侧分剑劈一里外湖面）。孟川乐意教外孙（儿子孟安走沧元祖师安排道路教无可教，女儿孟悠封侯方向不同能指点有限，杨源喜欢雷霆一脉）。孟川江州城潜修巩固无尽刀。腊月十九湖心阁静室，魔锥重修练成，以元神七层+无尽刀规则修炼无间境之源，紫褐色球体沿新规则运转后猛地坍塌彻底化作黑暗空洞。,杨源选沧海魔体雷霆一脉剑术，孟川教三剑诀（无尽刀三相）；孟川以无尽刀规则修炼无间境之源，紫褐色球体坍塌化作黑暗空洞（神魔体系从未有过）。
尊者,突破成尊者？,设定揭示、悬念设置,伏笔、揭示、设定,"黑暗空洞迅速扩张弥漫丹田空间，滔天吞吸力作用外界，血刃盘洞天法珠被迫离开丹田空间藏孟川怀中口袋。孟川不敢任由吞吸外界天地之力，引导洞天法珠洞天本源之力过来，一息吞掉小型洞天法珠本源一半（两息吞一个小型洞天）。孟川挪移至数百里外三山湖湖心岛（二三十丈杂草乱石），一念间将三山湖渔民全部挪移至数十里外古莽河。孟川不压制，任由黑暗空洞吞吸力弥漫外界，天地之力液化化作水流漩涡汇聚向孟川，周围百里昏暗漩涡上空乌云雷霆。沧元界作为中等世界帝君们突破都能供应，孟川吞吸对中等世界较轻松。天下造化尊者皆感应异动（比轰破世界膜壁动静大得多），千里内封王神魔亦感受。李观秦五洛棠透过画面看三山湖一片昏暗看不见深处，两界岛徐应物章淳、黑沙洞天白瑶月蒙天戈芈玉、灭妖会主荆非、黑袍妖圣北觉皆注意三山湖。秦五称让孟川去看看，李观派元神分身去。孟安（江州城镇守）高空遥看三山湖昏暗乌云闪电，江州城天地之力微受牵引。李观元神分身飞至漩涡中央，感知白发孟川盘膝而坐液化天地之力水流汇聚向孟川，吞吸比普通造化尊者突破大十倍不止。李观疑惑孟川说过先去世界间隙杀牵丝圣主再突破，且突破造化尊者何等重要为何不在元初山突破而在三山湖。孟川声音请李观帮忙布置阵法笼罩三山湖防窥伺打扰。李观问是否突破造化尊者，孟川沉默后称""我也不确定""。","孟川黑暗空洞疯狂吞吸天地之力引起天下异动，李观元神分身护法，孟川称突破与否""不确定""（神魔体系从未有过之变化）。"
尊者,一年零两个月,设定揭示、伏笔深化,伏笔、揭示、设定,"李观发蒙，孟川称修炼时出现神魔修行体系从未有过的情况，修炼结束后细说。孟川内观丹田黑暗空洞如无底洞吞吸天地之力，思索神魔体系本质（丹云境不灭境大日境暗星境无间境五大境界核心皆炼化天地之力凝聚丹田密度越高真元越精纯，无间境后再压缩走不通故先辈开辟体内洞天达造化境洞天化内天地为帝君境），但自己无间境之源在元神七层掌控及极限绝学无尽刀规则下彻底坍缩为黑暗空洞（坍缩极致过去是无间境，自己出现特殊变化）。孟川小心警惕前人未有变化或好或坏（历史上创神魔体系很多先辈葬送性命），未分出元神分身（本尊出意外分身都得死）。李观元神分身令孟安护法阵法。孟安靠近见汹涌天地之力水流汇聚白发父亲，感父亲气息比造化尊者恐怖得多，外泄力量能灭杀自己。孟安岸边护法，湖心岛偶有黑暗气息爆发含雷电霹雳，十天半月又无尽黑暗笼罩，孟安心悸（父亲外放力量控制在十里范围，感父亲已这么强）。三山湖长期昏天暗地引起注意，数百里外江州城天地之力缓慢朝三山湖移动。白瑶月元神分身路过遥看离去（元初山禁止各方查探大周境内事）。黑袍北觉遥看无法突破孟安及阵法阻挡。一商队豪奢马车中年男子（千蛐妖圣夺舍潜入人族世界，星诃帝君逼来，因果一脉修行顺畅有望天地境，寿命长不急，感三山湖有大秘密但不是自己有资格看的，谢星诃帝君逼来人族世界，称三位帝君又安排两位快死老家伙夺舍进来折腾）遥看三山湖。转眼一年零两个月过去，李观元神分身长期驻守（孟川吞吸天地之力太久，李观当年开辟洞天仅吞吸三天，孟川吞吸过千倍天地之力）。忽然浓郁天地之力迅速汇聚中央，天朗气清湖水平静，白发孟川坐深青色琉璃化湖心岛（仅剩三丈范围）。李观孟安飞近，心惊肉跳。孟川睁眼称""有些变化""，感应到寿命大限变成五千年（封王五百年、造化两千年、帝君万年）。",孟川吞吸天地之力一年零两个月（过千倍造化尊者开辟洞天量），千蛐妖圣夺舍潜入遥看，孟川寿命大限变五千年（尊者级与帝君级之间）。
尊者,尊者级,设定揭示、核心伏笔,伏笔、揭示、设定,"寿命大限是时空长河通行规则（众多修行体系尊者级皆两千年帝君级万年），星空一脉入圣境亦两千年，孟川寿命大限比尊者级高比帝君级低。孟川成元初山掌令者后看过凤凰卷宗，感自身与卷宗记载有几分相似。丹田空间彻底化作黑暗空洞，边缘一圈圈精纯雷霆真元，血刃盘洞天法珠盘踞黑暗空洞最边缘外放雷霆真元区域。每一粒子空间内部皆化作黑暗空洞边缘雷电环绕，整个肉身力量恐怖（感轻轻伸手可撕裂世界膜壁）。孟川感寻常封王突破造化肉身无此惊人，或与滴血境肉身、极限绝学、元神七层有关，沧元界神魔体系从未触及此境界只能自己摸索。孟川回元初山。李观收阵盘，孟安回江州城。孟川一眨眼到元初山洞天阁，感身法有异。李观秦五洛棠见孟川心惊肉跳感压力。孟川称可能突破尊者级但存困惑。至无名山山顶，孟川一挥手雷霆电光撕裂两层世界膜壁轰出数十丈洞口。孟川欲飞入世界间隙，右手遭无形阻碍强烈排斥——世界间隙排斥孟川（已非封王神魔）。秦五称查看寿命或是否开辟洞天可判定尊者级。孟川称正常修炼继续压缩无间境之源，无间境之源彻底坍缩化作黑色空洞，未开辟洞天。李观秦五洛棠震惊——秦五称修行出现意外情况在不完善修行体系中才会出现，沧元祖师完善后神魔体系已很完美，孟川无间境后未开辟洞天而化作黑色空洞竟成尊者级，历史上从未有过，无经验需自己摸索。孟川称领域为无间领域升级版仅十里范围（比造化境领域小），李观秦五洛棠担心缺陷大。孟川外显领域：周围十里陷入黑暗吞噬一切，李观秦五洛棠身处黑暗莫名惊惧——感觉不到沧元界天地规则了（孟川领域强行排斥天地规则，帝君天地领域可抵抗天地规则，孟川领域竟能抵抗）。李观感领域离孟川越远越弱越近越强。孟川称身体变化也很大，大量粒子从体表飞出凝聚成另一个孟川（含元神分身盘踞）——""血肉分身""（帝君级手段，星空一脉入圣境亦有）。李观称血肉分身配合元神分身即完整生命，帝君域外遨游最大底气即另一分身，孟川可试闯荡域外。",孟川确认尊者级但未开辟洞天（黑色空洞），混洞领域排斥天地规则，可凝练血肉分身（帝君级手段）。
尊者,决定,转折高潮、伏笔埋设,伏笔、高潮,"秦五称前往域外修行是每个尊者帝君追求（域外才是修行地）。洛棠称沧元界天地规则仅帝君层次，孟川领域已能硬抗天地规则，在沧元界参悟只能参悟帝君层次规则。李观称世界间隙为修行圣地因能看到世界诞生场景，紫色雷霆规则远超帝君级直指浩瀚时空最深层次，观紫色雷霆是孟川创极限绝学原因之一。秦五称闯荡域外对尊者帝君即行万里路，域外有比紫色雷霆绚丽十倍百倍景象，羡慕孟川有分身能尽情遨游域外。李观称域外成长更快更强。孟川赞同（雷霆十五相远超帝君境，劫境绝学三世刀雷霆界不如紫色雷霆境界高深，沧元祖师威震无数世界但费羽大能凌驾其上）。李观称战争前人族尊者级几乎都去域外闯荡变强，八百多年来因妖族三帝君追杀人族无人敢去域外，但孟川有分身不同。孟川称分身也会遭追杀，鹏皇在帝君中都算强大。李观揭示元初山秘宝""放逐牢狱""（域外使用，困住目标撕裂时空放逐到遥远时空某处，帝君穷尽一生几乎无望归来）。孟川分身入域外立即自我放逐可避追杀，分身成劫境前难归，但分身境界提升本尊同样提升。洛棠称本尊留天地大殿静修（天地大殿沧元祖师炼制，沧元宗镇宗宝物），敌杀分身借因果袭杀本尊经遥远时空削减、家乡世界阻碍削减、天地大殿削弱至百分之一二。孟川点头（躲家乡世界内外界击杀难度普遍极高，除非惹怒元神七劫境大能隔遥远时空隔世界直接灭杀帝君所有分身）。秦五李观洛棠力劝孟川近期出发。李观嘱孟川接触尊者级秘辛及域外情报卷宗。孟川看时空疆域图（沧元祖师耗费巨大代价搜集，奔腾河流虚影，庞大时空疆域图沧元祖师穷尽一生也走不遍）、域外情报卷宗（很多文明很多世界情报）、宝库（每个前往域外尊者有资格挑选宝物，历代缺失剩约早期一两成，孟川任选十件）。",三尊者力劝孟川闯荡域外（域外规则更浩瀚），揭示放逐牢狱自我放逐避追杀、天地大殿多重削弱因果袭杀，孟川接触尊者级秘辛及选宝。
尊者,出发，域外！（本集终）,转折高潮、核心伏笔,伏笔、高潮,"天地大殿前广场，孟川盘膝坐数月熟悉自身新境界。孟川定新境界名""混洞境""（神魔五境丹云境不灭境大日境暗星境无间境之上第六境，区别于正常造化境）。混洞境寿元五千年，肉身不亚于星空一脉入圣境，真元在肉身力量之上，缺陷是无前辈经验需自己摸索（分身上试错容错率高，丹田炸了身体粉碎一个念头合一继续修炼）。孟川将来肉身一脉要走更远需创最适合的神魔体（如今身体以黑暗空洞为核心每粒子空间微型黑暗空洞，没使用星空晶石不亚于入圣境肉身，与雷霆灭世魔体及星空一脉入圣境区别都大；沧元祖师弱小时修其他神魔体境界高了才创轮回神体，神魔体转化有限制如孟川修雷霆灭世魔体走雷电一脉核心）。孟川步入天地大殿出洞天阁。李观秦五洛棠出现。孟川称三天后出发去域外。秦五问只带一件劫境秘宝？孟川称有血刃盘足够（正常造化尊者禁携劫境兵器秘宝域外，帝君才允许，特殊情况破例：自己从外界得劫境秘宝可换适合自己的带，或所有掌令者同意；孟川带回沧海派宝藏五件劫境秘宝及其他宝物、杀妖族贡献大量战利品含劫境秘宝、自创极限绝学天赋破例、战争时期作用，从哪方面都够格携劫境秘宝域外，李观秦五还望多带）。孟川回江州城。混洞领域抵抗天地规则飞行无需打破天地规则，不用血刃盘一闪身从一千两百里达五千里，但无尽身法仅影响自身二十倍时间流速（混洞境比封王神魔强太多，时间流速对越强物质影响越小如风吹沙子飞快吹石头勉强滚吹大山不动），混洞领域加时间流速一闪身达十万里。孟川至江州城宅院见孟大江（花白皱纹，将到寿命大限）、白念云（封侯神魔寿命多百年较年轻），告知今后真身镇守一方无法擅离，来见父母只派元神分身，一具元神分身长期驻江州城。白念云惊问不止一具元神分身是否元神七层，孟川点头（元神七层未公开）。孟大江大喜，白念云惊喜（卷宗记载没这么快）。孟川陪父母聊天晚饭。次日见儿女，透露去域外消息（离开瞒不住妖族）。下午江州城城头白发孟川独饮，对妻子低语（七月你镇守城池斩妖为守护风雪关千万人们一瞬千年，我这个当丈夫的不会让你失望，明天踏域外倾尽全力尽快变强，一定斩尽妖族赢得战争，拼生死斩妖族是你我共同承诺）。孟安来城头心疼父亲。江州城三天后孟川至元初山天地大殿。孟川真身分二：一携两件劫境秘宝及其他护身物入天地大殿静室潜修（此后一直在此，负责掌控天地大殿代李观镇守元初山）；另一真身离洞天。秦五嘱入域外立即用放逐牢狱。李观称孟川是八百多年来第一个进入域外的人族神魔（自古一代代尊者帝君先后入域外，八百多年断层）。孟川撕裂天地裂缝冲进域外无尽幽暗。本集终。",孟川定新境界名混洞境（神魔第六境），真身分二一镇天地大殿一闯域外，八百年来首位入域外人族神魔（本集终）。
域外新人,时空乱流,环境铺陈、设定展开,设定,"八百多年来域外对人族尊者是禁地。孟川毫不犹豫冲进世界膜壁裂缝进入域外，感觉如从水中到岸上般轻松无阻力。域外幽暗无边，肉眼观看距离惊人，可见远处""阴阳双星""（太阳星辰表层火焰不值一提帝君可洗澡，最核心""太阳神火""令帝君瞬间化灰烬甚至劫境大能也扛不住；太阴星辰同样可怕）。域外有璀璨光带（陨石一闪身三十八万里，帝君被撞击瞬间粉碎）、虚空暗含力量摧毁封王躯体、极度寒冷冻死封王巅峰、域外元力破坏性强需尊者级才能转化否则饿死。尊者级是遨游时空长河门槛（孔雀君主被逼绝境冲入域外因境界达洞天境且肉身为域外特殊生命黑暗孔雀血脉方有资格）。孟川回望沧元界（十万里直径球体，世界膜壁保护）和妖族世界（三十余万里直径，妖的气息），心潮澎湃立誓守护家乡。孟川以黑色符令（放逐牢狱）激发黑风包裹钻进虚空裂缝消失。李观、秦五、洛棠三位尊者透过裂缝目送，期待孟川。鹏皇元神分身赶到，星诃、玄月元神分身亦至，时空之风已席卷孟川无法阻止（妖祖洞仅剩四张虚空挪移符，三位帝君已取一张）。星诃以因果推算：孟川逃得极远离开三湾河系不知多远，穷尽一生无法抵达，但确定孟川还有一具真身仍在沧元界内（因果感应不会假，拥有两具真身几乎是帝君手段，鹏皇、玄月震惊）。鹏皇指出必须更快对付人族世界，定十年内必须行动。孟川被时空乱流裹挟忐忑（被时空乱流放逐进入绝地概率很低）。",孟川自我放逐冲入域外，域外环境与危险设定展开，妖族帝君追杀未果得知孟川有两具真身。
域外新人,初来乍到,环境铺陈、人物引入,人物、设定,孟川被时空乱流裹挟，时空乱流有规律（顺势前往阻力小处，太阳星辰、劫境大能洞府阻力大不太可能抵达；但太狂暴能强行出现在太阳星辰核心等绝地）。孟川从虚空裂缝冲出，远处有诸多星辰和生命世界，庆幸没出现在绝地。域外虚空阻力几乎可忽略，普通尊者可一闪身数百里甚至数千里数万里，孟川加速至一闪身三十万里，令外界时间流速三倍（低调不显眼），赶路达一闪身时间九十万里。一座千余里星辰碎片上有百余里洞府（恐怖剑气弥漫），五名尊者（三位元神六层）探索，青色鳞甲尊者元神分身被剑气绞杀，为首紫袍人方昶命魁梧黄毛男子苍渠（下等世界尊者，无靠山）进去探查，苍渠死。方昶等发现高速飞行的孟川（一闪身三十万里加三倍时间流速，虚空出现涟漪），决定抓孟川探洞府。天峰河系十余万生命世界，中等世界仅六百多个，其余下等世界数千年至数万年出一个尊者，孤零零无背景。孟川以幻影之面伪装造化尊者气息（混洞境气息霸道直逼帝君，收敛则无气息外泄，太特殊引人注意，伪装最常见尊者最好；幻影之面为异宝，劫境大能也得近距离才能探查真实实力）。四道流光拦截孟川，虚空凝固压制。,孟川流落天峰河系，初识域外尊者探索洞府的弱肉强食，被方昶一行拦截。
域外新人,饶你性命,矛盾爆发、战斗描写,冲突、战斗,"域外修行者语言通用（尊者精神波动交流数息即会）。孟川谨慎（域外异族尊者手段千奇百怪，被克制即栽跟头）。方昶自称""血阳界方昶""最喜交友，孟川自称""大周界东宁""（谎称镜湖河系中等世界，当代有劫境大能、七位帝君，威震周边数个河系，无意卷入时空乱流流落此地）。方昶等传音确认天峰河系十余万生命世界无""大周界""，猜为外来河系下等世界尊者（即便背后真有劫境大能，遥远距离追查不易）。方昶逼孟川去洞府，孟川拒绝，方昶命活捉。黑甲瘦小男子施展空间神通（两百里高大虚幻异兽虚影吞噬，一般造化境圆满都挡不住，隐隐达帝君门槛威力），青鳞强者九条黑色锁链擒拿，白衣女子眉心飞出""寒月""神剑穿透虚空。孟川以混洞真元施展雷磁领域（千里范围，威势可怕），白衣女子神剑两里距离无法靠近，锁链两里停下。孟川隐藏混洞领域特殊性（仅笼罩自身一里），以混洞真元驱使十八柄血刃云雾龙蛇刀法（洞天境后期境界无优势，但劫境秘宝加混洞真元威力强大），粉碎虚空异兽虚影，瞬间袭击三名尊者。白衣女子体表银色铠甲强行飞遁，被血刃贯穿手掌、护体甲铠、肉身湮灭毙命（实力仅比秦五略逊一筹，但孟川面前脆弱）。黑甲瘦小男子求饶后消失入深层虚空，九柄血刃追入不同层次虚空，三息后贯穿其身体湮灭（家乡世界最强者，三百年成尊者，千年洞天境圆满，单凭自身爆发帝君门槛实力）。青鳞强者肉身如奇特水流，血刃贯穿后恢复，孟川不施展极限绝学难以毁掉。方昶三千里外观望，命孟川交出劫境秘宝并追随于他可饶性命。",孟川以混洞真元雷磁领域加血刃斩杀白衣女子和黑甲瘦小男子，方昶旁观要收孟川为追随者。
域外新人,全力出手,战斗描写、爽点设置,战斗、爽点,"方昶收尊者为追随者指点赐好处，关键时刻让去探索险地摸清高手底细。方昶观察孟川招数仍洞天境范畴但实力强大，判断修行体系强大且有劫境秘宝，用两个废物性命换一个强大追随者加劫境秘宝。方昶给十息考虑，孟川懒得多话，十八柄血刃潜入深层虚空逼近方昶。混洞境后混洞真元精纯，家乡千里保持巅峰威力，域外无天地规则压制万里保持巅峰威力。方昶以万里范围虚空冻结掌控全局，雷磁领域消散，血刃速度不足一成。方昶念""崩""令冻结虚空碎裂成空间碎片（避开青鳞强者），血刃处于不同空间碎片。孟川混洞领域（十里范围）镇压四方，外界空间碎裂不影响，混洞领域最擅长排斥一切外在力量（也能吞噬）。孟川施展神通天怒（混洞境后肉身更强神通提升，媲美秦五裂天剑阵倾力一击且速度更快），雷霆击中方昶体表光层被阻挡。方昶念""囚""将孟川所在虚空压缩成管道状困住（天地境对虚空掌控更完美），暗中劫境秘宝短矛偷袭。孟川感知威胁，脚踏血刃盘施展极限绝学：二十倍时间流速，十八柄血刃达一闪身五十万里（媲美光芒闪电速度），轰击方昶。方昶体表光层抵挡，每次移动三千里都被血刃跟上围攻。短矛逼近孟川三丈被混洞领域挡住。孟川无尽身法接近百里范围，一柄黑色魔锥从识海飞出刺入方昶头颅。",方昶虚空冻结加短矛偷袭压制孟川，孟川以极限绝学无尽刀二十倍时间流速围攻，魔锥刺入方昶识海。
域外新人,血阳界方昶,战斗描写、转折高潮,战斗、高潮,"魔锥（仅一成元神本源炼制，元神七层对付元神六层仍粉碎其元神）撕碎方昶元神。方昶怀中替死符（保命物，死亡刹那激发恢复完美状态，价值等同三劫境秘宝）化作飞灰，元神恢复完好但惊恐。方昶激发""诸天行走""分化二十八个紫袍人遁逃（气息真实遁逃极快无破绽）。孟川早有心理准备（看过卷宗），一分为六（一真身五元神分身）施展无尽身法追杀，二十四柄血刃流光灭杀二十三个紫袍人，真身体表光层抗住暴露。元神分身逼近百里释放星辰波动影响方昶虚空身法，孟川真身到百里内，魔锥再度贯穿方昶识海。方昶眼神迷茫念""师尊我让你失望了""死去（纵横一生曾下跪乞求，此后发誓不再求饶）。孟川唏嘘初来域外就逼得倾尽全力（混洞境在沧元界无敌，域外天地境是质变）。孟川收方昶尸体，元神分身带青鳞强者回来，翻看记忆前先问话。方昶确来自血阳界（中等世界，两位帝君：三师兄墨阳帝君中期、师尊赤阳帝君圆满威名远播），无劫境大能关系。孟川松气（背后仅有两位帝君，需擅长因果的劫境大能才能推演其位置）。青鳞强者不知""河域""概念，告知周边有洞山河系、暗潮河系、三环河系，孟川对照时空疆域图确定流落巫古河域天峰河系。",孟川以魔锥斩杀方昶（替死符诸天行走均无用），从青鳞强者处得知方昶背景及自身所处位置。
域外新人,水青界,设定展开、人物心理,情感、设定,"青鳞强者（青古尊者）禀报方昶抓孟川是为探索劫境大能洞府，方昶留印记但自己没留，带孟川去找。孟川以混洞境感应星辰碎片高速飞行引起的虚空涟漪，找到千余里星辰碎片上的洞府（阵法隔绝光线远距离不可见，虚空涟漪需近距离感应）。洞府占地百余里阵法笼罩，之前探索进入即被剑气绞杀，应无主人（有主人早收走洞府）。孟川推测洞府主人渡劫失败身死（正常劫境大能大多死于渡劫，沧元祖师安然老死太罕见）。孟川令星辰碎片减速停稳隐藏（无虚空涟漪，万里内才能发现）。孟川翻看青古尊者记忆：水青界数亿年历史较年轻，仅诞生一位帝君，平均十余万年出一个尊者，一旦成尊者即无敌；整个水青界仅一件劫境秘宝兵器，除非帝君禁止带出，历代尊者参悟其符纹摸索修行方向；最强典籍为帝君级绝学原本（风火一脉，对绝大多数尊者不适用）。孟川唏嘘低等世界之惨：修行需方向和前辈经验，无典籍尊者达五劫境六劫境几乎不可能；沧元界群星楼每脉有最顶尖绝学（雷霆一脉帝君级雷霆行走、雷火炼体术、黑暗闪电皆有缺陷但越阶而战，三世刀六劫境层次威胁七劫境），妖族诱惑安海王的绝学安海王得群星楼后再不看。水青界成尊者这一步就有体系缺陷（明明元神境界到、悟出洞天境、年轻，就是突破不了），故十余万年才出一个尊者。每个世界修行体系不完全通用（除非身体一样），沧元祖师搜集的传承适合人族。青古尊者最大愿望是完善家乡修行体系。孟川唏嘘令青古尊者以后称""东宁""不必喊前辈，青古尊者保证听话。",孟川找到洞府并隐藏，翻看青古记忆了解水青界低等世界修行体系之缺陷，收青古为追随者。
域外新人,探索洞府,伏笔埋设、设定展开,伏笔、设定,孟川了解洞府探索情况：正门进入平静后剑气爆发绞杀，方昶在每个尊者身上附印记窥伺。孟川盘膝矮山山顶俯瞰洞府。翻查方昶尸体：两件劫境秘宝兵器（灰色短矛、紫色衣袍，均水之一脉，需换雷电一脉）、三件帝君级宝物、两件一次性宝物（替死符已用）。孟川以元神分身（元神七层）探索洞府，兵器用白星矿石（方昶积累百丈小山，坚硬，炼制劫境秘宝材料，十里大等同三劫境秘宝），九十九块白星矿石环绕。元神分身以混洞真元裹挟白星矿石轰开洞府大门。进入后雾气弥漫，领域元神领域均难窥伺，元神之力被压制（劫境大能洞府）。孟川释放星辰波动波及十余丈被压制。白星矿石飞入碰白雾被侵蚀混洞真元但撞击到未知物体。孟川令时间流速二十倍（自创极限绝学后对时光理解超越神通流沙，借刀法撬动时光，借雷霆撬动时光），施展云雾龙蛇身法冲入洞府。洞府剑气汹涌爆发截杀，孟川闪躲（时间流速下灵活性媲美帝君层次），但飞很久碰不到建筑（百余里范围），判断虚空阵法改变内部空间被困。三十块白星矿石轰击四周无声无息。元神分身真元耗尽散去（三天可恢复，元神星辰传承恢复力惊人）。孟川判断正门是陷阱，进去即陷虚空囚笼；实力弱者被剑气直接杀死发现不了虚空囚笼特殊。孟川有信心一年探上百次元神分身攻破洞府。,孟川元神分身探索洞府陷入虚空囚笼，判断破阵需从正门以外方向多次试探。
域外新人,洞府主人,悟道、核心伏笔,伏笔、修炼、爽点,"三个月探查三十次，任何方向进入洞府都陷虚空囚笼。孟川发现关键：兵器飞入洞府虚空囚笼不激发任由轰击，生灵进入才激发囚禁。孟川出动两尊元神分身，一尊俯冲入洞府激发虚空囚笼被困，另一尊高空俯瞰以白星矿石攻击维持状态的虚空囚笼。孟川判断破阵原理：无主阵法最大缺陷是力量来源，域外之力狂暴封王神魔都无法炼化会饿死，阵法宁愿硬抗（稳定空间抵抗消耗小），激发虚空囚笼抵挡攻击消耗大十倍。孟川以白星矿石加速至一闪身三十五万里（不施时间流速节省真元，真实速度代表撞击威力）怒砸，每天三千次。同时孟川真身盘膝吞吸域外之力凝练混洞真元（混洞境前期突破到中期若仅吞吸外界域外元力需十年左右，得域外元石六天吞吸一千多块相当于半方域外元晶即功成；帝君前期到中期吞吸域外之力需百年，劫境跨越如三劫到四劫需千年，故域外元石为硬通货）。孟川不舍得用方昶八百多块域外元石，以自身极限吞吸速度保持平衡。三个多月后虚空囚笼能量耗尽散去，露出洞府建筑及魁梧黄毛男子残缺尸体（苍渠），数十万块白星矿石落下。元神分身收起白星矿石，元神领域笼罩洞府无阻碍。刹那洞府如水中倒影荡漾，波纹波及万里，孟川真身、青古尊者皆被笼罩。四周变为巍峨群山奔腾大河另一世界，一座大山山顶胡须男子盘膝而坐睁眼看向孟川。孟川判断""一念一世界，元神劫境大能""。",孟川以白星矿石耗尽虚空囚笼能量攻破洞府，洞府荡漾波纹将众人卷入幻境世界，见洞府主人胡须男子。
域外新人,选择,设定揭示、核心伏笔,伏笔、揭示、设定,青古尊者陷入幻境世界遗忘修行手段懵懂攀爬。孟川元神七层修元神星辰法门保持清醒，判断为元神劫境大能幻境世界（元神八层一念一世界是最基本手段），洞府主人应已死只是死前留下的一缕意念（如元初山心海殿幻境世界）。胡须男子确认已死，等了三万余年运气不错等到一位人族。胡须男子自称庞明，家乡低等世界庞明界（以自己名字为名），家乡自诞生超六亿年，八千万年前才摸索出帝君道路，自己是家乡第二位劫境。庞明元神劫境、肉身劫境兼修，止步五劫境，第六次元神之劫没扛过去，渡劫失败来不及逃回遥远家乡冲进时空长河最近域外荒漠简单安排。庞明讲述劫境修行：尊者级洞天境逐渐圆满，帝君级天地规则逐渐圆满，能清晰感受提升；成劫境在黑暗中摸索，修炼对错不清楚只有强弱之分，强的闯过天劫弱的度不过死（孟川联想到费羽大能元神星辰传承教十二弟子各不相同）。庞明遗产：身上穿手中用的劫境秘宝兵器三件（七劫境一件、六劫境两件）、域外元晶三千余方、成年八首吞星蛇完整尸体、七劫境黑暗孔雀一块血肉（最珍贵比葫芦还贵）、其他价值较低之物。庞明条件：受宝物即欠因果，必须收一位庞明界尊者为徒并教导成帝君，不得有害之意，像对待正常徒弟般照顾，如此了结因果。庞明界在巫古河域万角河系，千年出一位尊者，成劫境后去收徒即可。不答应则宝物空间崩灭、幻境世界降下最强一击（过半把握灭杀孟川元神）。庞明告诫：自己生前为变强抓过六劫境大能子嗣威逼学传承，有两位死敌六劫境大能常觉、兰明仙，才过去三万余年可能还活着，宝物需悄悄卖勿与他扯上关系。十息考虑时间。,庞明大能（五劫境兼修）自述身世遗产，提出收庞明界尊者为徒成帝君为条件，告诫有两位六劫境死敌。
域外新人,那一块血肉,装备获取、人物心理,奖励、情感,"孟川考虑条件苛刻（千年出一位尊者，庞明界可能无尊者需等，尊者可能进域外前毙命需等下一位，因果影响劫境修行黑暗摸索）。孟川为赢得妖族战争选择接受（即便欠因果也要尽快成长，赢得战争比成劫境重要百倍千倍）。庞明一缕流光飞入孟川意识（留下一切），幻境世界崩灭，庞明念""域外独行两万八千年终止步于五劫境""身影崩解。孟川感悟劫境大能回报家乡是因因果（家乡孕育强者恩情大如天，弱些劫境也将宝物放家乡世界算补偿，成六劫境尽力令低等世界成中等世界，成八劫境如费羽将家乡提升为高等世界）。孟川钦佩沧元祖师（百余万年前崛起，一尊者在域外独闯成时空长河传说，令沧元界底蕴深厚，修行体系到帝君圆满完善，即便妖族入侵仍有灭世计划应对；用性命拼也不愿执行灭世计划）。幻境崩灭后青古尊者恢复清醒但失忆（已有两段记忆没了：第一段主动切除方昶相关，第二段未知手段）。孟川入洞府院落盘点收获：血刃盘为本命秘宝不可卖（元神七劫境大能为徒弟炼制，飞遁护身为主算六劫境秘宝，但从弱到强适合不同阶段且蕴含七劫境玄妙算极品六劫境）。空间塔（金色小塔，劫境秘宝，不可存放生命只存物品死物，无比稳固，价值媲美五劫境秘宝，可存放特殊宝物）入丹田空间。三件劫境秘宝兵器（葫芦七劫境、衣袍六劫境、大锤六劫境，山河一脉不契合需卖掉换雷电一脉，如今实力太弱不适合交易七劫境秘宝）。域外元晶三千余方（硬通货，渡劫后突破所需更多，庞明为成六劫境储备，比三件秘宝价值）。八首吞星蛇完整尸体（万里长，劫境大能可炼出完整血脉在凡俗繁衍，域外异兽前列，但沧元界有凤凰血脉龙血脉不需，成帝君后卖掉不显眼）。七劫境黑暗孔雀一块血肉（最珍贵比葫芦贵，黑暗孔雀成长到最成熟仅帝君圆满能越阶战三劫境，想更强须自身修行跨入劫境；肉身劫境大能尸体每块血肉蕴含肉身劫境所有成就，活着时取血肉瞬间化灰，唯死后可分解；比七劫境秘宝珍贵因完整拥有一位七劫境大能肉身方面所有成就，能悟不代表能说能表达，血肉中完整体现）。孟川以肉眼放大数百万倍观看血肉皮膜黑色膜层，无数符纹流动，发现与无尽刀类似的部分（核心本质，极限速度规则与另一种规则完美结合，比血刃盘符纹庞大得多）。",孟川接受条件获庞明全部遗产，最珍贵为七劫境黑暗孔雀血肉，皮膜符纹蕴含极限速度规则。
域外新人,蛰伏（上）,悟道、伏笔埋设,伏笔、修炼、爽点,孟川参悟黑暗孔雀血肉皮膜符纹（放大数百万倍浩如烟海，比血刃盘庞大得多），盯无尽刀类似部分：极限速度规则与另一种规则完美结合形成核心（一阴一阳、一天一地，泾渭分明又相辅相成），核心运转下无数符纹出现，悟透则皮肤表面可形成类似膜层。无尽刀才洞天境前期，极限速度规则比悟出高深不知多少倍。尊者级极限绝学达洞天圆满突破天地境一般为较厉害帝君级绝学，小概率形成有帝君级极限绝学威力但有缺陷的绝学（雷霆行走、黑暗闪电、雷火炼体术），极小概率创出真正帝君级极限绝学。帝君级极限绝学达天地境圆满为极限终极（追求速度者彻底掌握极限速度即化作真正的光）。劫境大能多按部就班积累至六劫七劫自然掌握极限速度。黑暗孔雀七劫境掌握极限速度及对应另一规则且将二者完美结合。孟川观看血液肌肉（放大数百万倍血液为完美深紫色玉石整体看不到粒子，元神力量微观之法探查也一片空白只有肉眼能看），仅皮膜能看到符纹（类似不灭神甲皮肤表面自然形成膜层）。孟川感悟混洞领域排斥外在一切力量源自极限规则产生极限之源排斥一切，丹田无间境之源塌陷为混洞因悟出极限绝学（混洞境门槛极高故不具普适性）。孟川放弃不灭神甲神通（不如混洞领域护体），以无尽刀规则为核心创类似护体孔雀衣（尝试星空一脉方法失败因无星空晶石，仅混洞真元和混洞领域结合更易控制），试验第十五版本护体孔雀衣被血刃一闪身十五万里射出大窟窿，继续参悟。时间一年年过去，转眼得洞府五年后。孟川告知青古尊者数年后去黑龙星（天峰河系最重要贸易星，黑龙老祖最强劫境大能，挪移六十四太阳星辰六十四太阴星辰布镇守大阵，禁止厮杀最安全交易地，永恒楼势力渗透其中）。永恒楼为域外最顶尖势力之一，沧元祖师成五劫境时受邀加入，七劫境时为高层。孟川计划在黑龙星永恒楼交易（不敢交易七劫境秘宝，无绝对安全之地，弱小时低调）。,孟川参悟黑暗孔雀血肉极限速度规则五年，计划去黑龙星交易适合的宝物。
域外新人,蛰伏（下）,悟道、设定展开,修炼、设定、爽点,孟川以域外元石突破混洞境前期到中期（六天吞吸一千多块域外元石相当于半方域外元晶，若吞吸外界域外元力需十年）。域外元石为域外元力凝聚固体杂质多，域外元晶不含杂质一方抵同体积域外元石成千上万倍。生命越强大对力量需求越庞大（七劫境八劫境成八劫境耗尽寿命吸收都不够），域外元石元晶为另一层面限制。孟川云雾龙蛇身法在家乡已达洞天境后期，域外五年多无尽刀达洞天境中期。混洞境中期混洞真元混洞领域更强，实力翻倍还多，按此幅度混洞境圆满怕只比帝君圆满逊色能压帝君后期一头。孟川警惕妖族世界历史悠久中等世界强者如云（同时代数位帝君数位天地境尊者，可能出天才），唯有更强，极限绝学修到洞天圆满才有十足把握。孟川收起星辰碎片（缩小收入空间塔），带青古尊者遨游时空长河赶赴黑龙星（青古尊者遨游时空长河速度需五十年太慢，收入洞天法珠）。孟川首次遨游时空长河：加速至一闪身十万里真实速度（正常尊者都能抵抗此负担），稳定维持十余息进入时空波动。时空长河为无边无际河流（修行者常识），水滴为无数星辰无数生命世界，孟川如小虾米只看周围数丈。孟川以时空疆域图对照不迷失，横渡天峰河系约三年，抵达黑龙星约半年（论遨游时空长河速度在帝君中都算不错）。途中见一位劫境大能（至少五劫境）行走在时空长河中，体型巍峨每步跨过亿万星辰十余步消失（实力越强时空长河中显现身体越庞大，沧元祖师体型大得河系如小河几步跨过）。,孟川突破混洞境中期，遨游时空长河半年赶赴黑龙星，途中见劫境大能行走时空长河。
域外新人,初入黑龙星,环境铺陈、设定展开,设定,孟川判断所见劫境大能至少五劫境（初来域外经验少只能模糊判定）。遨游时空长河半年后回到域外虚空，见六十四颗太阳星辰环绕黑色星辰（百万里直径），太阴星辰潜藏暗中发现不了。孟川放出青古尊者，二人真实速度一闪身二十万里加时间流速加速半个时辰抵达黑龙星。青古尊者介绍黑龙老祖（天峰河系最强劫境大能，黑龙星主人），不得对黑龙老祖不敬。孟川嘱咐连黑龙老祖名字都不准提。穿透阵法到黑龙城门口。黑龙城为天峰河系最重要交易地，城外遍布阵法及黑龙老祖修行地禁止擅闯。远处连绵黑色山脉为黑龙老祖麾下龙族追随者（青古称成年龙族帝君圆满级媲美劫境大能实力，孟川判断为熔岩黑龙一族非纯血龙族，成年体媲美二劫境大能）。城内主街道两侧千数临街小楼（短期租赁做生意，便宜看眼力，尊者亲自接待，长期租赁多为帝君），大型建筑（宇星阁卖秘宝兵器可定制劫境秘宝、元水府卖三十九种元水、黑龙宫每年争宝会），永恒楼九层九千丈（域外最顶尖势力，出得起价什么都能买到，旁边黑龙宫仅过千丈）。孟川租赁洞府（黑龙府排名前三建筑），尊者级洞府每十年半方域外元晶最低租十年（一名尊者最多带两名追随者，追随者不超过尊者级）。,孟川抵达黑龙星黑龙城，了解黑龙星格局（临街小楼、大型建筑、永恒楼、黑龙宫），租赁尊者级洞府。
域外新人,灰烬塔,伏笔埋设、设定展开,伏笔、设定,"尊者级洞府占地一里多，炼化符令为洞府主人，阵法稳固劫境以下攻击不损坏分毫。孟川入住后黑龙宫傀儡侍者送来""众宝录""（争宝会代卖宝物目录，年初送，争宝会年底举行，黑龙星一年最热闹时）。孟川翻看众宝录：争宝会仅黑龙宫有资格举行（黑龙老祖地头蛇，永恒楼退让），每年过百件宝物底价高（替死符都没资格上）。劫境秘宝三十八件、一次性符箓十九件、珍贵材料二十二件、奇花异果九种、异宝二十三件，最低底价十方域外元晶。不死符（替死符进化版，维持约一个时辰不死身，七劫境可破，不可借渡劫，时间一脉高层次利用，底价十方，鸡肋但特殊用途有奇效）。雷霆五色花（雷霆一脉天地境服用后改变生命成雷兽骁，天地境境界可令雷兽成长到成年体最终帝君圆满级实力，底价三百方，对境界高元神六层无法成帝君者极有价值）。灰烬塔（六劫境秘宝修行洞府可时间加速，普通尊者三十倍、普通帝君十倍、劫境层次越高效果越低，四劫境双倍，五劫境无效，生命世界内无法使用，底价三百方）。孟川看中灰烬塔（时间对尊者级很重要，争宝会年底还有五个月）。孟川了解生命世界天地规则压制温和适合弱者，很多奇珍异宝无法在生命世界生长施展，劫境大能须域外才能修行突破（低等世界最多尊者级，中等世界最多帝君级）。黑龙星六劫境秘宝交易常见（永恒楼黑龙宫争宝会信誉好），但七劫境秘宝整个争宝会没有一件，孟川实力不敢在黑龙星交易。",孟川翻看众宝录看中灰烬塔时间洞府，了解域外修行限制与黑龙星交易层次。
域外新人,花钱,装备获取、设定展开,奖励、设定,孟川逛遍黑龙城各家五天后大规模采购。元水府买五瓶洗心元水（每天一滴洗心约两个时辰，三年用量，一方域外元晶买十瓶，修行状态可靠外物影响）。千醉府买九坛酒酿（帝君级秘宝抵两方域外元晶，辅助修行情绪激昂）。百余枚两界虚空果辅助修炼。孟川以蜃龙令（庞明遗物异宝，龙族分支蜃龙一族炼制，完美伪装七劫境以下无法窥破）伪装帝君气息（真元精纯近乎帝君、元神七层、亲眼看过数十位帝君），第三永恒楼五层。永恒楼五劫境六劫境秘宝比其他商家多上千倍（可向其他河系河域调货）。孟川要看雷霆一脉所有五劫境六劫境兵器秘宝：八千余件五劫境、一千余件六劫境（分散各河系需送货时间）。七劫境宝物需拿出价值一千方域外元晶宝物证明才能查看。时间洞府仅两件：万花界（六劫境，种植罕见花卉可时间加速，尊者二十倍、帝君八倍、三劫境双倍、四劫境无效，五百方，比灰烬塔弱且贵）、黑石宫（五劫境，尊者十倍、帝君三倍、劫境无效，八十方，对孟川时间加速会大降因近乎帝君且寿命五千年比很多特殊生命强）。孟川选定雷霆星辰子（五劫境秘宝，蕴含完整极限速度规则，巅峰威力可令其达光速毁灭一击，原为六劫境秘宝雷霆群星珠子珠，以八千三百里星辰加材料炼制，九十方域外元晶，最适合参悟无尽刀和战斗）和囚魔牢狱（五劫境秘宝，蕴含最完善空间规则阵法，九层牢狱可困六劫境大能，无法攻击外界，六十方域外元晶，参悟空间规则辅助云雾龙蛇身法）。孟川了解时间空间结合是劫境大能追求终极。,孟川采购辅助修行物，在永恒楼选定雷霆星辰子（极限速度规则）和囚魔牢狱（空间规则）两件五劫境秘宝。
域外新人,黑龙老祖,装备获取、人物引入,人物、奖励,孟川了解囚魔牢狱座座阵法为五劫境秘宝中蕴含空间规则最完善者，参悟有助空间规则（云雾龙蛇身法走空间一脉）。永恒楼黑袍银发男子接待，雷霆星辰子距离黑龙星遥远当天拿到需加价一百方域外元晶（本身仅九十方），孟川选择等三个多月。囚魔牢狱六十方加雷霆星辰子预付十方共七十方，孟川以方昶紫色衣袍（五劫境水之一脉护身秘宝）抵价，永恒楼上方蒙蒙光芒巨眼鉴定为五劫境水之一脉护身秘宝可抵八十方域外元晶（护身宝物比杀敌贵近一倍，收价八十卖价九十至一百）。孟川毫不犹豫卖出（永恒楼最安全，血阳界两位帝君无资格追查）。孟川得囚魔牢狱、雷霆星辰子预付凭证、十方域外元晶（雷霆星辰子抵达后感应令牌付尾款取走，半年不取放弃预付不退）。孟川了解五劫境秘宝交易在永恒楼常见（最低劫境秘宝三四劫境，天地境圆满帝君肉身圆满即跨劫境，一劫二劫境界无大优势；很多中等世界有底蕴用秘宝保护天地境尊者帝君；六劫境秘宝沧元界特殊因诞生七劫境大能故孟川得血刃盘）。黑龙城外三千丈高山峰有阵法吸收域外元力转温和天地之力哺育较弱修行者。一位高瘦男子（头满黑色鳞片额头弯角）来访黑龙老祖，要占天峰河系黑龙星，称黑龙老祖修行五万年差不多寿元大限。黑龙老祖称可能故意拖延时间到接近寿命大限令肉身蜕变迎接第六次肉身之劫（劫境大能琢磨出拖延天劫法子，肉身无提升天劫不降临，沧元祖师七劫境肉身未提升到引第八次肉身劫程度故老死）。高瘦男子不信拖延万年正常拖延到寿命极限。黑龙老祖令其滚，高瘦男子冷笑看你还能活多久。黑龙老祖头颅变巨大异兽头颅嘴巴一张周围万里漆黑一合吞入高瘦男子（先吃一个分身，有胆真身来）。,孟川以方昶衣袍抵价购得囚魔牢狱及雷霆星辰子预付凭证，黑龙老祖吞掉来犯者分身展现实力。
域外新人,囚魔牢狱之主,悟道、伏笔深化,伏笔、修炼、爽点,"青古尊者在前院研究帝君级秘宝青色长棍（黑龙城眼力赚了些元石）。黑龙城每月驱逐一次无住处修行者（防止蹭庇护，驱逐出黑龙星阵法范围）。孟川在静室囚魔牢狱最底层修炼：逐个激发阵法体悟（第三阵法""镇""空间膜壁浮现符纹锁链虚影；第九阵法""幻""雾气弥漫虚空错乱永远飞不到尽头；切割空间雷电之鞭抽打囚犯；挪移虚空比方昶瞬移三千里精妙不知多少倍；虚空迷失弱些劫境大能永远迷失；""无我""瞬间到最深层同时处于第一到第九层任何一处，我为空间之主无处不在敌人无法发现）。囚魔牢狱买的太值（空间规则分拆开来更利修行，和极限速度规则不同完整空间规则太浩瀚）。孟川借助囚魔牢狱及千醉府酒酿（修炼云雾龙蛇身法适合喝酒情绪激昂，修炼无尽刀适合服洗心元水心如止水），来到黑龙星近五月将云雾龙蛇身法推升到洞天圆满境（悟出极限绝学前就达洞天境后期，多年修行加黑龙星修行条件提升达到圆满）。孟川思索如何从洞天圆满突破天地境（比前期到圆满更艰难，尊者多帝君稀少主因之一，成帝君两大门槛元神七层和天地境）。孟川以雷霆星辰子修炼（玻璃珠般原星辰炼制，巅峰可令其达光速，无尽刀才洞天中期只能发出少许威力但是对敌最强手段，扔出暴涨丈许大表面雷霆环绕速度飙升撕裂虚空如流星砸囚魔牢狱表层不动）。孟川修炼实力缓慢提升。离争宝会八天，黑龙城越来越热闹（争宝会前后半月最热闹，其他河系修行者也赶来）。",孟川在囚魔牢狱修炼参悟空间规则，云雾龙蛇身法达洞天圆满，雷霆星辰子为对敌最强手段。
域外新人,符箓,装备获取、伏笔埋设,伏笔、奖励,孟川和青古尊者分开行动。孟川以蜃龙令伪装帝君前往符箓门（黑龙城专门卖一次性符箓）。符箓门推出珍贵符箓：碎空符、替死符、分身符、遁虚符等十五种，还有虚空小挪移符仅十份已卖六份。孟川了解虚空挪移符（永恒楼买不到，一次性格外珍贵，不管生命世界域外禁地规则再严苛都能强行施展，弱者至六劫境大能都能凭此活命，制作艰难永远供不应求；沧元界妖族世界底蕴深也极少，人族世界前不久用掉最后一份，鹏皇三位帝君联手从妖祖洞换一份为杀手锏保护重玄妖圣绘制连接点地图，真武王用性命施展命运草人咒杀重玄妖圣毁了妖族计划）。虚空小挪移符比虚空挪移符弱很多但除非劫境大能阻止否则都能逃掉，对尊者帝君都能保命。一份三十九方域外元晶。孟川买小挪移符一份、替死符两份、遁虚符两份共五十一方域外元晶（遁虚符逃命很多情况不必用小挪移符，替死符参悟时间一脉奥妙，小挪移符遁虚符参悟虚空奥妙）。孟川走遍大商家大量采购前后耗费一百二十三方域外元晶（提前在永恒楼处理庞明宝藏杂物得一百三十五方，永恒楼销赃最安全）。孟川逛临街小楼（帝君租赁或尊者联手短期租赁），一座小楼五名尊者卖古老洞府战利品。孟川以帝君身份被热情迎接，看到十九门帝君级绝学典籍（学一遍一方元晶），目光扫过一本画册典籍心中一动。,孟川采购虚空小挪移符等符箓保命参悟，在临街小楼发现画册典籍。
域外新人,《无我无相剑》,装备获取、悟道,修炼、奖励、爽点,红袍尊者递书册，孟川看到《无我无相剑》描述：创造者元神三劫境大能黄邕，本凡俗一代画道圣者，踏入修行以剑做笔自创帝君圆满级绝学。三万三千招，施展后三万里内无处不在，自身同时处于三万里内任何一处可同时施展三万三千招形成一幅画作威力匪夷所思。学起来艰难，但可无视剑招直接参悟典籍五幅画，悟透五幅画可将剑法修炼到圆满达天地境圆满层次。红袍尊者称无我无相剑更像笔法，从画中悟出精髓修行突飞猛进。孟川看第一幅画（法域境层次笔法），一眼分解上千画笔彻底领悟（画道成就极高丝毫不逊色黄邕）。无我无相剑非雷霆非水火，纯粹笔法施展虚空规则（以笔法入道入虚空一脉）。孟川买下画册原本，青衣女尊者开价八方域外元晶（能换两三件三劫境秘宝），孟川还价五方（正常天地境圆满级绝学原本价格），成交。孟川返回洞府按耐不住开始学，捡到宝：绝学与修行者有契合程度，无我无相剑比天地游龙刀更适合孟川（黄邕以画笔入虚空一脉更纯粹，孟川有雷霆一脉基础再创云雾龙蛇身法）。孟川学起来极顺畅，前三幅画彻底看透（第三幅画看似三千六百笔实则一笔而成，虚实之运用孟川远不如，天地圆满境绝学虚实为两大核心之一）。第四幅画天地境层次，孟川领悟本质：非两大核心而是域为核心，虚实无我为实现域。孟川将虚空一脉积累迅速融入无我无相剑，令剑术达洞天圆满境朝天地境冲刺，暂时将云雾龙蛇身法放一旁专心学剑法（洞天圆满境云雾龙蛇身法比一般洞天圆满强得多，学无我无相剑已摸索到突破天地境方向，有把握十年内提升到天地境）。,孟川以五方域外元晶买下《无我无相剑》画册原本，修炼后成为最契合绝学，摸到天地境突破方向。
域外新人,争宝会,转折高潮、装备获取,奖励、高潮,"争宝会日，孟川到黑龙宫（白发披肩黑色华丽衣袍腰间佩剑，修炼无我无相剑气质，蜃龙令伪装帝君偏向无我无相剑完美）。殿厅内每个修行者单独空间无法靠近窥伺（保护身份不怕被截杀）。黑龙老祖追随者苍虞（银发龙族女子，三劫境大能）主持。第一件不死符底价十方，争到十八方。一件件珍宝争宝。雷霆五色花三百七十三方。灰烬塔底价三百方，孟川出三百三十方，左后方淡漠声音三百二十方，孟川三百五十方，邪异刺耳声音四百五十方（势在必得）。孟川放弃（超出秘宝应有价格不值，得到庞明宝藏也要算着使用，灰烬塔重要但非无替代品）。黑龙宫隐秘厅内黑龙老祖与红发男子（纯血龙族赤峰，五劫境，三万余岁，生死之交）饮酒闲聊。黑龙老祖透露寿元将尽扛不住了。赤峰感叹当年七人联手搏杀老魔名震四方如今只剩自己。黑龙老祖欲将黑龙星天峰河系托付赤峰，赤峰拒绝（性子没法在一个地方待数千年，要去域外闯荡）。黑龙老祖称三位好友都不愿接，黑魔殿疯子已盯上天峰河系，没足够代价谁愿庇护（宝物要留家乡世界）。赤峰称更残酷环境或许更适合修行者成长。黑龙老祖称普通修行者艰难龙族凤凰体会不到（龙族凤凰时空长河横着走，六劫境都忌惮怕对付小的惹来老的，七劫境不在乎杀了炼血脉都寻常；正常情况七劫境无敌传说，八劫境沧元祖师一生仅碰一位）。争宝会下一件""原初之石""，孟川丹田混洞无比饥渴渴望吞噬（生命本能），庆幸没买灰烬塔否则不敢出价买原初之石（两件合计价格惊动黑龙老祖恐生波折）。",孟川争宝会放弃灰烬塔（四百五十方太高），丹田混洞对原初之石产生生命本能渴望。
域外新人,买齐了,装备获取、设定揭示,奖励、揭示、设定,"银发女子介绍原初之石：域外最坚固炼器材料，七劫境全力一击无法损伤，永恒特性数十亿年完美无损。孟川了解原初星（最神秘星辰，唯八劫境大能能发现进入，八劫境大能随手采集，流落外界天价），神魔修行体系境界名（大日境、暗星境、无间境、混洞）源自域外星辰。沧元祖师记载""万星祭炼法""（万颗太阴太阳星辰布祭坛献祭令原初之石分解炼制七劫境秘宝），八劫境秘宝每件诞生需大机缘无法直接炼制。原初之石底价三百六十方，帝君圆满白发老者等争宝。孟川不慌（原初之石珍贵罕见但时空长河漫长历史诞生八劫境大能一般开采海量原初之石留家乡高等世界，永恒楼就能买到，曾看到两颗对外卖：略大七百六十方、小些两百万）。孟川出四百三十方（一次性加二十方提升价格令他人犹豫），三息后争宝成功。孟川了解高等世界（八劫境大能家乡，修行者比很多劫境大能富有，每过一段时间卖原初之石即很富裕，底蕴差距大，五劫境才能让高等世界强者正视）。争宝会六个时辰结束。银发女子亲自交易（超一百方珍宝亲自负责），孟川以四百三十方域外元晶换原初之石（寻常储物宝物无法存放需足够稳定空间宝物，空间金塔囚魔牢狱可存）。孟川前往永恒楼买万花界（六劫境秘宝时间洞府，花卉全部转卖永恒楼一百八十方，万花界本身三百二十方），以庞明衣袍抵价五百方域外元晶（最珍贵葫芦不敢拿出，大锤太具特征性，衣袍无明确特征）。永恒楼探查万花界原主人在天峰河系一个时辰送到。孟川在永恒楼销赃最安全（庞明有两位六劫境死敌，六劫境无资格让永恒楼暴露客人信息，永恒楼不探查客人真实身份为最基本信誉）。孟川回洞府进入万花界（微小星辰内含洞天世界，花草凡物珍贵奇花已采走），盘膝取出原初之石，丹田混洞再度无比饥渴渴望吞噬。",孟川以四百三十方争得原初之石，购万花界时间洞府，以庞明衣袍抵价，在永恒楼安全销赃。
域外新人,原初之石，蜕变,悟道、转折高潮,修炼、高潮、爽点,孟川观察原初之石七天（元神之力微观之术放大亿万倍表面无变化，圆润无皱褶无符纹，七劫境可将上亿里太阳星辰当玻璃珠玩倾力一击无法损伤，永恒特性时间无磨损，光线折射独特）。用尽一切方法无法吞吸力量，唯一法子丹田混洞直接吞吃。孟川将空间金塔血刃盘囚魔牢狱等取出丹田，以掌心混洞吞吸原初之石入丹田。无形力量从丹田弥漫渗透肉身每一处，每一颗粒子发生奇妙变化，丹田混洞主动吞吸外界力量变得饥饿无比。孟川以域外元晶补充（有三千多方足够六劫境大能诞生所需），连续吞吸十八方又小半方域外元晶后丹田混洞不再饥饿（正常成帝君吞吸十方即够）。原初之石被吞吸八成残存手指头大一点（圆润光溜溜缩小八成无其他变化）。孟川感叹神魔体系混洞境能吸收原初之石（除万星祭炼法外），星空一脉入圣境神话境需更多星空晶石，混洞境也需原初之石，担心成帝君需多少原初之石（庞明宝藏不一定够）。蜕变结果：混洞真元精纯度不变但量增约十倍；混洞领域威力约三倍（排斥力急速增加）；肉身坚固媲美法宝兵器力量飙升数十倍（纯粹蛮力匹敌帝君后期），血刃洞天中期无尽刀招数劈肉身仅溅火星丝毫无损（类似原初之石坚固特性）。孟川感悟肉身强大是混洞境基础（当年突破时令肉身每个粒子空间化作微型混洞才能承受丹田混洞），基础足够扎实才能走更远。远攻无提升但近战极强。,孟川吞吸原初之石八成，肉身蜕变坚固媲美法宝兵器力量数十倍，混洞领域三倍，真元量十倍。
域外新人,让妖族多准备准备,人物心理、伏笔深化,伏笔、情感,"孟川肉身达尊者级最强列媲美同阶段纯血龙族纯血凤凰（特殊生命以龙族凤凰为尊，纯血龙族凤凰少年尊者越阶战帝君圆满成年帝君圆满战五劫境，天赋极致；成劫境一般五劫境因天生掌握五劫境规则，成六劫境难百倍，七劫境同一时代整个族群不一定有）。孟川肉身无厉害神通仅坚固媲美法宝兵器（原初之石特性），遇到强敌虽无法摧毁肉身却能活捉俘虏（扔进太阳星辰核心太阳神火前肉身化飞灰）。域外真身蜕变，沧元界真身无原初之石无法突破（两真身比较更清楚原初之石作用）。孟川在黑龙星长期修炼：万花界仅一人修炼维持十倍时间流速（帝君万年寿命在万花界可维持八倍），囚魔牢狱长期放万花界。极限绝学无尽刀从洞天中期到圆满为时间累计（有雷霆星辰子完整极限速度规则、七劫境黑暗孔雀血肉、三世刀绝学指引加每天辅助修行酒水灵果，一日千里）。云雾龙蛇身法更顺畅：无我无相剑最契合绝学（隔空与黄邕前辈对话感，修炼三年突破天地境十二年达天地境中期，第四幅画彻底掌握，将感悟融入云雾龙蛇身法又耗八年提升至天地境，天地境初成不亚于无我无相剑四幅图功成且更符合孟川心意）。黄邕以天地作画诗情画意随波逐流，孟川沧元界战争磨砺性子昂然冲天欲破一切桎梏故创云雾龙蛇身法和无尽刀。沧元界江州城城头，白发孟川元神分身饮酒（家乡天地只能感受天地规则修炼不及域外浩瀚）。孟川感叹闯荡域外十年延寿宝物至今找不到（打破时空规则奇物出现即被强大劫境收走，恐需成劫境才有望搜集），但守护家乡越来越有把握无需七月苏醒拼命。孟川感应到南海北海两名夺舍妖圣（瀚烈、黑骨）轰击世界膜壁欲进入世界间隙。孟安急来报告，孟川淡然""让妖族多准备准备""。",孟川在万花界修炼无我无相剑天地境中期、云雾龙蛇身法天地境，沧元界真身感应妖族夺舍妖圣动手，令孟安勿急。
域外新人,镇守八方,矛盾展现、伏笔深化,伏笔、冲突,孟川向孟安解释：让妖族成功送五重天妖王大军进来再全部杀掉，令妖族彻底死心（杀两个夺舍妖圣不够，妖族可能再派，最好让妖族成功送进来然后全杀，杀得五重天妖王不敢再进杀得妖族死心）。孟安担心有少许妖王逃掉是大麻烦，孟川称此事不容开玩笑。孟安告退（获沧元祖师最核心传承从神魔之初得最好栽培，六门绝学皆洞天境但困于自创绝学一步未成尊者，如今天下最强封王神魔与封王时孟川真武王接近，父子切磋父亲元神分身轻松击败他，父亲更加遥不可及令孟安崇拜相信）。元初山白瑶月虚影、徐应物虚影焦急询问妖族夺舍妖圣轰击世界膜壁之事。李观称此事交元初山解决，白瑶月郑重提醒五重天妖王大军潜入可同时袭击所有人族大型城池牵扯太大。李观承诺元初山能做到。李观、秦五、洛棠透露孟川自创极限绝学及混洞境保密十年就等给妖族一击。八尊孟川元神分身行动镇守八方（域外真身未分分身，沧元界真身分八尊，元神七层可施九分身，域外真身一尊未分故沧元界八尊），沧元界八处（城池高山雪地沙漠森林）严阵以待。妖界大殿星诃、玄月、鹏皇观看画面：瀚烈、黑骨成功进入世界间隙。星诃称上次派两名夺舍妖圣人族只拦一位（应只有一份虚空挪移符），这次人族没有虚空挪移符相隔数万里只能眼睁睁看着。鹏皇提醒小心世界间隙截杀。星诃自信真武王死东宁王成尊者人族在世界间隙拦不住。鹏皇之前十余年一直在修炼肉身（天地境圆满后将肉身修炼到圆满引动肉身劫渡劫成功即肉身劫境大能，妖族世界历史悠久诞生六劫五劫大能加起来过十位，肉身圆满跨劫境体系完善，鹏皇估计短则数年长则数十年必跨入劫境，一旦跨入更需沧元祖师宝藏）。五天过去，瀚烈、黑骨带妖王队伍完全绘制出连接点地图，汇合又惊又喜。,孟川八尊元神分身镇守沧元界八方，妖族两名夺舍妖圣成功绘制连接点地图，鹏皇修炼肉身等成劫境。
域外新人,一锅端,战斗描写、爽点设置,战斗、爽点,"妖界三位帝君觉得太顺利，星诃疑有特殊原因，玄月判断人族没办法（真武王死东宁王成尊者，世界间隙斗不过不如放弃保存强者数量）。鹏皇定按原计划五重天妖王队伍分五队从沧元界东南西北最边缘五个连接点同时杀进（每队距陆地数万里，五处相距超三万里，人族猜到也守不住，即便拦一处有三队潜伏就赢，连接点临时选无暴露可能）。世界间隙内妖王们紧张兴奋（功成得百倍宝物承诺），分五队各选连接点。八个孟川元神分身严阵以待。彻底放弃世界间隙截杀原因：封王神魔比当初弱（孟安崛起但离当初孟川真武王有差距，不一定敌得过牵丝圣主，数十年牵丝圣主或提升，几百名五重天妖王也诞生其他厉害妖王配合阵法战力惊人）；不拦截妖族也不会放弃进入人族世界（箭在弦上舍不得放弃，当代妖族实力大损三位帝君也不会放弃）。安海王躲远远看（被元初山惩戒巡守世界间隙三百年），疑惑元初山完全放弃截杀。牵丝圣主率一支队伍选北海海域（五重天妖王中最强者，孔雀君主已失踪），轰开两层世界膜壁，妖王们冲进人族世界，牵丝圣主未进（多它少它区别不大，人族世界秦五李观白瑶月任何一个都能轻易杀它，成尊者孟川也能轻易杀它；修行目的为返老还童，三位帝君需要它维持世界间隙掌控力）。五处妖王队伍同时冲进。八个孟川元神分身同时抬头清晰看到五处洞口，""才五处而已""，其中五个元神分身瞬间消失。五重天妖王们冲进来要分散潜伏。孟川元神分身站在虚空极深处（自创天地境云雾龙蛇身法后虚空造诣太高，牵丝圣主孔雀君主都察觉不到），以元神七层星辰波动波及百里，三十八名妖王毫无反抗失去意识软倒（元神秘术对帝君都有一定影响力），孟川显现妖王们临昏迷都不知谁出手。同样之事五处同时发生，五个孟川元神分身站在洞口外周围倒着大批妖王（含瀚烈、黑骨两名夺舍妖圣），一共一百九十三位妖王全部活捉。",妖族五队五重天妖王从五处连接点同时杀入，孟川五个元神分身以星辰波动一锅端活捉一百九十三位妖王。
域外新人,岁月（本集终）,转折高潮、核心伏笔,伏笔、高潮,"北海孤岛上黑袍北觉妖圣和金甲使者（帝君念头傀儡）看黑色镜子显现五处画面（各一位孟川元神分身凌空，周围倒着妖王）。黑袍北觉发蒙，金甲使者心中冰凉。妖族谋划多年执行完美，一百九十三位妖王从四方海域五处同时杀进，按理人族拦截成功可能性极低，却全被一锅端活捉。黑袍北觉判断至少五个分身。五个孟川元神分身同时转头看黑色镜子，黑袍北觉、金甲使者脸色微变，一名幽暗孟川元神分身已到孤岛面前。孟川扫一眼""北觉妖圣擅分身化身，还有一名仅附带帝君念头的傀儡，真是白跑一趟""，黑袍北觉分身和金甲使者瞬间化齑粉，孟川得帝君级秘宝黑色镜子一迈步消失（自创天地境云雾龙蛇身法后，不管人族宗派还是妖族，一切透过虚空遥遥窥视自己的孟川都能感知甚至反追踪归来观看是谁窥视，其他几处窥探为人族各方，唯此孤岛窥视被孟川发现黑袍北觉）。黑沙洞天、两界岛尊者、灭妖会主荆非等震撼（五个元神分身轻易俘虏所有妖王，孟川至少元神七层，怀疑成帝君了）。妖界大殿星诃、玄月、鹏皇沉默盏茶时间心中冰凉，原本妄想成空。鹏皇心境最稳（孟川冲域外时空乱流逃离时就知道不妙下定决心十年内再攻入，但孟川成长比预料快），判断孟川至少元神七层虚空造诣达天地境可能成新晋帝君。鹏皇决定等待：一等自己成劫境从妖祖洞得更多宝物，二等""妖圣通道""出现。鹏皇透露妖族虽未诞生七劫境大能但诞生很多五劫境六劫境大能有种种特殊血脉，要与人族沧元祖师手段较量（沧元祖师眼界高仅炼化龙血脉凤凰血脉传承，妖族没七劫境大能但众多妖祖有特殊血脉）。鹏皇闭关。元初山洞天广场，一百九十三位妖王堆成小山恢复清醒发现被封禁，孟川、李观、秦五、洛棠四道身影在前。孟川令瀚烈妖圣（元神六层控制太麻烦）被囚禁（夺舍妖圣有其他用处）。其余一百九十二位妖王中三十五位元神五层、九十六位元神四层、六十一位元神三层，孟川最多控制三十位元神五层，令愿臣服者开口（不臣服者比死亡更痛苦些发挥用途），近半妖王主动臣服。人妖战争进入新时期：妖族无法威胁人族，世界入口缓慢扩张数量增加，超大型城关从六个变七个乃至八个，但孟川在令妖族只能小心试探等待妖圣通道。域外孟川真身黑龙星蛰伏修炼，转眼俘虏妖王之事过去二十八年。（本集终）",孟川反追踪灭杀黑袍北觉分身，审问妖王令近半臣服，妖族谋划受挫鹏皇闭关等妖圣通道，人妖战争进入新时期。
妖圣通道,阴影,人物心理、伏笔深化,伏笔、情感,孟川在黑龙星已三十二年（万花界实际修行三百一十余年），无尽刀第八十三年达洞天圆满（仅比天地境圆满略逊），第二百零五年悟出后续帝君级刀法一招仅强数成（类似雷火炼体术层次，非真正帝君级极限绝学），此后摸索三个方向最强仅提升八成，陷入瓶颈。云雾龙蛇身法第九十六年达天地境中期、第二百零五年达天地境后期，无我无相剑五幅图参悟完但离天地境圆满差一丝（唯自创者才能圆满）。孟川定千年之限：若千年创不出帝君级极限绝学便放弃。黑龙老祖在城外山峰告知追随者黑魔殿三位五劫境大能已来围堵黑龙星，计划让修行者分散逃亡活下八成。傀儡侍者通知孟川黑龙星今日关闭驱逐所有修行者并退还半方域外元晶，孟川意识到不妙。,孟川黑龙星修行三百余年无尽刀陷入瓶颈定千年之限，黑魔殿盯上黑龙星黑龙老祖驱逐修行者。
妖圣通道,黑魔殿,设定展开、矛盾展现,冲突、设定,孟川随上万修行者出黑龙城，阴阳星辰阵法（一百二十八颗太阴太阳星辰）笼罩修行者无法离开。元水府主亲自现身求黑龙老祖庇护鳞虚帝君（一百方域外元晶代价），另两位帝君带一千两百方宝物去外界碰运气（帝君在家乡有真身，死的是宝物）。银发女子苍虞告知修行者：黑魔殿（时空长河顶尖势力，信奉弱肉强食，与永恒楼媲美）埋伏阵法外欲掠夺所有宝物，黑龙老祖以阵法阻挡，令修行者分散到阵法边缘，三时辰后撤阵以最快速度逃（阵法范围以光速飞大半个时辰，黑魔殿最多拦截两成），切勿进入时空长河（黑魔殿有劫境蹲守）。孟川混在尊者中低调逃命，身怀庞明宝藏绝不愿被夺。,黑魔殿围堵黑龙星掠夺修行者宝物，银发女子告知逃亡计划，孟川随上万修行者准备分散逃窜。
妖圣通道,上万修行者的逃亡,环境铺陈、矛盾展现,冲突、设定,黑魔殿三万余里黑色大船（媲美星辰，帝君靠近冻成粉末）上，五劫境大能冬璟主持猎杀，四劫境角左（擅长雷霆）带三位劫境追随者十五位帝君镇守一片区域（劫境截杀帝君，帝君截杀尊者）。冬璟鄙视永恒楼心存怜悯，信奉弱肉强食。阴阳阵法内孟川飞至边缘屏障，见永恒楼飞出阵法被黑魔殿束缚，永恒楼背龟壳老者称是血佑领主麾下，黑魔殿三道意念交流后放行（不愿为河系级分楼与血佑领主开战）。孟川明白尊者和帝君是域外普通阶层，劫境大能决定资源归属。十息后阵法消失，上万修行者（含五位劫境、两百余帝君）疯狂遁逃，黑魔殿数百阵法封锁小半区域。孟川冲出阵法瞬间陷入黑魔殿阵法（无数水滴封禁虚空增加阻力，虚空小挪移符无法施展），阵法由三劫境长眉老者五位帝君主持，拦截一位帝君六十五位尊者。,黑魔殿五劫境冬璟主持狩猎，上万修行者逃亡，孟川冲出阴阳阵法后陷入黑魔殿阵法被拦截。
妖圣通道,逃命,战斗描写、爽点设置,战斗、爽点,孟川冷静分析阵法追求范围大牺牲伤害（仅封禁虚空增加阻力），以天地境后期云雾龙蛇身法模糊感应过亿里范围，领域从初入域外千里提升至六万里（虚空感应亿里）。孟川仅展露一成速度（正常尊者极致）低调逃窜，暗中引导帝君先追杀其他尊者。黑甲帝君以六倍时间流速一闪身三百万里追杀尊者（血色残月吞噬尊者）。三劫境长眉老者逼蓝袍帝君交两百方域外元晶效劳千年或死，蓝袍帝君自爆（劫境秘宝毁不掉，仅两件五劫境秘宝勉强两百方）。青色羽翼帝君追上孟川，孟川捏碎普通玉牌伪装时间加速符，时间流速从十倍飙至五十倍（洞天圆满无尽刀极致），甩开羽翼帝君。红发帝君拦截，六座火焰小山碾压。孟川以混洞领域虚空禁锢定住红发帝君，雷霆星辰子一击灭杀化飞灰，收起战利品。长眉老者震怒追杀。,孟川低调逃命被帝君追杀，以混洞领域虚空禁锢加雷霆星辰子灭杀红发帝君，暴露帝君实力。
妖圣通道,狩猎落幕,战斗描写、转折高潮,战斗、高潮,孟川展露实力后不再掩饰，五十倍时间流速冲出阵法，扔掉疑似黑魔殿追踪之物和看不透的符箓。激发虚空小挪移符（四十方域外元晶，帝君常买），感应时空如盒子，从盒子一面跳到另一面，逃至看不到黑龙星处（跨越不知多少亿万里）。孟川感叹云雾龙蛇身法需五劫境层次才能正常施展此招。黑魔殿五劫境不会为一位逃掉的帝君离开狩重地（三位五劫境需联手预防意外不能单独离开）。长眉老者懊恼损失一位帝君（红发帝君家乡真身不会再受奴役）。黑龙老祖旁观狩猎结束：上万修行者逃掉七成多，帝君过半被拦截或奴役或死，五位劫境仅一位逃掉，尊者才是真可怜死了就死了。孟川进入时空长河逃五天，发现一座人脸大小黑暗（时空长河中显得大，正常虚空无比庞大），判断为混洞，决定前往参悟修行。,孟川以虚空小挪移符逃出黑魔殿狩猎，黑龙老祖旁观狩猎结束，孟川在时空长河发现混洞决定参悟。
妖圣通道,混洞内修行（上）,悟道、设定展开,修炼、设定、爽点,混洞仅次于原初星（八劫境才能发现），正常修行者能发现的最神秘最可怕天体（七劫境才能抵达核心）。外围有混洞金盘（巨大金环映衬黑暗），比上百颗太阴太阳星辰阵法大得多。孟川飞两个时辰接近金盘，放出青古尊者在金盘外静修（青古尊者愿紧紧追随孟川）。孟川飞入黑暗混洞范围，引力不断增强，深入至三十五倍时间流速区域达极限（混洞领域削弱后肉身仍震颤）。混洞引力作用于万花界、囚魔牢狱等宝物内部（无法借宝物抵达核心）。沧元祖师记载混洞核心天体时间流速减慢（核心一天外界千年），不同混洞有区别。孟川发现肉身粒子在引力下缓慢缩小并新生三成粒子，肉身多三成粒子越加凝练，皮肤光泽带七劫境黑暗孔雀膜层感觉，找到混洞神体修炼方向（沧元祖师创轮回神体，孟川此前试很多次无果）。,孟川深入混洞三十五倍时间流速区域，发现肉身粒子缩小新生，找到混洞神体修炼方向。
妖圣通道,混洞内修行（下）,悟道、核心伏笔,伏笔、修炼、爽点,孟川在混洞外围十倍时间流速区域潜心参悟，大半时间修极限速度规则和虚空规则欲创帝君级极限绝学。实际修行近五十年（四年外界时间），在四十七倍时间流速区域观看混洞深处。孟川参悟混洞核心为球体（超大型混洞核心约千丈大，吞噬成百上千太阳星辰轻松，七劫境以下深入会被分解吞噬），吞吸引力本质是时空规则，混洞蕴含时空深层次奥妙（七劫境难以尽悟）。孟川以无尽刀规则（时间一脉）形成的丹田混洞不完美，完美混洞应是时间空间结合。孟川创出混洞神体：每个粒子空间为超微型混洞，粒子核心盘踞元神念头蕴含无尽刀规则（时间一脉），粒子虚空为云雾龙蛇身法（空间一脉），粒子缩小三分之一、核心缩至百分之一、数量三倍、力量攀升二十倍，单凭肉身越阶战帝君圆满，力量不亚于龙族分支霸下一族。皮肤膜层有符纹显现（无尽刀、云雾龙蛇身法奥妙），与七劫境黑暗孔雀膜层少许相似。丹田混洞不敢擅动（蕴含力量太可怕，爆炸媲美帝君圆满自爆，回家乡再试）。帝君级极限绝学仍未创出。,孟川以时间空间结合创出混洞神体（粒子三倍力量二十倍，单凭肉身战帝君圆满），丹田混洞不敢擅动。
妖圣通道,两个世界最强者,人物心理、伏笔深化,伏笔、情感,沧元界元初山，李观尊者苍老临近寿命大限，与秦五、洛棠、孟川在千年殿前送行。李观唏嘘后半辈子与妖族斗，九百多年死太多神魔（赤血崖名字太多），曾做好灭世准备，幸好迎来孟川转机。李观沉睡等到战争获胜再唤醒。孟川放弃孟家接任大周皇族位置（朝廷内阁管理宗派监督，孟家无人适合当皇帝，孟安一心修行孤身一人，孟悠是杨家人），元初山由孟川执掌（天下第一人、帝君级实力，虽未承认成帝君但天下神魔已称东宁帝君）。洛棠担忧妖圣级通道，孟川称交给他。鹏皇两尊真身同时渡第二次肉身之劫成功（金翅大鹏鸟血脉，初成劫境匹敌三劫境，前三劫极快百年内度过），成二劫境。鹏皇域外真身遨游时空长河循因果直奔巫古河域追杀孟川。,李观尊者沉睡送行，孟川执掌元初山放弃皇族位置，鹏皇成二劫境循因果追杀孟川。
妖圣通道,练岔了,悟道、伏笔埋设,伏笔、修炼、爽点,"鹏皇飞行一年跨越三座河域仍未感应孟川准确位置（因果感应隔河域模糊），心定长期准备。孟川在混洞四十七倍时间流速区域修行近八年（实际过百年），发现心境受混洞影响逐渐归于死寂（仿佛一切归于寂灭），决定再修行二十年离开。孟川在寂灭心境下挥刀试创帝君级刀法，劈出黑色刀光（中央黑暗外围雷霆，寂灭与狂暴两种意境融合），一刀撕裂混洞深处虚空（此前无法撼动）。孟川飞至混洞金盘区域再试，黑色刀光无坚不摧虚空直接湮灭，威力质变远超洞天圆满（提升约十倍），属劫境层次招数。孟川狂喜以为创出帝君级极限绝学，命名""寂灭之刀""（光芒相、阴阳相、分波相、无尽相、归一相五相合一为洞天圆满，结合寂灭相光归于寂灭威力质变），时间流速达八十倍。但试身法发现纯粹速度从一闪身三万里减慢至两万八千里，判定为错误道路（类似黑暗闪电、雷霆行走、雷火炼体术，威力强但有明显缺陷），不可作修炼根本（深入修行影响肉身丹田元神），仅作战斗技巧留存。","孟川在寂灭心境下创出""寂灭之刀""（劫境层次威力但有缺陷，速度减慢，不可作修炼根本）。"
妖圣通道,洞天阁讲法,人物心理、伏笔深化,伏笔、情感,孟川将寂灭之刀融入护体孔雀衣和战斗体系提升实力（不用于肉身丹田元神修炼）。沧元界元初山三月二十五洞天阁讲法，新招天才弟子晏梨花（晴雪王之女，十三岁悟出势，祖父安海王，孟川与晏烬交好曾见襁褓中的她）。天下神魔尊称孟川为东宁帝君（自创云雾龙蛇身法帝君后期、无我无相剑五幅图练成、无尽刀洞天圆满，时空皆精通，可轻易指点封侯封王尊者）。孟川每年一次讲道允许天下封侯封王尊者聆听，因无私分享令天下诞生封王神魔比例提升。孟川留晏梨花询问晏烬近况（晏烬妻子改变其冰冷性格，安海王之事已告知晏烬）。孟川感叹父亲孟大江越来越苍老（大日境神魔寿命大限两百岁，弥补损伤后撑不了十年）。鹏皇飞行一年多抵达巫古河域，终于模糊感应到孟川位置（天峰河系中部河系，约一月赶到）。,孟川洞天阁讲法指点天下神魔，见晏梨花感叹父辈苍老，鹏皇抵达巫古河域感应到孟川位置。
妖圣通道,鹏皇和孟川,矛盾爆发、战斗描写,冲突、战斗,鹏皇一个多月后抵达天峰河系混洞，欲活捉孟川真身请四劫境大能因果斩杀所有分身（真身间因果联系最紧密）。鹏皇隐匿飞入混洞金盘区域，发现孟川在更深处（三十五倍时间流速区域），惊讶孟川能承受如此引力。孟川借雷域印感应发现外来者悄悄靠近（未发现是鹏皇，因弱者窥伺强者因果模糊），故作淡然继续往深处飞。鹏皇加速追来，孟川亦加速。孟川飞至四十五倍时间流速区域，鹏皇施金色巨掌擒拿（虚空凝固），孟川借雷域印发现鹏皇气息超越帝君判定其已成劫境。孟川脚踏血刃盘疯狂往混洞深处飞（四十七至五十倍时间流速区域），金色手掌在混洞扭曲时空下笼罩范围缩小无法抓住孟川。鹏皇放弃活捉，以六劫境秘宝刺虚枪（金翅大鹏鸟血脉专属，妖祖洞所得）全力一击，金色长枪贯穿虚空击中孟川。,鹏皇追至混洞欲活捉孟川请四劫境因果斩杀，活捉未果以刺虚枪全力一击击中孟川。
妖圣通道,困守,战斗描写、悬念设置,伏笔、战斗,刺虚枪连破雷域印镇压、混洞领域（融入寂灭之刀奥妙后帝君圆满全力一击无法近身）、三十六柄血刃、护体孔雀衣，被五劫境秘宝夜云衣（贴身纯防御秘宝）挡下残余威力，孟川肉身完好（混洞神体加原初之石肉身如法宝坚韧）被冲击力送向混洞深处。鹏皇惊愕孟川身体完好（猜测有不灭符等符箓，三劫境全力一击残余一两成足以灭杀帝君圆满）。孟川逃入六十倍时间流速区域（鹏皇极限五十八倍），鹏皇不敢再深入（怕被吞吸引吞入）。孟川极限为六十二倍时间流速区域，但距鹏皇三千万里无法摆脱窥伺。双方困守：孟川有替死符保命，保持距离可拖延；鹏皇无法靠近，监视等待。鹏皇不愿请三湾河系四劫境（会趁机大开口），欲请外河域陌生四劫境。外界一年，混洞深处孟川鹏皇所在区域过去近六十年，鹏皇第三次肉身之劫降临。,孟川凭夜云衣和肉身坚韧硬抗鹏皇刺虚枪一击，逃入六十倍时间流速区域困守，鹏皇监视等待。
妖圣通道,渡劫和通道,转折高潮、核心伏笔,伏笔、高潮,孟川试逃跑被鹏皇截杀险险逃回混洞深处（因果锁定无法摆脱）。鹏皇在混洞金盘外布阵渡第三次肉身之劫（血色雾气渗透，金翅大鹏鸟长出血色翅膀第二对第三对翅膀，挣扎七个时辰驱逐血色恢复金光），成三劫境（差点失败，后怕，决定无十足把握绝不渡劫）。沧元界妖族世界世界间隙世界膜壁彻底合拢圆满无缺，安海王发现禀报元初山。孟川感应天下世界通道大幅扩张。元初山孟川、秦五、洛棠、孟安聚议，孟川称妖圣级通道若出现就在这几天。世界间隙形成第三天清晨，洛棠关世界入口（三十九里长）剧烈轰鸣扩张，洛棠、孟川元神分身出现，洛棠问是否妖圣级通道。,鹏皇渡第三次肉身之劫成三劫境，世界间隙彻底形成，洛棠关世界入口剧烈扩张或为妖圣通道。
妖圣通道,妖圣通道,设定揭示、转折高潮,揭示、设定、高潮,洛棠关世界入口扩张至一百三十九里长，洛棠亲自走进通道证实为妖圣通道（造化尊者可轻易通过，妖圣亦可进出，束缚很小可保持最快速度，一群妖圣同时进来可布阵）。孟川等待无第二个妖圣通道或更庞大通道出现。洛棠关为唯一妖圣级入口（两个中等世界接近最多出现一个尊者级通道，出现一个已极低概率）。洛棠关居民大迁移，尊者们汇聚。孟川、秦五布阵（九百多年战争最终战场，赢了妖族计划落空，输了沧元界浩劫）。秦五察觉孟川心境变化（过去灵动自然洒脱绘画，如今如深潭不起波澜，问多久没笑没绘画），孟川知混洞影响心境死寂，决定战争结束后必须离开混洞。妖族鹏皇、星诃、玄月确认妖圣通道，鹏皇欲先除孟川再攻入（成三劫境，拟请四劫境大能因果斩杀孟川所有分身）。,洛棠关妖圣通道确认出现为唯一入口，孟川布阵镇守，秦五察觉孟川心境死寂，鹏皇欲请四劫境斩杀孟川。
妖圣通道,邀请劫境大能,人物引入、伏笔埋设,人物、伏笔,妖族三位天地境妖圣：白伏妖圣（白衣男子，擅阵法，修行五百年达天地境，元神擅长，千年内有望成帝君，不愿参战但不敢违逆鹏皇）、英酆妖圣（三位中最强，天地境中期，有特殊生命酆苍血脉）、兕风妖圣（虎头，天地境已久无把握成帝君，期待参战分好处）。鹏皇承诺功成各奖过千方域外元晶，半年内栽培三位妖圣。天峰河系荒凉星辰上，鹏皇元神分身请四劫境大能玄方（龟壳异兽，擅长因果卜算，天峰河系因果一脉最厉害）出手斩杀孟川。玄方卜算称杀孟川不易，加价至五百方域外元晶（鹏皇拿不出以劫境秘宝补差额）。玄方承诺倾尽全力追杀一个月不保证成功。洛棠关半年后尊者们闲聊等妖族动手（妖族败了三位天地境妖圣战死则千年内无法再崛起）。,妖族三位天地境妖圣（白伏、英酆、兕风）受鹏皇栽培，鹏皇以五百方域外元晶请四劫境玄方追杀孟川。
妖圣通道,变强的代价,转折高潮、人物心理,情感、高潮,玄方收宝物（勉强算五百方，嫌弃需自己去卖），随鹏皇飞入混洞深处。孟川被鹏皇困混洞两百余年，云雾龙蛇身法突破天地境圆满（媲美三劫境技艺，质变）。孟川借雷域印感应发现鹏皇带更强帮手到来，直接往更深处飞。玄方深入至六十八倍时间流速区域（孟川在七十二倍区域），对峙一月后玄方放弃（无法靠近孟川，称四劫境抓不到他可试找五劫境），离去。鹏皇憋屈（五百方域外元晶白花，五劫境代价太大且会查出妖族沧元界纠葛）。孟川识破玄方身份，寂灭之刀达天地境中期（技艺媲美四劫境），擅长混洞领域方向故能潜入够深。孟川知心境受混洞影响大但实力提升是战争所需（过去九百多年神魔付出生命代价）。,四劫境玄方深入混洞对峙一月无法靠近孟川放弃，孟川云雾龙蛇身法达天地境圆满、寂灭之刀达天地境中期。
妖圣通道,终于到来,氛围营造、转折高潮,设定、高潮,鹏皇决定无法灭杀孟川便直接强攻沧元界。妖族鹏皇宫隐秘殿厅，青色液体池中白色巨蛋（英酆妖圣转化特殊生命酆苍），星诃、玄月守护。鹏皇告知请四劫境斩杀孟川失败，决定从妖圣通道强攻（英酆转化失败则希望渺茫）。两个多月后白色巨蛋裂开，英酆妖圣成特殊生命神鸟酆苍（白色赤瞳巨鸟），计划入沧元界后突破成年体成帝君（盏茶时间蜕变）。妖圣通道春天开启如今冬天，洛棠关一百三十九里妖圣通道被孟川阵法笼罩，一人镇守一通道。孟川从沧元祖师宝库选三件七劫境秘宝、五件六劫境秘宝、两套大阵（含十三寰宇珠），混洞真元渗透世界入口蔓延至妖界遭妖界阵法阻挡。孟川想妻子七月（风雪关回忆），死寂心境泛起波澜（未彻底寂灭）。孟川感应到妖族力量渗透过来。,英酆妖圣转化特殊生命酆苍成功，孟川在洛棠关以阵法镇守妖圣通道选沧元祖师宝库宝物，妖族即将攻入。
妖圣通道,战争终章（上）,战斗描写、转折高潮,战斗、高潮,孟川令尊者们离开洛棠关至阵法外。血浪从妖界渗透过来（克元神秘术，污染魔锥），三位妖圣（白伏、兕风、英酆）随鹏皇、星诃、玄月行礼后进入沧元界。英酆妖圣扔青色种子长成青火莲（三片叶子淡粉色花朵），三位妖圣飞入花朵，施展一次性符箓、古朴令牌等保命物层层保护（白伏阵法、六转大地符等）。英酆妖圣化白色赤瞳巨鸟蜕变成年体成帝君（盏茶时间稳定）。人族尊者们观战心慌（生命层次压抑）。孟川以阵法催发坠月击（寂灭之刀，残月如钩），四劫境技艺境界催发沧元祖师宝库阵法。第一击摧毁三层守护（含六转大地符瞬间崩溃），连轰四击除青火莲外所有防护击溃（白伏阵法星辰珠子抛散）。鹏皇面容扭曲，明白梦破碎。,三位妖圣入青火莲，英酆蜕变成年体成帝君，孟川以坠月击连轰四击摧毁除青火莲外所有防护。
妖圣通道,战争终章（下）,战斗描写、转折高潮,战斗、高潮,鹏皇、玄月、星诃透过妖圣通道观战，孟川残月一次次轰击青火莲，碾压般摧毁。白伏妖圣、兕风妖圣、英酆帝君在青火莲中瑟瑟发抖（毫无反抗之力，如凡人挥大锤砸豆子）。第七击青火莲崩溃，兕风妖圣化狂风逃被黑暗波及湮灭，白伏妖圣平静不逃湮灭，英酆帝君怒吼杀向孟川被黑暗波及肉身支离破碎归于虚无（不甘吼声回荡）。妖族队伍全军覆没。人族尊者们喧哗激动（九百多年终于赢了，秦五流泪，徐应物脸红，白瑶月开心，荆非轻语）。秦五称不知孟川修炼到如今实力付出什么。孟川灭三位妖圣后心中轻松（从小最大愿望实现，薛峰、真武王、七月等付出太多），心境仍平静（混洞影响）。孟川以残月一击穿过妖圣通道斩向鹏皇（尊者级真元意志不被通道排斥），击穿鹏皇金色手掌，鹏皇右爪挡住被击飞数十里流血（鹏皇示弱伪装，孟川识破未追击——鹏皇家乡有固定阵法实力超常发挥，孟川肉身真元比帝君略逊，综合实力比三劫境略逊，孤身过去是送死，一死另一真身远在巫古河域沧元界空虚）。孟川出阵法告知尊者们赢了，将坐镇洛棠关守到妖圣通道崩溃（数十年至一两百年，帝君圆满进来也是送死）。,孟川第七击摧毁青火莲灭杀三位妖圣全军覆没，以残月一击穿过通道击飞鹏皇，人妖战争人族彻底获胜。
妖圣通道,赢了！,情感展现、转折高潮,情感、高潮,天下普天同庆一月。赤血崖庆贺仪式，李观尊者被唤醒（沉睡前以为看不到获胜）。秦五告知李观孟川比新晋劫境大能要强些。李观在孟川身上感觉到死寂气息。鹏皇离开混洞（从残月体会孟川技艺境界不逊于它，再过时间想走走不掉），孟川亦离开混洞不再受影响（心境难改）。当代元初山主剑九王（紫袍威严）宣布人族赢了，赤血崖显现一万七千一百零一位神魔留影（一万三千两百零八位战死，三千多安然终老），孟川见真武王、薛峰、妻子柳七月年轻留影（青红衣袍背神弓展颜一笑）。孟川心中对七月默念誓言已做到。晏烬看兄长薛峰留影（兄长照顾他走出，妻子、安海王之事、兄长是主要原因）。安海王在世界间隙得知获胜露笑容继续巡守三百年罪期（世界间隙稳定宝物取尽无人来，唯他一生命在此）。一白发老者在墓地群对战友师妹嘀咕（师妹答应换防后娶，一等再没等到，未再娶，战争彻底赢了放心了），靠墓碑睡着永远睡去。,天下庆贺获胜，赤血崖显现一万七千余位神魔留影（一万三千余战死），孟川见妻子柳七月留影，安海王继续巡守世界间隙。
妖圣通道,颤栗,人物心理、悟道,修炼、情感、爽点,孟川独行江州城及天下观看欢庆（凡俗看不到孟川，普通人战争感受不强更喜表演），心境非寂灭非高兴非兴奋，有轻松感、微醺感，更多是元神颤栗仿佛兴奋颤栗，情不自禁行走天下观看。元初山洞天大殿内三名神魔弟子摆放海量卷宗（三大宗派共同决定，神魔卷宗二十三万余份、凡俗卷宗以亿计仅立大功者专门卷宗）。孟川翻阅东烈侯章兴卷宗（九百多年前大日境神魔，见屠戮城池场景后一生与妖族战斗，成封侯神魔镇守城关，死于家乡功劳极大）。翻阅外门弟子安通卷宗（八百多年前生人，十九岁无漏境凝丹，自愿报名镇守城关，厮杀六年立功换闯生死关成神魔，回家三年娶妻生子后继续参军，镇守六十五年战死于城关，不灭境神魔）。孟川走到后面翻阅凡俗卷宗（密密麻麻名字，曲阳关破一万九千三百零二人无一幸存，沁阳关破遗留之物含未寄出的信）。孟川看无数名字感觉被无数目光盯着，明白颤栗什么，盘膝坐下挥笔绘画（颤栗力量要倾诉，寂灭心境无法压制）。,孟川行走天下翻阅战争卷宗（神魔凡俗以亿计牺牲），元神颤栗明悟，盘膝坐下开始绘画倾诉。
妖圣通道,元神八层,悟道、转折高潮,修炼、高潮、爽点,（本章内容与第二十一章颤栗基本相同，为重复章节）孟川独行江州城观看欢庆，心境非寂灭非高兴，元神颤栗仿佛兴奋颤栗。元初山洞天大殿翻阅海量卷宗（东烈侯章兴、外门弟子安通、曲阳关破一万九千三百零二人名录、沁阳关遗留之物），看无数名字感觉被无数目光盯着，盘膝坐下挥笔绘画，颤栗力量要倾诉，寂灭心境无法压制。,孟川翻阅战争卷宗元神颤栗，盘膝绘画倾诉（与第二十一章内容重复）。
妖圣通道,天妖门的乞求,矛盾展现、伏笔埋设,伏笔、冲突,"元初山正月初六，秦五主持洞天阁（孟川闭关不理事务，孟安找父亲联系不到，秦五称一年内出关）。天妖门门主（风度翩翩中年男子，少许白鬓，元神分身，元神六层，五重天天妖，残缺天妖体系，身体有缺陷无法凝丹，不足百年寿命）拜山求见东宁帝君。秦五接待（当代元初山主剑九王陪同）。天妖门主代众多天妖乞求活命（既往不咎一视同仁，否则鱼死网破疯狂反扑，天妖门过千名天妖含三位五重天，凡俗弟子数不胜数融入城池）。秦五拒绝既往不咎，称需三大宗派商议一年后答复。秦五担忧天妖门根系渗透天下破坏力大，需好好想降低损失除掉叛徒。又有妖王拜山谈判（四重天五重天妖王藏小型洞天无法回妖界，求放回妖界）。孟川绘画五月零九天完成超长画卷《脊梁》（三份画纸连接，末尾画繁华盛世），题字""脊梁""，对战死神魔数亿战士说没有让牺牲白费。",天妖门门主拜山乞求活命（既往不咎），秦五一年后答复，妖王亦求放回妖界，孟川绘画五月完成《脊梁》题字脊梁。
妖圣通道,世界外显,悟道、设定揭示,修炼、揭示、设定、爽点,"孟川绘画《脊梁》后心灵彻底洗练，悟""生命才是最绚烂精彩，生命超越永恒，生命是时空的魂""，心境从死寂转为温和阳光，突破元神八层（劫境，肉身仍混洞境尊者层次，元神一脉先达劫境）。孟川拔劫境秘宝光阴刀以元神之力操纵（劫境后元神之力质变比劫境妖力真元更适合操纵劫境秘宝，元神劫境擅远距离对敌，肉身劫境肉身如法宝擅近战）。孟神世界外显为画卷（蔓延百余里，隐约山脉江河人们，域外无压制最大可扩三百万里，大小与实力关联不大因心灵道路不同各有特殊）。天地大殿三位护法神行礼称东宁大能（沧元界终于又有劫境大能，沧元宗时期后首次），称沧元祖师宝藏成劫境后可获取更多。孟川拔光阴刀试劈一刀（生命为魂的新刀法）。",孟川绘画《脊梁》心灵蜕变悟生命超越永恒，突破元神八层劫境，元神世界外显为画卷，可获取更多沧元祖师宝藏。
妖圣通道,帝君级极限绝学,悟道、转折高潮,修炼、高潮、爽点,孟川以生命为魂劈出帝君级极限绝学《无尽刀》（世界静止，刀凝一线，一瞬间取南方小黄花、西方玉石、北方黑鱼、东方紫果，极限速度时间速度皆在掌控）。帝君级《无尽刀》影响时间流速三十倍（元神八层改变劫境生命时间流速难度大，尊者级三倍如今三十倍），纯粹速度快数倍，从接近帝君圆满跨入三劫境层次（寂灭之刀天地境中期媲美四劫境但不能作根本，《无尽刀》可作肉身元神修炼根本）。孟川创出帝君级极限绝学（创造者罕见程度不亚于七劫境大能），此前数百年失败积累经验，绘画《脊梁》后才跨出最难一步。元神继续蜕变提升（创绝学提升约为绘画提升的一成，元神劫境重视心灵修行，心有多大世界才有多大）。洛棠关三尊元神分身镇守妖圣通道（元神八层分身可隔生命世界河域遨游，拥有元神世界可吸域外元力补充，配合劫境秘宝战力如真身）。孟川试进妖圣通道有阻力（生命层次提升），计划成五劫境循因果灭杀星诃玄月，鹏皇需慢慢来。域外真身在囚魔牢狱以帝君级《无尽刀》突破肉身帝君级（混洞境第一人，可能失败，域外先试，失败元神分身宝物完好）。,孟川以生命为魂创出帝君级极限绝学《无尽刀》（三劫境层次），域外真身在囚魔牢狱开始突破肉身帝君级。
妖圣通道,帝君（本集终）,转折高潮、核心伏笔,伏笔、高潮,"十九天后域外真身突破成功，丹田混洞化为灰色星辰（表面灰色气流，材质九成九似原初之石），命名""原初境""（丹云境、不灭境、大日境、暗星境、无间境、混洞境、原初境），肉身媲美四劫境大能（纯血龙族成年体肉身惊人，可暴涨千里高缩小如蚂蚁，一握拳虚空湮灭，血刃切不断头发，雷霆星辰子轰不动）。沧元界真身以天地境前期《无尽刀》为核心试突破仅令混洞吞吸更多域外元晶肉身微型黑洞更强，仍卡混洞境（域外真身与家乡真身区别为原初之石，疑成原初境须先炼化原初之石，如星空一脉入圣境神话境需星空晶石）。孟川回洞天阁，秦五、洛棠告知李观师兄回家族两三月内大限（需送行），秦五说两件大事：妖族四重天五重天妖王求放回妖界（否则鱼死网破），天妖门求既往不咎一视同仁（渗透太深千名天妖含三位五重天，凡俗弟子藏城池难发现）。孟川冷然拒绝既往不咎，以元神世界笼罩整个沧元界（处处观察下，唯元初山沧元祖师阵法阻挡），发现北海海底妖族潜伏洞天、大越王朝山林天妖门驻地洞天，一念头将两座小型洞天挪移至元初山洞天阁后院。（本集终）",域外真身突破原初境（帝君级肉身媲美四劫境），沧元界真身成元神八层劫境，以元神世界笼罩沧元界擒获妖族与天妖门潜伏洞天。
劫境,传送,设定展开、情节推进,设定,孟川向秦五、洛棠、孟安展示抓来的妖族洞天和天妖门洞天（水蓝色珠子、拳头大山石）。孟川透露自己元神突破达到元神八层（劫境），秦五、洛棠、孟安震撼。孟川解释元神世界笼罩整个沧元界，一念便可世界降临，能探查清清楚楚，天妖门除核心洞天外三十五处分部也将一锅端，渗透各地的天妖门势力网需借助地网抓捕。天妖门主、熊妖王现身，得知千蛐妖圣、北觉妖圣早已逃出沧元界。孟川巡视沧元界收散落各地的宗派宝藏（芒光派六劫境秘宝等）。孟安坦白已是沧元祖师亲传弟子（非记名弟子），战争获胜后三年内必须离开沧元界，将被传送前往遥远河域一座秘境。孟川决定探沧元祖师宝藏帮儿子。,孟川成元神八层（劫境），元神世界笼罩沧元界一锅端天妖门和妖族，孟安坦白须离沧元界赴遥远秘境。
劫境,孟川的实力,设定揭示、装备获取,奖励、揭示、设定,"孟川进入天地大殿（十二镇宗宝物排第二），感知天地大殿容纳生命世界本源庇护沧元界。孟川进入劫境区域，见到殿厅内一条约十九丈长的青色手臂（肉身八劫境大能断臂，十二镇宗宝物排名第四，手臂表面纹路变幻微小世界生灭，沧元祖师设阵法压制否则普通劫境被控制血脉）。孟川来到古老殿厅，白袍老者（沧元祖师护法神）要求孟川全力出手攻击青色柱子确定实力。孟川施展画卷世界（人族历史上最强元神世界，超越人族另外三位元神劫境）加寂灭之刀加时间流速，接连劈出九刀。白袍老者判定为""元神四劫境实力""，可挑选总价不超过五万方域外元晶的宝物。孟川询问宝库内是否有原初之石（家乡真身也需原初之石肉身才能提升），得知有两百零三块（约九万三千方域外元晶），最多可选一成。",孟川进入沧元祖师宝库，以元神四劫境实力获五万方域外元晶额度，得知宝库有原初之石。
劫境,寿命,装备获取、设定展开,奖励、设定,孟川为儿子选三份虚空挪移符（每份三百方域外元晶，一念激发瞬间跨数座河系）、一份时空传送符（三千方域外元晶，比虚空挪移符强一层次，时空长河两端短时间直达，七劫境大能出手大多难阻止，可逃回三湾河系）、一件延寿奇珍（最多选一件，对实力越强效果越弱）。沧元祖师死前考虑人族上亿年发展，资源有额度限制。孟川在宝库大开眼界，了解域外宝物被强者垄断。三天后孟川告知孟安须等二十天。孟川在天地大殿密室吞吸原初之石突破到原初帝君境（等同成年体纯血龙族纯血凤凰，寿命十万年），丹田混洞炼化原初之石令肉身蜕变。成帝君后吞吸约一千五百方原初之石（成帝君后肉身和丹田共吞吸），两尊真身共需约三千六百方。孟川元神四劫境实力配合近战肉身，不确定是否达五劫境门槛。,孟川选虚空挪移符、时空传送符、延寿奇珍赠孟安，吞吸原初之石突破原初帝君境寿命十万年。
劫境,离别,情感展现、人物心理,情感,孟川肉身修到原初帝君又吞吸原初之石，近战比域外真身强的并不多。再次确定实力，元神劫境实力配合近战依旧四劫境层次（一劫二劫差距小，三劫质变，越往后每劫差距越大）。江州城孟府，孟川陪岳父柳夜白（头发稀疏老年斑皱纹深），孟大江（白发苍老大日境神魔神志清醒）、白念云（中年妇人）到来。孟大江、柳夜白老哥俩闲聊，孟川笑看一家人。孟川知道父亲仅剩三年多寿命，岳父仅剩八年。孟安告知祖父祖母要前往域外，孟大江、柳夜白、白念云坦然接受（看多血与火）。江州城外夜空，孟川将虚空挪移符、时空传送符、两张不死符赠孟安（两次逃命机会），叮嘱若用到就赶紧逃回来。孟安撕裂世界膜壁飞入域外，紫色光芒包裹传送消失。孟川感应到儿子抵达极遥远河域，比巫古河域远很多，有神秘力量模糊感应。孟川转身准备为第一次元神之劫做准备。,孟川与家人告别，赠孟安保命符箓，孟安被传送至极遥远河域秘境。
劫境,元神之劫,悟道、伏笔埋设,伏笔、修炼、爽点,鹏皇全力赶路回三湾河系，成三劫境加混洞修炼百年实力提升，一年即将抵达。鹏皇不甘多年谋划白折腾，判断孟川一直停留在尊者级却爆发劫境实力（技艺境界极高比鹏皇还高些），战争获胜后不再隐藏。获胜一个多月后鹏皇因果感应变模糊（孟川成元神八层），大半年后连因果方向都感应不到（孟川成原初帝君生命层次等同五劫境）。鹏皇猜测孟川成三劫境。鹏皇抵达三湾河系雪玉宫（十余万里高雪山，六劫境秘宝，三湾河系圣地），碧蟾（劫境大能）告知宫主过些时日要办大事。雪玉宫主收鹏皇为追随者（帝君圆满时因血脉拜入，注定三劫境）。沧元界洞天阁，孟川看书感应到鹏皇回到三湾河系雪玉宫一带（因果感应清晰，鹏皇感应不清孟川）。孟川判断杀鹏皇时雪玉宫主不会为追随者拼命（五劫境间没必要死斗）。孟川度过第一次元神之劫（来无影去无踪直接降临元神，扛过元神蜕变，抗不过魂飞魄散），轻松渡过（无尽刀代表完美极限绝学）。,鹏皇成三劫境回三湾河系拜入雪玉宫主门下，孟川度过第一次元神之劫。
劫境,修行岁月,悟道、设定展开,修炼、设定、爽点,转眼三年过去，孟川域外真身在混洞深处七十倍时间流速修炼（实际两百余年）。沧元祖师卷宗未提混洞影响心境（外界恶劣磨炼心灵，扛过更进一步）。孟川受混洞影响三百余年后打破压制，绘画《脊梁图》后元神突飞猛进。第四次元神之劫降临（前三劫每年一次最快速度，第三劫后每劫至少间隔百年，孟川第三劫后两百年才迎第四劫，说明元神积累约四劫境层次未到五劫境）。第四次元神之劫识海元神世界天降大火焚烧元神百里范围三天，元神念头崩溃又新生（心之火焚元神炼心）。孟川心如冰山扛过，元神念头锻造更强。孟川感叹第五劫难十倍不止。无尽刀三十年达天地境中期，一百八十年达天地境后期。孟川再次确定实力，以无尽刀天地境后期一刀击穿七层符纹，被判定为肉身五劫境实力（门槛）。,孟川度过第四次元神之劫，无尽刀达天地境后期，近战达肉身五劫境门槛。
劫境,延寿,人物心理、伏笔深化,伏笔、情感,孟川惊喜无尽刀天地境后期近战达五劫境门槛（技艺本就接近五劫境，肉身格外强大）。白袍老者将宝库额度提升至三十万方域外元晶。孟川明白短时间能到五劫境（帝君级极限绝学创造者），到六劫境需耗费很多（六劫境一般也是这些妖孽一生极限）。三十万方为成五劫境后宝物极限，需谨慎为冲刺六劫境准备（八劫境秘宝最低十五万方还买不到，异宝小宇宙标价五十万方买不起）。孟川纯粹元神劫境实力依旧四劫境。江州城大雪纷飞，孟大江、柳夜白躺椅上盖毛毯喝温酒闲聊（江州城人口增多拥挤，天下太平孟川坐镇无法掀起内部战争），白念云看书。孟川走来，一家人闲聊（府城县城重建，人口朝大城迁移，沧元界将迎来最繁荣期）。孟川提出让父亲和岳父沉睡（一瞬千年秘术，孟川在虚空一脉技艺布置阵法轻松），承诺有把握弄来延寿宝物延寿千年（五劫境大能帮弱小者延寿不难，实力越弱延寿越容易）。,孟川宝库额度提升至三十万方，承诺为父亲岳父延寿千年，令其沉睡等延寿。
劫境,帝君圆满的极限绝学,悟道、转折高潮,修炼、高潮、爽点,孟大江、柳夜白、白念云惊喜愿延寿。孟川有把握（延寿到两千年较轻松，给尊者帝君延寿难度高，给劫境延寿更难，宝库延寿宝物最多选一件，成五劫境后可换五六件普通延寿宝物）。一个月后孟大江、柳夜白在一瞬千年秘术阵法中沉睡。白念云一年后也沉睡（孤独难熬，希望醒来看到大江）。孟川更孤独但平静面对，一门心思修行。转眼八年过去（混洞实际五百余年），孟川将无尽刀修炼到天地境圆满，帝君圆满级极限绝学彻底创出，掌握极限速度规则。孟川施展身法达到时间静止（速度达光速跳出时间洪流束缚，外界一切静止，光线静止，可一刹那跨数亿里，但时空阻力大无法长久维持）。孟川感叹真正五劫境能轻易斩杀四劫境时的自己（过去招数威力达五劫境门槛非真正五劫境，真正五劫境需技艺和肉身都提升到相应层次）。五劫境一具真身在家乡堪称杀不死（唯八劫境才能隔着生命世界斩杀），再顶尖势力也正视五劫境大能。,孟川无尽刀达天地境圆满创出帝君圆满级极限绝学，掌握极限速度规则达时间静止，真正媲美五劫境。
劫境,孟川赶路,伏笔深化、环境铺陈,伏笔、设定,孟川在混洞金盘区域吞吸一百五十方域外元晶，丹田真元和肉身提升到原初帝君圆满阶段（差一丝丝肉身圆满，一方域外元晶可弥补）。自创帝君级极限绝学者肉身圆满轻松（绝学最完美为根基修炼肉身必圆满必跨劫境）。孟川计划原初帝君阶段回家乡炼化足够原初之石再跨肉身劫境。孟川感应到两条因果线连接万角河系方向（庞明前辈家乡，成劫境后收庞明界尊者为徒的因果，影响越来越大，对天地境圆满后黑暗中摸索的云雾龙蛇身法干扰尤甚）。孟川告知在混洞旁陨石洞府修行的青古尊者自己已成劫境（二十余年外界，孟川实际千年），青古尊者本能恐惧（生命层次差距太大，原初帝君圆满媲美五劫境）。孟川收青古尊者入洞天。孟川以掌握极限速度规则的五劫境层次赶路，进入时空长河（体型巍峨，双眸比太阳太阴大千万倍，一步跨无比遥远，约一个时辰跨过十一座河系抵达万角河系）。,孟川肉身近圆满，感应庞明界因果，收青古尊者，以五劫境层次行走时空长河抵达万角河系。
劫境,收徒,人物引入、核心伏笔,人物、伏笔,孟川锁定两条因果线，先前往离自己近些的太阴星辰。太阴星辰上一座阵法笼罩洞府中，高方等七位尊者探索劫境洞府，灰袍女尊者葵婆被刀刃流光绞杀。高方（庞明界尊者，统一天下建大玄王朝六百余年，得庞明祖师三劫境长枪，将五门枪法绝学修至洞天圆满，域外挣扎三百年最大资源仍是庞明祖师赐予的长枪）等继续前进，青发女子探查阵法触及隐藏节点，巨大手掌笼罩虚空禁锢众人。孟川在盏茶前抵达观看高方心性，等其陷入绝境方出手，画卷世界降临笼罩洞府，巨大手掌支离破碎，洞府遗迹缩小收入掌心（三劫境或四劫境大能洞府）。孟川将高方带入虚幻世界，询问其来自庞明界，高方惊恐（庞明祖师有死敌须隐藏身份二十万年）。孟川声明欠庞明祖师人情特来收徒。高方猛跪拜师。,孟川在庞明界太阴星辰救下高方等尊者，收高方为徒了结庞明因果。
劫境,赵红袖,人物引入、伏笔埋设,人物、伏笔,高方拜师后虚幻世界溃散，孟川收高方入洞天离去，留下的六名尊者羡慕嫉妒继续在太阴星辰寻找。孟川抵达庞明界（直径约三万里，有时空规则约束无法进入），放出高方。孟川询问庞明界另一位尊者，高方禀报为赵红袖（女尊者，杀手出身，叛出杀手组织致其覆灭，最恨贪官污吏，以家传赵氏箭术自创洞天圆满箭术绝学，修行三百余年已不亚于高方，交手三次从未被杀）。孟川对弓箭手有好感（妻子柳七月用弓箭），命高方回庞明界请赵红袖。高方犹豫（赵红袖甘心平静生活隐居），孟川令其尽力。高方飞至赵府（十余里城中之城，赵家嫡系仅十余人），赵红袖盘膝梅花树下。高方告知遇到劫境大能愿收徒，赵红袖展颜一笑求之不得（红尘无眷恋，更想修行大成就）。,孟川命高方回庞明界请赵红袖，赵红袖欣然愿拜师，孟川收二弟子了结因果。
劫境,回到家乡,环境铺陈、伏笔深化,伏笔、设定,赵红袖拜师，孟川自称东宁，高方师兄赵红袖师妹，带二人去神女河域三湾河系（非常遥远，将来最多送回一次）。孟川以掌握极限速度规则的五劫境层次赶路（五劫境中赶路最快，媲美六劫境），离开天峰河系第三天抵达神女河域（数十亿年前一位八劫境女性大能曾降临传法讲道，沧元祖师追查未查出身份）。小半个时辰抵达三湾河系沧元界，孟川分出元神分身携带高方、赵红袖、青古尊者及宝物离开，真身飞入沧元界。域外真身与家乡真身在天地大殿碰面。孟川选适合劫境秘宝发挥更强实力（三十万方额度），先炼化原初之石提升原初帝君肉身。孟川元神分身携宝物赶到三湾河系千山星（六劫境大能建造的域外驻地，沧元祖师发现隐藏十余座不错驻地之一，时间一脉阵法适合孟川），以元神世界探查找到隐藏星辰（直径三百九十万里，群山座座城池壮阔），两天破解阵法。孟川回到三湾河系半年后，雪玉宫主带碧蟾、鹏皇等九名劫境大能离开三湾河系。孟川感应到鹏皇超快速移动（雪玉宫主带着赶路）。,孟川带二徒回三湾河系，域外真身与家乡真身碰面，破解千山星阵法为域外老巢，雪玉宫主带鹏皇等离开三湾河系。
劫境,第五次元神之劫,悟道、转折高潮,修炼、高潮、爽点,孟川判断雪玉宫主带鹏皇赶路（鹏皇天赋赶路一年回三湾河系，如今快十余倍），等元神五劫境才动手。孟川继续炼化改造千山星阵法（也是修行）。回到家乡一年半，在混洞深处感应到第五次元神之劫一息后降临，以时间静止飞出混洞，躲入囚魔牢狱。八十年中度过肉身前三劫（每年一次，对实力帮助不足一成）。第五次元神之劫降临（比肉身之劫更考验心灵，劫境大能六劫境中十个七八个肉身劫境）。孟川以世界秘宝（元神劫境独有，令元神世界更真实威力提升数倍，炼制代价三千多方域外元晶）抵挡。元神之劫令孟川意识进入虚无中（看不到听不到感受不到规则，仿佛一百万年一亿年或更久，无尽孤独折磨），孟川不断回忆生命中的感动（父亲母亲妻子等），熬过漫长虚无。孟川疲惫不堪度过第五次元神之劫成元神五劫境，寿命增至十一万年。秦五震惊。孟川在千山星以八首吞星蛇尸体血肉孕养斩妖刀至五劫境层次（比一般六劫境秘宝威力大些）。孟川出发去找鹏皇。,孟川度过第五次元神之劫成元神五劫境（虚无中无尽孤独折磨），斩妖刀达五劫境层次，出发追鹏皇。
劫境,追踪鹏皇,环境铺陈、伏笔埋设,伏笔、设定,孟川留元神分身坐镇千山星，令高方、赵红袖、青古尊者不得离开。孟川域外真身装备：肉身、元神秘宝、七劫境秘宝十三寰宇珠（沧元祖师宝库中最适合，融合时间空间奥妙，三千二百方域外元晶）、血刃盘等数件六劫境秘宝、七劫境黑暗孔雀血肉、数千方域外元晶、虚空挪移符等（战死损失约两万方，但保命能力属五劫境佼佼者）。孟川进入时空长河直奔雪玉宫，发现空无一物（雪玉宫主带洞府离开）。孟川循因果感应锁定鹏皇在虞方河系。虞方河系寂静虚空中，雪玉宫主（浅蓝衣袍，浅蓝秘纹，额头触角，三湾河系最强者）与驼背老者黑风老魔（灰色眸子，黑雾弥漫，虞方河系五劫境）各持一半令牌等待洞府显现。修罗界五劫境闼古（瘦小男子，血色异兽虚影，高等世界修罗一脉肉身体系排前几）出现，三方暂时共存。大半个月后扭曲虚空显现青色大门，三人进入。大半年后孟川追踪因果抵达，以元神世界发现藏匿的扭曲虚空和青色大门。,孟川追踪鹏皇因果至虞方河系，发现雪玉宫主、黑风老魔、闼古三方进入苍刑洞府，孟川发现青色大门。
劫境,初探洞府,设定展开、伏笔埋设,伏笔、设定,"孟川感应青色大门存在很久（至少千万年，建造者应已死）。孟川分出元神分身先进入，真身随后飞入（大门关闭）。大门背后是约百万里大暗红色巢穴，入口碑石刻字""走到尽头者，为最终胜者""（字蕴含意志压迫极强，疑似和沧元祖师同一层次的存在）。孟川以元神世界虚影笼罩前进，前期危险无威胁摧枯拉朽。鹏皇在巢穴内小心翼翼前进（按宫主吩咐前进越深好处越大），踏血色锁链过黑雾空洞（元神分身试飞被黑雾吞噬，踏上锁链有无形力量影响），艰难走到另一端获黑色莲子（表面金色符纹，劫运莲子）。雪玉宫主踏万里岩浆湖前进。孟川在祭坛遇到主动放弃的二劫境异族强者（雪白翅膀），生命层次差距令其恐惧。",孟川进入苍刑洞府（暗红色巢穴，碑石压迫疑似七劫境大能建造），鹏皇获劫运莲子，孟川摧枯拉朽前进。
劫境,鹏皇的收获,战斗描写、伏笔深化,伏笔、战斗,孟川问异族强者（想活就说出洞府和探索者情报），异族强者禀报：虞方河系黑风魔主麾下，三方势力（黑风老魔、雪玉宫主、闼古）进入洞府，沿通道前进足够深有望得宝物，遇其他修行者只能一人继续（另一人认输或死），岔道最终合一，洞府最多待一年（已过七个月）。孟川继续前进。黑风老魔被三百二十三根柱石阻挡半个月，从手下二劫境处得知遇到疑似五劫境神秘强者。鹏皇在十丈宽通道与六臂异族三劫境冰侯搏杀（冰侯带五劫境秘宝一件五件四劫境秘宝实力逊色），鹏皇以六劫境秘宝裂空手击杀冰侯（连续断其手臂，冰侯自爆），获近六百方战利品。孟川追踪因果选岔道，离鹏皇越来越近。,孟川从异族强者处得知洞府规则（一年期限、一人继续），鹏皇击杀冰侯获战利品，孟川追踪鹏皇。
劫境,鹏皇和孟川的再相见,战斗描写、转折高潮,战斗、高潮,"孟川在巢穴通道内警惕前进（疑似七劫境大能洞府大意找死），看到通道壁上三十八根惨白锋利牙齿（某生命牙齿，根端插入壁内，蕴含邪异力量，牙齿主人疑五劫境乃至六劫境层次生命，建造洞府将其他生命牙齿融入特别）。孟川以元神世界镇压牙齿穿行。半个时辰后孟川锁定鹏皇在前方。鹏皇在空洞中被昏暗狂风阻挡（四劫境才能穿过，鹏皇三劫境无法通过），放弃后坐在大石上喝酒等待一年期限。孟川元神世界虚影侵袭空洞压制狂风，鹏皇惶恐喊""前辈已放弃""话未说完便失去意识。孟川以时间静止瞬间出现在鹏皇身边，将鹏皇收入囚魔牢狱。鹏皇在囚魔牢狱中恢复清醒（锁链绑缚脊椎渗透体内，肉身元神被封禁，宝物被夺）。孟川显现，鹏皇认出孟川恐惧绝望（妖族世界最强者被人族世界最强者毫无反抗活捉）。孟川说明活捉是为以域外真身为媒介借因果灭杀所有分身（一具域外真身是最好的媒介），今天先杀星诃帝君和玄月娘娘。",孟川以时间静止活捉鹏皇收入囚魔牢狱，鹏皇认出孟川绝望，孟川宣告今日杀星诃玄月。
劫境,星诃帝君和玄月娘娘的结局,矛盾收束、爽点设置,冲突、爽点,孟川活捉鹏皇同一刻，玄月娘娘域外真身在荒芜星辰洞府中被孟川出现面前失去意识。星诃帝君域外真身带手下探索残破遗迹时被孟川出现面前收走。妖界鹏皇宫，星诃、玄月赶来找鹏皇求救，鹏皇告知域外真身也被活捉。鹏皇判断孟川已达五劫境（毫无反抗之力，面对四劫境也能斗一斗）。星诃、玄月绝望。孟川在妖圣通道沧元界一端，活捉星诃、玄月域外真身后对它们施展幻术，并透过因果降临所有分身（元神劫境擅长幻术，元神世界改变意识编制记忆轻而易举）。外界一个时辰，幻境中极漫长，将人族苦难一项项加诸其身。一个时辰后星诃、玄月恢复清醒眼神呆滞心境失守。孟川刀光降临斩杀域外真身并透过因果降临每一处分身，所有分身瞬间彻底湮灭化作飞灰。鹏皇在鹏皇宫目睹二帝化灰。孟川告知鹏皇囚魔牢狱擅长折磨，以雷霆透过锁链折磨鹏皇。孟川继续探索洞府。,孟川以元神世界幻术折磨星诃玄月一个时辰后，借因果刀光斩杀二帝所有分身彻底湮灭，鹏皇被囚魔牢狱折磨。
劫境,巢穴尽头,设定揭示、悬念设置,伏笔、揭示、设定,雪玉宫主在幽深通道中顶着压力前进（气息足以镇死四劫境），鹏皇元神分身向雪玉宫主禀报被孟川活捉囚禁宝物被夺（孟川来自沧元界，域外数十年疑五劫境，疑沧元祖师机缘秘境修行上万年）。雪玉宫主得知孟川一心要杀鹏皇，鹏皇只能靠自己变强。雪玉宫主走到通道尽头来到万里宽广洞穴，看到千里高巨大头颅（两根黑色弯角，一只血色竖瞳，血盆大口五百里长，牙齿如山峰），一条条锁链扎根头颅禁锢汲取力量供应洞府。雪玉宫主被血色竖瞳凝视窒息恐惧数个呼吸才抵抗住（六劫境禁忌生物被禁锢）。人身蛇尾护法神从头颅嘴巴飞出，告知罪孽生物嘴巴是洞府最核心尽头，一年期限所有抵达者进行最终角逐唯一胜利者方能进入。黑风老魔半个月后抵达（三个呼吸抵抗竖瞳），闼古大半个月后抵达（一个呼吸抵抗，早知布局）。孟川在通道中收四劫境高瘦灰袍人宝物后继续前进，也抵达洞穴。四位五劫境齐聚。,雪玉宫主、黑风老魔、闼古、孟川四位五劫境抵达巢穴尽头（六劫境禁忌生物被禁锢供应洞府），将进行最终角逐。
劫境,禁忌生物,设定揭示、伏笔埋设,伏笔、揭示、设定,孟川被血色竖瞳凝视，意志冲击疯狂冰冷带极端恶意，但元神五劫境心灵强大瞬间抵挡。孟川认出禁忌生物（沧元祖师卷宗重点介绍，代表灾难毁灭大罪孽，比纯血龙族凤凰还特别，诞生原因不明数量极稀少，吞吃生命变强，六劫境可吞低等生命世界，七劫境可吞中等生命世界，八劫境可吞高等生命世界，寿命无比漫长身体永久存在意识会腐朽孕育新意识，是所有生命公敌称罪孽生物）。六劫境禁忌生物是不死之身（命核藏匿，身体湮灭迅速恢复，除非找到命核）。三位五劫境吃惊孟川未受竖瞳影响（闼古猜元神五劫境）。闼古（修罗界）、黑风老魔（虞方河系）自我介绍示善意，雪玉宫主冷脸。人身蛇尾护法神宣布四位角逐最终胜利者，遵循规矩失败者也有赏赐。四颗石头（两暗红两淡白）分组：孟川与黑风老魔同组（淡白），雪玉宫主与闼古同组（暗红）。雪玉宫主与闼古先交手。孟川在禁忌生物头颅旁观战，感受其气息与寂灭之刀相似，参悟寂灭之刀朝天地境圆满推进。,孟川认出六劫境禁忌生物（罪孽生物吞吃生命变强不死之身），四名五劫境抽签分组角逐，孟川受禁忌生物气息触动参悟寂灭之刀。
劫境,寂灭之刀,悟道、战斗描写,修炼、战斗、爽点,同一时刻三湾河系混洞深处，孟川元神分身受禁忌生物触动参悟混洞运转（寂灭之刀源头是混洞，吞吸一切毁灭一切令一切归于黑暗），半个时辰寂灭之刀彻底功成天地境圆满（诸相合力便为寂灭）。孟川以雷霆星辰子施展寂灭之刀：化作黑色光，擦过之处彻底湮灭，拥有混洞部分寂灭之威，超越大破灭超越太阳神火，破坏力五劫境绝学最顶尖行列（弥补无尽刀纯粹破坏力不足的弱点）。孟川拥有两门五劫境绝学（无尽刀纯粹时间一脉，寂灭之刀兼有时间空间），但结合离六劫境还差远（一般需悟出三种五劫境规则大概率融合六劫境，运气极好两种纯粹时间纯粹虚空契合度极高可能融合）。虞方河系洞府内仅过去数个呼吸，孟川寂灭之刀天地境圆满。阵法内雪玉宫主与闼古交手（闼古黑刀血色刀光，雪玉宫主金色手套冰层掌法），雪玉宫主寒冰一脉外还掌握虚空一脉五劫境绝学（藏得深），一掌刺入闼古胸膛撕裂躯体，闼古化为血液逃窜被雪玉宫主如影随形一次次摧毁。闼古认输。孟川与黑风老魔交手。,孟川寂灭之刀突破天地境圆满（诸相合力为寂灭，黑色光湮灭一切），雪玉宫主击败闼古（暗藏虚空一脉五劫境绝学），孟川与黑风老魔交手。
劫境,黑风老魔,战斗描写、爽点设置,战斗、爽点,黑风老魔谨慎（曾四劫境同层次无敌因狂妄栽大跟头，如今与各方为善），三万余年修行积累深厚但天赋不及雪玉宫主（雪玉掌握两种五劫境规则）。孟川展开画卷世界（世界秘宝为载体）笼罩阵法，黑风老魔判定孟川为元神五劫境。黑风老魔化作残影杀向孟川，孟川欲跳出时间点但近距离受五劫境影响无法达到（只能维持五十倍时间流速优势，五劫境同层次数倍优势就不错）。黑风老魔瞬间扑空，孟川闪避数千里外。黑风老魔化为汹涌黑风充斥阵法（可大可小），长出一条条手臂握兵器围攻孟川。孟川先以无尽刀血刃达光速配合五十倍时间流速试验，但单纯极限速度规则威力欠缺伤不到黑风老魔。孟川拿出真正手段：血刃化作黑色光（寂灭之刀），配合五十倍时间流速。黑风老魔兵器抵挡黑色光被震飞（威力太可怕），黑色光擦过黑风令黑风消失。黑风老魔汇聚原模样八臂握八种兵器防护，但五十倍时间流速下黑光太快，兵器接连抛飞，黑色光贯穿身体。黑风老魔认输（寂灭之刀配合五十倍时间流速质变碾压，孟川是最大克星）。,孟川以寂灭之刀配合五十倍时间流速击败黑风老魔，黑风老魔认输，孟川将战雪玉宫主。
劫境,孟川和雪玉宫主,战斗描写、转折高潮,战斗、高潮,"孟川与雪玉宫主对阵。雪玉宫主寒冰领域抵抗画卷世界残余压迫，从鹏皇口中了解孟川以为只是新晋五劫境，发现孟川掌握两种五劫境规则。孟川维持三十倍时间流速优势（雪玉宫主对时空影响更大），雪玉宫主在元神世界压制下仍能瞬间出现阵法任何一处（虚空手段厉害）。孟川三十六柄血刃化作黑色光围攻，雪玉宫主硬抗一刀试试威力（寒冰层含过亿计微小虚空，衣袍承受冲击未伤）。雪玉宫主身法鬼魅三十六柄血刃最多同时攻击到柄。雪玉宫主施展杀手锏""绝对寒冷配合虚空领地""冻结一切令静止（孟川元神世界以世界秘宝抵挡大半威力），直逼孟川欲一记手刀刺穿头颅。孟川不躲，黑色魔锥飞出轰中雪玉宫主（魔锥禁术，三成元神本源凝练，肉身阻挡元神攻击但劫境圆满肉身有阻挡之效，元神劫境针对此用心钻研意志冲击）。魔锥粉碎雪玉宫主意志意识，雪玉宫主只觉脑袋嗡嗡实力十成发挥三成。孟川元神五劫境元神不灭特性明显，魔锥碎了又凝聚（元神星辰法门恢复性配合魔锥威力），连续轰击。闼古、黑风老魔惊愕（元神劫境心灵攻击，有肉身阻挡都抵挡不住东宁意志冲击）。",孟川与雪玉宫主交手，雪玉宫主施展杀手锏近身，孟川以魔锥禁术意志冲击压制雪玉宫主实力发挥三成。
劫境,孟川的年龄,转折高潮、设定揭示,揭示、设定、高潮,孟川心灵意志在元神五劫境中算佼佼者，意志冲击威力大更多归功元神八劫境传承元神星辰法门和魔锥秘术配合（魔锥碎了又凝聚不间断狂攻，仅魔锥需盏茶恢复，仅元神星辰法门攻击威力欠缺）。雪玉宫主意志被压制（心灵意志弱，成六劫境希望渺茫），疯狂中欲出最后招数。孟川一边魔锥轰击一边三十六柄黑色光围攻，雪玉宫主身法闪烁。雪玉宫主左手甩出八颗寒冰珠（七劫境秘宝，蕴含时间空间寒冰奥妙，付出大代价得到），虚空冻结影响时空令孟川时间流速降至八倍。十八柄血刃拦截六颗，两颗寒冰珠砸中孟川。孟川以六劫境护身衣袍和肉身硬抗，完全承受冲击未吐血（肉身五劫境且防御极强）。雪玉宫主惊愕（肉身元神兼修）。黑色光轰击雪玉宫主身体出现贯穿伤口血肉消失近半。雪玉宫主认输。闼古、黑风老魔惊呆（孟川远攻未近战，若拔刀近战搏杀雪玉宫主输更快，肉身元神兼修两方面都达五劫境极罕见，实际孟川肉身仅四劫境但成帝君圆满时肉身便是五劫境战力）。孟川为最终胜利者。闼古告知洞府为苍刑前辈所建。孟川随护法神飞入禁忌生物血盆大口。密室中古镜照出孟川年龄仅一千五百八十七年，护法神震惊（五劫境怎么可能这么年轻）。,孟川硬抗七劫境秘宝寒冰珠击伤雪玉宫主获胜，进入密室古镜照出年龄一千五百八十七年令护法神震惊。
劫境,《虚空图录》,装备获取、核心伏笔,伏笔、奖励,护法神追问孟川如何千余年成五劫境（转世者？宇宙奇观生物？帝君极限绝学创造者？与永恒存在有关？任何一种都是时空长河传说）。孟川仅答悟性高了些。护法神告知洞府主人苍刑（低等世界出身，成四劫境时家乡被禁忌生物吞食世界灭绝，成就七劫境后大限前设诸多洞府留宝物，唯一要求：杀禁忌生物）。孟川天赋卓绝可获第二等宝物，条件：六劫境时杀三头六劫境禁忌生物，七劫境时杀一头七劫境禁忌生物（不杀够就渡劫成七劫境即违背承诺因果加身影响渡劫，七劫境时不杀七劫境禁忌生物仅老死时算违背此时因果无影响，针对有望冲击八劫境者）。孟川要求对修炼虚空一脉有帮助的宝物。护法神介绍《虚空图录》（时空长河最珍贵虚空典籍，分三卷，永恒存在所创，八劫境大能观看后唏嘘惊叹公认虚空一脉第一典籍，每卷阅读一次自然化灰烬需悟出完整空间大道者在珍贵材料上书写，永恒楼收藏有些会补充，六劫境大能阅读一次需三十万方代价外人无资格翻阅）。赠初阶永恒令可去任何河域永恒楼总部选取一卷阅读（若永恒楼换不到则承诺不算数令牌白送）。孟川答应（云雾龙蛇身法越来越艰难，雷霆界艰涩难懂，击杀禁忌生物换虚空图录很值）。,苍刑前辈（七劫境）要求孟川六劫境杀三头六劫境禁忌生物、七劫境杀一头七劫境禁忌生物，赠初阶永恒令可换《虚空图录》一卷，孟川答应。
劫境,苍盟？,装备获取、设定揭示,奖励、揭示、设定,"护法神赠初阶永恒令（巴掌大灰色小剑，原初之石材质无炼制痕迹，蕴含超然浩瀚气息，凡人仰望星空感，整个时空长河无人能伪造，价值超三十万方域外元晶，在永恒楼可换许多宝物不一定换虚空图录）。孟川出密室。护法神赠四位五劫境各一块苍盟令牌（金色令牌，表面符纹刻""苍""字，仅初次炼化有用转给他人无用）。闼古、黑风老魔、雪玉宫主激动接受。闼古解释苍盟是松散联盟无任何束缚反而有大好处（炼化令牌在宇宙奇珍留元神印记可瞬间联系苍盟其他成员，无论距离多遥远都能随时交流，永恒楼类似手段需六劫境才有资格）。苍刑前辈曾得宇宙奇珍（最多承受一千个元神印记），留此手段为更好联系追杀禁忌生物（击杀禁忌生物越强越多好处越多，最低五劫境层次）。孟川炼化令牌，元神触摸苍盟空间留下烙印。孟川感应到七百九十五个印记（七百八十六位五劫境、八位六劫境、一位七劫境），震撼苍盟内有七劫境大能。护法神将所有人挪移出洞府，洞府隐匿消失。",孟川获初阶永恒令和苍盟令牌，炼化后成为苍盟成员（七百九十五位成员含一位七劫境），可瞬间联系苍盟成员。
劫境,邀请（本集终章）,人物引入、伏笔埋设,人物、伏笔,四位五劫及手下被挪移至入口虚空。闼古邀请众人进入苍盟空间（时空长河任何一处都能感应，成员可凝练虚幻化身无力量，闲散石凳千余个）。闼古好友紫瑶（紫袍女子，碧绿长发，耳朵尖尖，魅力动人）现身，搜集了苍盟所有成员情报，对苍盟内部免费赠送。孟川等人一个呼吸记下所有情报（基础情报非太紧要）。众人各送去一份自身情报（孟川描述：东宁城主，家乡三湾河系，肉身元神兼修，五劫境，擅长……域外公开真名较少用代称）。紫瑶透露特殊情报：苍盟八位六劫境中两位容易邀请——冰魄之主（冰魄界主人性子冰冷孤傲须立即说正事）和火龙老祖（时空长河龙族十二祖地长老之一，龙族这时代无七劫境但历史上诞生过八劫境有镇族力量，除非七劫境实力否则别招惹龙族）。六劫境中最强名刀剑客（好酒须时空长河顶尖罕见好酒，一只脚迈进七劫境肉身未提升到七劫境未渡劫，已有七劫境部分实力龙族也敬畏三分）。苍盟唯一七劫境大佬令众人热血沸腾。孟川越了解越钦佩沧元祖师（从低等世界走出成七劫境）。雪玉宫主率先离去。黑风老魔邀请孟川加入阴影之地（时空长河前十势力成员团结），孟川婉拒。闼古邀请孟川加入永恒楼（时空长河前三势力开门做生意松散），孟川当即答应（沧元祖师当初就是永恒楼成员，早已决定加入永恒楼）。（本集终）,孟川在苍盟空间认识紫瑶获全体成员情报，了解苍盟六劫境和七劫境大佬，婉拒阴影之地选择加入永恒楼（沧元祖师当初也是永恒楼成员）。
东宁城,赤蛇星主,人物引入、设定展开,人物、设定,孟川拒绝黑风老魔劝其加入阴影之地，选择加入永恒楼。黑风老魔（虞方河系）返回老巢后出卖孟川、闼古、雪玉宫主情报给阴影之地（孟川肉身元神皆五劫境掌握两种五劫境规则卖两百贡献，若知孟川才修行千余年情报价值翻十倍）。孟川与闼古赶往赤蛇星（永恒楼神女河域总部，河域级总部）。闼古介绍赤蛇星主：六劫境大能，修行九万余年，永恒楼执事，特殊生命赤蛇一族当代族长，整个时空长河赤蛇以它为尊，神女河域数一数二。赤蛇一族成年体媲美三劫境，和黑暗孔雀等族相当，当代仅一位六劫境，五劫境约八十余位（赤蛇星三十三位），赤蛇星为整个时空长河赤蛇一族最大老巢。赤蛇星千万里直径暗红色，尘雾中火红大蛇游走，阵法固若金汤七劫境以下威胁不了。赤九辛（红袍光头男子，神女河域总部事务负责人）迎接，告知时空长河总部已同意孟川加入，赤蛇星主长期闭关冲击七劫境不打扰。,孟川选择加入永恒楼，黑风老魔出卖情报，抵达赤蛇星了解赤蛇星主与赤蛇一族格局。
东宁城,永恒之眼,设定展开、核心伏笔,伏笔、设定,"永恒楼河域级总部高九万丈，为堡垒要塞可与时空长河总部稳定时空传送（传送强者物品瞬间完成）。孟川在第八层八边形厅（三十丈范围三百丈高，墙壁雕刻符纹）阅读金色书册九十九条法规（沧元祖师曾为永恒楼高层，法规核心为公平做生意）。永恒楼遍布除十九座河域外所有河域。赤九辛激发阵法，厅最高处出现""永恒之眼""（金色瞳孔巨眼，永恒楼真正掌管者，寿命永恒以亿年为单位，沧元祖师当做七劫境看待，可观察每一座河域级总部）。永恒之眼称孟川""年轻的五劫境""（一眼看透年龄），期待沧元界再出一位七劫境。孟川承诺遵守九十九条法规，金色丝线凝聚成令牌（东宁二字，借孟川气息凝练可联系河域级总部）。令牌信息：普通成员东宁城主孟川，家乡神女河域三湾河系沧元界，实力五劫境，贡献零。永恒楼内部成员按实力分权限（五劫境/六劫境/七劫境），或按贡献换宝物：初阶永恒令三十万贡献、中阶一百万、高三百万（最贵重），初阶永恒令可转卖外界客人（外界客人购绝顶奇珍之法）。孟川查探发现《虚空图录》（时空长河虚空一脉排名第一绝学，疑似永恒层次所传，共三卷各述虚空不同方面），单独一卷需三十万贡献或初阶永恒令换取（六劫境及以上三十万方域外元晶），须立即阅读不得带出。孟川取出初阶永恒令，要求购买《虚空图录》卷三。",孟川在永恒之眼见证下加入永恒楼，以初阶永恒令购买《虚空图录》卷三。
东宁城,扫清三湾河系,悟道、转折高潮,修炼、高潮、爽点,"河域级总部器灵（秉持绝对公平防中饱私囊）验证初阶永恒令，传送《虚空图录》卷三（半人大小一尺多厚黑色书籍散发黑雾虚空扭曲）。孟川翻阅，文字图画飞入眼中（共两百零九页），读毕书籍化飞灰。孟川盘膝参悟，《虚空图录》卷三述空间""域""这一脉，每一句话蕴含大智慧引起诸多衍生念头，自然延伸到雷霆大地风火等规则。仅前八句话盘膝参悟三个多时辰，便令《云雾龙蛇身法》从天地境圆满蜕变跨入更高一层（突破至四劫境层次），虚空领域威力提升清晰感受。孟川激动兴奋，感悟一句蕴含通行大道可多方指引。孟川决定回三湾河系建永恒楼分部。赤九辛提醒须先扫清三湾河系大型劫掠势力（永恒楼调查约一年给名单），闼古解释劫掠赚取宝物太容易很多河系有强者藏匿喜劫掠，黑魔殿纯粹为劫掠诞生的顶尖势力，阴影之地祖巫界等顶尖势力不禁止内部成员劫掠。孟川有信心扫清。",孟川参悟《虚空图录》卷三前八句令云雾龙蛇身法突破，决定回三湾河系建永恒楼分部须先扫清劫掠势力。
东宁城,潜修,悟道、人物心理,修炼、情感、爽点,孟川提交建分部申请（三湾河系千山星东宁城，千山星为六劫境大能遗留修行洞府）。赤九辛闼古赞叹千山星足够安全能吸引劫境建驻点。永恒楼调查约一年（河系浩瀚光速飞数万年，只能查有名气劫掠势力）。孟川当天回千山星，指点徒弟赵红袖（箭术藏于虚空夹层为隐蔽，孟川指出虚空夹层仅偏僻分支应走最宽阔大道循本心选最适合的大道），赵红袖触动（杀手出身箭术不知不觉往刺杀发展路走窄了）。孟川在楼阁顶楼喝果酒参悟《虚空图录》卷三（果酒令元神空灵活泼提升参悟效率），暂放缓无尽刀寂灭刀参悟（悟出虚空一脉五劫境规则最紧要，三种规则融合有望形成更高层次规则）。修行路终极为追求时空规则（一切衍生规则源头，风火雷电混洞原初星皆为时空衍生）。孟川参悟中不停有灵光，对图录创造者生崇拜之心（一道生万道，比八劫境传承《元神星辰》收获还多）。完整空间之道为六劫境层次最强道路甚至能勉强和七劫境斗，一卷就让孟川觉得比八劫境传承强得多，难怪被认为疑似永恒存在所创。孟川偶尔派元神分身去混洞演练招数（混洞对时空影响大），妻子父母最多沉睡千年需节省时间，沉睡前需达六劫境（沧元祖师宝库收获更多地位更高对家人帮助更大）。孟川在苍盟空间结识百余名成员（黑风老魔等喜交友者认识更多）。,孟川指点赵红袖走出箭术死胡同，潜心参悟虚空图录卷三，在苍盟空间结识成员。
东宁城,劫掠势力,人物引入、矛盾展现,人物、冲突,苍盟空间内孟川结识伏遂（矮胖如球白皙，喜冒险探寻遗迹域外真身死三十七次，掌握两种五劫境规则肉身较弱整体五劫境普通水准，苍盟探寻遗迹经验最丰富各方愿结交）、骨从山主（中等生命世界白骨生命，披衣袍的白骨）、紫瑶等。伏遂喜冒险因探寻遗迹身死多次较穷。伏遂单独留下黑风老魔，邀请同探六欲河域一座特殊遗迹（伏遂初探死两次需同伴，黑风老魔修行手段适合闯）。黑风老魔思忖伏遂实力不亚于自己、名声好、遗迹特殊值得试，同意立即出发。三湾河系域外虚空中，黑袍老者波岚洞主（双眸黑色纹路喜杀尊者享受彻底灭杀快感）以黑色波纹领域困住两名帝君，帝君愿献所有宝物求饶尊者性命。波岚洞主喜彻底灭杀尊者（帝君有另一真身杀了能修炼回来，尊者杀了彻底灭杀），拒绝给尊者活路。两名帝君绝望自爆毁宝物，波岚洞主灭杀两名帝君和洞天内二十三名尊者（帝君分身在家乡存活，尊者彻底死）。波岚洞主回太阴星辰洞府，红袍男子红鸲洞主（波岚同族，族群最强者，黑魔殿成员，四劫境）告知三湾河系多了一位五劫境东宁城主，从今天起收敛些。,伏遂邀黑风老魔探六欲河域遗迹；波岚洞主劫掠灭杀帝君尊者，红鸲洞主告知东宁城主消息令其收敛。
东宁城,东宁城主的名单,情节推进、设定展开,设定,红鸲洞主向波岚解释东宁城主已加入永恒楼若建分部必扫清劫掠势力。红鸲洞主为四劫境黑魔殿成员，东宁城主翻手可灭。红鸲洞主寄望雪玉宫主（三湾河系原唯一五劫境，孤傲不容触犯威严）不容东宁城主掌控交易。红鸲洞主叮嘱波岚千万别靠近千山星（三湾河系历史上数百位六劫境大概位置已知）。三湾河系出一位新五劫境肉身元神兼修的消息传至黄衣书院成员（银发魁梧老者，四劫境隐居修行盼突破五劫境）等少数四劫境。永恒楼消息传递慢，四劫境以上才能加入顶尖势力（黑魔殿黄衣书院等普遍入门五劫境最低四劫境）。千山星孟川收到永恒楼令牌传来的劫掠势力名单（等了十一个月），共十八方势力（七方劫境层次万年杀最少三百最多五千，十一方帝君级），不少有背景或特殊生命族群。孟川决定动手，六尊黑袍白发元神分身各携六劫境秘宝兵器（新购六件约两千三百方攻守兼备攻击性比血刃盘强，血刃盘以护身遁逃为主攻击欠缺）同时行动。元神分身直奔红鸲洞主洞府（永恒楼借因果锁定位置，拖延则目标可能逃）。,孟川收到永恒楼十八方劫掠势力名单，派六尊元神分身各携六劫境秘宝同时行动扫清。
东宁城,红鸲洞主,战斗描写、爽点设置,战斗、爽点,孟川元神分身以元神世界虚影（世界秘宝承载，附星辰波动秘术源自八劫境传承《元神星辰》）笼罩红鸲洞主洞府，帝君们无声倒下，波岚洞主失去意识，仅四劫境红鸲洞主靠护身宝物勉强保持清醒（实力难维持一两分）。红鸲洞主认出东宁城主（黑魔殿情报有影像），愿带手下乖乖离开三湾河系求不必亲自出手。孟川淡然称专门来送劫掠者，一拂袖令帝君们化作齑粉并隔因果遥杀分身（红鸲洞主同族后辈全部真身分身尽灭）。红鸲洞主愿臣服求饶波岚，孟川以寂灭刀五劫境规则杀招（黑色流光）灭杀波岚洞主两具真身（隔空因果杀，一成多威力足灭四劫境另一真身）。红鸲洞主以虚空挪移符逃至贝游河系（虚空挪移符为普通劫境保命至宝，力量固定实力越强跨越越小，四劫境跨越算很远）。孟川凭因果锁定红鸲洞主位置（斩杀同族帝君和波岚后因果大增），赞叹虚空挪移符厉害。红鸲洞主决定去贝游河系安昉老祖（五劫境黑魔殿成员有交情）处托庇，估计三天抵达。红鸲洞主时空长河赶路一个多时辰后放松（以为东宁城主舍不得虚空挪移符没追来），惊愕看到巍峨巨大身影走来。,孟川元神分身灭杀波岚洞主两具真身和红鸲洞主同族帝君，红鸲洞主以虚空挪移符逃至贝游河系仍被孟川追上。
东宁城,扫清,战斗描写、爽点设置,战斗、爽点,孟川不舍得用虚空挪移符（沧元祖师宝库限量），但凭极限速度规则赶路接近六劫境（大半天横跨一座河域，一个多时辰三湾到贝游）。红鸲洞主本能回归正常虚空，孟川跟随回归。红鸲洞主求饶未及开口，孟川以时间静止（一缕缕闪电周围一切静止），黑色光落红鸲洞主化齑粉。遥远河域红鸲洞主另一真身（执行黑魔殿任务仅千方宝物）呆坐，家乡真身携多年积累大半宝物尽失，恨孟川入骨（以为孟川用虚空挪移符追来，实为极限速度赶路）。孟川收红鸲洞主战利品（价值六千多方，四劫境如此富因黑魔殿成员同层次较富有），心情颇好（多一仇敌，等六劫境可隔因果杀四劫境）。孟川时间静止有缺陷（五劫境领域、生命层次、强者交手能量干扰），但能保持大幅度时间加速。孟川六尊元神分身分别扫清：两名三劫境（有生命世界庇护无法彻底灭杀，灭域外真身隔因果袭另一真身被抵抗，对方查来历）；四劫境异族逃到山炀河系仍被孟川追杀以时间静止斩杀（特殊生命四劫境另一真身送远河域难彻底灭杀）。六尊分身三个时辰全完成任务回归。孟川手段狠辣（沧元界成长经历令对劫掠屠戮者杀意重），能彻底灭杀的隔因果彻底斩杀，逃到其他河系依旧追杀。,孟川以时间静止灭杀红鸲洞主家乡真身和逃至山炀河系的四劫境异族，六尊元神分身三个时辰扫清十八方势力。
东宁城,三湾河系的震动,氛围营造、情节推进,设定,孟川追杀劫掠势力惊动三湾河系众劫境。安星盟（三湾河系约三成劫境共二十八位加入的隐秘交易联盟，各派元神分身驻荒芜星辰交流）等十余组织紧急讨论：六位劫境彻底死、许多劫境损失一具真身、超五十名帝君彻底死。凶手黑袍白发人专杀劫掠势力，安然修行的劫境未遭追杀。劫境们心情复杂（不希望公开安全交易之地，五劫境出面建永恒楼分部后帝君尊者不再找他们交易，剥削交易网络好处尽失）。雪玉宫主声明不插手东宁城主之事（众劫境惊诧雪玉宫主容忍）。众劫境讨论剩蛇魔星（三湾河系最强劫掠势力来头极大），东宁城主可能谈判让蛇魔星迁移。雪玉宫主推断孟川派多尊元神分身同时动手，仅剩蛇魔星，双方谈判蛇魔星应给面子（外界查到东宁城主仅简略情报，肉身元神兼修、两种五劫境规则、苍盟成员等重要情报需付出代价）。孟川真身在千山星高楼，十七股势力解决仅剩蛇魔星，须真身出面（雪玉宫主之前没掌控三湾河系最大因素就是蛇魔星）。,三湾河系劫境组织震动讨论东宁城主，雪玉宫主声明不插手，孟川准备真身对付蛇魔星。
东宁城,异宝,设定展开、伏笔埋设,伏笔、设定,孟川了解蛇魔星：八首吞星蛇一族分支，时空洞连接曲云河系，曲云河系景云洞主（五劫境肉身五劫境修行五万余年掌握三种五劫境规则皆空间一脉契合度低未融合六劫境，五劫境中近乎无敌比雪玉宫主强得多），八首吞星蛇一族当代无六劫境（三十多位五劫境分散各地，一位掌握六劫境规则未跨入但距离遥远半年路程）。孟川有底气应对整个族群（以帝君级极限绝学短时间达五劫境，六劫境并不遥远，如今两门五劫境绝学加参悟虚空图录卷三自觉云雾龙蛇身法不久达五劫境，三门规则契合度高）。孟川盘点战利品（红鸲洞主六千多方最富，四劫境三位共九千余方，三劫境十一位五千余方，二劫境五位近千方，名单一百三十九位帝君找到一百二十七位全灭，彻底灭杀六位皆特殊生命劫境有生命世界庇护的二劫境以上无法隔世界灭杀）。斩妖刀（元初山下山时选的兵器多年孕养契合度比血刃盘高，沧元界魔刀喜吞噬血肉煞气会反噬主人，孟川以自己悟出的道为斩妖刀的道，吞噬屠戮天下百万妖王血肉煞气及八首吞星蛇尸体血肉）受莫大吸引飞向一堆杂物，裹挟一块酒杯碎片（手指头大无符纹材质常见却重如大山）。,孟川了解蛇魔星景云洞主实力背景，盘点战利品，斩妖刀受吸引飞向酒杯碎片。
东宁城,愿为城主效命,装备获取、人物引入,人物、奖励,孟川掰下一点酒杯碎片收起（原初领域强行掰下），任斩妖刀吞吸。酒杯碎片爆发血色浪潮（类似家乡煞气但高明不知多少倍能威胁五劫境，完整酒杯恐对六劫境都有威胁），孟川原初肉身阻挡九成九残余冲击元神（肉身元神兼修方能轻松承受，纯肉身五劫境元神遭重创，纯元神五劫境仅余两三成实力）。斩妖刀疯狂吞吸十天半月，色泽变暗红愈发妖异完成兵器本质蜕变（煞气成杀手锏与七劫境秘宝十三寰宇珠截然不同），酒杯碎片煞气尽后湮灭（仅载体）。孟川对碎片来历存疑待查。庞风（三劫境高大竖眼男子谨慎）、钟毓（三劫境娇小女子果断）通过时空长河抵达千山星（历史上找不到千山星如今出现，需虚空造诣才能找到），欲在孟川解决蛇魔星前投靠以获更高地位（若等解决蛇魔星公开建分部来追随者多难重用）。青古尊者（尊者级，孟川手下）传话，两劫境拜见孟川（被眼神心灵压力惊骇，判断为元神五劫境），愿为城主效命。孟川允（建东宁城需劫境手下处理琐事，青古和两徒弟太弱镇不住场）。,斩妖刀吞吸血色浪潮蜕变煞气成杀手锏，庞风钟毓率先来投靠孟川愿为城主效命。
东宁城,降临蛇魔星,矛盾爆发、战斗描写,冲突、战斗,孟川令庞风钟毓找青古按新城池布局重建东宁城。孟川思念妻子七月（当年亲自建江州城外城），耐心等达到六劫境（五劫境六劫境层次宝物有质变，七劫境太遥远），届时让七月爹娘岳父苏醒。十九天后斩妖刀吞吸完毕，密室血色煞气尽酒杯碎片湮灭。斩妖刀暗红色内敛却邪恶凶煞（连孟川都心惊），一刀煞气足够五劫境受，成为杀手锏。蛇魔星千万里范围（八首吞星蛇太大刻意找大星辰迁移），如今看不到任何生命（八首吞星蛇得知东宁城主屠戮劫掠势力吓住，透过时空洞逃回曲云河系，仅留两头四劫境各留一元神分身谈判，连宝物都没携）。蛇魔星宫殿静室内两头四劫境八首吞星蛇（高瘦男女蛇瞳蛇纹）等候大半个月。孟川青衣白发降临蛇魔星上空。两头四劫境传景云洞主话：愿给东宁城主面子，八首吞星蛇分支全部迁移回曲云河系不影响掌控三湾河系，但需补偿域外元晶一万方或等值宝物（数万年在此生存繁衍）。孟川淡漠拒绝：在三湾河系劫掠数万年反要补偿？令交出劫掠的八首吞星蛇从今不得进入三湾河系。四劫境嗤笑（整个时空长河劫掠者无数管不过来，黑魔殿等顶尖势力为劫掠诞生八劫境都灭不了），威胁景云洞主亲自来横扫三湾河系。孟川微微摇头一拂袖，两具元神分身湮灭。,斩妖刀蜕变完成，孟川降临蛇魔星拒绝景云洞主补偿要求灭杀两具四劫境元神分身。
东宁城,孟川战景云洞主！,战斗描写、转折高潮,战斗、高潮,"孟川灭元神分身后更加郑重（景云洞主为域外碰到最强对手）。孟川以时间静止（悟出极限速度规则才能做到，五劫境万中无一）跳出时间点，在蛇魔星布阵近两个时辰（七劫境大阵""阴阳大界阵""布阵材料五千九百方，比千山星阵法相差不远，阵法为沟通时空工具一分力发十分效但威力越大越复杂不能移动）。布阵成功后孟川脸色煞白回正常时间线（坚持近两个时辰是悟出极限速度规则后最长一次），服用青叶造化果（八十方）和滋养元神经果酒恢复。孟川盘膝等景云洞主，元神世界虚影笼罩暗藏阵法。十余息后景云洞主从时空洞飞出（高大魁梧黑色金属皮肤每处皮肤蕴含世界，滔天威压令蛇魔星时空扭曲）。景云洞主轻视孟川元神世界弱（三种规则令时空扭曲虚空臣服，元神世界近处被无形力量阻碍）。孟川重申要求交出劫掠同族。景云洞主大笑（笑声掀起虚空风暴），以""吞星""（嘴巴如幽暗混洞无形吞吸力量隔空作用）攻击。孟川以七劫境秘宝十三寰宇珠（十三颗珠子威势宛如一体自成寰宇阻挡外界力量）和元神世界（世界秘宝承载）倾力施展挡住吞吸。景云洞主暗中施第二杀招：尾巴虚影（十余万里长从虚空深处降临瞬间到面前元神世界被撕裂）。孟川拔斩妖刀维持八倍时间加速施展身法欲避，但尾巴虚影太大避不开。",孟川以时间静止在蛇魔星布阴阳大界阵，景云洞主赶到以吞星和尾巴虚影攻击。
东宁城,蛇魔星上的搏杀,战斗描写、爽点设置,战斗、爽点,"孟川以肉身力量完全爆发持斩妖刀（融合无尽刀和寂灭刀奥妙，两门五劫境规则融合有成果）强行切割尾巴虚影（宛如兵器秘宝敢于硬碰硬，吞噬原初之石后宛如霸下一族力大无穷），黑色刀光上万里强行切开。景云洞主惊讶正面破开（杀招融合三种规则奥妙）。孟川以十三寰宇珠护身抵抗吞星，持斩妖刀直扑景云洞主。景云洞主张嘴怒吼""虚空之吼""（吼声波动扇形波及前方空间完全粉碎，十三寰宇珠被冲击抛散），冲击孟川肉身（震颤每个粒子欲令粉碎）但孟川肉身完好。景云洞主惊讶（前三杀招吞星、尾巴虚影、虚空之吼足以击杀大多数五劫境），显真身（三万余里长八首吞星蛇，八条尾巴如秘宝，八头颅，粗壮双腿，表面蛇鳞有空间流动）。八尾同时瞬移般围攻，孟川选迎一条尾巴倾尽全力一刀（以攻对攻），被反震倒飞连碰两条尾巴踉跄逃出围攻。一刀劈开尾巴表层鳞片肌肉到骨头但势尽，八首吞星蛇瞬间恢复。景云洞主肉身太强（三种空间规则修炼肉身坚固性极高），近战无法重创。但斩妖刀诡异煞气冲击景云洞主心灵意识（八个头颅痛苦低吼，仅一刀煞气无后续供应自然衰弱）。景云洞主疑惑斩妖刀是否异宝。孟川以魔锥秘术（元神禁术魔锥飞入景云洞主体内）令八头颅停滞，持斩妖刀瞬间近身怒劈一头颅（鳞片碎裂血液流出煞气冲入体内）。",孟川与景云洞主真身近战搏杀，斩妖刀煞气和魔锥秘术冲击景云洞主心灵令其无法施展完整杀招。
东宁城,怎么来得及布阵？,战斗描写、转折高潮,战斗、高潮,魔锥每次碎裂但元神星辰法门令孟川瞬间恢复再凝聚，一柄柄魔锥接连轰入景云洞主体内。孟川真身持斩妖刀近距离怒劈，十三寰宇珠疯狂围攻（砸眼睛砸脖颈），令景云洞主皮开肉绽。景云洞主八头颅八尾反扑（欲吞噬绞杀）但招数太简单碰不到孟川。景云洞主表面疯狂实则冷静（当心灵意志磨练机会，攻击仅皮肉伤瞬间恢复，躺那任砍万年都奈何不了他），想施完整杀招若有进步便心灵意志大进。孟川倾尽全力（斩妖刀煞气加魔锥秘术令对方无法施展玄妙招数，但对方心灵修为比雪玉宫主强一截未崩溃仍能操纵肉身反扑），看到伤口瞬间恢复感差距（孟川肉身以极限速度规则为主，寂灭刀时间短未融入肉身，主要修炼虚空图录卷三盼一举融合六劫境规则，未花时间琢磨寂灭刀融入肉身；景云洞主以三种规则修炼肉身太强横）。孟川以元神世界沟通蛇魔星上阴阳大界阵（元神劫境为阵法大师，元神强能掌控复杂阵法，元神世界与阵法融合完美掌控每一丝力量），心念分成上万心念操纵阵法。蛇魔星消失只剩黑白二气（下方黑雾上方白雾），黑白雾气缠上景云洞主八尾八脖双腿躯干，化为黑白锁链束缚。景云洞主激发虚空挪移符欲逃，发现感应范围依旧黑白雾气出不去（虚空挪移符部分六劫境靠自身手段可阻止，固定阵法五劫境都能阻止）。阴阳大界阵为七劫境大阵层次极高，六劫境以下破不了。景云洞主八个头颅难以置信问孟川何时布阵（蛇魔星一直为八首吞星蛇地盘，杀了元神分身立即赶到怎来得及），不知孟川能时间静止（之前对黑风老魔雪玉宫主仅时间加速，斩杀弱小劫境虽用时间静止但对方死前没明白）。,孟川以魔锥斩妖刀令景云洞主无法施完整杀招，激发阴阳大界阵（黑白锁链束缚）困住景云洞主阻止虚空挪移符。
东宁城,景云洞主的抉择,矛盾收束、转折高潮,冲突、高潮,"黑白二气凝聚巨大刀光从天而降（近乎六劫境层次威力）将景云洞主切成两截，但伤口流水般连接（肉身太强数百年刀才能杀死，若有恢复宝物更久）。孟川明白阵法刀光不及近战快但一息三四刀，一道道刀光摧毁破坏景云洞主躯体。景云洞主明白即便有护身宝物数个时辰也耗尽（被黑白锁链束缚无法挣扎闪躲如受酷刑），心疼五万余年积累宝物损失一半。孟川派一尊元神分身穿时空洞赴曲云河系景云星（八首吞星蛇老巢）探查。时空洞内时空景色压缩扭曲叠加荒诞怪异，不足一息穿过。景云星千万里，八首吞星蛇一片慌乱逃窜（得景云洞主命令各施手段逃，幼体懵懂困惑）。孟川元神分身（元神七层）以元神世界虚影降临破景云星阵法（景云洞主元神分身太弱无法催发阵法，其他八首吞星蛇境界低无法施展），三百万里世界虚影加虚空波动笼罩数千万里抓八首吞星蛇。劫境八首吞星蛇仅剩五位（为多带同族没逃掉），帝君三十二位、尊者两百六十三位（尊者级为刚出生八首吞星蛇，景云星为神女河域最大八首吞星蛇巢穴）。景云洞主元神分身求孟川放过同族，提出交易：追随孟川一万年、献三万方宝物、交出在三湾河系劫掠的八首吞星蛇（除两名最强四劫境真身分散遥远河域无法抓），换放过同族和这一具真身（景云洞主五劫境极强活得久积攒宝物庞明数倍，这具真身携近五万方，想保住一件对修行路重要的特殊宝物）。孟川答应（从未想屠戮所有八首吞星蛇，劫掠者只是一部分，景云承诺有望冲击六劫境值得相信）。景云洞主八头颅垂下：""景云，见过城主。""",孟川阵法刀光重创景云洞主，元神分身破景云星抓三百位八首吞星蛇，景云洞主提交易追随万年献三万方换放过同族和真身，孟川答应。
东宁城,名传神女河域,转折高潮、人物心理,情感、高潮,孟川撤阵拆卸阴阳大界阵（布置难差一丝不行拆卸很快）。景云洞主恢复人形，请求同族居住千山星（无法坐镇曲云河系，无他保护数百头八首吞星蛇会招强者掠夺，一头成年体值数百方）。孟川同意划千山星一半区域阵法约束（三百九十万里直径一半足够），但再有劫掠者一样镇杀。景云洞主保证自己斩杀违背规矩者。景云洞主当天带三百五十五头八首吞星蛇到千山星（极少数不愿来各自流浪），五名四劫境带领安置，幼年成年体显真身遨游水域大地翻滚惬意。孟川笑意（千山星热闹不少）。孟川向钟毓庞风介绍景云洞主（平常无需管事，钟毓庞风遇麻烦请景云出面），钟毓庞风激动（外界担心城主惹怒景云洞主，如今景云洞主追随城主传开将惊动整个神女河域）。赤蛇星赤蛇星主（瘦弱干瘪阴冷眼神）从赤九辛金册得知东宁扫清劫掠势力、景云追随、三百多头八首吞星蛇迁移千山星，略惊讶令赤九辛多多关注，准许建永恒楼分部。神女河域五劫境圈子（千位左右）震动：紫发紫眉老者、全身毛发异族五劫境等难以置信景云洞主追随新冒出来的东宁城主，一传十十传百孟川成风云人物（之前加入永恒楼仅知有肉身元神兼修五劫境，如今令景云追随极具震撼性）。,景云洞主率八首吞星蛇居千山星，赤蛇星主准许建分部，景云追随东宁城主消息传遍神女河域孟川成风云人物。
东宁城,悠悠八百年,悟道、伏笔埋设,伏笔、修炼、爽点,岁月悠悠，自孟川建东宁城已过去近百年。东宁城为整个三湾河系交易之地（三四成修行者长期汇聚，公平交易皆大欢喜，路边店铺普通店铺，占地过百里建筑背后主人皆五劫境大能，最高为永恒楼，天黑前必须离开千山星）。秦五在东宁城外高山小楼修行（孟川带来群星楼传承讨论剑道，秦五看到天地境希望来域外修行，有诸多异族切磋感应更浩瀚规则，大几百年寿命有把握大限前达天地境；元神才达六层没多久大限前无望七层；孟川承诺天地境尊者可寻宝物改造为帝君级特殊生命数百方一位，秦五觉得适合自己，不知孟川实则准备为师尊延寿因改造生命会停滞帝君级无望劫境，正常延寿不影响修行但代价更大）。沧元界因孟川降低神魔血池门槛、拿一百方域外元晶换奇珍培养后辈（百年消耗一百方万年一万方，资源从域外买不消耗沧元界）、元神分身公开讲道（五劫境大能时间空间一脉参悟极深），神魔数量大增尊者达十七位（不含远去域外的孟安）。孟川洞府内参悟《虚空图录》卷三八百年（外界近百年，多在混洞深处验证参悟，混洞不同深度时空扭曲程度不同适合参悟时空），从头到尾仔细参悟一遍，感悟大道至简空间之道三条主脉络，举重若轻举一反三用各脉例证，隐隐有站在永恒层次俯瞰规则的错觉（图录疑似永恒存在所创），对修行路有更清晰规划，期待看另外两卷（阅读代价太高等成六劫境再想办法）。孟川突然感应到无比遥远的泰东河域方向，除孟安外另一存在有同样血脉感应（仅略逊孟安孟悠，三代内血亲），判断孟安有子（孟安在家乡多年未娶妻，去域外秘境修炼之地后有子），震惊发愣。,东宁城繁荣造福三湾河系，秦五在东宁城修行盼天地境，孟川八百年参悟虚空图录卷三，感应到孟安有子。
东宁城,秘境内的孟安,伏笔深化、人物心理,伏笔、情感,孟川确定应为孟安的孩子（想不不到其他可能），欢喜（孟家这一脉孟悠外嫁杨源属杨家人，孟安一直未娶妻族谱断了如今延续）。孟川不知沧元祖师给孟安准备的秘境修炼之地有何特殊（孟安在家乡多年未娶妻去秘境后有子）。孟川按耐不住派元神分身赴泰东河域寻孟安和那血脉（携宝物）。两个多月后孟川抵达泰东河域（浩瀚为神女河域两三倍），感应被遮掩模糊无法确定方向，判断孟安和那血脉在未公开秘境内（秘境为八劫境大能从无到有所创，可容凡俗生灵繁衍修行至劫境，规则完全由八劫境所定，六劫境掌握秘境七劫境以下不敢杀入，比中等生命世界强比高等生命世界弱，泰东河域暗藏古老秘境情报中无记载）。孟川分身探寻一个多月无果返回。秘境内鸟语花香山谷，孟安（天地境圆满肉身圆满欠缺，天界修行五百年）钓鱼，身旁大猫异兽。白衣女子（登上天界的高手，孟安妻子）怀有身孕，夫妇为孩子安全从天界潜回凡界（天界争斗激烈可能有仇敌盯上孩子，等孩子安然长大安排好再回天界）。孟安有把握三十年内肉身圆满（看过典籍经历天界五百年修炼，沧元祖师成功但孟安走的路有区别肉身圆满法子也有区别）。,孟川元神分身赴泰东河域寻孟安秘境无果，秘境内孟安与白衣妻子为孩子在凡界修行盼肉身圆满。
东宁城,伏遂和黑风老魔,伏笔埋设、装备获取,伏笔、奖励,孟川云雾龙蛇身法达五劫境层次（掌握空间之域），瞬移九亿六千万里（不受干扰最佳状态），虚空禁锢虚空镇压为最大威力手段（元神之力撬动虚空无数层面力量压制对手）。孟川以极限速度规则与空间规则简单配合形成雷电磁场领域（雷电光速游走撬动空间之域规则，四劫境进来瞬间化齑粉普通五劫境实力被压制剩一两成），加寂灭刀规则令雷电威力暴增（三种规则结合威力再暴增有望镇杀普通五劫境）。三种规则（无尽刀纯时间一脉、云雾龙蛇身法纯空间一脉、寂灭刀时空兼具）极易结合，短数十年有望形成六劫境规则（但需小心规则融入元神世界和肉身会影响心灵，走正统平和道路最佳，太过邪道会影响元神心灵自身可能疯掉）。孟川感应离六劫境规则越来越近，但一旦悟出加心灵修为足够则第六次天劫短百年长数百年必降（元神劫境无法拖延，肉身劫境可拖延上万年），需提前搜集延寿宝物为七月爹娘岳父安排（渡劫失败则身死需提前安排）。孟川反倒希望心灵修为欠缺些好先修炼肉身达六劫境（肉身渡劫有评判标准，元神渡劫谁也没把握）。转眼十余年过去。苍盟空间伏遂（死三次仍要再进遗迹）与黑风老魔（死一次突破掌握两种五劫境规则）商议再探六欲河域遗迹（收获极大但实力不够），欲再请两位帮手：第一位元神肉身兼修保命强适合探查危险，选孟川（新晋五劫境肉身元神兼修修行路有无尽希望不可能违背承诺）；第二位战斗实力强肉身强顶上去，选天梦界虎王蒙虎（高等生命世界天梦界特殊传承比景云洞主都强一截性子暴烈把信誉看得比命重）。,孟川云雾龙蛇身法达五劫境掌握空间之域，三种规则结合有望形成六劫境规则但忧第六次天劫；伏遂邀黑风老魔再探遗迹欲请孟川和虎王。
东宁城,临近（本集终）,转折高潮、悬念设置,伏笔、高潮,千山星孟川举杯贺师尊秦五创出天地境绝学（修行千余年）。秦五感慨因孟川才能学群星楼绝学、了却战争执念、域外千山星修行突破（否则还要折腾数百年），谢孟川。孟川称师尊为家乡付出太多（早早成尊者因战争无法闯荡域外耽搁近千年）。孟川告知秦五妖圣通道最近开始不稳定，估计数十年内崩溃人族世界和妖族世界逐渐远离。秦五复杂（曾经最期盼之事如今妖圣通道对人族无威胁，有孟川在妖族不敢入侵反需担心反入侵，但人族普通神魔数量远不及妖族难以反入侵，妖族疆域十倍人族修行体系更完善妖王更多）。秦五不甘千年血仇无法报（孟川崛起前八百多年人族牺牲太大神魔凡人如牲畜被屠戮）。孟川称终有机会（仅杀三个首领偿不了以亿为单位人族血债，鹏皇至今未杀），如今让妖族不敢进入域外出来一个杀一个（孟川有真身在家乡距妖界近，妖族生命世界膜壁破开有妖族出来刹那孟川感应到第一时间截杀，如当初人族尊者出去遭截杀，孟川当初也是一出去立即自我放逐鹏皇追杀慢一步）。赵红袖（孟川徒弟）飞来报告达天地境（元神六层寿命还长有望大限前元神七层成帝君）。孟川秦五愉悦（师尊徒弟先后达天地境）。孟川修行顺利，三种五劫境规则悟出好些结合方法实力突飞猛进，感离六劫境规则越来越近，但有紧迫感（一旦悟出加心灵修为足够第六次天劫短百年长数百年必降，需搜集延寿宝物为七月爹娘岳父安排，渡劫失败则身死需提前安排）。孟川希望心灵修为欠缺些好先修炼肉身达六劫境。孟川感应到苍盟空间伏遂邀请，一尊化身在苍盟空间凝聚。伏遂、黑风老魔告知孟川虎王蒙虎（瘦小灰色衣袍眼角煞气，天梦界特殊传承比景云洞主强一截），邀请孟川同探六欲河域遗迹（伏遂死三次黑风死一次收获极大，伏遂承诺若觉得亏来补偿，携带宝物不超五千方，死去遗留宝物归各自，不得互相伤害不得外传，仅四人知晓）。孟川、蒙虎皆同意参与。（本集终）,秦五创天地境绝学赵红袖达天地境，妖圣通道数十年内将崩溃，孟川三种规则接近六劫境忧第六次天劫，伏遂邀孟川黑风老魔虎王四人探神秘遗迹。
魔山,前往遗迹,设定展开、装备获取,奖励、设定,孟川在千山星永恒楼第九层（自身为分部管理者，买卖情报不外泄，销赃方便）为前往神秘遗迹做准备。此次前往无保命把握（伏遂死过三次、黑风老魔死过一次），不舍得带斩妖刀、血刃盘、元神世界世界秘宝、十三寰宇珠等珍贵宝物以防遗失。孟川购买混洞珠（七劫境秘宝，蕴含完整混洞规则，一千八百方域外元晶，最便宜七劫境秘宝，参悟艰涩驱使威力相对弱，可发挥十三寰宇珠六成威力）、万龙阵（六劫境阵法秘宝）、紫雷刀（六劫境秘宝），永恒楼购买七劫境秘宝可当天免传送费送达。留三尊元神分身镇守千山星，与黑风老魔先汇合，再赴六欲河域与伏遂汇合。伏遂感慨孟川时空长河赶路速度快（黑风上次赶路耗一年多，这次一个多月），虎王蒙虎从天梦界出发尚未到。伏遂在荒芜星辰的别院展示多年冒险搜集的稀奇之物。蒙虎抵达后四人出发，飞入时空长河盏茶后回到正常虚空，来到河系与河系间的黑暗之地。伏遂施展开启入口秘术，黑暗虚空荡漾扭曲影响上亿里范围吞噬四人，孟川来不及反应便感觉沉沦跌入另一片时空区域。,孟川在永恒楼购买混洞珠等装备做好损失准备，四人汇合后伏遂施展秘术开启遗迹入口。
魔山,禁忌生物,环境铺陈、设定展开,设定,孟川落在百万里广阔大地边缘，中央矗立超十万里黑色高山，半山腰云雾缭绕，通体黑色，远观即感生命本能恐惧（如凡俗仰望万丈怪兽）。大地废墟遍布（原洞府建筑化砂砾），世界压制极强（五劫境需全力抵抗，四劫境被活活压死），门槛即五劫境，创造者至少七劫境大能。伏遂介绍此遗迹禁忌生物很多但全部疯魔无清醒意识（不像巢穴更像囚笼），越靠近黑山越多。伏遂此前死过三次，陆地探寻数百年收获不大，第一次登山（与黑风联手）才知真正宝地在黑山，山脚探寻半月收获已很大。禁忌生物全为五劫境层次（再弱在此遗迹活不下），手段诡异莫测靠天生，有强有弱。孟川放三尊元神分身探路携五劫境秘宝剑阵（十八柄，每个分身携带数柄，孟川不在乎剑阵玄妙只求坚固锋利，施展自悟招数为元神分身最普通实力，已比当初掌握两种规则的孟川真身强一大截）。赶路大半月禁忌生物全被元神分身挡住（伏遂黑风蒙虎震惊未感应到战斗动静），一头九尾人脸禁忌生物（分化九头实体五劫境层次，体内白色骨珠为内核）被孟川元神分身轻松击碎内核击杀。禁忌生物六劫境以下内核在体内击碎即死，六劫境内核可脱离身体隐藏身体灭万次只要内核不损瞬间恢复。一头紫色皮肤人型禁忌生物令孟川元神分身被迫遁逃（身体仿佛虚幻所有招数穿梭而过无法伤及）。,四人进入遗迹世界，孟川元神分身以碾压实力挡住禁忌生物，但遇一头无法伤害的虚幻禁忌生物。
魔山,虚无,战斗描写、设定展开,战斗、设定,孟川建议众人躲进洞天宝物全力遁逃甩脱虚幻禁忌生物，蒙虎充满斗志要与禁忌生物交手。伏遂猜测其藏身虚空极深处或真实虚空外夹层空间或非真身，孟川称离掌握六劫境规则越来越近很自信但对此生物充满困惑。蒙虎称禁忌生物代表时空长河某种诡异现象靠天生手段，修行者才是真正掌握力量本质同层次不是对手。紫色皮肤披灰绿衣袍禁忌生物飞来，蒙虎鼻孔喷出两道无形波动抵达其身上却没有任何感觉（仿佛虚无碰不到身体）。黑风一拳黑色拳影穿过禁忌生物未伤分毫。蒙虎郑重眉心浮现菱形晶石（天梦神将力量，掌握两种五劫境规则，五劫境巅峰战力，与孟川相差无几），一拳以虚空一脉为主威力匪夷所思以力破法令禁忌生物身体扭曲变形停顿但迅速恢复，凶戾扑杀蒙虎。蒙虎与禁忌生物近战搏杀（眉心晶石光晕流转近战招数威力恐怖，禁忌生物一爪撕裂蒙川胸口迅速恢复，蒙虎身上数十道伤口迅速愈合又添新伤）。伏遂施展刀法（刀光落在禁忌生物身上），孟川施展魔锥刺入禁忌生物体内（魔锥直至心灵深处痛苦比蒙虎皮肉伤强百倍），一柄碎又凝聚新一柄连续轰入，禁忌生物抛弃蒙虎扑杀孟川，蒙虎缠住减速，孟川带伏遂黑风拉开距离。禁忌生物在痛苦中逃去。蒙虎全力才勉强伤到无法击杀，孟川元神兵器令其痛苦逃遁。四人继续赶路顺利抵达黑山山脚。,蒙虎以力破法伤到虚幻禁忌生物但无法击杀，孟川魔锥令其痛苦逃遁，四人抵达黑山脚下。
魔山,登山,环境铺陈、人物心理,情感、设定,踏上黑色岩石瞬间孟川听到山泉流水声、风啸声、树叶飘落声，闻到花香，元神空灵思维变快灵感涌现如服辅助灵果，站此修炼一两个月即可悟出六劫境规则。蒙虎也震惊此地是修行圣地。伏遂黑风确认越深入助益越大。孟川感慨沧元祖师说无无缘无故的好处。蒙虎最谨慎（天梦界出身，看过秘辛记载，认为无代价让大批五劫境维持近乎顿悟不可能，要么代价源自劫境自身要么创造者付出代价有目的，禁忌生物都疯魔绝非安全圣地，远观黑山即感诡异），伏遂黑风更狂热（获过好处）。蒙虎提醒大好处或有大灾劫，伏遂信奉机缘险中求。四人先去伏遂黑风上次遗留宝物处（伏遂死三次每次收回宝物，禁忌生物疯魔不会收宝物）。孟川元神分身在山林中发现其他修行者遗留宝物约八千方（一位五劫境遗留，虚空手环自然损坏经历漫长时间），发现一头三头人形禁忌生物看到元神分身后竟不攻击飞走（异常）。踏入黑山后直至取回宝物未碰到任何禁忌生物（伏遂称黑山禁忌生物应更多），众人困惑。一头百丈灰色岩石雕刻头颅禁忌生物及十余头禁忌生物全部朝同一方向呆呆飞去，四人跟踪至黑山最高峰。三条晶玉铺就的道路从山门入口延向大山深处，禁忌生物不进入三条道路范围沿最近距离呆呆飞向峰顶。,四人踏上黑山地界感受修行圣地般的助益，蒙虎警惕代价，发现禁忌生物异常全部朝同一方向飞去，抵达最高峰见三条通道。
魔山,抉择,转折高潮、伏笔埋设,伏笔、高潮,孟川本能感到强行上山很危险，认为黑山创造者建三条道路定有意图，违背意图强行上山恐有灾难性后果（禁忌生物都疯魔，强行飞上山疯魔或许是下场），拒绝伏遂让元神分身先试的建议（所有分身全部疯魔等于身死，伏遂称影响不到家乡世界真身但孟川损失也够大，且创造者可能八劫境甚至永恒存在）。四人各自试三条道。第一条道（最左）：踏上即时刻处于顿悟状态，对修行助益远超进山（伏遂走数息痴迷后退下，蒙虎走几步认为有望掌握第三种五劫境规则甚至三条规则结合悟出六劫境规则，孟川走两步感到一个时辰可悟出六劫境规则，外界可能需百年）。第二条道（中间）：每走一步意识附身一位六劫境大能，感受其战斗修炼行走奥妙，蒙虎走九步附身九位（其中两位同一位六劫境），孟川附身火焰巨人（千万里高躺太阳星辰睡觉，六劫境层次，不经意火焰控制令孟川窥测火焰规则）和银甲金角异族（与另一大能虚空搏杀以虚空为兵器）。第二条道蔓延约十万里。第三条道（最右）：听到断断续续声音无法隔绝传进元神回荡识海，听不清字意但令心灵意识承受极大压迫，越走越清晰压迫越大。伏遂选第一条道（顿悟悟的是自己的比附身大能帮助大得多），蒙虎选第二条道（顿悟好处大代价也大不敢选），黑风选第二条道（跟随蒙虎），孟川选第三条道（对心灵意志磨练重要，元神劫境心灵意志越强越好，为渡第六次天劫做准备，考验好处不在意）。,四人探查三条通道后各自选择，伏遂选顿悟道，蒙虎黑风选附身道，孟川选心灵压迫道。
魔山,各自道路,悟道、人物心理,修炼、情感、爽点,孟川选第三条道令众人惊愕，伏遂蒙虎黑风劝说（第三条道对心灵意识影响大无法安心修炼，不如在山内修炼；压制越强很可能通不过考验得不到好处），孟川坚持（六劫境规则离不远外界百年可掌握，最担心心灵意志能否承载六劫境规则能否渡第六次天劫，第三条道是难得磨练心灵意志之地）。四人各自踏上通道分道扬镳。孟川踏第三条道，脚下晶玉铺就，听到无法隔绝的断续声音传进元神回荡识海，心灵意识承受极大压迫。孟川元神五劫境心灵修为高能较轻松承受开端压迫，一步停十息体会不同位置声音区别，发现每个字符对心灵意志有不同影响，仿佛无数大锤从不同层面轰击元神，声音大锤能连成一体。第一天走两里路。蒙虎黑风在第二条道附身六劫境大能，蒙虎第一天看数百位大能道路（有些截然相反），感到有些道路碰撞彷徨，决定沿天梦神将道路参悟适合的不适合的删除记忆。黑风发现附身大能不断重合，无比谨慎选择参悟六位以风为主的大能（少的附身超两百次多则过千次），减慢行走速度。伏遂在第一条道一直维持顿悟，第一天走出十里地最快，半年走出近两千里悟出第三种五劫境规则（原本可能一辈子悟不出）。,四人各自踏上通道修行，孟川磨练心灵意志，蒙虎附身迷失风险，黑风谨慎参悟六位，伏遂顿悟半年悟出第三种规则。
魔山,十年时间,悟道、伏笔深化,伏笔、修炼、爽点,"踏上通道第六年，蒙虎附身近万六劫境大能，每天自省斩去不适合天梦神将道路的记忆数千次，但大量感悟相互抵触，即便斩去记忆选择斩去本身已受改变认知影响，认知越来越混乱，不知道接下来怎么修行，站在道路满心彷徨。蒙虎明白附身的六劫境大能道路凌驾于自己之上，看的""前路""太多且有些截然相反，一扇大门打开却看到太多路不知该走哪条。蒙虎自我毁掉真身（肉身元神分解湮灭），回天梦界洞府（建在通天树数十里大叶子上），决定去找师尊解决（天梦界底蕴比沧元界强不知多少，差距即七劫境和八劫境的差距，八劫境大能炼制器物任何一件八劫境秘宝都令六劫境癫狂，去原初星取来原初之石价格极高，某时代诞生一位八劫境整个时空长河震动七劫境都欲追随）。黑风见蒙虎毁掉真身不安（发现未知危险？），但黑风方法不同（仅参悟六位以风为主），五年下来挺好离掌握第三种规则近，继续小心翼翼行走。第八年伏遂走最快最顺畅，八年走超三万里身处云雾中，离六劫境越来越近数年内定能掌握。孟川走最慢，心灵意识压迫增加影响到外界其他分身修炼，减慢维持外界两三分心力。第十年走三千余里，能清晰听到单个字眼如大锤轰击元神心灵，已习惯，摸索出如何抵抗何种影响效果最好，心灵意志变强很缓慢（一年半载无收获），但长期对抗后心灵意志会质变（抵抗轻松许多）。十年内心灵意志蜕变三次（第二年、第五年、第十年），修行在挫折中一次次完善自己让心灵更圆满强大，足够强大的心灵才能承受将来更庞大的元神世界。",蒙虎迷失毁掉真身回天梦界求师尊，黑风谨慎继续参悟六位，伏遂八年走超三万里近六劫境，孟川十年走三千余里心灵意志蜕变三次。
魔山,代价,转折高潮、设定揭示,揭示、设定、高潮,"踏上通道第十二年，伏遂在第一条道掌握六劫境规则（十二年顿悟），爆发实力达六劫境门槛（五劫境杀四劫境很轻松，六劫境杀五劫境更轻松），景云洞主蒙虎等众多五劫境在伏遂面前毫无反抗之力（仅掌握规则未以规则为根基重修肉身未渡第六次肉身之劫）。伏遂追求力量为改变家乡世界层次、斩杀仇敌。继续前进再三年（共十五年走超五万里），发现第一条与第三条通道超五万里后合二为一，伏遂踏入融合通道听到清晰声音""九太兖""，第一个字符元神出现无数裂痕，几个字符元神彻底粉碎真身死亡。回乡后发现十五年顿悟伤及元神根基，服用十一种宝物仅赤叶果（三百方一枚恢复元神伤势重宝）令疼痛退去，但当天晚上元神又微疼，一枚赤叶果一天都没扛下，分化真身前往域外治疗。遗迹世界内孟川感应到伏遂离去（蒙虎早离开），惊讶伏遂顿悟十五年，也清楚十五年顿悟定有代价（黑山创造者不可能白送好处）。孟川外界其他分身因心灵意志蜕变修行变快快掌握六劫境规则（吓得停止修炼），全力进行心灵修行直至在通道无法再前进（元神渡劫无法拖延，渡过去活渡不过去死，心灵修为或许足够或许差些完全没把握）。",伏遂十二年顿悟掌握六劫境规则，十五年踏入融合通道元神粉碎真身死亡，回乡发现元神伤势需长期服用醉心丹无法渡劫。
魔山,这是一座魔山,转折高潮、核心伏笔,伏笔、高潮,"进入遗迹第三十年，黑风在第二条道逐渐恢复清醒（我是摩阳？覃采？对，我是黑风），发现自己附身的六位劫境大能的""道""全部是扭曲的、错误的（六劫境层次很多扭曲道路不适合当修行根基，如寂灭刀不适合当根基会走向寂灭自我毁灭，须先掌握适合的道打下根基才能包容反噬强的道路；附身感悟时限于眼光发现不了错误，参悟极深后发现已晚）。黑风离掌握六劫境规则只差一步，意识开始混乱，若彻底踏出恐彻底疯了。第二条通道过万位六劫境大能道路会不会全部是错的，五劫境进来一千个九百九十九个走错路。黑风喃喃""这是一座魔山""，自毁真身离去（肉身元神化齑粉山风吹散，器物兵器遗留）。孟川透过因果感应到黑风消失，三十年心灵意志蜕变五次（第二年、第五年、第十年、第十八年、第二十九年，去年刚蜕变提升很大），但听的都是同样字符锤炼效果越来越差，蜕变间隔越来越长（下次可能需二十年），数年时间怕是极限。伏遂透过苍盟空间联系孟川蒙虎黑风邀请见面。孟川感慨伏遂离开遗迹后行事风格大变，连杀十五位五劫境（仅两位有大仇其余十三位小矛盾），强势霸道说杀就杀。伏遂已算半个六劫境成苍盟风云人物。孟川透过苍盟空间元神印记降下化身（觉得欠伏遂人情，遗迹世界心灵意志蜕变五次收获足够大）。苍盟空间内伏遂独自坐着（外界只知其风光不知其苦），为治元神伤势拜访八位六劫境大能和一位七劫境（黄衣院主），均治不好，多年积累全部消耗一空杀十五位五劫境夺来宝物消耗完更借五万余方，找出最便宜缓解伤势的醉心丹（一年一百二十方需长期服用，千年十万余方无法积攒），不敢渡第六次肉身之劫永远半步六劫境。",黑风发现六位大能道路全错自毁离去称此为魔山，伏遂元神伤势无法治愈需醉心丹维持永远半步六劫境，孟川三十年心灵意志蜕变五次。
魔山,伏遂的目的,矛盾展现、伏笔埋设,伏笔、冲突,孟川蒙虎黑风苍盟空间相聚打招呼，黑风佩服孟川仍在遗迹坚持。伏遂坐在那微笑不起身相迎（地位比三位高多了）。伏遂透露有幸拜访七劫境黄衣院主（黄衣书院当代两位七劫境任院主副院主，时空长河最恐怖存在之一，六劫境战力是顶尖势力骨干才有机会见七劫境）。四人交流情报：伏遂走第一条通道顿悟十二年掌握六劫境规则连肉身修行法门都快悟出唯一缺陷对元神有些损伤（说损伤还能承受，未说真相反而说黑风蒙虎道路代价更小）。黑风走第二条通道附身大能实力大进掌握三种五劫境规则最终因迷失之危被迫放弃（彻底离开后保持清醒需以三种规则为根基自己开辟道路成六劫境，收获多谢伏遂）。蒙虎走第二条通道五年多迷失至今未解决（天梦界决定开启百世梦境炼心成功则附身迷失不值一提失败则彻底迷失百世梦境迷失影响更大），掌握三种规则有得有失。孟川走第三条通道三十年仅心灵意志些许进步实力无变化（众人觉得亏，心灵意志有很多方法可慢慢提升）。伏遂请三人帮忙传话苍盟所有五劫境成员宣传黑山遗迹（掌握进入秘法只能携带五劫境有其他约束），每人进入需付出足够域外元晶。不请六劫境（秘法只能携带五劫境）。让三人各说真话不撒谎（黑风说进两次从一种规则到三种规则走第二通道有迷失之危如今无影响，蒙虎说从两种到三种走第二通道有迷失之危如今保持清醒会提醒危险性，孟川照实说第三通道影响心灵意识无其他好处）。蒙虎黑风离去后伏遂单独留孟川，要求孟川三年内离开遗迹世界（遗迹同时只能十人，孟川占一名额令伏遂多死一两次真身，每死一次修炼回来元神伤势都受痛苦折磨），补偿三千方域外元晶。,四人交流通道情报，伏遂请三人帮忙宣传遗迹商业化运营，伏遂单独要求孟川三年内离开被拒。
魔山,一直在山上,矛盾爆发、人物心理,冲突、情感,"孟川拒绝伏遂三年内离开补偿三千方（第三条通道对心灵意志修行很重要，心灵修行有很多方法不一定非得黑山但此地对孟川重要）。伏遂脸色一沉（已算六劫境实力好言相劝孟川不给面子），以人情挟恩图报（带孟川进入遗迹获得机缘该念人情）。孟川反驳探索遗迹本就福祸相依，探索前谁也不清楚好处多大祸患多大，到如今都不清楚遗迹后患多大，谈人情没必要。伏遂盯着孟川（在里面待了三十年够了），孟川脸色冷下来（对方挟恩图报是笑话，以势压人更不行），""我想要待多久就待多久""欲散化身。伏遂怒气上涌但想到孟川两具真身（一在家乡一在遗迹）都无法解决只能强忍，挤出笑脸缓和（不勉强少送修行者进去，记得传话）。孟川暗惊伏遂之前威逼转头笑脸（勉强算六劫境战力这么不在乎脸面，定有更特殊原因逼其不要脸面）。孟川答应传话不撒谎散去化身。雪玉宫主（三湾河系苍盟成员同乡）接到四道传话，心头滚热（伏遂从两种规则到六劫境，黑风从一种到三种，蒙虎两种到三种，东宁仍在遗迹），第一条通道一直顿悟只是元神损伤伏遂威名远播没发疯，心动进入。伏遂定价一万方域外元晶每位进入者（很多五劫境倾尽所有才过万方，富有者如景云洞主闼古蒙虎孟川可轻松拿出）。苍盟空间成员议论一万方太高（三千方差不多），最终五十三位五劫境准备进入赶往六欲河域。伏遂古船洞府（八万里长）第一批带八位（含雪玉宫主），伏遂轻松解决路途禁忌生物（六劫境规则一举一投足威能远超蒙虎孟川）。八位踏入黑山感受修行圣地助益振奋，各自选通道（雪玉宫主选第二条谨慎修行岁月长三种规则就满意，四位选顿悟道三位选附身道一位选心灵压迫道）。伏遂因孟川占名额多死一两次真身对元神伤势痛苦不满，毁掉真身离去（重新修炼耗费上千方但不在意，损失部分元神再修回来以元神伤势很痛苦折磨）。",孟川拒绝伏遂威逼离开，伏遂商业化运营遗迹定价一万方，五十三位五劫境分批进入第一批含雪玉宫主。
魔山,魔山之名,设定揭示、核心伏笔,伏笔、揭示、设定,"伏遂古船洞府（八万里船），五十三位五劫境分批进入（前一批出来后一批才交一万方，谨慎）。鬼墨之主（苍盟八位六劫境之一，名声最差阴狠毒辣不择手段少有不在乎脸面者，论实力六劫境普通水准但消息灵通放眼时空长河六劫境中最厉害一小撮）现身古船外，深紫衣袍三只灰暗眼睛阴冷俯瞰，五劫境本能畏惧有行礼。鬼墨之主问伏遂苍盟空间传话是否真的，伏遂称不敢欺骗苍盟。鬼墨之主问六劫境不能进去，伏遂称只能携带五劫境（若不信下次带鬼墨之主试试让其感受遗迹排斥）。鬼墨之主要求下次试。伏遂憋屈（试一试少带一位五劫境），称下次可能三十年后。鬼墨之主放出黑色宫殿静候。伏遂冷漠告知五劫境下一批只能携带七位。孟川在遗迹世界内继续行走第三十三年，清晰看到第一通道四位新修行者走到相当高度（走了三年等于孟川三十三年），一位六臂独眼五劫境看到孟川惊醒（进来三年本该一年多前掌握三种规则就回去，顿悟太美妙不知不觉多走一年多幸好看到孟川惊醒，这条路有些邪）自毁真身离去。孟川走到极限（最多还能走数月），脑海中回荡声音""心灵之路行走万里，可为我魔山普通成员""，获得秘法可自由进出魔山遗迹九处出口（分属九座河域），震撼创造者至少八劫境甚至更高（时空手段远超沧元祖师）。继续走三个多月到极限后退三步压迫下降暂时放弃。孟川下山探索魔山山脉三天（五尊元神分身加真身寻宝，发现七处宝物遗留），三天到即离去（外围山脉修行有助力但对元神有少许影响，待几日无碍长期修炼伤势明显）。施展魔山秘法从广明河域出口出来（六欲河域进广明河域出九出口分属九河域），出来后元神昏沉十余息散去（印证外围对元神有影响）。",鬼墨之主质疑遗迹为传说中的魔山要求下次试入被排斥，孟川行走万里获魔山普通成员身份及自由进出九出口秘法，下山探索三天后离去。
魔山,突破，六劫境规则！,悟道、转折高潮,修炼、高潮、爽点,孟川下山后转头看三条通道，知伏遂黑风有宝物遗留第一第二通道。孟川成魔山普通成员但对整个魔山知之甚少（猜创造者至少八劫境），不能抱侥幸心理（若永恒存在留下手段能隔着生命世界斩杀自己）。第三条通道走万里成普通成员继续行走是最好的选择。孟川分化五尊元神分身加真身探索魔山山脉三天发现七处宝物遗留，三天到即离去。施展魔山秘法引动时空感应九个出口位置，选广明河域出口（离神女河域最近），时空扭曲裹挟沉沦抵达广明河域。出来后元神昏沉十余息散去（印证外围对元神有少许影响，待几日无碍，伏遂顿悟十五年元神伤势怕是不轻，元神伤势看元神强弱，伏遂元神不及孟川）。孟川心情颇好回神女河域（广明河域八个时辰回三湾河系）。伏遂古船上感应到孟川方向（广明河域也临近神女河域同一方向），以为孟川自毁真身离开，冷笑（之前送三千方不答应如今几年自己离开），眼中隐隐戾气（顿悟十五年悟出六劫境规则元神受伤后戾气重，连杀十五位五劫境多数无大仇，伏遂觉得正常其实心性已改变）。鬼墨之主宫殿中遥看古船沉思黑山遗迹是否为曾听闻的魔山（若真是魔山顿悟之路祸患无穷，传说中魔山第二第三道可闯闯六劫境最适合第二道，只是六劫境想进去太难，或许猜错只是仿造魔山，魔山传说时空长河知晓者极少）。孟川回千山星安心修炼，心灵修行越来越难，开始参悟六劫境规则（雷霆规则，正统道路之一，无尽刀之速度化雷电之速，寂灭刀化雷霆毁灭之威，云雾龙蛇身法化雷霆之域，三者融入感悟结合质变）。回到三湾河系第二年掌握雷霆规则，千山星上空无尽雷霆乌云，孟川眼神中有雷霆迸发。,孟川从广明河域出口离开遗迹世界返回三湾河系，第二年掌握雷霆规则突破六劫境，伏遂误以为孟川已离开。
魔山,元神世界,悟道、设定展开,修炼、设定、爽点,孟川彻底明悟雷霆规则刹那感受自身变化：生命世界或域外雷电都是最基本力量之一，雷霆存在于正常虚空每一处，掌握雷霆规则后一分力量撬动百倍不止雷霆之力，举手投足毁天灭地翻手拍碎太阳星轻松。透过雷霆感应范围比过去广阔得多。孟川身化一道闪电（粒子流闪电形态穿梭时空缝隙，一闪数十亿里，正常飞行不刻意时间静止），六劫境手段莫测掌握雷霆者以快著称（雷霆兼有时间空间玄妙，想怎么变向就怎么变向前一刻全速下一刻反向达最快，六劫境规则中速度变化拔尖）。闪电形态无形（抽刀断水水更流抽刀断闪电同样难伤），虽非不死之身但保命能力大幅提升。孟川召天雷汇聚百亿里范围雷霆凝成数万里实质闪电怒劈撕裂虚空形成黑暗时空沟壑缓慢恢复（不用秘宝最强爆发招数，景云洞主瞬间化灰，雷霆规则是六劫境规则中攻击极强规则之一）。元神世界蜕变：过去无尽刀寂灭刀云雾龙蛇身法三种规则相互配合，如今只剩雷霆规则一种，世界虚影笼罩八百万里，有雷霆闪电高空云雾间、高山长期雷电怒劈、区域无数雷电汇聚成雷霆之海雷霆之湖，虚幻生灵具雷霆特征，五劫境进入范围内被撕裂分解。孟川压力沉甸甸：心灵修为的确能承载雷霆规则，元神世界蜕变后一般百年左右第六次元神天劫降临，不知第六次元神之劫会遇到什么（元神之劫虚无缥缈未渡之前没把握，肉身之劫考验明确已渡过五次皆轻松因肉身各方面达标准甚至超标准）。孟川返回千山星（修行者们不知三湾河系新的六劫境已诞生，不同于伏遂半步六劫境实力垫底，孟川是真正六劫境只差渡劫）。沧元界平静（这个时代有孟川在是沧元界历史第二强存在，无需担心外来威胁有大量资源供应大幅发展）。孟川在元初山洞天阁沉思渡劫准备两方面：世界秘宝（令元神世界更稳定抵抗渡劫把握更大最紧要最立竿见影）和继续提升心灵修为。孟川前往天地大殿洞天确定实力，白袍老者令全力攻击青色柱子，孟川以千雷法印（适合雷霆规则的元神劫境施展）全力轰劈，粉碎十层符印（白袍老者惊呆六劫境），孟川称未曾渡劫。,孟川掌握雷霆规则后生命质变，身化雷霆一闪数十亿里，元神世界蜕变为雷霆规则根基笼罩八百万里，天地大殿确定实力粉碎十层符印。
魔山,世界秘宝,设定展开、伏笔埋设,伏笔、设定,"白袍老者唏嘘沧元祖师家乡终于要出六劫境，沧元界能再次成长（生命世界成长需泥土水分阳光时间，更复杂所需更多耗费更久需至少六劫境层次大能主持）。孟川称渡劫后才能帮沧元界。白袍老者告知不太好的消息：未渡劫成功前累计只能在沧元宝库获得不超过一百万方域外元晶宝物（加之前三十万方共一百三十万方，沧元祖师定下额度）。孟川满意（六劫境大能单靠自身累计超百万方的也是少数）。渡劫后根据年龄潜力最多获一半宝藏（沧元祖师七劫境阶段活超十万年老死积累恐怖，八劫境秘宝异宝小宇宙等六劫境渴望不可得收藏一堆，有些宝藏禁止探查更特殊，高等世界即便八劫境不在仍强盛漫长岁月因八劫境遗泽，八劫境用心完善族群血脉可出龙族凤凰一族等强悍族群）。孟川此生若达八劫境沧元界将耀眼无尽岁月（距离太遥远）。孟川资产约一百三十五万方（结余五万方+宝库一百三十万方），计划三件事：渡劫准备（世界秘宝）、延寿宝物（三位长辈三万方足够续到两千年，妻子七月凤凰血脉觉醒凤凰神火延寿比一般尊者难续到两千年约五万方更长代价高，师尊秦五尊者无特殊血脉但本有两千年寿命打破界限代价不小）、家乡世界准备（渡劫失败沧元界迅速没落，鹏皇域外真身还囚禁着需解决，师尊秦五悟出天地境规则但元神境界不够只能提供条件和指点）。寿命三大界限：两千年（凡俗生命世界得奇珍活几百岁，域外奇珍续到两千年简单）、五千年（帝君级以下最大寿命时空长河规则不可打破，越往上代价越大）、十万年（帝君寿命极致，延寿万年代价恐怖到绝望，传说奇珍理论上可达十万年比诞生七劫境还难，劫境大能延寿多不花心思因原本寿命长多两三百年意义不大延万年代价绝望）。世界秘宝为元神劫境渡劫唯一有大用处的外物（令元神世界更真实稳定对敌护身渡劫帮助最大，元神五劫境世界秘宽数千方，六劫境大多过十万方），不能省用最好材料。最适合材料为""九劫雷砂""（传说中肉身八劫境大能在原初星迎接第九次天劫雷罚之劫，雷罚轰碎原初星形成特殊物质，时空长河最顶尖雷霆一脉材料，按粒交易用一粒少一粒八劫境大能都重视因每粒蕴含第九天劫雷罚之力）。沧元祖师非雷霆一脉未刻意搜集九劫雷砂。孟川需透过永恒楼渠道尽快搜集，搜集不到就换材料（大概百年后渡劫时间很短）。",孟川了解沧元宝库额度一百三十万方，计划渡劫准备世界秘宝、延寿宝物、家乡世界准备三件事，确定九劫雷砂为最适合材料需尽快搜集。
魔山,八劫境秘宝,装备获取、核心伏笔,伏笔、奖励,"孟川在永恒楼九楼查看无九劫雷砂（永恒楼内部能查到的宝物中无），九劫雷砂只有历史上那位肉身八劫境渡劫时产生难以重复用一粒少一粒连八劫境大能都重视。孟川激发永恒楼阵法令上方出现巨大眼睛（具部分永恒之眼特征），以八劫境秘宝""无量之心""悬赏一粒九劫雷砂。无量之心（黑褐色心脏模样拳头大小膨胀收缩，表面血管无数符纹，沧元祖师宝库中最便宜八劫境秘宝十八万方，无量一脉入门内含完整空间规则时间规则）。孟川第一次从沧元祖师宝库换出八劫境秘宝却为卖出去（若渡劫功成定回馈沧元界）。悬赏发布数息完成。孟川离开永恒楼落千山星山顶唏嘘（若渡劫失败东宁城散去三湾河系恢复混乱，域外虚空一位大能决定秩序，大能逝去秩序溃散，无秩序最悲惨的是弱者）。八劫境秘宝至少八劫境大能才能炼制，历史上八劫境诞生很少永恒存在虚无缥缈，八劫境秘宝数量有限，最低十五万方起好的翻数倍，外界很少有买卖。无量之心内含完整空间规则时间规则是任何八劫境秘宝必备（价值高原因之一），七劫境大能拼命搜集从不同角度参悟时空（有进无出价格高）。九劫雷砂更特殊罕见但终究只是材料，按正常认知吸引力比八劫境秘宝稍低。悬赏引起时空长河各处大能注意：一座秘境内赤红龙族六劫境大能睁眼（长期监察八劫境秘宝消息愿倾尽宝物换适合自身的，但九劫雷砂也没有，叹息八劫境秘宝太遥远）；混沌虚空灰雾中灰袍人三只灰暗眼睛（想抢来但透过永恒楼交易保密不知主人，负责永恒楼分部管理者是孟川更不用担心泄露）；永恒楼河域级分部矮胖老者血红色双眼管理者（出价二十五万方买无量之心，但悬赏要九劫雷砂以物换物）。高等生命世界星空界恢弘大殿内，银发男子滕九虞（当代星空界唯一六劫境，当代最强者天资排前十，修行八百年帝君圆满跨劫境五千余年成五劫境两万年成六劫境，望冲击七劫境彻底掌握无量规则）要拿无量之心（无量规则是星空一脉肉身法门核心，星空界不止一件八劫境秘宝但不同大能炼制方法不同或可带不同感悟，滕九虞已有一件无量神枪截然不同志在必得）。星空界只有十五粒九劫雷砂众大能反对慎重，滕九虞以自身十二万功劳欠家乡三万功劳换一粒，大殿唯一高位高大男子（星空界陛下）补上三万功劳以十五万功劳换九劫雷砂（期待滕九虞跨入七劫境，星空界很久没诞生七劫境）。孟川发悬赏五个时辰后成功。",孟川以八劫境秘宝无量之心悬赏九劫雷砂，星空界滕九虞以十五万功劳换取一粒接下悬赏，无量之心融入心脏维持无量之体。
魔山,鬼墨之主,装备获取、设定揭示,奖励、揭示、设定,孟川取出无量之心通过永恒楼分部激发物品传送（跨遥远河域传送需付一百方，安全不用担心情报泄露，物品经永恒楼鉴别不用担心假货，传送修行者代价更大）。对方接悬赏需一个时辰内交宝物（破坏交易规矩遭永恒楼严惩）。近半个时辰后虚空扭曲凭空出现九劫雷砂（手指头大小石子，表面有扭曲纹路似风吹湖面涟漪，肉眼观看隐约觉得涟漪在移动，实际是时空在扭曲变动，与原初之石相似有永恒特性但表面有涟漪花纹色泽变了）。孟川以微观之术放大到万里星辰大小最小花纹如头发丝，观看一遍全部记下，继续放大表面圆润光滑如原初之石仅多涟漪花纹。孟川送九劫雷砂回沧元界不急炼制先绘画（元神世界已能将普通虚幻之物凝练为真实），巨大纸张绘画无数花纹普通纸张就能承载（孟川略困惑应是自身境界低了九劫雷砂特殊太多堪不透）。孟川在天地大殿洞天放元神世界笼罩整个洞天（画卷即元神世界），五劫境层次画卷与雷霆规则根基的元神世界不契合。扔出九劫雷砂入画卷落世界中央引动雷霆世界异动，九劫雷砂化作一座雷山为根基。孟川炼制世界秘宝（以虚幻元神世界为根本追求完全契合，对旁人领域类六劫境秘宝价值数百方，对元神六劫境自身世界秘宝重要性不亚于八劫境秘宝，战斗帮助不如八劫境秘宝但完美融入元神世界令元神更稳定渡劫希望大大提升，元神劫境渡劫唯一有大用处的外物，每个元神劫境耗费心血炼制）。星空界滕九虞将无量之心融入胸口代替原先心脏，肉身与心脏结合自身变得虚幻，凭此境界勉强维持无量之体（无量一脉不同运用悟出七劫境希望大增买对了）。孟川得九劫雷砂第二十六年炼成世界秘宝：盘膝坐巍峨雷山上（元神世界显现的雷山非洞天原本高山），整座雷山彻底外显为实质威力超预期（与九劫雷砂有关，本以为只能放出雷电怒劈四方，谁知整座雷山外显），元神比过去稳定多（世界秘宝有无比契合的载体稳固许多，将来遭天劫攻击承受力强许多渡劫希望更大，虽可能不需要世界秘宝心灵修为也能渡过但渡劫前谁都不清楚准备越充分越好）。孟川炼成世界秘宝第二年伏遂再送修行者进魔山，带鬼墨之主尝试进入，鬼墨之主遭无形排斥被挤出（被时空排挤的感觉，掌控时空手段太过高明），确认十有就是魔山但进不去（明知传说之地就在眼前就是进不去，心情复杂又难受）。,孟川得九劫雷砂以之为根基炼成世界秘宝雷山外显为实质元神稳定，滕九虞融入无量之心维持无量之体，鬼墨之主尝试进入魔山被排斥确认是魔山但进不去。
魔山,雪玉宫主的结局,人物心理、伏笔深化,伏笔、情感,一年年过去孟川锤炼心灵意志为渡劫准备。苍盟空间孟川与骨从山主闲聊，远处龙首老者龙峥怒骂伏遂无耻没说清第一通道危险性（龙峥元神三劫境走六年顿悟，回龙族祖地倾尽宝物借许多才治好元神伤势，伏遂走十五年元神更弱不可能不知道伤势可怕），骂东宁城主黑风老魔天梦界虎王是帮凶。骨从山主淡然反驳（探索遗迹本就福祸相依伏遂传话含糊，东宁兄传话给所有成员都一样且一再提醒危险性，龙峥主动钻进第一通道元神受伤能怪谁）。孟川称龙峥出来后也传话苍盟空间怒骂伏遂卑鄙，但决定去遗迹的没有一个放弃反而更多成员去（确认三条道路作用，那里危险但对很多修行者是希望之地）。龙峥嗤笑东宁城主黑风老魔虎王帮伏遂分好处，孟川称伏遂赚的域外元晶没分一点给自己。龙峥称如今苍盟内有几位伤势太重无望救治的恨伏遂入骨，伏遂如此赚域外元晶终究要付代价，说完离去。骨从山主感慨伏遂元神伤势很重没法治好只能拖延，不择手段拼命赚钱拖延活更久。雪玉宫主走第二通道出来后疯了（偶尔清醒偶尔疯魔，清醒时四处寻治疗办法求见六劫境大能均无法治好，疯魔时在域外虚空乱跑，已离开三湾河系出了神女河域范围），孟川唏嘘（想要成为六劫境大能真不容易，靠顿悟之路掌握六劫境规则的一个个元神伤势重的不立即死去也受尽折磨根本不可能渡劫成真正六劫境）。沧元界外黑暗寂静域外虚空中紫色光晕包裹孟安凭空出现，孟安前冲钻进沧元界膜壁裂缝（沧元界生灵可轻松进入）。元初山洞天阁后院孟川惊喜（透过因果感应到儿子），孟安称赶紧带进天地大殿（天地大殿有削弱因果攻击之效乃沧元祖师炼制镇族宝物）。孟川一迈步跨过数万里来到天地大殿（从沧元界到天地大殿洞天仅一步），孟安吃惊父亲实力，来到天地大殿才放松下来。,龙峥怒骂伏遂，雪玉宫主走第二通道疯了，孟安从域外逃回沧元界要求进天地大殿躲避。
魔山,孟安这些年,核心伏笔、人物引入,人物、伏笔,孟川问发生什么事（回到家乡还嫌不安全要躲天地大殿，安儿惹到强敌？）。孟安疲惫想说什么又没说出口，坐下看着窗外走神。孟安讲述：当年按师尊安排离开家乡前往一座秘境（坤云秘境，对修行助力很大，沧元祖师发现后动心施展手段想留给沧元界后辈），因师尊布置拥有最好修行条件一路突飞猛进，找到分别多年的妻子龙菡（少年时期九世轮回炼心是坤云秘境机缘之一，借助沧元祖师异宝在时空长河任何一处都能进入九世轮回炼心，龙菡也经历过九世轮回炼心时定下终生，悟性潜力高修到帝君中期）。孟安得师尊栽培帝君圆满突破劫境短时间渡过三劫成三劫境，困三劫境数百年进步越加艰难（劫境黑暗中摸索会遇到挫折走死胡同，沧元祖师也很难帮孟安只能靠自身，区别在于孟川是独自摸索孟安道路一直长辈安排好的）。孟安和妻子闯荡坤云秘境天界多年有敌人，为保护孩子悄然到凡俗界，孩子出生后隐藏身份栽培近百年才回天界（孩子孟御不知父母是劫境大能和帝君）。孟川听到妻子名字龙菡立即感应到因果（之前不知名字未生因果感应，名字在因果中很特殊仅一个名字为凭依即可施展咒杀）。孟安讲述今天之事：一尊真身在坤云秘境界府修炼，坤云秘境出现一位六劫境大能（三石老人，本土最强大最神秘的五劫境悄悄成六劫境）凭实力来到界府欲炼化界府（关系秘境归属），抵达界府刹那发现孟安孟安也发现他，隔着界府重重阵法孟安立即毁掉那一尊真身。另一尊真身和妻子在一起，妻子是帝君中期家乡就是坤云秘境无法逃到任何生命世界（一旦对方要杀她查到名字一位六劫境大能都能一念杀她），妻子切割部分记忆将关于孩子孟御的记忆全部切割承载记忆的元神碎片由孟安带着，孟安以时空传送符逃回沧元界进天地大殿（三劫境回生命世界还在天地大殿内，即便有真身做凭依六劫境大能都不一定能杀，更何况没抓到任何分身也没血肉毛发做凭依，找不到杀不了妻子反而生机大增对方应将妻子当人质，妻子可谈判若好结果对方应送消息到沧元界）。孟川问三石老人身份，孟安称坤云秘境只有修行达劫境才能离开但分身出去找不到回秘境方法（出去了回不来，沧元祖师留手段阻止外界六劫境掌控秘境），三石老人是本土的（漫长岁月每代数位五劫境但过去无六劫境诞生）。孟川了解秘境（非正常诞生世界是八劫境大能创造按自己心意制定规则，有些秘境格外适合修炼但前面太顺利后期阻力越来越大，坤云秘境成劫境难度比外界低但越往后比外界更难）。孟川判断三石老人刚抵界府未掌控坤云秘境（正常炼化秘境需十年左右，沧元祖师留手段需更久），可以去闯一闯。,孟安讲述在坤云秘境修炼成三劫境、妻子龙菡帝君中期、儿子孟御隐藏身份，三石老人入侵界府欲炼化秘境，孟安毁真身携妻子切割的记忆逃回沧元界。
魔山,出发，坤云秘境（本集终）,转折高潮、核心伏笔,伏笔、高潮,孟川已是元神六劫境层次不惧三石老人（若对方炼化掌控坤云秘境成秘境之主则没法斗，秘境内秘境之主实力极可怕其他六劫境去送死，但三石老人刚抵界府离掌控秘境还早）。孟川决定去救（孟家的人当然得救，孙儿孟御虽保密但六劫境大能花费心思时间有可能找到，必须尽快去救）。孟安焦急三石老人是六劫境大能（纵横时空长河霸主级存在），孟川称六劫境大能不好惹最多斩杀一尊真身彻底杀几乎不可能，又透露自己刚突破到六劫境（孟安又惊又喜，父亲修炼没多久就六劫境了）。孟川带孟安去天地大殿深处见白袍老者，请其告知前往坤云秘境的方法。白袍老者称外界正常进不去坤云秘境（本土修行者达劫境分身离开后无法返回，借助时空传送符也无法回去，沧元祖师留手段阻止外界六劫境掌控），孟川需先学一门秘法激发秘法印记再用时空传送符便不会被阻挡（若不急可先去泰东河域坤云秘境所在地沿地图寻找，沧元祖师留有开启方法）。白袍老者向孟安确认（孟安去坤云秘境修炼是机缘但父亲已达六劫境老主人留下宝藏几乎都能挑选，坤云秘境内一切情报也会告知父亲），孟安焦急同意。白袍老者取出薄书册（蕴含坤云秘境内一切情报及进出秘法）递给孟川。孟川在千山星永恒楼九楼挑选七劫境秘宝雷泽图（三千八百方，可迅速送到的自有宝物），加之前混洞珠及诸多六劫境秘宝等装备可以去一趟坤云秘境（此去结果难料对手终究六劫境大能须谨慎未虑胜先虑败：世界秘宝不带渡劫最重要依仗容不得闪失，沧元祖师宝库雷霆一脉八劫境秘宝也不带要选关键时刻动）。孟川元神化身带时空传送符从沧元界赶到千山星，留一尊元神化身镇守千山星。孟川在天地大殿对孟安说对孟御感应最清晰会直接传送到身边立即救下（从孟安回来到现在不到半个时辰动作够快有十足把握救下孟御），龙菡应已被囚禁需多花心思暗中行事有一定希望悄然救下。孟川激发时空传送符，紫色光芒笼罩时空扭曲刹那抵达坤云秘境（姹紫嫣红山谷，山谷内有修行者们）。（本集终）,孟川决定前往坤云秘境营救孙儿孟御和儿媳龙菡，从白袍老者处获情报秘法，购买装备后以时空传送符传送抵达。
六劫境,祖孙俩,环境铺陈、人物引入,人物、设定,孟川（全身环绕紫色光芒，元神六劫境层次对虚空控制极强，尊者级小辈及坤云秘境天界劫境老祖都难感应到他）凭空出现在坤云秘境地界千牙山脉一座山谷中，前方八位修行者毫无察觉。孟川看到黑衣青年孟御——三代内血亲血脉感应、因果感应源头确认其为孟安在坤云秘境的孩子，孟川安心后心念一动派出两尊元神分身前往天界营救龙菡（孟安、龙菡夫妇努力保护儿子甚至龙菡切割关于孩子的记忆令敌人无法探查，故孟川能轻松保住孙儿）。孟川了解坤云秘境格局：时空长河中每座秘境很珍贵（七劫境大能如沧元祖师不在意，布置手段留给后辈即可），域外六劫境大能们一个个想掌控秘境成为秘境之主，一座秘境孕育强者数量一般媲美十座河系。坤云秘境分天地人三界：人界为凡俗世界元气稀薄修行艰难（尊者级为极限可飞升地界），地界为宗派家族势力盘踞（尊者基本战力帝君骨干劫境老祖开宗立派，成帝君可飞升天界），天界为强者汇聚之地（帝君劫境有真身居住，成劫境可前往域外；沧元祖师布置手段令离开者无法回来、劫境大能无法带外来者进入）。界府在天界核心区域，需六劫境实力才能单靠自身进入。孟御与申公子等八位尊者猎杀魔骁，申公子邀孟御当申家客卿（心魔门十三家族之一，故意让家族子弟自相残杀决出最强者），孟御委婉推辞需问师尊。孟御暗自盘算申家危险不愿掺和，吐槽父母躲在凡俗世界享乐逼自己飞升修炼，背后没人没机缘修行艰难。暗中观察的孟川笑起来，一挥手令孟御眼前场景变化进入洞天世界，孟御直接跪下拜见前辈，看到白发白衣中年男子笑吟吟看着他。,孟川前往坤云秘境找到孙儿孟御，了解坤云秘境天地人三界格局，将孟御引入洞天世界。
六劫境,能帮你的就这么多了,人物引入、装备获取,人物、奖励,"孟川令孟御起身，直接道出孟御四百三十年前飞升地界拜入星剑宗、尊者级圆满、自创剑道绝学《七星御剑术》、实力在星剑宗尊者级前十的情报（自创绝学知道者不超过十个），令孟御心惊。孟川宣告""你是我的孙儿，我是你祖父""，孟御表情凝固不敢相信。孟川道出孟安、菡月（龙菡化名）之名，拿出紫红色木头令牌（孟御六岁时绘画的图案，父母离去时说过持此令牌来者方可信任），孟御情绪激荡郑重跪下磕三个头认祖父。孟御修行五百余年首次见到家人，飞升地界四百余年孤独小心翼翼如履薄冰。孟御询问父母情况，孟川告知不算好：大敌找到他们，孟安侥幸逃脱龙菡已被捉住。孟川渲染大敌为厉害劫境大能，自己仅元神分身陪孟御一个月，真身已前往天界救龙菡但无十足把握。孟川赠月象酒（一银色酒壶，价值一百二十方域外元晶，每次喝一口对修行助益极大，孟川一口没舍得喝），告知孟川以三千方域外元晶抵押从群星楼带出劫境层次典籍《无量剑心》（七劫境大能所创，比群星楼雷霆一脉最强两门绝学《雷霆界》《三世刀》更强，但比《元神星辰》差一个层次，更无法与《虚空图录》相比），令孟御赶紧学后带回家族。孟御片刻接受传承满心震撼，孟川收回晶玉。孟川告知能帮的就这么多了，孟御颇为感动暗下决心努力修行成劫境为父亲祖父分担。",孟川以家族令牌与孟御相认，赠月象酒和《无量剑心》传承，告知龙菡被擒仅能陪一个月。
六劫境,三石老人的命令,矛盾展现、设定展开,冲突、设定,孟川掏出三份不死符令孟御随身携带留下元神印记（大敌三石老人若查到孟御情报一个念头就能透过因果杀他，不死符每份拖延一个时辰令孟川来得及救）。孟川解释因果攻击阻碍方法：一是削弱因果传递（生命世界大幅削弱、沧元祖师天地大殿削弱、孟川元神世界排斥一切外在力量也有削弱之效，但残余威力孟御依旧挡不住），二是境界极高感应拦截乃至斩断因果线（至少七劫境大能才能做到，故七劫境大能身边非常安全）。孟川一尊元神分身陪孟御，真身和另三尊元神分身想办法营救龙菡。天界界府旁宫殿，三石老人（瘦小阴冷老者，六劫境规则加肉身六劫境，坤云秘境第一强者，化身在此真身在炼化界府）审问龙菡，三位五劫境大能（黑发碧瞳男子天忧魔祖、微胖贵气女子仇汐宗主、青袍老者）恭敬禀报：以神龙一族族人性命威胁连续十次每次杀一万族人，又杀龙菡师尊、师兄、师妹，天忧魔祖控制龙菡元神翻看记忆，审出羽龙岛主（孟安化名）来自秘境外两千一百年前来坤云秘境时仅尊者级圆满后一路修到三劫境，但龙菡有部分记忆被切割无法查。三石老人令控制龙菡元神令其忠诚于自己想办法对付羽龙岛主。龙菡（白衣女子，眼神炽热忠诚）拜见宫主，告知羽龙岛主说过派人去神女河域循因果找他，又感应到地界有一个与自己因果关系极深的生命（比师尊师兄师妹甚至比羽龙因果都更深，因记忆切割掩盖了此人一切）。三石老人眼睛一亮，令龙菡一真身留天界另一真身随天忧魔祖前往地界寻找因果极深之人。,孟川赠孟御三份不死符保命，三石老人审问龙菡令其忠诚，龙菡感应到地界因果极深的孟御。
六劫境,救龙菡,战斗描写、转折高潮,战斗、高潮,三石老人令天忧魔祖活捉因果极深之人。天忧魔祖带龙菡离开宫殿赶路，天界浩瀚生灵稀少（元气浓烈暴烈尊者待着都会受伤，仅帝君劫境长期生活）。途中遇四劫境大能方睿等劫境帝君乘飞船，皆惊恐起身恭敬行礼拜见天忧魔祖（喜怒无常大魔头，三劫境及更弱者无比畏惧）。天忧魔祖带龙菡到地界，龙菡感应清晰指向十息距离。天忧魔祖毫无警惕（习惯坤云秘境无危险）。一道雷电从时空缝隙中劈来（完整雷霆规则比极限速度规则更快对时间流速影响更大），出现即到天忧魔祖眼前劈在其身上，天忧魔祖来不及反应魔躯瞬间湮灭消失（四劫境在五劫境面前毫无反抗，五劫境与六劫境差距更大，孟川仅一道雷霆未动用劫境秘宝便灭杀天忧魔祖坤云真身）。孟川令时间静止（对付弱小得多的龙菡可令时间彻底静止跳出时间线），取出三份不死符融入龙菡袖内（龙菡手指三滴血迹飞出融入不死符，帝君血液含元神印记），以元神六劫境三息恢复龙菡元神控制。孟川取龙菡一滴泛金色血液（帝君级龙族血脉），以血液为凭依锁定天界龙菡另一尊真身，一个念头令雷霆顺因果轰杀天界龙菡真身（避开了身边的龙菡真身）。域外虚空天忧魔祖洞府，天忧魔祖真身发蒙（家乡真身被瞬间灭杀连出手者是谁都不知道），判断一定是六劫境大能，坤云秘境除三石老人竟还有另一位六劫境，心惊肉跳不敢再掺和。坤云秘境界府旁宫殿，三石老人感应天忧魔祖真身消失，转头看到龙菡身体悄无声息崩溃湮灭。,孟川以雷霆瞬间灭杀天忧魔祖坤云真身，令时间静止救龙菡恢复其元神，以血液因果灭杀天界龙菡另一真身。
六劫境,孟川和三石老人,矛盾爆发、设定展开,冲突、设定,三石老人瞳孔一缩，在意龙菡丈夫而非龙菡小辈——界府被七劫境层次阵法布置，龙菡丈夫能轻易入内掌控控制法门且为外来者（坤云秘境可出不可进，三石老人不容其他六劫境掌控秘境，早当成碗里的肉）。三石老人迅速思考判断陌生六劫境瞬间杀死天忧魔祖救龙菡，不敢直接虚空挪移怕落入陷阱，令真身回归（一道流光降临与化身合一气息厚重）。孟川进入界府（沧元祖师布置阵法建通道令弱小者也可穿过云层阻碍进入，孟安之前借此进入修行但无法炼化界府，掌控秘境需六劫境生命才能承受负担）。界府千里广阔周围湖泊蔓延外有厚重云层（六劫境生命才能突破阻碍进入），元气和顺浓郁特殊气息令元神思考速度都快。孟川惊叹界府不凡（沧元祖师天地大殿仿造界府所创但庇护之效界府更高明，八劫境大能耗费心血所创如创造世界；界府对因果阻碍之效能混淆天机令因果模糊探测不到，秘境外探测秘境内生灵也受影响）。孟川感慨八劫境大能在因果方面更加高明，七劫境已匪夷所思八劫境远超七劫境。界府外悬浮宫殿，三石老人率手下飞出半空遥看界府。孟川从云层飞出（白衣白发压迫感不强，三石老人肉身六劫境压迫感恐怖）。三石老人指出孟川本可偷偷进入界府以阵法灭其真身掌控秘境却先救龙菡，问秘境是否赶不上龙菡性命。孟川承认（修行两千六百年跨入六劫境只差渡劫，盯着七劫境为目标，秘境能占就占不占也无妨）。三石老人以神龙一族百万族人（囚黑色小塔塔内世界）威胁：让秘境都活不让都得死。孟川嗤笑不屑称羽龙求自己才救其妻子族群懒得管，告知一尊元神分身已开始炼化界府数年内掌控秘境已赢了。三石老人不甘但不敢去界府（对方祖师阵法相助去是送死）。孟川提议公平一战：放走神龙一族不牵连小辈，胜者得坤云秘境。三石老人答应选天界为战场，令天界所有劫境帝君半个时辰内下界，扔出黑色小塔交还神龙一族。孟川元神分身带黑色小塔离去安置神龙一族、龙菡、孟御。,孟川进入界府掌控沧元祖师阵法占据地利，与三石老人对峙约定天界公平一战，三石老人放走神龙一族。
六劫境,六劫境之战（上）,战斗描写、环境铺陈,战斗、设定,"六劫境决战消息传开天界一片慌乱（六劫境在域外七劫境不出即无敌，天界沦为战场被波及都得死）。天界劫境帝君们惊慌迁移（劫境大多仅一尊真身在秘境死了没法回，帝君真身携众多宝物）。天界除天忧魔祖外仅八名五劫境，劫境不足千名帝君刚过万。界府洞天内孟御见到龙菡激动叫娘，龙菡泪水在眼（被孟川救下恢复自我后清楚之前发生的事，大量族人死去师尊师兄师妹死去满心惶恐，元神被控制时竟带敌人找自己孩子）。龙菡得知三石老人答应一战放回族人难以置信，孟川传音无需担心。天界只剩孟川和三石老人。三石老人询问孟川名号，孟川答""东宁""。三石老人略疑惑——搜集了时空长河九成九六劫境大能情报，却没听过""东宁""（外界以为孟川还是五劫境）。三石老人确认一战定坤云秘境归属不牵连小辈（这层次承诺即因果）。三石老人自述掌握六劫境规则后苦修近万年肉身突破，出拳——恐怖波动瞬间贯穿孟川身躯轰击到天界尽头（天界直径九百万里，世界稳固，一拳摧毁路径上所有高山宗派建筑撞击尽头才停）。孟川身躯残影消散出现在另一侧，郑重起来。孟川判断对方为大地一脉。孟川八个分身出现在天界各处以三石老人为中心，三石老人脸色微变（元神劫境最难缠分身众多）。孟川施雷霆大阵——元神世界笼罩八百万里（大半个天界），七劫境秘宝雷泽图阵法施展与元神世界完全结合，威力达更恐怖地步。",天界迁移为战场，孟川与三石老人天界开战，孟川以八尊元神分身加雷泽图布八百万里雷霆大阵。
六劫境,六劫境之战（中）,战斗描写、爽点设置,战斗、爽点,元神世界笼罩大半天界，凭空滋生水流般雷霆汇聚如浩瀚大泽。雷磁之力渗透三石老人身体内部欲撕裂肉身，外部有挤压拉伸排斥吸引压迫撕裂等种种力量完美配合疯狂绞杀（寻常五劫境踏入即瞬间分解成虚无）。三石老人肉身六劫境皮肤表层层层防御粒子厚重无比完全抵抗。三石老人全力调动肉身，体内每粒子如星辰爆发凝练为一股从双拳爆发，一瞬间上百道恐怖波动袭击四面八方穿过元神分身贯穿阵法轰击世界尽头，波动在尽头反弹继续追杀孟川分身（每道波动达光速影响时间流速）。孟川雷霆大阵压制削弱波动数次反弹后消失。三石老人身躯暴涨为百臂巨人（高一百二十万里，天界穹顶高度，双脚踏灭湖泊群山宗派驻地，长出百条手臂如山脉），天界太小任何距离都是近战。百条手臂全力围攻八个孟川分身（平均十余条围一个），终于擦过一尊元神分身令其破灭（三石老人知孟川真身携护身之物没那么容易轰破）。孟川又分化新元神分身（有真身为凭依四成元神本源湮灭都能瞬间恢复）。孟川耐心掌控雷泽图蓄积雷霆十五息（雷霆如水越来越多雷泽越来越大），一挥手十三颗寰宇珠飞出。十三寰宇珠为沧元祖师搜集的雷霆一脉七劫境秘宝中最厉害一件，疯狂吞吸雷泽之水个个变得庞大如小宇宙爆发的威势急剧暴涨。孟川令十三颗寰宇珠以光速轰击百臂巨人（时空扭曲下瞬间轰击到身上体型庞大躲不开），同时一柄以四成元神本源凝练的黑色魔锥从真身飞出轰击百臂巨人。,三石老人化为百臂巨人近战围攻，孟川以雷泽图蓄积十五息雷霆催发十三寰宇珠和魔锥轰击三石老人。
六劫境,六劫境之战（下）,战斗描写、转折高潮,战斗、高潮,"魔锥（沧元祖师寻来的元神秘术，爆发性冠绝各秘术，缺陷是无法刺穿对方元神就粉碎对自身伤害极大）先轰中三石老人，魔锥粉碎但意志冲击三石老人意识（元神剧轰鸣施展缓慢，体内蓄积波动力量混乱）。十三颗寰宇珠趁意识震荡尽皆轰击三石老人（断臂、胸口血窟窿、头部破开头骨碎片飞溅），三石老人踉跄站稳。孟川心惊三石老人肉身之强（魔锥威力弱些受的伤会更轻）。孟川施十三寰宇大阵（十三颗寰宇珠蕴含一套阵法令敌人陷入十三座不同空间，各有攻敌之法，如十二珠为辅一珠倾力一击、九珠为辅三珠为核心形成混洞），魔锥接连轰击令三石老人意识受冲击只能以部分心力应对。三石老人被困大阵无法抵达天界边缘，肉身不断受伤。三石老人承认孟川压他一头（雷霆规则较强攻敌毁灭方面擅长加速度优势，元神劫境以阵法压制碰不到真身，域外公认层次越高元神劫境比肉身劫境更可怕；种种宝物对劫境大能效果弱，不死符对六劫境完全没用）。三石老人这具真身未去过域外保命能力有限，翻手拿出赤色晶柱（孟川未发现）。三石老人大量血气涌入赤色晶柱自身变虚弱，跌倒刹那甩出——赤红流光瞬间撕裂大阵撞飞一颗寰宇珠穿透孟川元神分身。孟川真身及分身化作闪电粒子态，赤红流光疯狂贯穿摧毁元神分身。孟川真身躲入界府（天界中心在阵法范围内一瞬间即入）。孟川元神分身不断生灭掌控雷泽大阵和十三寰宇珠继续围攻。三石老人控制赤红流光撞五颗寰宇珠破十三寰宇大阵，伸手抓住最弱寰宇珠。孟川判断赤色晶柱为五色柱中的赤色血神柱（坤云秘境传说异宝，与秘境关系紧密无法带出，唯秘境之主才能掌控所有五色柱）。十二颗寰宇珠再度布阵引动被捕捉寰宇珠反抗，雷泽大阵汇聚雷霆怒劈三石老人。三石老人大笑称孟川输在机缘不够。界府深处一尊元神分身从沧元界时空传送抵达界府（带来八劫境秘宝天罚图），飞出界府加入战场。天空出现巨大眼睛（天罚图），三石老人莫名恐惧操纵赤色血神柱攻击。巨大眼睛中雷霆劈下（源源不断），赤色血神柱顶着雷霆往上冲速度越来越慢，三石老人操纵消耗血气越来越多。雷霆终于击溃赤色血神柱坠落，恐怖雷霆淹没三石老人。三石老人在绝望不甘中身体迅速分解湮灭，死前转头遥看界府方向孟川真身已出来。孟川默默道""死在八劫境秘宝下，你死而无憾了""。",三石老人以赤色血神柱反击破阵，孟川从沧元界时空传送带来天罚图，以天罚图雷霆击溃赤色血神柱灭杀三石老人坤云真身。
六劫境,掌控秘境,装备获取、设定展开,奖励、设定,"孟川收天罚图（八劫境秘宝，雷霆为引黑暗混洞令力量汇聚辅助引导时间空间汇聚凝练为一点化作天罚降临，沧元祖师搜集的八劫境秘宝中顶尖，雷霆一脉最适合孟川参悟战斗；之前卖的无量之心为垫底；肉身劫境第九次天劫即雷霆天罚故雷霆一脉最佳施展方法即仿造天罚）。孟川收三石老人战利品（坤云秘境搜集多年宝物大多在此）。域外虚空三石老人真身（新晋六劫境地位大升正志得意满却跌了跟头）平复心情（一座秘境并非输不起），遥看神女河域方向欲查孟川真实来历。界府洞天内，孟安（孟川时空传送天罚图时顺便带来）与龙菡、孟御母子团聚激动欢喜。龙菡告知师尊等族人已死，孟安拥抱龙菡自责。孟御询问祖父能否杀大敌，孟安龙菡相视答很难（敌人很强）。孟川告知已杀三石老人坤云真身，数年内炼化掌控坤云秘境成为秘境之主，日常管理交孟安（瞒着孟御），自己需静心准备天劫。孟川告知天忧魔祖、仇汐宗主坤云真身已灭（外界真身难杀，五劫境已分化第二尊真身赶往其他河域）。孟川当日召见坤云秘境七位五劫境（皆在意坤云秘境修行环境有牵挂，选择效忠）。孟川在界府开始炼化（八劫境大能创造的世界，成为秘境之主对修行有助益）。（本文件含""掌控秘境（上）""及""掌控秘境（下）""两部分内容，原文""掌控秘境（下）""编号为""第620章""系笔误，实为第九章延续，内容连贯。）炼化界府后第五年，孟川一念感应坤云秘境三界，观看孟御在九环魔窟厮杀颇为满意（察言观色能力比孟安和自己都强，或能成劫境）。孟川不赞同沧元祖师对孟安太过详细的规划（削弱自行摸索能力，好条件没了不知所措），对孟御采取给路可循其余自行挣扎摸索的培养方式。孟川从坤云秘境搜刮百余种奇珍（黄玉巢蓄积千余万年价值三万方、白色珠子、黑沙、九叶草等），合计约三十九万方；战利品约十七万方；五色柱为坤云秘境本源显化（参悟可感应秘境运转规则，时间稳定维持外界十倍、三界分割等皆为八劫境大能制定规则）。孟川发现奇珍中十五份有延寿之效。孟川掌握六劫境规则已九十年，决定让爹娘岳父及七月苏醒。",孟川炼化界府掌控坤云秘境（第五年功成），搜刮百余种奇珍约五十六万方，七位五劫境效忠，决定唤醒至亲。
六劫境,延寿奇珍,装备获取、设定展开,奖励、设定,孟川分化一道流光返回神女河域沧元界，留一尊元神分身掌控坤云秘境（界府为修行宝地，有最好修行环境）。界府有两座特殊静室（一座时间流速与外界一致、一座仅外界十分之一），可分别参悟时间流速变化（修行境界越高时间一脉越重要，纯空间规则为六劫境最强，成七劫境乃至八劫境须时间一脉极高成就）。孟川有野心成七劫境甚至八劫境（令沧元界成高等生命世界，但成八劫境希望堪称渺茫，一个时代诞生不出一个八劫境很正常）。孟川域外真身掌握雷霆规则后赶路比过去快数倍（六劫境中属顶尖，最快为掌握完整空间规则者），耗费近半月赶回沧元界。孟川心情极好（坤云秘境收获约五十六万方宽松多了），计划将奇珍留元初山或换永恒楼十万方基础宝物令沧元界再奢侈百万年（若渡劫失败希望百万年内出一位六劫境令沧元界扩张）。天地大殿宝库，白袍老者相迎，孟川归还天罚图（带到坤云秘境需换额度六十五万方域外元晶，沧元祖师给后辈弟子定下的价格，实际珍贵程度翻倍不止）。孟川要换一份延寿奇珍——火源液（另一宇宙奇珍，一滴二十万方，十九份延寿奇珍中最适合七月凤凰血脉者，延寿至三四千年接近纯血凤凰只差一线）。孟川到千山星永恒楼九楼为师尊秦五选延寿之物——世界树果实（八万方，令尊者级生命更加完善，世界树为传说中之物一根枝杈一个果子都价值极高，完整一株每个周期结三十六果实；孟川结费羽因果成八劫境需庇护费羽界十万年或送一株世界树给费羽界，始知一株世界树之珍贵即八劫境时间之珍贵）。,孟川归还天罚图换火源液（给柳七月），到永恒楼购世界树果实（给秦五），了解界府特殊静室及八劫境之珍贵。
六劫境,疯魔的鹏皇,矛盾爆发、伏笔深化,伏笔、冲突,孟川在永恒楼九楼接收世界树果实（薄皮果肉晶莹清香令元神激灵），将坤云秘境战利品大量换为适合沧元界的宝物（连虚空挪移符买十份，为普通成员身份最大额度）。沧元界天地大殿，孟川将三十五万方宝物（银色手环）及书册（详细记载所有宝物及从祖师宝库换出七十万方的换取要求）交白袍老者，共一百零五万方全部留给沧元界（沧元祖师赠孟川共一百三十万方，孟川绝大多数留给族群）。白袍老者震惊（面临天劫劫境们拼命用尽每一份资源增加渡劫把握，孟川却将过百万方留给族群，过百万方完全能令渡劫把握再提高数成）。孟川称世界秘宝帮助最大其他不值得。千山星囚魔牢狱，孟川到鹏皇域外真身处取其手臂血液为凭依。鹏皇冷笑称孟川堂堂五劫境想隔着生命世界因果斩杀三劫境做梦（五劫境做不到，六劫境借助分身因果也仅部分把握，生命世界阻碍太强）。孟川以血液为凭依离开。妖祖洞鹏皇家乡真身焦急（这些年不惜性命走妖魔之路悟出四劫境规则但未完善肉身法门，抵抗因果仍为三劫境层次；域外真身被活捉后孟川先杀星诃玄月令鹏皇恐慌走最疯狂妖魔之路，疯魔八十余年悟出四劫境规则后发现孟川未透过因果杀他遂暂停琢磨肉身法门；如今孟川终于动手来不及完善肉身只能看命运）。沧元界七劫境秘宝世界，孟川以天罚图之力（金色雷霆手指粗细瞬间劈下）因果传递至妖界妖祖洞鹏皇体内。鹏皇身体瞬间分裂成大量粒子有残余雷霆游走，紧跟着剩余粒子凝练恢复——撑住了（妖祖洞削弱因果之效救命）。,孟川留一百零五万方给沧元界，以鹏皇血液为凭依天罚图因果杀鹏皇，鹏皇走妖魔之路悟四劫境规则撑住一击。
六劫境,柳七月苏醒,人物心理、情感展现,情感,鹏皇庆幸逃过一劫（妖祖洞削弱因果救命），判断孟川仅五劫境请六劫境帮忙代价不小失败一次不舍得再请，认为请七劫境才有十足把握但孟川连见七劫境资格都没有，决心尽快完善肉身法门提升肉身。千山星，孟川判断失败在预料中（自身因果与鹏皇够深以血液为凭依都失败，天罚图爆发实力在六劫境中算上等，请其他六劫境也无成功把握），决心渡劫成功后结交七劫境再请七劫境帮忙（七劫境隔着生命世界杀四劫境有十足把握）。孟川很确定鹏皇修行七千多年才成三劫境的资质无大机缘此生无望五劫境，被逼在妖界内无法进域外不可能得天大机缘。孟川召见景云洞主（掌握三种五劫境规则的八首吞星蛇，千山星），告知即将渡劫，托付渡劫失败则千山星交景云洞主处置，要求庇护沧元界修行者视同同族、三湾河系妖界任何修行者胆敢出来都击杀（景云洞主果断答应）。沧元界元初山洞天千年殿，孟川开启千年殿大门（殿内个个被深蓝色冰层冻结，至少封王神魔，元初山隐藏战力）。孟川站在妻子身旁（妻子沉睡时自己九十九岁，如今两千六百零五岁，漫长孤独修行太久了），唤醒柳七月。柳七月睁眼看到孟川笑了（说过醒来后一睁眼就要看到孟川，孟川没有食言）。孟川告知沉睡两百六十四年，妖圣通道开启后入侵妖族被轻易斩杀，星诃玄月两位帝君已被隔着生命世界斩杀，鹏皇达三劫境暂时无法隔着世界斩杀，自己勉强算六劫境（渡劫成功才算）。柳七月震惊离沧元祖师只剩一步，孟川告知自己修行了两千多年。柳七月问是不是很孤独，孟川承认做梦都梦到俩在一起的日子，妻子苏醒后生命又圆满了。,孟川因果杀鹏皇失败决心渡劫后请七劫境，托付景云洞主千山星后事，唤醒沉睡两百六十四年的柳七月。
六劫境,圆满（上）,情感展现、装备获取,奖励、情感,孟川告知渡劫短则数年长则过百年，有把握。孟川柳七月回江州城孟府，孟安孟悠兄妹等待（孟安已成三劫境，孟悠达封王神魔；沧元界普通神魔数量是孟川少年时十倍，尊者三十五位封王神魔两百八十二位大多近一两百年突破很年轻）。孟川带出三位老人——孟大江、白念云、柳夜白。孟大江笑呵呵感慨醒来还能看到儿子儿媳孙子孙女，与柳夜白拌嘴。孟川为三位长辈延寿到两千年（长辈实力都弱延寿到第一界限两千年不算什么）。孟大江震撼，孟川取玉瓶（液体如蜂蜜甜带清香），孟大江喝下后身体微微颤抖全身痒（生命本质变化），眼睛清澈黑白分明皮肤皱褶没了变年轻，强大气息蔓延（提升为尊者级生命，如特殊生命幼年即尊者级）。孟川解释域外很多出生即尊者级，成帝君须靠自己修炼（延寿奇珍只能令凡俗延寿到尊者级极限五千年）。孟川又取玉瓶给白念云、柳夜白、孟悠（孟悠修行三百余年身体衰老无望尊者），三人生命层次皆提升。孟川取出一滴火源液（火焰呈滴水状泛十色蕴含不同火焰力量，在场人人感觉凡俗仰望太阳高不可及，比八劫境秘宝无量之心还略高一丝丝），在孟川控制下缓缓飞向柳七月透过衣袍渗透进身体。柳七月体表火焰肆意爆发（蔓延过孟府甚至整个江州城但其他人看不见伤不到正常空间一根小草），孟川令其处于另一层空间。孟悠孟大江等困惑，孟安感应到母亲在另一层空间。孟川观看妻子蜕变（稀薄凤凰血脉急剧变化变得精纯）。,孟川唤醒父母岳父女儿并以延寿宝物令四人生命提升到尊者级，柳七月服火源液凤凰血脉蜕变。
六劫境,圆满（下）,情感展现、悟道,修炼、情感、爽点,"柳七月火焰肆意爆发生命蜕变（先达普通尊者级继进化媲美凤凰族群旁支血脉），半个时辰后宛如火焰神灵散发的火焰足以重创帝君，睁眼收敛火焰皱纹少了许多依旧雪白长发。孟川将妻子挪移到正常虚空。柳夜白惊讶女儿依旧白发（一头乌黑长发），柳七月笑看孟川没多说。孟川告知七月服用的是特殊延寿宝物效果比预料好。柳七月凤凰血脉提升很多精纯很多自然施展火焰比过去强太多。孟川一眼看出妻子如今拥有四千三百年寿命（生命本质离纯血凤凰纯血龙族只差一线，但这一线是天堑，火源液也无法提升到真正纯血凤凰；整个时空长河凤凰龙族诞生纯血难度很大，孟川闯荡域外多年未碰过纯血龙族或凤凰）。当晚江州城孟府湖心阁，一家人聚餐（孟大江白念云柳夜白孟川柳七月孟安孟悠），长辈询问晚辈回答。孟安告知有曾孙在坤云秘境（妻子儿子都在那），众人大惊。孟川告知已掌控坤云秘境（过万帝君近千劫境，修行者数量抵十座河系），将来送沧元界修行者去历练。孟川独自到书阁，很久没有强烈绘画冲动（上一次是战争获胜绘画《脊梁》），此夜想要记录这一幕。孟川绘画《圆满》（夜空星辰璀璨星河浩荡，夜空下一家人聚餐，百年桃花树花开正好花瓣散地，母亲白念云柳七月孟悠低声聊天满脸笑容，父亲孟大江岳父柳夜白举杯高谈孟安倒酒）。孟川感悟""修行讲究心之所向披荆斩棘无可阻挡，但心也需有归处有归处方才圆满""，家人是心灵归处，有他们才是圆满的，为享受更多这样的日子一定会渡劫成功。妻子苏醒后及绘画时间，孟川心灵意志缓慢变化（元神星辰缓慢旋转越加圆满强大，元神方面最在意心灵圆满，攻杀有所欠缺但防御稳定方面很强大）。两天后孟悠回见丈夫杨诚（元初山天才，一百五十三岁跨入尊者级），告知父亲令其生命提升到尊者级。孟悠心事重重想为儿子杨源求延寿（修行两百八十余年封侯神魔离大限不远），杨诚严词劝阻（延寿奇珍珍贵无比，沧元祖师时代才有延寿先例，岳父愿为孟悠延寿已是天大恩赐绝不可强行索求；杨源逍遥一生并无大功凭什么得延寿奇珍；若源儿达大限可先沉睡一瞬千年阵法，将来夫妻成帝君后按宗派规矩分得祖师宝藏再为儿子延寿才是正途）。",柳七月火源液蜕变达四千三百年寿命，孟川绘画《圆满》感悟心灵归处令心灵意志提升，孟悠想为儿子求延寿被杨诚劝阻。
六劫境,再进魔山,悟道、伏笔深化,伏笔、修炼、爽点,江州城孟府书房，孟川悠然绘画柳七月一旁写字（妻子沉睡后孟川动笔罕见，如今心情格外放松）。柳七月询问孟川是否看出孟悠心事（杨源封侯神魔三百年大限将近），孟川眺望虚空俯瞰沧元界众生：九百余年战争神魔战死二十三万多凡俗士兵以亿为单位，真武王薛师兄等天赋横溢者为族群战死，杨源生来锦衣玉食无忧无虑近三百年还想怎样。孟川称帮至亲延寿罢了，第三代有天赋给少量修行资源当宗派核心栽培，没能力不浪费资源，若孟悠杨诚想救靠自身。孟川告知七月留有一份宝藏若渡劫失败由七月掌管希望不娇惯后辈。孟川告知另一真身已前往魔山遗迹磨炼元神（上次伏遂带进来的四人命运不同：孟川基础深厚离六劫境只差渡劫实力最强；伏遂走顿悟之路一步登天悟六劫境规则但后患无穷；蒙虎来自高等生命世界天梦界部分收获祸患缠身靠家乡拯救；黑风老魔原本最弱从仅一种五劫境规则凭魔山攀升到临近掌握六劫境规则祸患又小；孟川心灵意志够强在第三道路走得够远成魔山普通成员收获压黑风老魔一头。魔山普通成员门槛非常高，创造者定此门槛因达到才值得看重）。孟川域外真身第二次进魔山，山脉绕半天捡两处收获价值过万方，踏上第三道路走到过万里（上次放弃处），此次轻松多了（心灵意志更强元神星辰法门感悟更深元神愈加稳固）。孟川按习惯每走一步停下仔细感受从魔山山顶传下的声音体悟后再迈步，以极慢速度前进。魔山第一通道顿悟之路中岩石巨人古漠星主（苍盟成员）已悟出第二条五劫境规则，仰望上方发现过万里处第三道路有人，辨认出是东宁（孟川），孟川转头回看一眼（心灵意志强大），岩石巨人脑海瞬间一片空白。岩石巨人震撼孟川元神压迫之强，判断成元神六劫境。,孟川再进魔山第三道路过万里轻松前进，心灵意志之强一眼令岩石巨人古漠星主脑海空白，暴露六劫境层次。
六劫境,消息,伏笔深化、人物心理,伏笔、情感,苍盟空间角落，雪玉宫主落寞独坐（疯癫越来越严重清醒时间越来越短，其他劫境划清界线离得远远的；雪玉宫主后悔知道心灵意志较弱却因羡慕嫉妒黑风老魔实力大进而踏上第二通道即附身之路，如今元神祸患越来越严重或许有一天永远疯了）。岩石巨人古漠星主在苍盟空间告知其他劫境：东宁城主又出现在黑山遗迹内且似乎已达六劫境。其他劫境议论（东宁因果前些年忽然模糊无法确定位置，从这点来看真有可能是六劫境；突破到六劫境瞒不住，和外界打交道终究暴露）。雪玉宫主听到熟悉名字心中说不清滋味（孟川因果更模糊了，同批次三湾河系来苍盟都去了黑山遗迹，自己大半时间疯的孟川却成六劫境），轻轻叹息身影消散。魔山内一批五劫境各有手段小半能看到孟川，消息在苍盟空间传播得到各方证实。伏遂在大船静室中痛苦捂脑袋忍元神剧痛（剧痛缓慢增强），取出醉心丹吞下缓解疼痛（醉心丹效果在以非常缓慢速度下降）。伏遂发现五劫境透过苍盟空间留言询问东宁再进黑山遗迹之事，伏遂震惊联系孟川确认（孟川称只能单独进无法携带他人，伏遂松了口气保住独门生意；孟川告知进遗迹前便临近突破出来后静修些时日便突破了，念伏遂一份人情）。伏遂愣愣的（自己付出那么大代价仅永久半步六劫境元神之伤折磨，孟川却彻底成六劫境）。消息传播到苍盟六劫境、七劫境成员引起有心人关注。,孟川成六劫境消息在苍盟空间传播证实，雪玉宫主落寞感叹，伏遂震惊确认，消息引起七劫境关注。
六劫境,垂钓,人物引入、悬念设置,人物、伏笔,域外虚空，鬼墨之主（深紫色衣袍眼神阴冷，苍盟六劫境中名声最差阴狠毒辣不择手段，追随七劫境大能麟祖）赶到千山星外，渴望进入魔山（六劫境到七劫境是天堑，七劫境是传说）。孟川雷霆规则领域察觉其侵入降下元神化身。鬼墨之主见孟川果真达六劫境，急切询问如何进魔山。孟川直接说能进但帮不了别人。鬼墨之主以三万方域外元晶买情报被拒，以麟祖恐吓（孟川来自沧元界，沧元祖师关于时空长河顶尖势力暗中规则有记载：六劫境大多依靠某位七劫境派系，七劫境仅二三十位每一位算一方派系，六劫境属下是七劫境重要帮手；鬼墨之主认为新晋六劫境无大靠山底气不足能吓一吓）。孟川称真想买二十万方（鬼墨之主气急而笑，其全部积累也就过五十万方很多是有用宝物）。孟川直接消散离开（千山星阵法座座禁止陌生六劫境靠近三千万里），鬼墨之主恼怒却不敢冲进对方老巢（有阵法相助去是送死），记恨离去。孟川明白永恒楼虽松散自由但六劫境成员稀少在乎每一位安危，渡劫功成后上禀永恒楼地位提升为骨干。竹林湖泊前，白发老者（界祖，元神七劫境，当代三位元神七劫境之一，苍盟唯一七劫境，威名远播，临近寿命大限超十八万年）垂钓（钓钩连接不同时空显现一位位修行者画面）。青衣女子雨溪飞来恭敬称界祖（界祖对她如父亲如师尊），禀报三少爷不听劝已强行抓回。界祖称庇护数万年但无法永远庇护，死后怕种种反噬而来（外界传说界祖临近八劫境，实则差很远）。界祖作为苍盟唯一七劫境拥有苍盟空间部分掌控权，空间内一切主动记载定期传给界祖。界祖看到苍盟最新情报——有六劫境进入魔山，猜测东宁城主孟川成魔山成员。界祖一拎钓竿，千山星静室中的孟川元神分身直接从湖水中飞出落到一旁（在重重阵法保护下被直接抓来），孟川看到普通如凡俗老人的白发老者笑吟吟看着他。,鬼墨之主来犯千山星被孟川拒绝，界祖（元神七劫境）以垂钓从千山星静室直接抓来孟川元神分身。
六劫境,界祖说魔山,设定揭示、核心伏笔,伏笔、揭示、设定,孟川发蒙（六劫境元神分身在千山星重重阵法保护下被直接抓来，透过与沧元界遥遥感应明白距离无比遥远至今最远一处，对方实力远远超过自己），判定遭遇到无法抵挡的存在。孟川认出界祖（七劫境大能时空长河地位太高，顶尖势力评判标准为当代有七劫境大能；界祖为当代七劫境最年老的一位且为元神七劫境，论实力论地位不亚于当初沧元祖师）。孟川恭敬行礼自称东宁。界祖笑称孟川修行仅两千多年的元神六劫境单论天资还在刀剑客之上（刀剑客为苍盟六劫境中最特殊者，掌握七劫境规则已有部分七劫境实力，正常六劫境扛不住其一招，但刀剑客悟出极限绝学直接提升到五劫境修行三千六百年才成六劫境）。孟川称未渡劫算不上真正元神六劫境。界祖称孟川身为六劫境还能再进魔山至少是魔山普通成员，单凭这一点渡劫有九成把握。界祖告知魔山对七劫境不是秘密，七劫境们都知道魔山但有意保密（沧元祖师没记载不愿后辈知晓）。界祖详述魔山三条路：第一条顿悟之路踏上五劫境不知多少凭此成六劫境者过万数但无一例外要么疯要么入魔没有好下场；第二条附身之路附身一位位六劫境（都是历史上通过顿悟之路成六劫境者会发疯或入魔），即便保持本心汲取万千错误道路最终大多走入岔道疯或入魔，历史记载有三位从万千道路悟其根本掌握七劫境规则（筛选方法太残酷不可取）；第三条心灵之路无后患但最难，行万里需心灵意志达肉身七劫境正常水准（元神六劫境顶尖水准），五万里需肉身七劫境顶尖水准（元神七劫境门槛水准），走到山顶需肉身八劫境所需水准（肉身七劫境们常去魔山走心灵之路验证是否达肉身八劫境，但元神劫境走到山顶离元神八劫境依旧有本质差别；元神劫境到后期需不断提升心灵意志，达到元神八劫境层次心灵意志太难）。界祖讲述八劫境（魔山主人）：掌握时间空间可跳出时间长河回到过去前往未来前往其他宇宙，活在不同时代在如今时代活数千年再跨越时间在百亿年后活数千年；过去不可更改只能旁观（如观看宇宙诞生死去八劫境大能历史），未来有无限可能故更多前往未来或其他宇宙；跳过的时间无法存在，当代无八劫境存在。界祖遗憾无法见八劫境问道，无法离开这一座宇宙只能等待大限到来。,界祖告知孟川魔山三条路真相（顿悟之路过万成六劫境者无一好下场、附身之路仅三位悟七劫境规则、心灵之路最难），详述八劫境可跳出时间长河但当代无八劫境。
六劫境,机缘和命令,核心伏笔、设定揭示,伏笔、揭示、设定,孟川了解沧元祖师宝藏卷宗至今有部分自己没资格探查，关于八劫境记载极少（沧元祖师认为连六劫境都没到了解八劫境无意义）。界祖讲述八劫境与七劫境本质区别（七劫境是时空长河中的鱼，八劫境在岸上可选择未来进入河中或前往其他河流）。界祖看好孟川天赋比刀剑客还高一筹此生有望七劫境将来或冲击八劫境。孟川称只想一步一个脚印先度过第六次天劫（一个时代出不了八劫境甚至十个时代也出不了）。界祖称便是再给十倍寿命也没把握成八劫境，一翻手取出金色叶子赠孟川——元神八劫境传承《永恒之路》（受时空长河规则限制学了即粉碎，界祖曾刻意搜集过多种元神八劫境传承），要求孟川将来有机会帮忙照顾后辈雨溪、风潇及家乡永山界（要求含糊全凭孟川心意算很低）。孟川收下传承记下恩情（沧元祖师为肉身七劫境元神一脉知之甚少连《元神星辰》也是偶然得之，如今两门元神八劫境传承在手能得到更多指引）。界祖建议：元神八劫境传承可以学习但不可完全遵循，每一个元神八劫境都是开拓出自己的道路。界祖一拂袖令孟川跌入湖泊时空变幻回到千山星静室（一切没变如一场梦，手中金色叶子证明不是梦）。孟川感慨机缘苦苦追寻不一定得到踏实修炼一样机缘天降（有同为苍盟成员的关系更主要是自身潜力得界祖认同，临近大限的界祖才愿结善缘）。孟川服丹药一缕元神念头渗透金色叶子，大量讯息涌入——与《元神星辰》截然不同但不逊色的传承显现（一片汪洋大海海水不断汇聚令大海越广阔越幽深，海水运转蕴含种种玄妙，海洋即时空，时空有巨大塌陷点一切时空运转围绕此点汇聚酝酿）。伏遂在大船殿厅内兴奋（黑山遗迹名气越来越大消息传到苍盟外吸引更多修行者慕名而来，赚点就送回生命世界家乡真身除非八劫境出手否则威胁不到）。六方天六帝之一许帝君（高瘦男子六臂眼神冰冷，掌握七劫境规则未修炼七劫境肉身，时空长河排名前一百）强行穿透时空穿过大船层层阵法来到伏遂殿厅。许帝君奉星楼会（整个时空长河超过一半七劫境大能共同签订约定）命令禁止伏遂再送任何修行者进入黑山遗迹（拒绝则所有真身分身在生命世界外出现的一刹那便湮灭）。,界祖赠孟川元神八劫境传承《永恒之路》（可学不可完全遵循须走自己的路），许帝君奉星楼会命令禁止伏遂再送人进魔山。
六劫境,时空之海,悟道、伏笔埋设,伏笔、修炼、爽点,伏遂遵令，许帝君一个念头锁定大船内其他五劫境，宣布黑山遗迹归自己，将一群五劫境扔到周围数个河系不同区域，令伏遂对外宣称许帝君禁止再送人进去。伏遂向往许帝君实力（双方差距太大），盘算已连续送四批进去赚了三十余万方算不少了。千山星，孟川接受《永恒之路》传承（海水汇聚成海洋即时空之海，时空有巨大塌陷点一切运转围绕此点）。孟川明白《永恒之路》比《元神星辰》修行门槛高（元神星辰门槛低元神五层能入门对心灵意志要求不离谱；永恒之路对元神境界无要求但对技艺境界心灵意志要求极高，必须对时间空间都有所参悟方能领悟，专精虚空或时间一脉者无法看懂，建议元神五劫境后才开始修炼）。孟川元神分身尝试：元神星辰散开为基本元神念头，重新结合为时空之海（无数念头为水滴以时空奥妙汇聚），以雷霆规则参悟时空之海隐隐显现雷霆仿佛雷霆大泽。时空之海中央无数念头汇聚遭到极大压迫（法门自然产生压力），孟川仅一尝试便觉得压力可怕核心元神念头开始崩溃（元神分身终究太弱），调回域外真身（域外真身拥有大半元神本源根基元神强大得多）。同时经历魔山声音和永恒之路法门双重压力会相互干扰修行效果不好，故调回域外真身全身心投入。孟川感悟两门传承区别：《元神星辰》强在元神可缓慢增强对心灵意志有助益（温和缓慢提升）；《永恒之路》元神并无增强而是形成时空之海不断压迫元神须时时刻刻以心灵意志抵抗压力逼迫心灵意志蜕变（残酷，抵抗不住时空之海崩溃无法持久修炼）。《永恒之路》需享受压力在压力下找到心灵意志缺点完善它令其蜕变（无需外界压迫元神法门直接内部淬炼），以时空之海铸就永恒之路。孟川明白正如界祖所说想成八劫境终究要走出自己的路。又过去大半年，沧元界与妖界之间世界间隙缓慢崩溃中（两个生命世界逐渐远离，缓慢崩溃怕持续数百年）。安海王（犹如深青色寒冰雕刻，皮肤色泽黯淡生机活力弱，转化为寒冰生命但临近寿命大限）抬头默默看着，三百年刑期期满之日，可以回家乡了。安海王飞三千里到连接元初山的节点，赤手空拳出八拳轰破世界膜壁看到另一端阳光明媚鸟语花香的元初山，穿过来到元初山。秦五和晏烬飞来冷漠看着安海王。,孟川修炼《永恒之路》以域外真身承受时空之海压力，安海王三百年刑期满回到元初山见秦五和晏烬。
六劫境,安海王的落幕,矛盾收束、情感展现,冲突、情感,安海王恭敬行礼师尊秦五。秦五冷声告知三百年期限已满，元初山允许人世间行走三天，三天后必须回元初山终生不得再下山。安海王接受。秦五离去（沧元界有孟川无形领域自然覆盖，任何事瞒不过孟川）。晏烬冷漠质问安海王（薛廷）可知错可后悔（至今不认这个父亲）。安海王大笑称知什么错后什么悔，称年幼苦难造就子女成就（晏烬成封王神魔、五哥有成就），应感激年幼经历。晏烬气急（三百年过去依旧疯魔，娘亲等可怜人被暗中刻意安排沦落凄惨下场至今不在乎）。安海王称牺牲凡人培养出封王神魔对族群有贡献。晏烬怒而拔剑（苦修三百余年自创一套剑法，汲取万剑宗经验学群星楼传承，洞天境中期），剑光耀眼出现安海王胸口。安海王赤手空拳接招（世界间隙修炼三百年已达洞天后期），交锋数十招后晏烬撞击山腰重伤败北（晏烬认为元初山修行资源大提升孟川讲道应能超越安海王，但安海王天赋更高修炼时间更长）。安海王淡漠称晏烬差了些（若五哥修炼三百年怕能超过自己）。晏烬怒斥安海王不择手段只为提升实力甚至不择手段栽培子女，做人做事教导子女不能不择手段走歪道否则偏差万里。安海王自问路偏了，看看自己寒冰形成的双手没说话破空离去。三日后安海王回元初山，向秦五转达：人世间比过去繁华精彩多了，这是做梦都想要看到的世界，请告诉孟川很感激完成其最想要的梦；请告诉晏烬这一生路的确走歪了牵连了他和峰儿等很多人；这辈子走到尽头了辜负师尊期待。安海王恭敬行礼后抬头直起身子身体开始溃散化作尘埃彻底散去。秦五默默看着徒弟消散。孟川凭空出现评价安海王（年幼凄惨见人世间最黑暗一面性子扭曲，害了妻妾子女大量凡人神魔危害极大，但镇守安海关多年救了很多人巡守世界间隙三百年也有功）。孟川告知师尊近期闭关有重要事可找否则不打扰，提醒秦五尽快服用延寿宝物。秦五称离大限还有数百年若大限前三年依旧不突破再服用（不愿轻易使用珍贵延寿奇珍）。孟川为族群宗派至交好友孙儿外孙都准备了礼物，转身离去更专心闭关修炼（有感觉第六次天劫不远了）。,安海王刑期满回元初山，与晏烬交手令其败北，醒悟自己路走歪了后身体溃散而亡，孟川评价其功过。
六劫境,第六次天劫,转折高潮、悬念设置,伏笔、高潮,孟川将一切事务交给别人暂别父母妻子彻底闭关，因《永恒之路》已有些痴迷（元神化作时空之海折磨自身，内在压力下更有望找到心灵意志缺点；发现过刚易折有时圆润些抵挡轻松多了，因势利导）。初次修炼最易发现弱点（随着诸多弱点解决法门逐渐陷入瓶颈，越往后剩下的弱点越难攻克）。孟川常去混洞深处修炼（黑暗混洞影响时空影响元神，时空之海受混洞影响更扭曲不稳定压力更大更利发现弱点）。转眼得到《永恒之路》十五年陷入瓶颈（容易解决的弱点都解决了剩下的源自本心），冥冥中感应第六次天劫要来了。孟川一迈步连续闪动三次抵达沧元界进入天地大殿最高楼阁（混洞洞天离沧元界最近）。坤云秘境界府洞天静室（时间流速与外界一致）的元神分身透过窗户看到孟御、孟安、龙菡，默默道不知是否还能回到这座秘境，随即散去。孟川看了眼千山星修炼中的徒弟高方赵红袖及景云洞主八首吞星蛇族群东宁城修行者们（渡劫失败千山星将来已安排好），散去域外真身元神念头，散去所有元神分身，以唯一真身应对天劫。第六次元神天劫降临（劫境之劫没有任何力量能阻挡，从冥冥中感到降临仅十余息）。元神之劫虚无缥缈，即便心灵意志足够高也不敢说十足把握（针对元神弱点心灵弱点；若技艺境界够高如掌握七劫境规则元神强横媲美七劫境来渡第六次天劫会轻松得多，七劫境元神是大山六劫境层次元神是石头第六次天劫是狂风）。恐怖力量穿过天地大殿阻碍钻进孟川识海，识海内有化作星辰模样的元神（修炼最久的元神星辰以最自信形态应对）。一团团虚无之焰如陨石砸入元神（无颜色，令时空扭曲成火焰外形故称虚无之焰）。孟川以元神星辰法门运转加强大心灵意志统领加世界秘宝镇守，完全抵抗住所有轰击。虚无之焰附在元神上燃烧有一丝丝火焰渗透元神影响元神世界。元神世界（雷霆世界）中央雷山飞起砸向虚无之焰，元神世界震颤虚无之焰丝毫无损纠缠在元神世界中。意志如刀剑调动元神世界力量全力围攻欲驱逐，火焰渗透元神世界内无法毁灭。随着时间流逝附在元神上的虚无之焰越来越多渗透进元神世界的火焰越来越多，孟川对元神世界掌控变弱。孟川意识到虚无之焰无法消灭只会不断增强（依附渗透燃烧不灭），任由下去恐怕整个元神将燃烧成一团虚无之焰彻底湮灭。,孟川闭关修炼《永恒之路》十五年陷入瓶颈，第六次元神天劫降临，虚无之焰依附渗透燃烧不灭无法消灭令孟川对元神世界掌控变弱。
六劫境,法门雏形,悟道、转折高潮,修炼、高潮、爽点,孟川冷静思索（各种办法都无法阻挡虚无之焰更别说驱除，元神法门心灵意志世界秘宝只令侵蚀慢些），决定换一种元神结构——时空之海（得到《永恒之路》后有了第二种强大元神结构）。元神念头构成时空之海缓缓旋转凝聚产生内生压力，表面依旧有虚无之焰燃烧但侵蚀发生变化（不同位置侵蚀有快有慢，元神星辰圆坨坨每处侵蚀速度一样）。孟川仔细感受参悟（时空之海时刻荡漾旋转凝聚时刻在变化，有的地方侵蚀慢为何慢有的快为何快），渐渐有所领悟，与过去多年修行感悟融合碰撞出灵感。孟川早有以《元神星辰》为根基创出最适合自己的元神法门的构想（发现《元神星辰》虽适合自己但和费羽前辈不同越往后区别越大），此次学了《永恒之路》更多感悟加上渡劫遇虚无之焰的新灵感，一门法门雏形在脑海形成。孟川变化元神结构：七成元神念头汇聚元神星辰（内为永恒不灭，费羽前辈追求永恒不灭元神稳定坚不可摧），三成元神念头形成水流层覆盖表面（外为随生随灭，汲取时空之海经验；阴阳结合外柔内刚才更稳定更能承受冲击压力；时空之海不完全符合自己性子因一直在折磨自己，元神星辰也不完全符合自己太过刚硬，孟川行事该忍则忍该拔刀才拔刀如今这结构最符合心意）。孟川将沾染虚无之焰的元神念头全部移到最外围水流层，内在星辰全无沾染，一个念头令外围水流层元神念头全部溃散湮灭自损三成元神本源令虚无之焰无依附，以自身元神恢复力迅速恢复三成崭新元神本源覆盖星辰表面。虚无之焰重新纠缠上来（这一招不行）。孟川在水流层验证一种种应对方法（参悟出时空之海侵蚀慢处的技巧以水流层施展），水流层涌动变幻虚无之焰侵蚀开始变弱整体逐渐侵蚀变弱。孟川有战争的感觉（对手是越来越多的虚无之焰，军队是无数元神念头、雷霆规则、两种八劫境传承蕴含的运用之法及强大心灵意志统领），追求让元神有更强抵抗侵蚀能力。内在元神星辰为根基（源源不断兵营），外围水流层为作战战场可尽情对敌（水流层有损失迅速恢复补充，试验错了虚无之焰渗透到内层元神星辰以元神星辰稳定强大渗透很慢，立即将沾染念头移到水流层内部自然恢复损耗）。虚无之焰不断降临附在元神上的越来越多渗透元神世界的越来越多，但孟川一次次试验下水流层抵挡侵蚀效率越来越高侵蚀速度降至一开始的一两成。突然没有新的虚无之焰降临，神秘浩瀚规则退去，虚无之焰仿佛失去力量源头个个消散。孟川惊愕（还在完善新法门呢），原来抵抗虚无之焰达到时间界限便算渡劫功成（以原本心灵意志和世界秘宝不创出新法门也能撑到现在，可惜天劫太短若多维持两三倍时间法门能更完善）。孟川渡劫成功成真正六劫境（元神经历虚无之焰灼烧锤炼略有蜕变），心情极好，去告诉七月。,孟川结合《元神星辰》和《永恒之路》创出新元神法门雏形（七成元神星辰为根基三成水流层为战场），抵抗虚无之焰达到时间界限渡劫功成成六劫境。
六劫境,老主人的一半宝藏（本集终）,核心伏笔、设定揭示,伏笔、揭示、设定,江州城外无名小山，柳七月盘膝闭眼修行（丈夫闭关后七月有压力知道渡劫可能失败，为防止多想每日几乎所有时间用于修行；服火源液血脉接近纯血凤凰修行顺畅火焰一脉感悟自然涌上心头效率比过去快十倍不止；真正纯血凤凰即便不用心修炼随时间自然成长最终较轻松成帝君圆满媲美五劫境大能实力，七月稍逊一筹但进步迅猛且比纯血凤凰刻苦认真得多）。孟川跨过虚空出现笑看着七月，告知已度过第六次元神天劫渡劫功成。柳七月又惊又喜。孟川称六劫境阶段会修行很久可好好陪七月帮助沧元界（之前虽有六劫境实力但立即面临天劫很多事来不及办，对待家族后辈都有些苛刻——若渡劫身死应更节省资源）。对待后辈可稍稍宽松些（有潜力封王神魔三四百岁肉身开始衰老可赐宝物恢复巅峰生机约百方奇珍即可，元初山早期都用了相对便宜的奇珍但孟川可透过永恒楼大肆购买）。孟川感叹可惜王师兄真武王（当初战争沧元界被封锁无法前往域外，否则为真武王购买恢复巅峰生机宝物元初山还是舍得的）。孟川提及送沧元界尊者去坤云秘境栽培（坤云秘境为栽培沧元界尊者的重要场地）。孟川分另一尊真身在天地大殿见白袍老者护法神。白袍老者激动以青铜镜（古朴秘纹）照孟川，鉴定为元神六劫境年龄两千六百二十二年（沧元祖师当年成六劫境比孟川大多了）。孟川因创出帝君极限绝学直接提升到五劫境故相对快些（但一时快不代表后面也快，同时代七劫境才多少便知绝大多数帝君极限绝学创造者成不了七劫境）。白袍老者告知沧元祖师推测沧元界除他外再出七劫境可能性低到可忽略，故万年以内成六劫境即可得沧元祖师宝藏一半及知晓所有秘密（仅可本人知晓不可告诉外人包括最亲近之人）。白袍老者讲述时空长河派系格局：当代无八劫境，七劫境二三十位掌控几乎所有顶尖资源分派系（单独成派系或两三个组成派系），六劫境须投身派系才能享受资源否则绝大多数资源连碰的资格都没有；永恒楼非派系而是松散交易组织内部有好些七劫境大能各有目的，永恒之眼为特殊存在（非修行者实力媲美七劫境寿命永恒忠诚维护永恒楼事务庇护六劫境核心骨干即便不加入派系也受庇护）；成六劫境消息公开后将面临选择投身哪一派系（先了解派系划分不急，真正强大派系估计三五个）。白袍老者带孟川进入幽暗之地，告知沧元祖师一生最大机遇——曾幸运得到一件永恒秘宝（永恒存在炼制出的秘宝，藏匿于沧元界从未外宣唯恐惹来无穷麻烦，幸好永恒秘宝跳出时间线八劫境大能观看过去未来也找不到）。白袍老者称今后的掌管者就是孟川，带孟川走进幽暗之地见永恒秘宝。（本集终）,孟川渡劫功成后告知柳七月，白袍老者以青铜镜鉴定孟川为元神六劫境，告知万年以内成六劫境可获沧元祖师宝藏一半及所有秘密，揭示沧元祖师一生最大机遇——永恒秘宝，今后掌管者即为孟川。
白鸟馆,大印,设定揭示、核心伏笔,伏笔、揭示、设定,白袍老者带孟川进入沧元界天地大殿深处幽暗之地（百丈空间），见永恒秘宝——灰色大印（无主人掌控即毁灭周围十丈，沧元祖师凭之匹敌半步八劫境）及一汪湖泊般八劫境大能血液。孟川元神之力渗透大印，隐约看到永恒存在残留印记——光头巍峨身影手持大印毁灭无量量范围（大半个时空长河），永恒存在随意看孟川一眼（对永恒存在而言六劫境如蚂蚁扛饭粒）。大印蕴含无数规则为另一种结构（纯粹毁灭，与时空运转规则同层次但风格迥异），催发需掌握本源规则。沧元祖师规定成八劫境前禁止带出沧元界、禁止告诉任何人（永恒秘宝跳出时间线八劫境也找不到，但生命世界可能被毁灭故须死保秘密）。参悟大印可与时空运转规则相互印证对修行有助益。八劫境大能血液同时存在与不存在两种状态（无法毁灭又可杀敌），血液原主人已死去，同样禁止带出沧元界。,孟川进入幽暗之地见永恒秘宝大印及八劫境血液，了解永恒存在之恐怖及永恒秘宝参悟权。
白鸟馆,宝藏总价,装备获取、设定展开,奖励、设定,孟川观察八劫境血液（放大亿倍后发现同时拥有存在与不存在两种状态，无法毁灭又可杀敌，远超孟川境界领悟），血液中未发现混洞规则（孟川欲成七劫境目标为混洞规则），八劫境手臂和血液都蕴含不止一种本源规则但须成七劫境后才有助力。孟川留一元神分身参悟大印。白袍老者带孟川参观沧元祖师所有宝物（包罗万象，八劫境秘宝仅一小部分），总价值六千万至九千万方（以物换物价格浮动大）。沧元祖师按低价六千万方计，孟川可任选不超过三百万方（祖师最后赠与，将来不管走多远剩下宝物归其他后辈）。孟川决定最多少量动用将来补足更多。白袍老者提醒成六劫境后尽快在所属势力确认实力。孟川元神分身到千山星告知景云洞主渡劫成功，景云洞主感慨八首吞星蛇一族当代无六劫境。孟川上禀永恒楼（以神女河域总部为传递点传至时空长河总部）。,孟川了解沧元祖师宝藏总价六千万至九千万方可任选三百万方，到千山星上禀永恒楼渡劫成功。
白鸟馆,赤蛇星主和孟川,设定展开、人物引入,人物、设定,永恒楼十息回应，邀孟川前往时空长河总部验证。孟川域外真身经赤蛇星（永恒楼神女河域总部），赤九辛迎接，赤蛇星主（瘦弱老者，整个时空长河赤蛇一族唯一六劫境）看出孟川成元神六劫境。赤蛇星主招待孟川，指点派系格局：当代最耀眼两位为万星天帝（修行一万一千年成七劫境，五万三千年达半步八劫境）和白鸟馆主（修行六千年成七劫境，约三万年达半步八劫境），皆半步八劫境（规则突破肉身未突破）；推荐加入百花府（百花府主七劫境，喜结交四方，对万星天帝白鸟馆主等近十位七劫境有大恩，稳妥无麻烦）；告诫勿加入万星天帝一方（不可说原因）。孟川称会仔细了解再做决定。赤蛇星主在永恒楼传送阵盘送孟川前往时空长河总部，孟川抵达星空见成千上万星辰环绕巍峨九层永恒楼。,赤蛇星主招待孟川指点派系格局（万星天帝白鸟馆主半步八劫境、推荐百花府、告诫勿加入万星天帝），孟川传送至永恒楼时空长河总部。
白鸟馆,永恒楼时空长河总部,设定展开、装备获取,奖励、设定,永恒楼时空长河总部自成一界与外界隔绝（七劫境无允许也找不到），永恒之眼（金色瞳孔虚幻巨眼）近距离观察孟川确定实力，称修行两千六百二十二年成元神六劫境罕见，期待沧元界再出七劫境。永恒之眼升级孟川金色令牌（可联系总部及六劫境七劫境成员）、赠星云令（可一缕意念降临星云宫凝聚肉身完全发挥实力）。星云宫为时空长河第一组织（几乎所有六劫境七劫境都是成员，为交流而设，可聚会讲道比试谈判），永恒楼为公平交易组织（有反对者如黑魔殿信奉弱肉强食），两大组织皆八劫境大能所创。孟川被分配边缘小星辰洞府（数千里范围光秃岩石，有十里洞府含小湖泊）。孟川查阅各方势力情报：血凤宫主（部分凤凰血脉，拥有域外元晶星辰含时空长河百分之三矿藏，八劫境阵法十三座）；万星天帝白鸟馆主两大半步八劫境。虓九曲（赤蛇星主生死好友）来访。,永恒之眼验证孟川实力升级令牌赠星云令，孟川获洞府查阅势力情报，虓九曲来访。
白鸟馆,时空之谷,设定展开、矛盾展现,冲突、设定,虓九曲代百花府邀请孟川，称时空长河争斗疯狂不依靠势力无法争夺顶尖宝物。孟川询问能否去时空之谷（虚空三叶花唯有时空之谷长出，一天内枯萎须当天服用，服用后成为空间宠儿近乎本能掌控空间持续数年参悟空间规则效率极高，引起各方争夺），虓九曲称需上禀但实际不愿上禀欲拖延拒绝。孟川已知时空之谷特殊性（各方势力占地盘，六方天白鸟馆各占约三成，祖巫界占两成）。祖巫界紫袍男子（头上灰色鳞片耳缠小蛇）邀请孟川，称祖巫界论肉身法门排第一，孟川问时空之谷被拒（需先加入积累功劳）。孟川暗自决定不急着投靠势力（除虚空三叶花外大多数资源能买到，拥有沧元祖师一半宝藏论富有媲美七劫境）。各方十五方势力邀请皆问时空之谷被拒。孟川决定低调（修行岁月短若暴露天赋易遭嫉妒毁掉机缘，掌握空间规则后方可锋芒毕露）。,各方势力邀请孟川皆因时空之谷被拒，孟川决定低调不急投靠势力，了解虚空三叶花之珍贵。
白鸟馆,白鸟馆主,设定揭示、核心伏笔,伏笔、揭示、设定,孟川在洞府寄卖宝物（七十万方）抵押换取《虚空图录》卷一卷二（卷三已学，三十万方一卷），九折价可购六十三万方宝物。孟川参悟《虚空图录》（创造者疑似永恒存在，高屋建瓴将空间规则脉络写清延伸至其他规则，一切规则源于时空，名师出高徒般引导）。界祖竹林湖泊前，白鸟馆主（消瘦温和朴素无压迫感，时空长河最巅峰两位之一，半步八劫境）来访，告知元神受伤——游历其他宇宙时与元神八劫境交手所致，元神白鸟羽毛沾染蝌蚪般黑点缓慢扩散最多撑五六万年。界祖无能为力（须肉身或元神达八劫境方可驱逐，或找元神八劫境或永恒存在）。白鸟馆主称三万年内有望渡第八次天劫成八劫境但三万年后伤势扩散无望。《无量宇宙》《虚空图录》疑似永恒存在传承。界祖告知白鸟馆主孟川天赋（修行两千六百年成元神六劫境，成七劫境把握大，沧元祖师宝藏定赠部分不缺宝物，对时空之谷提出要求但未答应），白鸟馆主当天安排邀请孟川。炽阳馆主（白鸟馆副馆主，半步七劫境独眼竖瞳暗红皮肤，白鸟馆真正主事人，权势前十）亲自降临孟川洞府。,孟川抵押换取《虚空图录》卷一卷二参悟，白鸟馆主元神受伤访界祖无解，界祖推荐孟川，炽阳馆主亲自拜访。
白鸟馆,界祖和白鸟馆主,设定揭示、人物心理,情感、揭示、设定,白鸟馆主展示元神白鸟（羽毛沾染蝌蚪黑点欲扩散遭强行压制），近战实力影响不大但时时刻刻折磨缓慢扩散最多撑五六万年（正常寿命十八万年因伤大减）。界祖见过类似力量但无能为力。白鸟馆主称三万年内伤势可压制有望渡第八次天劫但三万年后无望，寻找元神八劫境（极罕见唯一遇到的是敌人）或永恒存在（众多宇宙仅寥寥数位八劫境苦苦追寻一生能见一次算幸运）。《虚空图录》可重写流传多，《无量宇宙》整个时空长河仅三份原本（以无量为核心讲述宇宙一切规则价值极高无法买）。白鸟馆主请界祖将来帮忙照顾后辈雨溪风潇及家乡永山界。界祖提醒白鸟馆主小心万星天帝。界祖以湖泊画面向白鸟馆主展示孟川（沧元界千山星坤云秘境画面，一尊真身在永恒楼总部无法窥伺），称修行两千六百年成元神六劫境，白鸟馆主惊讶（自己花两千九百年成六劫境）。白鸟馆主当天安排邀请孟川。孟川域外真身感应炽阳馆主降临洞府。,白鸟馆主元神受伤详情及永恒存在寥寥数位，界祖向白鸟馆主推荐孟川（天赋惊人），炽阳馆主亲自降临。
白鸟馆,排在第八,人物引入、设定展开,人物、设定,炽阳馆主告知孟川白鸟馆主告知其修行岁月（半步七劫境看不透六劫境年龄须七劫境钻研时间规则极深方可），邀请孟川加入白鸟馆答应时空之谷排第八顺位。孟川直接答应。炽阳馆主称对外说辞为欠孟川家乡长辈因果帮进时空之谷（明面扣功劳），告诫孟川保密修行岁月最好不见七劫境（七劫境能看透年龄半步七劫境大多看不透）。白鸟馆在时空之谷有八位修行者（一位半步七劫境莫峫山主镇守，七位等待虚空三叶花），孟川排第八顺位（快两三百年最晚两千年）。白鸟馆一万三千两百八十九位成员：首领白鸟馆主（半步八劫境）；副馆主炽阳馆主（管琐事）、青龙馆主（龙族最强者管征战）；三位藏书令（七劫境可翻阅所有藏书含《无量宇宙》原本）；五位巡查令（半步七劫境各有势力镇守某地）；余皆六劫境（比六方天多约两千成员为时空长河第一）。孟川直属炽阳馆主只需听其及白鸟馆主命令。孟川选秘术法门（心灵意志类、领域类、雷霆规则适合的）。,炽阳馆主邀请孟川加入白鸟馆排第八顺位进时空之谷，告知白鸟馆成员结构，孟川开始选秘术。
白鸟馆,莫峫山主,装备获取、人物引入,人物、奖励,"孟川放弃领域类秘术（逊于秘宝阵图），选攻击性秘术《混洞雷矛》（以雷霆为引混洞规则为根凝聚雷电长矛，对参悟混洞规则有助益，三百方）和心灵意志秘术《黑暗之瞳》（时空长河排名前十元神秘术，以混洞规则为根兼容无量规则因果规则三大本源规则，十五万方，一眼看过去敌人沉沦失去反抗能力境界太低直接元神崩解）。孟川心灵意志或媲美元神七劫境（魔山心灵之路过万里+绘画《圆满》+创元神法门雏形），《黑暗之瞳》成杀手锏（将来元神分身主要手段为《黑暗之瞳》《混洞雷矛》及元神世界镇压，战死无损失）。孟川分化元神分身赶往时空之谷（魔山离最近）。白鸟馆时空之谷一秘境内冰峰宫殿，银发老者（白鸟馆成员）震怒被插队（辛苦征战三万余年轮到却被新晋六劫境压下，仅剩万年寿命每点时间宝贵）。孟川到时空之谷白鸟馆地盘（幽暗虚空折叠十五层），莫峫山主（灰袍无发皮肤晶莹眉心火焰符纹，半步七劫境掌握因果规则建""无因之地""，白鸟馆仅做镇守时空之谷一任务）告知白鸟馆占约三成区域，除孟川外七位皆顶尖六劫境唯孟川最弱，安排简单任务。",孟川选《混洞雷矛》《黑暗之瞳》两门秘术，到时空之谷见莫峫山主被安排镇守任务。
白鸟馆,沧元界的成长,设定展开、情节推进,设定,莫峫山主显时空之谷十五层结构图，令孟川去最外围第五层盯六方天交界。莫峫山主感慨原界势力壮大自己卡在半步七劫境差距越来越大（与原界首领有恩怨纠葛当初差不多的势力如今对方顶尖七劫境自己逊色多了），决心万年内完善肉身法门。仓离（黑发两根触角男子，掌握三种六劫境规则含命运规则，三万余岁七劫境种子，低等生命世界出来无靠山）和凤钰之主（青衣火焰女子，凤凰一族八位六劫境之一）迎接孟川，安排孟川和凤钰无需管事安心修行。仓离主动迎接新晋六劫境（凡事谨慎不轻视任何一个六劫境，礼待朋友或许将来是机缘），凤钰之主认为仓离太累（凤凰一族习惯自在）。仓离以命运规则（时间规则未来线）观察孟川看到一条条命运线纠缠隐隐压迫感。孟川安置洞府后意念降临星云宫参加聚会。家乡沧元界，白袍老者告知孟川帮助沧元界成长的阵法和宝物早已备好只缺主持的六劫境，中等生命世界极致三十万里需细心照料千年后自然成长约五十万年。孟川开始主持沧元界成长。,孟川镇守时空之谷第五层结识仓离凤钰之主，回沧元界开始主持世界成长（向三十万里蜕变）。
白鸟馆,族群影响,设定展开、情节推进,设定,孟川真身主持阵法，六劫境元神之力融入令沧元界以千倍规模吞吸域外元力蜕变（向中等生命世界极致三十万里扩张，需照料千年后自然成长五十万年）。白瑶月、晏烬、洛棠尊者等感知沧元界剧变。三日后孟川在元初山召见近三百封王神魔，定规矩：封王神魔达洞天境且元神五层即可获域外奇珍恢复巅峰生机（百方奇珍，孟川个人承担不动用宗派积累）。众封王神魔震惊感激（恢复巅峰生机宝物珍贵无比过去无先例）。孟川预计维持两三万年需一百万方（承受得起），目的是加速神魔修行体系完善（至今能肉身圆满的仅沧元祖师孟川父子，人族不能个个修轮回神体需多开辟几条路）。阎赤桐元神四层不够，晏烬境界够借域外奇珍突破尊者。沧元界尊者数量大增（古老封王神魔被唤醒突破尊者）。,孟川主持沧元界成长蜕变，定规矩封王神魔达条件可恢复巅峰生机，尊者数量大增。
白鸟馆,写信,情感展现、情节推进,情感,孟川在江州城孟府亲笔写信（一封原件复制六十二份共六十三封），寄给沧元界所有六十三位尊者（不含柳七月孟安孟大江夫妇等）。信中告知坤云秘境（十倍时间流速、修行环境远胜、强者如云），尊者成帝君比例将大增（二十个尊者出一个帝君十个出一个天地境尊者），每百年送人回沧元界。千木尊者（曾与孟川真武王征战世界间隙）收到信决定去坤云秘境闯荡。晏烬（与妻子穆风雪）决定不去坤云秘境（成天地境尊者十个才一个不抛家人）但会试创超品神魔体。白瑶月决定去坤云秘境（感觉接近天地境绝学突破）。三十四位尊者聚集元初山洞天阁随孟川前往坤云秘境。孟川域外真身在魔山外围捡宝物（三个月十五万方），六劫境大能捡宝物也不易。,孟川写信告知六十三位尊者坤云秘境，三十四位尊者随孟川前往坤云秘境历练，晏烬决定留家乡创超品神魔体。
白鸟馆,魔山五万里,悟道、设定揭示,修炼、揭示、设定、爽点,孟川域外真身不在魔山心灵之路修炼而在外围捡宝物（不影响家乡真身参悟《虚空图录》，心灵之路山顶声音轰击元神干扰太大）。参悟《虚空图录》为修行至今最珍贵典籍（三卷一眼记下但每句每图参悟许久，须实践验证——去混洞深处坤云秘境观看永恒秘宝大印验证）。孟川真实修行时间过去六百年（外界五十年，混洞深处时间流速千余倍消耗寿命快）。坤云秘境界府孟川分身意念降临天界黑暗迷宫演练虚空招数（虚空之刃凝练亿万倍成兵器、虚空分开分割生命）。秦五在坤云秘境大限前成帝君（梦魇之地红尘画卷等宝地刺激）。洛棠在红尘画卷出心魔性子大变回沧元界。孟川再走魔山心灵之路，轻松走到四万三千里有效果放慢速度，近五万里时发现心灵之路与顿悟之路合二为一（界祖说过五万里心灵意志为元神七劫境门槛水准可能就是汇合之处）。,孟川参悟《虚空图录》六百年（混洞深处千余倍时间），秦五成帝君洛棠出心魔，再走魔山发现五万里心灵之路与顿悟之路合拢。
白鸟馆,魔山核心成员,核心伏笔、设定揭示,伏笔、揭示、设定,"孟川继续行走心灵之路六年多，到达五万里处心灵之路与顿悟之路彻底合二为一。踏上去后元神空灵思维飙升聆听声音感悟多十余倍（但离顿悟还差远，比当初元神五劫境走顿悟之路第一步效果还差）。神秘古老声音传入脑海：""魔山之路行走过半，可为我魔山核心成员。""获秘法可携带外来者进出魔山。大量讯息涌入：宇宙有一条混沌浊河（连接宇宙之外，禁忌生物即混沌生物沿之进入宇宙，八劫境布阵法阻挡）；六劫境混沌生物有命核须轰碎命核方能彻底杀死，七劫境混沌生物命核规则化概念化须先封禁再灭意志；魔山主人收购一切命核碎片（十份七劫境命核或一千份六劫境命核碎片可在魔山深处召唤魔山主人）；魔山主人赠一份机缘——前往厌骨之地（福祸相依看实力看运气）。孟川猜测魔山主人批量收命核有大用处。孟川手中有一块六劫境禁忌生物命核碎片（横扫三湾河系时所得斩妖刀吞吸煞气那块）。魔山高处九万里（三条道完全合一处），肉球般独眼男子（魔眼会主）观看孟川笑称巧遇。",孟川过魔山之路五万里成核心成员，得知混沌浊河及混沌生物（禁忌生物真名）秘密，获厌骨之地机缘，魔眼会主发现孟川。
白鸟馆,弱肉强食,矛盾爆发、人物引入,人物、冲突,"魔眼会主（肉球般独眼六条小手臂，八万余年前曾站在时空长河最巅峰，肉身七劫境最强者能比肩者唯界祖，失踪近三万年复出后实力下降低调称普通七劫境实力，公认两位最强者外有七位顶尖七劫境魔眼会主未被算入因受伤后未展露顶尖实力但各方忌惮）飞下，压迫感令孟川心颤。孟川躬身行礼。魔眼会主称年轻一辈了不得修行三千余年魔山之路过半，索要魔山主人赐予的机缘。孟川知魔山主人机缘福祸相依卖掉换实实在在好处乐意。魔眼会主称""不杀你算条件""，弱肉强食是宇宙规矩（强的掠夺弱的，没有实力没有占有宝物资格，乖乖交出机缘理所应当），威胁拒绝则灭孟川域外诸多分身发追杀令（令孟川永远困守家乡无法出域外一步，成七劫境希望大大下降）。孟川平静道：""我拒绝！""",魔眼会主以弱肉强食规矩强索孟川机缘威胁追杀令，孟川拒绝。
白鸟馆,窥探未来,转折高潮、核心伏笔,伏笔、高潮,孟川展示依仗：元神六劫境能一念生元神分身魔眼会主灭不完（魔眼会主称活捉九个即只剩家乡一个真身）；一尊元神分身在永恒楼时空长河总部无法灭杀（魔眼会主称只能在家乡和总部修炼成七劫境希望下降）；孟川展示空间规则三大基础积累（虚空之域、虚空之掌控、虚空之行走皆足够深），称万年内有望掌握空间规则（即便被压制在总部也能买资源修炼，空间无处不在），届时元神分身可随时自毁魔眼会主无法活捉（肉身七劫境仅一尊域外真身时刻追杀无暇他事）。魔眼会主以独眼窥探孟川未来线：第一条——孟川成七劫境追杀七劫境混沌生物（十六角魁梧存在）；第二条——与万星天帝斗不处下风；独眼鲜血飞溅（观看两位存在画面负担大）；连续看八条未来线全部成七劫境（近一半疑似半步八劫境），第八条未来线中魔眼会主自己仓皇而逃向孟川恭敬行礼，独眼嘭的鲜血飞溅（窥探牵扯自己的未来线反噬更大）。魔眼会主判定任何决定都难阻止孟川崛起，改称被说服改变主意。,孟川以空间规则积累及万年内掌握空间规则说服魔眼会主，魔眼会主窥探八条未来线皆成七劫境遂改变主意。
白鸟馆,劫,转折高潮、伏笔埋设,伏笔、高潮,孟川暗惊魔眼会主改变主意（已做好翻脸准备：坤云秘境众人时空传送回沧元界，自己利用一切资源尽快掌握空间规则，秘境经沧元祖师布阵隐藏七劫境难找）。魔眼会主愿买下机缘（不占便宜，魔山主人机缘福祸相依）。孟川开价清泉岛修炼一百年（时空长河第一修行之地，十八座洞府，七劫境都不够分，魔眼会主占一处）。魔眼会主答应但需等八十年（族人在那修炼），主动给三百年而非一百年（称看好孟川结善缘）。孟川交出厌骨之地进入之法（凝练晶石暗藏），魔眼会主承诺八十年后送清泉令至东宁城。孟川疑惑三百年好处（本以为是劫却化机缘）。魔眼会主行走思索：孟川八条未来线全部成七劫境近一半疑似半步八劫境，潜力惊人或许只有年轻时期白鸟馆主万星天帝可比，结善缘很重要（举例其他宇宙修行者悉谷五劫境时追随神秘人后知是永恒存在获延寿传承讲道终成八劫境）。孟川继续行走心灵之路，压力越大越兴奋看清缺点，元神结构些许变化心灵意志凝练——万劫星辰意蕴（重走魔山第一次蜕变，走到六万两千里）。,魔眼会主以厌骨之地机缘换清泉岛三百年修炼（等八十年），孟川交出机缘，继续行走心灵之路至六万两千里心灵意志首次蜕变。
白鸟馆,沧元界的那些尊者们,悟道、情感展现,修炼、情感、爽点,孟川元神开始有万劫不灭意蕴（开创自己元神法门才是正统强大心灵意志之法，心灵意志后期靠智慧彻底无惑）。孟川的元神法门还很简陋（借鉴两大框架），须掌握时间空间规则为根基创建方能与两位前辈相比。孟川继续行走至七万三千里达到极限（山顶声音字符冲击强到无法前进，须对元神法门本质完善才有下一次蜕变），暗下决心走到山顶（代表心灵意志达肉身八劫境水准，七劫境大能都绝大部分走不到）。孟川离开魔山（和魔眼会主约定还有约二十年）。坤云秘境地界山谷，孟川接六位修行者回沧元界（每百年送一批回去，已一千一百年沧元界一百一十年）。白瑶月（鬓角已白离大限不足两百年元神六层）要回去（坤云秘境宝地都试过了或许家乡有突破希望，不行请孟川转化为帝君级特殊生命）。杨诚（近一千五百岁天地境尊者）要回去（答应孟悠一千五百岁前回去）。当初三十四位尊者中成帝君的仅秦五和北沐帝君，天地境尊者白瑶月杨诚。孟川感慨修行路太难找不到实力接近的家乡人只能一人前行（如沧元祖师）。孟川平静度过二十年获魔眼会主清泉令。,孟川元神有万劫不灭意蕴行走至七万三千里极限，接白瑶月杨诚等回沧元界，获清泉令。
白鸟馆,清泉岛上,悟道、伏笔深化,伏笔、修炼、爽点,孟川元神分身携清泉令赴清泉岛（时空长河第一修行之地，离时空运转规则最近，十八座洞府八劫境大能所创）。孟川感应时空运转规则（五颜六色线条交织，空间感悟高可见不同层面，时间感悟高可连接过去现在未来，元神强可看出每条线条放大亿倍蕴含无数符纹——决定生老病死矿物植物诞生毁灭生命世界兴衰时空潮汐星辰周期宇宙成长繁华巅峰衰败破灭）。孟川隐约感知混洞规则、时间、空间本源。孟川在洞府静室修炼（清泉岛参悟时空运转规则、坤云秘境十倍时间流速、永恒秘宝大印印证、《虚空图录》指引多方结合）。清泉岛另一洞府，药宫主（中年男子身上长树木花草头发黑色藤蔓双眸如湖泊，七位顶尖七劫境之一最低调与世无争，药毒方面时空长河最强各方不愿得罪）感应到孟川（因果相连）知是沧元后辈不甚在意（论成就不逊沧元祖师且寿命还长）。暗星会主（黑色石头人瞳孔奇异色彩，暗星会臭名昭著势力核心成员能一念降临暗星空间）得知孟川在清泉岛，将孟川列为第二等狩猎目标（认定孟川有大资源）。,孟川在清泉岛参悟时空运转规则多方印证修行，药宫主感应不甚在意，暗星会主将孟川列为狩猎目标。
白鸟馆,星云宫初聚,人物引入、设定展开,人物、设定,"孟川在清泉岛修炼二十余年后接白鸟馆第三分馆邀请——禽山之主掌握空间规则将在星云宫举行庆贺大典。孟川意念透过星云令降临星云宫（可凝练肉身完全发挥实力），到白鸟馆第三分馆大殿（数百位大能，座位半圆形最前排顶尖六劫境后排普通六劫境，孟川坐第五排）。星沙宫主等六劫境与孟川交谈（白鸟馆按地域分八大分馆，孟川属第三分馆神女河域）。六劫境们闲聊东冥河与六方天一战惨烈（域外真身战死补三万方）。心魔教主（童子模样半步七劫境掌握无量规则不死，正面搏杀前百保命前二十）率驮岭王（八角形外壳独角老者）、禽山之主（白胖男子掌握空间规则巅峰六劫境）到来。禽山之主升任副巡查令（巅峰六劫境有资格担任）。禽山之主讲道半天后邀人切磋，一位瘦小血瞳顶尖六劫境挑战，禽山之主一招""虚压""（将空间所有层级压为一层抹掉高度从立体变平面）灭杀对方。","孟川参加星云宫第三分馆庆贺大典，结识六劫境同伴，禽山之主展示空间规则""虚压""一招灭杀顶尖六劫境。"
白鸟馆,空间规则,设定揭示、悟道,修炼、揭示、设定、爽点,"禽山之主一招灭杀顶尖六劫境毫不以为意（空间是一切存在根基自然压制其他六劫境规则，凭空间规则仍算六劫境生命但重要性不亚于本源规则）。心魔教主讲述时间空间为两大根基（少了任何一条是残疾，空间脆弱但加入时间则蜕变，本源规则兼容时空方强大可成七劫境，以空间为根再悟时间可跳出时空长河成八劫境）。禽山之主与影魔行者（影魔之主唯一六劫境弟子，顶尖六劫境掌握风之规则和过去规则）切磋。影魔行者化风无所不在，禽山之主创造空间层令对方碰不到（咫尺天涯操纵空间永远保持距离）。禽山之主以手指一点将周围空间压缩为比沙粒小的一点湮灭无尽风。影魔行者以过去规则映照完好自己到现在（不死之身），禽山之主以""绝对空间""（彻底掌控如《雷霆界》十万里雷霆界）压制时间挪移（过去规则不死身唯绝对空间可破解）。影魔行者认输。孟川唏嘘自己面对影魔行者过去不死身无办法面对禽山之主绝对空间想怎么灭就怎么灭，空间规则是自己修行目标。",禽山之主展示空间规则碾压其他六劫境规则，以绝对空间破解影魔行者过去不死身，孟川确认空间规则为修行目标。
白鸟馆,无尽环风带,悟道、情节推进,修炼、爽点,庆贺大典落幕，孟川第一次在第三分馆正式亮相（白鸟馆万余名成员皆同伴，同派系禁止自相残杀须互帮互助联手争斗，加入势力即站队卷入纷争）。孟川专注修炼空间规则。清泉岛修炼五十年（算上坤云秘境混洞深处不同时间流速真实修行六百年，自渡劫成六劫境以来真实修行近两千年）。空间规则三大基础中虚空之域、虚空之掌控彻底领悟，虚空之行走陷入瓶颈。孟川在永恒楼查九处奇特环境（无尽环风带、画圣山、冰河星云等，七处参悟空间规则两处画道遗迹——画圣山为山吴道君所留、九劫星）。孟川域外真身赴无尽环风带（兰化河域，时空构造特殊形成无尽狂风环形不断前进却回到起点，时空变幻时间流速三倍至百倍，虚空裂缝不断出现）。孟川行走在狂风中变幻百余次空间层避风（运气好坚持十余息运气差一个刹那中招），任由风如刀切割（修炼域外真身不用领域阻挡）。孟川以斩妖刀劈风感应风对时空的影响。,孟川专注修炼空间规则，赴无尽环风带参悟虚空之行走（三大基础最后一项陷入瓶颈）。
白鸟馆,一步一河系,悟道、悬念设置,伏笔、修炼、爽点,孟川真身元神分身全部专注虚空之行走参悟（沧元界、坤云秘境、清泉岛、千山星、无尽环风带）。孟川如从永恒存在高度理解时空长河一切（感知太阳星物质转变能量、混洞吞噬万物）。行走无尽环风带两百余年度过瓶颈悟透虚空之行走（顺势而为一切外来力量引起的空间波动顺势碰不到，如树叶随风飘），一步跨越一座河系（完整空间规则彻底领悟后可一步从河域一端到另一端再一步到另一河域）。空间规则三大基础全部掌握，接下来最难一关——掌握完整空间规则（可能困住千年万年也可能顿悟突破，《虚空图录》只是指引临门一脚须个人悟性）。孟川准备参悟尽兴后去画圣山。兰化河域一艘庞大船上，焚海星主（背后八颗太阳星秘宝，掌握三种五劫境规则）联合黑魔殿五位五劫境（白骨生命等）商议攻打妙法星（南梵河系最大交易之地有永恒楼分部），焚海星主负责破阵黑魔殿负责屠灭所有生灵（妙法宫主无六劫境好友永恒楼松散不会派六劫境救援）。,孟川悟透虚空之行走一步一河系三大基础全掌握，焚海星主联合黑魔殿商议攻打妙法星。
白鸟馆,白鸟馆，东宁城主,矛盾爆发、战斗描写,冲突、战斗,"妙法星阵法全力爆发（妙法宫主五劫境大能），黑魔殿五位五劫境率七十余劫境三百余帝君现身（数十座阵法包裹妙法星阵法禁止任何生灵逃出）。妙法星数万修行者绝望（黑魔殿凶名在外屠戮尊者）。焚海星主（百万里高太阳星环绕）撕裂妙法星阵法。妙法宫主（紫衣女子）绝望求援永恒楼（知六劫境大能出现可能性很低）。孟川在无尽环风带接永恒楼任务（妙法星遭黑魔殿袭击），一迈步消失赶赴。孟川凭空出现在妙法星外，气息笼罩百亿里所有生灵（妙法星修行者及黑魔殿成员头脑一片空白），五位五劫境焚海星主能思考。白骨生命尖叫""白鸟馆东宁城主逃！""。孟川双眸幽暗瞳孔深处浩瀚世界，目光扫视——焚海星主、黑魔殿五位五劫境、十七位四劫境、五十余位弱小劫境个个元神湮灭，并顺因果追杀真身分身。八劫境秘术——黑暗之瞳！",黑魔殿攻打妙法星孟川接任务赶到，以《黑暗之瞳》一招灭杀所有黑魔殿劫境并顺因果追杀真身分身。
白鸟馆,除恶务尽,矛盾收束、人物心理,冲突、情感,焚海星主等六位五劫境看到孟川眼睛沉沦元神湮灭，不死符激发过去映照现在恢复，但恢复刹那又看到幽暗眸子再度沉沦（一份不死符仅复活五劫境一次）。孟川破坏所有未激发的不死符。弱小劫境复活即死彻底失去生机。一位特殊生命雾嶂星主（真身躲在六劫境大能洞府受庇护）亦被孟川借因果以《黑暗之瞳》灭杀（隔着遥远距离借因果灭五劫境超乎寻常）。黑魔殿六劫境红发老者调查（雾嶂死了借因果斩杀五劫境疑巅峰六劫境出手）。孟川灭三百余帝君仆从域外真身（惩戒），收所有宝物（帝君宝物+劫境肉身）。妙法宫主感激孟川救妙法星数万修行者。孟川称修行者本有强弱之分踏入域外须做好面对危险准备（强者可制定秩序庇护弱者但修行者唯一能把握的是让自己变强）。孟川离去赴画圣山。,孟川彻底灭杀黑魔殿分队（不死符无效、特殊生命亦被因果灭杀），灭帝君仆从收宝物后离去赴画圣山。
白鸟馆,画圣山修行,环境铺陈、悟道,修炼、设定、爽点,孟川在千山星永恒楼九楼购画圣山符令（一万方，百花府主占领、毒眸大师看守）。山吴秘境（山吴道君所创景色秀美），毒眸大师（瘦削银眸老者，顶尖元神六劫境，敢和黑魔殿彻底撕破脸遭报复伤势在身寿命大减，百花府主出面庇护）迎接孟川，称可不限时间随时来观看（留一元神分身长期参悟），限定画圣山周围百万里。画圣山（山壁高九万里宽数万里，三十三幅画每幅蕴含本源规则有些多种乃至时间空间规则，整体观看三十三幅气机牵引成一体七劫境都头晕目眩须一幅幅参悟，不同时期创作相隔数亿年最后一幅七亿多年前所创，山吴道君三百余万年前现身过一次）。孟川粗看三十三幅画，被混洞图（八千多里繁杂从空间层面看如真正黑暗混洞）吸引。第二十幅画仅六笔非常简单却更深入本质更难参悟。孟川在画圣山脚下布置洞府开始参悟。,孟川购画圣山符令，毒眸大师迎接，了解三十三幅画（山吴道君不同时期所创相隔数亿年），开始参悟混洞图。
白鸟馆,绘画,悟道、伏笔埋设,伏笔、修炼、爽点,孟川参悟混洞图（纯粹混洞规则仅一幅共六幅含混洞规则），从空间多层面、平面、雷霆一脉等不同角度观看，与清泉岛修炼、永恒秘宝大印印证，坤云秘境界府元神分身十倍时间推演。孟川尝试临摹混洞图（境界差太多憋屈难受），改为绘画自己感悟——从五个角度绘画：虚空之域（大片涂抹如幽暗深渊）、虚空行走（无数线条引领绝望寂灭）、虚空掌控（分割图越后越混沌幽暗）、粒子态（无数黑点）、雷霆规则（雷霆漩涡欲吞噬一切）。五幅画耗费三年有脱胎换骨之感。暗星会暗星空间厅内，成员查孟川分身位置（三湾河系、清泉岛、时空之谷、山吴秘境、泰东河域疑似坤云秘境一直在修行无劫掠价值），查仓离（域外真身离开时空之谷在凤巢祖地凤凰一族祖地羡慕嫉妒）。孟川在画圣山真实修行一百二十五年，从粒子态角度绘画每一笔如蝌蚪（一点一尾巴），无数简化蝌蚪组成图画开始影响时空化作黑暗漩涡吞噬周围，画作炸开（普通画纸无法承载），孟川脑海一种六劫境规则彻底成型。,孟川从五个角度绘画混洞图感悟创出一种新六劫境规则（微子规则雏形），暗星会持续监视孟川及仓离。
白鸟馆,另一种六劫境规则,悟道、爽点设置,修炼、爽点,"孟川双眸隐含无数蝌蚪游走，悟出微子规则——宇宙最微小物质""微子""是万事万物基石（水岩石金属火焰阳光奇珍秘宝凡俗野兽劫境大能禁忌生物混洞原初星皆由微子构成），微子规则为微子彼此纠缠规则（吸引碰撞合力排斥）。孟川绘画的蝌蚪即混洞吞噬的微子，微子纠缠六大运转规律融合成微子规则。微子规则属极强六劫境规则（论威胁在雷霆规则之上），拥有不死之身（肉身元神微子化保持绝对掌控绝对清醒，六劫境层次唯空间规则可灭杀——绝对空间可控制每个微子令其无规律散开意识湮灭）。过去规则不死身（时间方向）和微子规则不死身（物质方面）代表六劫境不死身两个极端。孟川在千山星以微子群形态移动（可达光速穿星辰令其湮灭），聚散如常。雷霆规则+微子规则配合破坏力急剧提升（从微子层面破坏）。悟出微子规则将来有望参悟《无量规则》（微子群分散宇宙处处）和《物质规则》（微子结合成不同物质肉身近乎永恒不灭，肉身最强本源规则）。孟川目标仍为混洞规则（雷霆微子空间规则渐成型）。",孟川悟出微子规则（六劫境不死身唯空间规则可灭杀），雷霆微子配合从微子层面破坏力大增，成顶尖六劫境。
白鸟馆,星云中的那条冰河,悟道、环境铺陈,修炼、设定、爽点,孟川在画圣山真实修行两百八十年后，参悟空间规则始终差一丝无法突破（水中捞月看得见摸不着）。孟川收起画板离开画圣山赴冰河星云（九大修行地第三处）。毒眸大师建议留元神分身长期参悟孟川婉拒（按计划九大修行地每处专注修炼），毒眸大师感慨自己离寿命大限不远须掌握本源规则驱逐异种之力但太难。冰河星云（神秘八劫境洞府所在，星云阵法阻外来者，掌握空间规则可不受影响靠近冰河，掌握时间空间可踏上宫殿）。孟川分化元神分身飞入星云，被阵法不断挪移位置（一会儿这里一会儿那里不受控制），微子群散开即被切割。孟川释放元神世界感知虚空变幻发现规律，一步前进一大截，盏茶时间到冰河边三千里。冰河（长不见尽头宽数十万里淡青色河流上有一座座漂浮冰山矮数十里高上千里，冰山内有些有尸体）。孟川观看冰河远处传说中宫殿。,孟川在画圣山参悟两百八十年无法突破空间规则，赴冰河星云参悟（星云阵法阻外来者以空间规则靠近冰河）。
白鸟馆,一笔买卖,悟道、伏笔埋设,伏笔、修炼、爽点,冰河上一切无法破坏（七劫境倾尽全力都打不破冰山一角取不了一瓢水），进来就出不去故无势力占领（元神劫境可随意派元神分身探，肉身劫境无法如此）。孟川专心在星云中行走破解阵法走向冰河（对空间规则理解越清晰，三千里两千八百里越来越近偶尔失败被挪移千亿里外）。方蛏河域太阴星黑魔殿洞府，红袍三眼修行者（帝君仆从效劳黑魔殿千年还剩一百八十八年恢复自由，为保住宝图奇珍甘当仆从）等待。黑魔殿三位首领商议长泊洞主（长泊星主人年近大限）欲出卖长泊星数万修行者换宝物，须上禀确认不会有六劫境赶去阻止。星云宫黑魔殿区域厅内，六劫境成员查情报：孟川曾出手一次灭黑魔殿分队（妙法星），若长泊星无瓜葛孟川再出手即代表敌意太深该动手教训。紫袍人判定孟川低调不惹事应不会连续两次出手，批准接长泊星买卖。,孟川在冰河星云参悟空间规则，黑魔殿商议长泊星买卖（长泊洞主出卖修行者），判定孟川不会再出手。
白鸟馆,拒绝和接受,矛盾展现、人物心理,冲突、情感,长泊星外黑色大船准备攻打（长泊洞主放开阵法配合），帝君仆从红袍三眼修行者随队（希望别遇多管闲事大能保住宝图）。大船瞬移至长泊星上空，永恒楼分部监察之眼发现黑魔殿成员确定长泊洞主背叛（消息传至时空长河总部总部下达任务给周边六劫境成员）。长泊洞主山顶冷漠观看。一位白眉老者（丹炉前炼丹，家乡世界第一位帝君第一位劫境第一位六劫境修行五万余年成六劫境）感应到长泊星浩劫叹息不救（无数生命各有命运）。沧元界孟川正与柳七月踏青（谈孟安欲去域外闯荡孟川拒绝须成四劫境方可），接到永恒楼任务——长泊洞主背叛黑魔殿屠戮数万修行者（悬赏比妙法星高附送两份时空挪移符）。孟川临近空间规则突破反希望外界压迫更大不惧威胁，且时空之谷虚空三叶花快轮到自己，接任务。因果形成孟川锁定长泊星。一元神分身借时空挪移符赴长泊星。,黑魔殿攻打长泊星（长泊洞主背叛），白眉老者不救，孟川接永恒楼任务派元神分身赴长泊星。
白鸟馆,长泊洞主,矛盾爆发、战斗描写,冲突、战斗,"长泊星数万修行者绝望逃跑（长泊洞主掌控大阵阻碍逃命），黑魔殿以劫境为首结阵大范围屠戮（灰袍首领毒气波及数百名修行者不足一成存活），三位五劫境追杀劫境帝君。长泊洞主山顶冷漠旁观称""弱小的挣扎""。孟川黑袍白发元神分身出现在长泊星上空（气息如太阳所有修行者及黑魔殿成员头脑一片空白仅五劫境能思考）。灰袍首领心凉""白鸟馆东宁城主完了""。孟川以《黑暗之瞳》灭杀所有黑魔殿劫境（意识沉沦元神湮灭不死符激发恢复即死顺因果灭真身分身）。中等生命世界内灰袍首领心疼损失（域外真身一万三千方秘宝兵器战船+劫境追随者几乎死光帝君仆从被灭域外真身）。孟川收所有宝物劫境肉身。孟川隔空一抓将长泊洞主抓到身前，长泊洞主称钦佩孟川心系弱小愿为弱小得罪黑魔殿。孟川质问守护数万年却出卖修行者。长泊洞主称建立长泊星造福数万年如今老拿回宝物不算过分，为家乡世界繁衍须心狠手辣。长泊洞主服毒（孟川从微子层面看出中毒已深身体崩解难以逆转），称所有宝物送回家乡还有三百年寿命不再出家乡一步。长泊洞主身体湮灭。",孟川以《黑暗之瞳》灭黑魔殿长泊星分队，长泊洞主服毒自尽（宝物已送回家乡）。
白鸟馆,猩红之主,矛盾展现、人物心理,冲突、情感,孟川俯瞰长泊星叹息数千名修行者伤亡（弱肉强食掠夺为蛀虫所为，自身强大宝物自然多靠劫掠是蛀虫）。孟川在城外等永恒楼善后成员。红袍三眼修行者（帝君仆从宝图被孟川收走）在遥远生命世界洞府暴怒（宝图是最大机缘为保宝图甘当仆从千年眼看完千年出意外宝物落到大能手中永远找不回不敢怨恨）。星云宫黑魔殿区域厅内核心成员讨论：孟川短时间连续两次出手全部斩杀一个不留（非亲非故），紫袍人等判定该出手教规矩。猩红之主（猩红铠甲血红眸子青色鳞片，黑魔殿顶尖六劫境掌握血之规则引力规则）主动请缨去千山星让孟川付出代价（灭元神分身孟川不在乎唯一让孟川心疼的是千山星）。孟川在千山星感应到血腥邪恶六劫境大能出现，分化元神分身（不携宝物）出千山星到十余亿里外。猩红之主立于血色汪洋中，称第一次相见孟川应明白来意。孟川称就为那点小事（弱小劫境帝君仆从不值一提）。,黑魔殿判定孟川敌意太深该教训，猩红之主赴千山星报复，孟川派不携宝物元神分身迎战。
白鸟馆,猩红之主和孟川,战斗描写、爽点设置,战斗、爽点,"猩红之主称黑魔殿给六劫境脸面（为好友族人灭分支队伍不在意为永恒楼任务阻止两三次不灭成员也能容忍），但孟川非亲非故连续两次全部斩杀不留一点脸面。孟川称黑魔殿名声臭不可闻敢出手的少但七劫境针对的也有（正因有敌视黑魔殿才行事有规矩少树敌）。猩红之主称""魔头""要看孟川几分能耐。猩红之主成时空核心令十亿里扭曲波及千山星（孟川一念将路过两名尊者送进千山星）。猩红之主以血浪席卷（每滴血如星辰沉重有黑暗混洞威力吞吸扭曲时空），孟川以混洞规则积累深厚清晰剖析扭曲时空一迈步避至亿里外。猩红之主分九道血浪绞杀，孟川施《黑暗之瞳》令猩红之主意识沉沦无底深渊无法反抗。孟川以《混洞雷矛》连续九条轰击意识沉沦的猩红之主（微子层面破坏肉身）。猩红之主意识挣扎醒来发现肉身被毁三成，拔刀劈孟川（孟川以雷霆微子空间规则身法太慢轻松避开）。猩红之主再度被《黑暗之瞳》沉沦，肉身化作血海保命（血海状态仍被微子层面摧毁），以时空传送符逃命（逃时脑海又现黑暗眸子）。",孟川以《黑暗之瞳》令猩红之主意识沉沦无法反抗，以《混洞雷矛》从微子层面毁其大半肉身，猩红之主以时空传送符逃命。
白鸟馆,避开他,矛盾收束、人物心理,冲突、情感,"孟川皱眉猩红之主逃得快（黑魔殿如狡猾恶狼遇强敌谨慎，仅解决两支小分队连六劫境成员都没杀对黑魔殿未""疼""）。孟川仅派不携宝物元神分身出千山星迎敌（损失连一方都算不上）。星云宫黑魔殿区域厅，猩红之主暴怒称黑魔殿情报错漏害苦他——仅交手两三招肉身被毁大半慢一步用时空传送符就死了（一尊元神分身不使用任何秘宝两三招差点打死他）。猩红之主称孟川至少拥有雷霆规则微子规则（微子不死身），元神秘术令意识沉沦毫无反抗之力两三息就差点灭掉他。其他六劫境惊骇（猩红之主保命实力都差点死他们去都送死）。猩红之主称孟川还有手段（轻松看透猩红领域奥妙身法太轻松）。六劫境们决定上禀。虚幻雾气存在（暗星会主）翻看卷宗：孟川至少掌握雷霆微子两大规则，元神秘术为《黑暗之瞳》，魔山成员心灵意志极高，新晋六劫境修行不久就两大六劫境规则天赋惊人，得白鸟馆魔眼会主看重来自沧元界资源不缺，一飞冲天难以压制（即便现今压制难度都很大以如此修行速度怕很快连七劫境都灭杀不了）。虚幻雾气存在在卷宗上写""避开他""（不惹是非天赋又恐怖的避开即可）。","猩红之主回报惨败黑魔殿六劫境惊骇上禀，暗星会主（虚幻雾气存在）判定孟川一飞冲天难以压制批""避开他""。"
白鸟馆,战利品,装备获取、核心伏笔,伏笔、奖励,"孟川在坤云秘境界府整理长泊星战利品（大船锁链刀血轮等秘宝储物宝物随身洞天保命符箓），分类（可卖永恒楼的、对沧元界有用的带回去的）。探查储物宝物发现磁元晶（十八丈灰色球体价值五万方，帝君仆从藏宝贡献大于劫境）。两战合计战利品约三十八万方（妙法星约十八万方长泊星超二十万方）。孟川发现一件古老图卷（皮革制成三尺长宽蕴含完整空间规则时间规则运用高明还有其他规则，异宝玄妙内敛不像秘宝）。孟川元神之力渗透图卷进入虚幻空间——深青色祭坛上方十扇门。祭坛两大用途：一献祭宝物推演肉身法门（完善度至少九成需修行者最后一步完善）；二献祭宝物附身肉身一脉强者（最高肉身七劫境十种可选代表十大本源规则方向）。孟川送入一滴血，祭坛探查后称""自创帝君极限绝学的修行者邀请你前往九炼塔进行九炼""。孟川知图卷为龙族始祖所创（沧元祖师卷宗记载九炼塔乃龙祖所创唯有得到邀请才能前往，龙祖被称作八劫境大能中最富有）。",孟川整理长泊星战利品发现献祭图卷（龙祖所创），图卷邀请孟川前往九炼塔进行九炼。
白鸟馆,龙祖的九炼塔,核心伏笔、设定揭示,伏笔、揭示、设定,"孟川对推演肉身法门不感兴趣（主要精力在元神一脉，省下时间成元神八劫境希望增加），对附身肉身劫境有兴趣（可体会七劫境手段）。九炼塔（传说彻底闯过可成永恒存在，沧元祖师闯过第四炼）。孟川元神分身携图卷借祭坛幽暗漩涡时空穿梭至九炼塔（幽暗空间数亿里范围仅一座三层塔楼以八劫境大能尸体骨骼建造，材料过上亿方）。龟壳老者""贝""（龙祖安排的九炼塔阵灵，实力恐怖七劫境敢乱来也轻易弄死）迎接孟川（称创造出帝君极限绝学被邀请者修行五千余年很年轻），可不限次数来但两次间隔至少万年（龙祖定规矩每炼激发消耗惊人）。贝前辈闲聊告知九炼塔骨骼为龙祖在外遨游捡到的八劫境大能尸体（八劫境寿命有限临近大限冲击永恒失败留尸体很正常）。界祖感应到孟川去九炼河域（敬仰龙祖为宇宙历史最强八劫境对待后辈仁慈，第一次闯九炼塔或多或少有赐予）。魔眼会主感应到孟川去九炼塔（潜力惊人压不住气运所钟终将一飞冲天）。暗星会主也注意到（六劫境被邀请有潜力，龙祖赐予很眼馋），令手下雨阊（擅因果）盯孟川位置变动。",孟川携图卷前往九炼塔（龙祖所创八劫境大能尸体骨骼建造），阵灵贝前辈迎接，界祖魔眼会主暗星会主皆关注。
白鸟馆,丹炉前,悟道、设定揭示,修炼、揭示、设定、爽点,九炼塔入口百里宽，塔内空旷混沌中央小山般丹炉，走到丹炉前即过第一炼。贝前辈告知白鸟馆主万星天帝半步八劫境也只闯过第五炼，当代闯到第四炼的仅三位（界祖、风雷行者、药宫主，祖巫王魔眼会主有所不及根基不深）。风雷行者（孤独七劫境长期探索遗迹曾与万星天帝冲突成功带宝物逃离，万星天帝什么都没捞着）。沧元祖师也闯过第四炼。孟川进入塔内，第一步即受厚重压迫力（无形风每缕比太阳星重欲渗透冲击每个微子），邪异呜咽声中虚幻八爪生物冲击意识（孟川心灵意志凝练人形意志之刀斩碎）。风压迫越来越强孟川元神崩开，以微子群形态继续前进（微子群形态更易抵抗风冲击，感悟元神水流层或可以微子群演化）。近丹炉时凝练出肉眼可见黑色八爪生物扑向微子群孟川意识，孟川心灵意志万劫不磨斩十七刀灭之，微子群形态抵达丹炉前。孟川感慨第一炼已快用尽手段。,孟川闯九炼塔第一炼（风压迫+心灵意志攻击），元神崩开后以微子群形态通过到达丹炉前。
白鸟馆,诞生的虚空三叶花,设定揭示、情节推进,揭示、设定,贝前辈称孟川通过第一炼修行根基在六劫境算最顶尖一小撮（第一炼考验护身本领及心灵意志达肉身七劫境门槛水准）。第二炼：转开丹炉旋盘阀门（八边形八边各十六丈，九层符纹连接整个丹炉阵法为引子钥匙）。第三炼：沿风洞飞入丹炉受炉火炼一炷香时间不灭即成功（孟川感应丹炉威力微子不死身在面前如尘土十个百个自己都得湮灭，七劫境约莫半数闯不过第三炼须掌握本源规则为最基本要求）。孟川参悟旋盘阀门九层符纹（一年多诸多元神分身全力以赴坤云秘境十倍时间实际十余年全部梳理一遍），参悟九层符纹大大开阔眼界——悟透之时即掌握空间规则之时。时空之谷白鸟馆地盘，虚空三叶花诞生（三片叶子隐隐透明花朵艳丽彩色），矮胖身影和青衣女子赶到。按排序该轮到东宁（插队引起不满但击败猩红之主后六劫境佩服）。矮胖身影禀告莫峫山主。,孟川参悟旋盘阀门九层符纹（悟透即掌握空间规则），时空之谷虚空三叶花诞生轮到孟川。
白鸟馆,掌握空间,悟道、转折高潮,修炼、高潮、爽点,莫峫山主通知孟川虚空三叶花轮到孟川速来。孟川来时空之谷仅两百余年获赐（比预料快，坤云秘境十倍时间增积累以免浪费虚空三叶花）。莫峫山主交木盒（虚空三叶花三片叶子透明花朵艳丽彩色蕴含空间极致美感），六位成员化身贺喜。孟川元神分身吸收虚空三叶花（微子结构自然转变如久旱树苗逢甘露）。孟川感空间掌控急剧提升，把握到空间规则真正本质，压抑狂喜以本质整合空间规则感悟。洞府上空虚空扭曲形成百万里气泡（内部百亿里），洞府进入隐秘空间彻底消失又缓缓显现。六位成员化身闲聊称孟川太急切（应先参悟空间规则三大基础扎实再用虚空三叶花，而非肆意使用力量一年不到用完）。服用第三天孟川轻笑——浩瀚空间规则彻底洞彻奥妙，掌握完整空间规则成巅峰六劫境。,孟川服用虚空三叶花第三天悟出完整空间规则成巅峰六劫境（独一档可和七劫境交手些招数）。
白鸟馆,混洞大力,悟道、装备获取,修炼、奖励、爽点,孟川掌握空间规则（宇宙运转两大基石之一对万事万物渗透更深，对种种本源规则认知提升极高地步面对七劫境有抵抗之力，界祖再垂钓孟川可凭空间绝对掌控抵抗）。空间规则为根基须进一步掌握本源规则（混洞规则已非常接近雷霆微子空间三大规则覆盖混洞九成奥妙须积累剩余少许再整合），为第七次天劫做准备。孟川离开时空之谷（莫峫山主及其他六劫境以为孟川去其他地方修行不知已掌握空间规则）。九炼塔内孟川掌握空间规则后旋盘阀门九层符纹清晰易懂，以元神之力形成两只大手抓旋盘阀门转动——阻力大到转不动（须半步七劫境力量元神劫境力量欠缺）。孟川现学《混洞大力法》（沧元界群星楼七劫境秘术混洞规则擅长力量方面），半个时辰修炼成十五层。孟川以《混洞大力法》形成两只幽暗大手（蕴含无数符纹如劫境秘宝掌心如黑洞搅动时空），抓住旋盘阀门不足一息转动一圈彻底定住。丹炉内暗红火焰升腾。,孟川掌握空间规则后回九炼塔以《混洞大力法》转开旋盘阀门闯过第二炼，丹炉火焰升腾。
白鸟馆,龙祖的赠与,装备获取、核心伏笔,伏笔、奖励,孟川知第三炼闯不过（七劫境约半数闯不过须掌握本源规则为基本要求），但试一试。贝前辈称第三炼须从风洞飞入丹炉受炉火炼一炷香不灭即成功（扛不住从风洞逃出算失败），通过第二炼后龙祖赠宝物（第一次来都送，按规矩三件任选一件）。沧元祖师第一次闯过第三炼赐予宝物价值百万方。孟川派新元神分身飞入丹炉——以绝对空间压制炉火（周围形成亿万层空间层顺势变化压制抵挡削弱火焰，单凭绝对空间可轻易灭杀顶尖六劫境），但火焰缓慢变强不断烧穿空间层将空间烧成最原始微子状态（空间亦微子构成）。孟川体表黑色护体层被烧穿，元神分身湮灭连微子群都溃散（微子不死身在丹炉炉火下不值一提），仅撑二十息。贝前辈称六劫境能撑二十息已难得（无空间规则瞬间湮灭）。孟川放弃第三炼。贝前辈取出三件宝物任选：元神八劫境碎片（一位元神八劫境冒犯永恒存在家乡元神崩裂即死留下的碎片，可参悟对成元神八劫境或有所帮助）；三环混洞阵（以混洞规则为核心的八劫境秘宝阵法三环各百万方结合更罕见七劫境兵器秘宝都不及）；异宝时空令（龙祖炼化河系大小小宇宙而成，掌握空间规则才能施展，可施时空领域及穿梭时空一步前往时空长河任何一处）。,孟川闯第三炼失败（丹炉炉火烧穿绝对空间二十息湮灭），龙祖赠三件宝物任选（元神碎片、三环混洞阵、时空令）。
白鸟馆,时空令,装备获取、设定展开,奖励、设定,贝前辈详述三件宝物：元神八劫境碎片（无法直接提升实力但可参悟对成元神八劫境或有帮助）；三环混洞阵（最实在成七劫境后最适合兵器正面战斗极强混洞规则与其他本源规则如何结合有明确指引）；时空令（六劫境时实力提升最大可立即拥有时空领域实力大增但成七劫境后领域帮助减小，逃命手段珍贵无比——穿梭时空一步前往时空长河任何一处当代唯白鸟馆主万星天帝或永恒秘宝可拦截，对修行有助益可参悟时间空间结合奥妙有利于将来悟出时间规则）。孟川选时空令（弥补跨时空赶路弱点——混洞规则不擅长赶路即便悟出第二种本源规则也不一定擅长，有助参悟时间规则，元神分身众多无须硬拼无限作战才是元神七劫境最大威慑力）。时空令宛如琥珀内有浩瀚星河（河系大小小宇宙含微型时空长河九千九百九十九条锁链掌控），孟川试施时空领域（比绝对空间强多媲美七劫境层次领域）。贝前辈送孟川从东太河域出口离开九炼塔。雨阊（暗星会主手下擅因果）感应到孟川离开九炼塔出现在东太河域出口，上禀暗星会主（暗星会主布局六劫境几乎不可能逃掉）。,孟川选异宝时空令（时空领域+穿梭时空），从东太河域出口离开九炼塔，暗星会主监视到准备袭杀。
白鸟馆,暗星会的袭杀,战斗描写、转折高潮,战斗、高潮,孟川出现在东太河域，以空间波动感应一座河域范围（三千两百五十七个河系）。孟川借时空令感应整个时空长河（无数支流一切映照在心，能模糊感应太阳星太阴星黑暗混洞生命世界阵法洞府宇宙险地古老遗迹及五劫境以上生命体，发现百余座河系被时空封锁保护与八劫境大能有关——龙祖九座山吴道君一座凤凰始祖三座等）。暗星会五位顶尖六劫境（拐杖老者、俊美男子、树人、羽翼女子、流水生命）凭因果监视两息时间抵达，以十方轮回阵图（八劫境秘宝阵图）布轮回之地（百亿里范围）袭杀。五位大能各展规则融入阵图（俊美男子金光融入光之金之规则、树人雷霆、羽翼女子风火、流水生命黑水、拐杖老者浊气引领融合），轮回之地降临压迫孟川。孟川以绝对空间（十万里范围层层抵挡）挡住轮回之地压迫（五位大能惊：挡住了？他们五个联手匹敌巅峰六劫境本以为碾压孟川）。轮回之地与绝对空间碰撞，五位大能知不妙欲撤（偷袭针对顶尖六劫境非巅峰六劫境）。孟川施《黑暗之瞳》针对俊美男子（意识沉沦无法配合布阵），轮回之地阵法缺一位威力大减。,暗星会五位顶尖六劫境以十方轮回阵图袭杀孟川，孟川以绝对空间抵挡以《黑暗之瞳》灭俊美男子意识令阵法缺一位。
白鸟馆,欺人太甚,战斗描写、转折高潮,战斗、高潮,"孟川一步到俊美男子身旁以绝对空间灭杀（肉身赖以生存的空间在毁灭无可阻挡）。暗星会主（灰袍黑色石头头颅冰冷眸子，掌握物质规则——号称肉身最强本源规则微子结合成诸多形态正面战斗可怕，界祖也只能凭境界高戏耍难以正面击败）暗中跟随布置隔绝时空阵法（时空传送符激发化作飞灰却传送失败）。暗星会主看透孟川年龄五千余岁成巅峰六劫境（天赋超越很多七劫境比肩白鸟馆主万星天帝年轻时），贪婪之心更重（九炼塔赐予宝物定贵重）。暗星会主一拳轰出（黑色岩石拳头碾压绝对空间层层粉碎），孟川暴退（暗星会主贴着绝对空间追）。暗星会主身体散开化为万亿里黑色岩石巨人（眼睛比太阳星大），巨大手掌覆盖百亿里阵法范围（孟川如何逃都在阵法范围内，物质规则七劫境一念以微子构建肉身无需宝物可大可小至刚至柔）。拐杖老者等四位六劫境见状认为孟川完了（巅峰六劫境面对七劫境无法反抗）。孟川怒喝""暗星会主你欺人太甚""，以时空令施时空领域爆发波及百亿里——拐杖老者等四位嘭的化作飞灰。",孟川灭杀俊美男子后暗星会主亲自出手化为万亿里岩石巨人一掌笼罩阵法范围，孟川以时空令施时空领域灭杀剩余四位顶尖六劫境。
白鸟馆,关键时刻出手,战斗描写、转折高潮,战斗、高潮,时空领域为时空令唯一对敌招数（须掌握空间规则施展，比绝对空间强得多媲美七劫境层次领域，扩张百亿里千亿里仍保持恐怖威力）。拐杖老者等四位湮灭后不在意分身陨灭却心疼十方轮回阵图（八劫境秘宝阵图暗星会主赐予核心队伍）。孟川以时空领域收走四位遗留宝物含轮回阵图。暗星会主巨大手掌压下与时空领域碰撞（时空领域减缓手掌速度一息变近十息但终究领域只是领域无法阻挡）。孟川以《混洞大力法》两只幽暗大手抵挡（瞬间湮灭如蚂蚁举肢挡巨人踩踏），以《黑暗之瞳》无法穿透物质规则肉身。孟川所有招数都无法撼动暗星会主分毫（差距太大须自爆分身或暴露时空令遁逃手段——后者会吸引七劫境窥伺）。魔眼会主在静室观看（称暗星蠢货目光短浅不知道抢的是谁，孟川时空领域有他五成威力，等孟川最绝望时出手结善缘）。黑色岩石手掌即将碾压孟川时，魔眼会主穿越隔绝时空阵法现身（境界之高八万余年前即顶尖七劫境时空造诣令暗星会主心颤——想来就来想走就走），嗤笑暗星会主又偷袭六劫境。,孟川以时空领域灭四位六劫境夺宝物，暗星会主一掌压下孟川所有招数无法撼动，魔眼会主关键时刻穿越阵法现身救援。
白鸟馆,时空长河各方的关注,核心伏笔、人物心理,伏笔、情感,暗星会主（万亿里黑色岩石巨人）震怒（孟川是猎物身上有轮回阵图及九炼塔赐予宝物），咬牙质问魔眼会主当真要阻他。魔眼会主称出现在这自然帮孟川（以大欺小偷袭孟川不能容忍）。暗星会主哑口无言（谁不知魔眼会主不在乎感情只在乎利益，说交情是鬼话）。七劫境大能们本能感应因果位置，两位七劫境相聚引起关注——原界首领（元神顶尖七劫境谁都不服谁都敢斗）观看知孟川是沧元前辈家乡后人；青龙馆主（半步七劫境龙族首领宝物多）观看疑孟川是巅峰六劫境；大半七劫境（百花府主人脉最强、桃江主人靠山最硬、阴影之主、东冥之主、雪虹宫主等）注意到此事第一次认识孟川。种树老农（满是皱纹，整个时空长河几乎一切在其掌控中唯一能威胁的仅白鸟馆主及不在时代的八劫境，算计比魔眼会主恐怖得多整个时空长河大势在其无形控制下）观看：巅峰六劫境修行五千三百九十三年潜力不凡，窥探孟川未来线脸色郑重——潜力比阴影之主原界首领还恐怖。白鸟馆主在静室抵抗元神伤势抬头观看笑称界祖眼光毒辣孟川成七劫境不远了。,魔眼会主现身阻止暗星会主，大半七劫境关注到此战第一次认识孟川，种树老农窥探孟川未来脸色郑重（潜力比阴影原界还恐怖）。
白鸟馆,尘埃落定,矛盾收束、人物心理,冲突、情感,暗星会主怒问魔眼会主可有胆子接一拳（讥讽其八万多年重伤在身）。魔眼会主称要瞧瞧暗星一拳威力。暗星会主一拳（庞大如天体穿过千亿里），魔眼会主一指点出出现光点（如宇宙起源一切力量源于它）——暗星会主拳头炸裂粉碎冲击力传全身一条胳膊湮灭身躯裂痕（暗星会主瞬间以物质规则恢复丝毫无损，这就是物质规则可怕除非一招彻底湮灭否则瞬间恢复）。暗星会主称走运的小辈看下次谁能保你，转身离去。孟川心想下次希望能正面斗一斗。祖巫王（白鸟馆主万星天帝以下肉身一脉最强者得永恒存在巫之传承）观看：魔眼一指仅五成实力伤势又反扑（八万年蛰伏大部分精力对付伤势）。魔眼会主暗暗懊恼（仅五成实力伤势反扑，当年太自信走错一步差点身死放弃外界一切在家乡三万年镇压伤势）。魔眼会主称巧合顺便出手（实为暗中关注孟川寻再结善缘机会），告知从此所有七劫境都关注到孟川行事需更小心（实力越强被迫卷入纷争）。孟川回沧元界与柳七月钓鱼，告知元神分身从九炼塔出来遇偷袭甚至七劫境偷袭（魔眼会主出手相救），时空令和轮回阵图已安全带回沧元界。,暗星会主一拳魔眼会主一指湮灭其胳膊（暗星会主瞬间恢复离去），魔眼会主告知所有七劫境都关注孟川，时空令轮回阵图安全带回沧元界。
白鸟馆,初见白鸟馆主,人物引入、核心伏笔,人物、伏笔,孟川向柳七月讲述暗星会主（一手建暗星会盯六劫境乃至更强者不择手段偷袭，论不要脸数一数二）。白鸟馆主亲自召见孟川。孟川到白鸟馆总部（百亿里馆院数千六劫境聚集），六劫境们议论孟川（巅峰六劫境修行五千余年掌握三大六劫境规则含空间规则，魔眼会主交情不凡，白鸟馆将出元神七劫境），个个敬重。孟川随炽阳副馆主到小楼二楼，见青龙副馆主（青色龙鳞掌握轮回规则宝物众多征战四方）和白鸟馆主（消瘦温和朴素无压迫感如时空长河最普通的一部分）。白鸟馆半步七劫境最耀眼三位：影魔之主（公认最强半步七劫境白鸟馆主生死好友一同创建白鸟馆）、青龙副馆主（宝物众多手段极多）、学徒（炼器最强特立独行一门心思炼器同时驾驭数十件秘宝配合所向披靡）。孟川躬身行礼。,孟川赴白鸟馆总部初见白鸟馆主（温和朴素无压迫感），六劫境们议论孟川潜力，白鸟馆半步七劫境最耀眼三位介绍。
白鸟馆,看过去未来,核心伏笔、装备获取,伏笔、奖励,白鸟馆主称孟川修行五千余年与自己当年差不多，界祖眼光非凡。青龙副馆主慨叹七劫境门槛宛如天堑但对某些存在可轻松越过（阴影之主原界首领年轻轻轻顶尖七劫境），孟川定能轻松成七劫境为白鸟馆第一位元神七劫境（元神七劫境威慑力比肉身七劫境大得多——元神分身众多不携宝物都极恐怖）。白鸟馆主承诺孟川成七劫境时安排清泉岛洞府（须逼一位七劫境让出但白鸟馆主处理），赐等同藏书令权力（可翻阅白鸟馆一切藏书传承含《无量宇宙》原本——疑似永恒存在所创以无量一脉为引讲述宇宙一切规则，须悟出无量规则或掌握空间规则+时间过去现在未来方可参悟否则有害无益）。白鸟馆主个人赠三件元神一脉奇珍（约两千万方宇宙外闯荡收获对肉身劫境帮助不大留之无用）：黑色书册、青色果子（渡第七次天劫前服用）、银色立方体（须细细参悟体会自会知晓用法）。白鸟馆主看透未来，孟川有希望成八劫境（元神八劫境），值得落子（白鸟馆主元神受伤需帮手，元神八劫境罕见求见不到）。,白鸟馆主召见孟川承诺清泉岛洞府及藏书令权力，赠三件元神一脉奇珍（约两千万方），看透未来孟川有希望成元神八劫境值得落子。
白鸟馆,结识,人物引入、伏笔深化,人物、伏笔,炽阳副馆主困惑白鸟馆主赠三件奇珍（价值两千万方足以让原界首领加入白鸟馆），青龙副馆主惊讶（白鸟馆主万星天帝能看透未来无需质疑决定）。白鸟馆主称这个时代有希望成八劫境的只有自己万星和孟川（虽上百个半步八劫境才有望出一个八劫境但孟川有希望，元神八劫境），赠三件宝物为自身未来落子（元神伤势需帮手但元神八劫境求见不到）。星云宫举行庆典庆贺第三分馆多了一位副巡查令东宁城主，白鸟馆高层齐聚（馆主两位副馆主三位藏书令五位巡查令众副巡查令）。孟川结识东冥之主、阴影之主、食神宫主等七劫境及莫峫山主心魔教主猿魔君主等巡查令，影魔之主（阴影生命低调无存在感）与孟川喝一杯称看到年轻时的馆主。白鸟馆主与影魔之主密谈：白鸟馆主称不宜久战怕挡不住万星（伤势仅界祖和影魔之主知晓），影魔之主承诺十年内肉身突破百年左右渡劫成七劫境替白鸟馆主分忧（已悟出三种七劫境肉身法门只是试创更强的）。仓离凤钰之主来贺，仓离称孟川注定是风云人物（副巡查令庆典能让白鸟馆所有高层出现）。仓离在凤凰一族祖地获火源传承（凤凰始祖所创最强传承门槛极高凤凰一族七劫境都学不会，仓离十年不到学到契合度极高）。沧元界七劫境秘宝世界，孟川以天罚图准备因果杀鹏皇。,白鸟馆主看透未来为自身落子赠奇珍，庆典孟川结识白鸟馆高层，影魔之主承诺成七劫境替白鸟馆主分忧，孟川准备因果杀鹏皇。
白鸟馆,鹏皇之死（本集终）,矛盾收束、情感展现,冲突、情感,孟川在沧元界七劫境秘宝世界以天罚图（八劫境秘宝）因果杀鹏皇——暗金色雷霆顺因果线传递至妖界妖祖洞鹏皇家乡真身，鹏皇本能感觉无法抵挡身体如火焰中消融的积雪瞬间湮灭（妖祖洞庇护仅至六劫境层次无法挡巅峰六劫境施八劫境秘宝），仅剩器物。千山星囚魔牢狱鹏皇域外真身呆滞（家乡真身都死了），孟川走来。鹏皇喃喃称孟川成六劫境求七劫境出手杀他（上一次认定六劫境出手这一次更可怕应是七劫境）。孟川称是亲自动手（巅峰六劫境施八劫境秘宝有半步七劫境实力隔着世界击杀三劫境靠自身不可能活下来）。孟川以幻境折磨鹏皇（心灵崩溃元神溃散身死），尸体化飞灰。妖族三罪魁（星诃帝君玄月娘娘鹏皇）皆死。孟川与秦五在元初山山顶论妖界祸患（妖族世界毫发无伤算不上结局，数十万或数百万年后再次靠近可能须重创妖界造福后辈）。三石老人得知孟川成巅峰六劫境心颤胆寒一具真身躲黄衣书院总部绝不外出。苍盟空间传遍孟川成巅峰六劫境消息（苍盟最强界祖第二东宁城主）。伏遂感慨同入魔山四人不同命运（孟川巅峰六劫境、伏遂元神之伤、黑风老魔悟出六劫境规则疑有缺陷未创肉身法门、蒙虎沉睡百世梦境）。（本集终）,孟川以天罚图因果杀鹏皇家乡真身后灭杀域外真身，妖族三罪魁皆死，与秦五论妖界祸患，同入魔山四人不同命运。
七劫境,八劫境睁眼,设定展开、核心伏笔,伏笔、设定,沧元界天地大殿静室，孟川（巅峰六劫境）面前木盘摆三件物品（黑色书册、青色果子、银色立方体），白鸟馆赠的时空长河隐秘情报记载了当代七劫境半步七劫境巅峰六劫境诸多隐秘及魔山混沌浊河厌骨之地等详细情报和八劫境有关隐秘，但这三件物品无任何记载。黑色书册气息令孟川心惊有几分永恒秘宝大印的感觉（但差距还挺大拥有类似某种特质）。孟川先服青色果子，入口干涩仿佛无数沙粒搅动肉身元神每一个微子（元神也由微子构成），恶心颤栗心慌令四劫境五劫境微子都可能直接散开毙命，但孟川心灵意志已达元神七劫境层次又有微子不死身故无身死危险。煎熬近一盏茶后沙粒粉碎成水流滋润元神，果实力量裹挟一缕元神念头瞬间离开宇宙（孟川悟出完整空间规则非常确定），进入乱流汇聚处（无法观看只能模糊感知十种水流即十大本源规则）。孟川选择进入开天规则水流（非最熟悉的混洞规则因已掌握空间微子雷霆规则离混洞很近没必要用在有把握短时间掌握的道路上）。开天规则是开辟宇宙的规则，十大本源规则中掌握难度非常高（无量因果轮回等规则七劫境掌握不少但开天规则少之又少，因难以亲眼观看开辟宇宙只能推演靠想象参悟）。混洞规则为吞噬一切归于寂灭与开天规则对立（对立道路兼修才真正强大更有利于掌握时间空间）。孟川元神念头在开天规则海洋遨游看到十九幕开辟宇宙画面（魁梧身影挥大斧劈出无尽世界、黑色神龙一爪撕裂浩瀚世界等），黑色神龙遥遥看了孟川一眼龙须飘荡。蜿蜒盘踞的黑色神龙（不知其所长正似睡非睡时间线迅速移动一万年两万年外界时间过去上亿年）忽然睁眼时间线静止——孟川看到的是龙祖（家乡宇宙诞生的八劫境中最富有也隐隐是实力最强的一位，能开辟宇宙），龙祖注意到家乡宇宙的小家伙孟川判断其半步八劫境不难（家乡宇宙这个时代是很强的时代可能有三位半步八劫境同时代出现，但半步八劫境突破到八劫境上百个才有望出一个，八劫境才能算是龙祖的同行者）。其他十八位开辟宇宙的存在都未理会孟川。果实力量消耗殆尽后孟川元神念头湮灭，沧元界静室中孟川陡然惊醒。（新的一集开始）,孟川服白鸟馆主赠青色果子，一缕元神离开宇宙进入开天规则海洋遨游，看到龙祖等十九幕开辟宇宙画面，龙祖注意到孟川判断其半步八劫境不难。
七劫境,开天,悟道、装备获取,修炼、奖励、爽点,"孟川久久不能平复心情（八劫境以下无法凭借自身脱离所属时空长河须借助外力如八劫境携带，果子只能携带一缕元神前往神秘之地）。孟川确认龙祖能开辟宇宙却未曾达到永恒之境，与龙祖差距太远。孟川感受自身变化——一缕元神念头在开天规则海洋遨游受到影响拥有的特殊能力，真身及其他元神分身同样掌握。孟川凝练出蕴含开天规则的""开天之刃""（锋利无匹无物不破，虽未悟出开天规则却能施展，类似禁忌生物没有感悟规则却能施展，但仅会这一招论精妙论威力比掌握开天规则的七劫境弱得多正面交手能轻易被蹂躏）。开天规则是十大本源规则中攻击性最强的规则（所有威力凝聚为一点彻底爆发，物质规则硬碰硬虽强但爆发威力不及开天规则）。孟川在时空令小宇宙中试招，一道黑色锋芒凭空出现将百万亿里范围一分为二（七劫境层次出手波及范围极为广阔），震撼这招威力近乎暗星会主一拳一掌。孟川自嘲像七劫境禁忌生物（没掌握规则能施展七劫境招数但连生命层次都未跨越到七劫境故比它们还弱些），但掌握一大杀招且经常施展体会掌握开天规则也会顺畅得多。孟川拿起黑色书册翻开第一页，讯息显示""元神八劫境破尽书中三千幻阵可为我弟子""（口气大得离谱可能为永恒存在所留）。孟川了解受龙祖影响这一方时空长河以肉身一脉为主（龙祖在肉身一脉成就太高令宇宙肉身一脉底蕴很深，宇宙之外元神八劫境也比肉身八劫境稀少得多）。元神八劫境所需心灵意志高得匪夷所思（魔山登顶与元神八劫境门槛所需心灵意志有本质差别）。孟川翻开第二页进入幻境世界（百里大仅有泥土水流小草），参悟三个时辰后找到关键点撬动令幻境崩塌，受触动对元神世界构造有新认知。第二页幻阵用六个半月才破解，第三页彻底看不懂。三千幻阵当前境界只能破解两个。","孟川悟出""开天之刃""（开天规则招数七劫境层次威力仅会一招），参悟黑色书册三千幻阵破解前两个幻阵。"
七劫境,前往混沌浊河,设定展开、伏笔埋设,伏笔、设定,孟川认为黑色书册珍贵的是三千幻阵本身（破尽三千幻阵元神八劫境估计也很难做到，但每破一阵对幻阵理解更深破上千个有望掌握时间空间规则，时间尺度放长益处比果实还高但收获多少看自身潜力）。孟川参悟银色立方体（掌握空间规则看出由六个部分精密组合），每部分单独为普通八劫境秘宝（不及天罚图价值二三十万方）但组合质变（数百万方难买到，将六件八劫境秘宝彻底组合成新秘宝，操纵比分开六件难得多动一发牵全身对元神负担大，至少元神七劫境才能施展）。六个部分竟都是时空类八劫境秘宝（不蕴含任何本源规则纯粹的时间空间奥妙形成的八劫境组合秘宝，是一位伟大存在尽情炫耀时空造诣所创，既是强横秘宝兵器又极利参悟时空，价值近千万方）。白鸟馆主说三件奇珍价值两千万方已很谦虚（沧元祖师一生积累除永恒秘宝大印外无一件能和三大奇珍相比）。孟川做好随时听白鸟馆主召唤的准备。孟川域外真身前往混沌浊河欲杀禁忌生物了结因果（因果干扰下令修行道路艰难十倍不止）。混沌浊河周围被重重阵法布置历史上多位八劫境大能加固（除非跳出时空长河否则无法直接跨越唯有慢慢飞）。白鸟馆记载混沌浊河为魔山主人开辟（魔山主人为这一方时空长河历史上排在前列的八劫境大能，将自身凌驾众生之上不刻意屠戮众生但修行试验害死劫境大能数量不计其数，魔山遗迹祸害较小禁忌生物危害大，魔山主人故意开辟混沌浊河连接宇宙内外引混沌生物进入后无法逃出待宰杀的鱼，早期还将禁忌生物放到域外虚空惹祸逼得其他八劫境齐现身逼迫罢手最后加固混沌浊河，魔山主人收购禁忌生物命核但其他八劫境不需要）。孟川知道进出阵法秘法，飞了半月抵达混沌浊河凭秘法冲入隐藏时空。,孟川参悟银色立方体（六件时空类八劫境秘宝组合质变价值近千万方），了解混沌浊河为魔山主人开辟的陷阱，前往混沌浊河猎杀禁忌生物了结因果。
七劫境,浊河之上,环境铺陈、战斗描写,战斗、设定,"孟川进入混沌浊河发现站在广阔浑浊水面上（水浑浊连水下一尺都看不清水面长尽宽尽，更适合称混沌浊海，八劫境或能明白为何称河流）。混沌浊河连接宇宙内外，宇宙外混沌生物被吸引进来再也出不去。上空飞十亿里仍是混沌浊河，往下穿过整个浊河继续飞十亿里也仍是混沌浊河，永远找不到尽头。禁忌生物（弱六劫境强七劫境层次）永远困在这。孟川往上飞脱离水面有无形力量拖拽（瞬移一亿里后下方拖拽力强得恐怖令身体扭曲崩溃坠落，唯有碰触水面飞行才最轻松）。凭借空间规则能感应周围亿里瞬移最大距离一亿里（普通六劫境进来感应连一万里都难）。孟川化作三道元神分身分开寻找禁忌生物。第二天孟川一尊分身故意以雷霆闪电超高速飞行引诱水底数百万里外千余里范围黑影（有庞大独眼盯着孟川），黑影缓慢上浮偶尔跨越空间缩小距离。孟川早以空间规则发现对方故意朝其区域飞行令其发现，距离八百余万里时黑影感应到孟川悄然逼近（判断为顶尖六劫境禁忌生物）。三十万里时黑影不再靠近，一道粉色雾气钻入孟川识海冲击元神（剧痛感），元神世界内白衣美貌女子现身魅惑要惑乱元神世界（根据孟川意念自然演变）。同时下方虚幻白色面孔张嘴吞向孟川（若意识空白就被吞入）。孟川故作惊怒以三道雷霆（兼具雷霆微子两大规则）湮灭白色面孔，庞大黑影逼近成千上万白色面孔从四面八方包围。孟川故作惊慌疯狂施展雷霆仅湮灭数百张面孔更多面孔淹没而来。黑影独眼兴奋""元神劫境生命不错的食物""，忽然看到一双幽暗眸子凝视它（黑暗之瞳秘术修炼到更高境界发挥威力大得多），黑影意识无法反抗仿佛无底深渊吞噬其意识，成千上万白色面孔全部溃散，黑影施展任何攻击手段。孟川震怒凝聚混洞雷矛怒劈黑影，黑影丝毫不慌任由劈在身上数息后湮灭。水面下数百万里黑影再度凝聚出现（六劫境禁忌生物命核不碎便是不死）。",孟川进入混沌浊河以三尊元神分身寻找禁忌生物，示敌以弱引诱第一头六劫境禁忌生物，以黑暗之瞳令其意识无法反抗，以混洞雷矛湮灭其真身。
七劫境,关注,战斗描写、设定展开,战斗、设定,孟川找到命核位置（命核可能是任何物品能伪装，伪装时表面看不出特殊，唯有凝聚新真身时会有力量波动且与命核距离不会太远）。黑影借助命核重新凝聚真身刹那命核波动暴露位置（一千两百万里河水深处一团水流隐匿在浊河中）。孟川瞬移近处以绝对空间囚禁拳头大水流，浮现面孔张嘴欲饶命，孟川以绝对空间瞬间切割成八份令面孔绝望破灭。命核显露为碎裂成八份的晶球，孟川收起命核碎片（也不知道有什么用处就魔山主人大肆收购，斩妖刀仅能吞吸煞气类命核碎片但命核碎片有很多种类）。孟川隐隐觉得禁忌生物代表另一种强大路线（某些方面比劫境还厉害，七劫境禁忌生物命核开始规则概念化保命能力凌驾大部分七劫境之上，能吞吃万事万物连生命世界都能吞吃，活到意识彻底腐朽溃散命核中还会孕育新意识寿命之长可想而知，生存能力吞吃能力寿命都整体超越修行者，但这一体系显然不好研究否则其他八劫境们早收购命核了）。孟川收起黑影尸体（千余里范围黑色水藻下隐隐有柔软身体一只巨大眼睛已闭上，命核不灭永远得不到真身尸体它会彻底消失复活时再凝聚出现）。孟川有两种解决因果方法：一是透过永恒楼白鸟馆情报查探域外虚空自然孕育的六劫境禁忌生物（实力普遍比混沌浊河弱但找到很难），二是来混沌浊河（孟川实力够强元神劫境不怕战死元神分身敢来险地）。一个多月后碰到第二头（血色花朵模样），艰辛战斗击杀真身后对方吓得不敢复活（孟川仅展露两成实力），命核伪装成水流躲藏在九百多万里外（未凝聚真身无波动孟川无法察觉），决定先躲一千年再凝聚真身。八个月后猎杀第五头禁忌生物（断成三截的陈旧木船命核，远处万里高八臂怪物尸体），孟川终于成功击杀第二头六劫境禁忌生物（喜欢胆量大信心足的才敢再度凝聚真身继续追杀才有机会收割）。两年半后周围禁忌生物更加谨慎（可能部分彼此认识，杀死两头引起警觉示敌以弱效果变差）。第三头（兵刃命核断成两截，头上十三柄利刃如王冠颈部背部到尾椎三百多柄利刃），有巅峰六劫境近半实力（孟川遇到的最强一头），远距离出手失败后复活想要近战。孟川展露全部实力瞬移近身直接劈开命核。三头禁忌生物全部解决。孟川分一元神分身携命核尸体施展魔山主人秘法被排斥出混沌浊河送战利品回去。混沌浊河偏僻处凝聚一张无比庞大的模糊面孔（睁眼看河水又仿佛窥探时空），疑惑这么短时间接连三头混沌生物被杀不正常（一般百年千年才死一个），以巨大眼眸映照过去时间线画面锁定黑袍白发孟川分别斩杀三头禁忌生物的画面。,孟川以示敌以弱策略猎杀三头六劫境禁忌生物了结因果，收命核及尸体，混沌浊河深处一庞大模糊面孔（吠语）关注到孟川。
七劫境,白鸟馆藏书,设定揭示、人物心理,情感、揭示、设定,庞大面孔（吠语，混沌深处灰烬领主麾下大将，征战四方吞食过十余位七劫境层次混沌生物在混沌中横着走，八劫境大能远远不是它所能匹敌的但混沌领主虽也有八劫境实力却未彻底悟透时间空间真实实力略逊一筹）。吠语愤怒又无力——本是灰烬领主麾下大将，被魔山主人布置的陷阱（混沌浊河）骗进来再也逃不掉。吠语从诞生意识起就一直在战斗不会轻易放弃，唯一离开这一方宇宙的办法是成为领主跳出时空长河（需吞食七劫境层次存在越多越好，最好吞食掌握规则的七劫境大能一个抵十个混沌生物，曾吞吃过两位七劫境大能分身对自身提升极大）。吠语本以为两三年猎杀三头六劫境禁忌生物可能是七劫境大能到来还有些兴奋，谁想只是六劫境（即便是巅峰六劫境也太弱，掌握本源规则的七劫境层次元神才更有滋味），失望的模糊面孔消散（仅为无形力量汇聚的化身）。时空长河白鸟馆总部，孟川来到藏书楼（白鸟馆最重要的地方收藏海量典籍名传时空长河连《无量宇宙》原本都有更别说八劫境层次典籍七劫境层次典籍多得惊人，得龙族倾力相助）。孟川是少数不受任何限制可尽情阅读白鸟馆藏书的劫境成员。典籍按层次类别摆放，孟川来到混洞类典籍区域（每一座书架都隐隐宛如黑暗混洞影响周围，每一本原本都是掌握混洞规则的存在亲手书写拥有神异之处）。孟川拿起混洞分类第一座书架最高层仅有的薄薄灰色书籍《混洞拳》——天芒宫主（三十五亿年前七劫境大能）所创，以混洞规则为核心演化的拳法，历史上纯粹混洞规则演化出的最强秘法，仅一种本源规则创出的拳法却媲美顶尖七劫境实力。天芒宫主在拳法方面了不得最高成就是凭借掌握混洞原点两规则创出更恐怖的《天芒拳》无敌一个时代一拳击败其他顶尖七劫境近乎半步八劫境。《混洞拳》讲述逆用混洞规则的诀窍（混洞规则本是吞噬一切汇聚一切但这一拳逆用将一切力量爆发出去，先练成顺的后练成逆的，逆反使用分七步第七步代表彻底掌握），孟川感觉逆用混洞规则有开天规则的韵味但不太一样（开天规则锋利无匹逆用混洞规则是大爆炸）。历史上除天芒宫主后一代代七劫境学会《混洞拳》的屈指可数，《天芒拳》更是一个也无（半步八劫境除外）。孟川开始学《混洞拳》（在白鸟馆所学的第一门传承）。,吠语（七劫境禁忌生物）视孟川为太弱的食物不屑一顾，孟川在白鸟馆藏书楼参悟混洞分类第一本《混洞拳》（天芒宫主所创纯粹混洞规则演化最强拳法媲美顶尖七劫境）。
七劫境,千年岁月,悟道、氛围营造,修炼、设定、爽点,孟川看似在白鸟馆悠然看书，同时坤云秘境界府域外真身、清泉岛元神分身、混洞深处元神分身、沧元界天地大殿真身都在演练混洞拳。孟川先学顺的拳法（极难但威力奇大越钻研越沉迷越钦佩天芒宫主智慧）。清泉岛仅能待三百年故域外真身在坤云秘境保持十倍时间增加清泉岛修炼效率。转眼孟川在白鸟馆十二年（真实修行百年余），在混洞深处出拳时空昏暗扭曲汇聚四方力量，一拳时空塌陷比往常更夸张吞吸周围力量令小半个混洞区域扭曲震荡。孟川惊喜发现施展出引力规则（雷磁领域空间规则微子规则结合本就包含引力规则，一定程度代表积累太深厚，已足以冲击混洞规则没必要浪费时间，需刹那顿悟将积累整合成本源规则）。孟川修炼混洞拳百余年该换一门传承，拿起第一座书架第二层《混洞领地》——半步八劫境前辈周方宫主（九十六亿年前）所创混洞规则演化领域法门（从八劫境禁忌生物尸体得到启发，纯粹混洞一脉最强领域法门，新晋七劫境时所创）。孟川参悟一门门传承汲取前辈智慧结晶（不同时代大能各有成长经历战斗方式都最终掌握混洞规则）。清泉岛三百年期满，孟川联系魔眼会主离开（魔眼会主挽留允许继续修行至成七劫境被孟川婉拒要四处多走走，魔眼会主判断孟川临近突破）。孟川在白鸟馆翻看藏书一百七十余年（真实修行一千多年），参悟三十九门混洞传承（代表三十九位掌握混洞规则前辈的道路），内心越来越平静有感觉已非常接近混洞规则随时可能突破。这些年时空长河发生不少大事（仓离突破成半步七劫境得凤凰一族倾力支持风头一时无两、影魔之主成功渡劫成七劫境低调、阴影之主和六方天斗起来杀得昏天暗地有白鸟馆支持万星天帝不亲自出手阴影之主丝毫不虚、黑魔殿雪羽殿主和年老的界祖产生冲突），孟川依旧悠然看书。孟川放下手中书籍，脑海中一门完整本源规则已彻底成型。,孟川参悟三十九门混洞传承修行千余年（修炼混洞拳掌握引力规则），清泉岛三百年期满离开，时空长河热闹纷繁孟川专注参悟终于彻底悟出混洞规则。
七劫境,混洞规则,悟道、转折高潮,修炼、高潮、爽点,孟川悟出混洞规则成元神七劫境层次。达到瓶颈后卡很久很正常（卡数万年到寿命大限无法突破也正常，孟川达到瓶颈后也修行一千多年），年轻心态更好更有耐心（能掌握三种六劫境规则积累达极限可能已修行五六万年而六劫境寿命近十万年，卡久了越来越接近寿命大限怎能不焦躁）。孟川回顾修行之路：在中等生命世界沧元界自幼修行至掌握帝君级极限绝学终结妖族威胁，作为自创帝君级极限绝学的天才很顺利成六劫境。修行七千年掌握混洞规则，放眼当代仅白鸟馆主略胜一筹（白鸟馆主六千年成七劫境，万星天帝一万一千年成七劫境，孟川还需渡劫才算七劫境大能，速度完全超越沧元祖师）。第七次元神之劫估计百年左右降临。孟川感受混洞规则（太浩瀚，参悟三十九门传承从不同角度认知如今彻底看清隔着的蒙蒙纱消失）。元神世界以混洞规则为核心自然演化（中央孕育黑暗混洞，有完整混洞规则和强大元神之力令黑暗混洞逐渐真实化，半个时辰孕育出尺许大黑暗混洞核心，与外界真正混洞核心一样只是小太多，元神之力达新层次）。施展开天之刃威力将更恐怖。孟川感受如今实力能随意蹂躏巅峰六劫境时的自己（掌握空间规则仅保命能力强点能坚持几招有时间自我湮灭分身不被活捉）。白鸟馆主凭空现身道贺（孟川元神世界已演变元神之力达七劫境层次，除未渡劫与元神七劫境无区别），告知第七次元神之劫百年左右降临必须为渡劫做准备（心灵意志算不错但元神之劫针对心灵容不得丝毫大意），元神一脉后期修行需开创元神法门（掌握本源规则后便可开始试着创造，洞彻元神创造最适合自己的元神法门可令元神强大心灵意志强大，孟川在六劫境阶段就悟出法门雏形）。白鸟馆有七劫境层次元神法门八百零九种（混洞一脉十二种开天一脉五种），八劫境元神法门五种（有因果牵扯的两种需抉择，无因果牵扯的直接参悟如《永恒之路》）。,孟川修行七千年彻底悟出混洞规则成元神七劫境层次（元神世界演化出尺许大黑暗混洞核心），白鸟馆主道贺告知需开创元神法门为渡劫做准备。
七劫境,炼化一座混洞,设定展开、装备获取,奖励、设定,孟川请白鸟馆主不公开突破消息（离渡劫仅百年左右不想受打扰全心为渡劫准备）。白鸟馆主告知参悟三千幻阵对构建元神世界有帮助元神世界强了渡劫把握越大（孟川渡劫成功白鸟馆多一位元神七劫境威慑力三五个肉身七劫境难以媲美，元神七劫境可不在乎死亡随意派遣元神分身袭杀各处，黑魔殿肆无忌惮就因有元神七劫境，最重要的是孟川是白鸟馆主疗伤的希望）。孟川一尊元神分身来到三湾河系一座黑暗混洞近处，跨过混洞金盘到时间流速百倍区域（七劫境生命体到来对时空压迫太大时间加速不足一倍），孟川能轻易行动在扭曲时空中感知整个混洞。孟川看清混洞中央为直径九十二丈一尺二寸的完美圆球（无比光滑圆润放大亿万倍看不出凹凸），推断混洞核心一天外界大概三百年。孟川落在混洞核心上（如小木船孟川巨人一步落上令小木船摇摇晃晃），混洞对时空影响大幅衰减（混洞核心一天外界百天左右），混洞球体表层开始无声分解缩小（九十一丈九十丈八十九丈，盏茶时间都撑不住就要崩溃，七劫境生命体对混洞负担强了千倍万倍，八劫境生命体将是另一个质变）。孟川一迈步离开混洞核心停止消耗恢复运转。孟川跨越数座河系来到一座大型黑暗混洞前（混洞核心直径六百丈为元神世界能承受的极限，新晋混洞一脉元神七劫境能炼化多大混洞的情报）。孟川以元神世界映照现实笼罩四方（混洞一脉元神七劫境元神世界需要世界秘宝，最适合的就是外界真实混洞，将庞大混洞炼入元神世界稳定性威力大增无需购买奇珍异宝任何奇珍异宝都赶不上真实混洞，元神七劫境元神世界也会有部分真实化凝练混洞核心但自身力量凝练太少）。元神世界吞噬一座混洞，直径六百丈混洞核心缓慢融入元神世界成为核心（大半个月彻底归位），元神世界多了混洞核心后仿佛有了世界柱石稳定性暴涨威力恐怖得多（即便不施展招数仅生命体压迫对时空的影响都不亚于超大型黑暗混洞，当代混洞一脉元神七劫境就孟川一个）。孟川生命体蕴含能量比整个沧元界还庞大，规则影响领域自然蔓延过沧元界妖界到无比广阔范围（以沧元界为中心本源领域笼罩约一百六十万亿里，沉睡中都会自然覆盖，一切因果攻击都能阻挡，万星天帝白鸟馆主级透过因果降临也衰减到普通七劫境层次渗透生命世界再衰减则本源领域轻易阻挡）。,孟川炼化六百丈直径混洞核心入元神世界（稳定性暴涨威力恐怖），本源领域自然笼罩以沧元界为中心约一百六十万亿里范围阻挡一切因果袭杀。
七劫境,儿孙们,情感展现、设定展开,情感、设定,孟川在江州城外草地与柳七月踏青（毛毯上食物美酒），庆贺柳七月闭关半年突破成为帝君（柳七月修行五百多年实际修炼时间五百多年因沉睡两百多年，服火源液血脉接近纯血凤凰即便不修行都能随时间变强，单论技艺境界已到帝君中期，元神七层后才突破）。柳七月以沧元界神魔修行体系突破（非凭血脉强行成帝君），修行条件太奢侈（火源液媲美八劫境秘宝的宇宙奇珍改变血脉达近乎纯血凤凰，人族历史上只有沧元祖师和孟川两位能做到）。孟川告知自己也突破了——悟出七劫境规则元神世界演化，再渡劫功成便是七劫境（不到一个月前突破七月还在闭关，熟悉新力量才走神）。七劫境比六劫境提升太大（七劫境若出手即便隔着诸多河系都能瞬间灭杀或活捉六劫境，只有掌握空间规则的巅峰六劫境在七劫境面前有自我毁灭分身的能力，七劫境是巍峨高山六劫境是一粒尘土，六劫境躲在家乡世界或永恒楼总部才有一定权力但仍得依附七劫境）。孟川掌握混洞规则可跨河系出手，凭时空令力量可传递到整个时空长河任何一处。百年左右第七次元神之劫降临需为渡劫做准备。孟川突破后沧元界在本源领域保护范围内沧元界生灵无需担心外来因果袭杀，安儿等修行者可放出去闯闯（达帝君级都可放出去，孙儿孟御也可离开坤云秘境）。孟川告知孟御修行快赶上他爹孟安（孟安悟出四劫境规则但肉身法门未曾完善，估摸极限可能就是五劫境层次，孟安少年开始修行速度放眼沧元界历史绝顶基础雄浑人族历史前三更是沧元祖师传承弟子然而此生能修到五劫境就算很不错了，一方世界诞生一位六劫境太难，像孟川这种绝世天资整个时空长河都罕见）。孟川给孟御安排的道路与儿子截然不同（大大增加磨练放任成长，孟御喜欢什么道路就让他自己走，孟安很长一段时间必须按沧元祖师安排成长孟川不赞同但已有反对能力时孟安已不惜一切去坤云秘境改变不了了）。,孟川告知柳七月自己已悟出七劫境规则（元神七劫境层次），百年左右渡劫，沧元界在本源领域保护范围内可放后辈出去闯荡。
七劫境,食物,战斗描写、伏笔深化,伏笔、战斗,混沌浊河水面上楼阁内，孟川（掌握混洞规则后）专心修行为渡劫做准备，本源领域在混沌浊河虽遭重重压制仍能感应周围过百亿里（若禁忌生物来到领域范围内可顺手狩猎当放松身心积攒资源）。孟川发现一头八首异兽禁忌生物（八个长脖颈头颅如长蛇四蹄三条锋利细长尾巴如剪刀，在六劫境禁忌生物中算厉害的）水底潜行寻找猎物（唯有进化成七劫境层次在混沌浊河才真正安全，渴望吞吃六劫境修行者帮助大）。八首异兽看到一双黑暗眸子，意识毫无反抗迅速沉沦湮灭，肉身没了生机。距离六千五百万里外命核藏匿河水中惊慌（真身瞬间被灭杀，是七劫境混沌生物还是修行者？），绝不敢凝聚真身（命核波动会被发现），顺水流远遁。孟川以混洞领域波及三亿里范围扫过（最大可波及百亿里但对付六劫境没必要），七千万里外命核（一幅画卷）显形。孟川以元神秘术直接袭杀命核摧毁其意识（仅摧毁意识没毁命核命核画卷还完好，随时间会孕育新意识再度出现新禁忌生物，算另一头禁忌生物了）。孟川收起命核画卷（暖白色材质绘画着八首异兽图案）和尸体。过去伪装实力是因禁忌生物真身复活时命核有波动更易找到命核（正常真身距命核一般较远即便混沌浊河也远离数千万里乃至数亿里），如今成七劫境能轻易攻击覆盖上百亿里（六劫境禁忌生物真身远离命核最多数亿里），大范围灭杀定能找到命核自然没必要伪装。孟川疑惑命核来历（命核可能是任何物品看起来普通却能孕育强大禁忌生物），吐槽画卷画得一般自己十岁时都比这好。混沌浊河偏僻处模糊面孔（吠语）感应又死了一头六劫境禁忌生物，一直盯着混沌浊河，任何强大修行者或混沌生物都可能是它的食物。吠语以巨大眼眸映照过去时间线画面锁定黑袍白发孟川手持命核画卷的画面，一惊——之前几次看到孟川还是元神六劫境如今成了元神七劫境（新晋突破），吠语无比兴奋（吞吃元神七劫境对元神帮助大，新晋七劫境反抗能力弱），模糊面孔悄然散去，浊河深处幽暗庞然大物迅速朝孟川赶去。,孟川以七劫境实力轻松灭杀六劫境禁忌生物（找到命核画卷），吠语发现孟川已成元神七劫境视其为美味食物迅速赶来袭击。
七劫境,战吠语,战斗描写、转折高潮,战斗、高潮,混沌浊河是时空迷宫即便因果锁定直线赶往也可能变成万亿里距离（时空错乱的可怕迷宫牢狱，除非跳出时空长河才不受束缚）。吠语生活在混沌浊河太久容易探索区域非常熟悉，仅一天就抵达孟川所在区域（八百亿里外，这是它在混沌浊河瞬移的极限）。孟川本源领域覆盖过百亿里，吠语冲进领域范围时孟川瞬间感应（类似于章鱼百条触手每条上亿里长庞大躯体令时空扭曲气息令孟川心惊）。孟川本能抵挡排斥（混洞规则擅领域，参悟过混洞一脉最强典籍《混洞领地》掌握规则后能发挥七成威力），领域内时空错乱强大排斥力拉扯庞然大物（若是暗星会主冲来速度骤减只剩一两成）。但吠语吞食同层次禁忌生物十余头达七劫境后进化过多次，身体宛如虚幻混洞时空排斥力仅少许作用，发出低沉吼声——虚幻领域降临瞬间击溃混洞领域（论领域吠语更强）。孟川施展黑暗之瞳无效（心灵意志侵袭如撞墙无法穿透，吠语金色独眼讥讽看孟川，心灵意志手段它同样擅长只是这次目标是元神七劫境没施展但自保的话孟川黑暗之瞳再强数倍也威胁不到它）。混洞领地崩溃，吠语身体一窜到孟川近前触手抓向孟川。孟川一分为三逃跑同时施展万劫混洞大阵（六十颗黑暗混洞起伏不定镇压一方时空，八劫境阵法万劫旅者所创孟川耗费时间最长的绝学比混洞拳多二十年，混洞一脉为引的八劫境阵法孟川仅发现这一门，分三卷第一卷百劫境纯混洞规则阵法孟川参悟第一卷并顺便学后两卷暂时悟不透，随参悟越深能凝练混洞越多同时凝练上万黑暗混洞完美成阵代表达到万劫之境至少需悟出完整时间空间规则）。六十颗混洞如六十个礁石任洪水冲击巍然不动，大大影响时空令吠语无法瞬移。吠语庞大躯体分解为十二头略小分身（每头十条触手）围捕孟川三尊元神分身，孟川遭领域冲击无法瞬移只能飞行速度远不及对方。一条触手侵袭到元神分身前（触手尖端巨大吸盘欲吞下），孟川以元神世界覆盖四方一拳轰向触手吸盘（混洞拳，逆用混洞规则爆发力量，修炼到第五步还差两步圆满），触手微微荡漾卸力表面皮层裂开紫色血液流出。孟川发现紫色血液在疯狂夺取自身控制权（禁忌生物血液具有可怕侵染性），毫不犹豫令元神分身轰然炸裂自爆（不给对方吞食机会）。吠语叹息孟川太谨慎立即自爆（若试着抵抗一两个刹那侵染程度大增就没法自爆了）。,七劫境禁忌生物吠语袭击孟川，以虚幻领域击溃混洞领域，孟川以万劫混洞大阵（六十颗混洞）抵挡，见元神分身被血液侵染立即自爆不给吞食机会。
七劫境,混洞开天,战斗描写、爽点设置,战斗、爽点,"孟川不愿元神分身被吞食（禁忌生物吞食修行者可能是吞食修行记忆碎片或微子构成，进化帮助大，故见势不妙立即自爆）。孟川分化恢复三个分身继续分开逃窜施展万劫混洞大阵抵御（难得的大战可借此试验白鸟馆学到的一门门绝学，高层次战斗更验证参悟）。孟川逐一施展粉碎星辰、混洞冲击、混洞之牢等三十九门传承试招。吠语发现孟川拿它试招且见势不妙就立即自爆太谨慎，决定用最后一招——十二个庞大子体悄无声息溃散成灰色雾气蔓延开去，隔绝时空形成闭环时空牢狱（看似飞了上千亿里可能依旧在闭环时空内绕圈，七劫境大能时空造诣足够高深可创造时空牢狱，吠语时空方面非常强大孟川无法破解，孟川虽掌握空间规则但时间一脉成就太低远不及魔眼会主界祖，若魔眼会主在此一步就跨出）。灰色雾气缓慢渗透侵蚀元神分身（没有任何方法阻挡），孟川明白最简单逃脱法是自爆分身但不愿轻易放弃。吠语得意（觉得侵蚀慢不着急想凭自身手段破解，等侵蚀足够深想自爆都晚了）。孟川元神世界覆盖开来中央有庞大混洞，混洞之力汇聚在混洞深处凝练一柄可怕利刃——开天之刃。孟川毫不犹豫施展最强招数""混洞开天""——先以混洞规则汇聚无尽之力将力量汇聚为一，再以开天规则爆发（比混洞拳更完美的爆发，两种对立规则完美结合威力攀升到极恐怖地步，其他七劫境即便掌握两种本源规则威力配合或许更巧妙但论威力爆发不及对立规则结合）。无比耀眼刀光从元神世界混洞中爆发劈开一切，瞬间撕裂整个时空牢狱渗透处处劈向吠语身体构成的每一个微子，时空牢狱灰飞烟灭。孟川若能悟透开天规则对立本源规则结合就能施展出更多招数（如今只会开天之刃和混洞规则结合，与顶尖七劫境相比短板明显）。吠语在数亿里外再度浮现（庞大百触手真身金色独眼盯孟川），孟川脸色微变——过去不死身（对时间利用超越过去规则更玄妙，轻易过去映照现在直接复活，非命核复活故命核无波动找不到命核）。吠语称除非孟川在时间规则上远远超越它否则永远灭不掉这一具真身。孟川三个分身又分出两道，五名孟川同时头顶浮现浩瀚元神世界各孕育一柄恐怖刀光，五名同时施展混洞开天，五道耀眼刀光同时爆发粉碎眼前一切。吠语从时空牢狱形态恢复肉身形态防御强了许多，但面对五道混洞开天之刃胆寒，所在区域彻底被撕裂粉碎，可怕力量汇聚还深层次影响了时空。","孟川以""混洞开天""（混洞规则汇聚力量以开天规则爆发对立本源规则结合最强杀招）撕裂吠语时空牢狱，五尊分身同时施展轰灭吠语真身并影响时间线。"
七劫境,黄雀在后,转折高潮、伏笔深化,伏笔、高潮,足够能量一样能影响时间线，孟川五尊分身同时混洞开天威力太可怕较近时间线被影响无法复活。但吠语在时间方面非常擅长，从混洞开天没有影响到的遥远过去再度复活到现在，庞大百触手真身再度形成（又眼馋又觉得孟川太难对付）。吠语自信以时空实力若要躲孟川杀不到它，但目的是吞食元神分身不能遁逃，孟川太谨慎见势不妙就自爆。吠语再度尝试——身体模糊起来成千上万触手虚影笼罩孟川（时间一脉招数短刹那出招太快显现海量触手虚影）。孟川判断无法破解过去不死身，五尊分身又是五道混洞开天，百亿里时空彻底湮灭湮灭一切触手及身影。孟川懒得再斗（没法逼出命核复活就找不到命核对方永远立于不败之地，对杀不死的禁忌生物是纯粹浪费时间），施展魔山主人秘法被混沌浊河排斥离去。吠语从过去再度复活发现孟川已离开，无奈（即便持续斗下去吞食希望也很渺茫）。这时混沌浊河凝固了，吠语感到时空强大禁锢欲封禁它，艰难转头看到一名满是皱纹的老农踏浊河之水走来——万星天帝。吠语心都凉了（这一方时空长河真正能威胁它的修行者只有万星天帝和白鸟馆主）。万星天帝重视孟川（将孟川地位提高到仅次白鸟馆主，每数十年观看一次孟川未来时间线），自从孟川来到混沌浊河就发现孟川未来几乎必定会和吠语交手（吠语时空造诣极高会发现孟川这猎物，一旦孟川达新晋七劫境这场交手必定发生）。万星天帝确定交手必然发生后提前百余年潜伏到混沌浊河一边修行一边耐心等待（在孟川较近处），终于等到吠语出手。万星天帝一掌拍击吠语头颅无数符纹浮现彻底封禁吠语这一具真身（无法动用丝毫力量如雕塑），真身被封禁则命核无法复活逃远（七劫境禁忌生物命核与真身在混沌浊河最远不超三千亿里，真身反而成了限制）。万星天帝在三千亿里范围探查找到不断移动逃窜的命核（无数灰色丝线每一道有无数符纹，最终凝聚成上百触手的诡异木雕，为吠语真身缩小后模样）。木雕求饶，万星天帝彻底封禁木雕力量波动并灭杀木雕内意识，外界庞大吠语真身意识湮灭成尸体。万星天帝以能耐也无法毁掉这木雕（物理摧毁也只分解为无数灰色丝线会再度形成，永恒不灭放开封禁会再度孕育新意识，难怪魔山主人一直研究混沌生物）。万星天帝收获七劫境禁忌生物命核心情极好，遥看孟川方向感慨其成长之快。,孟川以五道混洞开天无法杀吠语（过去不死身）选择离开，万星天帝提前百余年潜伏等待趁机封禁吠语真身找到命核（木雕）灭杀意识收获七劫境禁忌生物。
七劫境,自创元神法门,悟道、伏笔埋设,伏笔、修炼、爽点,"万星天帝想到孟川是白鸟馆成员好心情淡去，不希望与孟川为敌（孟川招数稚嫩但混洞开天威力强得离谱达顶尖七劫境层次，护身弱领域弱但元神七劫境每个分身随时可舍弃威胁极大，不希望与孟川成为敌人否则会头疼孟川更会痛苦十倍百倍，但也不信孟川和白鸟馆主离成八劫境差得近——上百个半步八劫境才出一个八劫境）。白鸟馆藏书楼内孟川参悟元神法门典籍（七劫境层次元神法门八百零九种混洞一脉十二种开天一脉五种，都不及《元神星辰》《永恒之路》两门八劫境传承）。孟川参悟八劫境元神传承：《天河》（变与永恒为核心，万千水流一直在变不断衍变新微小规则但汇聚成天河却永恒，变与永恒是核心，细细体会半年）、《时光之沙》（时光消磨却依旧永恒如初）、《真理之书》（十二道真理）、《宇宙演变》（宇宙源头开辟运转衰败寂灭）、《无量唯一》（有因果牵扯需无条件答应混沌领主樱鸠领主出手三次，樱鸠领主因命核缘故寿命极长是宇宙外威名远播的元神八劫境大能，要求太高孟川放弃）。孟川以六门八劫境传承（《元神星辰》《永恒之路》《天河》《时光之沙》《真理之书》《宇宙演变》）为基础参悟元神法门。掌握本源规则后已掌握宇宙真实有资格创造元神法门（虽只掌握一种本源规则创造法门会有些偏移但对元神影响依旧无比深远，无法自创元神法门心灵意志终究有限）。孟川元神以混洞核心为磐石万劫不磨，外为幽暗之水环绕如混洞领域运转（以混洞规则为核心改变的元神结构，在原有雏形基础上更进一步），可称""混洞元神""。参悟第二十五年悟出《磐石与水》法门（内为磐石如今是混洞核心将来或许是一座宇宙，外为水之变无穷可应对外界之变，不亚于七劫境元神法门能规划八劫境道路），但隐隐觉得不是最契合自己的。参悟第三十四年终于明白真正道路是绘画——修行路即绘画路（少年绘画《众生相》、战争获胜绘画《脊梁》），元神化作缓缓展开的画卷（水流环绕混洞核心）。",孟川参悟六门八劫境传承先悟出《磐石与水》法门觉得不契合，第三十四年明白真正道路是绘画，元神化作画卷开始演变。
七劫境,画世界（补欠第一更）,悟道、核心伏笔,伏笔、修炼、爽点,"元神化作画卷（画卷上有水流环绕混洞核心）。绘画早期是绘画目标的形神心灵，非完全复制现实而是提取外形特征神韵及绘画者心灵感悟融为一体（画源于现实又超脱现实）。修行也是如此（以心为画从万事万物中提取自己的认知将认知体会凝练成规则），孟川的修行路也是绘画之路（早期画天地如今绘画宇宙万事万物，到今日也只是绘画出空间混洞）。真正道路不是磐石与水（内部万劫不磨外部随势变幻），而是绘画世界——《磐石与水》仅是七千年绘画世界的结果，若是七万年乃至更久绘画出的将浩瀚瑰丽得多。孟川元神法门名为《画世界》，将绘画自己看到的一切。元神蜕变后格外通明（对宇宙万事万物还有惑但对修行路已无惑，心灵意志也有蜕变，相比混洞元神画卷元神看似不具有攻击性却更包容更浩瀚，心有多大元神世界有多大）。创出元神法门后渡劫前最重要目标已完成，孟川悠闲翻阅三千幻阵书册（需漫长时间慢慢参悟八劫境大想要尽皆破解都很难，孟川丝毫不急）。时光如水，孟川掌握混洞规则后第七十九年，在元初山一别院亭子内翻阅黑色书册，忽然抬头目光跨越时空落在遥远河域古老星辰上（家乡真身有异宝时空令组合秘宝银色立方体及沧元祖师所留诸多宝物，监察时空任何一处瞬间跨时空送出元神分身都轻而易举）。周天河域七星河系无名古老星辰上，孟御（三劫境）与四位四劫境劫境现身（探索七劫境大能洞府遗迹收获近二十万方宝物，最珍贵的是九颗静心珠每颗约一万方），孟御等准备分别离开。紫袍中年男子小挪移失败意识到不妙（有叛徒）。一道披战甲身影（五劫境）显现气息笼罩星辰，得知他们发现七劫境大能洞府，布置阵法欲夺宝物。孟御等五位分开逃（五劫境只有一个有一线希望逃掉），孟御急速逃窜懊恼没虚空挪移符（太穷全凭剑术）。孟御凭《无量剑心》剑术有高成就（祖父给的剑道绝学在坤云秘境三劫境层次也没遇到比它更厉害的绝学）。战甲身影追杀孟御（一掌欲冻结孟御），孟御脑海中忽然响起一道熟悉声音""孙儿，勿慌""。","孟川悟出元神法门《画世界》（元神化作画卷），翻阅三千幻阵书册，透过时空令发现孙儿孟御遭五劫境埋伏，一念传音孟御""孙儿，勿慌""。"
七劫境,祖孙再重逢（补欠第二更）,情感展现、战斗描写,情感、战斗,"孟御听到""孙儿""想到仅见过几面的祖父。战甲身影一掌拍出欲冻结孟御，半途意识湮灭（孟川出手），一掌威势分散波及孟御仅少许一丝被轻松抗下，战甲身影坠落地面没了气息。孟御吃惊五劫境大能悄无声息就死了。孟川现身（白衣白发中年男子笑吟吟看着孟御），孟御跑过去喜叫祖父，问要不要夺回二十万方宝藏（除胖老者其他无交情）。孟川一念灭杀叛徒（蛇鳞男子化作飞灰），收起诸多宝物及五劫境尸体（约十五万方），放走胖老者紫袍男子。孟御惊讶祖父放走两位四劫境（多放走一位就是数万方宝物，祖父不是有大敌吗），孟川称缺的是修行不是宝物。孟御问祖父境界，孟川隐瞒真相称自己仅半步六劫境大敌是真正六劫境（元神劫境可阻拦其掌控炼化坤云秘境）。孟御问大敌名字，孟川称告诉他就产生因果联系可能被发现（孟御了然自己太弱了）。孟御将约五万方宝物交给祖父（留五千方就充足），孟川见状太孝顺了，决定给孙儿翻倍准备三十万方宝物（三劫境足够，孙儿也看不出宝物真正来历）。孟御知道永恒楼只能买到寻常宝物珍贵宝物需五劫境乃至更强者才能买。周天河域火云魔宫，火云魔主（周天河域最强者六劫境顶尖黑魔殿核心成员头生双角全身厚鳞甲）得知消息怒了——弗明是黑魔殿成员是他手下，敢直接袭杀是和黑魔殿为敌和他为敌（黑魔殿行事霸道给六劫境面子动手避开六劫境麾下势力但六劫境不能主动招惹黑魔殿否则疯狂反扑杀一儆百）。火云魔主借助虚空挪移符直接前往洞府位置。孟川有所感应带孟御离去，分化一尊元神分身留下（杀黑魔殿五劫境能糊弄，杀六劫境不太好糊弄）。火云魔主认出孟川为东宁城主白鸟馆副巡查令巅峰六劫境大能（掌握空间规则不是他能得罪的），立即满脸憨厚笑容讨好""东宁城主来我周天河域当真是周天河域之幸""。孟川冷然道""施展虚空挪移符来此还路过？既然来了就别走了""。",孟川一念灭杀五劫境弗明救孟御，收宝物灭叛徒放走两人，孟御将宝物给祖父被婉拒，火云魔主赶来认出孟川后讨好服软，孟川仍欲动手。
七劫境,黑魔殿主（牛年大吉大利）,矛盾爆发、人物引入,人物、冲突,"孟川以空间急剧塌陷瞬间坍缩成一点灭杀火云魔主域外真身（对黑魔殿成员本能杀意兴起，能看到他们身上滔天罪孽每一个都怨气冲天屠戮无数生灵，火云魔主作为核心成员罪孽更恐怖，可惜对方有家乡真身仅灭了一个域外真身）。火云魔主家乡真身震怒（主动讨好低头服软还被杀），禀报黑魔殿主。黑魔殿有两位殿主一正一副，正殿主离虹之主（修行十二万余年，皮肤白皙俊美男子生命气息带自然魅惑令所有见到者生好感但实为时空长河罪孽最深重的大魔头，成七劫境比魔眼会主略早，一心钻研时间规则不愿分心参悟第二种本源规则，时间规则达最终瓶颈所剩寿命仅数万年，很少出手因副殿主是元神七劫境元神分身征战四方）。离虹之主得知火云魔主被杀域外真身后大怒（六劫境敢蹬鼻子上脸踩着黑魔殿的脸，传出去各方势力如何看黑魔殿），决定动手（时间规则达瓶颈一门心思苦修不适合了或许该动动手，怒意上涌要灭孟川镇守的千山星以示惩戒）。孟川带孟御离开后告知黑魔殿都是疯子杀他们成员会报复（以后在域外当小心警惕黑魔殿），孟御问会不会找到祖父，孟川安慰说很谨慎感应不对就溜了死去五劫境没亲眼看到黑魔殿不知道凶手是谁（实际孟川已分化元神分身留下）。孟川循着因果能找到孟御，破空离去。三湾河系千山星（孟川坐镇的星辰整个神女河域排前十繁华），离虹之主跨越遥远时空到来（一身淡金色衣袍皮肤白皙容貌俊美目光所及周围广袤时空如盒子纤毫毕现）。离虹之主惊讶千山星布置了七劫境阵法连他都看不透（想到孟川已是巅峰六劫境布置七劫境阵法很正常）。离虹之主平静开口""孟川""，声音回荡整个千山星，千山星修行者们恐慌（出大事了千山星怕有危险，有的朝永恒楼分部冲有的朝外逃跑）。离虹之主作为黑魔殿最高首领不屑偷袭，要简单告诫孟川当面覆灭整个千山星以示惩戒。孟川出千山星面对离虹之主，离虹之主看到孟川瞳孔一缩轻声""孟川？""。",孟川灭杀火云魔主域外真身，火云魔主禀报离虹之主，离虹之主大怒赶至千山星欲覆灭千山星以示惩戒，孟川出千山星面对黑魔殿主。
七劫境,东宁城主和黑魔殿主,矛盾爆发、人物心理,冲突、情感,"孟川观察离虹之主（当代七劫境中最俊美的一位生命气息带自然魅惑令所有看到者生好感，即便孟川达元神七劫境层次能一眼看到他身上滔天血色罪孽依旧受影响生命本能产生好感，离虹之主仿佛罪孽中的洁白，越加警醒不愧是执掌黑魔殿超过十万年的最可怕魔头）。离虹之主情绪复杂——本来要动手的计划全部作废（看到孟川竟是元神七劫境，当代第四位元神七劫境）。离虹之主表面不乱笑容魅惑更惊人，称前些年东宁还是巅峰六劫境一转眼竟已是七劫境。孟川质问黑魔殿主隔数亿里唤他声音响彻千山星一片恐慌怎叫没恶意。离虹之主解释来为火云魔主（没得罪甚至讨好都被斩杀域外真身未免欺负黑魔殿了），发现东宁竟是元神七劫境既然七劫境动手杀六劫境不值一提。万星天帝（老农模样啃果子）遥遥观看（孟川在他心中地位排第二黑魔殿主地位特殊二者碰面立即观看，回忆当年万星天帝逼离虹之主对方从头到尾不反击还赔礼，压榨大半财富后罢手）。魔眼会主也关注（发现孟川成元神七劫境惊叹混沌浊河白鸟馆总部都无法窥伺，以孟州性子定厌恶黑魔殿离虹之主这次怕是得吃瘪）。白鸟馆青龙馆主、影魔之主（白鸟馆最主要战力）发现孟川成元神七劫境又惊又喜（白鸟馆多一员元神七劫境大将应对万星天帝威胁轻松不少），影魔之主传音白鸟馆主，白鸟馆主称早知道东宁未曾渡劫没让公开，以离虹之主的隐忍性格一定会尽量缓和。暗星会主也关注（吓得一跳最近气运不佳得谨慎些了，但成元神七劫境能奈他何只忌惮那两位半步八劫境）。孟川和黑魔殿主相遇消息传播，七劫境大能们一个个遥遥关注连界祖也得知（新一位元神七劫境诞生对时空长河局势影响太大）。孟川透过本源领域能感知三十五道透过时空遥遥的窥伺（彻底掌握时间空间的白鸟馆主万星天帝的窥伺无法感知）。孟川故意挑衅（如果今天依旧巅峰六劫境就得付出代价吧），离虹之主微微皱眉（他在缓和孟川却故意挑衅）。孟川称元神分身灭了也不心疼算不上代价，质问离虹之主想让他付出什么代价。离虹之主脸色沉下来说已很给面子。孟川嗤笑""堂堂黑魔殿首领时空长河罪孽最深重的大魔头和我谈面子？你这种魔头在我这从来没面子""。离虹之主脸色阴沉如水（能忍但指着他鼻子骂的只有那两位半步八劫境，且万星天帝当初的欺辱一直没忘憋屈太久，时空规则达最终瓶颈后不想忍了觉得一些刺激能令他更有望突破瓶颈掌握时间规则成为新的半步八劫境）。孟川挑衅""你试试我这新晋七劫境的手段""，遥遥一伸手幽暗巨大手掌拍向离虹之主。离虹之主眼中泛起一缕血光杀意第一次显现""看来我低调太久了""。","万星天帝、魔眼会主、白鸟馆等七劫境遥遥关注，孟川故意挑衅离虹之主（""你这种魔头在我这从来没面子""），率先出手，离虹之主杀意显现。"
七劫境,短暂的交手,战斗描写、转折高潮,战斗、高潮,"离虹之主以一黑一白两片巨大虚幻磨盘（黑白磨盘合拢相反方向缓慢旋转碾碎孟川大手掌并欲碾碎元神分身，时空融入本源规则的领域类招数）。孟川施展黑暗之眸（巨大黑暗眸子出现在离虹之主脑海宛如无底深渊拖拽意识），离虹之主分出近半心力抵抗（吃惊威力怎么这么大——离虹之主走魔山之路能走到九万两千里心灵意志极强又有七劫境肉身抵挡按理新晋元神七劫境的元神秘术应如春风拂面，但孟川自创元神法门后心灵意志蜕变参悟三千幻阵令元神世界构造更精妙也提升了心灵意志）。离虹之主判定孟川元神秘术仅次于界祖能与原界那位并列。孟川以万劫混洞大阵笼罩广袤时空（一百九十二个黑暗混洞缓缓移动力量凝练为一体，离虹之主震惊——新晋七劫境凝练百个混洞就很了不起孟川数量惊人，因参悟三千幻阵破一百三十六阵对阵法理解达到惊人地步且掌握混洞规则对开天规则也有较高认知结合三千幻阵将万劫混洞大阵修炼到这般境界）。黑白磨盘碾压虚空万劫混洞大阵竭力抵抗处于劣势但还撑得住没崩溃。离虹之主本想领域直接碾死看来还得近战（肉身七劫境最强是近战），以白皙手指朝孟川一点（时空扭曲遥远距离迅速被拉近时间流速变化孟川根本来不及闪躲，一根手指便要点在眉心）。孟川元神分身宛如泡影消散（千山星内元神分身立即分化新的五尊分身，千山星布置了八劫境层次固定阵法威力比随身携带的大需耗费时间布置无法移动但更繁复，七劫境大能洞府想攻破或许只有半步八劫境才有望）。离虹之主以八劫境阵图封禁百亿里时空（令千山星内无法派遣元神分身支援外界，连魔眼会主都无法窥伺只有万星天帝白鸟馆主能破解）。万星天帝观看（离虹之主比当年强了不少时间规则应离突破只差最后一步但这一步最难他这辈子怕是没指望了，近战实力强时空结合下孟川只能挨打打不到对方，但吃惊孟川将杀招融入万劫混洞大阵阵法造诣真高）。封禁仅十余息后，无比恐怖狂暴力量爆发彻底撕碎封禁大阵令百亿里时空被粉碎成微子仅剩阵法保护的千山星完好（孟川以万劫混洞大阵十处混洞分别孕育开天刀锋，十道开天刀锋在阵法结合下威力汇聚爆发，顶尖七劫境威力）。离虹之主白皙皮肤出现一条条血色裂痕脸上也满是裂痕（如裂开的瓷娃娃狰狞丑陋），血色裂痕迅速愈合消失恢复俊美模样（以八劫境秘宝护身仍被切割贯穿）。离虹之主""真是小瞧你了""，一迈步消失已跨越时空回到黑魔殿总部。孟川两尊元神分身站着另外三尊被迫消散，脸色郑重（差距的确大除了最后一招其他招数都碰不到他）。",孟川与离虹之主短暂交手，以万劫混洞大阵（一百九十二个混洞）抵抗黑白磨盘，离虹之主封禁时空后孟川以十道开天刀锋轰碎百亿里时空重创离虹之主肉身，离虹之主破空离去。
七劫境,选错了对手,矛盾收束、人物心理,冲突、情感,"两位七劫境的碰撞太短暂，除开始交手最关键的十余息因封禁时空七劫境半步七劫境们没看见，只看到最终封禁被轰破离虹之主肉身被撕裂大量贯穿裂痕后毫不犹豫破空离去。各方判断孟川仅派遣元神分身最终占优离虹之主吃亏。黑魔殿总部离虹之主孤独坐下脸色阴沉（修行十余万年老一辈存在看重脸面，时空规则达最终瓶颈所剩寿命仅数万年，想要在接下来数万年崭露锋芒掀起浪潮在厮杀中获得突破希望，哪想改变心意后第一次出手面对新晋七劫境竟吃了大亏，自我怀疑""我真老了？""——修行仅七千年的后辈，孟川仅元神分身没携带任何宝物自己域外真身携带八劫境秘宝仍被重创）。梦魇副殿主（黑魔殿另一位首领元神七劫境，元神分身正常为虚幻雾气模样，黑魔殿威名大半靠其元神分身征战四方，因继承黑魔殿特殊传承异宝不敢背叛——背叛因果太大可能惹开创黑魔殿的八劫境大能降临这个时间点除掉叛徒）现身。离虹之主坦言""选错了对手""——时空封禁后以他时空造诣可随意出手孟川碰不到他，先攻击千山星（八劫境固定阵法加元神分身坐镇无法轰开）故分割时空令千山星内外无法支援，欲随手灭孟域外元神分身再封禁千山星算教训。谁想刚分割时空动手灭元神分身，孟川爆发——万劫混洞大阵十处混洞分别孕育开天刀锋十道在阵法结合下威力汇聚爆发（顶尖七劫境威力），百亿里时空被轰成微子以八劫境秘宝护身仍被切割贯穿（虽还能再斗但那样只会越加丢脸）。梦魇殿主吃惊不靠外物纯粹凭自身招数就爆发顶尖七劫境之威。离虹之主称今后孟川定是时空长河风云人物。梦魇殿主问孟川对黑魔殿敌意甚大怎么办，离虹之主称且看大不了他杀些五劫境六劫境域外真身罢了动摇不了黑魔殿根基（黑魔殿由八劫境大能开创是最大底气，时空长河无数修行者喜劫掠黑魔殿充满无尽生命力一直延续）。沧元界江州城孟府书房，孟川看着三千幻阵书册（一战惊动诸多顶尖势力自己占据上风但感受到诸多差距——时空造诣太稚嫩正常招数碰不到对方对方随便欺负，混洞开天离虹之主都能轻易躲开，只有万劫混洞大阵施展的绝招湮灭百亿里时空是大范围招数躲无可躲才被覆盖，时间规则分过去现在未来三方面都没掌握，离渡劫很近了先钻研阵法）。孟川设想让万劫混洞大阵每个混洞都孕育开天之刃施展混洞开天（实际尝试有诸多问题：众多混洞平衡对阵法负担大孕育太多开天之刃容易令阵法崩溃，以如今阵法造诣只能在十个节点孕育；每招混洞开天对心力负担大十个就消耗过半心力）。转眼一战过去十一年，孟川掌握混洞规则也有九十年，大雪之日放下书册""该再去一趟魔山了""。",离虹之主向梦魇殿主坦言选错了对手（孟川不靠外物纯凭招数爆发顶尖七劫境之威），孟川深感时空造诣差距决定钻研阵法为渡劫准备，重走魔山。
七劫境,重走魔山之路,悟道、伏笔深化,伏笔、修炼、爽点,孟川重走魔山世界（七劫境越觉得八劫境大能深不可测，七劫境离八劫境一劫之别但生命层次和实力都是本质蜕变，魔山主人留下的魔山七劫境想走到山顶都千难万难）。八劫境大能创造的势力能延续无尽漫长岁月（永恒楼永恒之眼能一直维持七劫境实力活的时间以亿年为单位，龙族始祖凤凰始祖改造血脉令纯血龙族凤凰成年就匹敌五劫境）。孟川曾见过龙祖开辟宇宙场景还有众所周知的跳出时间线前往其他宇宙高等生命世界的超脱轮回。孟川了解到即便七劫境躲在家乡八劫境大能依旧有可能斩杀（家乡世界的庇护源自时空规则，八劫境已跳出时空长河时空规则的阻碍能渗透了）。八劫境大能将时空运转规则视为筛子（魔山主人就开辟混沌浊河连接宇宙内外长期引导混沌生物沿浊河进入宇宙内，龙祖开辟宇宙对时空运转规则渗透更夸张）。孟川觉得离虹之主也有值得钦佩之处（将时间规则修炼到那般高深境界却一直没分心参悟第二种本源规则，以时间规则之艰难能修炼到那般境界的一般早就是顶尖七劫境了，但孟川不学——都掌握开天之刃渡劫之后自然将掌握开天规则排在第一步，混洞规则开天规则结合后种种手段才能真正丰富才是名副其实的顶尖七劫境，以两大对立本源规则为基础再参悟时间这才是孟川认定的道路）。孟川踏上心灵之路抵达上次止步处七万三千里（轻松多了无压迫感，掌握本源规则开创《画世界》法门凝练画卷元神后心灵意志提升大但山顶声音对元神也无锤炼之效）。走到八万里处三条道路合为一条（顿悟之路附身之路心灵之路在八万里彻底汇合），走入汇合道路感应到一位沐浴火焰中的异族六劫境生命（在动用火焰炼制黑色大锤，附身之路附身的都是顿悟之路突破的六劫境道路都有缺陷，火焰之道太过凶戾修炼肉身只会凶戾癫狂入魔）。孟川明白顿悟之路大缺陷——一切来得太容易太快，大量感悟迅速堆积出的六劫境规则没经历风吹雨打没时间去实践验证就悟出来了，历史上顿悟之路走出的六劫境都有缺陷。孟川继续一迈步附身一位位六劫境生命（都有缺陷但都是六劫境规则是时空运转的一部分，居高临下剖析同样有收获）。三年后走到九万里处附身结束（长了见识有点锤炼之效），山顶声音越加浩大能听到部分完整句子但无法理解意思（完整一句话对元神冲击更大）。画卷元神充满包容性任凭冲击依旧承受包容。九万两千里至九万八千里越走越慢（完整句子越来越多冲击急剧增加，声音浩大如滚滚雷声令元神内轰隆作响被轰击得有些迷糊）。九万八千里处为孟川能维持清醒的极限（虽隐约看到山顶但还差一截，登顶代表心灵意志达肉身八劫境门槛，元神八劫境所需心灵意志更高）。此次走魔山主要是附身上万六劫境对时空万物认知更丰富对参悟三千幻阵有帮助，心灵意志无进步（到这般境界再提升主要靠完善元神法门）。离开魔山后孟川依旧专心参悟三千幻阵（阵法造诣每一点提升都反映在元神世界构造上）。终于掌握混洞规则一百零三年后的一天，天劫降临。,孟川重走魔山心灵之路至九万八千里（八万里三条路汇合走附身之路附身一位位有缺陷的六劫境生命），心灵意志无进步但认知更丰富，掌握混洞规则一百零三年后天劫降临。
七劫境,渡劫（本集终）,转折高潮、情感展现,情感、高潮,"沧元界天地大殿静室，孟川感应到天劫即将到来告知妻子后前来渡劫。主动消散诸多元神分身仅留家乡真身和域外真身。第七次元神天劫针对元神和心灵意志（渡劫成功的前辈很多情报详细，孟川把握很大，倒是元神第八次天劫没有任何情报记载历史上元神八劫境屈指可数）。孟川感叹连魔山都没登顶心灵意志离承受时空规则演化差很远很远离第八次天劫还遥远得很。冥冥中力量降临——前所未有冰冷雾气降临识海一刹那冻结孟川元神，意识被引入幻境（冰天雪地世界，孟川宛如凡俗无任何神通力量，心灵意志越弱越冷越易冻死，若心灵意志也被冻结就渡劫失败身死魂灭，必须坚持够久久到渡劫结束）。孟川心灵意志算强只哆嗦了下便迈步行走。白茫茫冰天雪地中孟川缓慢行走，暴风雪席卷天地轰隆隆而来（风雪越来越大孟川被越来越多雪花淹没），风雪停下后从积雪中爬出。暴风雪、雪崩、冰湖等重重磨难孟川平静应对不起任何波澜（心灵意志之身心灵意志抗住便不死不灭，孟川能走魔山九万八千里故暴风雪远不及真实可怕）。真正让孟川头疼的是时间——幻境中永远走不到尽头不知过去多久（幻境中度过百万年外界可能才过去一刹那），意识思维缓慢如凡人在冰冻下越来越慢又无法感应任何规则。孟川走了三万年还是三十万年都不知道（无比缓慢的思维令他无法判定时间流速，当初第五次元神之劫经历过时间折磨没有冰冻没有磨难只是虚无中度过不知多久，这一次还要更狠不但时间漫长看不到尽头还有永无尽头的磨难折磨）。元神劫境若因时间久心神疲惫在磨难下没抗住被冻结就死了。孟川坚信自己能成功（渡劫成功的希望犹如一盏灯照耀着在幻境中行走）。时间流逝（三百万年？三千万年？），幻境时间之长令孟川这位元神七劫境都开始习惯幻境乃至滋生些许疲惫时，幻境悄无声息崩解，冻结元神的力量消失。孟川庆幸渡劫前创出元神法门（否则仅魔山六七万里水准渡劫当真是生死一线，心灵意志越高渡劫希望越大）。沧元界江州城孟府，柳七月呆呆看着眼前半成品的一幅画（之前与孟川共同创作孟川绘画她题字，绘画到一半孟川说天劫来了就离开了）。柳七月牵挂丈夫呆坐着脑海中无数思绪翻滚，两天三天时间越久越惶恐担忧没有任何办法只能默默等待。呆坐七个月后一名白衣白发身影出现在书房外笑吟吟看着她，柳七月眼中焕发色彩立即起身走出去。柳七月问""阿川，成功了吧？""孟川微笑道""成功了""。沧元界在这一天诞生了历史上第二位七劫境大能。（本集终）",孟川渡第七次元神天劫（冰冷雾气冻结元神引入冰天雪地幻境，以心灵意志承受重重磨难及漫长时间折磨最终渡劫功成），沧元界诞生历史上第二位七劫境大能。
六笔之画,纷争,设定展开、环境铺陈,设定,孟川（元神七劫境，修行七千余年，未建立任何势力）在星云宫白鸟馆势力范围与白鸟馆主（灰袍消瘦）、影魔之主、炽阳副馆主、青龙副馆主会议，被纳入白鸟馆核心层（孟川为元神七劫境能发挥很大作用）。白鸟馆主恭喜孟川渡过天劫（自此天地开阔很长时间无需烦恼天劫），孟川谦虚称大限之前怕都很难看到第八次元神之劫（实则成元神八劫境三难关：掌握时空规则成半步八劫境、心灵意志令元神世界承受时空规则演化、渡第八次天劫）。影魔之主称孟川年纪轻轻修行才七千余年完全能像馆主一样修行两三万年成半步八劫境。炽阳副馆主出示时空疆域图，告知时空长河资源格局：最大两股势力为白鸟馆和六方天渗透处处占过半资源；星沙河（炼制劫境符箓最好材料星沙）超八成被雪虹宫主、黄衣院主占领常年争斗；桃山主人靠山最硬（破解龙族始祖烦恼一难题，始祖允其出手三次，占桃山自号桃山主人一心潜修不掺和是非从未请始祖帮忙）；桃山主人、雪虹宫主、黄衣院主背后皆有八劫境相助（黄衣院主背后八劫境为其他宇宙）；沧元祖师一生仅见过一次八劫境；时空长河自宇宙诞生至今诞生数十位八劫境，永恒楼、星云宫、黑魔殿等为八劫境留下势力；界祖送孟川一处宝地（需靠自己占领），梦魇殿主不服出手强抢与界祖火拼，不少七劫境掺和。,孟川被纳入白鸟馆核心层，白鸟馆主告知时空长河资源格局及八劫境势力影响，界祖有意送孟川一处宝地。
六笔之画,宇宙之巢,装备获取、设定展开,奖励、设定,孟川了解当代三位元神七劫境格局（界祖临近大限不再争，梦魇殿主盯上界祖死后资源，原界首领强势抢白鸟馆六方天资源）。孟川选占宇宙之巢最大三层（宇宙之巢分九层时空犹如蜂巢，孕育宇宙奇珍最多，每层需一名元神分身镇守，宇宙奇珍少则数万方多则数十万方日积月累非常赚），影魔之主（半步七劫境时公认最强如今顶尖七劫境）陪同前往。宇宙之巢最大三层原由麟祖（和黑魔殿主同批古老七劫境，镇守太久因果规则离突破只差最终瓶颈放弃完整时间规则一心掌握因果规则成顶尖七劫境）、学徒（白鸟馆半步七劫境当代最强炼器者前五性子孤僻）、池天帝（六方天六帝之一）占领。学徒主动让出（静修三万余年静极思动）。孟川、影魔之主、学徒三人逼麟祖退让（影魔之主以白鸟馆主亲自出面威胁，麟祖自知进退放弃去占其他宝地，行走在时空长河思索改变契机）。池天帝热情退让（万星天帝嘱托六方天遇到孟川可结交不可为敌，孟川和白鸟馆主万星天帝都可是好友）。孟川三尊元神分身进入最大三层，在最大一层布置固定八劫境阵法。,孟川选占宇宙之巢最大三层，学徒主动让出，麟祖被影魔之主威胁退让，池天帝热情退让，万星天帝嘱托六方天结交孟川。
六笔之画,再见界祖,人物引入、设定揭示,人物、揭示、设定,麟祖干脆拆除阵法离去（思索改变契机，剩三万余年寿命该去险地拼一拼，若非孟川出现还要忍数千年乃至上万年）。孟川三尊元神分身进入宇宙之巢最大三层，在最大一层布置固定八劫境阵法（七劫境不见兔子不撒鹰，孟川不去争祖巫界六方天原界资源仅占三层已算低调）。池天帝行走在时空长河思索万星天帝嘱托（白鸟馆是对手但孟川不是可成为好友）。孟川拜访界祖（竹林湖泊前白发苍苍垂钓，离大限近），界祖称孟川修行七千年成元神七劫境比馆主成七劫境更快（馆主为肉身七劫境，元神劫境路更难），孟川有希望冲击元神八劫境。界祖告知历史上元神八劫境屈指可数，家乡宇宙有史以来数十位八劫境中元神八劫境很少（七劫境阶段元神劫境仅占一成略多），当代两位半步八劫境并存非常罕见。界祖赠孟川亲手记录的元神八劫境情报书册（多年辛苦搜集，历史上五位元神一脉半步八劫境情报），孟川一念看完整本书册对元神第八劫了解增多。,麟祖离去思索改变契机，孟川布置宇宙之巢阵法，拜访界祖获赠元神八劫境情报书册（含历史上五位元神一脉半步八劫境情报）。
六笔之画,黑玉星,装备获取、设定揭示,奖励、揭示、设定,孟川查看情报中关于心灵意志的记载震撼。界祖讲述明嶂界主人（元神一脉半步八劫境，参悟时空后心灵意志恐怖，不施秘术仅看一眼令那个时代任何七劫境意识模糊毫无反抗之力，顶尖七劫境也无法在他面前出招，但元神世界依旧无法承载时空规则演化终生困于半步八劫境），白鸟馆主、万星天帝顶尖七劫境还能斗一斗，明嶂界主人时代谁都无法在他面前出招。界祖称自己早能魔山登顶，但即便施展元神秘术也只能令普通七劫境无反抗实力对顶尖七劫境影响弱（外界认为界祖离八劫境近实则差很远，即便现在掌握时间规则所剩寿命来不及完善元神法门）。界祖称孟川天资比刀剑客还高有希望达明嶂界主人层次甚至冲击元神八劫境。界祖分化元神分身带孟川至幽暗虚空，赠其征战四方占领的最重要宝地黑玉星（黑色星辰，星核孕育黑玉晶砂每年十余粒每粒价值近原初之石每年数百方至过千方，十余万年赚一亿方域外元晶，沧元祖师一生积累不足一亿方，历史上占住者多为元神七劫境，顶尖七劫域外真身不愿困守耽搁修行，孟川修行才七千年占住没谁敢抢，梦魇殿主想要界祖不愿给）。孟川收下黑玉星记下恩情，界祖称死后黑玉星仍会迎来各方争夺，要求孟川将来有机会照顾后辈雨溪、风潇及家乡，相信孟川能达到半步八劫境层次站在时空长河最巅峰。,界祖讲述明嶂界主人心灵意志之强，赠孟川黑玉星（星核孕育黑玉晶砂十余万年赚一亿方），要求照顾后辈及家乡。
六笔之画,吞吃中等生命世界（补欠）,矛盾展现、伏笔埋设,伏笔、冲突,黑魔殿总部，梦魇殿主（元神七劫境执掌传承之宝梦魇殿）观看界祖陪孟川进入黑玉星画面，离虹之主（肉身七劫境执掌黑魔殿）称界祖主动送孟川谁都没办法。梦魇殿主抱怨讨好界祖软硬皆施一处宝地都不愿给反而孟川主动赠送。梦魇殿主曾威胁界祖死后家乡族人，界祖震怒掀起大战完全占优（梦魇殿主元神分身死了又凝练没吃太大亏，黑魔殿分部被迁怒摧毁不少梦魇殿主不在乎）。离虹之主称加入黑魔殿罪孽缠身被敌视正常，但执掌黑魔殿、梦魇殿两大传承之宝是比黑玉星大得多的机缘（对七劫境助力不亚于永恒秘宝，仅有使用之权归属于黑魔殿主人）。覆牯河域安波河系旃云界（古老中等生命世界存在九十三亿年无比衰老离破灭不远，历史上诞生一位七劫境十五位六劫境，当代一位劫境五位帝君过百尊者级）。万星天帝驱使七劫境禁忌生物（黑袍身影，以残缺酒杯控制命核）吞吃旃云界（血盆大口比黑暗混洞可怕一口吞入，时空运转规则庇护在七劫境禁忌生物面前没起作用，灭绝众生透过因果灭绝域外劫境帝君真身），收获宝藏仅千万方（旃云界先祖遗留宝物大多用光太穷）。万星天帝遥遥观看帮忙时空遮掩，翻手取残缺酒杯令禁忌生物歇息（掌控命核一念灭除意识）。万星天帝遥看孟川炼化黑玉星。,梦魇殿主抱怨界祖不赠宝地，万星天帝驱使七劫境禁忌生物吞吃衰老中等生命世界旃云界获千万方宝藏，以残缺酒杯控制禁忌生物命核。
六笔之画,拒绝,人物心理、矛盾展现,冲突、情感,"万星天帝（半步八劫境，所剩寿命挺长想着成真正八劫境跳出时空长河令自身时间流速近乎静止）思索将来进行第二计划孟川和白鸟馆主是最大威胁。万星天帝吞吃中等生命世界很小心（选衰老当代无太强劫境的，历史上诞生过七劫境的中等生命世界宇宙过百万，已毁灭百余座其中连半步八劫境家乡世界三座，数万年内接连湮灭很不正常，白鸟馆主界祖等心怀警惕但无十足证据）。万星天帝怕正义感强的八劫境出手（八劫境时间宝贵容不得随便打扰，龙族始祖仅七劫境龙族令其关注一二，黑魔殿主人魔山主人等更自我无正义感，联系八劫境非常难）。万星天帝驱使八份七劫境命核中三份吞吃中等生命世界，真正能使用仅五份太少（魔山主人公开收购七劫境命核，万星天帝不敢公开买怕惹魔山主人降临）。孟川炼化黑玉星阵法后界祖离去。万星天帝降临化身至黑玉星，以""环世界""（混沌领主遗留材料所炼，价值约一千万方，混洞规则为引可吞吸敌人收入环世界施展幻境，对参悟元神世界构造及时空规则有大帮助）为礼拉拢孟川，要求如食神宫主、心魔教主、阴影之主等一样当白鸟馆普通成员稍微帮衬即可不必拼命。孟川以馆主有恩不可辜负敌对势力首领重礼决不能收为由直接拒绝（六劫境时白鸟馆主送上重宝受之便不可辜负，宝物越重因果越大）。万星天帝称孟川重情义之人。","万星天帝吞吃百余座中等生命世界怕八劫境出手，以""环世界""（价值千万方）拉拢孟川当白鸟馆普通成员，孟川以馆主有恩为由直接拒绝。"
六笔之画,再抵画圣山,悟道、环境铺陈,修炼、设定、爽点,万星天帝称时间很有魔力将来想法会变，表示将来修行需要帮忙尽管开口洞府随时欢迎，化身离去。孟川判断万星天帝送上千万方礼物图谋超越千万方（白鸟馆主行事光明磊落，万星天帝欲以因果束缚），决定自身实力越强越好前往画圣山修行。山吴秘境画圣山，毒眸大师（元神六劫境，掌握三种六劫境规则困最终瓶颈，遭黑魔殿梦魇殿主以传承之宝梦魇殿诡异之力梦魇之力渗透元神处处，百花府主请界祖帮忙也无法驱逐，除非元神蜕变到七劫境层次主动排斥异种之力）镇守迎接。孟川以本源领域察觉毒眸大师元神分身纠缠的诡异之力，一缕元神之力渗透发现梦魇之力为规则化存在影响元神处处及所有真身分身（梦魇殿主境界不算高动用传承之宝仅发挥少许力量，若达顶尖七劫境毒眸大师早毙命），判断须掌握时空规则达半步八劫境方可试着破解，告知将来若有法子会来找他。孟川在画圣山前布置洞府，以亲手炼制消耗八百方材料的长宽百万里空白画卷，先绘画混洞一脉画作。转眼三十年，孟川成七劫境后掌握空间规则、混洞规则深层次理解三十二幅画收获巨大，对时间空间及十大本源规则配合运转有了模糊了解。最后一幅六笔之画（仅六笔每一笔不同如撕裂混沌开辟宇宙六笔交错衍生玄妙，其他三十二幅画皆繁杂蕴含至少一种本源规则，唯六笔之画最中央最简单最高明最难参悟放最后），孟川抬头仰望观摩。,孟川拒绝万星天帝后前往画圣山修行，发现毒眸大师梦魇之力无法驱逐，三十年参悟三十二幅画收获巨大，准备参悟最后的六笔之画。
六笔之画,六笔之画,悟道、转折高潮,修炼、高潮、爽点,"孟川以混洞规则角度观看六笔之画（心中有什么便看出什么，乍一看如撕裂混沌开辟宇宙再一看万物凝练为一再看代表所见一切空间），观看十年动笔二十三年画出混洞规则六笔之画（六笔交错宛如真实混洞，混洞规则一切奥妙尽蕴含于六笔）。孟川又以空间规则角度观看三月动笔一年画出空间规则六笔之画（浩瀚平静）。孟川再以开天之刃角度观看一天动笔半个时辰，元神世界中六道笔画彻底凝练显现形成六笔符印（彼此交错形成玄妙符印蕴含无尽威能，融入画卷元神，双眸深处隐现六笔符印）。孟川抬头，整个画圣山、山吴秘境甚至秘境外广袤虚空在眼中成一幅浩瀚六层叠加画作（无数生灵天体在不同层面各有模样，画作内生灵在六层各有模样有的狰狞有的祥和有的仅骨架，太阳星太阴星生命世界在不同层各有不同有的火焰有的光有的水墨）。一位黑色长发长须老者横卧大石酣睡（大石旁小火炉喝掉大半的酒壶酒水滴落，丈许范围平静普通酒壶温热，丈许外大地迅速变海洋又干涸露群山化泥土有文明繁衍化沼泽场景不断变换，时间线以可怕速度前进万年两万年三万年，老者周围丈许时间近乎停滞外界已过去不知多少年）。孟川元神世界凝聚六笔符印刹那，酣睡长须老者缓缓睁眼时间线静止，看到画圣山前凝练六笔符印的孟川露出笑意：""我要多一位师弟了。""",孟川以混洞、空间、开天之刃角度参悟六笔之画，元神世界凝练六笔符印令万物成六层叠加画作，酣睡长须老者（八劫境）睁眼称要多一位师弟。
六笔之画,山吴道君,核心伏笔、设定揭示,伏笔、揭示、设定,孟川明白六笔之画是秘法传承（画圣山其他三十二幅画蕴含山吴道君修行领悟，唯六笔之画为秘法），超越所听说过的一切秘法（大可观宇宙虚空天体万物，小可观一花一草微子构成，时空长河一切都可成六层画卷，参悟规则容易十倍不止，无法立即提升实力但令修行容易许多）。孟川以六笔符印观看开天规则六层画卷（清泉岛洞府元神分身参悟，突飞猛进），观看时间规则六层画卷（从时空运转规则艰难剥离，六层相互印证颇有收获）。孟川意识到此秘法为时空长河内第一秘法，公开留在画圣山一代代七劫境瞻仰但学会的很少（万星天帝、白鸟馆主也视而不见）。天地间微子全部静止时间线停止（七劫境降临混洞核心都无法令时间线停止），一位黑色长发长须老者出现于院子内抬头看画圣山山壁。孟川感觉不到其任何气息仿佛不存在于时空（万星天帝白鸟馆主也不可能超脱时空）。长须老者称山吴道君的画最玄妙，孟川指六笔之画最了不得。长须老者自称山吴，告知三十三幅画中唯六笔之画非他所画乃师尊所留（成八劫境后画十九幅画时师尊路过以十九幅画气机为引画出六笔之画，山吴道君见之立即悟出跪拜感激成为记名弟子，漫长岁月除山吴道君无人悟出直到孟川），学会六笔之画可前往乾源山度过考验成师尊记名弟子。孟川拜见山吴道君（八劫境大能，沧元祖师一生仅见过一位八劫境，孟川修行七千余年便有幸见到）。山吴道君抓着孟川穿越时空通道出家乡宇宙前往宇宙之外乾源山。,孟川发现六笔之画为时空长河第一秘法，山吴道君（八劫境）现身告知六笔之画乃其师尊永恒存在所留，学会者可前往乾源山度过考验成记名弟子，带孟川前往宇宙之外。
六笔之画,宇宙之外,设定揭示、环境铺陈,揭示、设定,孟川惊叹观看周围时空扭曲成通道随山吴道君超高速前进，感应到自身脱离时空长河到陌生广阔之地（宇宙之外的时空构成超出认知，单独行动不敢随便瞬移怕误入危险）。山吴道君告知宇宙之外为混沌（八劫境实力才能长距离旅行，混沌生物只在出生一带活动走太远会迷失，混沌中时空错乱循方向前进没用），掌握完整时间空间规则才能遨游无尽时空前往诸多神秘之地及其他宇宙。无尽时空宇宙数量不确定（自然孕育、永恒存在随手创造、八劫境最强者开辟、宇宙有毁灭之时，山吴道君至今探索十五座宇宙听说过万，肯定远在过万之上，仅永恒存在能知晓无尽时空所有秘密）。永恒存在比八劫境强太多（八劫境到永恒宛如天堑，上百万八劫境怕也出不了永恒，无尽时空永恒寥寥数位），站在无尽时空最高处俯瞰众生俯瞰一切宇宙真正无所不能。劫境修行一劫比一劫难（新晋劫境轻松到二劫境，成三劫境稍难，成四劫境更难，四到五十个出一个，五到六两百个出一个，六到七数千个出一个，七到八数万个出一个，八到永恒上百万个八劫境出不了永恒）。八劫境分普通顶尖极限（极限八劫境手段近似永恒可开辟毁灭宇宙，听说名字就能复活，唯永恒灭绝一切痕迹方能真正死去，龙族始祖为极限八劫境家乡宇宙闻名四方原因；魔山主人、永恒楼主人等五位为顶尖八劫境；山吴道君为普通八劫境修行岁月短悟性差），拜在永恒存在门下不可能被杀（即便彻底死去无尽时空痕迹抹除师尊也能从时空捞回来）。,山吴道君带孟川穿越混沌前往乾源山，讲述无尽时空宇宙数量不确定、永恒存在比八劫境强太多、八劫境分普通顶尖极限三层、龙族始祖为极限八劫境。
六笔之画,八劫境的寿命,设定揭示、伏笔埋设,伏笔、揭示、设定,孟川感应到离家乡宇宙越来越远（七劫境百亿年乃至万亿年也赶不了这么远）。山吴道君告知半个时辰抵达乾源山（拜在师尊门下方能引动时空通道，否则靠自身赶路至少三十万年），混沌太浩瀚赶路不易八劫境也只能探索周围数十个宇宙。孟川询问八劫境寿命，山吴道君告知无明确定数取决于心灵意志（时间可怕漫长中心灵意志会消磨变弱，成八劫境后心灵意志提升一丝都无比艰难且发现成永恒无望差距太大，加孤独安逸日子腐蚀心灵意志，时间久了不进反退；元神八劫境意志倒退元神世界脆弱无法承载时空规则则崩溃身死，肉身八劫境意志倒退无法掌控肉身意识被强大肉身压死成尸体，超出心灵意志的力量反带来灭亡；混沌生物命核永恒但意识最终腐朽崩溃孕育新意识）。永恒存在伟大（境界达最巅峰心灵意志也达永恒地步）。八劫境虚度时间大多沉睡（对心灵意志腐蚀最缓慢，是另一种延长寿命方法）。孟川询问元神八劫境渡劫情报，山吴道君称不要问也不要搜集（提前知道没帮助反而乱心境，等实力足够心灵意志足够坦然渡劫）。抵达乾源山（混沌中景色优美的青山，让孟川生命本能渴望），山吴道君带孟川穿过无形时空层阻碍落在大山中。孟川看到一头黑白异兽（八个爪子趴着酣睡，六个爪子抱自己两个偶尔挠大脑袋），山吴道君小声喊千手师兄，黑白异兽醒来问有无吃喝。,山吴道君讲述八劫境寿命取决于心灵意志（沉睡最缓慢腐蚀），劝孟川不要搜集第八次天劫情报，抵达乾源山见千手师兄（永恒存在创造的特殊存在）。
六笔之画,乾源山上独一人,设定展开、悬念设置,伏笔、设定,孟川奉上沧元界果酒（略酸甜微醺感加辅助修行奇珍，一壶价值约百方准备了过千壶）及美食，千手师兄（黑白异兽）喝后满意要再十壶。千手师兄令山吴道君离去（乾源山不能逗留太久），山吴道君拜托照顾孟川后离去。千手师兄告知考验：乾源山关押三十一头混沌领主及五万六千八百个七劫境混沌生物（时间静止封禁），在寿命大限前不借任何秘宝全凭自身实力击杀一头混沌领主便算通过考验成师尊门下弟子。永恒存在定下规则：在乾源山斩杀混沌生物可完全吸收其力量融入自身（混沌生物吞吃只能吸收少许，师尊规则令完全吸收且最符合自身），每五千年最多斩杀一头七劫境混沌生物（最多杀十头），混沌领主只允许杀一头（杀了便通过考验去见师尊）。千手师兄因孟川奉上美酒满意，赠送乾源山关押所有混沌生物情报金板（七劫境巅峰混沌生物五百六十九头、七劫境顶尖九千八百零三头、普通四万多头，各有擅长），看完归还。千手师兄继续酣睡，孟川站在寂静乾源山（千手师兄熟睡所有混沌生物封禁时间静止），清醒的仅自己一个，很长很长时间将孤独生活在此。,千手师兄告知乾源山考验（不借秘宝击杀一头混沌领主）及规则（斩杀混沌生物完全吸收天赋，每五千年最多杀一头七劫境最多十头，混沌领主杀一头），赠送所有混沌生物情报。
六笔之画,黑魔殿的敌人,矛盾展现、人物心理,冲突、情感,孟川进入乾源山囚禁混沌生物的牢狱入口（暗红虚空分割成数万个空间牢狱每个关押一头，最高层三十一座关混沌领主体型最庞大者媲美河域大小身体如小型宇宙表面一座座世界寂灭中，最诡异者为具有自主意志的规则肉眼看不到，有类人类模样八条手臂百丈高；越往下牢狱越小混沌生物越弱小）。孟川决定暂不急着杀（五千年内实力定能更进一步杀强大的获更强天赋），平常修行余和禁忌生物战斗验证感悟（乾源山时间流速家乡三十三倍，孟川超九成元神本源在乾源山专注修行）。黑魔殿总部，梦魇殿主烦恼孟川成为七劫境后一次次针对黑魔殿大规模行动现身出手（六劫境域外真身被杀许多，孟川一个眼神一支庞大黑魔殿队伍上至六劫境下至帝君全部毙命）。离虹之主称肉身七劫境没法阻挡孟川。离虹之主提出化整为零停止大规模屠戮进行大量零散劫掠（整个时空长河无数零散劫掠孟川一七劫境无法阻止，但收获太少）。梦魇殿主无奈同意（孟川太年轻熬都能把黑魔殿熬死，同处一时代须学会相处）。黑魔殿行事变得低调分散成小队劫掠破坏力下降一个大层次。时空长河各方观望孟川除找黑魔殿麻烦未掺和其他纷争松了口气。,孟川查看乾源山牢狱决定暂不急着杀混沌生物，黑魔殿因孟川一次次阻止大规模行动被迫化整为零零散劫掠，破坏力下降一个大层次。
六笔之画,欲壑难填,矛盾爆发、伏笔深化,伏笔、冲突,万星天帝盘膝而坐思索适合的中等生命世界越加难选（吞吃百余座衰败世界后无法忍受其他获宝物方式太慢，数万年内百余座衰败不正常各方有猜测，衰败世界宝藏消耗太多剩余太少）。万星天帝欲壑难填决定对年轻生命世界鹿天界（半步八劫境鹿天宫主家乡诞生十余亿年，宝藏大多保存顶得上之前几十座）下手（至今未创出八劫境肉身法门，数十个半步八劫境才有一个创出，正常下去怕到死创不出，以无数宝藏资粮铺就八劫境之路）。半月后幽暗大殿悄然来到鹿天界所在北天河域，七劫境禁忌生物一口吞下鹿天界（当代最强五劫境家乡真身瞬间毙命域外真身遭万星天帝亲自出手时空隔绝来不及传消息湮灭）。禁忌生物循命核感应来面见万星天帝奉上宝塔（这次吞噬年轻生命世界很美味感觉变强一些），万星天帝检查宝藏眼睛亮了（赶得上多年积累三成，积累差不多可再次献祭），令禁忌生物歇息（残缺酒杯）。万星天帝眼神幽冷清楚各方最多猜测无十足证据。界祖垂钓发现鹿天界时空被遮掩无法观看（仅两位半步八劫境能做到），鹿天界消失（诞生十余亿年很年轻的生命世界），调查三位劫境包括五劫境全死。孟川生活平静（黑魔殿隐忍后几乎所有心思在修行），以六笔符印法观时空运转绘画开天图（清泉岛观看无比清晰如近在咫尺看湖泊涟漪），开天规则进步迅猛或能一气呵成掌握。界祖传消息邀请孟川明日星云宫聚会，孟川惊讶应道。,万星天帝欲壑难填对年轻生命世界鹿天界下手获宝藏，界祖发现鹿天界消失调查劫境全死，孟川以六笔符印法参悟开天规则进步迅猛，界祖邀请聚会。
六笔之画,这个时代的聚会,矛盾爆发、设定展开,冲突、设定,星云宫园内一百零八个座位（暗含玄妙）迎来七劫境、半步七劫境大能，吃惊聚会规模（界祖全部请了个遍，诡主与界祖有仇竟也来）。孟川到来，不少大能主动聊几句（认为孟川将来是风云人物至少媲美原界首领），坐在白鸟馆主、影魔之主、青龙馆主近处（白鸟馆主传音多看多听）。万星天帝老农般坐在周围汇聚其他五位天帝及好友。祖巫王、药宫主、风雷行者、血凤宫主等顶尖七劫境早到。原界首领最后到的七劫境大笑走进。七劫境全部到齐（药宫主、桃山主人、魔眼会主等懒得理会外界的也被请来），半步七劫境近九成到。界祖起身告知极重要之事：时空长河诞生过七劫境的中等生命世界仅过百万，一般数万年才会有一两座衰败破灭，最近三万五千年已有一百三十二座破灭消失（兰希界、釜闖界、旃云界等），且所有生灵包括尊者帝君劫境个个死去无一活口（灭口）。魔眼会主发现鹿天界也在列（前面一百三十一座衰败世界离破灭不远，鹿天界很年轻半步八劫境鹿天宫主家乡诞生十余亿年）。大能们确定七劫境禁忌生物吞吃生命世界，自家家乡世界也可能成为盘中餐不容许继续下去。界祖指向万星天帝称就是他。,界祖在星云宫邀请所有七劫境及近九成半步七劫境聚会，公开揭破万星天帝吞吃一百三十二座中等生命世界（所有生灵灭绝无一活口），鹿天界年轻生命世界也被毁。
六笔之画,献祭,矛盾爆发、核心伏笔,伏笔、冲突,原界首领盯着万星天帝称比黑魔殿两位殿主还狠小瞧了他。万星天帝平静否认（称可能是诞生出凶残七劫境禁忌生物手段高明瞒过自己和白鸟馆主，时空遮掩方面不亚于八劫境），拒绝立誓（白鸟馆主立誓确定与自己无关，万星天帝不敢立誓，重要承诺牵扯因果越大越不敢轻易应下，违背誓言因果缠身毁掉修行道路）。白鸟馆主指出百余座生命世界破灭时万星天帝域外真身都失踪（连续百余次巧合不可能），万星天帝仍不承认。万星天帝称界祖临近寿命大限不在乎因果、白鸟馆主是唯一对手用手段污蔑，直接离开星云宫（六方天其他五帝及暗星会主等交好者随之离去）。界祖、白鸟馆主本没想公开，万星天帝对鹿天界下手刺激到他们（曾诞生半步八劫境的年轻世界都敢下手，还有什么不敢，界祖死后家乡世界、白鸟馆主若伤重死去家乡世界都可能被吞吃），调动时空长河力量威慑希望有势力通知背后八劫境降临除掉万星天帝（每个时代有纷争不可能出大魔头就唤醒八劫境，八劫境跨过上亿年岁月万星天帝这等事排不到前十）。万星天帝在幽暗大殿知各方最多猜测，再次献祭稳固局势。万星天帝施展秘法，无数秘纹勾勒出模糊身影，一位两根弯角的高瘦身影出现（无尽罪恶邪异蔓延，万星天帝所接触最可怕的一位，时空长河历史上罪孽最深重的存在），万星天帝恭敬行礼称黑魔始祖。,万星天帝拒绝立誓否认吞吃生命世界直接离开，界祖白鸟馆主希望八劫境降临除掉万星天帝，万星天帝再次献祭唤出黑魔始祖。
六笔之画,诱惑和突破,核心伏笔、设定揭示,伏笔、揭示、设定,黑魔始祖（时空长河威名赫赫八劫境大能，炼制黑魔殿、梦魇殿两大传承之宝，祸害时空长河漫长岁月，龙祖觉得适当威胁有利修行者成长仅约束未毁黑魔殿，与永恒楼主人、魔山主人、凤凰始祖等为顶尖八劫境，龙祖一对一也无法消灭）。万星天帝恭敬奉上约三十亿方宝塔（献祭门槛，黑魔殿长期劫掠层层分好处每次部分缴纳黑魔殿宝库黑魔始祖每隔漫长岁月收割一次）。黑魔始祖满意称价值约三十亿方，询问换取什么（虚幻书册大多法门秘术知识对黑魔始祖无成本，极少数罕见奇珍）。万星天帝换永恒法门《血脉》第二卷（讲解血脉奥秘，禁忌生物吞噬变强奥妙在第一卷，万星天帝参悟第一卷完善吞噬法门汲取七劫境禁忌生物部分天赋融入己身）。黑魔始祖告知还有十亿方可换，万星天帝问保命之法（黑魔始祖称不参与纷争该帮的都帮了第一次献祭已传诸多手段）。黑魔始祖以一滴混沌领主源血（五十亿方，斩杀操纵血液的混沌领主所得，服用可转化肉身提升至近乎八劫境层次，以此创造完美契合自己的肉身法门成八劫境希望更大，实为取巧朝混沌领主靠拢希望仍低仅百分之一到百分之二三）诱惑万星天帝（希望工具人活得久些更贪婪疯狂，在意宝物最终献祭给他）。万星天帝心动但需再献祭四十亿方（三次刚好一百亿方），十亿方暂存。交易结束黑魔始祖离去。时空长河平静，万星天帝未立即毁生命世界也无八劫境降临但暗流汹涌。乾源山孟川绘画黑色光（开天规则），来到乾源山两千余年终于悟出开天规则（家乡仅过六十八年）。,万星天帝献祭三十亿方换永恒法门《血脉》第二卷，黑魔始祖以混沌领主源血（五十亿方）诱惑万星天帝更贪婪，孟川在乾源山两千余年悟出开天规则。
六笔之画,混洞开天大阵,悟道、装备获取,修炼、奖励、爽点,孟川走出木屋思索悟出混洞、开天两大规则后需提升秘法招数杀厉害些的七劫境混沌生物（斩杀混沌生物是乾源山最大机缘能完全吞噬吸收形成最符合自己的天赋，强大天赋对修行帮助太大）。孟川以对立两大本源规则为根基可直接参悟时间规则，选定目标为纯粹时空气一脉的七劫境顶尖混沌生物（七劫境巅峰需完整时空规则半步八劫境才有望，七劫境顶尖需顶尖七劫境才可能击杀，普通七劫境运气好也可能击杀；符合孟川要求的纯粹时空一脉仅六十三头，选定擅长时空之环的蛇形混沌生物）。孟川参悟阵法（元神七劫境优势在于元神强大适合布置阵法，花费心思最多的是万劫混洞大阵元神八劫境大能所创以混洞一脉为引融入更多规则乃至时空规则可施八劫境层次阵法），以万劫混洞大阵为基础汲取《三千幻阵》经验以六笔符印秘法构造混洞开天大阵（万劫混洞大阵变种最适合现在孟川），修行百余年初步有所成。孟川分出一道元神分身飞往牢狱，选定第三层一头大蛇（体型足有三湾河系一半大小，蛇鳞纹路蕴含时空奥妙肉眼观看时空扭曲形成闭环），孟川一迈步飞入空间牢狱（进入刹那时间恢复正常流动），大蛇睁眼看孟川（时空扭曲孟川看不见大蛇）。,孟川悟出混洞开天两大规则后创混洞开天大阵（万劫混洞大阵变种），选定七劫境顶尖混沌生物衔尾之蛇为第一头目标，元神分身进入空间牢狱。
六笔之画,衔尾之蛇时空之环,战斗描写、转折高潮,战斗、高潮,孟川元神世界笼罩四面八方（掌握对立本源规则后以《三千幻阵》经验重新构造元神世界威力暴涨镇压周围时空），大蛇操纵时空招数影响范围虽广但孟川周围百亿里平静。大蛇一念构造时空迷宫躲内窥伺孟川杀意浓烈（永恒存在定规则令被囚混沌生物不惜一切杀戮修行者）。孟川周围浮现万劫混洞大阵（一千颗黑暗混洞悬浮镇压时空迷宫）。大蛇尾巴尖（无比庞大天体碾压而来超越孟川本源领域范围界限三百八十万亿里）穿梭时空撞击大阵，一千颗混洞相互牵引拉扯绞碎分散吞吸轻松吸收冲击力。尾巴尖化作幻影三万七千八百次撞击（所处时间流速不同，累计威胁顶尖七劫境），万劫混洞大阵本能变化混洞拉扯绞碎分散吞吸稳定无比轰不破。大蛇蛇头出现（张嘴能吞小半个三湾河系），一口吞孟川及大阵入腹。孟川不慌（大不了湮灭一尊元神分身），施混洞开天大阵第一重变化开天刀阵（一千颗混洞凝练为一千柄耀眼刀刃力量内敛如真正刀刃），一千柄开天刀游转轻易切割大蛇喉咙层层时空切开血肉，孟川顺血肉窟窿朝外飞（一千柄开天刀阵法所过一切切割成齑粉无坚不摧）。大蛇主动分身两截让孟川出来再合一，急剧缩小到千亿里长缠绕开天刀阵（开天刀刃切割鳞甲血肉纷飞，大蛇身体时刻保持巅峰状态）。孟川化三道刀流（第一重变化最彻底攻杀完全放弃护身），三处大蛇躯体被切割断裂。大蛇残余肉身炸裂遁入时空迷宫，决定施展时空之环。远处大蛇庞大躯体形成环状蛇头咬蛇尾，血雾升腾蛇鳞纹路光芒大涨，蛇环化作幽暗洞口产生恐怖吞吸力令空间牢狱一切能量事物坠入。孟川将开天刀刃回转为混洞万劫混洞大阵庇护依旧无法抵抗坠入蛇环无尽幽暗。孟川脑海中浮现情报：衔尾之蛇，时空之环，吞天噬地，宇宙重开。,孟川与衔尾之蛇战斗，以开天刀阵切割大蛇肉身，大蛇遁入时空迷宫施展时空之环（衔尾蛇环吞天噬地宇宙重开）吞吸孟川。
六笔之画,斩杀,战斗描写、转折高潮,战斗、高潮,孟川盯上衔尾之蛇因看到时空之环情报（兼有混洞、开天之效，靠时空规则而非混洞开天，一旦掌握对自身修行有大帮助）。时空之环吞噬一切后内部大爆炸宛如宇宙重开（吞入者或许保命但扛得住宇宙重开般大爆炸的少之又少）。孟川被吞入时空之环深处随漩涡越来越深，并不急着出招（吞噬状态最稳定需等最适合出手时候）。时空之环凝聚到界限反向爆发大爆炸宇宙重开。孟川在大爆炸最不稳定时出手（时空之环需抵挡内部爆炸冲击稳定性最差）：一千个黑暗混洞瞬间汇聚每十个凝为一个新大混洞，十个新大混洞再度融合唯一，上千混洞瞬间融合为一（对阵法造诣要求极高），超大型黑暗混洞转化为无比耀眼刀光（难以内敛化作耀眼刀光）。孟川顺时空之环宇宙重开般大爆炸施以最强威力攻击——混洞开天大阵第三重变化开天一刀混沌分（以六笔符印参悟以对立本源规则为根基创出，不及天芒宫主天芒拳但在顶尖七劫境秘法中极强）。这一刀朝一个方向劈去（时空之环承受大爆炸压力已大，再遭不亚于大爆炸的恐怖一刀且单独一个方向），时空之环柔韧无比扭曲竭力层层抵抗终究爆炸开来。耀眼刀光与大爆炸在时空之环内碰撞波及四面八方，孟川元神分身无法抵抗顺势主动消散。时空之环崩溃大蛇整个躯体彻底湮灭。孟川另一尊元神分身在大蛇真身湮灭刹那发现命核（黑色蛇形手环被空间牢狱禁锢），一迈步到命核前伸手握住。手环略冰寒，握住刹那受无形规则影响犹如沙粒分解消散，神秘力量从掌心涌入体内渗透进元神（完美吞噬，永恒存在规则令完全吸收形成最适合自己的天赋，超越混沌生物本能）。孟川飞离空间牢狱（空荡荡牢狱悄然消失，有一头囚犯才对应一座牢狱）。孟川走在乾源山觉得元神醉醺醺之感越浓烈，干脆躺下闭眼体会元神变化。,孟川在大蛇时空之环内部大爆炸最不稳定时，以上千混洞融合为一的开天一刀混沌分令时空之环崩溃大蛇真身湮灭，抓住命核（黑色蛇形手环）完美吞噬获时空之环天赋。
六笔之画,吞噬来的天赋,装备获取、悟道,修炼、奖励、爽点,孟川感受神秘力量渗透元神后元神微子构成逐渐变化（宇宙万事万物皆无数微子构成，参悟微子构成一方向成物质规则另一方向成无量规则，永恒存在可凭微子创造任何宝物生灵但创造永恒秘宝需耗费惊人心血宁愿隔遥远时空摄来珍贵材料炼制）。山林扭曲变幻不太真实（孟川稳得住知乾源山机缘永恒存在定下完美吞噬不应有后患）。一个时辰两个时辰三个时辰感应越来越夸张，一切彻底模糊只觉扭曲混沌。六个时辰后孟川元神轰鸣意识彻底从扭曲混沌中跳出跳到更广阔层面，又看清乾源山但站在更高层面看到流动的时间（下一瞬下下一瞬、前一瞬前前一瞬乾源山场景），时间不再是概念而是实质化存在（那头大蛇纯粹擅长时空气一脉在它眼中时间流淌宛如实质清晰可见）。孟川悟出六笔符印秘法才有资格来乾源山得此机缘，悟时间规则希望大了许多（即便掌握时空规则和成元神八劫境依旧差得远，上百个半步八劫境可能才出一个八劫境）。蜕变完成，孟川内观元神世界深处有一悬浮巨大黑色圆环（吞噬一切又无比稳定成为元神世界重要节点令元神世界越加浩瀚稳定）。孟川心念一动身后浮现丈许直径黑色圆环（无数秘纹凝结中央扭曲漩涡肆意吞噬一切，吞噬之威比纯粹混洞规则可怕得多），周围百丈花草树木尽皆粉碎被吸入（孟川收敛，乾源山时间略变花草恢复）。孟川称此天赋为时空之环（威力逊大蛇三四成因元神施展非肉身，但可多个元神分身同时施展），决定参悟时空之环本质（如何形成比单纯混洞更强的吞噬之效，内部大爆炸和开天规则相似）以参悟时间规则。万星天帝参悟《血脉》第二卷八十余年（十倍时间流速八百年）收获失望，意识到需更多资源，混沌领主源血越早得到越好成八劫境希望才更大。,孟川完美吞噬获时空之环天赋（元神世界深处黑色圆环吞噬一切），意识跳出更广阔层面看到时间实质化，决定参悟时空之环本质以参悟时间规则；万星天帝参悟《血脉》第二卷八百年收获失望。
六笔之画,动手了,情感展现、装备获取,奖励、情感,江州城杨诚、孟悠夫妇（杨诚转化为帝君级特殊生命，孟悠常哄父亲孟川开心获赠宝物献宗派换功劳）凑足百万功劳可换延寿奇珍令凡俗一步登天成尊者拥两千年寿命，降落孟府见孟川。孟川（以他为中心三百八十万亿里本源领域范围无事不知）取出玉瓶递给孟悠为杨源延寿（孟川如今实力远超六劫境时没那么严苛，就算女儿女婿没积攒功劳将来也会出手为外孙延寿，成八劫境沧元界晋升高等生命世界整个族群才真正有大益处）。孟悠杨诚激动离去。孟川思索修行（自获大蛇天赋修行两千余年，时间规则三大分支过去现在未来还未完全掌握，斩蛇百余年悟出现在规则，斩蛇千余年悟出过去规则，唯未来规则慢；悟出三大分支只是基础，当代七劫境怕都有好几位彻底掌握三大分支但离掌握时空规则差很远；修行一万两千年，白鸟馆主不足三万年掌握时空规则，自己得永恒存在机缘在乾源山修行应两万年内掌握时空规则）。孟川以龙祖所炼异宝时空令窥伺时空长河无数区域（同时窥探一万处差不多极限），监视所有诞生过半步八劫境的三千多座中等生命世界，也是对自身时空造诣的磨砺。万星天帝幽暗大殿来到一座河域，选定蒙刹界（蒙刹之祖修炼到八劫境层次肉身渡劫失败，获得宝物定足够多，比白鸟馆主万星天帝家乡世界底蕴深厚得多，比蒙刹界更强的只有高等生命世界有种种庇护手段独立时空长河超脱轮回内部神庭八劫境大能想尽办法庇护远非半步八劫境能窥伺），遮掩蒙刹界时空，禁忌生物现身吞吃。孟川发现蒙刹界时空被遮掩，一道元神分身飞出前往。界祖同样注意到，白鸟馆主得青龙副馆主传讯一迈步跨过遥远时空前往。,孟川为外孙杨源延寿，以时空令监视三千多座半步八劫境家乡世界，发现万星天帝对蒙刹界动手，孟川、界祖、白鸟馆主分别前往。
六笔之画,争夺,战斗描写、矛盾爆发,冲突、战斗,蒙刹界（曾无比接近高等生命世界，蒙刹之祖留下修行体系海量宝物强者辈出，当代十九位劫境两位五劫境，周围河系绝对霸主）。蒙刹界外十余名修行者被七劫境禁忌生物血盆大口笼罩吞吃（周围虚空彻底被吞吃包括蒙刹界所有生灵瞬间灭绝，万星天帝以因果灭杀域外一切生灵消除痕迹，蒙刹界自此除名）。蒙刹界被选中因当代最强仅五劫境无法抵抗（若有七劫境镇守借助世界大阵七劫境巅峰禁忌生物都难攻破，禁忌生物一旦被发现是公敌立即遭围攻）。蒙刹界所在区域时空被隔绝遮掩，孟川无法直接抵达只能时空穿梭到最近处。孟川元神世界蛮狠冲破隔绝时空屏障（万星天帝远距离隔绝遮掩无法阻挡如今孟川），界祖同样冲破。孟川、界祖借助本源领域同时看到那头七劫境禁忌生物（刚吞下蒙刹界便感觉时空波动，孟川界祖一步到其近处）。禁忌生物大惊（知晓七劫境情报，东宁城主新晋元神七劫境威胁不大，界祖在当代最强元神七劫境位置待太久实力公认强大）。界祖一念施展自创元神秘术心湖之影（幽深湖泊拽住意识），禁忌生物勉强保持两三分清醒实力大损。孟川施展混洞开天大阵第五重变化万物归一（三千颗幽暗混洞形成巨大蛇环吞噬周围时空封禁，以时空之环和混洞开天两大规则相互印证创出，论威力比大蛇时空之环强一大截），受元神秘术影响的禁忌生物无法摆脱坠向蛇环。万星天帝抵达（老农般男子穿过孟川封禁时空抓向禁忌生物），白鸟馆主同样抵达（周围时空彻底封锁再无法穿梭瞬移）。白鸟馆主封禁时空令万星天帝无法穿梭虚空，万星天帝在意的是禁忌生物肚子里的蒙刹界宝藏（命核远不及宝藏重要），眼睁睁看禁忌生物坠向孟川蛇环大阵深处。,万星天帝驱使禁忌生物吞吃蒙刹界所有生灵灭绝，孟川、界祖冲破时空屏障抵达，界祖施展心湖之影令禁忌生物实力大损，孟川施展万物归一吞噬禁忌生物，万星天帝白鸟馆主随后抵达封禁时空。
六笔之画,宝藏归属,矛盾爆发、装备获取,冲突、奖励,万星天帝焦急无法阻止孟川界祖（白鸟馆主封禁时空），孟川实力超预期（顶尖七劫境禁忌生物被孟川吞吸无法反抗，万星天帝判定孟川混洞开天大阵第五重变化威力仅在自己和白鸟之下，论实力孟川已在原界首领之上不逊色界祖祖巫王药宫主）。万星天帝透过命核传音令禁忌生物将蒙刹界宝藏分散扔向四方最重要部分扔给自己，并自爆真身撑破孟川阵法（判断吞噬大阵有承受极限）。白鸟馆主时刻盯着万星天帝以最快速度飞过去尽量靠近。禁忌生物嘴巴一张大量宝物成扇形喷射（唯吞吸的混洞开天大阵方向无宝物），顺阵法吞吸主动冲过去自爆（最强能量爆发）。混洞开天大阵瞬间犹如吃撑运转艰涩，万星天帝期待阵法崩溃。三千颗混洞微微震颤却艰难旋转承受住冲击，一息后恢复巅峰继续吞噬四面八方。白鸟馆主完全封禁时空令孟川阵法吞吸范围大减，宝物离阵法越近吞吸越快越远越慢。万星天帝化作朦胧星光残影追宝物（比宝物飞行速度快得多），白鸟馆主追着万星天帝纠缠减慢其速度（领域碰撞干扰），同时夺近处宝物并远程轰击将离万星天帝近的宝物轰向孟川。孟川离禁忌生物最近九成五宝物坠入大阵，万星天帝白鸟馆主各抢少数。万星天帝威胁孟川夺宝太多会惹祸（驱使禁忌生物对付沧元界），孟川称已给沧元界布置重重大阵万星天帝都破不开，不怕万星天帝。白鸟馆主称时空感应笼罩整个河域命核逃不出去，要求万星天帝发誓命核不在其手里，万星天帝冷笑离去。孟川、界祖、白鸟馆主汇聚，界祖不沾蒙刹界宝藏（老了拿无好处），白鸟馆主称孟川能承受就拿着怕了就给他。,万星天帝令禁忌生物自爆撑阵法未果，孟川独得九成五蒙刹界宝藏，万星天帝白鸟馆主各抢少数，界祖不沾宝藏，白鸟馆主称孟川能承受就拿着。
六笔之画,应对,装备获取、矛盾展现,冲突、奖励,孟川微笑称不怕收下宝藏（年轻且在乾源山修行相信今生获宝远超蒙刹界宝藏）。白鸟馆主称孟川实力丝毫不逊色界祖甚至更强，界祖震撼成长速度，白鸟馆主看出孟川真实修行时间超一万两千年（成七劫境后应去了一处时间流速极快的地方，一万两千年成当代仅次于白鸟馆主万星天帝的存在看到成八劫境希望）。万星天帝传告各方称孟川独吞蒙刹界宝藏。白鸟馆主提出将三人记忆场景（战斗场景无法伪造，混洞开天大阵玄妙、禁忌生物竭力喷出宝藏玄妙、万星天帝白鸟馆主交手场景皆时空规则层次奥妙短时间内谁都无法参悟透他人手段没法伪造）传给六方天以外所有七劫境半步七劫境及高等生命世界势力，提醒万星天帝胃口越来越大恐怕很快有下次，光撒网看是否有八劫境苏醒顺手灭万星。各方势力注意到孟川实力（三千颗黑暗混洞形成衔尾之蛇震撼，让许多高等生命世界势力吃惊）。孟川携宝藏回沧元界天地大殿，分五批鉴定共三十二亿方（万星天帝驱使禁忌生物自爆前扔向其方向的定是最珍贵宝物，虽有馆主阻挡九成五在孟川这但实际价值应只是过半），震撼不已（自身宝物加起来数千万方，这次三十二亿），决定十亿方用于自身修行成八劫境，余下栽培沧元界。白鸟馆主传讯孟川速来星云宫，孟川一念遥遥感应星云宫降临化身前往。,孟川收下三十二亿方蒙刹界宝藏决定十亿方用于自身修行，白鸟馆主提出将三人记忆场景传各方势力揭破万星天帝并提醒其胃口越来越大，各方注意到孟川实力。
六笔之画,决断,矛盾爆发、情感展现,冲突、情感,高等生命世界星空界神殿内，众神（六劫境等，成为高等生命世界一部分永生无法跨出家乡世界一步，漫长寿命心灵意志无法承受会扭曲崩溃故常沉睡甚至投胎转世）讨论白鸟馆传来的情报，帝君淡然称万星天帝不过当代魔头无需管它（五亿多年前外来八劫境潜入毁掉三座无八劫境高等生命世界掠夺一空龙祖亲自降临对方逃之夭夭，跳出时间线动手太可怕求援都做不到）。帝君判断万星天帝掠夺宝物须和八劫境交易背后定有一位八劫境存在，不愿为自家始祖惹麻烦（始祖有严令唯少数重要之事才可唤醒），称当代说不定要三位半步八劫境并存。魔眼会主（肉球般）看着情报愉悦（当初看孟川未来线近乎一半至少半步八劫境就觉得不正常，现在没法看未来但从修行速度看真恐怖，万星天帝背后有八劫境白鸟寄希望急公好义八劫境现身可能性很低）。暗星会主犯怵（当初劫掠孟川选失策了）。雪虹宫主平静（曾得大机缘结交八劫境获一承诺，看得很重是此生修行最关键机会不会用来对付万星天帝，万星天帝到最疯狂时触碰某位八劫境底线就是身死之时）。孟川在画圣山喊山吴道君未现身（山吴道君未给召唤方法不想被打扰，送自己去乾源山是永恒存在给的任务，之后无义务再帮）。消息传开各方心知肚明驱使禁忌生物吞吃生命世界的就是万星天帝，但无八劫境降临对付。白鸟馆主遥望无尽时空轻声自语（早就明白求人不如求己，重伤在身拖不过万星天帝，一旦死去万星天帝一定对家乡世界下手），取出银色令牌（元神重伤才换来八劫境一个承诺）激发令牌准备杀万星天帝。,各方势力讨论白鸟馆情报判断万星天帝背后有八劫境，无八劫境愿降临对付，白鸟馆主明白求人不如求己激发银色令牌（元神重伤换来八劫境承诺）准备杀万星天帝。
六笔之画,八劫境大能'赤宁真君',核心伏笔、转折高潮,伏笔、高潮,白鸟馆主激发令牌刹那，高等生命世界愚山界凡俗界庙宇内一位高大男子（眼眸狭长眉心闭着一只竖眼，斜靠木椅假寐比神像威严，整个庙宇从愚山界隔离）睁眼眉心竖眼睁开，看到愚山界外握令牌的白鸟馆主（白鸟馆主身上时间线连接过去未来近期经历都看在眼里），称小白鸟性子太仁慈，一迈步离开愚山界（庙宇木椅留下化身）。白鸟馆主见赤宁真君出现（愚山界始祖，时空长河威名赫赫随时间流逝记载越少，有一真身在家乡宇宙一真身在外宇宙之外有生死之交），微微躬身。赤宁真君称因伊老弟（非本时空长河离开前拜托）会帮白鸟馆主一次，问需要做什么。白鸟馆主请求杀万星天帝。赤宁真君称不管万星天帝他也威胁不了白鸟馆主，不节制终会自寻死路，白鸟馆主却将唯一一次请他出手的机会用掉。万星天帝在幽暗大殿参悟《血脉》第二卷，一只晶莹巨大手掌穿过时空穿过洞府一切阻碍所过之处粉碎伸到大殿殿门内。万星天帝惊恐万分确定八劫境存在，数万星辰环绕形成小型宇宙星空阵法隔绝外界。手掌碰触阵法一次碰撞支离破碎，再一伸令一方时空落入掌心万星天帝落入掌心。万星天帝认出赤宁真君（两招被活捉意味着差距太大，动用秘宝怕一招都扛不住），卑微求饶。赤宁真君带白鸟馆主至万星天帝家乡世界外（中等生命世界有时空运转规则庇护，八劫境需参悟庇护奥妙破解，万星天帝家乡世界无数规则线交缠庇护），准备穿透世界膜壁伸进去抓住万星天帝家乡真身（不想毁生命世界那是大因果，准备穿透膜壁抓住万星天帝即可世界恢复完好无损）。,白鸟馆主激发令牌请出愚山界始祖赤宁真君（八劫境），赤宁真君两招活捉万星天帝域外真身，带白鸟馆主至万星天帝家乡世界外准备穿透膜壁抓家乡真身。
六笔之画,保命手段,矛盾爆发、设定揭示,冲突、揭示、设定,赤宁真君破解世界膜壁庇护规则时，黑雾在世界膜壁表面浮现融入时空运转规则庇护（八劫境层次阵法，万星天帝主持，非直接阻挡而是融入庇护规则令繁杂程度大增，阵法创造者彻底悟透庇护规则）。赤宁真君暗惊（自己参悟庇护规则六七成找到破绽离完全悟透差不少），感觉熟悉邪恶罪孽气息确定阵法创造者为黑魔始祖（时空长河历史上仅次于龙祖的顶尖八劫境五位之一，赤宁真君自信此生有把握跨入顶尖八劫境但如今距黑魔始祖还差得远）。万星天帝家乡真身紧张观看（黑魔始祖赐予的保命手段一定要奏效，第一次献祭时黑魔始祖传保命手段含此阵法）。赤宁真君大手多次触碰世界膜壁未曾撕裂，万星天帝松气。赤宁真君告知白鸟馆主万星天帝背后是黑魔始祖，自己不惧黑魔始祖但境界在其之上仅借一座八劫境阵法融入庇护规则便无法破解。白鸟馆主问无法杀万星天帝？赤宁真君称躲在家乡世界的真身没法杀（隔着世界借因果降下攻击威力大减杀不了半步八劫境，赤宁真君擅长正面搏杀不擅长污染渗透）。赤宁真君提出另一办法：亲手布置大阵彻底困住生命世界令其与宇宙完全隔离万星天帝休想出来（阵法蕴含其意志，八劫境一看便明白除非与赤宁真君为敌否则不会救），缺陷是需掌握时空规则的修行者主持，当代仅白鸟馆主适合。白鸟馆主问会有八劫境破阵救他吗？赤宁真君称阵法蕴含其意志除非与其为敌否则不会救。白鸟馆主称重伤之身能镇压万星天帝还是赚的，赤宁真君满意点头。,赤宁真君破解世界膜壁时发现黑魔始祖所创阵法融入庇护规则无法破解杀不了万星天帝家乡真身，提出亲手布置大阵彻底封禁隔绝万星天帝家乡世界，白鸟馆主以唯一域外真身长期镇守主持大阵。
六笔之画,伤势,矛盾收束、情感展现,冲突、情感,万星天帝在家乡世界高山之巅观看赤宁真君布置固定大阵（一道道流光分散在生命世界周围），近万道锁链浮现封锁整个生命世界与外界彻底隔绝。万星天帝无法感应外界与星云宫感应隔绝，知白鸟馆主主持大阵（彻底隔绝时空大阵罕见高等生命世界有类似阵法但代价非常大一般八劫境为家乡世界布置一座，此大阵非自然运转而是半步八劫境主持故赤宁真君短时间能布置）。万星天帝称白鸟馆主一尊域外真身耗在这修行路毁掉大半值得吗，白鸟馆主淡然称值得。万星天帝求放出去提条件（立誓不对白鸟方修行者家乡世界动手甚至立誓最多再吞吃三座生命世界分三十亿方），白鸟馆主不理（到了这时候还没放弃吞吃生命世界真不愧是万星，斗了这么多年知道万星性子，放任下去数万年寿命所剩越少疯狂程度急剧提升）。白鸟馆主在虚空中建修行洞府周围万亿里遮掩。半个时辰后孟川、界祖、影魔之主、炽阳副馆主、青龙副馆主来到万星天帝家乡世界旁（家乡世界消失了）。白鸟馆主告知：请八劫境大能赤宁真君出手杀万星，万星天帝背后是黑魔始祖赐予保命之法，赤宁真君受黑魔始祖阵法影响无法破开生命世界膜壁杀家乡真身，赤宁真君布置阵法彻底封禁隔绝万星天帝家乡世界，万星天帝永远困在家乡世界无法出来。众震惊牵扯两位八劫境。白鸟馆主称阵法需掌握时空规则的修行者主持，当代除万星仅白鸟馆主掌握时空规则，即白鸟馆主需一直在这主持无法离开半步。白鸟馆主担忧称早有伤势在身仅剩五六万年寿命无法一直困住万星。孟川一惊之前从来不知道伤势。,赤宁真君布置近万道锁链封禁隔绝万星天帝家乡世界，白鸟馆主以唯一域外真身长期镇守主持大阵，告知众人白鸟馆主元神重伤仅剩五六万年寿命，嘱孟川死前成半步八劫境接替镇守。
六笔之画,瓶颈,人物心理、设定揭示,情感、揭示、设定,青龙副馆主称白鸟馆主伤势乃元神八劫境造成很难治好，靠外力两种办法：永恒存在出手疗伤轻而易举；请元神八劫境驱逐另一位元神八劫境残留异种之力。孟川问找不到元神八劫境吗？青龙副馆主称宇宙之间距离遥远八劫境赶路耗费很长时间且各有修行计划偶尔沉睡跨越十亿年乃至更久，碰到一位八劫境都难找元神八劫境更难，元神八劫境不愿耗费漫长时间赶来只为疗伤，求见本宇宙元神八劫境比求见肉身八劫境难百倍不止（肉身八劫境数十位大多沉积少数活跃如龙祖黑魔始祖魔山主人，元神八劫境没一个经常现身）。白鸟馆主称万星天帝修行岁月略长无伤势影响，五六万年后自己因伤死去若无半步八劫境主持阵法万星天帝脱困而出寿命仅数万年一定更疯狂危害比现在可怕得多。白鸟馆主郑重嘱孟川在死前成半步八劫境接替镇守。孟川点头（钦佩馆主付出巨大代价镇压万星天帝拯救无数生命世界生灵）。炽阳副馆主不甘称龙祖承诺桃山主人出手三次，桃山主人拒绝帮忙（万星天帝早就结交桃山主人因果情谊纠缠）。万星天帝在家乡世界知白鸟馆主疯了修行路毁掉大半也不在乎，决定闭关修行（有《血脉》两卷及超十万年寿命一心潜心修行定能更强大），吞噬最后两份七劫境命核（原搜集八份吞五份驱使三份，一份到赤宁真君手里剩两份），一心想要在修行路上走得更远，修炼出八劫境肉身应该就能彻底轰破封禁大阵。乾源山孟川修行六千年，时间规则卡在最终瓶颈前（过去现在未来三大基础已掌握，三者合一直持续千年无头绪），决定去斩杀下一头混沌生物。,白鸟馆主元神重伤仅剩五六万年寿命无法一直困住万星天帝，嘱孟川死前成半步八劫境接替镇守；万星天帝吞噬最后两份命核闭关修行想创八劫境肉身轰破大阵；孟川时间规则卡在瓶颈。
六笔之画,困惑,悟道、战斗描写,修炼、战斗、爽点,孟川尝试斩杀七劫境巅峰混沌生物多次每次元神分身被迫消散（实力不够，千手师兄情报准确必须半步八劫境才有望）。孟川明白这一线是成为半步八劫境最大难关（每一代都有不少七劫境掌握时间规则基础三部分但半步八劫境少太多）。孟川在空间牢狱中（三千柄开天刀刃悬浮，周围扭曲时空迷宫）与一头丑陋庞大混沌生物（八条短腿四只眼睛可构建幻境，同衔尾大蛇层次）战斗，孟川实力明显强许多随心所欲破解其招数（幻境方面孟川参悟三千幻阵比靠天赋的混沌生物更强，正面搏杀轻易碾压）。孟川称其除岁月轮回没厉害招数，施混洞开天大阵第四重变化如意刀链（三千开天刀形成刀光链子朝四面八方扫去），时空迷宫如豆腐被切割露出藏匿的混沌生物，刀链所过时间流速变化一切刹那间，蜥蜴模样混沌生物被切割湮灭丝毫不存。孟川一迈步到命核前（灰色布袋），碰触刹那布袋犹如沙粒分解消散，神秘力量融入体内。半个时辰融合结束，这次好处没那么明显（上次蜕变令自己拥时间一脉天赋这次变化很少），未形成天赋招数（收获是对时间的细微控制更轻松，如鸟儿天生会飞鱼儿天生会游泳，凭借感悟能创造幻境岁月轮回）。孟川对时间细微控制提升对修行有助力，但过去现在未来三者如何合一依旧没头绪（联系太紧密有太多方向尝试了都一头雾水没有一个有信心）。孟川决定不再埋头修炼而好好走一走逛一逛仔细看家乡宇宙（修行这么多年家乡宇宙有太多地方没去过如九劫星一直想去），八劫境留下遗迹蕴含修行道路方向参悟很多。,孟川斩杀第二头七劫境顶尖混沌生物获时间细微控制提升及岁月轮回幻境，但时间规则三者合一仍无头绪，决定行走四方参悟八劫境遗迹。
六笔之画,行走三千年（补欠章节）,悟道、装备获取,修炼、奖励、爽点,孟川至九劫星（庞大星辰散发无尽煞气，五劫境只能远观六劫境或可靠近但无法降临表面，以星辰为纸山脉江河为笔画勾勒九幅画覆盖整个星辰表面，创作者不知是本宇宙还是外来八劫境）。孟川以六笔符印法遥遥观之能看出九幅图气机变化，判定先后次序。第一幅图（五座大型湖泊四座沼泽地大片平原及河流，最普通）孟川降落平原煞气冲击，周围三千颗微小黑暗混洞庇护千里只守不攻，看半个时辰参悟透彻后走到关键节点（一两里范围煞气影响微乎其微）。第二至第五幅图共停留三个时辰，第六幅图停留一个半月，第七幅图停留三年，第八幅图停留十年（苍茫海洋幽暗浪潮煞气惊天动地，海洋和三千多座岛屿构成，顶尖七劫境需全力以赴抵挡，孟川眼中海洋岛屿化作一杆长枪长枪舞动宇宙晃动）。第九幅图（九劫星最高山脉，巍峨之山统领江河陆地，煞气散乱不成体系威胁大减远不如第八幅图）孟川很失望（那位八劫境想创造冲击第九次天劫的枪法但有缺陷不及第八幅图，前八幅图才是完整一套枪法）。孟川在九劫星待三十年领悟完整枪法（所见最霸道最强绝学，近乎龙祖开辟宇宙所媲美，判定创作者非本宇宙因本宇宙最强龙祖及魔山主人等五位无以枪法出名），将枪法融入元神世界阵法中。孟川又游历炼剑窟（藏数千柄剑）、梦魇星（七劫境都可能困在其中出不来）、黑山洞府（虚空中漂浮的诡异黑山）等数十处八劫境遗迹，行走过百年（乾源山三十三倍时间流速实际参悟三千余年，一小半在九劫星），时间规则越加清晰（并未琢磨如何融合仅是大量零散感悟认知自然逐渐清晰，判断如此积累一两万年可彻底掌握时间规则）。孟川想到还有一处八劫境遗迹魔山，决定前往。,孟川在九劫星参悟九幅图领悟完整枪法（近乎龙祖开辟宇宙所媲美），游历数十处八劫境遗迹行走三千年，时间规则越加清晰，决定前往魔山。
六笔之画,顿悟,悟道、转折高潮,修炼、高潮、爽点,孟川行走在魔山心灵之路仰头看主峰，很快抵达上次极致位置九万八千里处（山顶声音如滚滚奔雷在元神中回荡压力极大），和上次相比仅多掌握开天规则心灵意志提升不多。孟川一步步前进，九万九千里、十万里、十万一千里……山顶越来越清晰隐约看到金光（生命本能告诉他赶紧过去）。十万两千里、十万三千里、十万三千五百里……孟川停在十万三千九百里处（离山顶一千一百里，心灵意志和界祖有差距界祖早登顶），有信心将开天规则及时间规则三大基础融入元神法门完善后心灵意志还能提升一截定能走到山顶。孟川看到山顶淡淡光罩罩住整个山顶，罩子表面大量金色字符流动散发淡淡金光（即山顶声音字符，数十个字符连成一句杂乱无章分不清前后顺序，每句看了如浩瀚世界轰入脑海有很多感悟，一句话如此玄妙超越之前所见任何绝学）。看到第五句时一感悟如黑暗中的光照亮困惑内心令时间规则大量积累有了方向。孟川元神分身犹如泡影消散（在此一直承受山顶声音影响需排除一切干扰把握灵光）。乾源山山林中孟川盘膝坐循灵光迅速整合感悟，过去现在未来三大规则自然融合（如三种原色搭配形成大量色彩只有一种最完美才是真正时间规则）。孟川终于把握住时间规则本质，伸手一握掌心自然是一小型完整时空（空间稳定时间流速外界百分之一稳定运转），看万物角度变了（亿万粒子线无数波动对空间影响一个时间段都太肤浅，看到这些表象代表的规则而无数规则源自时间空间两大基石，时间和空间是一切规则的两大基石）。孟川看到乾源山外围无尽雾气隐含无尽玄妙大恐怖比花草树木复杂不知多少倍看不懂（离全知还差得远，肉身八劫境肉身永恒秘宝等无法参透），但至少跨出最重要一步真正把握住一切规则的两大基石时间和空间。,孟川再走魔山心灵之路至十万三千九百里处，看到山顶金色字符第五句时一感悟照亮困惑内心，在乾源山循灵光整合过去现在未来三大规则融合为完整时间规则，掌握时空规则。
六笔之画,半步八劫境'孟川',转折高潮、设定揭示,揭示、设定、高潮,沧元界天地大殿隐秘空间内，孟川（盘膝坐于悬浮永恒秘宝大印旁）睁眼看一汪暗红血液（八劫境大能血液，微子构成无尽玄妙至少上万年才能悟透，悟透也不代表能自创八劫境肉身法门因真正圆满肉身必完美契合自己须自创）。孟川以时空规则催发永恒秘宝大印（规则代表毁灭从时间线不同阶段空间不同层面摧毁湮灭一切，可爆发自身十倍乃至数十倍实力或许能和八劫境斗一斗，但暴露则一位位八劫境降临这一时间点苏醒来抢夺沧元界挡不住一群八劫境，须成八劫境才能带出去）。孟川修行一万六千余年终于达到半步八劫境（天资加外在资源：参悟时空运转规则和永恒秘宝大印规则两个同层次规则漫长时间影响深远；乾源山机缘。每一个有大成就者都有机缘万星天帝白鸟馆主都有过大机缘但机缘只钟爱有天赋者）。孟川目光掠过洞天神女河域看到遥远河域繁华星辰苍太星（永恒楼河域级总部，六劫境镇守五劫境十余位），孟安夫妇（孟安已修炼到四劫境经营藏宝楼安逸生活定居苍太星）在此。孟川又看到相隔数十座河域一艘船只上七位劫境齐聚（孟御四劫境唯一未加入书院者，赤索邀请，实力不亚于五劫境赤索有生死交情，一手剑术过得去），孟氏后裔中最强再修行数千年可成五劫境。孟川知成八劫渡劫成功沧元界可晋升高等生命世界不少人可超脱轮回，但孟御出生于坤云秘境沧元界时空长河内无孟御没法让他超脱轮回只能凭自己修行闯出天地（暗中适当给予机缘）。孟川前往万星天帝家乡世界外，时空领域与白鸟馆主碰撞（八劫境层次领域，之前唯有万星天帝能和白鸟馆主正面争斗），白鸟馆主又惊又喜。孟川称今日刚突破立即来见馆主。,孟川修行一万六千余年成半步八劫境（天资加时空运转规则及永恒秘宝大印规则参悟加乾源山机缘），遥看孟安（四劫境定居苍太星）孟御（四劫境实力不亚五劫境），前往万星天帝家乡世界外接替白鸟馆主镇守大阵。
六笔之画,命运,转折高潮、矛盾收束,冲突、高潮,白鸟馆主乐呵呵称镇压万星天帝才百余年孟川就来接替措手不及（嘴上说实际乐得嘴巴咧开）。孟川称时间规则三大基础悟出后陷入瓶颈近五千年去魔山看到山顶才突破。白鸟馆主慨叹修行一万多年成半步八劫境还说困在瓶颈近五千年若让其他七劫境听到怕暗地骂炫耀过分（孟川称其实就在炫耀，白鸟馆主称过几日星云宫庆典大肆炫耀，孟川称没必要）。白鸟馆主教孟川主持大阵。万星天帝在家乡世界高山之巅感应阵法气息变成孟川气息脸色发白心中绝望（明明主持阵法的是白鸟怎么变成孟川，孟川也掌握时空规则了），知孟川元神劫境可派元神分身镇守对修行无影响且太年轻可一直耗，提前发动计划就为避免孟川阻碍如今依旧面对围堵（命运再怎么躲孟川白鸟馆主依旧是两座大山）。万星天帝喊孟川称从未与孟川为敌一直想交朋友如此逼他，孟川称是其自己逼自己贪得无厌驱使禁忌生物吞吃生命世界赤宁真君现身都无法阻止逼得真君布阵困你，只要不吞吃生命世界谁会来对付你。万星天帝癫狂称有本事来杀我也只能在外面耗等破阵冲出去那天要让你们付出代价家乡世界一个个都得覆灭，唯一目标创出八劫境肉身法门杀出去。孟川冰冷称会杀你的。白鸟馆公开消息：东宁城主成元神一脉半步八劫境派元神分身镇压万星天帝。时空长河各方震动（当代三位半步八劫境历史上罕见，元神一脉且修行岁月比白鸟万星短得多天赋可怕）。原界首领自叹怪物，界祖感叹九百年从六劫境层次到半步八劫境（本临近大限只剩数千年寿命九百年过去仍临近大限孟川却达当代最强），暗星会主烦恼曾劫掠过孟川该怎么办。,孟川接替白鸟馆主镇守大阵成半步八劫境消息公开震动时空长河，万星天帝绝望知命运无法躲过孟川白鸟馆主围堵，各方势力需考虑如何面对元神一脉半步八劫境孟川。
六笔之画,山顶的声音,核心伏笔、悟道,伏笔、修炼、爽点,暗星会主通过孟安递话求谅解（先结交苍太星孟安夫妇请孟安帮忙递话），孟川条件：解散暗星会、不再劫掠、献出九成宝藏（算留一点）。暗星会主照办（九成宝藏心疼但宝物以后可慢慢攒，若不谅解没法在外闯荡），获孟川谅解心情轻松（得意自己目光短浅胆量小些至少有退路，万星天帝黑魔殿主劝加入六方天黑魔殿都不沾彻底绑死没退路）。时空长河各方态度：交情好的如魔眼会主一直帮孟川没提要求没要承诺孟川记心中将来自然会全力相帮了结因果；交情普通的各方想办法拉近关系连高等生命势力都派遣成员拜访，时空长河宝地很多势力主动让出好处（元神一脉半步八劫境元神分身多每个分身战力恐怖威慑力比白鸟馆主强可占过半宝地）；矛盾大的黑魔殿背后黑魔始祖孟川无法破坏组织体系也不敢（须成八劫境拜永恒存在门下才和黑魔始祖站在差不多高度，对付黑魔殿在范围内压制）。孟川再走魔山心灵之路（掌握时空规则规则滋养心灵意志应该足以登顶），十万五千里处登顶。眼前金色字符流动巨大罩子触手可及，一道声音在脑海响起：魔山之路登顶可聆听永恒存在讲法（大量讯息传递）。山顶浩荡声音乃记录下的一位永恒存在曾经讲法场景（对心灵意志压迫极大不到足够程度无法聆听完整讲法，走到山顶代表有资格承受完整讲法，魔山主人以阵法笼罩不轻易白送，每个时代走到山顶的屈指可数元神一脉希望大些）。聆听永恒讲法是魔山主人赠修行者的大机缘但有收获必须有付出：悟出秘法须送魔山主人一份（无色级直接送魔山深处，紫色级可唤醒魔山主人获不超过十亿方赐予，金色级可唤醒获不超过千亿方赐予）。孟川穿过光罩看到中央一道光头巍峨身影盘膝而坐道道声音传开（与永恒秘宝大印中看到的光头身影一模一样同一位永恒存在），盘膝聆听（道道声音渗透脑海元神世界中金色字符飘落降临）。,暗星会主献九成宝藏解散暗星会获孟川谅解，孟川再走魔山登顶聆听永恒存在讲法（山顶声音乃永恒存在讲法记录，悟出秘法须送魔山主人一份，紫色级获不超过十亿方赐予金色级不超过千亿方）。
六笔之画,初见魔山主人,核心伏笔、悟道,伏笔、修炼、爽点,孟川元神世界内金色字符飘落凝结句子段落篇章（永恒无惑直接点破万事万物振聋发聩令孟川震撼拜服，朝闻道夕死可矣永恒存在代表道的极致），聆听一个多时辰完整听一遍清醒（重复讲法无帮助已彻底记下）。孟川惊叹魔山主人豪气如此机缘放在这（能够凭心灵意志走到山顶的太少，半步八劫境都不一定走到山顶，每个时代走到山顶的屈指可数）。孟川在坤云秘境隐居山谷琢磨讲法（任何载体都无法承载讲法字符记录即消失，八劫境传承特殊载体仅接受数次永恒讲法承载要求更高，记忆中存在但欲在外界重现无比吃力如蚂蚁抬山无法重现，魔山主人没限制外传）。讲法全篇共一万六千零五十九个字符每句无尽深意前后结合韵味无穷，孟川以六笔符印分解参悟六层再融合（乾源山时间流速下参悟三百二十年），元神世界形成六层叠加画作（每层对讲法理解感悟截然不同），融合不到一年完整秘法浮现（六万余字绽放紫色光芒，心灵意志秘法令心灵意志蜕变但依旧无法承载时空规则演化，元神八劫境所需心灵意志高得恐怖）。孟川以价值过万方寒冰奇玉记录秘法全篇（学一遍即崩解），不知准确价值但魔山主人愿给予不超过十亿方赐予应该超越十亿方（元神一脉半步八劫境心灵意志提升一丝都无比艰难此秘法令其蜕变，对八劫境而言心灵意志提升意味着寿命）。孟川前往魔山深处古老洞府唤醒魔山主人（头发弯弯曲曲藏无尽空间，盘膝而坐身体有无尽重压，双眸藏两座小宇宙，头发每根独立时空，顶尖八劫境，孟川在其面前如蚂蚁面对天体星辰一丝力量余波足以湮灭自己）。魔山主人睁眼（丈许范围时间流速恢复正常），称孟川修行一万七千年元神一脉半步八劫境，能看见孟川一尊元神分身在遥远某个时空散发无尽永恒气息（乾源山）。,孟川聆听永恒讲法参悟三百二十年创出紫色级心灵秘法（心灵意志蜕变但仍无法承载时空规则演化），前往魔山深处唤醒魔山主人（顶尖八劫境双眸藏两座小宇宙），魔山主人称看见孟川元神分身在遥远时空散发永恒气息。
六笔之画,万星天帝的命运（本集终）,转折高潮、矛盾收束,冲突、高潮,魔山主人称未成八劫境就能被永恒存在看中很难得，但欲拜永恒存在门下最起码得是八劫境，孟川最紧要度过第八次天劫成元神八劫境（元神之劫麻烦多无尽时空元神八劫境稀少，或许这就是无尽时空定规则肉身劫境仅一尊分身元神劫境能有九尊分身的原因），期待这方宇宙出一位元神八劫境。孟川称心灵意志差得远渡劫资格都没有，魔山主人称时间还很多（即便拜永恒存在门下也不能懈怠，永恒门下弟子不少仅普通八劫境如山吴道君不求上进醉心画作，亲传弟子则宝物远超实力比龙祖更强些）。孟川奉上紫色级心灵秘法寒冰奇玉，魔山主人一念学过寒冰奇玉化飞灰（魔山主人修行道路之一为以众生智慧供养己身，山顶留永恒讲法每个时代数位聆听绝大多数悟出无色级偶有紫色级历史等过两份金色级，借鉴诸多秘法创出适合自己的金色级秘法，想搜集足够秘法令自身秘法蜕变达七彩色级拜入永恒存在门下，其他修行者创出秘法只能借鉴无法完美契合自身心灵但借鉴多了终有帮助）。魔山主人给予不超过十亿方赐予书册，孟川不接书册请求换成斩杀万星天帝。魔山主人感应跨过时空跨过孟川主持阵法阻碍看清万星天帝一生经历，应孟川请求（更喜欢赐予宝物不喜欢以大欺小但愿意给孟川这个面子）。魔山主人带孟川至万星天帝家乡世界外，一伸手手掌浩大犹如虚幻轻易穿过阵法及世界膜壁（阵法及生命世界无任何影响），一捞将万星天帝两尊真身捞出（大陆众生无任何影响继续正常生活）。魔山主人掌心时空一震两尊微小万星天帝彻底湮灭，万星天帝死。白鸟馆主、界祖赶到（感应到万星两尊真身很快又失去感应），孟川告知请魔山主人出手灭杀万星天帝。孟川停止大阵万星天帝家乡世界显现，万星天帝彻底消失。魔山主人至混沌浊河（其开辟建造吸引外界混沌生物入内定期苏醒收割），一伸手将躲藏的五头七劫境禁忌生物及众多六劫境禁忌生物捞至掌心令其死去只剩命核（这些混沌生物是魔山主人猎物，万星天帝吞噬命核该死，苏醒又遇孟川请求万星天帝命运被决定）。（本集终）,孟川以紫色级心灵秘法换魔山主人出手，魔山主人一掌穿过阵法及世界膜壁捞出万星天帝两尊真身令其湮灭，万星天帝死，魔山主人至混沌浊河收割禁忌生物命核。
修行路,生命的韧性,环境铺陈、情感展现,情感、设定,万星天帝被斩杀的消息传遍时空长河（孟川请八劫境大能渗透进生命世界杀了躲在家乡世界的半步八劫境万星天帝），各方大能心惊肉跳愈加明白东宁城主孟川性格，七劫境半步七劫境们行事收敛（孟川元神分身众多随便派遣三五个在时空长河逛逛谁都忌惮，威慑力比白鸟馆主恐怖得多）。沧元界江州城孟府夜色下，孟川陪妻子柳七月观看面前显现的庞大虚幻场景——以掌握时空规则观看沧元界过去一切（意识渗透时空长河过去仿佛亲身体会）。夫妻从沧元界诞生看起：初等生命世界孕育→植物弱小生命出现→虫子出现→一亿两千万年前原始人族出现（毛发茂盛魁梧野蛮，在动物竞争中无优势颇为凄惨）→人族多次诞生覆灭（洪水等灾害令早期人族文明覆灭，轻则覆灭无数重则全灭漫长空白期后再演化）→三千万年前十五名人族逃亡出海（两个小族群厮杀大族群一百三十五人战败十五人乘木舟出海，此十五人为当代所有人族源头）。孟川被这段历史触动忍不住回书房绘画，一幅长卷画作逐渐形成：木舟十五人逃亡→抵达火焰山孤岛繁衍→陆地冰冻期人族灭绝孤岛靠火山扛过→人族迁徙寻找新栖息地形成征服精神→代代接力三千年走遍大陆成为主宰族群→部落时代开始。孟川感悟生命的韧性——即便凡俗平均二三十年寿命弱小实力，代代接力依旧创造神魔都做不到的奇迹，自己仅是代代接力的一部分。,孟川陪妻子观看沧元界历史，发现当代人族源于三千万年前十五名逃亡出海者，感悟生命的韧性开始绘画长卷。
修行路,一万多年后,悟道、伏笔埋设,伏笔、修炼、爽点,"孟川感慨十五人靠征服精神代代接力三千年走遍大陆征服大陆，那个野蛮时期危险遍布人族寿命平均二三十年无完整修行体系数量少弱小，却完成不可思议的奇迹。孟川看到扑面而来的""生命的韧性""——即便凡俗一代不够就十代百代依旧能做到神魔都做不到的事，一个族群需要的就是这样的韧性，修行者也需要这样的韧性心灵方才愈加坚韧能抵抗岁月磨砺。孟川在长卷最右端写下《生命的韧性》，绘画洗练心灵令心灵意志提升（达到这般境界后提升越来越难，这幅画比再悟出一篇紫色级秘法帮助还大）。此后孟川陪妻子继续观看沧元界历史，画下人族史诗九幅图（《生命的韧性》《血脉的延续》《国》《家》《文化》等）及历史人物图一百零九幅，文化认知圆满重塑智慧提升心灵意志提升，同时将时空规则彻底融入元神法门《画世界》提升至八劫境层次法门。然而心灵意志依旧无法承载时空规则（""心有多大世界就有多大""）。时间流逝，沧元界又过五百年，乾源山修炼时间过去一万六千余年，孟川以时空规则为基础推演参悟一门门本源规则，除原先混洞规则、开天规则外悟出其他八种本源规则（因果规则、物质规则、无量规则、世界规则、寂灭规则、原点规则、混沌规则、轮回规则），十大本源规则彻底掌握整个家乡宇宙万事万物秘密越来越少惑越来越少。乾源山又斩杀三头七劫境巅峰混沌生物。心灵意志一直没达元神八劫境门槛，孟川不急（七劫境近二十万年寿命自己才过去三万三千余年）。",孟川绘画《生命的韧性》心灵意志提升，画人族史诗九幅图及人物图一百零九幅文化认知圆满，参悟十大本源规则，一万六千余年心灵意志仍未达八劫境门槛。
修行路,水到渠成,设定展开、悬念设置,伏笔、设定,天梦界神庭隐秘殿厅，白发老者（七劫境神灵天梦界除始祖外最强者）以始祖所留阵法令意识进入梦境世界映照整个时空长河窥伺（永恒楼黑魔殿龙族祖地凤凰祖地高等生命世界等八劫境布阵笼罩处外皆能窥伺，白鸟馆等也难阻拦）。白发老者窥探当代最强两位——孟川和白鸟馆主（都是半步八劫境），判断两个半步八劫境挡不住始祖手段（八劫境大能擅长梦境窥探）。白发老者通过孟川身上时间痕迹判断修行三万三千余年，对比三百年前定有元神分身在时间流速三十三倍之地修炼（能量消耗恐怖猜去过宇宙之外）。老妇人（天梦界当代最强者六劫境大能）问白发老者何时沉睡，白发老者称等两位半步八劫境老死再沉睡，按三十三倍时间流速五千年后是孟川寿命大限。始祖说过成八劫境无比艰难元神八劫境比肉身八劫境还难。老妇人提及徒弟蒙虎（天梦界五劫境）和东宁城主曾好友一起闯魔山，百世梦境经历大半还未沉沦越往后越危险，度过则成六劫境失败则心性不够。域外虚空白鸟馆藏书楼，孟川阅读典籍隐隐察觉窥伺（成半步八劫境后知晓高等生命世界势力偶尔窥伺时空长河，但不知是哪一家）。白鸟馆主告知凤凰一族近期来拜访应同意孟川百余年前请求借阅藏书。孟川看书参悟曼陀指法（心灵指法半步八劫境所创）时，元神世界仿佛开天辟地般轰然炸响开始演化时空。,天梦界七劫境神灵以梦境窥探时空长河判断孟川五千年后寿命大限，孟川在白鸟馆藏书楼参悟时元神世界开始演化时空。
修行路,元神八劫境生命体,转折高潮、设定揭示,揭示、设定、高潮,"孟川元神世界朝完整宇宙时空演变不再是虚幻而是真实小型宇宙（七劫境时的黑暗混洞粉碎成为养分，鲸吞外界域外元力）。沧元界、白鸟馆、坤云秘境等五处区域形成影响整个时空长河的能量潮汐（弱小劫境察觉不到六劫境以上才感知）。白鸟馆主感应到能量流动变化且彻底感应不到孟川（八劫境存在也无法感应），判断孟川突破。界祖、魔眼会主、离虹之主等各方大能都察觉时空长河变化但难以确定源头（几个源头同时出现相互干扰）。龙族祖地凤凰祖地永恒楼等各方窥探都找不到孟川，梦境映照因果寻踪无量之网都找不到。白鸟馆主在藏书楼肉眼看到孟川却无法感应又惊又喜。孟川感受元神蜕变：元神之力蜕变为独特心灵力量，可脱离肉身成为""心灵存在""，仅凭传播影响达到一定程度便可凝练心灵印记形成元神分身（不及八劫境极限存在只要有人记住有书籍记载便可借此而活），生命力可怕媲美肉身一脉顶尖八劫境，渗透侵蚀污染手段厉害生命世界庇护也难以隔绝，元神之力心灵概念化外界无法窥伺。孟川感应到天劫酝酿——八劫境生命体必须扛过天劫才能长久生存，不跳出时空长河则一百年后天劫降临，尝试跳出则立即降临。乾源山三十三倍时间流速，孟川令木屋时间流速降为乾源山十分之一（家乡宇宙三倍多），消耗力量恐怖处于平衡状态。孟川明白自己虽成元神八劫境生命体但终究没渡劫还有重重约束。",孟川元神世界演化小型宇宙成元神八劫境生命体，各方感应不到孟川，天劫酝酿不跳出时空长河则一百年后降临。
修行路,疗伤,人物心理、设定展开,情感、设定,孟川出藏书楼，白鸟馆主、影魔之主等众大能聚集（眼神复杂难以置信惊叹困惑），孟川告知突破成功还需渡第八次元神之劫，众大能姿态低了很多恭喜（八劫境是每个七劫境向往的境界，可令家乡世界成高等生命世界令部分族人超脱轮回与家乡世界同寿，探索无尽时空）。孟川为白鸟馆主疗伤——白鸟馆主被一位元神八劫境之力渗透（对方元神之力通过思维传递：白鸟馆主认识记住了解对方力量自然渗透，可借助域外真身印记凝聚元神真身降临但没法进入家乡世界故没赶尽杀绝）。孟川元神之力影响白鸟馆主心灵驱逐对方力量（无源之水抵挡不住），同时令白鸟馆主忘记对方样子（完全治好否则会被再度渗透），白鸟馆主伤势完全好了。孟川半步八劫境时曾给毒眸治过伤见识过梦魇之力（黑魔始祖悟出法门），元神八劫境之力比肉身八劫境邪异得多防不胜防。白鸟馆主以生命承诺看顾孟川家乡。赤宁真君（八劫境大能眼眸狭长高大男子眉心竖眼令孟川感到一丝威胁）到访，白鸟馆主毫无察觉（不同层时空），孟川分化元神分身进入该层时空迎接。,孟川告知众大能突破成功，为白鸟馆主驱逐元神八劫境之力疗伤并令其忘记对方，赤宁真君到访。
修行路,历史上的三位元神八劫境,设定揭示、核心伏笔,伏笔、揭示、设定,"赤宁真君带孟川元神分身跨过遥远时空抵达愚山界旁隐秘洞府（阵法庇护其他八劫境无法窥伺）。赤宁真君告知家乡宇宙历史上三位元神八劫境：孔雀宫主（独一无二特殊生命无牵无挂，性子最仁慈，真身诸多元神分身分别前往各时空遨游无尽时空），孟川冥冥中感应到孔雀宫主（全身艳丽羽毛女子双眸泛紫正在讲道），孔雀宫主善意向孟川传意念""期待与道友相见""；真理之主（曾要控制整个宇宙无尽众生心灵令无尽众生信奉他，欲令家乡宇宙成为他一人之领地，令龙祖震怒亲自出手斩杀其在众多时空诸多分身，但因结交永恒存在弟子有退路无法彻底斩杀），孟川感应到真理之主（黑色长袍元神宇宙居住无数生灵），真理之主意念称""家乡又多一位同行者可惜有龙祖在处处得守规矩""；梅花山主（长居家乡宇宙酣睡）。赤宁真君告知第八次元神之劫情报山吴道君和龙祖了解最多，每一个八劫境渡劫前龙祖会亲自降临赠与机缘。赤宁真君邀请孟川渡劫功成后派遣元神分身前往其经营的异宇宙助阵——那是一座混乱庞大不抵制外来者的宇宙，赤宁真君域外真身争斗多年已成""十二混沌神""之一，有把握让孟川一尊元神分身也成为混沌神（好处比永恒秘宝大得多，条件排前三）。孟川承诺渡劫功成巩固实力后派遣元神分身去走一趟。孟川计划渡劫功成后先拜师永恒存在门下。",赤宁真君告知家乡宇宙三位元神八劫境（孔雀宫主真理之主梅花山主），邀请孟川渡劫后去异宇宙当混沌神，孟川承诺。
修行路,龙祖的阻拦,矛盾展现、核心伏笔,伏笔、冲突,"千山星外数十位七劫境半步七劫境赶来拜访（暗星会主百花府主黄衣院主魔眼会主等，同时代是缘分得抱大腿），孟川分化元神分身幻境世界同时接见。百花府主献上最大机缘宝物""世界之书""（设定规则演化虚幻世界，境界越高推演越高等虚幻世界，价值不及永恒秘宝但超越蒙刹界宝藏对孟川更重要），求一个成为八劫境的机会（修行到这地步无特殊大机缘注定死亡），孟川承诺渡劫功成后尽力帮。其他大能礼物以孟川如今眼光看不上留在沧元界增加底蕴。孟川接待同时代大能时，龙祖出现在家乡宇宙一处区域拦阻黑魔始祖（高瘦两根弯角身影）——龙祖严令黑魔始祖在孟川渡劫前别去见孟川（即便杀不了孟川稍稍影响心境便威胁渡劫，没拜师永恒以黑魔始祖胆子什么都敢做）。黑魔始祖称孟川背后有永恒存在不敢使坏，龙祖不允。龙祖称孟川三万余年成元神八劫境放眼无尽时空属上等，拜在永恒门下对家乡宇宙八劫境势力重要性重大。黑魔始祖沉默（东宁城主嫉恶如仇天生和黑魔始祖对立面，洗心革面是否定自身修行道路），称若孟川渡劫功成便散去黑魔殿，但龙祖无信心（元神之劫难希望太低）。黑魔始祖消散离去。",孟川在千山星接待同时代大能获百花府主献世界之书，龙祖拦阻黑魔始祖禁止其在孟川渡劫前搞事，黑魔始祖称孟川渡劫成功便散黑魔殿。
修行路,元神之劫的情报,设定揭示、转折高潮,揭示、设定、高潮,"千山星大能们离去只剩魔眼会主，孟川为其疗伤（宇宙之外沾染血雾污染将生命体化作血雾，域外真身毙命家乡真身受污染，在家乡世界修炼数万年才压制住），耗费盏茶时间驱逐血雾治疗域外真身和家乡真身。孟川承诺渡劫功成后送魔眼会主去异宇宙（宇宙之内比宇宙之外混沌稳定得多更适合闯）。孟川沉思渡劫准备时间仅一百年（修炼三万三千余年才有此成就一百年能有多大进步），计划整合所学完善绝学、乾源山试着斩杀混沌领主（三十一头各有来历各有擅长，斩杀一头吞噬天赋帮助大）。龙祖降临千山星花园（龙首老者黑色华丽衣袍气机媲美整个家乡宇宙，远在魔山主人之上），告知孟川五位八劫境顶尖都察觉孟川一尊元神分身在永恒存在之地故非常关注（有善意有恶意），龙祖已严令禁止他们打扰（刚拦住黑魔）。龙祖告知第八次元神之劫情报：肉身之劫和元神之劫截然不同越往后差别越大，九炼塔对元神第八劫无帮助；第八次元神之劫是""心灵之劫""，不同元神八劫境遇到的不一样，与曾学过的任何修行体系都没关系（掌握的十大本源规则时间空间规则绝学永恒所传绝学全部避开），针对的是弱点，能帮的只剩智慧，用心灵智慧渡过。举例孔雀宫主渡劫为一缕意识降临凡俗世界成为十几岁普通平民少女（无修行体系凡俗最多活百岁），须成为凡俗世界最高掌权者方能意识破开世界回归真身（孔雀八十多岁白发苍苍才成功）。龙祖建议成八劫境三大门槛（掌握时空规则、心灵意志、渡劫）没有一个容易，山吴道君曾劝孟川不要提前搜集情报（会乱心境），如今成八劫境生命体可以知道了。",孟川为魔眼会主疗伤承诺送其去异宇宙，龙祖降临告知第八次元神之劫是心灵之劫（与任何修行体系无关针对弱点只剩智慧），举例孔雀宫主渡劫为凡俗少女成掌权者。
修行路,书山,设定展开、悟道,修炼、设定、爽点,"第八次元神之劫情报对孟川触动太大（浮想联翩经历和孔雀宫主一样的第八劫能否成功），但对自己充满信心。龙祖一挥手显现时空疆域图标出""书山""位置——龙祖创建存放无数典籍之地（家乡宇宙典籍其他宇宙典籍超过九成都放在书山，和其他八劫境交易征服很多宇宙搜集），即将渡第八次天劫者可进去一次所有典籍任由翻阅，渡劫功成需搜集价值至少十亿方典籍放入书山（有消耗有补充是宇宙底蕴）。龙祖告知书山有永恒级传承九十六份（最高明六门可修炼到八劫境顶尖层次，永恒存在乐于传授后辈但传承不一定高深深入浅出浅显易懂如《虚空图录》仅讲述空间规则）、八劫境典籍一千五百零六份（以时间空间规则为根基一切宇宙皆能参悟）、七劫境典籍过百万（多从其他宇宙拿来本源规则不同宇宙不一样在某个宇宙可修炼别的宇宙没法修炼）、七劫境以下数亿份（多从其他宇宙藏库一锅端）。龙祖称""知识才是通往永恒的道路""，建议渡劫前一百年多在书山看看。龙祖离去后暗中计划下次开辟宇宙让孟川担当创世神（创世权柄授孟川可掌控一方宇宙规则言出法随进行创世，需完全掌握时间空间规则，龙祖漫长岁月仅开辟过两次宇宙第一次自己担当第二次让给凤凰始祖第三次打算让孟川来）。孟川分化元神分身前往书山（隐藏时空内悬浮小山高数百丈山上只有大量典籍各种承载之物各种文字），元神感应到一位位存在书写典籍的模样。孟川计划永恒级传承全部看遍、八劫境典籍粗看一遍、七劫境典籍体会不同宇宙道路智慧，追求""博""（钻研越深反而会被天劫避开）。耗费三年多看九十六份永恒传承，四年多看一千五百零六份八劫境典籍（每部限定乾源山元神分身参悟一天），后海量七劫境典籍体会不同宇宙道路。转眼在书山阅读六十年，孟川停下（渡劫前一百年拿六十年在书山已够多），见识比来书山前广太多，计划接下来斩杀混沌领主。",龙祖指引书山（存放无数典籍即将渡劫者可进去一次），孟川在书山阅读六十年看遍永恒传承和八劫境典籍及海量七劫境典籍，龙祖暗中计划让孟川担当新宇宙创世神。
修行路,孟川的目标,战斗描写、设定展开,战斗、设定,"乾源山木屋内（时间流速为乾源山十分之一），孟川决定动手斩杀混沌领主。三十一位混沌领主有强弱之分：最强""深渊""（一团难以名状的扭曲存在自身就是一座完整深渊根本无法摧毁唯有八劫境极限才能从其体内逃出，孟川一进去便陷入深渊被迫自我湮灭），完全凌驾孟川之上的有九头，实力相当的有二十位，比孟川弱的仅两位（""梦境之主""营造梦境世界可在梦境中修行、""吞界领主""张口一吞体内无尽之胃空间无限折叠能吞一座宇宙）。孟川眼馋天赋更强的如""三千分身""天赋（分化三千分身个个拥有真身实力打破无尽时空规则限制，前三恐怖存在需八劫境极限才能击败）。孟川选择以智慧出名的""智者""（百首怪物，原深渊体内无数生灵中最器重手下帮助深渊完善构造，深渊将吞噬力量分部分给它令其晋升混沌领主，因深渊肆意吞噬惹永恒出手囚禁智者也被带来）。孟川分化元神分身进入牢狱，百首怪物（白眉飘飘独眸闭着无耳鼻触手章鱼般躯体盘踞）睁眼称""你又来了""，孟川称""我又来杀你了""。百首怪物以三百九十九层虚幻深渊球体庇护（最内层比河系略大最外层比河域还大），孟川无形之念渗透每经一层更吃力到百首怪物体内仅剩三成威力，施""灭世之印""大印碾压。孟川停手称杀不了，想等法门完善后再来试，不行就换弱些目标。孟川元神分身退出，空间牢狱时间停滞禁锢百首怪物。百首怪物追忆过去深渊纵横无尽时空的风光，闭眼被禁锢。","孟川选择以智慧出名的混沌领主""智者""为斩杀目标，多次交手无法突破三百九十九层虚幻深渊护体，决定等法门完善后再来。"
修行路,画道,悟道、转折高潮,修炼、高潮、爽点,"沧元界江州城孟府，柳七月知丈夫所有分身都不愿分心到了关键时刻（离渡劫百年已过八十年所剩时间越来越少），柳七月从心底希望丈夫长久停留在半步八劫境接近寿命大限再渡劫，但修行路本就勇猛精进失去勇猛精进之心心灵意志更无望承载时空。孟川绘画成功——长画卷最后一部分是黑色龙爪鳞片令柳七月心颤仿佛看到宇宙破碎（孟川立即合上画卷元神之力抚平妻子元神震颤），画作气息完全收敛不外泄凡俗看了没事但境界高者观看领悟越多受到冲击越大。孟川以十九幅画彻底绘画出这些年积累和领悟（画道已超出""六笔符印""秘法范畴延伸到更强层次，六笔符印只是永恒存在收弟子门槛代表修行方向），感谢龙祖书山九十六份永恒传承及海量典籍大大开拓眼界。孟川称画道是他观看世界修行的思想核心——万事万物都可化作画作，若参破所有一切便是""无惑""是""全知""那时便是永恒。乾源山暗红空间，孟川最后一次对""智者""动手（渡劫前百年已耗八十年自身所学彻底整合，若仍失败只能换弱些目标）。孟川施画十七""蛇缚""——元神世界笼罩整个空间牢狱蜿蜒大蛇显现缠上三百九十九层球体深渊，大蛇蛇鳞蠕动蓄积力量一圈圈缠绕扭曲令球体深渊震颤，一息不到最外层深渊破碎（最外层韧性最强后面层层不如最外层正面抵抗）。层层接连崩溃，百首怪物身体虚化，孟川元神之力宛如利刃冲击百首怪物心灵（防护手段被破解后十成十承受元神之力轰击），虚化身躯变真实刹那蛇缚猛然一收——束缚的不仅是目标更是一片时空处处湮灭。百首怪物身躯彻底湮灭，命核为银灰色书籍表面字符""杂记""。孟川触碰书籍，书籍分解神秘力量渗透孟川元神每一处，孟川强忍元神颤栗飞出空间牢狱，牢狱消失最高层混沌领主牢狱变成三十座。","孟川以十九幅画绘画所学最高成就画道超出六笔符印范畴，最后一次对智者施画十七""蛇缚""以力破法层层破碎深渊灭杀智者，命核""杂记""分解力量渗透孟川元神。"
修行路,通过考验,装备获取、设定揭示,奖励、揭示、设定,"孟川出暗红空间盘膝坐下承受颤栗眩晕。永恒存在记名弟子仅有一次斩杀混沌领主名额（在乾源山斩杀可完美吞噬彻底吞噬对方力量形成最适合自己的天赋），孟川将此机会用在""智者""身上。神秘之力融入元神后海量记忆涌入脑海（持续十余息孟川才承受完），理解记忆耗费六个多时辰。智者原为五劫境混沌生物被深渊吞吸成为深渊内部无数生灵之一，在竞争成长中成七劫境混沌生物独占一层深渊，其改造令那一层最强大令深渊惊喜栽培它，大量七劫境混沌生物甚至混沌领主送给智者吞食令其蜕变成混沌领主。智者百首每个头颅有不同性格思维爱好仿佛截然不同一百个生灵但记忆相通形成完整意识，天生能吞食其他生物记忆，一百个头颅刻意追求不同修行道路走一百条道路（画道也是其中之一但境界约孟川六劫境时层次，高的约七劫境层次低的约六劫境层次），走任何一条道路必须诚心于一道。智者被称作智者因自身参悟任何事物都是百道同时参悟，百条道路相互印证领悟的""交集""即智者认为绝对正确的，靠此方法不断推演深渊构造令深渊越加完善强大。孟川满意获得百道记忆，可以自己画道汲取百道优点为资粮。黑白异兽千手师兄现身（孟川都没感应到），称孟川通过考验可喊师兄了（斩杀混沌领主通过考验算永恒门下弟子），扔出玉符融入孟川元神令眉心出现火焰印记（勉强算师尊门下弟子，严格说还需前往师尊洞府""青火山""得亲自认可），告知师尊之名及洞府九十九座别院所在。千手师兄告知师尊对弟子们很放任即便死去也会将弟子从时空中捞回来，但寿命大限到了师尊没法救（无尽时空规则认定该死），唯有扛过第九次天劫方才彻底超脱真正永恒，渡第八次天劫渡不过就得死师尊捞回来也会再度泯灭。",孟川完美吞噬智者获得百道记忆（百首各走一条道路百道参悟交集为绝对正确），千手师兄称通过考验赐玉符火焰印记，告知永恒弟子规矩及寿命大限师尊无法救。
修行路,孟川和孟御,情感展现、人物心理,情感,"千手师兄称渡过第八次天劫寿命大大增加能看到精彩千倍万倍风景，令孟川离开（将来拜见师尊直接前往青火山）。千手师兄美滋滋继续睡觉营造梦境世界（八劫境极限实力梦境媲美真实世界）。沧元界天地大殿，孟川眉心火焰印记隐藏，乾源山元神分身散去（获得的天赋记忆家乡宇宙真身分身也尽皆获得）。渡劫前还剩二十年，所有分身回到家乡宇宙控制时间流速守护家乡两百年（自身时间流速外界十分之一）。孟川俯瞰元初山——成为半步八劫境后参悟十大本源规则为沧元界神魔修行体系创出大量法门补足短板（劫境前法门三五天创一门劫境层次法门创出三十门），若渡劫成功将创出不亚于星空一脉修罗一脉的完善法门。孟川飞行沧元界各处，妖族战争结束已过一千六百多年老百姓视妖族为史书记载，沧元界有史以来最繁荣（普通老百姓都能接触修行，神魔比一千多年前多太多）。孟川想到蒙刹界蒙刹之祖成八劫境生命体渡劫失败留宝藏引万星天帝窥伺——福祸相依，不成高等生命世界会被一代代修行者窥伺。孟川看似悠然陪家人找老友（晏烬阎赤桐一千八百多岁还活着），实际元神分身专注思索智者百道记忆汲取百道资粮充实画道。大屿星黄衣书院分部，孟御成肉身五劫境（故意拖延境界足够高近乎十足把握才渡劫），赤索（赤红岩石生灵师尊六劫境大能）欢迎孟御加入。孟御查看黄衣书院情报发现""东宁城主孟川""家乡沧元界有子孟安掌控坤云秘境——正是自己祖父，心神激荡（八劫境？祖父是元神八劫境？）。孟川在孙儿得知真相刹那就有所感应（成元神八劫境后有念其之名即便遥远宇宙都能感应到），凭空出现带孟御回坤云秘境。孟川告知当年第一次见时确实还没渡劫成六劫境，掌控坤云秘境后和孟安龙菡商量暂时瞒住孟御（为修行路走更远孟御天赋比孟安优秀）。孟御笑称以后可以横着走了，孟川赠银色圆环（众多奇珍及修行典籍价值一千万方），称还需渡劫成功活着失败就死了孟御还得靠自己。孟御认真祝愿祖父渡劫成功（最想的事是不必在任何强者面前伪装）。时间缓慢流逝终于来到第八次天劫降临这一天。",孟川渡劫前二十年陪伴家人为沧元界创法门，孟御成肉身五劫境在黄衣书院得知祖父真相，孟川带孟御回坤云秘境相认赠宝藏告知还需渡劫，天劫降临之日到来。
修行路,劫起驱魔人,转折高潮、环境铺陈,设定、高潮,"沧元界大雪纷飞，孟川和柳七月观看沧元界历史故事时冥冥中感应天劫即将降临（浩瀚力量令孟川都心惊）。孟川告知七月要去渡劫了不必告诉爹娘安儿他们，柳七月拥抱丈夫轻声道""我等你""。孟川进静室散去所有元神分身仅真身盘膝而坐，天劫降临无形恐怖力量轰击元神令意识震颤瞬间失守无法抵抗，意识被裹挟穿越无尽时空前往比乾源山还遥远的另一个世界——凡俗世界大虞王朝。孟川意识隐隐听到声音（师兄别死都怪我、方岐能不能醒过来看命了），意识载体无比虚弱恍恍惚惚，渐渐载体稳定孟川意识开始稳定，终于有一天一位生命的记忆被孟川意识彻底接收——大虞王朝驱魔司""驱魔人""，天下已大乱诸多军阀并起，最可怕存在为""魔""。大虞王朝统治一千三百年后彻底腐朽，火器兴起诸多军阀利用火器装配军队，大虞王朝摇摇欲坠。方岐（孟川占据肉身的原主），土财主方大龙之子，年少进入驱魔院学习，朝廷驱魔司银章驱魔人七品官职，为救师弟李丰断右臂实力废九成。孟川醒来感知身体虚弱（躺太久），看镜子——脸色苍白的断臂青年。驱魔人需双手结印单手结印仅发挥一成实力。这个世界驱魔人也是凡俗（无病无灾寿命和正常人一样能活五六十岁就知足）。孟川选驱魔院教谕（从六品升半品），以阅读经书楼十万册驱魔书籍。魔分三等（诡魔大魔源魔），驱魔人分三等（普通驱魔人驱魔师驱魔天师），普通驱魔人三五个合力对付一头诡魔，驱魔师可单独对付诡魔一群联手有望对付大魔，驱魔天师配合法器可一对一对付大魔，九头源魔被封印不死不灭（历史上从未被击杀）。孟川发现这世界无法吞吸外界之力一切力量被禁锢，唯一吸收能量方法是吃凡俗食物无法超脱凡俗。天劫降下讯息：成为这个世界最强者。孟川教书同时锻炼凡俗肉身（摸索凡俗健身操每天四个时辰吃大量肉食），两年肉身锻炼到凡俗极限（三千斤力气断臂），最好三十岁前渡劫功成（三十岁后肉身从巅峰滑落）。孟川教书第三年叛军打进京城，孟川以幻术从皇宫掉包三本驱魔宝册（大虞王朝最兴盛时逼迫三大驱魔势力交出的典籍），离开京城回滨海城方府与父亲方大龙（国字脸毛发旺盛双眸如虎腰间插两把火枪的枭雄人物，娶多房姨娘）、妹妹方倩（从小练拳波浪卷发活力四射）团聚。","第八次天劫降临孟川意识被投入凡俗世界大虞王朝占据断臂驱魔人方岐肉身，了解驱魔人体系及魔的等级，获天劫讯息""成为世界最强者""，回滨海城方府与父亲妹妹团聚。"
修行路,滨海的驱魔界,矛盾展现、环境铺陈,冲突、设定,方大龙带孟川看房间（布置和老家一样放着方岐父母儿女的照片），方大龙后悔送儿子去驱魔院（本想学驱魔本事学完就回来不料方岐意气风发加入驱魔司）。方大龙从乡下白手起家靠能打威震百里，火器兴起后拳法地位没落，来滨海城投奔老友加入金银帮排行第五。妹妹方倩赶来拥抱兄长流泪。方家后院姨娘们议论大少爷残疾没资格掌家。孟川不掺和家里事，拿出一颗宝珠（价值万两仅是包裹内最便宜宝物，皇宫捡漏半包裹宝贝超方家财富百倍）安排买驱魔材料。孟川已将雷法五行之法修炼到天师之境（雷法在驱魔院时达到天师境，五行法得皇宫三本驱魔宝册回滨海城修炼半年达到天师境），重视遁法（雷遁五行遁法）。计划三步：一将驱魔法炼器阵法达到天师境，二进行开创创更强手段，三炼制最适合自己的法器法阵。孟川以法器罗盘感应魔气发现大魔气息追踪至大帅府。大帅石大帅（身材笔挺眼神锐利中年男子）借炼魔宗风宗主（灰袍老者天下前十大宗派炼魔宗宗主能驱动大魔）支持，向滨海城各方勒索银两（魂铃派海魔派各一百万两金银帮五百万两），炼魔宗支持石大帅争天下。孟川走到父亲身边，开口质问石大帅京城在北方为何大军往南跑到滨海城，风宗主施展秘法探查孟川精神力暗惊好强。,孟川回方府了解方大龙发家史，雷法五行之法达天师境，以罗盘感应大魔气息追踪至大帅府，石大帅借炼魔宗向各方勒索银两，孟川质问石大帅。
修行路,方天师,战斗描写、爽点设置,战斗、爽点,"风宗主探查孟川精神力暗惊但不惧（驱魔师年龄越大境界越高精神力越强当代驱魔天师都超五十岁，孟川精神力巅峰在三十岁前但这个世界驱魔师正常年龄越大越强）。风宗主问孟川何门何派，孟川答自成一派，风宗主心头一松（怕来自厉害大派）认为是走运小子或大虞王朝驱魔司的人。风宗主对石大帅说""不用管他""——此生最后悔的一句话。石大帅令三名士兵开枪射向孟川，方大龙本能要挡，孟川左手拦住父亲平静站立。一青色符箓虚影凭空显现（虚空画符无需结印无需法器，代表符箓造诣也代表精神力天下仅数十位能做到至少一只脚迈进天师门槛），以孟川为中心三丈范围水流荡漾三颗子弹前进半尺停止。孟川令水流散为水滴迸射四方贯穿士兵枪支（朝自己开枪的五名士兵眉心血窟窿倒下其他士兵只是腿软未受伤枪支被破坏）。风宗主动用炼魔宗强大驱魔法器""九音金铃""（金色铃铛声波挡住水滴庇护自己石大帅两名副将），开口称有误会。孟川单手结印令更恐怖水流降临，风宗主扔出金铃双手结印驱动黑甲大魔（炼魔宗掌控两尊大魔之一高约丈许全身黑色鳞甲能抗火炮在岩浆中洗澡抗雷霆，凭此风宗主可和驱魔天师斗）。孟川施火法五色神火（金白红黑紫五色火焰灼烧黑甲大魔），再施水法黄泉之水（剧毒侵蚀性恐怖代表死亡水符一脉天师层次才能掌握）缠住黑甲大魔下半身。风宗主难以置信孟川同时兼修水火两脉还都是驱魔天师境界（将一脉修到天师境已了不得当代仅数位，水火两脉同时练成堪称天下第一）。风宗主求饶保黑甲大魔（炼化大魔比宗主更重要），黑甲大魔被五色神火黄泉之水彻底化为灰烬。孟川以五色神火沾上风宗主石大帅两名副将瞬间化飞灰（炼魔宗先辈有功不关风宗主事，纵容乱军劫掠更可恨）。孟川思忖仅凭虚空画符需水火两脉结合方斩杀一头大魔离杀源魔还差远。方府成为滨海城权贵拜访最密集之地，天下各方都知道南方滨海城出了一位驱魔天师""方岐""（虚空画符水火符法杀黑甲大魔隐隐天下第一人威势），各方驱魔天师拜访交流经验尽皆承认不如方天师。转眼方天师击杀黑甲大魔已七年。",孟川以虚空画符水火两脉天师境斩杀炼魔宗黑甲大魔及风宗主石大帅等，被公认为方天师隐隐天下第一人，与各方驱魔天师交流被公认最强。
修行路,世界最强的生命,转折高潮、伏笔深化,伏笔、高潮,"孟川持天师令进入舌狱魔封禁大阵（九大源魔之一，周围数里布置驱魔大阵建土城各大派驱魔弟子长期驻守士兵代代相传镇守），清天宗柳曲拜见。孟川称想试试对付舌狱魔（源魔不死不灭只可封禁没法斩杀），柳曲惊愕万分但天师令是驱魔联盟最高层无法阻拦。孟川拎着箱子孤身进入封禁大阵看到荒废府邸根基野树林，舌狱魔低沉雄浑声音从地底传出（七千年来第一次有驱魔人敢进来）。孟川称自己应该比舌狱魔强，左手一挥雷法符令飞出悬浮当空单手结印引动青色雷霆劈下（极品雷击木亲手炼制法器），连续数道雷霆劈断众多长舌但血雾翻滚新舌头长出。孟川再挥手五块符令飞出围绕雷法符令构成符阵（五行法术雷法融为一炉五行汇聚天地之力降下的雷霆比单纯雷法调动天地之力庞大十倍不止），海量雷霆怒轰——眨眼上百道很快上千道几千道几万道。两息时间舌狱魔求饶""天师饶命""，二十息后一两里范围被雷霆彻底淹没树木泥土粉碎地底舌头碎粉血雾湮灭。孟川精神力消耗三成感一丝虚弱，收回六枚符令确认舌狱魔已死（六枚符令法器配合方才斩杀，未动用脚下箱子最强手段）。孟川感应到渡劫未结束——杀了一头源魔还没感应到渡劫功成，还不是世界最强存在（不确定无尽时空规则是判定自身实力还是将阵法法器算在内）。孟川决定若不算外物就杀死全部九头源魔。柳曲等镇守者震惊——封禁大阵感应不到舌狱魔从未记载过。孟川行走天下六个月走遍九处封禁之地斩杀全部九头源魔（舌狱魔千眼魔山魔三首魔赤尸魔雷吼魔巴蛇魔地蛟魔岛龙魔），箱子开启过三次每次阵法不同，被公认为有史以来最强驱魔人驱魔天师之上更高层次。天下三大军队势力报纸公开祝贺，民间流传方天师传说。斩杀九头源魔八年后天下统一。转眼斩杀九头源魔已过去三十年，孟川六十岁（肉身衰老精神力质上仅有三十岁八成），每年大半时间满天下行走仍找不到更强生命。世界地底极深处盘踞一头庞然大物（无数触须成千上万每根数里长，气息透过触须蔓延大地脉络到整个世界地表衍生为诡魔大魔源魔），这才是所有魔的源头最恐怖生命。孟川降临那天起无尽时空规则无形力量便镇压隔绝这头庞然大物，万余年内不会苏醒孟川永远找不到。",孟川以六枚符令法器斩杀舌狱魔（历史上首次源魔被杀），六个月斩杀全部九头源魔被公认最强驱魔人，但渡劫未结束——地底极深处有所有魔的源头庞然大物被无尽时空规则镇压隔绝孟川找不到。
修行路,功成（大结局）,转折高潮、情感展现,情感、高潮,"孟川六十九岁时方大龙八十八岁含笑逝去（四十一岁起一飞冲天建立天下第一大驱魔家族方家）。孟川九十六岁时方倩九十三岁去世（从小有父亲照顾后有兄长看顾幸福一生），此后老天师方岐行走天下不愿露面谁都难见。天川城外高山之巅，断臂白发老人孟川沉浸绘画——一百二十一岁（表面像八十岁满头白发苍老脸有老人斑），来到这方世界百年终于看清。孟川曾推断生灵越多诞生魔越多（没有生灵就没有魔？那位更强存在是否对生灵有依附？）但瞬间否定（灭绝众生为自己根本不是自己的路宁死不如此）。大限之前有过很多想法但或守本心或觉得希望不大尽皆否定，一门心思在驱魔秘法上。今日终于看到一线曙光——以画道智慧推演百年一次次实践验证，终于透过符法阵法表象推断出整个世界规则运转（如瞎子摸象比瞎子彻底摸清一头大象模样难千倍万倍）。孟川可布置一座大阵彻底调动整个世界力量（代天行罚）。二十九岁凭法器调动百里天地之力，六十岁八百里，九十六岁一千三百里，今日有野心借用整个世界所有力量。用十年炼制大阵诸多部分分别布置天南地北，一百三十一岁（大限一百三十五岁）终于布置好——三十五个分阵东西一万三千里南北九千八百里，本能运转形成结界压制魔气令诡魔诞生困难大魔源魔趋于零。孟川精神力引动大阵中枢（肉身衰老精神力仅三十岁两成但调动所有天地之力已是极限精神力再强也不多调动），天地震颤苍穹轰隆云层散了。孟川成功借用所有天地之力——看到四海尽头所有高山沙漠森林城市海洋深处大地深处，整个天地不再有秘密。发现魔气源自大地深处大量魔气脉络仿佛根须连接大地极深处一处黑暗之地。冥冥中无尽时空规则力量再度降临——孟川终于看到被规则遮掩的庞然大物（一切魔气源头最恐怖生命），原来法器阵法也算自己实力（单凭结印虚空画符无法威胁这头存在唯有借用整个世界力量的大阵方能斩杀）。孟川肉身消散意识被裹挟回归家乡宇宙，渡劫功成。孟川庆幸得混沌领主智者百道智慧令画道积累提升许多方才度过那一劫（只要中途不爱惜肉身令寿命短些、换道路耽搁驱魔秘法之路、画道积累弱些老死那天悟不出代天大阵，任何一种可能都将失败）。沧元界静室孟川意识回归，渡劫成功天高任鸟飞。孟川意识完美和沧元界合一将一段时空长河支流独立出来，沧元界大肆汲取外界力量迅速扩张蜕变（陆地延伸海洋扩大新陆地出现）成为高等生命世界。龙祖大喜（孟川成元神八劫境永恒弟子是方宇宙大幸事将来一大助力），五位顶尖八劫境（龙祖魔山主人凤凰始祖永恒楼主人等）都保持善意，黑魔始祖信守承诺收走黑魔殿梦魇殿传承秘宝及宝藏离开这方宇宙宣布""黑魔殿散了""（离虹之主雪羽殿主惊愕万分）。柳七月静室等待十二天后孟川归来拥抱妻子，孟川答应以后不再让妻子担惊受怕。孟川从时空长河分支中捞出牺牲英雄们令其成为沧元界神灵——姑祖母孟仙姑、李观尊者、洛棠尊者、薛峰薛师兄、真武王王师兄及一位位前赴后继的神魔们（对人族贡献达到一定程度的都从时空长河中捞出，年轻沧元界神灵位置还多），弥补所有遗憾让受尽苦难的英雄们从时空长河中走出来享受和平繁华。孟川很满足——遗憾都弥补可和最关心亲人好友尽情享受岁月，可派遣元神分身和其他八劫境闯荡其他时空探索未知。孟川分化元神分身借助永恒印记施展时空秘法前往青火山拜见永恒师尊（赶路约十年）。龙祖等众八劫境遥遥庆贺孟川渡劫功成，孟川笑应""来了""。（全书终）",孟川一百三十一岁以画道智慧推演百年看清世界规则布置代天大阵调动整个世界力量斩杀魔气源头庞然大物渡劫功成，回归沧元界成真正元神八劫境，沧元界蜕变高等生命世界，从时空长河捞出牺牲英雄令其成神灵弥补遗憾，黑魔始祖散黑魔殿离去，孟川前往青火山拜见师尊，全书圆满结束。
