卷名,章节名,type,tag,summary,core
燕山纪氏,地府,设定展开 | 人物引入,人物、设定,纪宁前世于地球病逝，魂魄至地府受审。崔府君审视纪宁前世因果，赐其一卷《女娲图》——凝练魂魄的至高法门，随后安排投胎。纪宁带着前世记忆和女娲图转世。,纪宁前世病逝与女娲图获取，全书修炼根基的起点。
燕山纪氏,投胎,设定展开 | 环境铺陈,设定,纪宁魂魄投胎至燕山大地的纪氏西府，父亲纪一川、母亲尉迟雪。交代燕山纪氏五府格局和修仙者世界的背景设定。,投胎燕山纪氏西府，家族背景与世界观初建。
燕山纪氏,降生,环境铺陈 | 人物引入,人物、设定,纪宁降生于纪氏西府城，自幼展现超常天赋。描写纪氏西府城的环境、纪宁幼年的成长氛围，以及父母对长子的期盼。,纪宁幼年天赋初显，成长环境铺陈。
燕山纪氏,府主,人物引入 | 设定展开,人物、设定,纪一川身为纪氏西府府主，实力深不可测但从不使用入阶法宝（伏笔：紫府萎缩仙路已断）。纪一川开始教导纪宁基础修炼，展现父亲的深沉与严苛。,纪一川隐藏实力伏笔埋设，父子修炼传承开始。
燕山纪氏,纪氏,设定展开 | 环境铺陈,设定,系统介绍纪氏五府（西府、宗府、北府、东府、南府）的格局与关系，各府实力对比，以及纪氏在大夏王朝安澶郡燕山大地上的地位。,纪氏五府格局与大夏王朝天下体系展开。
燕山纪氏,修仙路,设定展开 | 人物心理,情感、设定,纪宁正式踏上修仙之路。纪一川为纪宁选择神魔炼体路线，介绍炼体与炼气两大修炼流派的区别与优劣。纪宁立志走神魔炼体之路。,修炼流派选择，神魔炼体路线确立。
燕山纪氏,《赤明九天图》,设定展开 | 悟道,修炼、设定、爽点,纪宁开始修炼纪氏镇族绝学《赤明九天图》——神魔炼体第一法门，共九重境界。纪宁凭前世理科思维和今生强大神魂，修炼速度远超常人。,赤明九天图修炼体系确立，纪宁天赋展示。
燕山纪氏,一手太阴，一手太阳,悟道 | 设定展开,修炼、设定、爽点,"纪宁修炼赤明九天图达到""一手太阴一手太阳""境界，双手分别凝聚太阴之力和太阳之力。这一突破标志着纪宁在炼体之路上展现出惊人天赋。",太阴太阳之力凝聚，炼体天赋里程碑。
燕山纪氏,弓箭,设定展开 | 人物引入,人物、设定,纪宁学习箭术，师傅蒙鱼（纪氏第一神箭手）登场。蒙鱼手把手传授箭术，纪宁展现出过人悟性。蒙鱼的形象为后续被师尊抓捕埋下情感伏笔。,蒙鱼人物引入，箭术传承与后续情感伏笔。
燕山纪氏,步法,设定展开 | 悟道,修炼、设定、爽点,纪宁修炼尉迟氏家传《风翼遁法》，初窥身法门径。风翼遁法源自舅舅尉迟山一脉，为后续舅舅牺牲和复仇线埋下伏笔。,风翼遁法修炼开始，舅舅尉迟山复仇线伏笔。
燕山纪氏,练剑,悟道 | 设定展开,修炼、设定、爽点,纪宁开始系统练剑，修炼《滴水经》剑法。纪宁以水滴石穿的理念参悟剑道，五年苦练打下扎实根基。,滴水经剑法修炼启动，水滴石穿理念确立。
燕山纪氏,六年,悟道 | 人物心理,修炼、情感、爽点,"六年苦修后纪宁达到""人剑合一""境界，剑法与身法融为一体的初步成就。纪宁从幼童成长为少年，心性也日渐沉稳。",六年苦修达成人剑合一，心性成长。
燕山纪氏,五大剑法,设定展开 | 悟道,修炼、设定、爽点,系统介绍纪氏五大剑法：《滴水经》《雷火剑残编》《清风剑》《烈火剑》《万剑曲》。纪宁主修滴水经，兼修其他剑法拓宽眼界。,五大剑法体系完整展开，修炼方向多元化。
燕山纪氏,困笼,设定展开 | 人物心理,情感、设定,"纪一川以""困笼""之法训练纪宁——在狭小空间内逼迫纪宁发挥极限战力。纪宁在困笼中承受巨大压力，磨砺战斗本能和意志力。",困笼训练法，战斗本能磨砺。
燕山纪氏,困笼之战,战斗描写 | 爽点设置,战斗、爽点,纪宁在困笼中与妖兽实战，展现出超乎年龄的战斗素养。以水火之力联合御敌，初次展露先天级别战斗潜力的冰山一角。,困笼实战首秀，水火联合战斗潜力展示。
燕山纪氏,为祸,矛盾展现 | 环境铺陈,冲突、设定,翼蛇大妖（千年先天生灵大妖）为祸燕山，屠戮金刀部落。翼蛇之祸引发纪氏关注，为后续纪宁与翼蛇的恩怨埋下导火索。,翼蛇之祸引入，恩怨线导火索埋设。
燕山纪氏,买剑,设定展开 | 人物心理,情感、设定,纪宁前往万剑城购买兵器，选中三柄北冥剑——品质不俗的剑器法宝。买剑过程中展现万剑城的繁华和修仙者世界的器物体系。,北冥剑获取，万剑城器物体系展开。
燕山纪氏,翼,矛盾展现 | 转折高潮,冲突、高潮,翼蛇丧子——幼子赤芒被捉，翼蛇暴怒誓要报复。翼蛇之怒与纪宁的命运开始交织，恩怨正式结下，为第二卷的正面冲突做铺垫。,翼蛇丧子之怒，恩怨正式结下。
东山大泽,入城,矛盾展现 | 环境铺陈,冲突、设定,金刀部落被翼蛇屠戮的消息传来，纪宁进入事发城邑查看惨状。满目疮痍的景象令纪宁愤怒，决心追踪翼蛇。,金刀部落惨状，纪宁追踪翼蛇的决心。
东山大泽,毙命,矛盾展现 | 人物心理,冲突、情感,纪宁查明翼蛇所为，追踪线索。在调查过程中进一步了解翼蛇的习性与大泽中妖兽的分布，为深入东山大泽做准备。,翼蛇线索追踪，大泽冒险准备。
东山大泽,生死,战斗描写 | 转折高潮,战斗、高潮,纪宁与翼蛇首次正面交锋，翼蛇一击断去纪宁左臂。纪宁重伤之际凭风翼遁法逃脱，生死一线间体会到先天大妖的恐怖实力差距。,翼蛇断纪宁左臂，实力差距的残酷认知。
东山大泽,纪一川的怒火,情感展现 | 战斗描写,情感、战斗,纪一川得知儿子断臂勃然大怒，施展残存实力追杀翼蛇。翼蛇恐惧逃入大泽深处，纪一川追杀未果但震慑了翼蛇。父子情深与父亲的隐藏实力初露端倪。,纪一川怒火追杀翼蛇，隐藏实力初露。
东山大泽,春草的父亲,人物引入 | 情感展现,人物、情感,春草（纪宁童年伙伴）的家世背景交代。春草父亲是黑牙部落的猎人，春草温柔善良，与纪宁青梅竹马。为后续春草之死的情感冲击做铺垫。,春草家世背景，青梅竹马情感铺垫。
东山大泽,纪宁和翼蛇,战斗描写 | 爽点设置,战斗、爽点,纪宁伤愈后主动出击，在翼蛇湖斩杀翼蛇幼子赤芒，报断臂之仇。纪宁以先天之力斩杀先天生灵级别的赤芒，展现成长后的实力。,斩杀赤芒报断臂之仇，实力成长展示。
东山大泽,一对七？,战斗描写 | 爽点设置,战斗、爽点,纪氏金剑大典上，纪宁以一人之力挑战七名部落天才。众人震惊于纪宁的实力，金剑大典成为纪宁扬名纪氏的舞台。,金剑大典一对七，纪宁扬名纪氏。
东山大泽,纪宁的剑,战斗描写 | 爽点设置,战斗、爽点,纪宁在金剑大典上击败七名天才，滴水经剑法威震全场。纪一川为纪宁赐下万里无踪符以备逃命之用，展现父亲对儿子深入大泽的担忧。,金剑大典胜出，万里无踪符获赐。
东山大泽,万里无踪符,设定展开 | 人物引入,人物、设定,纪一川赠纪宁万里无踪符——一次性的遁逃保命法宝。同时介绍符箓体系和纪一川在符箓上的造诣，为后续纪九火部署逃命路线做伏笔。,万里无踪符设定，符箓体系展开。
东山大泽,东山泽,环境铺陈 | 设定展开,设定,纪宁进入东山大泽历练。大泽中妖兽横行、危机四伏，环境描写展现蛮荒世界的残酷与壮阔。纪宁以大泽为磨刀石锤炼战力。,东山大泽环境铺陈，历练开始。
东山大泽,入大泽,环境铺陈 | 战斗描写,战斗、设定,纪宁深入大泽腹地，沿途斩杀大量妖兽。大泽深处的天地元气浓郁、妖兽实力递增，纪宁在实战中不断精进剑法和战斗本能。,深入大泽腹地，实战精进。
东山大泽,大开杀戒,战斗描写 | 爽点设置,战斗、爽点,纪宁在大泽中大开杀戒，斩杀数十头妖兽。水火联合攻击手段日趋成熟，纪宁的杀伐决断在血战中淬炼成型。,大泽大开杀戒，水火联合战术成熟。
东山大泽,纪宁战大妖,战斗描写 | 爽点设置,战斗、爽点,纪宁遭遇大泽中的先天生灵大妖水犀王，经历殊死搏斗后成功斩杀。这是纪宁首次斩杀先天生灵级别的大妖，实力里程碑。,首次斩杀先天生灵大妖水犀王，实力里程碑。
东山大泽,神兽'空青蛇妖',战斗描写 | 转折高潮,战斗、高潮,纪宁在大泽中遇到神兽空青蛇妖（空青蛇王），双方爆发激战。空青蛇王的实力远超水犀王，纪宁陷入苦战。铁木占暗中布阵设局。,空青蛇王激战，铁木占暗中设局。
东山大泽,天人合一,悟道 | 转折高潮,修炼、高潮、爽点,"纪宁在与空青蛇王的战斗中突破至""天人合一""境界，剑法与天地之力融为一体。突破后的纪宁实力大增，但铁木占的阴阳二气阵已暗中布下。",天人合一境界突破，剑法与天地融合。
东山大泽,收皮货,设定展开 | 环境铺陈,设定,纪宁在大泽中收集大量妖兽皮货材料，收获颇丰。途中遇到各色修仙者和猎人，展现大泽中的众生百态和修仙者世界的市井面貌。,大泽收获与众生百态，市井面貌展现。
东山大泽,剑气纵横,战斗描写 | 矛盾展现,冲突、战斗,万鲂（先天生灵修仙者）向纪宁发起挑战，双方剑气纵横激战。万鲂实力不俗但最终被纪宁击退，纪宁之名在大泽中传开。,万鲂挑战击退，纪宁之名传开。
东山大泽,阴阳二气阵,矛盾展现 | 转折高潮,冲突、高潮,铁木占施展阴阳二气阵困住空青蛇王，纪宁误入阵中被困。铁木占设局的目的和实力初露，纪宁被迫退阵逃亡，危机四伏。,铁木占阴阳二气阵困纪宁，危机四伏。
池边悟道,满腔杀意,人物心理 | 矛盾展现,冲突、情感,纪宁从阴阳二气阵中脱困，满腔杀意誓要杀铁木占。空青蛇悟虚空穿梭逃脱，纪宁独自面对铁木占和犴兽的追杀。,脱困后的满腔杀意，追杀危机。
池边悟道,池边悟道,悟道 | 转折高潮,修炼、高潮、爽点,"纪宁在逃亡中于一处池塘边静坐悟道，触摸到""道之真意""——对天地大道的根本领悟。悟道过程中纪宁的神魂达到前所未有的清明状态。",池塘悟道，触摸道之真意。
池边悟道,水火天降孕先天,悟道 | 转折高潮,修炼、高潮、爽点,铁木占追至打断悟道，纪宁在生死之际突破先天神魔之躯——水火天降孕先天，身体发生质变。太阴太阳之力在体内凝聚，神魔炼体达先天圆满。,先天神魔之躯突破，水火天降孕先天。
池边悟道,水火莲花,战斗描写 | 爽点设置,战斗、爽点,"纪宁突破后以""水火莲花""杀招斩杀犴兽。水火莲花由太阴太阳之力凝聚，上下莲叶相反旋转绞杀，成为纪宁的核心攻防手段。",水火莲花杀招首次施展，斩杀犴兽。
池边悟道,梅花扑鼻香,战斗描写 | 爽点设置,战斗、爽点,"纪宁以""滴水穿石""一剑斩杀铁木占，报大泽追杀之仇。滴水穿石是滴水经最强杀招，蕴含滴水真意的极致一击。",滴水穿石斩铁木占，大泽追杀之仇得报。
池边悟道,归途,环境铺陈 | 人物心理,情感、设定,"纪宁斩杀铁木占后踏上归途，途中参悟风翼遁法""大鹏图""，身法大进。归途中的思考展现了纪宁对未来修炼方向的规划。",归途参悟大鹏图，身法大进。
池边悟道,黑牙部落,环境铺陈 | 人物引入,人物、设定,纪宁途经黑牙部落，见到春草的弟弟青石。黑牙部落的生活场景和部落间的关系得到展现，为春草之死的真相揭示做铺垫。,黑牙部落与青石，春草之死铺垫。
池边悟道,春草,情感展现 | 转折高潮,情感、高潮,春草之死真相揭晓——江禾骗春草之弟米娃破丹田，春草为保弟弟服毒自尽。纪宁得知真相后悲痛欲绝，誓杀江禾报仇。全书第一个核心情感驱动点。,春草之死真相，全书首个情感驱动点。
池边悟道,江边部落,环境铺陈 | 矛盾展现,冲突、设定,纪宁前往江边部落追查江禾。江边部落的环境和势力格局展现，江禾的恶行逐步浮出水面。,江边部落追查江禾，恶行浮出水面。
池边悟道,塌城墙,战斗描写 | 爽点设置,战斗、爽点,纪宁在塌城墙处找到江禾，将其斩杀并为春草报仇。纪宁以曝刑三日的方式惩罚江禾，展现复仇的决绝。,斩杀江禾为春草报仇，曝刑三日。
池边悟道,为了部落,矛盾展现 | 战斗描写,冲突、战斗,纪宁报仇后前往翼蛇湖挑衅翼蛇，在湖畔宣战。翼蛇不敢出战，纪宁以言语激将，展现少年意气和不畏强敌的胆魄。,翼蛇湖挑衅宣战，少年意气。
池边悟道,翼蛇湖,环境铺陈 | 设定展开,设定,纪宁在翼蛇湖探索时误入雎华仙人水府遗迹的入口。翼蛇湖的湖底洞穴和古老气息铺陈出遗迹的神秘感。,翼蛇湖水府遗迹入口发现。
池边悟道,翼蛇巢穴,环境铺陈 | 转折高潮,设定、高潮,纪宁穿过翼蛇巢穴进入水府遗迹廊道。翼蛇巢穴的描写展现千年大妖的底蕴，遗迹入口的阵法屏障令人惊叹。,穿越翼蛇巢穴，遗迹廊道开启。
池边悟道,水府,设定展开 | 战斗描写,战斗、设定,纪宁进入雎华仙人水府遗迹，面临第一关——八十一名金甲兵将的围攻。遗迹的宏伟规模和雎华仙人的传承设定正式展开。,水府遗迹第一关，雎华仙人传承展开。
池边悟道,原委,设定展开 | 人物引入,人物、设定,老牛（法宝之灵）讲述雎华仙人事迹——神魔时代散仙，活了数百万年，建此仙府收徒。三关考验的设计目的和前四任主人的来历交代。,雎华仙人事迹与水府三关考验设定。
池边悟道,父母的等待,情感展现 | 人物心理,情感,纪一川和尉迟雪在翼蛇湖畔焦急等待儿子闯关。父母的焦虑和牵挂展现深厚的家庭情感，与纪宁在遗迹中的冒险形成情感对照。,父母焦急等待，家庭情感对照。
池边悟道,道兵甲铠,战斗描写 | 设定展开,战斗、设定,纪宁闯遗迹第二关——九名道兵甲铠巨汉。道兵甲铠是雎华仙人以秘术炼制的傀儡兵将，实力强劲。纪宁以神念御物之术艰难过关。,水府第二关道兵甲铠，神念御物过关。
池边悟道,定生死,悟道 | 战斗描写 | 转折高潮,修炼、战斗、高潮、爽点,"纪宁闯遗迹第三关——黑毛碧眼怪物。纪宁全力一剑无法刺穿怪物皮毛，被一掌贯穿胸口。生死之际催动神念操控数千件法宝合力一击打伤怪物过关，但身受重伤。悟出""滴水真意""。",水府第三关生死一线，悟出滴水真意。
水府,他的等待,战斗描写 | 转折高潮,战斗、高潮,第三关黑毛怪物并非野兽，而是被植入魂魄的傀儡——拥有智慧却被困无尽孤寂。纪宁以神念操控数千件法宝合力一击打伤怪物肩膀，终于过关。,第三关黑毛怪物真身揭示，过关。
水府,第五任主人,设定展开 | 转折高潮,设定、高潮,纪宁穿过廊道进入数千丈高的大殿，黑色老牛（法宝之灵）现身。老牛告知纪宁是仙府第五任主人——前四任为神魔、未知人物、雎华仙人、垒展。需元神道人才能炼化随身携带。,纪宁成为水府第五任主人，传承资格确认。
水府,抄录,设定展开 | 悟道,修炼、设定、爽点,"老牛赠纪宁信符（神魔文字""右""字，需紫府境炼化开启仙库），传授观想法《内观日月光明佛》（纪宁因有女娲图未修炼），传授最重要的《小千剑阵》——千剑仙人心血所创。",水府信符与小千剑阵传承获取。
水府,小千剑阵,设定展开 | 悟道,修炼、设定、爽点,"纪宁详读小千剑阵——共九层，第九层需729口飞剑。核心秘诀在于""引领""——以神念引领阵基飞剑而非逐一操控。纪宁以血液画符纹于729件剑形法宝，确定日常施展第四层324口最稳妥。","小千剑阵九层体系与""引领""秘诀。"
水府,古老仪式,设定展开 | 爽点设置,爽点、设定,"老牛传授神魔血炼之术——以自身血液炼化兵器，七步仪式（请祖神、念咒、取千斤血、淬炼、凝纹、书""杀""字、养灵）。纪宁为三柄北冥剑行血炼，品质大增。老牛将纪宁送回翼蛇湖岛。",神魔血炼术传承，北冥剑品质提升。
水府,纪宁入水战翼蛇,战斗描写 | 情感展现,情感、战斗,纪一川感应到感应玉剑重新联通——儿子活着出来了，夫妇激动赶来。纪宁踏水入翼蛇湖底挑战千年大妖翼蛇，翼蛇现出数十丈真身迎战。纪宁以先天神魔之躯主动进攻。,感应玉剑联通确认平安，翼蛇湖决战开始。
水府,血染翼蛇湖,战斗描写 | 爽点设置 | 转折高潮,战斗、爽点、高潮,"纪宁以""滴水穿石""一剑刺穿翼蛇头颅边沿，翼蛇欲逃。纪宁果断施展小千剑阵第四层——324口飞剑凝聚剑芒从天而降贯穿翼蛇蛇头，翼蛇毙命。纪宁挖出妖丹收走尸体，为春草复仇成功。",小千剑阵斩翼蛇，春草复仇成功。
水府,纪宁的收获,设定展开 | 人物心理,情感、设定,纪宁向父母汇报全部收获——斩铁木占、悟出真意、得仙府传承。将数千件不入流法宝大部分交给父亲保管，《内观日月光明佛》交纪氏长辈收藏。商议接青石回西府城抚养。,水府收获汇报，青石抚养安排。
水府,安澶侯,设定展开 | 环境铺陈,设定,"纪一川夫妇讲述天下格局——大夏王朝统辖三千六百郡八百诸侯，燕山在安澶郡治下，安澶侯是这片土地主宰。雪龙山是宗门分支实力远超燕山各方。应龙卫成员至少万象真人。十座城邑藏有""臣子令""。建议纪宁将来拜入大能者门下。",大夏王朝天下格局与雪龙山势力展开。
水府,《阵法九卷》,设定展开 | 悟道,修炼、设定、爽点,"纪宁前往黑牙部落途中，在一处荒废洞府发现散仙""道炎""八万年阵法心得《阵法九卷》和剑法《清风篇》。纪宁发现前世地球理科思维与今生强大神魂结合极适合推演阵法，决定暂留参悟。",阵法九卷获取，理科思维推演阵法天赋。
水府,纪宁在此,环境铺陈 | 转折高潮,设定、高潮,纪宁参悟阵法基础后继续前行，抵达黑牙部落接青石。在部落中安置青石事宜，同时展现部落生活场景和纪宁对春草承诺的重视。,黑牙部落接青石，春草承诺履行。
水府,追踪,环境铺陈 | 矛盾展现,冲突、设定,"纪宁追踪一支奴隶队伍进入黑雾迷阵，阵法极为诡异。迷阵中遇到被驯养的异兽""黑针""攻击，纪宁一剑斩杀。发现黑针身上有奴印——能驯养先天生灵异兽的至少是紫府修士。西府城中族长纪九火召集众人——二十三名先天生灵陆续失踪。",黑雾迷阵追踪，族人失踪危机浮现。
水府,紫府修士,设定展开 | 转折高潮,设定、高潮,"纪宁深入迷阵确认布阵者是紫府修士。尉迟雪无故晕倒——当年怀宁儿施展秘术的病根发作。纪九火（紫府修士）诊治束手无策。山腹深处""师尊""孛子善正在炼制大罪孽法宝——血红色布幡凝聚无数怨魂。",紫府修士布阵确认，孛子善炼罪孽幡曝光。
水府,师尊,人物引入 | 转折高潮,人物、高潮,孛子善感知纪宁闯入迷阵，命弟子小七出战。小七持拂尘攻击被纪宁水火莲花挡下，以遁术道符逃走。大师兄从寇氏领地抓来三名先天生灵献给师尊。失踪名单增至二十四人，包括纪宁箭术师傅蒙鱼。,孛子善师徒登场，蒙鱼失踪名单曝光。
水府,厉鬼,战斗描写 | 矛盾展现,冲突、战斗,"大师兄诱骗纪宁入山腹，以""醉龙涎""想迷倒纪宁——但神魔炼体之躯无效。大师兄持六棱长棍硬攻，交手中透露失踪二十四人完整名单，蒙鱼赫然在列。纪宁怒火爆燃。",大师兄诱骗交锋，完整失踪名单揭晓。
水府,族人,战斗描写 | 情感展现 | 转折高潮,情感、战斗、高潮,纪宁在密室中看到被囚禁的蒙鱼等族人——形销骨立凄厉呼喊纪宁快逃。纪宁以神念操控巨石砸向大师兄头部，趁机一剑贯穿其头颅斩杀。尸煞毒血对神魔之躯无效。山腹深处传来孛子善愤怒咆哮。,族人被囚惨状曝光，斩杀大师兄。
水府,杀的癫狂,转折高潮 | 人物心理,情感、高潮,"孛子善赐小七""蚀心散""——无色无味服下三天内必死无解。小七假意求饶接近纪宁，用拂尘缠瓷瓶在十丈距离砸碎，毒粉弥漫。纪宁吸入微量毒粉，心脏刺痛全身泛痛，神魂探查找不到毒素踪迹。",蚀心散之毒，三天必死危机。
水府,疯狂的嚎叫,悟道 | 情感展现,修炼、情感、爽点,"纪宁冷静分析——唯一活命希望是三天内破阵找大能者解毒。疯狂推演《阵法九卷》阵法模型。纪九火再诊尉迟雪——续命三个月。黑蛇乘青焰鸟在西府城上空喊话""主母病危""——师尊的攻心之计。",疯狂推演阵法破局，师尊攻心计。
水府,蚀心,悟道 | 转折高潮,修炼、高潮、爽点,"纪宁在极致愤怒与焦急下神魂反而达到前所未有的极致状态——推演速度暴增数倍。终于在毒发前悟出整座迷阵的阵法模型，拔起阵旗破阵。黑雾迷阵出现裂痕，孛子善从得意转为惊恐咆哮""杀！杀死他！""",极致状态破阵，孛子善惊恐。
水府,等着孩儿,情感展现 | 人物心理,情感,"纪宁破阵而出，心中只有一个念头——""等着孩儿，母亲！""带着对母亲的牵挂、对师尊的杀意、对族人的责任，即将直面师尊孛子善。第四卷至此结束，留下诸多悬念。",破阵而出直面孛子善，母亲牵挂驱动。
紫府修士,杀！杀！杀！,战斗描写 | 转折高潮,战斗、高潮,"纪宁破阵后孛子善麾下六名弟子和大量仆从绝望围攻。纪宁以无尽火焰焚杀仆从，一剑一个斩杀先天生灵。俊美少年凄厉下令开启""蛟龙道兵""——万余名道兵涌出，八名先天生灵结阵成八条蛟龙虚影。",破阵后大战，蛟龙道兵围攻。
紫府修士,小千剑阵，杀！,战斗描写 | 爽点设置,战斗、爽点,高空黑蛇和被囚族人都焦急喊纪宁快逃。纪宁祭出小千剑阵第四层——324口飞剑凝出剑芒如流星贯穿八名先天生灵道兵胸膛，道兵溃散。孛子善无奈放出黑毛僵尸——用紫府修士尸体炼制，环绕尸煞毒雾。,小千剑阵斩道兵，黑毛僵尸出场。
紫府修士,拼死之战,战斗描写 | 转折高潮,战斗、高潮,孛子善踏上舟船法宝拉开距离，以拂尘抵挡剑芒。纪宁施展小千剑阵第五层405口飞剑。孛子善放出蜂巢法宝——数十万金色毒虫铺天盖地涌来。纪宁以三朵水火莲花六层莲叶护体，毒虫层层穿透，被咬伤多处。决心拼死一击杀孛子善。,毒虫围攻危机，拼死一击决心。
紫府修士,孛子善，死,战斗描写 | 爽点设置 | 转折高潮,战斗、爽点、高潮,孛子善摇动半成品万鬼幡——无数厉鬼攻击纪宁魂魄。识海中纪宁观想女娲图——女娲娘娘散发光芒笼罩厉鬼令其戾气消散投胎转世（大功德）。纪宁趁机施展小千剑阵第六层486口飞剑突破极限，四缕剑芒齐射——孛子善被刺穿身体、贯穿头颅毙命。万象真人木晓现身捏碎本命蛊虫。,女娲图超度厉鬼，小千剑阵斩孛子善。
紫府修士,万象真人,人物引入 | 设定展开,人物、设定,木晓真人自介绍乃大夏王朝应龙卫成员，追踪孛子善数月。识破纪宁并非紫府修士而是先天生灵但神魂达神念层次。邀请纪宁加入应龙卫预备军——赤明九天图先天生灵可直接入预备军。纪宁因母亲病危婉拒，收下应龙卫令牌。,木晓真人登场，应龙卫令牌获取。
紫府修士,归去,设定展开 | 人物心理,情感、设定,木晓真人取出孛子善遗物——蚀心散解药（纪宁吞服后毒素消散）、《炼蛊录》、虫巢法宝。木晓真人带走万鬼幡作为任务凭证，炼化收服黑毛僵尸。纪宁请木晓真人前往西府城救治母亲。,蚀心散解毒，请木晓真人救母。
紫府修士,见母亲,情感展现 | 转折高潮,情感、高潮,木晓真人驾绿叶载纪宁等人飞回西府城。蒙鱼等二十余名先天生灵都被废掉丹田但获救。木晓真人为尉迟雪诊断——并非得病而是生机消耗近乎殆尽，只剩三个月寿命。要救需让凡人延寿的仙丹，怕是只有仙人才能拿出。,族人获救，母亲仅余三月寿命的诊断。
紫府修士,学会承受,情感展现 | 人物心理,情感,木晓真人离开前告诫纪宁修仙者需承受亲人老去死去之痛。纪宁赶往水府恳求老牛救母——雎华仙人活了数百万年亲人早亡并无延寿仙丹。水府之灵遵循规矩不允许拿出法宝。纪宁绝望而归，发誓陪母亲度过最后时光。,求水府救母遭拒，绝望中学会承受。
紫府修士,温暖,情感展现 | 转折高潮,情感、高潮,纪一川告知纪宁往事——舅舅尉迟山（紫府修士）为救他们施展禁术身死，仇人是雪龙山弟子其祖父为元神道人。尉迟雪缝制十二套兽皮衣留给纪宁。临终前要求看纪宁施展风翼遁法——纪宁将风之真意融入，施展出大鹏鸟般身法。尉迟雪在幻象中与家人团聚安详离世。纪宁将骨灰撒入翼蛇湖。,母亲安详离世，舅舅牺牲真相与复仇线埋设。
紫府修士,深不可测,悟道 | 人物引入,人物、修炼、爽点,"时光飞逝近五年。纪宁居住翼蛇湖明心岛，日常躺在湖上小船随波飘荡（实为神融天地参悟道）。宗府年轻一代六名天才来拜见纪宁。纪墨（宗府第一人）透露影婆婆曾来考察纪宁，评价其剑法""深不可测""。","五年神融天地苦修，影婆婆评价""深不可测""。"
紫府修士,纪宁的剑,爽点设置 | 悟道,修炼、爽点,"纪宁在练剑坪以一指弹飞纪墨的万剑曲一剑，随后施展真正的万剑曲真谛——剑影如音符化为歌曲，先喜悦欢快再无尽杀意。纪宁点拨""曲""是万剑曲的魂。纪墨当场跪拜求师，其他五人也无比谦逊。",万剑曲真谛展示，纪墨跪拜求师。
紫府修士,天地剧变,转折高潮 | 环境铺陈,设定、高潮,纪宁评估自身实力——小千剑阵已能施展第九层729口飞剑（攻击力达紫府圆满），但真元消耗太快不持久。黎明时分北方数千里传来剧烈天地元气波动，如石子投入水中产生涟漪扫荡数千里。纪一川赶来，二人急速赶去。,小千剑阵第九层评估，天地元气剧变。
紫府修士,仙人,人物引入 | 设定展开,人物、设定,天地元气漩涡源头在万剑城南方千里荒野。火龙道人突破返虚成就地仙。北山落霄（安澶侯北山氏族人，活了数万年的散仙）恭喜邀请。纪九火、影婆婆、老仆阿醒乘大葫芦赶到，阿醒遁地探查发现地底有大量元石和上品元石——一条元石矿脉。,火龙道人成地仙，元石矿脉发现。
紫府修士,大型矿脉,设定展开 | 矛盾展现,冲突、设定,纪宁和纪一川赶来。纪九火召集众人分工探查——纪宁用水火莲花钻地深入三百余里仍在矿脉中。矿脉方圆四千多里、深三百余里——绝对是一座大型元石矿脉，价值远超纪氏全部族产。纪九火忧心忡忡：这是大祸，最怕雪龙山。,大型元石矿脉规模确认，雪龙山威胁忧虑。
紫府修士,雪龙山,矛盾展现 | 人物引入,人物、冲突,雪龙山燕山分支五名紫府修士——洞子启（最强，紫府圆满）、木泗、巨散、禾鲂禾杏兄妹——也探查到矿脉规模。洞子启提出夺下万剑城臣子令。洞子启在燕山城驻军将军处有人脉可拖延时间。五人决定威逼纪氏，反抗就灭族。,雪龙山五名紫府修士登场，灭族威胁。
紫府修士,交锋,矛盾展现 | 转折高潮,冲突、高潮,洞子启带四名紫府修士降临纪氏。纪九火低姿态应对，提出将矿脉转让大夏王朝分得三成。洞子启强硬要求交出臣子令。纪九火提议立天道誓言被拒。洞子启暗中传命木泗突然出手擒拿纪宁——纪宁是纪氏未来的支柱。,纪氏与雪龙山正面交锋，木泗偷袭纪宁。
紫府修士,思念！丝雨成线！,战斗描写 | 爽点设置 | 情感展现,情感、战斗、爽点,"木泗施展万古青藤术——无数藤蔓从地下冒出缠绕纪宁拖入地底。纪宁在地底施展最强剑招""思念！丝雨成线！""——脱胎于滴水经却远超，蕴含对母亲无尽思念。剑光斩断大量藤蔓破土而出。雪龙山五人震惊——万古青藤术连巨散都破不开竟被少年破解。",思念丝雨成线破万古青藤术，母亲思念驱动。
紫府修士,纪氏的退让,矛盾展现 | 情感展现,冲突、情感,"洞子启以""切磋""掩饰偷袭。纪九火传音分析——签约需时间，期间可能遭灭顶之灾。纪九火提出最后底线——""背井离乡""：用万剑城臣子令换另一座城邑的臣子令。雪龙山五人传音商议——各分支不愿牺牲自己的城邑，决定直接威逼灭族。",纪氏退让底线，雪龙山决意灭族。
紫府修士,分割,战斗描写 | 转折高潮,战斗、高潮,纪九火突扔六颗雷火珠令五人闪避时拉开距离，随即启动提前布下的迷阵——将五人完全分割开。纪九火部署：非紫府修士回万剑城保存血脉，纪冬泽去燕山城上禀大夏王朝，纪宁势头不对就凭万里无踪符逃走。纪九火率纪宁、影婆婆、阿醒围攻禾鲂兄妹。,纪九火迷阵分割雪龙山五人，各个击破战术。
紫府修士,各施手段,战斗描写 | 矛盾展现,冲突、战斗,纪九火解释提前布阵是因探查矿脉时就警惕雪龙山。洞子启施展八卦血龙阵防守，木泗青藤蔓延试图与巨散汇合。纪宁等四人围攻禾鲂兄妹——纪宁小千剑阵第九层729口飞剑，逐步压制。禾鲂兄妹被逼施展禁术（燃烧寿命）拼命。,洞子启八卦血龙阵防守，围攻禾鲂兄妹。
紫府修士,紫府之湖,战斗描写 | 转折高潮,战斗、高潮,纪宁以两败俱伤方式斩杀禾杏——任由对方一剑刺来换取一剑斩飞禾杏头颅。禾鲂见妹妹惨死疯狂，引爆体内紫府之湖——液化元力瞬间气化形成滔天元力浪潮，将纪宁淹没炸入深坑。纪九火三人惊呼。,斩杀禾杏，禾鲂引爆紫府之湖自爆。
紫府修士,还剩下最后两个,战斗描写 | 情感展现 | 转折高潮,情感、战斗、高潮,纪宁神魔炼体之躯迅速恢复。纪宁赶去支援对付巨散，发现父亲纪一川只是以一丝元力引动天地之力——原来紫府萎缩仙路已断。纪宁与巨散近身厮杀，以快制胜将巨散斩成两截，以水火莲花绞碎血肉令其无法滴血重生。纪氏已杀三名紫府修士，只剩洞子启和木泗。,纪一川紫府萎缩真相揭开，斩杀巨散。
紫府修士,生路和死路,矛盾展现 | 人物心理,冲突、情感,六人围攻八卦血龙阵无法攻破。木泗藤蔓终于生长出迷阵，洞子启和木泗沿藤蔓逃出生天，扬言必灭纪氏。纪九火分析两条路：躲起来等天使但族人遭殃；公开布阵迎战。六人决定公开迎战，布下重重大阵拖延到大夏王朝天使到来。,洞子启木泗逃走，纪氏公开迎战决策。
紫府修士,矿脉内的石室,设定展开 | 转折高潮,设定、高潮,纪一川透露仙路已断真相——当年北冥闯荡时已是紫府中期，回燕山途中遭遇劫难，舅舅尉迟山施展禁术身死，纪一川重伤紫府萎缩。六人探查矿脉发现一面人工开凿的石壁——一个石室！石门推开浓郁天地元气喷涌，纪九火推断是仙人闭关所在。,纪一川仙路已断真相完整揭示，矿脉石室发现。
紫府修士,开辟紫府,悟道 | 爽点设置 | 转折高潮,修炼、爽点、高潮,石室水池底部有一层绿色液体——元液！天地元气精纯到极致的精华。纪九火等长辈一致决定留给纪宁。纪宁吞吸元液修炼《水元功》，一声炸响开辟紫府！用三分之一元液开辟紫府并巩固紫府前期，决定不急于突破中期——《水元功》太低劣，突破中期会影响将来成万象真人。,元液开辟紫府，全书修炼根基里程碑。
紫府修士,风雨欲来,设定展开 | 转折高潮,设定、高潮,"纪宁炼化水府信符（神魔文字""右""字），准备进入水府探寻更多秘密。纪九火等人为纪宁凑齐七口入阶飞剑（组成小千剑阵最小单位""阵基""九口）。纪宁带父亲去翼蛇湖见白水泽。雪龙山燕山分支剩余五名紫府修士得知三同门惨死——洞子启安排四人分头邀请各地分支同门来燕山联手。纪宁回到翼蛇湖进入水府——第五卷结束。",水府信符炼化，雪龙山广邀同门，风雨欲来。
破茧成蝶,水府四殿,设定展开、悬念设置,伏笔、设定,纪宁回水府，黑色老牛告知其炼化信符后可进主殿及一条廊道四大分殿。洞府之灵（黄色大熊）现身，揭示水府乃培养神魔后裔之所，第一代主人定下收徒之法。黄色大熊引纪宁入廊道，依次介绍珍宝殿、神通殿（需十岁内滴血重生方可闯）、战神殿、星辰殿，告诫纪宁神魔年龄仅五岁，当努力走神魔之路。,水府四分殿体系及培养神魔后裔之秘揭示，神通殿伏笔埋设。
破茧成蝶,珍宝,设定展开、悬念设置,伏笔、设定,纪宁入珍宝殿，黑色老牛讲解法宝五阶体系（人/地/天/仙/纯阳）及珍宝殿获宝两法：神魔炼体境界提升或闯战神殿十层（每境界两次机会）。纪宁被告知现实力闯战神殿第一层不足一成，星辰殿蕴含一条条完整的道可悟道。,法宝五阶体系与战神殿十层规则确立，珍宝殿获宝机制展开。
破茧成蝶,草屋外的一场雨,悟道、转折高潮,修炼、高潮、爽点,纪宁入星辰殿，见茅草屋内《星辰》四十三卷。黑色老牛令其出声朗读，纪宁读《星辰卷一》渐入深层参悟之境，五年道之真意积累引发质变，在璀璨星辰下以剑指施展剑法，凭空凝聚雨滴，厚积薄发。,星辰殿悟道，五年积累引发道之质变突破。
破茧成蝶,雨水剑域,悟道、设定展开,修炼、设定、爽点,"纪宁悟出""雨水剑域""（道之域境第五层），黑色老牛讲解道之境界六层体系（基础→入微→天人合一→道之真意→道之域境→一条完整的道）。纪宁决心闯战神殿。木泗赴地龙山邀童玉（神魔炼体紫府圆满+法天象地神通），告知巨型元石矿脉消息。",纪宁悟出雨水剑域达道之域境，童玉战力伏笔埋设。
破茧成蝶,一根木桩,设定展开、人物引入,人物、设定,童玉命木泗邀农子道（阵法高手），自己骑地龙赴燕山，望借此功请求宗门助其突破万象。纪宁入战神殿第一层，考验为一炷香内劈断黑色木桩，纪宁以小千剑阵+雨水剑域沿纹路攻击，仅留小伤口，震惊于木桩坚韧。,童玉背景展开，战神殿第一层木桩考验开始。
破茧成蝶,法宝奇物动人心,设定展开、转折高潮,设定、高潮,纪宁以小千剑阵第九层+雨水剑域在一炷香内劈断木桩，闯过战神殿第一层。闯第二层失败（黑豹群围攻十余秒即败退）。进珍宝殿选宝，九阳剑阵、三才聚毒幡、水火混元棍等极品法宝展示，纪宁眼热冥龙锁天阵（镇守部族大阵）。,纪宁闯过战神殿第一层，珍宝殿极品法宝体系展开。
破茧成蝶,纪氏聚,转折高潮、矛盾展现,冲突、高潮,纪宁选冥龙锁天阵（龙珠+四阵盘），出关赴牛角山。纪九火透露燕山城董将军拖延不见上禀，自己高喊献矿脉逼其出面。纪氏六人+两头灵兽聚牛角山，纪九火布六阵，纪宁献冥龙锁天阵共七大阵，纪九火炼化龙珠坐镇中央。,纪氏七大阵备战就绪，董将军拖延矛盾展现。
破茧成蝶,好宝贝啊！,设定展开、爽点设置,爽点、设定,纪九火炼化冥龙锁天阵龙珠，揭示大阵奥妙：五部分元力合一防御合一，可调用龙魂攻击，兼迷阵之效。五名紫府修士分处龙头/龙身/龙爪/龙尾阵中枢，纪宁为龙尾阵中枢（最灵活，杀手锏）。纪氏演练大阵，实力暴涨，充满信心。,冥龙锁天阵奥妙完整揭示，纪氏战力暴涨。
破茧成蝶,雪龙山同门齐聚,环境铺陈、人物引入,人物、设定,"雪龙山同门齐聚雪龙城，洞子启等邀请近二十名紫府修士。童玉（法天象地神通，万象真人战力）为领头，农子道（阵法高手，雪龙山""农""氏子弟）乘仙鹤赶到。纪氏信使告知牛角山设阵等破，雪龙山十九名紫府修士+两头灵兽浩浩荡荡出发。",雪龙山战力集结，童玉、农子道等重要人物登场。
破茧成蝶,接触,矛盾展现、转折高潮,冲突、高潮,农子道令仙鹤化白衣少女破外围迷阵，纪九火启动黑雾迷阵。农子道部署十二名紫府修士（洞子启带领）先入阵探虚实，自己与童玉等七人随后。纪九火将两块臣子令交纪宁保管，部署冥龙锁天阵五中枢方位（纪留真龙头、影婆婆龙身、阿醒龙爪、纪宁龙尾、纪九火龙珠、纪一川预备）。,雪龙山分两批入阵，纪氏部署冥龙锁天阵五中枢迎敌。
破茧成蝶,黑雾中的冥龙,战斗描写、转折高潮,战斗、高潮,冥龙锁天阵化为十余里长黑色巨龙盘卧牛角山，黑雾中洞子启等十二人谨慎前进。纪留真驾龙头突袭，一击撞破八卦血龙阵，斩杀四名紫府修士（含查师兄、邡师弟）。洞子启等八人结六合阵死守，捏碎农子道玉符求救。农子道、童玉等七人入阵救援。,冥龙锁天阵首战告捷，一击斩杀四名紫府修士。
破茧成蝶,杀手锏'纪宁',战斗描写、人物心理,情感、战斗,纪一川送来纪留真斩杀四人所遗六口入阶飞剑，纪宁炼化后小千剑阵阵基达九口。农子道入阵认出冥龙锁天阵，告知洞子启等竭尽全力。纪九火令纪宁出击，纪宁驾龙尾扫荡，七百余口飞剑（含九口入阶）凝聚剑芒，准备杀戮。,纪宁获入阶飞剑补全阵基，作为杀手锏准备出击。
破茧成蝶,被杀怕了,战斗描写、爽点设置,战斗、爽点,纪宁以雨水剑域+小千剑阵第九层突袭，一缕剑芒化为细雨斩杀三角眼、银发修士两名紫府修士。洞子启等六人惊恐施展八卦血龙阵、青藤、阵旗、毒虫、布幡五重手段死守。纪宁被火凤凰道符炸飞但迅速恢复，纪九火传音部署后续攻击。,纪宁突袭斩杀两名紫府修士，雪龙山六人死守。
破茧成蝶,碾压,战斗描写、爽点设置,战斗、爽点,纪宁正面碾压六人：雨水剑域灭杀毒虫，水火莲花绞杀青藤，龙尾扫荡破白光塔阵，女娲图超度灰袍老者布幡妖兽魂魄。小千剑阵剑芒化为细雨，斩杀木泗、黑衣女修、灰袍老者、鹰钩鼻、洞子启，仅精瘦男子（神魔炼体中期）苦撑。,纪宁碾压式斩杀六名紫府修士，女娲图超度厉鬼再现。
破茧成蝶,一个不留,战斗描写、转折高潮,战斗、高潮,纪宁以三缕剑芒斩杀精瘦男子（水火莲花绞碎肉粉）。第一批十二名紫府修士全灭，纪氏无一人死。纪九火喜报战果，部署对付第二批童玉、农子道。纪宁吸取北冥剑煞气，三柄北冥剑蜕变。雪龙山周围城邑发现命简破碎，许离真人（万象真人）携洞泛余、乌奇赴燕山。,第一批十二名紫府修士全灭，许离真人赴燕山伏笔埋设。
破茧成蝶,万象真人,人物引入、矛盾展现,人物、冲突,许离真人（雪龙山万象真人，六十余年境界，至少万象中期）携乌奇、洞泛余赴燕山，一帆船一个时辰即达。燕山周围城邑发现命简破碎震惊。纪宁吸收煞气，北冥剑三柄共享蜕变。纪九火分析童玉实力（神魔炼体紫府圆满+神通，万象真人战力），令纪宁先灭洞子启等第一批，再对付童玉。,许离真人登场，万象真人威胁升级。
破茧成蝶,纪宁战童玉（上）,战斗描写、转折高潮,战斗、高潮,"许离真人一行途中遇卢晃（桐水分支，妹安氏紫府修士命简破碎），得知纪氏反杀。许离真人郑重赴燕山。纪宁炼化十五口入阶飞剑（鹰钩鼻修士藏九口同源冰寒飞剑），共二十八口形成三阵基。纪宁悟""阴阳转化相生无尽""，以第八层（三阵基）威能超之前第九层。童玉施展法天象地变两层楼高金光巨人。",纪宁飞剑补全至三阵基，童玉法天象地神通施展。
破茧成蝶,纪宁战童玉（中）,战斗描写、人物心理,情感、战斗,纪宁以风翼遁法闪避童玉攻势，小千剑阵第八层六道剑芒围攻。农子道劝降纪宁入雪龙山（传承弟子地位），童玉威逼。纪宁识破雪龙山查底细会查出杀母杀舅之仇，拒绝投降。童玉以星辰砂+拳头猛攻，纪宁以雨水水壁、水火莲花束缚。,农子道劝降被拒，纪宁识破雪龙山与己深仇不可加入。
破茧成蝶,纪宁战童玉（下）,战斗描写、转折高潮,战斗、高潮,纪宁施展小千剑阵第九层五道剑芒，仅留童玉伤口（法天象地身躯粗壮坚韧）。纪宁改变策略，以雨水剑域+水火莲花层层束缚消耗童玉神力。农子道确认纪宁道之域境。童玉神力耗尽缩小，被剑芒斩首。农子道以小挪移道符逃脱，弃仙鹤。,纪宁耗尽童玉神力斩杀，农子道以小挪移道符逃脱。
破茧成蝶,小挪移道符,转折高潮、设定展开,设定、高潮,"纪宁斩杀剩余五名紫府修士，收服地龙、仙鹤两头紫府灵兽。纪九火部署地龙暂代龙尾阵中枢。仙鹤告知农子道以小挪移道符逃脱（万里内瞬间挪移）。纪宁悟""阴阳转化相生无尽""，欲突破赤明九天图第七重。农子道遇洞泛余，得知许离真人已赴牛角山。",小挪移道符设定揭示，纪宁准备突破赤明九天图第七重。
破茧成蝶,赤明九天第七重,悟道、转折高潮,修炼、高潮、爽点,"许离真人等八人至牛角山，不见大阵动静推断同门已死。许离真人以万象法相超远距施法，百丈大印砸牛角山。纪氏以冥龙龙尾挡下。纪宁悟透""阴阳转化相生无尽""，太阴太阳星降下真水真火，水火花朵包裹纪宁，神体蜕变突破赤明九天图第七重（滴血重生，紫府后期神魔炼体实力）。",纪宁突破赤明九天图第七重，太阴太阳星辅助神体跃迁。
破茧成蝶,地阶法宝,设定展开、转折高潮,设定、高潮,纪宁突破后可真正施展神通风翼遁法（神力施展）。仙鹤化白衣少女告知许离真人情报：万象中期、地阶法宝、道之感悟远超童玉。纪九火嘱纪宁见势不妙以万里无踪符逃，保臣子令。农子道返回与许离真人汇合，告知冥龙锁天阵之险。,许离真人实力情报展开，农子道返回助许离真人。
破茧成蝶,封禁,矛盾展现、转折高潮,冲突、高潮,农子道告知许离真人冥龙锁天阵乃人阶极品大阵（不亚于地阶），自己可截断冥气元力脉络令迷阵失效。许离真人在牛角山外围布封禁大阵（天上地下尽皆封禁），纪氏无退路。农子道借许离真人小挪移道符保命，二人率七名紫府修士入阵破冥气。,许离真人布封禁大阵困死纪氏，农子道入阵破冥气。
破茧成蝶,纪宁战万象,战斗描写、转折高潮,战斗、高潮,许离真人等九人结蛟龙阵（雪龙飞天阵简化）入阵。农子道指引许离真人以镇地印砸深坑截断元力脉络，破龙爪阵冥气。纪宁四十五口入阶飞剑仅能施展小千剑阵第八层（三缕剑芒极限）。纪宁以风翼遁法+雨水剑域+北冥剑正面冲杀许离真人，速度快过许离真人。,纪宁正面战许离真人，速度凌驾万象真人之上。
破茧成蝶,七十二把飞剑,战斗描写、矛盾展现,冲突、战斗,许离真人以镇地印+玄蛇索两大地阶法宝围攻纪宁，纪宁以水壁、水火莲花阻挡闪避。许离真人识破纪宁弱点（紫府修士元力），改用七十二把人阶飞剑围攻（克制速度），八九剑阵齐出。纪宁被迫以小千剑阵第七层反击，剑芒被玄蛇索撞散。,许离真人以七十二飞剑围攻克制纪宁速度，纪宁陷入苦战。
破茧成蝶,惨败,战斗描写、人物心理,情感、战斗,纪宁被七十二飞剑围攻重伤，竭力以小千剑阵第七层反击无效，转攻农子道亦被蛟龙阵挡下。许离真人以黑血神针炸穿纪宁腰部。纪九火急令纪宁撤退。纪宁以风翼遁法逃入冥气。纪九火部署死战序列：地龙、仙鹤自爆→纪一川→阿醒→影婆婆→纪留真→纪九火，逼纪宁不可再战。,纪宁惨败重伤，纪氏部署死战序列拼死拖延。
破茧成蝶,纪宁的离去,情感展现、转折高潮,情感、高潮,地龙、仙鹤被迫自爆（仙鹤中途自爆未影响农子道，显与农子道感情深）。纪一川嘱纪宁速离，白水泽不舍。纪九火、影婆婆、纪一川逼纪宁走（影婆婆以自尽威胁）。纪宁痛苦以万里无踪符挪移至翼蛇湖，破不开封禁大阵，发誓铲除雪龙山，凭符消失离去。,纪宁被迫独自逃离，纪氏众人决意死战。
破茧成蝶,神通殿之七大神通,设定展开、悬念设置,伏笔、设定,许离真人唬人称能感应纪宁方位（实为诈术）。纪宁挪移至翼蛇湖进水府，求黄毛大熊助其击败万象真人。黄毛大熊揭示神通殿七大神通：第一神通乃第一代主人所留，余六大神通为六大弟子所留。纪宁决心立即闯神通殿救亲人，黄毛大熊劝其等五年未果。,神通殿七大神通体系揭示，纪宁决心立即闯神通殿。
破茧成蝶,力士,战斗描写、设定展开,战斗、设定,神通殿考验为杀戮力士（大能者创造的仆从，三眼凶悍持兵器），杀戮越多神通越强。纪宁以雨水剑域+水火莲花+神念驾驭九柄剑器屠戮力士，力士越来越强。黄毛大熊叹息纪宁若等五年可得主人神通，现仅勉强得第三神通。牛角山纪一川赴死一战，白水泽借元液突破紫府神兽。,神通殿力士考验展开，白水泽突破紫府神兽。
破茧成蝶,白水泽化形,人物引入、情感展现,人物、情感,白水泽化形为酷似纪一川的白衣白发男子（相由心生），以阵法造诣布不入阶阵旗增加农子道破阵难度。纪一川见白水泽突破又惊又喜，兄弟并肩赴死一战。神通殿内纪宁雨水剑域、水火莲花、神念剑器渐失效，仅本尊双剑能杀力士，越加吃力。,白水泽突破化形助阵，纪宁神通殿考验越加吃力。
破茧成蝶,开天眼，显神识,悟道、转折高潮,修炼、高潮、爽点,纪宁绝境下道心磨练圆满，神魂蜕变开天眼显神识（元神道人级，万象真人万中无一）。神识笼罩纤毫毕现，迷阵幻阵无效。神念威力暴涨至紫府圆满神魔力量，驾驭近百剑器横扫力士，杀光所有力士。黄毛大熊震惊，疑纪宁仙人或远古神魔转世。,纪宁神魂突破显神识，杀光力士获闯神通传承资格。
破茧成蝶,神通传授,设定揭示、转折高潮,揭示、设定、高潮,"纪宁登传承祭坛，一级级台阶接受古老讯息融入神魂（时空隔绝，外界仅一瞬）。纪宁获第一神通《摘星手》（六转摘星，第一转已成）。独臂巍峨虚影自称""三寿道人""，嘱纪宁成天神方算其弟子，赐五色光华。黄毛大熊揭示《风翼遁法》仅为神通《迦楼罗之翼》的简化本。",纪宁获第一神通《摘星手》，师尊三寿道人身份揭示。
破茧成蝶,寂灭戮魔剑,设定展开、装备获取,奖励、设定,"黄毛大熊揭示三寿道人为混沌神魔（出身高于先天神魔、普通神魔），因大战断臂后参悟摘星手突破，排盘古开天地以来神通前十。纪宁于珍宝殿选第二件人阶法宝""寂灭戮魔剑""（寂灭晶金炼制，擅隐匿偷袭，杀戮过多可恢复地阶上品），与神念驾驭绝配。",三寿道人混沌神魔身份揭示，纪宁获寂灭戮魔剑。
破茧成蝶,纪宁归来，最终战,战斗描写、转折高潮,战斗、高潮,纪宁以风翼遁法两分钟从翼蛇湖赶至牛角山，穿透封禁大阵。神识笼罩全阵，寂灭戮魔剑潜入地底偷袭。纪宁施展神通《摘星手》一招秒杀许离真人（七十二飞剑、两大地阶法宝均被轰飞），寂灭戮魔剑穿透农子道头颅。纪九火、纪一川震惊难以置信。,纪宁一招秒杀许离真人和农子道，逆转战局。
破茧成蝶,雪龙山的威严,战斗描写、悬念设置,伏笔、战斗,"纪宁以寂灭戮魔剑瞬杀剩余七名紫府修士。卢晃临死透露许离真人身死宗门会立即知晓并派强者一日内赶到。雪龙山宗门冷凝峰峰主""雪红衣""（应龙卫，万象真人前三，近乎元神道人战力）奉师命赴燕山查探，借传送阵速达。",剩余紫府修士全灭，雪红衣赴燕山报复线埋设。
破茧成蝶,安澶侯府上使,人物引入、转折高潮,人物、高潮,"安澶侯府上使北山百微（北山氏直系子弟）乘战船到来，董将军谄媚陪同。北山百微知纪氏斩许离真人事，签元石矿脉转让契约（七成归安澶侯府，庇护纪氏），逼退雪红衣。北山百微单独留纪宁，知其十一岁斩孛子善、十六岁斩童玉许离，赠""北山黑虎""令牌结交。",北山百微到来签契约庇护纪氏，赠纪宁令牌结为朋友。
破茧成蝶,事了,矛盾收束、转折高潮,冲突、高潮,"雪红衣以应龙卫军令捉拿""要犯可布""为名欲擒纪氏，北山百微以安澶侯府使者身份逼退（封地内应龙卫不得骚扰）。契约签订，元石矿脉七成归安澶侯府，纪九火献两成予北山百微被拒。北山百微揭示元石矿脉乃火龙仙人（新晋地仙）闭关突破所留，安澶侯府早知故速来。",雪红衣被逼退，元石矿脉契约签订，矿脉成因揭示。
破茧成蝶,离开燕山,情感展现、转折高潮,情感、高潮,纪一川紫府完全崩解，术后约一月离世。临终交付仇人名单兽皮，嘱白水泽照顾纪宁，骨灰撒翼蛇湖。纪宁闯战神殿第二层成功，著《雨水经》（镇族之宝）、《雷火剑补遗》，留《阵法九卷》等传承，赠秋叶洗髓丹。深夜纪宁携白水泽跪别翼蛇湖，乘舟船破空离去，踏上更广阔天地。,纪一川离世，纪宁留传承后离开燕山，第六卷《破茧成蝶》落幕。
安澶城,途中,人物心理、伏笔埋设,伏笔、情感,纪宁驾舟船赴安澶城，途中思量父母大仇——仇敌为冬七（主使者，其爷爷为元神道人）、虞侗、水易（帮凶），自知根基浅薄暂缓报仇，决意先拜入门派再入应龙卫。水府洞府之灵曾建议多多拜师。途中遇孟氏三人遭雪龙山两名弟子劫杀。,纪宁赴安澶城途中确立先入门派再入应龙卫的求道之路，仇敌身份首次点明。
安澶城,抵达,人物引入、战斗描写,人物、战斗,纪宁以神念驾驭寂灭戮魔剑从地下突袭，斩杀两名雪龙山弟子救下孟氏三人。憨厚男子孟岩此前施展禁术救孟忻，伤了根基令纪宁联想到舅舅。纪宁与孟俊、孟岩、孟忻同行，透过三人了解外界，孟俊奉承无果后态度转冷。众人抵达安澶城。,纪宁救下孟氏三人并与之同行抵达安澶城，孟岩施展禁术伤根为后续埋下伏笔。
安澶城,再见北山百微,环境铺陈、人物引入,人物、设定,纪宁入安澶城缴雷金领书册，了解安澶城格局（东城南城北城禁杀、西城繁华、安澶侯府为禁地）。游易宝坊遇孟氏三叔后与孟氏三人分别，持北山百微令牌前往北山黑虎府。北山百微热情出迎。,安澶城格局设定展开，纪宁与北山百微重逢。
安澶城,九星仙辇,设定展开、环境铺陈,设定,北山百微以九星仙辇（其父北山黑虎座驾，蕴含九星天火可烧死元神道人）接纪宁，介绍安澶城隐秘——西城有元神道人及仙人别府、北城大半被应龙卫占据、南城为北山氏修仙者大军、天宝山与无忧洞为两大享乐胜地。二人前往无忧洞，孟氏三人惊叹纪宁身份。,九星仙辇与安澶城各方势力格局揭示，无忧洞线正式展开。
安澶城,拜师门派,人物引入、设定展开,人物、设定,北山百微在无忧洞介绍巨商浑氏老祖浑天佑（孤儿出身，万象真人时雇三名仙人斩仇敌，后成元神道人）及其孙浑无奇。北山百微推荐纪宁拜入裂天剑派（安澶郡前三超级大宗派，至少三位仙人、数十位元神道人，开派八千万年），引荐裂天剑派弟子周立，周立允诺腊月可入门。,裂天剑派作为拜师目标登场，周立允诺纪宁腊月入门。
安澶城,遇北山狐,人物引入、矛盾展现,人物、冲突,北山百微鼓励纪宁入门派后争核心弟子之位，介绍借八方助力之道。北山狐（北山胤之子，其父与北山黑虎争下一任安澶侯）现身挑衅，扬言纪宁一辈子进不了裂天剑派。浑无奇入场指出北山狐愚蠢。纪宁请琴仙子作陪，北山狐亦争请琴仙子。,北山狐作为北山百微的对头登场，阻止纪宁拜入裂天剑派。
安澶城,争宝会,矛盾展现、设定展开,冲突、设定,北山狐以一百两元液争得琴仙子。争宝会开始，北山狐先拿出人阶极品法宝渠山印（截取渠山炼成）压北山百微。纪宁拿出人阶极品阵法冥龙锁天阵（龙珠配合四片龙鳞，为北山氏天阶大阵的简化版）为北山百微争脸，欲卖阵换飞剑法宝。,争宝会北山狐与北山百微斗宝，纪宁以冥龙锁天阵相助。
安澶城,火乾童子,人物引入、转折高潮,人物、高潮,争宝会上渠山印以一百一十两元液成交。冥龙锁天阵因珍稀被无忧洞鉴定为极品中之极品，无忧洞出价两百两元液，最终被转世仙人火乾童子（不足三十岁万象圆满，阵法宗师）以三百六十两元液买下。纪宁获天宝山元牌，盘算换取飞剑增强小千剑阵。,火乾童子登场买下冥龙锁天阵，纪宁获三百六十两元液。
安澶城,纪宁露锋芒,环境铺陈、矛盾展现,冲突、设定,"子时赌战开始，北山狐麾下神魔炼体兼神通的犀牛大妖连败对手，北山狐加注至九百两元液挑衅。北山百微无人可派，纪宁主动请缨迎战犀牛大妖，称""杀他如杀一鸡子""。北山百微激动应允，赢的元液尽归纪宁。",纪宁主动请缨替北山百微出战犀牛大妖，赌注九百两元液。
安澶城,妖孽之纪宁,战斗描写、转折高潮,战斗、高潮,纪宁以神魔炼体紫府后期、炼气紫府前期的实力迎战犀牛大妖，先以灵活身法与北冥剑斩断其后蹄，再以水火莲花绞杀犀牛大妖身躯与头颅。纪宁以道之域境层次的剑法令在场众人震惊，火乾童子疑其达到道之域境。纪宁让北山狐准备第二个手下。,纪宁斩杀犀牛大妖一鸣惊人，道之域境层次的剑法初露锋芒。
安澶城,成名之战,战斗描写、转折高潮,战斗、高潮,纪宁继续应战，北山狐派白巫女（白巫教所献）以束缚秘术与毒虫迎战。纪宁施展雨水剑域（道之域境）与水壁重重轻易抵挡白巫女发丝束缚。火乾童子惊呼雨水剑域。周立悔恨拒绝纪宁入门。各方厉害人物震惊于纪宁紫府修士即悟道之域境。,纪宁施展出雨水剑域惊动各方，道之域境天才身份确立。
安澶城,一石激起千层浪,转折高潮、悬念设置,伏笔、高潮,北山狐见纪宁道之域境后立即认输缓和关系并挑拨其与北山百微。千川宗胡水等各方势力争相招揽纪宁，纪宁暂不答应。火乾童子疑纪宁为转世大能者却查无来历。北山狐事后反思纪宁潜力甚大可能影响安澶郡大势。纪宁住北山黑虎府，北山百微允诺提供安澶郡势力情报。,纪宁一战成名各方争相招揽，北山狐态度转变，火乾童子疑其转世身份。
安澶城,北山黑虎,人物引入、氛围营造,人物、设定,纪宁入住北山黑虎府。北山黑虎（下一任安澶侯候选者，气势恐怖如远古凶兽）与三角眼老仆亲自接见纪宁，称紫府修士能在他面前面不改色者不超过五指之数。北山黑虎暗忖纪宁即便非转世也有大机缘，允诺常来府上。纪宁感悟水火莲花需水火风三种道之真意。,北山黑虎亲自接见纪宁，三角眼老仆随行，北山黑虎势力线浮出。
安澶城,黑白学宫,设定展开、伏笔埋设,伏笔、设定,北山百微介绍安澶郡八大势力：三大门派（黑白学宫、裂天剑派、百花仙境）、三大部族（东河氏、猎龙氏、木蓝氏）、两大教派（天圣教、血神教），讲解功德罪孽之说（杀凡人罪孽大、应龙卫捕杀大罪孽者增王朝气运）。黑白学宫为八大势力之首，曾诞生天仙，弟子稀少门槛极高。,安澶郡八大势力体系完整展开，功德罪孽设定揭示，黑白学宫为最强。
安澶城,捕获神魔,伏笔埋设、环境铺陈,伏笔、设定,纪宁翻阅情报编撰本了解黑白学宫镇宫之宝黑白图（天然形成的黑白磨盘图，诠释道之奥妙）。北山黑虎部下轩六禀报捕获一头远古神魔关押坤字二号（损失一名元神道人、十二名万象真人）。纪宁参观黑白学宫，见天仙留字与木蓝氏傀儡守卫，遇北山玄汤（偏远支脉子弟，性格阴沉），决意拜入黑白学宫。,北山黑虎捕获远古神魔埋下伏笔，纪宁决意拜入黑白学宫。
安澶城,腊月入门派,环境铺陈、人物引入,人物、设定,腊月初一纪宁赴黑白学宫拜师。孟忻选择与孟岩同行，与孟俊决裂。纪宁过青铜镜筛选（神魔炼体达紫府层次，修炼赤明九天图），遇同修赤明九天图第七重的黑衣青年华冲（其姑姑为学宫元神道人华云仙子）。黑白学宫收弟子极为苛刻，连赤明九天图第七重也只是有可能进。,纪宁赴黑白学宫拜师过基本筛选，华冲等同修天才登场。
安澶城,万雷齐发,战斗描写、设定展开,战斗、设定,九百六十二人过基本筛选，六名元神道人主持万雷齐发考验——八百一十龙头傀儡大阵轰击，须一炷香内飞入山洞。越往上雷电越密集，超一半距离遭一半龙头轰击，最接近时遭所有龙头围攻，无捷径可走。纪宁以水火莲花与北冥剑闯关，黑发中年人伍休向其他元神道人点明纪宁即悟道之域境之人。,万雷齐发傀儡大阵考验，纪宁凭水火莲花与剑法闯关。
安澶城,纪宁和木子朔,人物引入、战斗描写,人物、战斗,纪宁与操控青龙傀儡的白袍少年木子朔（十四岁）率先闯过雷电大阵。伍休以神识攻击淘汰超时者，纪宁震惊于神识攻击法门决心学到。东河氏子弟东河鎏许因用道符被淘汰。最终九人闯过，华冲取巧勉强进入。最后一道筛选为闯过黑白学宫紫府弟子镇守的山洞。,纪宁与木子朔率先闯关，伍休神识攻击法门引发纪宁求学问念。
安澶城,最后的守关者,战斗描写、转折高潮,战斗、高潮,九条岔道各有一名紫府弟子镇守（仅许施展一种手段），闯关者需冲出山洞即算成功。纪宁选饮血问剑镇守的通道，饮血问剑傲气不允许纪宁通过。纪宁先以水火莲花挡雷泽降临，再以小千剑阵（七百二十九口飞剑，九阳剑阵为阵基）凝聚剑芒破雷神之狱，逼饮血问剑施展北斗剑阵才挡下，饮血问剑因动用真正手段而认输离去。纪宁成为黑白学宫弟子。,纪宁以小千剑阵逼退守关弟子饮血问剑，成功拜入黑白学宫。
安澶城,黑白学宫弟子纪宁,转折高潮、情感展现,情感、高潮,纪宁与木子朔成黑白学宫今年仅有的两名新弟子，华冲等绝世天才被淘汰。二人炼化信符获学宫承认，纪宁选北冥峰为洞府（北冥寓剑名与父母相识之地）。纪宁出学宫告知白水泽，北山百微来贺。纪宁借九个仆从名额给北山百微，留一个拟给孟岩。,纪宁正式成黑白学宫弟子，选北冥峰为洞府，借仆从名额给北山百微。
安澶城,夜观壁刻,设定展开、悟道,修炼、设定、爽点,北山百微取五个仆从名额，余五个由纪宁自留，并解释普通人仆从负责琐事。纪宁嘱白水泽以灵兽身份居学宫，将去黑白图禁地参悟。纪宁观黑白图（天然形成，诸多道糅合混杂，论道之分离感悟不如水府星辰殿，论道之结合则更胜）与两面仙人留字壁。木子朔亦来参悟黑白图。,纪宁夜观黑白图与仙人留字壁，黑白图与水府星辰殿之差异揭示。
安澶城,仙人留字,悟道、伏笔埋设,伏笔、修炼、爽点,"纪宁参悟黑白图将水火莲花从六层凝聚至两层（红绿莲叶）。观看仙人留字壁经历道心洗礼。纪宁看到北行仙人留字""手持三尺剑，杀尽不平事""，剑意与文字产生共鸣，识海中银发老者（北行仙人）身影开始施展剑法并高歌，传授《三尺剑》——畅快之剑、痛快之剑、杀尽不平事之剑。五疯仙人（刚度过九百年大劫的散仙）目睹此事。",纪宁与北行仙人留字产生剑意共鸣，北行仙人隔代传承《三尺剑》开启。
安澶城,殿才仙人,转折高潮、核心伏笔,伏笔、高潮,五疯仙人唤来殿才仙人（黑白学宫最有希望成天仙的地仙，当年亦得北行前辈剑意传承，崇拜北行前辈）。纪宁身上剑意与留字共鸣引出完整《三尺剑》剑法（文字飞出石壁化为剑影文字飞入纪宁眼眸）。殿才仙人、五疯仙人、长须老者、稚嫩孩童、锁链汉子五位仙人及掌教碧海道人目睹，殿才仙人决定收纪宁为弟子。三尺剑上次完整出世为三千万年前。,纪宁获北行仙人完整《三尺剑》传承，殿才仙人决定收其为弟子。
安澶城,入门大典,伏笔深化、设定展开,伏笔、设定,碧海道人私下递交卷轴，交代北行仙人生平（曾斩杀超级大部族子弟遭追杀数百年，最终对方认输和解）与《三尺剑》保密事宜（前六式有道藏殿秘籍，后三式仅能剑意传承，敌对势力若知会破坏）。两日后入门大典，纪宁木子朔发天道血誓正式入门，今年仅收二人。木子朔拜傀儡之道元神道人琼华为师。,北行仙人生平与三尺剑保密事项揭示，纪宁木子朔发天道血誓正式入门。
安澶城,道号北冥,转折高潮、人物引入,人物、高潮,"纪宁道号""北冥""，木子朔道号""双木""。殿才仙人亲自现身收纪宁为大弟子（门下无弟子，曾誓言非得北行前辈剑意传承者不收）。殿才仙人指出纪宁神魂达神识层次（接下完整三尺剑传承负担极大），赠两千黑白丹，令纪宁去道藏殿必换《三尺剑》上卷与仙阶炼气法门，不可泄露完整传承之事。",殿才仙人收纪宁为大弟子，纪宁道号北冥，神识层次被师傅点明。
安澶城,道藏殿内,设定展开、装备获取,奖励、设定,纪宁领六千黑白丹（入门一千、道之域境一千、神识两千、师傅赠两千）与百斤元液（三代弟子十年配额）。道藏殿三层：法（炼气、神魔炼体法门）、术（神通、剑术、法术、禁术、遁术）、杂（傀儡、阵法等）。纪宁选仙阶炼气法门《水源注》（一千五黑白丹）、《三尺剑》上卷（两千黑白丹）、《小五行剑录》（八百黑白丹），为白叔另换《水源注》（一千五黑白丹）。发现撼神术、迷神术、灭神术等神魂秘术及五门神通。,纪宁在道藏殿换取《水源注》《三尺剑》上卷《小五行剑录》并为白叔换法门。
安澶城,静室修炼,悟道、装备获取,修炼、奖励、爽点,纪宁选《法天象地》神通简本（五百黑白丹）及《撼神术》心生向往却黑白丹不足。纪宁在北冥峰静室修炼《水源注》，耗费八十斤元液从紫府前期一路突破至紫府圆满，紫府湖泊形成漩涡与水源源头。参悟《小五行剑录》水行篇、火行篇、木行篇，学会七大剑式及两仪青火剑（水火真意结合）。,纪宁一日内炼气突破至紫府圆满，参悟《小五行剑录》学会两仪青火剑。
安澶城,传统,人物心理、矛盾展现,冲突、情感,"纪宁参悟三才莲花剑（三才真意结合）。饮血问剑因守关之耻未参加入门大典，卜英（道号鱼鹰）怂恿饮血问剑在论道殿教训纪宁。木子朔被冬霖师姐邀去论道殿，连输两场损失两百黑白丹、二十斤元液后愤然离去。论道殿""教训新弟子""为黑白学宫代代相传的传统。",论道殿教训新弟子的传统展开，木子朔连输两场。
安澶城,纪宁初悟剑,悟道、矛盾展现,修炼、冲突、爽点,纪宁参悟《小五行剑录》两仪篇学会两仪青火剑，三才篇学会三才莲花剑（水火木三道结合）。卜英邀纪宁去论道殿，木子朔急切警告纪宁别被骗。纪宁早知传统心中有数，决意前往切磋。三人同赴论道殿。,纪宁学会三才莲花剑，被邀往论道殿迎战老弟子。
安澶城,论道殿之战,人物引入、矛盾爆发,人物、冲突,纪宁入论道殿见九莲师姐（五疯仙人弟子，气质卓然）与饮血问剑。饮血问剑因九莲对纪宁另眼相看而妒心更炽，将彩头提至一百黑白丹、一百斤元液（天宝山元牌）欺负新弟子。九莲欲借元液被纪宁婉拒，纪宁取出无忧洞赢来的元牌应战。二人选傀儡（饮血问剑选北斗傀儡，纪宁选千剑傀儡）。,饮血问剑因妒提高彩头挑衅纪宁，论道殿之战正式开始。
安澶城,不鸣则已，一鸣惊人（上）,战斗描写、转折高潮,战斗、高潮,纪宁以流水剑挡饮血问剑摇光破军，再以九宫之剑阵化过百雨滴击溃北斗贪狼虚影，剑芒直接划破北斗傀儡护体层取胜。卜英认出纪宁施展的是《小五行剑录》流水剑。九莲师姐暗言胜负难说。,纪宁以流水剑与九宫之剑阵击败饮血问剑，一鸣惊人。
安澶城,不鸣则已，一鸣惊人（下）,战斗描写、转折高潮,战斗、高潮,卜英亲自上场以六合傀儡施展六合奇阵（三十六柄飞剑风轮），纪宁先以细雨纷纷被挡，遂以十二柄飞剑化为两仪青火剑刺破风轮，击败卜英。九莲暗评纪宁为转世仙人般的妖孽。卜英预告此事不会就此结束。,纪宁以两仪青火剑击败卜英，连赢两场震动论道殿。
安澶城,两大阵营,矛盾展现、人物引入,人物、冲突,九莲提醒纪宁老弟子不会罢休。老弟子阵营决定请青禾（紫府修士中最强，道之域境）出战。九莲访火虹仙子余薇（转世仙人，万象圆满，修炼二十年），余薇有意观看。北山玄汤亦关注。消息传遍黑白学宫，弟子分新弟子（纪宁木子朔）与老弟子两大阵营。五疯仙人与殿才仙人欲往论道殿偷看。,黑白学宫弟子分为两大阵营，火虹仙子余薇与青禾等关键人物登场。
安澶城,主仆之缘,人物引入、伏笔深化,人物、伏笔,北山百微送来三名仆从（云舟、云璐、忘卫）与百余名凡人，纪宁令一切听白叔安排。北山百微允诺帮查孟岩下落。孟岩拜门派失败喝闷酒，孟忻随孟俊去千川宗，孟岩痛苦。纪宁去见师傅殿才仙人求指点。,纪宁收三名仆从与凡人，北山百微允查孟岩下落，孟岩拜门派失败。
安澶城,殿才仙人的指点,悟道、设定展开,修炼、设定、爽点,殿才仙人讲解黑白学宫弟子层次：紫府修士停留十余年打天仙根基，万象真人弟子为精英，分道之域境、多重道之域境、悟出完整道三层，悟出完整道方可突破元神道人。殿才仙人为纪宁将三才莲花剑改为新三才莲花剑（偏水行），并剖析《三尺剑》第一式奥秘，令纪宁专心钻研这两式。论道殿聚集众多弟子，火圣（悟出完整道）、三胖真人（三代弟子第一人）、火虹仙子余薇等顶尖人物到场。,殿才仙人指点纪宁改创新三才莲花剑并剖析三尺剑第一式，顶尖弟子齐聚论道殿。
安澶城,师弟纪宁迎战,战斗描写、转折高潮,战斗、高潮,纪宁携木子朔、冬霖赴论道殿，主动邀战以最小彩头应战所有师兄师姐。三胖真人（邋遢真人，道号三胖，非转世仙人却压制三名转世仙人成三代弟子第一人）喜欢纪宁爽快。五疯仙人与殿才仙人角落偷看。紫府修士中最强的青禾率先出战，以碧蝎神针（前辈遗迹所得飞针之术）迎战，纪宁以新三才莲花剑击败青禾。,纪宁主动邀战，以新三才莲花剑击败紫府修士中最强的青禾。
安澶城,二爪应龙卫,战斗描写、转折高潮,战斗、高潮,二爪应龙卫血影师兄（神魔炼体《血影不灭体》，擅长近战）以九剑傀儡施展血蚊术迎战。纪宁先以新三才莲花剑处于下风，遂仗神魂强大同时施展五道三才莲花剑围攻，击败血影师兄。五疯仙人点明纪宁神魂为神识层次。纪宁赢二爪应龙卫后已达极限。,纪宁以五道三才莲花剑击败二爪应龙卫血影师兄，达到极限。
安澶城,我心唯剑，剑仙之路,悟道、转折高潮,修炼、高潮、爽点,白雪师姐以天罗傀儡施展青丝罗天阵困住纪宁剑芒，纪宁竭力施展六道三才莲花剑，心无杂念唯余剑。纪宁在战斗中剑心逐渐通明，脑海中浮现殿才仙人指点《三尺剑》第一式剑心通明的场景。剑芒威力递增，最终破青丝罗天阵击败白雪师姐。五疯仙人与殿才仙人点明纪宁正在悟剑，摸到剑仙之门门槛。,纪宁临阵悟剑心逐渐通明，击败白雪师姐，摸到剑仙之门。
安澶城,《三尺剑》之第一式,悟道、转折高潮,修炼、高潮、爽点,三重道之域境的毒血师兄以十八道三彩毒光毒钩迎战，纪宁以十八道三才莲花剑应对，再次进入我心唯剑之境，剑芒威力持续递增。纪宁以六口飞剑为阵基形成巨大三才莲花剑击败毒血师兄。击败刹那纪宁剑心完全通明，悟出《三尺剑》第一式——剑心通明，明白剑为身、为命、为路，剑心寄托对父母永生、爱人快乐、不受命运操控的渴望。,纪宁击败毒血师兄后剑心完全通明，悟出《三尺剑》第一式剑心通明。
安澶城,那一斩,转折高潮、战斗描写,战斗、高潮,北山玄汤（多重道之域境顶尖，五气大擒拿）出战，血影师兄赠纪宁天罡地煞剑阵（一百零八口飞剑）以示结交。纪宁以九道三才莲花剑处于劣势却平静蓄势，最终施展《三尺剑》第一式——剑心通明，千剑傀儡上千飞剑齐出化为一道巨大剑芒，以无可匹敌的剑心意志一斩击溃五气大擒拿，击败北山玄汤。前世信息大爆炸与病痛折磨、今生亲情温暖令纪宁剑心坚不可摧。,纪宁以《三尺剑》第一式剑心通明千剑齐斩击败北山玄汤，震撼全场。
安澶城,余薇和纪宁,转折高潮、悬念设置,伏笔、高潮,"火圣、三胖真人、火虹仙子等顶尖弟子皆震惊。北山玄汤道心被斩出裂痕认输。血影师兄赠纪宁天罡地煞剑阵。转世仙人火虹仙子余薇（修炼二十余年，多重道之域境中最强）出战，以千剑傀儡释放千口飞剑化为滔天火焰剑光，以硬碰硬碾碎纪宁剑光取胜。纪宁输得心服口服，支付一百黑白丹、十斤元液。碧海道人及众元神道人、两位仙人赶来确认纪宁已步入剑仙之路。四位仙人（五疯、殿才、长须老者、稚嫩孩童）确认纪宁为黑白学宫又一剑仙，殿才仙人称""他可是我的弟子""。全卷至此收束。",纪宁败于转世仙人火虹仙子余薇，被众仙人确认为黑白学宫又一剑仙，全卷落幕。
应龙卫,碧海,设定展开、悟道,修炼、设定、爽点,论道殿之战后，碧海道人向纪宁揭示天道、大道、普通之道的划分——天道为维持天地运转之根本（如五行），大道极为崇高（如剑道），普通之道数量最多（如雨水之道）。纪宁得知剑道为大道之一，走上剑道者即为剑仙，黑白学宫仅两位剑仙（纪宁与殿才仙人）。碧海道人奖予纪宁两千黑白丹，告知大道之入门比普通道的道之域境更难，剑道更是大道中最擅长攻杀的一条。,天道、大道、普通之道的划分首次揭示，纪宁正式确认为剑仙。
应龙卫,北山黑虎的手笔,装备获取、人物引入,人物、奖励,纪宁回北冥峰静心参悟。云璐等仆从伺候，纪宁对云璐无心。众师兄师姐（永春师兄、九莲师姐、青青师妹、白水师姐等）纷纷来结交纪宁。傍晚北山百微奉父北山黑虎之命送来重礼：两套飞剑（七十二柄+十八柄人阶飞剑）、人阶上品黑色羽翼、人阶极品舟船、瘴气法宝玉瓶、一千斤元液，共六玉盘。北山百微另赠大夏王朝地图（安澶郡详细，其余概略）。,北山黑虎遣子送纪宁重礼，结交之意明显；纪宁获大量法宝与元液。
应龙卫,我家主人纪宁,人物引入、情节推进,人物,"纪宁派云舟随北山百微去接孟岩入黑白学宫为仆从。纪宁炼化北山黑虎所赠宝物：瘴气法宝可释放白雾令敌我都看不见，但纪宁神识不受影响，可近身厮杀成杀手锏；一千斤元液开始炼化，紫府之湖扩张至海，炼化八百斤后仍未达极限，纪宁疑惑。安澶城孟岩被安澶侯府护卫及云舟找到，云舟自称""奉我家主人纪宁之命""来请孟岩去黑白学宫。",孟岩被接往黑白学宫；纪宁炼化元液发现紫府承受超常，瘴气法宝成新杀手锏。
应龙卫,扎实根基,人物引入、设定展开,人物、设定,"孟岩入黑白学宫成纪宁仆从，跪地感恩。纪宁去见师傅殿才仙人，殿才仙人指点剑道本质——剑道是运用技巧之道（与太极之道同属大道），需将感悟透过剑道施展。殿才仙人告诫""身为剑仙，当有至诚之心，诚于剑诚于心""，需时常反省擦拭剑心。殿才仙人取出兽皮卷，为纪宁选定三十六本剑术秘籍（地阶、天阶剑术上卷，共需六百黑白丹），命其去道藏殿换取，称博览众剑术可厚积薄发。",殿才仙人指点剑道本质为运用技巧之道，赐三十六本剑术秘籍书目。
应龙卫,撼神术,装备获取、设定展开,奖励、设定,纪宁向殿才仙人询问紫府承受元液超常之因，殿才仙人解释因赤明九天图完美神魔之躯，估测需一千六百至两千斤元液达万象。纪宁去道藏殿以两千八百黑白丹（原有两百+论道殿六百+剑仙两千）换取三十六本剑术（六百黑白丹）及神念之术《撼神术》（两千黑白丹），放弃神通（因有摘星手）。护道人劝纪宁多选神通，纪宁坚持选撼神术（因神魂为神识层次）。纪宁参悟半月余练成撼神符印。转眼三年多过去，纪宁二十岁。,纪宁选《撼神术》而非神通，练成撼神符印；三年后纪宁二十岁。
应龙卫,三年后,转折高潮、战斗描写,战斗、高潮,三年后纪宁悟出《三尺剑》第二式，与师傅殿才仙人交手。纪宁施展水火磨盘剑、三才磨盘剑等招式，殿才仙人以剑指化剑芒迎战，最终施展上千道星辰剑芒联合袭杀。纪宁三年多来在仙人教导、道藏殿剑术典籍、北行前辈剑意传承下进步惊人。白水泽亦达紫府圆满，以两百黑白丹换九十一本阵法典籍参悟《阵法九卷》。,纪宁悟出《三尺剑》第二式，与师傅交手展示三年修炼成果。
应龙卫,离别前的师徒,转折高潮、情感展现,情感、高潮,"纪宁以《三尺剑》第二式""荆棘密布""撕破师傅上千道剑芒，得殿才仙人承认出师。殿才仙人赐两件护身之物：吊坠（炼化后一念激发剑气护体，可抗散仙地仙一个呼吸）、两极磁光雷火珠（扔出十丈内化为齑粉，地仙散仙重伤，元神道人有死无生），均为一次性使用。殿才仙人叮嘱""凡事谨慎，多三思，也需有果断之心""，眼神如父母般担忧。纪宁去木子朔处告知可出发闯荡，木子朔入门两年即获师傅承认，等纪宁一年多。",纪宁获师傅承认出师，殿才仙人赐两件护身宝物，师徒离别情深。
应龙卫,入应龙卫,情节推进、设定展开,设定,纪宁将北冥峰交孟岩管理，与木子朔、白水泽离黑白学宫。往天宝山置办：纪宁卖掉旧法宝（北山黑虎、血影所赠剑阵等）换近九百斤元液，倒贴两百斤元液换七百二十口人阶上品飞剑（三百六十水+三百六十火）及伏羲棍阵给白水泽。纪宁剩近百斤元液，木子朔剩十斤。二人决定先加入应龙卫——有种种好处，可接任务有目的闯荡，办案震慑宵小。纪宁拥有小千剑阵（核心九阳剑阵+水火飞剑），近战远攻皆强。,纪宁置办小千剑阵飞剑，决定先加入应龙卫再闯荡。
应龙卫,应龙卫安澶分部,环境铺陈、设定展开,设定,"纪宁与北山百微告别后，三人驾青龙傀儡龙首大船抵赤龙山脉应龙卫安澶分部。山脉如火红神龙，大阵气息胜过黑白学宫。应龙卫为安澶郡两大巨头之一（另一为安澶侯北山氏），随时可获大夏王朝各地支援。迎客峰规矩森严：禁厮杀、禁擅闯、禁破坏阵法，违者杀无赦。纪宁解释应龙卫分内卫（制度森严，受大夏王朝信任，可学更多神通秘术）与外卫（自由，需执行任务才得好处）。木子朔以傀儡术造""木月府""居住。一个多月后仙人传音召集百人。",应龙卫安澶分部环境与规矩铺陈，内卫与外卫之分揭示。
应龙卫,应龙卫仙人,人物引入、悬念设置,人物、伏笔,"百人聚齐，银发黑袍仙人主持登记来历实力。木子朔报""黑白学宫万象中期""，纪宁报""赤明九天图第九重""引惊诧——赤明九天图第九重可例外入应龙卫（紫府即可，否则需万象）。仙人传音纪宁：赤明九天图有特殊之处，入应龙卫才知晓发挥神魔之体战力，建议最好达第十重十一重再闯狱山大荒泽。雪龙山冬一报""万象圆满""，与纪宁视线交汇，纪宁疑其是否有意追来。众人炼化信符（入赤龙山脉腹地所需），灵兽不得入狱山大荒泽，白水泽留守。",应龙卫仙人提示赤明九天图有特殊之处；雪龙山冬一现身，仇恨暗线浮现。
应龙卫,狱山大荒泽,环境铺陈、设定展开,设定,"众人乘云雾至八百丈高塔形传送大阵。东河飞云讲述狱山传说：神魔时代结束后仙人们以""狱山""法宝镇压一群神魔，后一强大神魔打破狱山冲出，仙魔大战令天地支离破碎成狱山大荒泽。银发黑袍老者中途离去查案（命三眼大狗""一律杀""阻碍者，安澶侯北山氏又得死一批人）。考核内容公布：狱山大荒泽活过三个月并带回万象大妖尸体头颅。木子朔提醒小心其他修仙者劫杀黑白学宫弟子。传送阵启动，百人抵达两百万里外。",狱山大荒泽由来传说揭示；考核内容公布——活三月+带回万象大妖头颅。
应龙卫,初入,环境铺陈、人物心理,情感、设定,众人抵狱山大荒泽传送阵山峰，两名老者嘱咐四点：三月内不得回驻地避难；不可一处停留太久（大妖会联手围杀）；环境危险有破碎空间；方向感难定需靠日月星辰辨别。纪宁、木子朔选北边山多处出发。木子朔提出三法：尾随他人、找弱小妖山、设局反劫杀。纪宁提出更简单办法——神识探查妖山，能察觉者为元神大妖则逃，不能察觉者为万象大妖则杀。木子朔惊悉纪宁神魂为神识层次。,狱山大荒泽生存规则交代；纪宁以神识探查妖山的策略确立。
应龙卫,二人战三妖,战斗描写、情节推进,战斗,纪宁神识探查一座妖山：一头万象大妖（黑牙象妖）、十余头紫府大妖。象妖洞府内黑脸大汉（黑牙象妖）与妖娆女子（白毛狐）正欲食人，纪宁破阵闯入。象妖拍碎信符召三弟五弟。木子朔怒而与象妖交手，两条黑色游蛇傀儡迎战黑色弯刀，抽死逃跑的白毛狐。纪宁携被救孩童在旁。象妖传音等三弟五弟来援，纪宁以神识发现援军，象妖大喝召三弟五弟动手。,纪宁、木子朔闯象王山，木子朔迎战黑牙象妖，另两名万象大妖赶来。
应龙卫,小千剑阵初显威,战斗描写、转折高潮,战斗、高潮,"鹰钩鼻金袍男子（金毛雄鹰）与黑瘦青年（四蹄异兽）两妖赶到，三妖化原形全力出手。纪宁施展小千剑阵第九层——七百二十九口飞剑（九阳剑阵为核心+水火飞剑），胸前凝聚白色玉剑剑芒，以水火磨盘剑一剑斩杀金毛雄鹰，再斩四蹄异兽。木子朔黑色游蛇缠杀黑牙象妖。三头万象大妖殒命。纪宁收金毛雄鹰、四蹄异兽尸体，木子朔收黑牙象妖尸体。被救孩童名""铁娃""，指向远处被圈养人奴所在。",小千剑阵第九层首次显威，一剑斩杀两头万象大妖，三妖尽殁。
应龙卫,空青蛇,人物引入、伏笔埋设,人物、伏笔,"纪宁、木子朔在峡谷深坑发现被铁链圈养的人奴（仅孩子和年轻人，无老人）。木子朔怒杀看守小妖，破开锁链。纪宁以神念影响令人奴上船。纪宁感应到更多万象大妖赶来，决定送人奴回应龙卫驻地后离开。孔雀女妖率众妖赶到象王山废墟，发现三妖已死，见龙首战船远去放弃追击。狱山大荒泽深山洞穴中，一条青色小蛇在寒潭吸纳万年寒冰寒气，已从紫府圆满达万象中期，回忆燕山旧识""纪氏小子""，欲回燕山杀铁木占报仇。两名修仙者寻来欲杀空青蛇。",人奴被救；空青蛇登场，回忆燕山往事，两名修仙者欲杀之。
应龙卫,空青蛇和纪宁,矛盾展现、人物引入,人物、冲突,空青蛇化青衣少女戏弄两名修仙者后穿梭虚空离去。东河飞云兄妹（东河白雪）一天杀两头万象大妖后遇北河昼等六人（冬一、徐满泉、北河昼等）设锁空大阵劫杀，东河白雪身死，东河飞云断臂以小挪移道符逃脱，发誓报仇。北河昼等六人发现纪宁龙首战船，冬一称纪宁仅二十岁赤明九天图第九重近战威胁大，拉开距离不惧，六人决定劫杀黑白学宫二人。纪宁送人奴往驻地途中，与木子朔、铁娃闲聊。,东河白雪死于六人劫杀；北河昼等六人盯上纪宁、木子朔欲劫杀。
应龙卫,劫杀黑白学宫弟子,矛盾爆发、战斗描写,冲突、战斗,六名万象真人（北河昼、冬一、徐满泉、寂诃、弄散、孟柳青，四万象圆满两万象后期）商议劫杀纪宁二人。北河昼热情邀纪宁上船饮酒，纪宁以神识探查发现船内潜伏五人及劫杀图谋，传音木子朔。纪宁婉拒上船，北河昼传音动手。纪宁更快一步施展小千剑阵，木子朔施展黑色游蛇。六人施展锁空大阵（六人为阵基），冬一施寒煞、徐满泉施风轮大阵、北河昼施无我无剑、寂诃施寂灭灰气、弄散施拂尘白丝、孟柳青施雷电。纪宁施水火莲花护体+三尺剑第二式荆棘密布，木子朔施蛇吞天。,六名万象真人锁空大阵围杀纪宁二人，双方全力交手。
应龙卫,所向披靡,战斗描写、转折高潮,战斗、高潮,纪宁水火莲花挡住雷电，荆棘密布剑芒破冬一寒煞、退徐满泉风轮但被拂尘白丝消散。纪宁施撼神术——以撼神符印释放神念如浪涛冲击六人神魂，六人皆陷入迷糊（因纪宁神魂为神识层次，媲美元神道人）。纪宁剑芒斩北河昼，破其护体剑气（师门长辈所留）后斩为两截；木子朔游蛇绞杀寂诃。其余四人清醒逃窜，纪宁再施撼神术令其减速，小千剑芒斩杀徐满泉。冬一以护身法宝挡住，施血遁术逃脱；孟柳青亦逃脱。六人死四逃二。纪宁、木子朔收尸体宝物，发现一瓶五百斤元液。,纪宁以撼神术令六人迷糊，斩杀四人（北河昼、寂诃、徐满泉、弄散），冬一、孟柳青逃脱。
应龙卫,突破，万象真人,转折高潮、悟道,修炼、高潮、爽点,纪宁二人炼化四名万象真人储物法宝，共得地阶法宝三十二件、元液一千八百斤。法宝归木子朔，元液归纪宁。二人将人奴送回应龙卫驻地，黑袍老者元神道人妥善安置。纪宁在荒山洞窟炼化元液，算上之前积累共两千五百斤元液，紫府之海终于达极限。纪宁按《水源注》突破万象境界口诀，紫府之海开始剧变——元力精华凝聚万千星辰、一轮明月、一轮太阳。,纪宁炼化一千八百斤元液，紫府达极限两千五百斤，开始突破万象。
应龙卫,异象,转折高潮、设定展开,设定、高潮,纪宁突破万象现三大异象：繁星当空（万千星辰破水而出）、海上升明月（一轮巨大明月升起）、朝阳东升（一轮太阳升空照耀紫府空间）。此三大异象同现为突破万象最完美之象。元力海洋下降至不足一成，光点融入星辰明月太阳使其变大一倍。万象法相与外界星辰感应，吸收天地元气速度暴涨数十倍。木子朔赠纪宁北河昼的九口地阶飞剑（北河剑阵）。半月后纪宁熟悉北河剑阵，遇无相真人、东旭真人战船，得知空青蛇在妖莲山一带。,纪宁突破万象真人现三大完美异象；获北河剑阵；得知空青蛇线索。
应龙卫,多年后的再相遇,人物引入、矛盾展现,人物、冲突,纪宁从无相、东旭处得知空青蛇在妖莲山一带，决定前往寻找。妖莲山一带，龙鲸大妖率十五名万象大妖以封禁锁空阵旗围杀空青蛇（因空青蛇杀其生死兄弟紫府虎头妖）。空青蛇以寒煞、灵活速度抵抗，但转圜余地不断缩小，决意死战。纪宁、木子朔驾龙首战船在妖莲山一带半月未果，感应到下方大战波动，纪宁以神识笼罩探查。,空青蛇被龙鲸大妖率十五名万象大妖围杀；纪宁感应到大战赶来。
应龙卫,小蛇蛇，你不认识我了？,转折高潮、情感展现,情感、高潮,"纪宁神识确认下方空青蛇即燕山旧识。龙鲸大妖启动封禁大阵，纪宁、木子朔驾战船冲入阵内。纪宁施展万象法相+小千剑阵第九层（核心已换北河剑阵），一剑斩驱山大妖（黑壳大龟）人形之身为两截。龙鲸大妖令停手，威胁纪宁离去。纪宁认出空青蛇，喊""小蛇蛇，你不认识我了？""空青蛇认出纪宁，惊喜万分。龙鲸大妖给两条路：离开活命或死。纪宁回敬两条路：带小蛇蛇走你们活，或全杀光再带小蛇蛇走。",纪宁与空青蛇多年后重逢相认；纪宁向龙鲸大妖放出豪言。
应龙卫,剑斩群妖,战斗描写、转折高潮,战斗、高潮,龙鲸大妖令十五名万象大妖化原形全力杀纪宁二人。纪宁施撼神术，神念如浪潮冲击十五名大妖神魂，令其个个迷糊。小千剑阵玉剑剑芒连斩九名大妖（黑壳大龟需两剑），木子朔游蛇杀六名大妖。白毛狐狸被斩后以神魔炼体凝聚身体逃跑，纪宁再施撼神术+水火莲花将其血肉绞碎至死。十五名万象大妖尽皆身死。空青蛇呆滞万分，不解纪宁九年未见竟强至此。龙鲸大妖震怒后冷静，识破神念秘术但自恃神兽天赋、万年道心、神魔炼体、神通在身，不惧。,纪宁以撼神术配合小千剑阵，眨眼间斩杀十五名万象大妖。
应龙卫,全力爆发的纪宁,战斗描写、转折高潮,战斗、高潮,纪宁紫府北冥剑因吸纳杀戮煞气戾气而震颤。纪宁施撼神术冲击龙鲸大妖神魂，龙鲸仅一颤即恢复（万年道心极坚定）。纪宁施三尺剑第二式荆棘密布剑芒刺入龙鲸头颅十余丈，仅破一层皮。龙鲸大妖三千丈原形庞大无比，寒煞、龙须均无法阻挡纪宁。纪宁施法天象地变三丈巨人，持双北冥剑冲上龙鲸身躯，施展最强神通摘星手——双剑化作两条剑河摧枯拉朽冲破寒煞刺入龙鲸体内，肆意破坏头颅要害。,纪宁施展摘星手冲入龙鲸大妖头颅内破坏，撼神术对龙鲸无效。
应龙卫,提议,转折高潮、人物引入,人物、高潮,龙鲸大妖以神力冲击纪宁，纪宁摘星手劈开神力刺穿头颅要害，龙鲸对身体掌控力大降。纪宁施水火莲花缩小至十丈方绞杀龙鲸血肉，但龙鲸身体太坚韧。龙鲸果断自爆头颅，纪宁被抛飞。龙鲸尾巴拍打纪宁砸入地底。纪宁跃出，龙鲸大妖见纪宁神魔炼体亦强，自知无法斩杀纪宁，且被刺穿头颅的感觉不愿再尝，遂逃走。空青蛇震惊纪宁之强。空青蛇提议跟随纪宁，纪宁称已有灵兽白水泽。,龙鲸大妖自爆头颅后逃走；空青蛇提议跟随纪宁闯荡。
应龙卫,寒煞和地火,设定展开、人物心理,情感、设定,"纪宁勉强收空青蛇为灵兽，取名""小青""，空青蛇自名""纪青青""。空青蛇讲述经历：悟出空间穿梭逃脱铁木占后离开燕山，拜入白龙妖仙门下，在狱山大荒泽三年从紫府圆满至万象中期。空青蛇发现一条寒煞脉和一条地火脉，纪宁、木子朔大喜。纪宁解释寒煞（地水）、地火分九品，需找地火脉寒煞脉采种。木子朔选寒煞（偏水木），纪宁寒煞地火都要（太阴真水太阳真火孕育之躯）。冬一在隐秘山腹发现金焰地火脉，因修寒性功法无法用，欲交易。","空青蛇成纪宁灵兽""纪青青""；发现寒煞脉与地火脉；冬一发现地火脉欲交易。"
应龙卫,采种寒煞,设定展开、装备获取,奖励、设定,冬一识别地火为金焰地火，因修寒性功法无法用，离去欲交易。纪宁、木子朔、青青抵湖底，在千丈寒冰层中发现雪魂寒煞脉（极顶尖寒煞，可孕养至一品）。纪宁布迷阵，青青护法。纪宁以一天时间成功采种寒煞入紫府小岛，体内寒煞如幼苗生长。青青赠纪宁两尺长万年寒冰作贺礼（自己有三丈多高的）。木子朔吞吸速度慢，需三天。,纪宁、木子朔在湖底寒冰层采种雪魂寒煞成功；青青赠万年寒冰。
应龙卫,元神大妖,转折高潮、悬念设置,伏笔、高潮,龙鲸大妖突破元神大妖（龟蛇元神），实力大涨。龙鲸大妖发信众妖追查纪宁、木子朔、青青（画兽皮信水印术拓印数十份）。孔雀妖王等各方妖族势力接信后传令查找。纪宁在寒冰层以万年寒冰孕养寒煞至八品。三天后木子朔采种寒煞成功，青青赠半尺万年寒冰。纪宁等出发往地火脉。一先天小妖发现纪宁等行踪。,龙鲸大妖突破元神大妖，发信众妖追查纪宁；纪宁寒煞达八品。
应龙卫,齐聚,矛盾展现、悬念设置,伏笔、冲突,纪宁以万年寒冰孕养寒煞。纪宁开始采种金焰地火（因体内已有寒煞，需更小心，短则三四天长则五六天）。先天小妖禀报，紫府妖怪转报龙鲸妖王纪宁所在位置。龙鲸妖王出发追杀。冬一带血莲寺红叶、红蕊兄妹以地火脉交易赶来。纪宁采种地火三天后，木子朔警戒阵法发现有人闯入山腹。冬一、红蕊、红叶行至地下河发现迷阵。红叶识破迷阵，入阵破阵。龙鲸妖王抵低矮山头上空，以神识发现纪宁等人，布封禁锁空大阵。,龙鲸妖王、冬一红叶红蕊三方齐聚地火脉所在山头，龙鲸布封禁锁空。
应龙卫,猎物,矛盾爆发、转折高潮,冲突、高潮,龙鲸妖王神识传音纪宁，感谢其逼自己突破元神，要将所有人杀死。冬一、红蕊在阵外遇龙鲸妖王。龙鲸以天阶飞剑携元火杀红蕊（元火烧身成灰，神魂俱灭）。红叶在阵内闻师妹死讯，以九天十地遁光梭（神魔时代逃命奇宝，用一次需十年恢复）穿透迷阵与封禁大阵逃脱。冬一血遁术逃不出封禁大阵，绝望。龙鲸妖王告知阵内即纪宁，冬一悔恨自爆身亡（不愿被元火烧死魂飞魄散，自杀可投胎）。纪宁采种地火加快吞吸，紫府地火岛屿终于凝聚成种。,龙鲸妖王杀红蕊、冬一自爆身亡，红叶以奇宝逃脱；纪宁地火栽种成功。
应龙卫,下辈子找回来,转折高潮、战斗描写,战斗、高潮,龙鲸妖王收冬一、红蕊遗物后杀向纪宁。纪宁地火栽种成功，与龙鲸妖王对峙。纪宁施撼神术令龙鲸妖王元神一震、法宝威力受影响。龙鲸以天阶黑色大剑携元火劈来，纪宁施法天象地+摘星手+水火莲花（内含寒煞地火）硬接，将黑色大剑劈飞。龙鲸妖王显原形三千丈，天崩地裂，山头倒塌岩浆喷发。纪宁命木子朔、青青破封禁大阵，自己拖住龙鲸。龙鲸龙须携元火笼罩纪宁，纪宁被撞退。纪宁感实力与元神道人差距不小，正思量拖延时——天地忽然静止。,纪宁地火栽种成功与龙鲸妖王对峙；龙鲸显原形天崩地裂；天地忽然静止。
应龙卫,苏醒,转折高潮、悬念设置,伏笔、高潮,"天地静止，碎石、岩浆、水滴皆定住，纪宁、木子朔、空青蛇、龙鲸妖王四人被无形力量镇压无法动弹。地底岩浆中伸出千丈火红色大手，轻轻捏碎龙鲸妖王头颅，连魂魄真灵一并捏碎，龙鲸妖王魂飞魄散。更巨大的火红色头颅（独眼竖瞳、一鼻一嘴、岩浆岩石聚成）从大地深处冒出，称""小蚯蚓毁我洞府打扰我睡觉""。纪宁内心惊呼""神魔""。古老神魔扫视纪宁三人如看蝼蚁。",古老神魔苏醒，一掌捏碎龙鲸妖王头颅令其魂飞魄散。
应龙卫,神魔和人族,设定揭示、悬念设置,伏笔、揭示、设定,木子朔、空青蛇、纪宁皆感死亡降临，无力反抗。纪宁引动护身吊坠剑气欲拼死一搏，却被古老神魔的无形之力压回。古老神魔惊讶于纪宁背后剑仙之强（剑气凝重凌厉，似北行仙人），忌惮人族剑仙同门前辈，决定离去。古老神魔感叹人族可怕——繁殖力强、悟性高、进步迅猛（数百年成仙人），为三界万族之领袖霸主，神魔亦需退避。古老神魔见应龙卫散仙赶来，即遁入扭曲虚空消失。纪宁趁机收龙鲸妖王尸体入库。血袍散仙赶到追问神魔模样，以神念探查三人（纪宁神魂强挡住），识破神魔身份后冷汗（幸未追上），命三人保密后遣走。,古老神魔因忌惮人族剑仙背景离去；应龙卫散仙追问神魔后命保密。
应龙卫,入应龙卫,转折高潮、情节推进,高潮,纪宁、木子朔炼化龙鲸妖王及冬一、红蕊遗物，获大量法宝（八件紫府法宝含两天阶、两地阶储物）、六百斤元液等。元液一人一半，法宝送天宝山卖后均分。纪宁等在寒冰层密室修炼至三月期满，返回应龙卫驻地。胖老者告知以信符追踪生死，一百人五十二人活着回来。东河飞云独臂回归，煞气冲天，向孟柳青放话报仇。孟柳青透露北河昼等四人死于纪宁二人之手，东河飞云向纪宁行大礼致谢。红叶真人亦回，深看纪宁一眼。五十二人经传送阵回赤龙山脉，正式加入应龙卫。,纪宁收龙鲸妖王宝物；五十二人活着回来正式加入应龙卫；东河飞云致谢纪宁。
翼蛇湖纪宁,新晋应龙卫,设定展开、人物引入,人物、设定,纪宁等五十二人经传送阵抵达应龙卫分部所在地，虞兰道人（元神道人，擅魅惑秘术）率众迎接，灵兽白水泽与空青蛇青青与纪宁团聚；虞兰道人辨别万象大妖头颅后，淘汰七人，纪宁等四十五人正式成为新晋应龙卫，虞兰道人发放应龙卫书籍介绍特权与责任体系（一爪至五爪应龙卫的功德任务要求）。,纪宁正式成为一爪应龙卫，应龙卫特权与责任体系首次展开。
翼蛇湖纪宁,神通'烛龙之眼',设定展开、悬念设置,伏笔、设定,"虞兰道人带纪宁等人参观应龙卫道藏宫，宫内藏三百六十种仙阶炼气法门、三种纯阳炼气法门、八十九种神通、六十一神念秘术、一百零二禁忌秘术及无数奇宝，但多需应龙卫内卫身份或巨额功德方可换取；纪宁见传说级神通""烛龙之眼""需内卫身份加千万功德，暗叹应龙卫以资源诱惑修仙者成为内卫的手段高明；一名矮胖男子率先加入内卫。","应龙卫道藏之丰富冠绝大夏王朝揭晓，""内卫""制度作为吸纳忠诚者的核心手段展开。"
翼蛇湖纪宁,黑白学宫中的闭关,设定展开、情节推进,设定,虞兰道人告知应龙卫可划万里方圆部族地盘受庇护（应龙卫身死庇护千年，内卫庇护万年），纪宁以万剑城为中心划纪氏地盘领令牌；随后纪宁、木子朔接两个十功德任务（斩杀邪道修仙者黑角真人、牵兜真人），在安澶城天宝山卖掉狱山大荒泽收获（万年寒冰等），纪宁将八千斤元液分给白水泽，购火莲髓孕育金焰地火，二人回黑白学宫闭关；纪宁炼化元液从万象前期修炼至万象后期，木子朔与青青达万象圆满；九莲闻纪宁归来去北冥峰拜访却扑空。,纪宁为纪氏划定应龙卫庇护地盘，闭关修炼至万象后期，九莲错过拜访。
翼蛇湖纪宁,怅然若失,人物心理、情感展现,情感,殿才仙人感知纪宁回学宫；纪宁回北冥峰，六名仆从迎接，灵兽青青以万象大妖气息震慑众人；纪宁独自入静室炼化六千斤元液，从万象中期修至万象后期，因元液不足以突破万象圆满而反思剑法；木子朔次日来访已万象圆满，得知纪宁将元液分给白叔；纪宁一行当日离开黑白学宫执行任务，九莲踩莲花法宝来寻纪宁却得知其已离去，眼中失望而归。,纪宁修炼至万象后期后离去执行任务，九莲再次错过相见，怅然若失。
翼蛇湖纪宁,从未曾忘,矛盾展现、转折高潮,冲突、高潮,纪宁、木子朔联手缉拿邪道要犯，先以白叔布阵、木子朔吞天魔蛇傀儡绞杀鬼婴王、斩杀黑角真人；后经传送阵至东裕城，神识发现牵兜真人藏匿的凶城（压榨凡人建城、罪孽血光骇人），纪宁以撼神术灭其属下，以水火莲花绞杀牵兜真人及五名紫府修士；任务完成后，纪宁将深埋心底的三大仇人——冬七、虞侗、水易（害死父母舅舅之人）取出，决意报仇。,纪宁完成应龙卫任务，父母之仇涌上心头，复仇线正式开启。
翼蛇湖纪宁,杀意沸腾,矛盾展现、人物心理,冲突、情感,纪宁告知木子朔要报父母之仇，木子朔坦露自己母亲死后已无牵无挂，决意同行；二人赴安澶城请北山百微暗中查三人情报，纪宁阅天宝山详细资料：冬七乃寒阳道人唯一亲孙、紫府圆满、住雪龙山无法下手，虞侗为万象前期、住残月山可杀，水易为紫府圆满、住冬氏部族稍难；纪宁决意先杀虞侗再杀水易，购香炉法宝（收魂灭魄用），乘战船赴残月山。,三大仇人情报查明，纪宁定下先虞侗后水易的复仇顺序，杀意沸腾。
翼蛇湖纪宁,真实的虞侗,人物引入、人物心理,人物、情感,残月山万象圆满真人残月真人（阴冷老者，困万象圆满两百余年近大限）与其弟子虞侗、女儿月薇的关修展开；虞侗在残月真人前伪装恭敬，实则暗中控驭月薇为奴、觊觎残月刀阵、甚至萌生杀师之心，其真实面目为一步步从凡人攀爬的枭雄，曾暗杀多名天才弟子而不留破绽；纪宁以神识笼罩残月山，看穿虞侗伪装，决意灭杀。,虞侗伪善枭雄的真面目被纪宁神识看穿，复仇目标锁定。
翼蛇湖纪宁,神秘的残月真人,战斗描写、转折高潮,战斗、高潮,"纪宁一行至虞侗府邸上空，虞侗唤师妹月薇通知师傅残月真人赶来；残月真人以安澶北山氏""北山血令""威胁纪宁，纪宁假意离去时突然爆发——以撼神术冲击残月真人神魂、施展摘星手、风翼遁法、三尺剑之荆棘密布，一剑将残月真人斩为两段，冷漠宣告""就是北山族人在此，我也一样杀""。",纪宁一瞬爆发斩杀万象圆满的残月真人，北山血令背景埋下隐患。
翼蛇湖纪宁,为什么，为什么！,转折高潮、情感展现,情感、高潮,虞侗绝望求饶无效，命月薇自爆拦纪宁而逃，月薇紫府自爆被水火莲花轻易挡下，虞侗施毒虫、迷阵、封禁、小挪移道符皆无用（空间被白叔锁空大阵封锁）；纪宁毁虞侗丹田紫府防其自杀，施焚心术折磨，白叔现原形令虞侗忆起当年劫杀纪宁父母舅舅之事，纪宁泪告自己便是当年孕妇所怀之子，前来报仇。,虞侗被焚心折磨，真相揭开——纪宁即当年孕妇之子，前来报父母舅舅之仇。
翼蛇湖纪宁,闯祸了,转折高潮、悬念设置,伏笔、高潮,"虞侗焚心术下焦化焚身、怒吼""天不佑我""而死，纪宁以香炉法宝收其魂魄灭之；纪宁感慨虞侗为讨好冬七而害孕妇终遭报应，随后迅速撤离残月山；残月真人遗物中发现的血袍（制式战袍）、兽皮信件（提及""退役""""老二哥""""天方世界""）令纪宁等人脸色大变，意识到残月真人背景不凡，""闯祸了""。",虞侗被灭魂，残月真人遗物揭示其军队背景，纪宁意识到闯下大祸。
翼蛇湖纪宁,凶手纪宁,悬念设置、伏笔埋设,伏笔,"纪宁等人推断残月真人为安澶北山氏秘密军队""玄军""退役者（征战天方世界），决意将残月真人遗物（除元液外）扔进地磁深处销毁痕迹；纪宁设计引水易出冬氏部族；同时，玄军果然追查凶手——残月真人的老兄弟们誓言复仇，通过安澶北山氏情报网查到北山黑虎府曾查虞侗情报，北山黑虎质问儿子北山百微，断定凶手就是纪宁。",玄军追查凶手锁定纪宁，北山黑虎查明真相，伏笔正式埋下。
翼蛇湖纪宁,父与子,人物心理、伏笔埋设,伏笔、情感,"北山黑虎告知百微残月真人乃玄军退役者（军队逆鳞，杀之必招复仇），给出两个办法——放弃纪宁或由百微扛下此事；百微选择扛下，北山黑虎编排理由称百微不知情下所杀，以嫡系子弟身份令玄军无法怪罪，但叮嘱百微要让纪宁""无意中知道""自己的牺牲以收揽人心；百微不认同父亲的权谋心计，担心纪宁安危；纪宁一行则已抵达D河湾，准备引出水易。",北山百微为纪宁扛下杀残月真人之祸，父子权谋与赤诚的对比展开。
翼蛇湖纪宁,水易的末路,情节推进、转折高潮,高潮,纪宁神识锁定易水城族长水天一，以撼神术击晕后用一气袋掳走，水氏部族恐慌求救水易；水易从冬氏部族告假赶回，半个多月后抵达易水城百里外，纪宁与白叔迎击，纪宁一剑贯穿水易腹部毁其紫府。,纪宁设计掳走水天一引水易出冬氏部族，半空截杀毁其紫府。
翼蛇湖纪宁,回归翼蛇湖,情感展现、情节推进,情感,白叔现原形令水易忆起当年劫杀之事，纪宁施焚心术折磨后以香炉收魂灭魄，第二仇人伏诛；纪宁放走水天一，与木子朔在赤龙山脉交应龙卫任务，各得十功德；纪宁决意回翼蛇湖长住（有水府修炼之利），木子朔回黑白学宫钻研傀儡之道陪伴师傅琼华道人；纪宁归翼蛇湖，于明心岛见秋叶，感父母骨灰洒于湖中，温暖如归。,水易被灭魂，第二仇人伏诛，纪宁回归翼蛇湖家乡长住。
翼蛇湖纪宁,纪氏之兴,设定展开、环境铺陈,设定,纪宁与秋叶、青石（已长高至一米九）重逢，纪氏因纪宁加入黑白学宫声威大涨，雪龙山燕山分支不敢造次；纪宁告知族长纪九火等人自己已入应龙卫并划纪氏万里地盘，交令牌悬挂万剑城城主府；纪氏凭三名万象（纪宁、白叔、青青）及黑白学宫背景实力暴涨，族长等人决定扩张地盘；纪宁指点纪氏后辈后入静室进水府。,纪氏凭借纪宁实力与应龙卫庇护大兴，纪宁进入水府修炼。
翼蛇湖纪宁,星辰殿内悟道,悟道、设定展开,修炼、设定、爽点,水府洞府之灵黄毛大熊、黑色老牛指点纪宁：战神殿第三层需神魔炼体万象层次，纪宁现第九重不足一成把握；纪宁入星辰殿诵读星辰卷悟道，疾风之道达道之域境（四年积累薄发）；黄毛大熊讲述小道、大道、天道之别，称三寿道人混沌诞生即掌握一条大道，鼓励纪宁悟出剑道大道成为大夏王朝第一剑仙；同时九莲从木子朔处得知纪宁居翼蛇湖，决意前往。,纪宁星辰殿悟道，疾风之道达道之域境，九莲决意赴翼蛇湖。
翼蛇湖纪宁,三尺剑之第三式,悟道、装备获取,修炼、奖励、爽点,"纪宁在星辰殿感悟剑道半月，悟出《三尺剑》第三式""剑芒乍现""（剑芒内敛惊人，黄毛大熊称创此剑法者天资比雎华仙人还强）；纪宁趁赤明九天图将突破第十重前用掉紫府层次最后一次闯战神殿机会，闯第三层，面对一丝神力凝聚的金甲神将分身（暗示水府隐藏神主秘密），以小千剑阵、水火莲花、摘星手弓箭远攻消耗其神力，最终射灭分身获胜，可去珍宝殿选一件地阶宝物。",纪宁悟出三尺剑第三式，闯过战神殿第三层击败神魔分身。
翼蛇湖纪宁,神魔的分身,战斗描写、悬念设置,伏笔、战斗,"纪宁以摘星手弓箭十八发、小千剑阵三十九道剑芒，活生生射灭金甲神将分身，黄毛大熊难以置信；金甲神将分身本尊为强大神魔，对""神主""敬畏，暗示水府隐藏秘密；纪宁获准入珍宝殿选地阶宝物。",纪宁以弓箭远攻战术击败神魔分身，水府神主秘密悬念加深。
翼蛇湖纪宁,名为'寒冥',装备获取、设定展开,奖励、设定,珍宝殿内地阶宝物琳琅（玄武金鳞舟、地火心灯、寒煞镜等），黄毛大熊指出最适合纪宁的三件——地火心灯（十年升地火至一品）、寒煞镜（十年升寒煞至一品）、寒冥剑阵（九柄地阶极品飞剑组成，三寿道人划分的极品，威能超一般天阶飞剑，可令小千剑阵威能升一层次）；纪宁最终选寒冥剑阵以立即提升实力。,纪宁选寒冥剑阵，小千剑阵威能跃升一个层次。
翼蛇湖纪宁,九莲师姐,人物引入、情感展现,人物、情感,"纪宁炼化九柄寒冥飞剑，小千剑阵大增；出关后纪墨（纪氏年轻一代最优秀者）来拜访求指点；九莲师姐与师妹雒青至翼蛇湖，纪宁迎接，九莲赞叹翼蛇湖之美；两个""青青""（空青蛇纪青青与雒青）相见结为好友，九莲、雒青暂居明心岛。",九莲师姐至翼蛇湖拜访纪宁，二人重逢，感情线正式展开。
翼蛇湖纪宁,和九莲的日子,情感展现、悟道,修炼、情感、爽点,纪宁以剑气莲花指点纪墨破阵入门；九莲出身东延氏（横跨三郡的古老大部族，实力超安澶郡八大势力，镇族秘典为青莲秘典），纪宁与九莲就莲花法术论道一日一夜，彼此触动提高——九莲点破水火莲花中花瓣彼此引动的奥妙，纪宁亦分享心得；二人论道三五日一次，转眼三个多月过去；雒青直言问九莲是否看上纪宁，九莲罕见窘迫。,纪宁与九莲论道彼此提高，九莲对纪宁动了感情。
翼蛇湖纪宁,赤明九天图第十重,悟道、情感展现,修炼、情感、爽点,雒青追问九莲是否选纪宁为道侣，九莲坦言纪宁潜力惊人、遵循心的感觉，但称需多观察不急；雒青次日离去；纪宁与九莲继续论道，五个多月后纪宁明悟水火相生相克关卡，入水府突破赤明九天图第十重（媲美万象后期神魔炼体，得太阴真水太阳真火辅助），再去珍宝殿选第二件地阶宝物；转眼九莲在翼蛇湖已一年，黑白学宫中雒青告知陈进九莲已选定道侣非他，陈进如遭晴天霹雳。,纪宁赤明九天图突破第十重，陈进得知九莲选定纪宁而崩溃。
翼蛇湖纪宁,火圣师兄,人物引入、矛盾展现,人物、冲突,陈进无法接受九莲选纪宁，雒青告知九莲已在翼蛇湖呆一年且曾露出害羞窘迫；陈进失态飞出，至火圣师兄（黑白学宫三代弟子领袖，掌握一条完整道，神魔炼体万象圆满，击败过元神道人）处倾诉；火圣劝其冷静，愿陪陈进赴翼蛇湖看看纪宁；翼蛇湖上纪宁躺船中睡，九莲为其理发，火云上的陈进见状眼红。,火圣师兄登场，陈进妒火中烧偕火圣赴翼蛇湖，情敌矛盾爆发在即。
翼蛇湖纪宁,妒火中烧,矛盾爆发、人物心理,冲突、情感,火圣拦住冲动欲下的陈进，二人降至水面；纪宁认出火圣师兄，九莲传音提醒小心流云师兄；陈进冷面对纪宁，九莲劝陈进放弃纠缠，陈进痛苦质问九莲多年追求竟不敌纪宁，妒火转为怒火，祭出一百零八金光圆盘成风云大阵，喝令纪宁应战证明其不堪一击，否则滚离九莲；纪宁持北冥剑应战。,陈进妒火爆发，以风云大阵挑战纪宁，情敌之战一触即发。
翼蛇湖纪宁,纪宁战陈进,战斗描写、转折高潮,战斗、高潮,"火圣不阻止陈进发泄怒火，九莲焦急；陈进传音侮辱纪宁出身部族弱小、父母双亡，纪宁反讽其追求九莲多年未被搭理；陈进施青色风鸟攻纪宁，纪宁以小千剑阵第九层三才莲花剑斩开；陈进施风鸟神龙合击，纪宁以三尺剑第三式""剑芒乍现""斩溃；火圣、九莲震惊于纪宁实力；陈进施风云锁天地，纪宁以神魔炼体第十重摘星手近身，一手掐住陈进喉咙，逼问""谁是一坨屎""。",纪宁以三尺剑第三式及神魔炼体近身战轻易击败陈进。
翼蛇湖纪宁,陈进的威胁,矛盾爆发、悬念设置,伏笔、冲突,纪宁掐喉辱陈进后甩开，陈进被摔如陨石；火圣感叹纪宁天资妖孽堪比邋遢真人，陈进反生心魔；陈进再度飞上威胁纪宁——若不离开九莲便灭纪氏部族（以被通缉罪犯出手，与己无关），纪宁怒而以神念冲击火圣阻其插手，再掐陈进喉咙连抽数十巴掌，逼其选两条路：立天道誓言永不害纪氏，或当场魂飞魄散。,陈进威胁灭纪氏，纪宁怒逼其立天道誓言，矛盾达到顶点。
翼蛇湖纪宁,一起走修仙路,情感展现、伏笔埋设,伏笔、情感,"陈进被迫立天道誓言永不害纪氏否则魂飞魄散，火圣携陈进离去，陈进临走警告纪宁九莲乃东延氏下任首领道侣难当；纪宁与九莲空中相近，纪宁主动牵手九莲，问""当我道侣吧""，九莲犹豫后点头应允，二人相约修仙路上千年万年乃至永恒同行；陈进回黑白学宫后决意将纪宁九莲之事密告东延氏，借大部族之手拆散二人。",纪宁与九莲正式结为道侣，陈进密告东延氏埋下祸根。
翼蛇湖纪宁,带走,转折高潮、矛盾展现,冲突、高潮,"纪宁与九莲饮董仙酒（东游上仙董游所创，爱情忠贞象征），东延氏战船骤至，散仙北瞿仙人率九名元神道人弟子及玄冥卫（皆万象真人）前来，以神念冲击震慑纪宁未果（纪宁观想女娲图顶住）；北瞿仙人奉东延老祖之令带走九莲，传音讥纪宁""不配""；九莲被带上战船消失，纪宁空落落但更加坚定。","东延氏散仙率众强行带走九莲，纪宁遭""不配""之辱。"
翼蛇湖纪宁,东延老祖,人物引入、人物心理,人物、情感,"九莲被带至东延山脉见东延老祖（蓝衣男子，隐居垂钓，实力成谜，疑似天仙，地位凌驾部族首领之上）；老祖不强行阻止九莲与纪宁，但以""道侣""真谛考问——道侣需能为他死、为他诛仙灭佛、视其为生命另一半，九莲犹豫未能答；老祖令九莲入万莲洞（映照道心之幻阵），待成为元神道人且仍认定纪宁方可出去，九莲答应并派人通知纪宁；老祖独白感怀九莲像故人""如音""。",东延老祖以道侣真谛考问九莲，令其入万莲洞明心修炼。
翼蛇湖纪宁,转眼九年过,情节推进、环境铺陈,设定,"九莲仆从传话纪宁""九莲短时间无法出部族，需思索认定道侣是否仓促""，秋叶点破此乃东延氏挑拨之计，纪宁斗志不减；纪宁在翼蛇湖勤奋修炼——参悟剑法、接应龙卫任务追杀要犯大妖、进水府星辰殿悟道、湖上飘荡静心；转眼近九年过去，纪宁斩杀多名强大要犯（含能战元神道人的毒鸠真人）名气大增；纪氏逼寇氏、黑火教等部族迁移出燕山，唯雪龙山燕山分支不肯迁移。",九年蛰伏，纪宁实力大增名扬燕山，纪氏扩张唯雪龙山燕山分支未除。
翼蛇湖纪宁,纪宁的手书,矛盾展现、转折高潮,冲突、高潮,"纪宁练字练剑练心，剑意惊人，秋叶感叹其九年进步质变；纪留真（现任族长）、纪九火、影婆婆、老仆阿醒来访，告知雪龙山燕山分支仗背后宗门不肯迁移且态度强硬，纪宁当场手书通牒""限十日内滚出燕山，否则剑下无情""，设禁制焚毁防窥探；许方等四名紫府修士见手书剑意吓得心颤腿软，急捏碎信符上禀雪龙山宗门。",纪宁手书通牒逼雪龙山燕山分支迁移，剑意震慑紫府修士。
翼蛇湖纪宁,雪羽道人,人物引入、矛盾展现,人物、冲突,许可真人（雪龙山燕山分支首领，万象真人，因惧纪宁躲回宗门）感应信符碎裂，知纪宁即将来攻，急求见师尊雪羽道人（雪龙山三巨头之一，元神圆满，修炼千年，爱美收俊美弟子）；雪羽道人闻纪宁猖狂欺雪龙山，决意亲自赴燕山教训纪宁，率众乘战船出发。,雪羽道人（元神圆满）决意亲自赴翼蛇湖教训纪宁，大战在即。
翼蛇湖纪宁,元神道人和纪宁,矛盾爆发、战斗描写,冲突、战斗,"雪羽道人至翼蛇湖以神念碾压纪宁，纪宁以撼神术逆袭，神魂强于雪羽道人（纪宁神识幅散近千里，雪羽仅六百里）；二人对话，雪羽道人斥纪宁不将雪龙山放在眼里，纪宁反驳雪龙山扩张在先、纪氏扩张在后理所当然，双方互不让步，雪羽道人怒而出手，纪宁应战""请""。",纪宁与元神圆满雪羽道人正面交锋，神魂压制对方，大战爆发。
翼蛇湖纪宁,纪宁战元神,战斗描写、转折高潮,战斗、高潮,雪羽道人以元火火海攻纪宁，纪宁以水火莲花轻易挡住（九年感悟加九莲论道完善）；雪羽施天水一百零八滴砸纪宁，纪宁以剑光牵引天水化解，雪羽引爆天水凝冰霜雾气，祭出杀招鸳鸯分光剑（天阶上品法宝，化青金两色蛟龙）；纪宁施法天象地化十丈巨人、展黑色羽翼，一剑震退鸳鸯分光剑。,纪宁以水火莲花挡元火、剑光化天水、法天象地对战鸳鸯分光剑，毫不逊色。
翼蛇湖纪宁,迁移出燕山,战斗描写、矛盾收束,冲突、战斗,雪羽施阴阳分化双蛟龙围攻纪宁，纪宁以三尺剑第五式阴柔剑法令蛟龙溃散，雪羽施最强招鸳鸯缠绵抵挡；纪宁见剑法优势被法宝劣势抵消，遂以风翼遁法近身冲杀，雪羽大惊施遁术逃回战船，主动认输退去，下令迁移燕山分支；纪宁感叹雪羽干脆未输先退；纪氏众人狂喜，纪宁坦言生死厮杀胜负两说，小青则称神魔炼体占优。,纪宁近身逼退雪羽道人，雪龙山燕山分支被迫迁移，纪宁成名之战。
翼蛇湖纪宁,名传安澶郡,转折高潮、人物心理,情感、高潮,雪羽道人告诫麾下万万不可招惹纪宁，任凭消息传播；纪宁击退元神圆满道人之战名传安澶郡，北山百微大喜过望，黑白学宫陈进闻讯脸色铁青心魔加深；邋遢真人（三代弟子第一人）与矮子老者论道，邋遢不以为意自称只与自己比；木子朔等十余名黑白学宫弟子决意赴翼蛇湖拜访纪宁；殿才仙人欣慰徒弟实力；东延氏万莲洞中九莲闻纪宁击退雪羽道人而震惊心慌。,纪宁名传安澶郡成为风云人物，各方震动，九莲在万莲洞闻讯心慌。
翼蛇湖纪宁,出万莲洞,转折高潮、情感展现,情感、高潮,九莲心慌不安促使她突破最后阻碍明悟本心——习惯掌控一切、喜欢掌控身边一切，对陈进不动心因其不可控、对纪宁动心因纪氏弱小在掌控范围内且身世触动其保护欲；九莲破万莲洞而出，东延老祖感叹九莲本心强硬乃天生领袖；九莲赴燕山；纪宁与北山百微相聚，百微告知残月真人玄军背景已被他扛下（纪宁不知百微本人牺牲）；木子朔、余薇、沧江真人等十五名黑白学宫同门至翼蛇湖拜访。,九莲明悟本心出万莲洞赴燕山，北山百微告知扛下玄军之事，众同门来访。
翼蛇湖纪宁,三百年一次的仙缘大会,设定展开、悬念设置,伏笔、设定,沧江真人、余薇与纪宁等论仙缘大会——大夏王朝开国大帝所定，三百年一次，元神以下方可参加，三千六百郡及海外天才妖孽汇聚，排名前三得仙阶法宝，前十可拜超越天仙的大能者为师（成天仙希望大增），已知成天仙者超八成经此途；余薇将参加（修炼仅比纪宁多十年，掌握一条寒冰之道，前世记忆偶有觉醒可保命）；纪宁考虑三年内尽力提升实力再定是否参加；余薇透露天仙之上为纯阳真仙（需悟出一条大道为前提）。,仙缘大会设定展开（三年后、元神以下、前十拜大能者），纪宁尚在考虑是否参加。
翼蛇湖纪宁,相聚,情感展现、悬念设置,伏笔、情感,纪宁劝余薇谨慎参战，余薇决意勇猛精进（前世渡劫失败今生当精进）；纪宁邀余薇、沧江、木子朔留翼蛇湖切磋论道备战，北山百微负责供给；众人论傀儡之道无大能者悟透故仙缘大会不许傀儡之道者参加；余薇透露自己父母早亡（幼年部族遭袭，父母为护她而死，她神魂爆发杀仇人），与纪宁同病相怜；九莲从上水郡飞至翼蛇湖，与纪宁团聚，东延氏不再阻拦二人，余薇沧江笑认二人结为道侣，木子朔大呼纪宁不告知，全卷以众人相聚收束。,九莲归来与纪宁团聚，东延氏不再阻拦，余薇身世揭晓，众人相聚翼蛇湖，全卷落幕。
入仙府,少炎氏,人物引入、设定展开,人物、设定,大夏王都四公子之一、少炎氏下任羽神公几乎内定继承者少炎农，携远古神魔相柳方抵达安澶郡赤龙山脉传送阵。北山胤、东石仙人亲自迎接并献上人手（万象真人死士、紫府修士）；雪龙山雪红衣、应龙卫步游真人亦受安排效力。少炎农此行目的是完成部族考验。步游真人提及燕山黑白学宫北冥真人纪宁，引起少炎农好奇。,少炎农作为贯穿本卷的核心人物登场，其少炎氏下任羽神公的身份与部族考验目的点明。
入仙府,有实力，才是大能者,人物心理、设定展开,情感、设定,"少炎农战船抵达翼蛇湖，纪宁与九莲因秋叶地位尊卑之争不欢而散。纪宁提出""有实力才是大能者""的信念。少炎农登门，九莲识破其身份为少炎氏公子，沧江真人、九莲传音告知众人少炎氏乃大夏王朝排名前十、拥三封侯、近百倍于安澶郡封地的古老大部族。少炎农请求纪宁等人帮忙。",纪宁与九莲待人处事的理念矛盾首次显现；少炎农正式与纪宁一行人接触。
入仙府,巫江仙府,设定展开、悬念设置,伏笔、设定,少炎农说明来意——探查天仙巫江仙人遗留的仙府，巫江仙人乃水族大妖得道的天仙、妖剑仙，府内藏有灵药、法宝乃至仙阶法宝。少炎农以少炎氏名义承诺：宝物归发现者所有。纪宁因巫江仙人剑术传承动心，五人答应同行。纪宁回明心岛安排秋叶、带空青蛇、白水泽同行，并带齐水府所得两大护身奇物。少炎农展示灵兽赤鳞虬龙（需元神阶段化形的高贵神兽）。,巫江仙府设定展开，纪宁等五人正式加入探宝队伍。
入仙府,夺过来！,矛盾展现、环境铺陈,冲突、设定,众人抵达天游山脉，少炎农以仙府之钥开启仙府通道。进入后所见并非葱郁山脉而是荒凉沙漠，远处山峰上有上千穿雪白甲铠的人鱼大妖操练。妖族无尽岁月未见人族，人鱼女妖首领下令夺取仙府之钥以离开仙府世界，上千妖族道兵化为滔天巨浪冲来。纪宁等认出这是巫江仙人培养的妖族道兵。,"仙府世界妖族道兵威胁初现，""夺仙府之钥""矛盾爆发。"
入仙府,挡不住,战斗描写、矛盾爆发,冲突、战斗,"上千妖族道兵全力一击接近地仙威能，战船被击飞。纪宁、雪红衣、余薇、沧江真人等联手抵挡仍处劣势，紫府修士开始伤亡。相柳方抓住时机掷出长梭破道兵大阵中枢，再掷第二梭斩杀人鱼女妖首领，道兵溃逃。众人斩获一批道兵甲铠。随即一股更强大的神识笼罩，上万妖族道兵及夜叉道兵（巫江一族）出现，相柳方直言""挡不住""。",相柳方初展神魔实力斩首妖族首领，但更大规模的妖族道兵威胁降临。
入仙府,神魔相柳,设定揭示、战斗描写,战斗、揭示、设定,少炎农祭出金灵神光球护住众人，将紫府修士收入口袋，命相柳方脱身作战。相柳方现出九头蛇尾千丈神魔本相——远古神魔相柳一族。纪宁等人在神光球中看到仙府世界尽头五根金光天柱，推断仙府分五大分殿。少炎农决定飞往最近天柱进入分殿。相柳方迎战巨浪，又出现数万丈高、由夜叉道兵汇聚的丑陋驼背巨人（巫江一族），相柳方不支。少炎农及时开启分殿殿门，众人飞入。,相柳方神魔真身与相柳一族身份揭示；仙府五大分殿结构点明。
入仙府,藏宝殿,环境铺陈、悬念设置,伏笔、设定,"众人进入分殿暂得安全。少炎农透过虚空孔洞观战，担忧相柳方。分殿深处十八尊穷奇傀儡苏醒，判定众人为""凭借仙府之钥强行进来的外族""，下令""杀无赦""。阵法禁制突然引动，众人陷入茫茫虚空阵法，神识无法探查。少炎农表示无法开启外界通道，相柳方进不来。寒冰箭矢铺天盖地袭来，威力足以击杀普通万象圆满。",分殿内阵法禁制与穷奇傀儡威胁出现，众人陷入困境。
入仙府,伤亡,矛盾爆发、战斗描写,冲突、战斗,纪宁等五人结五行五方阵抵挡寒冰箭矢，雪红衣、步游真人结两仪阵实力偏弱。少炎农无奈让二人退入核心，纪宁五人扩大阵法范围承受更多攻击。十八尊元神战力的穷奇傀儡出现围攻，步游真人被穷奇傀儡撕碎身亡，成为万象真人中第一个死者。少炎农焦急却无阵法高手可用——相柳方擅长阵法却在外进不来。,步游真人阵亡，众人伤亡加剧，阵法困局无解。
入仙府,死伤惨重，转机,转折高潮、人物心理,情感、高潮,雪红衣惊惧逃入核心，八头穷奇傀儡转攻十名万象真人死士，少炎农祭出黑色火焰长鞭（一品地火）抽飞三头傀儡，但十名死士仍被穷奇傀儡逐一撕碎全灭。纪宁传音少炎农：白水泽参悟阵法已发现破绽，可凭伏羲棍阵破阵。少炎农拿出地阶极品伏羲棍阵交给白水泽。白水泽表示有绝对把握破阵。,死士全灭、步游身死，伤亡惨重之际白水泽成为破阵转机。
入仙府,这是藏宝殿,转折高潮、设定展开,设定、高潮,"白水泽施展六十四根伏羲棍阵，卡住大阵转化中枢，寒冰箭矢消散、大阵瓦解。众人脱困，相柳方心灵传音后进入分殿，以神通巨手将十八尊穷奇傀儡尽数收入袋中。相柳方破坏阵法关键、揭示分殿为""藏宝殿""。少炎农开始炼化玉床中枢，承诺分殿内宝物归发现者所有，众人四散寻宝。",白水泽破阵立功，藏宝殿身份揭晓，众人开始寻宝。
入仙府,天仙的藏宝,装备获取、爽点设置,奖励、爽点,少炎农将步游真人及死士遗留法宝赠纪宁。相柳方循路引众人至中枢殿厅，少炎农炼化玉床（藏宝殿中枢），相柳方守候。纪宁等四散寻宝，纪宁推开第六个密室发现真正藏宝室——海量法宝按威力排列。纪宁炼化收获：人阶法宝十八万余件、地阶一万六千余件、天阶法宝百余件无法炼化，以及百万斤幽魂沉水木台架。纪宁感叹天仙身家之富。,纪宁在藏宝殿获得海量法宝，实力底蕴大增。
入仙府,仙阶法宝出世,装备获取、悬念设置,伏笔、奖励,"纪宁继续寻宝。一股强大法宝波动传来，众人循迹赶去。雪红衣在一密室发现灯盏中燃烧青丝神火的仙阶法宝""青丝神火盏""，灯盏生出法宝之灵口吐人言。雪红衣多次擒拿失败，在纪宁、余薇赶到之际施展禁术强行收走仙阶法宝。余薇识破其为青丝神火盏（可孕育天火至一品、可对敌，价值三百万斤元液）。少炎农、相柳方密谋：等炼化仙府后再对众人下手，少炎农觊觎余薇、九莲。",雪红衣获得仙阶法宝青丝神火盏；少炎农真面目初露端倪。
入仙府,谦卑的雪红衣,人物心理、矛盾展现,冲突、情感,"沧江真人提议杀雪红衣夺仙阶法宝，纪宁、余薇以""少炎农承诺不得自相残杀、不能给少炎农借口""为由否决。雪红衣主动向少炎农献仙阶法宝以表忠心，少炎农为收买人心暂不收，暗许等炼化仙府后再让雪红衣主动献上。纪宁等继续寻宝，白水泽亦得一具尸骸天阶法宝。少炎农炼化藏宝殿中枢后得知外界两股妖族势力守候，担忧如何进入其余分殿。",雪红衣谦卑献宝讨好少炎农；少炎农深谋远虑的伪善性格进一步展现。
入仙府,仙草殿,环境铺陈、设定展开,设定,"相柳方说明外界最强两股妖族势力——多禾仙人（十余万年老散仙）率巨浪妖兵、巫隋仙人（万年散仙）率巫江一族夜叉道兵，首领皆地仙散仙层次，相柳方不敌。少炎农凭已炼化的藏宝殿可出现在其周围近万里内任意一处，决定先去另一分殿。多禾仙人、巫隋仙人立天道誓言联手，并决定分别守卫未炼化的分殿（守株待兔）。众人进入第二分殿——广阔如封闭小天地的""仙草殿""，相柳方抢先收取十八株仙品灵草及三头元神傀儡，众人收取剩余灵草仙果。少炎农炼化仙草殿中枢。",仙草殿探索，相柳方独占仙品灵草；外界妖族联手守株待兔。
入仙府,妖族土著们的渴望,环境铺陈、人物心理,情感、设定,"多禾仙人团结仙府所有弱小妖族势力，发出天道誓言，海浪道兵与夜叉道兵分别包围一座未炼化分殿。众人进入第三分殿""道兵殿""，内有数百具穿道兵甲铠的尸骸。相柳方抢先收取两具散仙级天阶极品道兵甲铠，众人瓜分剩余道兵甲铠。少炎农炼化道兵殿中枢。三殿已炼化，余两殿被妖族重重包围，少炎农承诺遇危险可随时开启通道逃离仙府。",道兵殿探索收尾；妖族土著渴望自由的团结与绝境形成对照。
入仙府,荒之心,战斗描写、转折高潮,战斗、高潮,"少炎农为冲入第四分殿，将仙品""荒之心""按入天阶傀儡战船，使战船短暂达到近仙阶层次。多禾仙人率超两万妖族道兵（团结弱小势力后增强数倍）迎战，分兵两路：多禾仙人率主力压制相柳方，弟子真宝道人率万兵阻拦战船。战船在荒之心燃烧下硬冲，但阵图开始崩解。木子朔警告战船随时可能崩解，众人危在旦夕。",少炎农不惜代价冲第四分殿，荒之心与战船面临崩解危机。
入仙府,一瞬万年,转折高潮、设定揭示,揭示、设定、高潮,"战船金光罩将崩之际，少炎农祭出卷轴宝物——上书""定""字，散发大道气息，令妖族道兵时间流速骤减（一瞬千年类宝物），战船趁机窜入第四分殿殿门。多禾仙人告知真宝道人实情：对方宝物改变了时间流速。妖族绝望，海浪道兵与夜叉道兵汇合，决定死守最后分殿——这是存亡之战，一旦仙府被炼化，妖族将被奴役甚至灭族。战船阵图完全崩解报废，少炎农心疼""定字卷轴""这一最强宝物之一被消耗。",定字卷轴（一瞬千年类宝物）扭转战局；妖族存亡之战决心确立。
入仙府,纪氏的道藏传承,装备获取、设定展开,奖励、设定,"少炎农发现第四分殿为""道藏殿""，众人疯狂收刮书籍，却发现几乎九成是简本，全本皆为大路货。纪宁推断应有存放全本的隐秘之所。白水泽发现一密室，内藏全本法门，纪宁、沧江真人、雪红衣抢收，发现为人阶、地阶法门——对纪宁无用但对纪氏道藏传承大有用处（超百万本）。少炎农炼化道藏殿中枢（石头书籍），感应全殿已无书籍。少炎农怀疑仙阶法门被某人得到。",道藏殿探索，纪宁为纪氏获取百万本法门秘术传承。
入仙府,五雷金刚、一念成兵,装备获取、伏笔埋设,伏笔、奖励,小青穿梭虚空发现一不起眼密室，内藏仙阶炼气法门六套、神通三套（《法天象地》《三头六臂》《五雷金刚》）、神念秘术《一念成兵》全本。纪宁收起后查看：《三头六臂》可生真正手臂配合摘星手；《五雷金刚》乃《丈六金身》（三界最顶尖神通之一）简化版，需赤明九天图修炼者方可修，分五重、第五重需天神；《一念成兵》为神念秘术。雪红衣撞见纪宁出密室但未发现宝物。少炎农炼化中枢后众人皆称未得仙阶法门。,纪宁独得仙阶法门神通秘术，为后续修炼埋下重大伏笔。
入仙府,最后的分殿,转折高潮、装备获取,奖励、高潮,"少炎农取出法宝飞梭前往最后分殿。多禾仙人提议谈判放妖族离开，少炎农反要求妖族交出所有道兵甲铠方肯放行，谈判破裂。妖族道兵杀来，少炎农祭出最强三大宝物之一的""移星换斗法盘""（黑白二色圆盘），将长梭与远处部分夜叉道兵挪移互换位置，长梭趁机飞入第五分殿殿门。法盘威能耗尽破碎。众人进入第五分殿""巫江殿""——以巫江仙人道号命名的主殿。少炎农放出紫府修士死士探路，态度开始变得霸道。",移星换斗法盘破局进入巫江殿；少炎农伪善面具开始脱落。
入仙府,摆庆功宴,人物心理、氛围营造,情感、设定,众人来到巫江仙人聚会大殿，少炎农命紫府修士去取作为中枢的青铜灯，触发桃花幻阵，阵中降青木神雷。相柳方推断阵法由一具灵魂灌入的高智慧傀儡主持（无元力，仅发挥两三成威能），独自接住雷电，破幻阵。十八尊穷奇傀儡及穿黑甲首领傀儡潜伏，密谋偷袭夺青铜灯。少炎农为稳人心、在炼化青铜灯期间摆庆功宴，强令众人入座饮酒。,巫江殿幻阵与高智慧傀儡威胁潜伏；少炎农以庆功宴维稳。
入仙府,少炎农的真面目,矛盾爆发、人物心理,冲突、情感,"少炎农饮酒作乐，命侍女舞姬起舞，进而调戏九莲——让九莲助兴舞蹈，九莲被迫从命。舞蹈间少炎农以黑色鞭子拽住九莲手臂欲搂腰饮酒，纪宁怒拍碎条案。九莲传音劝纪宁忍让，称此乃大部族公子""小乐子""。纪宁与九莲因道侣底线问题激烈争执，九莲低头认错但纪宁心中生刺。少炎农见二人矛盾暗笑，转而觊觎余薇。",少炎农真面目暴露，调戏九莲；纪宁与九莲道侣矛盾激化。
入仙府,风翼遁法,转折高潮、伏笔深化,伏笔、高潮,"同门安慰纪宁。傀儡突然袭击，紫府死士被屠戮殆尽。六头穷奇傀儡牵制纪宁等六人，其余十二头及黑甲首领杀向少炎农，实则以夺青铜灯为目的。纪宁施展风翼遁法救木子朔。相柳方分身乏术，黑甲傀儡拔剑抗击，一头穷奇傀儡抱青铜灯逃跑。相柳方断臂化分身追回青铜灯、擒黑甲傀儡。少炎农、相柳方识破纪宁施展的为尉迟氏独有""风翼遁法""，断定其为尉迟氏余孽。",纪宁风翼遁法暴露，尉迟氏余孽身份被少炎农识破。
入仙府,灭族之仇,矛盾爆发、伏笔揭示,伏笔、冲突、揭示,"少炎农起杀心，揭示风翼遁法原属东屿郡尉迟氏独有，少炎氏经长久准备灭掉尉迟氏，搜魂补全风翼遁法，现严禁外传。少炎农逼纪宁自锁""锁神链""听候发落，纪宁拒绝。雪红衣为讨好少炎农，出卖纪宁母亲名""尉迟雪""。少炎农狰狞下令杀纪宁。九莲、余薇、沧江真人、木子朔怒喝阻拦，相柳方以手指化蛇威胁四人。",尉迟氏灭族真相揭示——少炎氏所为；雪红衣出卖纪宁身世，少炎农下杀令。
入仙府,大道之域,悟道、转折高潮,修炼、高潮、爽点,"少炎农命雪红衣先杀纪宁试探，暗中算计待雪红衣死后夺其仙阶法宝。纪宁被逼绝境，决心杀少炎农，心剑合一，神魂化为剑魂，真正踏入""大道域境""——剑道大道域境，悟出《三尺剑》第六式。纪宁一剑斩杀雪红衣（魂魄溃散、身躯一分为二）。少炎农震惊嫉妒。纪宁施摘星手、化十丈巨人持双剑攻相柳方，被一掌击退吐血。纪宁祭出水府三寿道人所制黑色圆环（攻之护身奇物）。",纪宁绝境悟道突破大道域境，斩杀雪红衣；祭出黑色圆环反击。
入仙府,杀死少炎农,转折高潮、核心伏笔,伏笔、高潮,"黑色圆环无视神魔之躯防御穿透而过，发出蒙蒙光芒产生针对神魂的无形吸力。少炎农（神魂近乎元神）、赤鳞虬龙神魂、相柳方（元神神魔）神魂皆被硬生生扯出吸入圆环，魂飞魄散。黑色圆环碎裂消融（一次性宝物）。纪宁焚雪红衣、少炎农、赤鳞虬龙尸体，收神魔相柳方之躯及少炎农遗物，炼化仙府之钥，斩杀所有死士证人。余薇告知天仙可""时光回朔""重现凶手，纪宁顿感紧迫。",纪宁以三寿道人所制黑色圆环灭杀少炎农、相柳方神魂；时光回瑟威胁浮现。
入仙府,一人独行,情感展现、转折高潮,情感、高潮,"余薇为纪宁指明两条路：逃避（逃至其他世界或应龙卫老巢）或对抗（去大夏王都参加仙缘大会加入与少炎氏敌对势力如颛水氏）。九莲劝纪宁随她去见东延氏老祖离开大夏王朝世界。木子朔愿随纪宁闯荡。纪宁问九莲是否愿陪自己漂泊，九莲迟疑后流泪拒绝——无法抛弃部族。纪宁与九莲分道扬镳：""从此你是你，我是我。""纪宁开启通道送四人回天游山脉。木子朔视纪宁为亲哥哥发誓报仇。九莲含泪独自回东延氏。",纪宁与九莲道侣关系破裂，一人独行；木子朔情义展现。
入仙府,千年之约,转折高潮、伏笔埋设,伏笔、高潮,纪宁携小青、白水泽出现在仙府世界妖族面前，已持有仙府之钥并开启通往天游山脉通道。纪宁与多禾仙人、巫隋仙人等三万妖族道兵立天道誓言：妖族庇护纪氏部族所在万剑城千年，千年后纪宁放妖族自由并赠仙府之钥。妖族欣喜应允。真宝道人、巫轲道人率两千道兵留守，其余妖族收入口袋。巫隋仙人、多禾仙人携纪宁挪移至万剑城外数百里。,纪宁与仙府妖族立千年之约，妖族道兵将庇护纪氏。
入仙府,玄机老祖,悬念设置、伏笔埋设,伏笔,"纪宁于万剑城内城向纪九火、纪留真、影婆婆说明危机，介绍多禾仙人、巫隋仙人及三万妖族道兵（可挡数十散仙，除天仙外万无一失）。纪宁留小青、白水泽于万剑城，交信符（碎则挪移至翼蛇湖汇合）。纪宁以小挪移道符回翼蛇湖，命秋叶速迁明心岛众人至万剑城。纪宁入水府避祸。大夏王都少炎氏府邸，族长羽神公少炎伏军查知少炎农命简碎裂，限盏茶查清行踪，并赴火山深处请返虚神魔""巴火""通禀天仙玄机老祖。玄机老祖在星光环绕中降临。",纪宁安置部族入水府避祸；少炎氏天仙玄机老祖即将出关，追杀之祸悬而未决。
第二元神,凶手是纪宁,矛盾展现、悬念设置,伏笔、冲突,"玄机老祖得知爱徒澧水仙人之子少炎农在巫江仙府身死，亲赴天游山脉以仙府之钥进入巫江仙府，施展天仙级""时光回朔术""回溯少炎农等人经历，查明凶手为黑白学宫弟子纪宁——纪宁以灭神圈斩杀少炎农、相柳方、赤鳞虬龙魂魄，玄机老祖又惊又怒，当即前往安澶城天宝山查清纪宁底细。",玄机老祖以时光回溯术查明凶手是纪宁，少炎氏追杀线正式启动。
第二元神,黑白学宫八仙人,矛盾展现、人物引入,人物、冲突,"玄机老祖在天宝山查得纪宁情报后赴黑白学宫，要求交出纪宁，黑白学宫八名散仙（殿才仙人、五疯仙人等）齐出坚决拒绝。安澶北山氏天仙老祖""驮山""现身，以""安澶郡是北山氏的安澶郡""阻止玄机老祖对黑白学宫动手，玄机老祖虽不甘仍退去，发誓纪宁必死。纪宁在水府中被黄毛大熊安排去星辰殿读书静心。",黑白学宫拒绝交出纪宁，驮山天仙出面阻止玄机老祖，纪宁暂得庇护。
第二元神,掌握的第一条道,悟道、设定展开,修炼、设定、爽点,"纪宁在星辰殿读书时天降大雨，任雨水落在身上，莫名悟透""雨水之道""——这是他掌握的第一条完整道，同时烈火之道、疾风之道、剑道（大道之域）皆有所进益。黄毛大熊、黑色老牛惊叹纪宁悟道一气呵成。纪宁将雨水之道融入剑道施展""自成天地""。黄毛大熊讲解天神（返虚神魔渡劫而成，媲美真仙）等境界体系，建议纪宁参加仙缘大会磨砺自身。",纪宁悟透雨水之道，掌握第一条完整道，境界大幅提升。
第二元神,第二元神,设定展开、装备获取,奖励、设定,"纪宁将少炎农及神魔相柳方的宝物尽数取出，黄毛大熊分类查看，从中发现""一气元水珠""——天然神魂载体，可修炼第二元神，且优于常见的玄牝珠。纪宁神魂强大（神识千里），满足神魂二分条件。仙缘大会仅限元神以下参加，练就第二元神不影响本尊参赛。黄毛大熊又感知到玄机老祖乘仙辇来到翼蛇湖上空，命九条蛟龙杀翼蛇湖凡人泄愤，并在万剑城、西府城、翼蛇湖派人监视。",纪宁获得一气元水珠，具备修炼第二元神条件；玄机老祖杀凡人泄愤并布监视网。
第二元神,殿才仙人和纪宁,人物心理、情感展现,情感,殿才仙人赶到万剑城护纪氏，玄机老祖离去后殿才仙人返回黑白学宫，向五疯仙人吐露无力救徒儿的痛苦，决意外出闯荡磨砺自身以渡天劫。纪宁在水府中开始施展第二元神秘术，以强大毅力撕裂神魂，将一半神魂飞入一气元水珠，两神魂同施女娲观想术恢复至七成，第二元神初步练成。,殿才仙人决意外出磨砺渡劫；纪宁成功分裂神魂练就第二元神。
第二元神,突破元神,转折高潮、设定展开,设定、高潮,第二元神在一气元水珠中修炼，凭借珠内精华一气呵成突破至万象圆满，继而凝聚龟蛇元神突破到元神前期。第二元神化为黑色道袍纪宁现身，与本尊记忆相通。第二元神尝试以九口寒冥剑及三百六十口地阶火性飞剑、三百六十口地阶水性飞剑施展小千剑阵，因飞剑全换地阶操控难度飙升，仅能施展第七层。,第二元神突破至元神前期，试演小千剑阵确立炼气流剑仙路线。
第二元神,炼化水府,装备获取、设定展开,奖励、设定,"第二元神炼化十万斤元液达元神后期。黄毛大熊将三十六头穷奇傀儡及黑色甲铠男子傀儡拆解改造。纪宁第二元神前往水府静室，坐于""幽冥水玉""上以菩提静心阵炼化水府中枢，六天后成功炼化水府可随身携带，但神通殿等区域仍无法进入。黄毛大熊取出雎华仙人遗留宝山，揭示三件仙阶法宝千牛剑、宿河画卷、九界印。",纪宁炼化水府可随身携带，雎华仙人三件仙阶法宝登场。
第二元神,携仙府，闯天下,装备获取、转折高潮,奖励、高潮,黄毛大熊揭示已将九界印熔掉融入千牛剑、宿河画卷化为宿河剑图融入千牛剑，三件仙阶法宝合而为一，千牛剑成为仙阶极品之极品，剑出即万里宿河显现。黑色老牛（法宝之灵）进入千牛剑。纪宁在水府潜心修炼一年有余，悟出虚空挪移（乾坤大道入门），将雨水之道融入剑道。黄毛大熊认为纪宁该出去磨砺，纪宁离开水府返回明心岛，见少炎氏监视，随即离去。,千牛剑融合三宝成为仙阶极品；纪宁悟出虚空挪移，决意外出闯荡。
第二元神,根基已成,情感展现、装备获取,奖励、情感,纪宁返回万剑城，见妖族仙人多禾、巫隋已布百重大阵守护纪氏，数万先天大妖遍布燕山护卫凡人。纪宁密会纪九火、影婆婆、纪留真，将人阶法宝万余件、地阶法宝九百余件、天阶法宝十二件、大量灵丹珍材、海量道藏及十八套核心秘典（含仙阶炼气法门、神魔法门、神通、神念秘术）留给纪氏，又留下九座穷奇傀儡（九座可布九天大阵，杀元神道人如杀鸡）。纪九火感叹纪氏根基已成。,纪宁为纪氏留下海量宝物道藏及傀儡，纪氏强盛根基奠定。
第二元神,大夏王都,环境铺陈、情节推进,设定,纪宁乘传送阵从安澶郡赤龙山脉前往大夏王都，少炎氏蹲守的应龙卫白袍老者跟踪同往。纪宁抵达应龙神山（高万里，大夏王都第一建筑），俯瞰大夏王都及天芒殿（高九千九百九十九里，九层云），惊叹王都气势。纪宁乘少炎农遗留的黑龙车辇前往皇城，见四名万丈神魔看守城门。,纪宁抵达大夏王都，王都格局及应龙神山、天芒殿等核心建筑登场。
第二元神,大买卖,情节推进、人物引入,人物,少炎氏羽神公得知纪宁在大夏王都，因王都禁杀难以动手。纪宁前往天宝山总部，天宝山监视系统锁定纪宁并通知五家长期购买情报者。天宝山负责宝物买卖的虞祁主动结交纪宁，告知纪宁因杀少炎农在大夏王都已有名气，并介绍仙缘大会热门人物木传真人（本尊万象，第二元神返虚地仙，南海讲道威名远播）。,纪宁在天宝山出售宝物，虞祁登场引见仙缘大会情报。
第二元神,眼泪,情节推进、悬念设置,伏笔,"天宝山另一买卖人鹰画也来竞争。纪宁出售十余万人阶法宝、万余地阶法宝、百余天阶法宝及仙草灵丹奇物，虞祁以两百六十万斤元液竞得，纪宁获夏字令牌（六折优惠）。虞祁告知当夜有争宝会。延王府惜月郡主收到天宝山情报得知纪宁在王都，落泪激动，调金甲禁军赶往天宝山，喃喃自语""姑姑留下的唯一血脉，我的弟弟""。",纪宁售宝得两百六十万斤元液及夏字令牌；惜月郡主得知纪宁行踪赶赴天宝山。
第二元神,法旨,人物引入、伏笔埋设,人物、伏笔,"惜月郡主在天宝山由青柳仙子陪同，远远看到纪宁，心中暖意涌起""好像父亲""，确认是弟弟。玄机老祖找到少炎氏散仙浮云仙人（修炼十二万八千余年，将死），赐予转世法旨，令其三日内杀死纪宁否则魂飞魄散。浮云仙人立天道誓言接下法旨，变卖宝物换取白骨灭仙针、血盘封天大阵等刺杀用具。",惜月郡主暗中认出纪宁；玄机老祖以转世法旨驱使浮云仙人刺杀纪宁。
第二元神,初见木传真人,人物引入、设定展开,人物、设定,虞祁向纪宁引见少炎秀水（少炎氏返虚地仙）宴请的木传真人（南海万象真人中最顶尖，三百年前斩杀元神道人，第二元神已返虚地仙，公开讲道威名远播，外界知晓六位散仙地仙死其手）。少炎秀水之子少炎俊发现纪宁，少炎秀水、木传真人瞩目纪宁。纪宁购买仙缘大会热门人物情报（夏芒紫山、苍梧鹫、向天笑、少炎轩、丹竹真人等）。,木传真人作为仙缘大会夺魁热门登场；少炎秀水一众发现纪宁在争宝会。
第二元神,争宝会上欲出名,矛盾展现、爽点设置,冲突、爽点,"争宝会开始，纪宁刻意大张旗鼓为出名——让更多人知道自己的存在以借力抗少炎氏。浮云仙人易容潜伏争宝会，等待纪宁离开天宝山后刺杀。龟蟹二仙阵图拍卖中，少炎俊叫价九万斤元液与纪宁争锋，纪宁加价至十二万八千斤元液得手，并高调宣称""少炎农送我数百万斤元液""，名传争宝会。",纪宁在争宝会刻意出名，与少炎氏争宝挑衅，名声初传大夏王都。
第二元神,孔雀羽,装备获取、爽点设置,奖励、爽点,争宝会压轴宝物——来自天界返虚层次神兽孔雀（最精纯血脉，返虚未能化形）的五根五行尾羽登场，可炼制仙阶上品乃至极品法宝，底价两百万斤元液。大夏皇族、少炎秀水、应龙神山、东丑仙人等纷纷叫价。纪宁因修炼《六转摘星》急需五行精华，势在必得，直接喊出四百万斤元液震住全场。,五行孔雀尾羽登场，纪宁以四百万斤元液高价震慑群雄，势在必得。
第二元神,势在必得,装备获取、转折高潮,奖励、高潮,天宝山一尘、虞祁查验纪宁财力，纪宁将青丝神火盏（仙阶下品）交天宝山在争宝会出售以充资金。东丑仙人、少炎秀水继续与纪宁竞价，纪宁在黄毛大熊授意下直接喊五百万斤元液，全场震撼。少炎秀水因价过高放弃，东丑仙人亦忍住，孔雀羽归纪宁。纪宁欣喜——摘星手第二转、第三转材料齐备。,纪宁以五百万斤元液购得孔雀羽，摘星手第二、三转材料无忧。
第二元神,郡主要见我？,人物引入、情节推进,人物,孔雀羽定归纪宁，少炎秀水告诫少炎俊不可斗气。纪宁将青丝神火盏在争宝会以四百九十万斤元液售出。浮云仙人在天宝山外街道苦等刺杀时机。纪宁向虞祁购买七百二十口天阶上品飞剑（赤阳剑、青冥剑），连同黑龙车辇卖出凑足费用。虞祁转达惜月郡主欲见纪宁，纪宁惊诧。,纪宁购得天阶飞剑充实第二元神剑阵；惜月郡主传话欲见纪宁。
第二元神,元神圆满,悟道、设定展开,修炼、设定、爽点,纪宁第二元神在水府炼化十二万斤元液突破至元神圆满，神识达一千六百里。第二元神以九口辟水神鲨剑（水府战神殿所得天阶极品）及三百九十六口天阶飞剑试演小千剑阵，仅能施展第三层，然两百余口天阶飞剑威力远超之前地阶。纪宁随虞祁前往惜月郡主所在楼阁，推门与惜月郡主对视。,第二元神突破元神圆满，试演天阶小千剑阵；纪宁赴惜月郡主之约。
第二元神,姐弟相见,转折高潮、情感展现,情感、高潮,"惜月郡主布阵隔绝外界，问纪宁是否尉迟氏后人，纪宁确认。惜月郡主自报真名""尉迟惜月""，父亲是尉迟山（纪宁舅舅）。姐弟以血脉法术验证——两颗血球浮现金色血脉交缠融合，确认血脉相通。惜月郡主讲述延王身世：大夏皇族偏远旁支，资质一般，修邪魔之术主动诱心魔磨砺道心，曾入魔奸淫女子（惜月外婆），后清醒渡劫成天仙。尉迟山逃至海岛娶惜月母亲生下惜月，后护妹妹尉迟雪回归大陆时被雪龙山冬七害死。",姐弟验血脉相认，惜月郡主揭开延王身世及尉迟氏灭族往事。
第二元神,姐弟俩的敌人,情感展现、伏笔埋设,伏笔、情感,"尉迟惜月立誓灭少炎氏、重建尉迟氏，计划以""迟氏""为姓招婿繁衍子孙、借大夏皇族之力伺机而动，等迟氏诞生天仙或少炎氏覆灭方恢复尉迟氏。纪宁深受触动，决心凭三寿道人传承将来灭少炎氏。姐弟握手立誓""姐弟齐心，其利断金""。惜月郡主调青鸾仙辇及金甲禁军送纪宁回延王府。浮云仙人见纪宁随惜月郡主及金甲禁军同行，无从下手。",姐弟立誓联手灭少炎氏；浮云仙人刺杀计划受阻。
第二元神,"延王""阎王""",人物引入、情感展现,人物、情感,"纪宁随惜月郡主入延王府，浮云仙人跟踪得知纪宁进王府后焦急万分（三天期限）。惜月郡主带纪宁上观天山见延王。延王仅显露自身煞气便令纪宁心悸，因其从杀戮中走上天仙之位，外号""阎王""。延王赞赏纪宁道心坚定，知纪宁与惜月是表姐弟且与少炎氏有仇，告诫小心玄机老祖。惜月郡主为纪宁求得一队金甲禁军护卫。纪宁在王府湖泊前以随身仙府安顿。","延王（天仙老祖""阎王""）登场，赐纪宁一支金甲禁军小队护身。"
第二元神,五疯到来,情感展现、装备获取,奖励、情感,纪宁在水府静室以孔雀羽五行精华修炼《六转摘星》第二转成功，双手媲美仙阶法宝。黄毛大熊指点纪宁修炼方向（雷电神眼为雷神眼基础、万毒蛰不可修等）。五疯仙人赶到延王府，代殿才仙人送来黑白学宫秘籍——《水源注》全本、《赤明九天图》第三卷、《法天象地》《雷电神眼》《三头六臂》《煌心眼》《撼神术》《迷神术》《灭神术》等，纪宁逐一记忆后焚毁。浮云仙人焦急等待，已过一天半。,纪宁练成摘星手第二转；五疯仙人送来黑白学宫核心神通秘术。
第二元神,邀请,情节推进、设定展开,设定,五疯仙人临别勉励纪宁在仙缘大会拼一把拜三界大能者为师。黄毛大熊指点纪宁修炼诸神通（五雷金刚与雷电神眼互补，雷电神眼为大神通雷神眼基础）。纪宁初步修成雷电神眼。惜月郡主转交颛水氏（少炎氏死敌，大夏王朝排名前三部族）邀请函，邀纪宁赴宴水云楼。纪宁率金甲禁军乘雎华仙人遗留傀儡战船赴水云楼。浮云仙人见纪宁终于出王府但带金甲禁军，愈加焦急。,颛水氏邀纪宁赴宴水云楼；纪宁修成雷电神眼；浮云仙人苦等刺杀时机。
第二元神,水云楼,环境铺陈、人物引入,人物、设定,纪宁率金甲禁军抵水云楼（颛水氏最大商业之地，建九阳湖上）。颛水小楼（大夏王都四公子之一）设宴，引见天农曲戈（天农氏年轻一代领头人物）、箫郎（性格扭曲的风流修士）、波颜仙子（北海艳名之人）。箫郎轻视纪宁，认为纪宁靠女人出名。水云楼以异族厮杀助兴（金发巨人胜九场成颛水氏士兵）。,颛水小楼设宴引见仙缘大会各路人物，箫郎轻视纪宁埋下矛盾。
第二元神,挑衅,矛盾展现、人物心理,冲突、情感,"箫郎多次挑衅邀纪宁切磋，纪宁以""仙缘大会再战""为由拒绝——纪宁谨慎防备箫郎或为少炎氏暗探携异宝偷袭。箫郎转而与波颜仙子切磋，施血焰地火、三头六臂神通及血焰磨盘击败波颜仙子，得意非凡，再度向纪宁挑衅被拒。",箫郎挑衅纪宁切磋被拒，击败波颜仙子后愈加张狂。
第二元神,刺杀,战斗描写、转折高潮,战斗、高潮,浮云仙人趁纪宁在水云楼宴饮，以撼神术迷晕门口万象真人，推门闯入以白骨灭仙针刺杀纪宁。纪宁瞬间施展法天象地、五雷金刚、三头六臂神通，六手持三柄北冥剑及三柄天阶飞剑，以摘星手、大道之域、水火莲花硬挡白骨灭仙针，被轰飞撞柱口吐鲜血、全身裂痕，但侥幸挡住保命。,浮云仙人以白骨灭仙针偷袭纪宁，纪宁以诸神通硬挡侥幸保命。
第二元神,血盘封天大阵,战斗描写、转折高潮,战斗、高潮,"浮云仙人随即布下""血盘封天大阵""（金色心脏化为千万血管罩）封禁交战区域，阻隔外界救援。水云楼三十六名散仙（穿仙阶道兵甲铠，可正面击退天仙）化为黑色大蛇疯狂攻阵。浮云仙人以天地人三才阵图最强杀攻纪宁，纪宁本尊重伤退入水府，第二元神现身，周围悬浮两百余口天阶飞剑，颛水小楼、天农曲戈、箫郎等外界众人震惊。",浮云仙人布血盘封天大阵封禁交战区，纪宁本尊退入水府，第二元神现身应战。
第二元神,第二元神战散仙,战斗描写、转折高潮,战斗、高潮,"第二元神以九口辟水神鲨剑为核心引动两百余口天阶飞剑施展小千剑阵，凝聚金光飞剑与浮云仙人天地人三才阵图硬碰，阵图出现裂痕。浮云仙人施展迷雾遮天遮蔽神识。第二元神施展自创护身法术""莲花剑界""——以雨水之道、剑道为主，烈火之道、空间之道为辅，水绿色莲叶层层扩张占据大阵八成空间。",第二元神小千剑阵硬碰浮云三才阵不落下风，施展莲花剑界掌控战场。
第二元神,散仙之死,战斗描写、转折高潮,战斗、高潮,莲花剑界层层莲叶令浮云仙人飞剑寸步难行，小千剑阵金光飞剑不断破敌。浮云仙人绝望放弃，传音询问法术名号后引颈就戮。第二元神以金色剑芒贯穿浮云仙人金莲元神，浮云仙人因天道誓言魂飞魄散，临死感应到未来风暴将至、纪宁将成为其中耀眼人物。血盘封天大阵被三十六散仙攻破，众人见证万象第二元神斩杀散仙。,第二元神斩杀浮云仙人，一战震惊水云楼众人，浮云临死预言纪宁将引风暴。
第二元神,一战成名,爽点设置、转折高潮,爽点、高潮,"颛水氏散仙颛水三凡等人夸赞纪宁越阶杀散仙。大夏禁军副统领夏芒泓（大夏皇族）率禁军赶到查明刺杀事件，得知纪宁第二元神元神圆满斩杀浮云仙人，大为佩服，邀纪宁日后赴宴。波颜仙子揭箫郎先前挑衅瞧不起纪宁之事，箫郎羞愤离去。颛水小楼赠纪宁""莲花法瓶""赔礼。消息经禁军传遍大夏王都，纪宁真正出名。",纪宁一战成名大夏王都，夏芒泓等各方势力认可纪宁实力。
第二元神,默默的祝福,情感展现、氛围营造,情感、设定,少炎氏羽神公得知浮云失败，将浮云逐出族谱，寄望纪宁本尊在仙缘大会上被其他天才杀死。消息传遍大夏王都各大部族，纪宁实力获公认。黑白学宫碧海道人、五疯仙人等得知纪宁斩杀散仙振奋传告全学宫。东延氏九莲得知纪宁消息，在深夜山顶默默祝福纪宁好好活着，虽已分别仍心系纪宁。,纪宁斩散仙消息传遍各方，黑白学宫振奋，九莲默默祝福纪宁。
第二元神,何处来，何处去,伏笔埋设、设定揭示,伏笔、揭示、设定,"惜月郡主怒少炎氏刺杀。纪宁第二元神炼化浮云遗物，意外发现一金色卷轴，上书""何处来，何处去。夏芒埙""，散发可怕威压。惜月郡主问延王后得知""夏芒埙""乃大夏皇帝之名，卷轴为皇帝亲笔转世法旨（身死后护魂入地府转世回原世界部族）。纪宁得知皇帝名字后冥冥中感应到一双眼睛注视自己。邋遢真人修炼玄武大神通时冥冥感应仙缘大会是大机遇，决定参加。",纪宁意外获得大夏皇帝亲笔转世法旨；邋遢真人感应仙缘大会机遇决定参加。
第二元神,群雄汇聚,伏笔埋设、人物引入,人物、伏笔,金乌仙人（返虚地仙，金乌血脉）感应仙缘大会冥冥吸引，其本尊卜翼（渔民之子，幼年入先辈洞府获大机遇，神魂二分夺舍金乌卵为第二元神）决定本尊参加仙缘大会。一名游历九大世界的黑袍男子、一名转世九次的脏兮兮少女等隐藏天才皆受冥冥感应赶往大夏王都。黑白学宫邋遢真人、余薇、沧江、木子朔抵达延王府探望纪宁，邋遢真人与余薇将参加仙缘大会。,仙缘大会冥冥吸引各路隐藏天才赶赴大夏王都；黑白学宫同门抵达延王府。
第二元神,雪龙山的末日,矛盾收束、转折高潮,冲突、高潮,延王派九支金甲禁军小队（每队一散仙+四十九元神道人，穿道兵甲铠）赴安澶郡，由北山落霄带路灭雪龙山擒冬七。九支小队化八条金色万里神龙摧毁雪龙山所有阵法禁制，雪羽道人自爆，寒阳道人、黑龙道人被杀，雪龙山彻底覆灭。冬七被擒，金甲禁军带冬七回大夏王都延王府交差。,延王派金甲禁军灭雪龙山擒冬七，为姐弟报父母之仇。
第二元神,大夏皇帝（本卷终章）,伏笔埋设、悬念设置,伏笔,冬七被纪宁姐弟在延王府密室以大夏皇族万余种酷刑折磨三个多月身死，魂魄收入牵心火炉折磨月余后由延王灭杀。延王嘱纪宁多陪惜月助其走出仇恨。终章大夏皇帝夏芒埙率九千九百九十九护卫出巡天芒殿，揭示重大伏笔：数十年前三界冥界地府遭不明力量突袭，六道轮回被毁，十殿阎王、崔府君、地藏等纯阳真仙无法查知凶手；皇帝预感三界将大乱，此次仙缘大会（六道轮回被毁后第一次）将诞生乱世英豪，全卷以宏大悬念收束。,冬七伏法被折磨身死魂灭；大夏皇帝揭示六道轮回被毁、三界将乱，预感仙缘大会将诞生英豪。
仙缘,帝皇的命令,设定展开、悬念设置,伏笔、设定,大夏皇帝（黑袍帝皇）思虑三界即将大动荡，师尊赤明道祖亦感忧虑；为交好三界强者、汇聚气运，皇帝下令亲自主持三百年一届的仙缘大会，奖励提高十倍百倍，并命各诸侯门派教派顶尖弟子必须参加。祁王传令天下，定于正月十六开始。纪宁等人得知消息震惊不已。,大夏皇帝亲自主持仙缘大会，全卷核心事件正式拉开帷幕。
仙缘,镇界大阵,环境铺陈、设定展开,设定,正月十六，纪宁、余薇、邋遢真人等十万余人涌入皇城广场；水府之灵黄毛大熊看出广场符纹乃镇守一方大世界的镇界大阵（沟通三件纯阳法宝、千件仙阶法宝），推测布置者乃三界一等一大能者，感慨大夏皇帝背景深厚。三千六百郡及四海队伍齐聚，天仙们带随从入天芒殿主殿见驾。,镇界大阵揭示大夏王朝底蕴深厚，仙缘大会会场格局完整铺陈。
仙缘,明月山水图,设定展开、悬念设置,伏笔、设定,"祁王宣读仙缘大会规矩：十万九千余人各持信符进入纯阳法宝""明月山水图""中厮杀，一年期满信符最多八十人过关，若提前仅剩八十人则提前中止，最多九十六人可通过；禁止使用道符、傀儡。夏皇展开万里画卷将十万余人吸入。九莲、尉迟惜月等在外界紧张观战，木子朔、白水泽、小青等也盯着画卷寻找纪宁。",明月山水图考验规则确立，一年血腥厮杀正式开始。
仙缘,真仙、菩萨,人物引入、设定展开,人物、设定,纪宁在明月山水图中遭一百余人围攻，凭宝船逃脱，意识到考验需心性头脑而非仅凭实力。同时，三界八名纯阳真仙不请自来——上洞八仙之首吕洞宾（东华帝君转世）、大势至菩萨、帝昊、北地仙翁等，皆因三界暗流汹涌而来大夏世界观摩仙缘大会。夏皇无奈接待，八仙欲等道祖先选后挑剩余弟子。,吕洞宾、大势至菩萨等八名纯阳真仙登场，三界大能者布局仙缘大会。
仙缘,明月山水图内的日子,设定展开、人物心理,情感、设定,夏皇暗中提防大势至菩萨暗中掳走中意天才。纪宁将兽皮法袍变为黑袍避免被认出，五天内得五十余枚信符。纪宁用一品地火寒煞为根基的水火莲花困住一名白袍少女，小千剑阵压制对方，白袍少女认出纪宁后弃信符认输。夏皇与吕洞宾谈论气运之说，吕洞宾看好一名脏兮兮少女。,纪宁在明月山水图中谨慎闯荡，展现水火莲花与小千剑阵配合战力。
仙缘,纪宁师弟,矛盾爆发、情感展现,冲突、情感,纪宁发现余薇遭三名天蚕宗弟子围攻陷入绝境，怒喝出手。纪宁施展水火莲花挡住银发女子风煞，雷电神眼劈伤银发女子，一念成兵神念秘术袭击三人神魂，将银发女子、黑袍长发男子击晕。余薇见纪宁赶来心乱如麻，回忆起对纪宁的暗恋及与九莲分道扬镳的往事。,纪宁救余薇于绝境，余薇对纪宁的感情暗线正式展开。
仙缘,定是动了情,战斗描写、情感展现,情感、战斗,"纪宁施展摘星手一剑劈飞银袍少年百丈天剑，近身斩杀银袍少年，余薇趁机以冰凤凰、火凤凰灭杀昏迷的二人。天芒殿主殿上，吕洞宾凭余薇看向纪宁的眼神断定""这小姑娘定是动了情""，欲当月老红娘。九莲看到纪宁余薇联手，心中复杂，想到二人将孤男寡女共处近一年而心颤。",纪宁斩杀围攻余薇的三人，吕洞宾点破余薇对纪宁的暗恋。
仙缘,玄武大神通,转折高潮、设定揭示,揭示、设定、高潮,"纪宁余薇联手闯荡，余薇悟出两条完整道（寒冰、烈火）。仙缘大会进行一个多月后，邋遢真人在山洞中遭万兽门八名弟子围攻，被迫施展玄武大神通——龟蛇虚影、龟壳纹路皮肤、蛇眼，赤手空拳击杀六人。夏皇、吕洞宾等九名纯阳真仙震惊认出""玄武大神通""，确认邋遢真人为玄武大帝传人。",邋遢真人施展玄武大神通，玄武大帝弟子身份震惊全场。
仙缘,接连突破,设定展开、人物心理,情感、设定,纯阳真仙们重视邋遢真人（玄武大帝弟子身份），近千天仙也骇然。时间流逝，明月山水图中突破者众多：夏芒紫山悟出第四条道融入雷电大道，苍梧鹫亦实力大增；邋遢真人悟出第三条道入太极大道门槛。明月山水图第六个月，纪宁在一战后陷入参悟之境，余薇默默守护注视。,各路天才接连突破，纪宁闭关参悟，为后续突破做铺垫。
仙缘,最强二人组,情感展现、人物心理,情感,余薇托腮深情凝视参悟中的纪宁，被外界观战者看到。木子朔、五疯仙人等察觉余薇对纪宁的感情，九莲确认后心中复杂做出决断。纪宁悟透烈火之道，水火结合融入剑道实力大增。夏芒紫山与苍梧鹫（天宝山情报前两名）联手遭遇纪宁余薇，苍梧鹫一眼认出变装的黑衣纪宁。,纪宁悟透烈火之道，与天宝山情报前两名夏芒紫山、苍梧鹫正面遭遇。
仙缘,纪宁战夏芒紫山,战斗描写、矛盾爆发,冲突、战斗,苍梧鹫以幽冥毒鹫秘术攻击，纪宁水火莲花抵挡，夏芒紫山持黑色铁棍碾压而来。纪宁与夏芒紫山三头六臂对决，初施摘星手勉强持平，夏芒紫山施展乾坤大力棍第四式（四条道融入雷电大道）压制纪宁。纪宁转以剑法灵活应对，分心操控小千剑阵牵制苍梧鹫护余薇，反被夏芒紫山重击倒飞。外界观战者皆为纪宁揪心。,纪宁与天宝山排名第一的夏芒紫山激战，处于劣势仍缠住对方。
仙缘,山洞中的笛声,转折高潮、情感展现,情感、高潮,余薇欲弃信符引开苍梧鹫，关键时刻觉醒前世记忆，施展出黑凤凰、白凤凰（太极大道为核心），挡住苍梧鹫。吕洞宾等确认余薇觉醒前世记忆，悟透四条道。纪宁与余薇借黑白漩涡遁术逃脱。山洞中余薇吹笛，笛声将前世经历传入纪宁心灵，纪宁落泪。纪宁问余薇前世是否有道侣，余薇答没有。,余薇觉醒前世记忆实力大增，笛声传递前世记忆，二人感情进一步深化。
仙缘,仙和神,设定展开、人物心理,情感、设定,纪宁意识到自己对余薇动了情却尚未准备好。余薇向纪宁系统讲解三界修仙体系：紫府修士→万象真人→元神道人→返虚地仙→渡劫成天仙→纯阳真仙→大罗金仙（道祖）；神魔路线：天神（媲美纯阳真仙）→真神（媲美道祖）→混沌天神/混沌真神。掌握天道者为道祖，天地共十条天道（金木水火土、生命、毁灭、阴阳、混沌）。纪宁推测三寿道人乃混沌真神。,三界修炼体系与天道体系系统展开，纪宁眼界大开。
仙缘,最后一个月,人物引入、悬念设置,人物、伏笔,纪宁参悟三寿道人往事及六道轮回遭攻击之谜。明月山水图最后一个月，夏芒奇与九死真人联手，又遇到颛水祁、丹竹真人、飞雪真人、黑石真人（赤脚黝黑光头少年，伏羲棍阵阵法宗师，挡下过夏芒紫山）组成六人队伍。纪宁余薇遭遇这支六人小队，夏芒奇索要信符。吕洞宾感叹纪宁余薇遇到大劫。,九死真人、黑石真人等顶尖天才组成六人小队，纪宁余薇面临大劫。
仙缘,绝境,矛盾爆发、战斗描写,冲突、战斗,"黑石真人施展伏羲棍阵封禁大阵困住纪宁余薇，五人围攻。纪宁爆发神念秘术、摘星手劈飞雪白兽头、击退夏芒奇，但九死真人（法宝般身体、五条道）死死缠住纪宁。飞雪真人、颛水祁、夏芒奇、丹竹真人围攻余薇，夏芒奇以""万毒蛰""穿透余薇腹部，余薇中剧毒脸色灰暗发黑，身陷绝境。",纪宁余薇陷入绝境，余薇被夏芒奇万毒蛰重创中剧毒。
仙缘,三尺剑第七式,转折高潮、爽点设置,爽点、高潮,"余薇重伤激发纪宁前所未有的杀意，近一年上万场厮杀感悟爆发，纪宁悟出三尺剑第七式""一字剑斩""（剑光如丝），一剑斩断九死真人手掌。纯阳真仙们惊叹纪宁达剑光如丝境界。纪宁以剑光如丝斩杀夏芒奇、飞雪真人，吓跑颛水祁、丹竹真人，九死真人、黑石真人亦退去。纪宁不顾一切抱住余薇，告白""不想再犹豫""。",纪宁悟出三尺剑第七式剑光如丝，斩杀强敌后与余薇互明心意结为道侣。
仙缘,绝对不伤害你,情感展现、人物引入,人物、情感,"吕洞宾为纪宁余薇结合而兴奋。皇城广场上黑白学宫众人震惊二人抱在一起，九莲决意不再见纪宁。余薇内心发誓""即便魂飞魄散也绝对不伤害纪宁""，回忆前世可怕存在而恐惧。纪宁对余薇承诺""你是我的女人""。余薇因万毒蛰剧毒必须出明月山水图解毒，将信符留给纪宁后被挪移出。夏皇将余薇挪移至天芒殿，吕洞宾以夏皇秘藏仙酿为余薇解毒。尉迟惜月得知纪宁余薇定终生后兴奋。",纪宁余薇正式结为道侣，余薇出明月山水图解毒，吕洞宾为其解万毒蛰之毒。
仙缘,一年期满,转折高潮、设定展开,设定、高潮,纪宁在明月山水图最后一个月独自闯荡，磨砺剑法，将雨水、烈火之道融入剑道，被外界公认为仙缘大会第一剑仙。一年期满，夏皇宣布信符最多的八十人度过考验，纪宁、邋遢真人、夏芒紫山等八十人被挪移出。剩余一百五十九人进行最后厮杀决出十六人，共九十六人进入逐轮对决。玄机老祖暗藏杀机欲铲除纪宁。纪宁等九十六人拜见夏皇及八名纯阳真仙，高冠侍者（天仙）叮嘱规矩。,明月山水图考验结束，九十六人诞生，进入逐轮对决阶段。
仙缘,仙缘大会的奖励,设定展开、悬念设置,伏笔、设定,夏皇宣布奖励：前四十八人各得仙阶下品法宝，前十二人各得千万斤元液，前三可入大夏宝库任选神通秘术，且前三中由赤明道祖选一人为记名弟子（成天仙后转亲传）。近千天仙、八名纯阳真仙皆震惊，道祖收徒乃空前机遇。各部族天仙疯狂嘱托己方弟子拼死冲前三。玄机老祖命少炎轩必须冲前三。纪宁、邋遢真人、余薇得知后狂热渴望。第一轮对决开始。,仙缘大会奖励体系揭晓，赤明道祖收徒成为最大悬念与动力。
仙缘,三寿道人和赤明道祖,设定展开、伏笔深化,伏笔、设定,各部族天仙嘱托弟子。纪宁询问黄毛大熊拜赤明道祖是否会暴露摘星手，大熊告知赤明道祖乃混沌真神出身，与三寿道人曾一起生死闯荡交情颇深，不会害纪宁；《赤明九天图》亦为赤明道祖所创。延王问邋遢真人玄武大神通来历，邋遢真人称在外闯荡时进洞府所得传承（尚不知师尊为玄武大帝）。第一轮对决进行，苍梧鹫胜齐龙，木传真人胜颛水祁。,赤明道祖与三寿道人的关系揭示，邋遢真人玄武大神通来历交代。
仙缘,前二十四人,战斗描写、情节推进,战斗,纪宁轻松击败红莲教竹香，获仙阶下品仙剑。前四十八人各得仙阶法宝。第二轮对决开始，向天笑胜颛水甘，黑石真人凭伏羲棍阵击败丹竹真人。第二轮最后一场刀奴真人仅两刀斩杀血魔真人，震惊全场。吕洞宾透露刀奴真人乃其好友弟子，立誓供奉刀道。吕洞宾提议让纪宁（剑道最强）与刀奴真人（刀道最强）一战。,前二十四人决出，刀奴真人两刀斩血魔真人震惊全场，纪宁将对战刀奴。
仙缘,纪宁和刀奴,战斗描写、转折高潮,战斗、高潮,第三轮第一场纪宁对刀奴真人。二人皆法天象地三头六臂，六剑对六刀。纪宁施摘星手在硬碰硬中占上风，刀奴真人转为诡异快刀，纪宁以剑光如丝应对。刀奴真人进入忘我刀之世界，火龙环绕，纪宁水火莲花辅助。最终刀奴真人一柄砍刀被斩断一只手，认输。纪宁胜出，全场震惊于剑仙刀魔对决之精彩。,纪宁与刀奴真人剑刀对决，纪宁胜出展现剑仙第一攻杀实力。
仙缘,纪宁的神通,设定揭示、伏笔深化,伏笔、揭示、设定,皇城广场惊叹纪宁剑法。纯阳真仙们分析纪宁硬碰硬占优，推测其怀有一门厉害的辅助型力量神通（摘星手未暴露）。九死真人胜雨花真人。少炎轩胜向天笑。第三轮结束决出前十二人：夏芒紫山、苍梧鹫、纪宁、邋遢真人、少炎轩、木传真人、黑石真人、九死真人、白龙真人、乾一真人、归元真人、金乌真人。夏皇将十二人收入明月山水图静修三日（外界一个时辰）。,前十二人决出，纯阳真仙推测纪宁有力量神通，夏皇安排静修三日。
仙缘,邋遢真人战九死真人,战斗描写、转折高潮,战斗、高潮,"黑白学宫因纪宁、邋遢真人前十二独占二人及邋遢真人玄武大帝弟子身份而备受各方攀附。静修后第四轮开始，夏皇安排第一场邋遢真人对九死真人（因邋遢真人已被玄武大帝收为弟子赤明道祖不会再选，九死真人为七人中唯一女子）。九死真人戴银色手套六手狂攻，展露""生死大道""（最顶尖大道之一），吕洞宾感叹其野心。邋遢真人玄武大神通加太极之道防守无懈可击，突袭凿穿九死真人肩窝。",邋遢真人对九死真人，生死大道与玄武大神通太极之道正面碰撞。
仙缘,秘术'叠浪',转折高潮、设定揭示,揭示、设定、高潮,"邋遢真人施展""叠浪""秘术——四手防御两手攻击，攻击如浪潮一波波叠加递增，最终六拳齐轰震飞九死真人，九死真人认输。九死真人喃喃念叨""叠浪""，感觉若悟透便有希望渡劫成天仙。天仙老祖们看不懂其中奥妙，纯阳真仙们惊叹""叠浪""乃玄武大神通精髓在于""叠""字。苍梧鹫观战时突然悟出第五条道（风类道），实力大增，夏皇重新调整配对。",邋遢真人以叠浪秘术击败九死真人，苍梧鹫观战突破悟出第五条道。
仙缘,纪宁战少炎轩,战斗描写、矛盾爆发,冲突、战斗,第四轮第二场苍梧鹫凭绝对速度身法击败白龙真人。第三场纪宁对少炎轩（少炎氏与纪宁有深仇）。少炎轩用六条黑色长鞭，纪宁以水火莲花影响长鞭、剑光如丝近身逼迫。玄机老祖嘱托少炎轩以己之长克纪宁之短。夏皇向纯阳真仙们讲述纪宁与少炎氏恩怨。少炎轩急于求成施展神通令手臂柔软无骨自降力量，纪宁惊喜抓住机会爆发摘星手，六道剑光凶悍扫飞长鞭。,纪宁对少炎轩（少炎氏仇敌），少炎轩急功近利自降力量露出破绽。
仙缘,前六人,转折高潮、矛盾收束,冲突、高潮,少炎轩认输被切成几截，自嘲败于不够冷静，决意离开部族闯荡。玄机老祖骂少炎轩废物。第四场木传真人耗尽归元真人神力获胜，第五场黑石真人凭伏羲棍阵击败乾一真人，第六场夏芒紫山击败金乌真人。前六人出炉：邋遢真人、苍梧鹫、纪宁、木传真人、黑石真人、夏芒紫山。黑白学宫独占二人引发全场议论，五疯仙人畅快无比。,前六人决出，黑白学宫独占纪宁、邋遢真人二人，五疯仙人畅快无比。
仙缘,邋遢真人对木传真人,战斗描写、设定揭示,战斗、揭示、设定,"夏皇令前六人静心一个时辰后进行最关键之战。纯阳真仙们各抒己见看好不同人选。前三场配对：邋遢真人对木传真人，黑石真人对苍梧鹫，纪宁对夏芒紫山。第一场邋遢真人施展叠浪秘术狂攻，木传真人突然展露第二条大道""源水大道""（与青木大道相辅相成），同时走两条大道震惊纯阳真仙。木传真人以两条大道韧性抵挡叠浪秘术。",前六决战开始，木传真人展露青木、源水两条大道震惊全场。
仙缘,纪宁上场,转折高潮、人物心理,情感、高潮,邋遢真人叠浪秘术达到极限停顿，被木传真人重锤重创认输，但邋遢真人瞬间恢复平常心，木传真人惺惺相惜结为知己。第一战木传真人胜。第二战黑石真人凭伏羲棍阵克制苍梧鹫速度身法，苍梧鹫认输。夏皇承认故意打压大部族（苍梧氏）。第三战纪宁对夏芒紫山即将开始，余薇叮嘱纪宁小心。,邋遢真人败于木传真人，黑石真人败苍梧鹫，纪宁即将对战夏芒紫山。
仙缘,欲收徒,战斗描写、转折高潮,战斗、高潮,"纪宁与夏芒紫山三头六臂对决。硬碰硬不相上下，纪宁转为剑法如水连绵不绝。纪宁受邋遢真人叠浪秘术启发，施展六柄仙剑不同风格（狂暴如火、缠绵如水、飘渺不定）同时出击，将雨水、烈火、疾风、空间之道融入剑道，进入""无思无想""境界，剑法如乐曲如水墨画般美丽。吕洞宾惊叹纪宁为剑道天才，欲收纪宁为徒被夏皇拒绝，大势至菩萨亦称佛门愿纳此天才。",纪宁进入无思无想境界，剑法超常发挥压制夏芒紫山，纯阳真仙们惊叹欲收徒。
仙缘,闭关,转折高潮、悟道,修炼、高潮、爽点,夏芒紫山认输被斩成两截，纪宁胜出进入前三。木传真人、黑石真人亦进入前三。夏皇宣布前三中赤明道祖将选一人为弟子，另两人拜纯阳真仙门下。夏皇将三人收入明月山水图闭关静修一个月（外界一个时辰）。纪宁在明月山水图中悟出疾风之道，三条完整道（雨水、烈火、疾风）齐备，剑道感悟在第七式与第八式之间大幅提升。赤极真君等推测纪宁为攻杀第一、木传真人防守第一。,纪宁胜夏芒紫山进入前三，闭关悟出疾风之道，三条道齐备。
仙缘,第一,转折高潮、爽点设置,爽点、高潮,"三场决战：第一场纪宁站定不动等黑石真人现身近身战，击败黑石真人；第二场木传真人以""不动如山""耗尽黑石真人神力获胜；第三场纪宁对木传真人，纪宁以连绵不绝多变剑术逼木传真人九成防守，久守必失，木传真人认输。纪宁胜两场夺仙缘大会第一！安澶郡队伍欢呼，木子朔、五疯仙人、北山百微、白水泽等激动万分，白水泽泪忆纪一川夫妇。",纪宁三场决战胜两场，夺得仙缘大会第一，黑白学宫欢腾。
仙缘,玄武大帝,人物引入、转折高潮,人物、高潮,"三界虚空深处，玄武大帝（黑发老者，太极图高悬）命弟子覆海天神（深绿色蛟龙甲铠高瘦男子，天神级，曾砸天庭被禁足）前往大夏世界接邋遢真人。覆海天神到大夏天芒殿，夏皇、吕洞宾等客气接待。覆海直接喊""哪个叫张启、邋遢真人""，邋遢真人吓得一颤。夏皇将三场战斗水印送往赤明道祖，纪宁、木传真人、黑石真人紧张等待道祖选择。",玄武大帝派覆海天神来接邋遢真人，道祖选徒悬念即将揭晓。
仙缘,大神通,设定揭示、转折高潮,揭示、设定、高潮,覆海天神揭晓邋遢真人乃玄武大帝弟子，夏皇确认玄武大神通非玄武大帝允许不可学。邋遢真人回忆当初奇遇得传承，方知自己早已是玄武大帝弟子。覆海天神与邋遢真人称兄道弟。纪宁、木传真人、黑石真人在大夏宝库第六层选神通，三人均选《烛龙之眼上部》（三界大能者烛龙所创，排前百大神通，采集九天极光修炼本命烛光）。祁王传来消息：赤明道祖已选定弟子。,邋遢真人玄武大帝弟子身份正式揭晓，前三选得烛龙之眼上部，道祖选徒结果将至。
仙缘,道祖弟子,转折高潮、人物心理,情感、高潮,"夏皇宣布赤明道祖所选弟子为——木传真人！全场震惊。纪宁虽夺第一却未被选中，内心万般情绪但迅速恢复清醒，恭喜木传真人。夏皇透露赤明道祖看重木传真人""心性道心""（根基圆满扎实、不心急不焦躁），纪宁、黑石二人将来成就或许亦很惊人。夏皇承诺纪宁、黑石二人拜纯阳真仙门下，若无人收则亲自收徒。木传真人被帝昊带至真仙天神席。纪宁得知邋遢真人为玄武大帝弟子，震惊不已。",赤明道祖选木传真人为弟子，纪宁虽夺第一却落选，道心坚定迅速恢复。
仙缘,吕洞宾收徒,转折高潮、情感展现,情感、高潮,夏皇回忆第二元神拜见赤明道祖场景：道祖夸纪宁剑意强、黑石阵法不错，但看中木传真人心性（修仙路漫长，心性最重要），并嘱咐将纪宁、黑石收入赤明一脉。吕洞宾认真提出收纪宁为徒，覆海天神、北地仙翁等帮腔，夏皇以师尊有命拒绝。吕洞宾转而提出收余薇为徒，夏皇同意（未进前九十六的随便挑）。吕洞宾问余薇是否愿意，余薇看了纪宁后跪拜吕洞宾为师。,吕洞宾欲收纪宁被拒转收余薇为徒，夏皇派长青剑仙收纪宁。
仙缘,长青剑仙,人物引入、伏笔埋设,人物、伏笔,"吕洞宾告知余薇将带其离开大夏世界数十年至百年，纪宁也会拜真仙天神离开，一旦纪宁归来即放余薇团聚。余薇拜别纪宁。夏皇第二元神前往一方小世界长青观拜访长青剑仙（赤明道祖弟子，纯阳真仙，悟透剑道大道，孤僻不喜教弟子）。长青剑仙起初不以为然，强调""自身强大才是根本""，但看过纪宁交战卷轴后同意收徒，给青色小剑信物，十日内捏碎即来接引。",长青剑仙登场，同意收纪宁为徒，给信物十日期限。
仙缘,有朋自远方来,人物引入、悬念设置,人物、伏笔,"仙缘大会结束，覆海天神带邋遢真人离开，吕洞宾带余薇离开，大势至菩萨、北地仙翁等纷纷离去，夏皇带木传真人去见赤明道祖。纪宁与木子朔告别后回延王府仙府。白袍长发青年（白衣姜君）撕裂虚空降临大夏王都，穿入延王府无人能见，进入纪宁仙府，以""有朋自远方来""自称，与纪宁对坐饮酒。黄毛大熊警示来者为真仙天神级。",众人各奔前程，白衣姜君神秘造访纪宁仙府，悬念陡起。
仙缘,最神秘的道祖,设定揭示、转折高潮,揭示、设定、高潮,"白衣姜君自称""姜君""，从上古出生得道，让纪宁称其""姜兄""，奉师尊之命来接纪宁为徒。黄毛大熊警示须弄清是哪位道祖，恐拜入三寿道人死敌门下。姜君揭晓师尊：自混沌中来、与盘古女娲为友、成名上古斩杀神魔道祖、佛道兼修一梦知三界、弟子众多世人不知、三界最神秘——""方寸山斜月三星洞，菩提道祖""！黄毛大熊激动万分，告知纪宁菩提道祖乃三寿道人生死好友，曾帮三寿道人炼制水府，曾请菩提道祖帮忙。姜君转达师尊之言""黄毛小熊，近来可好""，纪宁确信无疑。",菩提道祖身份揭晓，三界最神秘道祖，三寿道人生死好友，收纪宁为徒。
仙缘,飘然而去（本卷终章）,转折高潮、悬念设置,伏笔、高潮,"祁王送长青剑仙信物青色小剑给纪宁，嘱十日内捏碎。纪宁与尉迟惜月告别。姜君取走青色小剑，告知纪宁拜菩提道祖为师不可外传，以免夏皇阻拦牵扯赤明道祖。纪宁收起仙府，带小青、白水泽随姜君撕裂虚空离开大夏世界，前往斜月三星洞。姜君解释""斜月三星""乃""心""字，洞府只能心中去想心中去寻，三界无人能找到。十二天后长青剑仙来寻纪宁，得知信物未捏碎、纪宁已离开大夏王都，以为纪宁一怒独自离开，便不再过问。全卷至此完整收官。",纪宁随姜君飘然而去拜菩提道祖为师，长青剑仙信物被弃，全卷落幕。
斜月三星洞,老祖门下大师兄,环境铺陈、人物引入,人物、设定,"纪宁随白衣姜君穿越虚空通道抵达菩提老祖开辟的洞府世界""斜月三星洞""（媲美大夏世界大小，自成轮回，不受三界管束）。姜君先带纪宁见大师兄，大师兄竟是一名穿着草鞋布衣的普通樵夫，毫无气息威压如同凡人，却是老祖门下实力毫无争议的第一人，自上古世界破碎后从未离开过斜月三星洞。","斜月三星洞洞府世界登场，神秘的大师兄""樵夫""首次现身。"
斜月三星洞,三寿道人之生死,设定揭示、悬念设置,伏笔、揭示、设定,"纪宁拜见菩提老祖，老祖点评仙缘大会纪宁、木传、邋遢三人，认为纪宁锋芒更强且根基扎实，赠予修仙心性四条劝告（目标远大、根基扎实、谨慎小心、心有锋芒）。老祖唤出黄毛大熊，揭示水府真正本名为""摘星府""，乃三寿道人将原洞府添加大量宝物乃至融化先天灵宝所造的传承洞府。老祖讲述三寿道人乃其在混沌中相识的至交好友，号为""神主""，悟出大神通""摘星手""（被女娲称赞，真神道祖中排名前列），在盘古开天以来最大浩劫中身死。","三寿道人已死的真相揭晓，摘星府来历及三寿道人""神主""身份揭示。"
斜月三星洞,老祖收徒,转折高潮、设定展开,设定、高潮,"菩提老祖确认三寿道人已死，黄毛大熊痛苦哀嚎后回归摘星府。纪宁正式拜老祖为师成为记名弟子，老祖定下两条规矩（不得忤逆、不得外泄师门），以""一梦千年""法术让纪宁感受从剑道入门到大成的完整过程（剑法走廊从第一式到第九式及更深远境界），并传授《北冥经》（逍遥道祖所创炼气法门，可修至大罗道祖）与《赤明九天图》四卷（赤明所创炼体法门，可修至真神）作为基础法门，告知方寸山有两座道宫（神仙宫、三界宫）。",纪宁正式拜师，一梦千年感悟剑道，获传两大基础法门。
斜月三星洞,神仙宫、三界宫,设定展开、环境铺陈,设定,纪宁走出道观，方寸山两名道童青水、白河乃先天灵宝所化。姜君介绍神仙宫分九层包罗万象，方寸山所有生灵可进，需通过简单考验（做杂活或击败傀儡）才能学法门；三界宫仅亲传弟子或老祖允许者可入，藏有三界顶尖大神通和秘术。必须先击败神仙宫第九层傀儡才能进三界宫。神仙宫管理者银月师兄（远古神兽，实力远超覆海天神）登场，宣布纪宁为老祖新收弟子。,神仙宫与三界宫两大道宫体系完整展开，银月师兄登场。
斜月三星洞,考验,设定展开、悬念设置,伏笔、设定,银月带纪宁逐层参观神仙宫，讲解各层考验：第一层打扫山路（半日）、第二层擦拭桌案（三天）、第三层除百里杂草（一月）、第四层种植万株仙果（半年）……越往上耗时越久，第八层需当道童千年。第九层无杂活考验，需在交战之地击败九阶傀儡（傀儡根据对手实力层次发挥对应力量，考验道的感悟，禁止使用神通秘术）。银月提议纪宁从六阶傀儡开始试。,神仙宫九层考验体系详细揭示，傀儡比试规则确立。
斜月三星洞,弱小,战斗描写、人物心理,情感、战斗,纪宁首战六阶傀儡，一招便被击败，北冥双剑脱手，双手皮开肉绽，毫无反抗之力。方寸山一脉弟子们原本对老祖弟子充满期待，见状大为失望。纪宁心态平静，改挑战四阶傀儡，凭借一梦千年后更扎实的剑法勉强击败。银月告知纪宁修炼才三十余年便能击败四阶傀儡已属不错，纪宁自认在方寸山属最弱，但有信心百年内超越。,纪宁方寸山首战惨败六阶傀儡，认清自身在方寸山的弱小定位。
斜月三星洞,方寸山上的三十年,悟道、设定展开,修炼、设定、爽点,纪宁决定专攻剑术，在方寸山潜心修炼。白水泽、小青通过做杂活获取神仙宫第三层法门，小青参悟《乾坤剑典》，白水泽得天仙阵法随笔。菩提老祖自收纪宁后每月讲道一次，小青悟透乾坤大道达到大道域境可施展大挪移，白水泽成为阵法宗师。纪宁接连击败五阶、六阶、七阶、八阶傀儡，钻研百余本剑术书籍，以《三尺剑》为核心汲取各家精华不断完善。转眼三十年过去。,方寸山三十年修炼历程概述，小青掌握大挪移，纪宁剑术飞速进步。
斜月三星洞,三尺剑之第九式,悟道、转折高潮,修炼、高潮、爽点,"纪宁在庭院中顿悟，周围凭空诞生剑气，汇聚成白芒仙剑，划过长空时出现黑龙虚影。纪宁悟透《三尺剑》第九式""剑游三界""，达到北行仙人最强境界，并认为此式太过肆意张扬，需修改得更内敛以提升威能。纪宁分析自身实力已达天仙之下最顶尖层次，但清楚天仙之间差距巨大。随后进入水府闭关完善三尺剑，并询问黄毛大熊是否有把握闯战神殿第八层。",纪宁悟透《三尺剑》全九式，达到北行仙人层次。
斜月三星洞,两件仙阶宝物,装备获取、设定展开,奖励、设定,"纪宁闯过战神殿第八层击败返虚层次古老神魔（施展出三头六臂、摘星手），获得第二件仙阶宝物。此前第七层所选为""三才锁仙圈""（仙阶上品，困敌收敌，准备给白水泽），此次所选为""犁天剑阵""（九柄仙阶极品飞剑，配合犁天道祖所创《犁天》剑术）。纪宁闭关一个多月修改完善第九式后出关，前往神仙宫第九层取《犁天》简本，并告知银月师兄要挑战九阶傀儡。",纪宁获得犁天剑阵与三才锁仙圈两件仙阶宝物，准备挑战九阶傀儡。
斜月三星洞,师兄师姐,战斗描写、人物引入,人物、战斗,"纪宁首次挑战九阶傀儡（白玉色，右臂九道圆环，有智慧），以修改后的""剑游三界""在三次交错中快出一丝胜出，方寸山弟子为之震惊。银月介绍老祖门下十九位亲传弟子情况：拜师时弱的十二位中，最短一年多（九师弟，幼童一夜悟水墨之道）、最长一万三千多年击败九阶傀儡；三师兄乃太阳星孕育的金乌，六师弟乃女娲补天石孕育的灵猴。纪宁进入神仙宫第九层选《犁天》全本。",纪宁击败九阶傀儡进入神仙宫第九层，众师兄师姐背景揭示。
斜月三星洞,后羿箭术,设定展开、悬念设置,伏笔、设定,"纪宁在神仙宫第九层选得《犁天》全本，一年中击败九阶傀儡三次获三本剑术典籍，悟出《犁天》十三式。随后前往三界宫，二师兄济癫（佛道兼修，学会老祖""一梦三界""神通，化身三界闯荡名气极大）登场。三界宫内仅十九本法门，纪宁看到《烛龙之眼》全本（考验仅打扫山路）、《后羿箭术》（盘古开天以来前十，考验最难）、《八九玄功》等大神通。",济癫师兄登场，三界宫中《后羿箭术》等大神通首次展现。
斜月三星洞,三界宫中的选择,设定展开、悬念设置,伏笔、设定,《八九玄功》号称真神以下三界第一神通（佛门道门领袖协力共创，欲令神体媲美盘古，仅创出九转，第九转神体宛如先天中品灵宝金刚不坏）。纪宁还看到《刑天灭世斧》《毗卢尸身》《雷神眼》《掌中佛国》《戮天剑阵》等法门。经深思熟虑，纪宁确定必选八九玄功（主防御金刚不坏）和后羿箭术（主远攻），加上摘星手（近身战）形成攻防体系，最后带上烛龙之眼（辅助）。纪宁翻开八九玄功简本查看考验内容。,八九玄功详细设定揭示，纪宁确定三界宫三大法门选择。
斜月三星洞,返虚,设定展开、悟道,修炼、设定、爽点,八九玄功考验为：下界收一名大功德者（功德金光百丈）为徒，杀十名大罪孽者（罪孽血光百丈）。济癫告知下界即去斜月洞府世界（媲美大世界）。纪宁回水府静室冷静反思后确定选择方案，并让停滞元神圆满三十余年的第二元神突破返虚。第二元神修炼《北冥经》，消耗五百余万斤元液从元神圆满提升至返虚后期（剩四百多万斤，留一百五十万斤给白叔小青各）。,八九玄功考验内容揭示，纪宁第二元神突破至返虚后期。
斜月三星洞,下界,环境铺陈、人物引入,人物、设定,纪宁给白水泽、小青各一百五十万斤元液后独自下界。斜月大世界分云州、炎州、星洲三州，纪宁选择混乱的星洲。星洲祁国皇族残余——皇子祁如峰、公主祁如玉、祁如蕙及六名仆从护卫被火翼卫追杀数十年，决定逃往恶龙江（无法飞行遁术之地）避险。江面上纪宁躺木船吹竹叶，神识探查发现祁小雨功德金光三百丈。,纪宁下界星洲，祁国皇族残余及恶龙江背景铺陈，发现大功德者祁小雨。
斜月三星洞,祁国余孽,人物引入、矛盾展现,人物、冲突,"纪宁邀请祁国皇族上船，皇子假名""石峰""释放万象威压试探。纪宁释放更强威压震慑，化名""北冥""。纪宁询问祁小雨过往，皇子谎称其为土著被长辈收徒。同时，火翼卫十二名军士（一名元神大妖、十一名万象大妖）凭借火翼虫追踪到祁国皇族在万里之内，准备追杀。",纪宁接触祁国皇族考察祁小雨，火翼卫追杀逼近。
斜月三星洞,火翼卫,战斗描写、转折高潮,战斗、高潮,纪宁以百件天阶上品飞剑为价要收祁小雨为徒，皇子谎称需族长点头推脱，被纪宁识破撒谎。十二名火翼卫结成道兵大阵化为巨大火翼虫攻来，纪宁释放道域令一切静止，瞬杀十二名大妖。纪宁识破皇子假名，冷然逼问。皇子祁如峰承认真实身份，纪宁发现祁小雨乃大功德者可镇气运，皇族不愿轻易让出。,纪宁以道域瞬杀火翼卫小队，逼出祁国皇族真实身份。
斜月三星洞,逼迫,矛盾展现、人物心理,冲突、情感,"纪宁逼祁如峰交出祁小雨，皇子提出要纪宁庇护皇族百年为条件，声泪俱下讲述皇族数十年逃亡的绝望。纪宁拒绝百年之约，提出""庇护一年或斩杀火翼妖王""二选一，否则杀尽夺宝。祁如峰被迫同意，祁小雨天道誓言完成，跪拜纪宁为师。纪宁暗中发现祁小雨幼年部族覆灭有蹊跷。",纪宁以庇护一年或杀火翼妖王为条件收祁小雨为徒。
斜月三星洞,宝藏,伏笔埋设、悬念设置,伏笔,"祁小雨拜师后换装，纪宁赐其人阶极品法宝及保命玉簪。纪宁询问火翼妖王追杀不休的原因，祁如峰道出""火翼毒""沾染神魂无法祛除、火翼虫可感应追踪的秘密。纪宁询问火翼妖王罪孽，得知东流十二妖王个个罪孽血光冲天，最强者金毛罴妖王曾逼退天仙。火翼妖王方面得知火翼卫全军覆没，派三支队伍追查。同时火翼妖王召集东流十二妖王商议祁国宝藏之事。",火翼毒追踪机制揭示，东流十二妖王及祁国宝藏伏笔埋设。
斜月三星洞,大罪孽者,矛盾展现、人物心理,冲突、情感,纪宁得知东流十二妖王个个罪孽血光冲天（大罪孽者），金毛罴妖王曾与天仙一战令其退去，十二妖王联手连天仙老祖势力都不愿招惹。纪宁战意沸腾，决定以十二妖王为对手。祁如峰告知火翼妖王乃东流十二妖王之一，麾下近百名地仙散仙，排行中等。,东流十二妖王实力背景详细揭示，纪宁锁定十名大罪孽者目标。
斜月三星洞,恶龙江上的杀戮,战斗描写、转折高潮,战斗、高潮,数百火翼卫（三名散仙率领）结成三头千丈火翼虫攻来，祁如蕙扔出绿竹阵法困住纪宁和火翼卫后率皇族逃窜，意图让纪宁拖延时间。纪宁一怒之下三道剑光化为黑龙，瞬间灭杀三头千丈火翼卫及数百大妖（含三名散仙），一道剑光破阵，追上逃窜的长梭，一剑绞杀祁如蕙。,纪宁一招灭杀数百火翼卫及三名散仙，处决背后捅刀的祁如蕙。
斜月三星洞,青崖小雨,转折高潮、情感展现,情感、高潮,"纪宁以迷神术审问祁如玉、祁如峰，确认小公主暗算之事二人未参与。纪宁追问祁小雨部族覆灭真相，皇子呆滞道出皇族当年逼迫三头先天大妖袭击青崖部落、害死祁小雨亲人以令其绝对忠诚的真相，唯有久荷师傅是真心对她好。祁小雨决裂改名为""青崖小雨""，与祁氏再无关联。纪宁将皇族收进仙府，带至千万里外山峰。",祁小雨身世真相揭晓，决裂皇族改名青崖小雨。
斜月三星洞,东流十二妖王,人物引入、矛盾爆发,人物、冲突,原祁国都城，火翼妖王召集东流十二妖王，展示从祁国所得宝藏地图（渠牙山脉深处），讲述自己两次闯宝藏之地（第二次被困二十多年险些丧命）的经历，提议十二妖王联手深入。此时得知三支火翼卫队伍全军覆没，金毛罴妖王率十二妖王及成千上万妖怪浩浩荡荡前往追杀。纪宁在山峰上等待，发现十二妖王齐至，面色大变。,东流十二妖王齐聚商议宝藏，全体出动追杀纪宁。
斜月三星洞,罪孽滔天,战斗描写、转折高潮,战斗、高潮,纪宁神识探查发现十二妖王中十一人罪孽血光数百丈（大罪孽者），唯金毛罴妖王仅有黑色浊气。纪宁故作弱小示弱，先以顶尖散仙层次剑法抵挡火翼妖王的火焰手掌，待火翼妖王亲自出手施展六道弧形刀刃化为火红大蛇时，纪宁突然爆发千牛剑威能，六道剑光化为黑龙，瞬间斩杀火翼妖王。金毛罴妖王大惊。,纪宁示弱偷袭斩杀火翼妖王，破坏东流十二妖王飞熊大阵。
斜月三星洞,剑为犁，天为田,战斗描写、转折高潮,战斗、高潮,"火翼妖王死后飞熊大阵无法施展，十一妖王以元力共用的简单合阵围攻纪宁。纪宁本尊三头六臂持六柄仙剑抵抗，被金毛罴妖王九十九颗圆球法宝等压制。纪宁第二元神突然出现，施展犁天剑阵（《犁天》剑法，""剑为犁天为田""），九道黑色裂痕划过长空，瞬间斩杀三名妖王。纪宁本尊同时爆发千牛剑隐藏威能（化为黑色老牛神龙），重创玉蟾妖王后斩杀，金毛罴妖王下令撤退。",纪宁本尊与第二元神联手全力爆发，犁天剑阵大展神威斩杀多名妖王。
斜月三星洞,妖王逃命,战斗描写、转折高潮,战斗、高潮,"十一妖王溃逃，纪宁追杀，又斩杀数名妖王，朱厌妖王等三妖王逃窜。纪宁共斩杀八名妖王，遗憾未能凑齐十个。金毛罴妖王以九十九颗圆球法宝挡下纪宁犁天剑阵攻击，询问纪宁杀妖王原因，纪宁告知是师傅考验杀大罪孽者。金毛罴妖王评价纪宁第二元神达天仙中等、本尊天仙低等（神魔炼体近身战优势），留名""金顶山""后离去。纪宁将八妖王遗留的数十件仙阶法宝展示给祁国皇族，宣布承诺已兑现。",纪宁斩杀八名妖王，金毛罴妖王评价纪宁实力为天仙层次。
斜月三星洞,功成,转折高潮、伏笔深化,伏笔、高潮,纪宁从八名妖王储物法宝中各发现一份相同的宝藏地图，推断十二妖王汇聚正是为渠牙山脉宝藏。在火翼妖王储物法宝中发现祁国皇族传承书籍，记载祁国开国皇帝从宝藏之地得修炼法门神通秘术后迅速崛起。纪宁另寻杀死逃窜的毒刺妖王（第四），又找到一名六十多万年的邪恶老祖（人族散仙），斩杀后凑齐十名大罪孽者，功德清气蜕变为功德金光。纪宁带青崖小雨来到渠牙山脉。,纪宁凑齐十名大罪孽者功德化金光，渠牙山脉宝藏线索深化。
斜月三星洞,渠牙山脉,环境铺陈、悬念设置,伏笔、设定,纪宁进入渠牙山脉，感应到深处可怕威胁。山脉土壤特殊（疑为上古盘古世界碎片），神识被完全蒙蔽。纪宁闯过第一重禁域（无形拍击压力区域，数千里路耗费近一天，多次施展摘星手和三头六臂），遇到正在恢复元力的金毛罴妖王。纪宁继续深入，遇到第二重雷电禁域（一百八十丈），前进百丈后被水桶粗雷电逼停。一道尖细声音劝纪宁离开。,渠牙山脉三重禁域设定揭示，纪宁受阻于第二重雷电禁域。
斜月三星洞,回方寸山,人物引入、悬念设置,人物、伏笔,黑衣少年现身峡谷入口，告知宝藏之地共三重禁域，第三重连天仙都难破，自己在等待转机。纪宁判断实力不足，毅然返回。归途再遇金毛罴妖王。纪宁回到方寸山，带青崖小雨上山拜见师门，银月师兄赐青崖小雨玉坠（天仙攻击可挡盏茶）及大挪移道符。纪宁前往三界宫，济癫师兄交付《八九玄功》全本。,黑衣少年登场，纪宁获《八九玄功》全本准备修炼。
斜月三星洞,修炼玄功,悟道、设定展开,修炼、设定、爽点,纪宁开始修炼八九玄功，入门即七十二般变化（变化万物及气息，连神眼秘术都难看破）。纪宁不断练习变成石头、树木等物，甚至被徒弟青崖小雨一屁股坐在石头上。修炼一年三月后练成七十二般变化，变成银月师兄模样在方寸山行走，连返虚神魔大妖都未发现破绽，银月师兄识破后确认纪宁八九玄功入门。,纪宁练成八九玄功入门七十二般变化，变化之术可骗过返虚强者。
斜月三星洞,纵横天下的依仗,装备获取、设定展开,奖励、设定,纪宁以仙阶法宝向银月师兄换取仙阶极品灵丹修炼八九玄功，银月查看后表示法宝仅值六十颗灵丹（第三转需约一百颗），逼纪宁写下借条（借四十颗，万年还一百颗，以千牛剑抵债）。纪宁吞服仙阶极品灵丹修炼，第一转成（身体媲美天阶法宝），第十一颗时第二转成，最终以九十九颗练成第三转（神体媲美仙阶法宝）。千牛剑全力劈砍及犁天剑阵攻击都无法留下白痕。,纪宁八九玄功第三转成，神体媲美仙阶法宝金刚不坏。
斜月三星洞,再探渠牙山脉,战斗描写、转折高潮,战斗、高潮,纪宁再探渠牙山脉，硬抗雷电禁域一百八十丈通过（身体如被雨水冲洗般舒适）。峡谷外金毛罴妖王已请来好友无涯天仙联手，无涯猜出纪宁修炼八九玄功，传音认出纪宁为方寸山师叔。纪宁进入峡谷，黑衣少年也进入。,纪宁八九玄功第三成硬抗雷电禁域，无涯天仙认出纪宁方寸山身份。
斜月三星洞,神魔尸体,设定揭示、悬念设置,伏笔、揭示、设定,纪宁进入峡谷，遭远古杀意冲击神魂，以观想《女娲图》稳固。发现峡谷中躺着一具数百丈高的上古神魔尸体（青灰色岩石皮肤，身上有伤口、破损甲铠，旁有断弦黑色大弓及两根箭矢）。靠近百丈时黑色大弓自动引动天地之力射出火焰箭矢，将纪宁轰飞数百丈。纪宁判断大弓至少为纯阳法宝乃至先天灵宝，以《水诸天》剑术抵挡箭矢逼近十丈内，进入第三禁域范围。,上古神魔尸体及黑色大弓登场，第三禁域考验开始。
斜月三星洞,罗T弓,转折高潮、装备获取,奖励、高潮,"第三禁域为心幻考验（贪恋痴魔），纪宁陷入与父母团聚的幻境，以道心破除""醒来""怒吼粉碎幻境，一步步闯过所有幻境。黑衣少年消失前感叹""原来是他""。纪宁走到神魔尸体旁，黑衣少年现身揭示身份为罗T弓法宝之灵（先天上品灵宝，上古十大神弓之一，由大能者斩杀可怕存在""罗T""后以其尸身材料炼制，后蜕变为先天灵宝），弓弦断裂待补。纪宁成功炼化罗T弓，收起神魔尸体，三重禁域自动消散。纪宁返回方寸山，偶遇大师兄樵夫。",纪宁闯过第三禁域心幻考验，获得先天上品灵宝罗T弓。
斜月三星洞,箭在飞,悟道、人物心理,修炼、情感、爽点,"后羿箭术考验为蛮力射万里外一寸红心连续十次。纪宁以烛龙之眼第二重（可观十万里内蚂蚁）辅助，初射偏差数里。纪宁向罗T弓之灵请教，苦练近三年从百里到千两百里，达到一千两百里极限无法进步。大师兄樵夫路过指点""箭在飞，心在飞""六字诀。","后羿箭术考验艰难，大师兄点拨""箭在飞，心在飞""。"
斜月三星洞,心在飞,悟道、转折高潮,修炼、高潮、爽点,"纪宁领悟""箭在飞心在飞""即心力附于箭矢与箭合一，可感应并微调箭矢方向。罗T弓之灵回忆历代主人常言""心在箭上""。纪宁发现心念仅能附百里，悟出需对弓箭一道有至诚之心方能增强心力。纪宁苦练后心念附箭距离从千里增至九千里，最终一口气连射百箭皆中万里外一寸红心，通过考验。纪宁获得《后羿箭术》全本，得知大成后威能甚至超过第六转摘星手，可令天神重伤真神，但对心力消耗极大仅能射数箭。纪宁再取《烛龙之眼》全本。",纪宁掌握心力通过后羿箭术考验，获三大法门全本。
斜月三星洞,出师,转折高潮、伏笔埋设,伏笔、高潮,纪宁亲手打扫山路（烛龙之眼考验），菩提老祖召见。老祖赐下为纪宁量身创造的两大法门：遁术《九天湮风》（须臾九万里，在另一时间流速不同的世界耗费数十万年创出）与剑阵《大千剑阵》（以小千剑阵为源汲取佛道多宝法阵精华，千余年创出），另赐一套莲花法门。老祖令纪宁出师下山，青崖小雨留在方寸山待击败九阶傀儡后送往大夏世界。老祖警告三界暗流汹涌，女娲已离开进入混沌，六道轮回被攻破、天庭空有虚名，此次浩劫或比上古盘古世界破碎更可怕，道祖真神都将陨落。纪宁带小青、白叔经虚空通道返回大夏世界，全卷收官。,纪宁出师获赐两大法门，菩提老祖警告三界浩劫将至，纪宁下山回大夏。
回归大夏,归家,环境铺陈、情感展现,情感、设定,纪宁带白水泽、小青返回大夏世界安澶郡翼蛇湖明心岛，发现明心岛已重建如初但无旧识；神识碾压性扫过万剑城，令妖仙多禾仙人、巫隋仙人惊骇；于万剑城僻静府邸寻到已突破万象前期的秋叶，秋叶见公子归来激动落泪；前往北冥殿见纪留真、影婆婆等，得知老族长纪九火、阿醒已故，安澶侯已换为北山胤。,纪宁离家三十余年后重返翼蛇湖故土，纪氏因纪宁威名而安稳繁盛。
回归大夏,纪宁回来了,设定展开、人物引入,人物、设定,"纪宁得知北山黑虎、北山百微父子仍安然生活在安澶城，松一口气；获悉安澶郡近二三十年混乱，多个媲美雪龙山的势力被灭，背后恐有大秘密；飞入黑白学宫，安澶侯府监察到纪宁回归上报驮山天仙；驮山天仙亲至黑白学宫确认纪宁及两头灵兽均达返虚地仙，询问其三十余年去向，纪宁以""拜师学艺""搪塞；五疯仙人告知殿才仙人前些日子刚回学宫、正闭关准备渡劫。",纪宁回归消息传开，安澶郡混乱局势初露，殿才仙人即将渡劫的消息埋下。
回归大夏,血神教,设定展开、悬念设置,伏笔、设定,纪宁将斩杀妖王、邪恶老祖所得的大量道藏赠予殿才仙人与黑白学宫，令师门实力大增；殿才仙人透露安澶郡血神教近三十年实力暴涨，教主血神子已能媲美天仙、与驮山天仙一战不分胜负，安澶北山氏连连吃亏；安澶城内刺杀超百次，疑为血神教所为；纪宁好友北山百微十余年前在安澶城内遭刺杀险些身死；殿才仙人告知木子朔二十余年前与道侣俞夏真人一同失踪。,血神教异动与安澶郡混乱背后的神秘力量浮现，木子朔失踪悬念埋下。
回归大夏,当年那些仆从们,人物引入、情感展现,人物、情感,纪宁得知木子朔道侣俞夏真人命简碎裂、木子朔命简未碎但杳无音讯；殿才仙人因冥冥感应浩劫将临决意近期渡劫；纪宁回北冥峰见到当年六大仆从：孟岩已成五疯仙人弟子、黑白学宫正式弟子，云舟低调修炼傀儡之术，云璐嫁东河青云后因受虐带子云逸归北冥峰，忘卫被斩杀，尾方因道侣纠葛被杀，冥D回乡；纪宁回归消息经天宝山传遍大夏，各方势力瞩目。,六大仆从命运各异令人唏嘘，纪宁回归引发大夏各方势力关注。
回归大夏,大夏第一杀手组织,人物引入、悬念设置,人物、伏笔,"少炎氏天仙玄机老祖得知纪宁回归且两头灵兽均达返虚地仙，认定其三十余年有大际遇；玄机老祖召集少炎氏五名天仙老祖商议，认定纪宁未拜赤明道祖一脉、仇恨难解，决定趁其返虚地仙阶段尽早铲除；采纳枯木老祖建议请大夏第一杀手组织""血云楼""出手；玄机老祖持令牌经传送塔抵达血云楼，血云楼三十年前出现，已刺杀超十名天仙老祖，发出天道誓言绝不泄露客人讯息。",少炎氏决定铲除纪宁，聘请大夏第一杀手组织血云楼出手刺杀。
回归大夏,天界来人,人物引入、矛盾展现,人物、冲突,血云楼银袍少女以纪宁背后师傅可能为真仙天神、风险大为由，索价三件仙阶极品法宝；玄机老祖以仙丹、灵材、仙阶法宝、海量元液凑数成交，血云楼承诺一年内杀死纪宁；纪宁前往大夏王都延王府见表姐惜月郡主，得知惜月将嫁天界风禁岛入赘子弟风云顾，风禁岛岛主之子风云鹏亦追求惜月欲娶回风禁岛；风云鹏骄横跋扈，对纪宁颇为轻视。,血云楼接下刺杀纪宁契约，纪宁在大夏王都结识天界风禁岛风云鹏、风云顾二人。
回归大夏,一根箭矢,转折高潮、爽点设置,爽点、高潮,"风云鹏陪纪宁、惜月同往天宝山总部，欲借财大气粗压纪宁一头；纪宁递交白水泽所列两份布阵材料清单，第一份需八百六十万斤元液，第二份连天宝山银发男子（天狐老祖）都震惊，开价至少十件仙阶极品法宝或一件纯阳下品法宝；纪宁取出当年渠牙山脉所得火象箭（上古神箭手""启""之箭矢，一根即媲美纯阳下品法宝），天狐老祖确认可抵，另补三千万斤元液；风云鹏财大气粗的自信被彻底击碎。",纪宁以一根火象箭换取天宝山布阵材料，财力完全碾压风云鹏。
回归大夏,上古神箭手'启',设定揭示、悬念设置,伏笔、揭示、设定,"纪宁将随身仙府""金光仙府""（价值八百万斤元液）赠予惜月郡主报恩，并逼迫骄横的风云鹏主动离开延王府；天狐老祖透露箭矢归夏皇；夏皇在黑暗虚空中辨识箭矢为上古神箭手""启""的火象箭，一箭可令夏皇殒命，推断纪宁可能与大能者有关、背后或有道祖，下令""可为友不可为敌""，并遵师命不追究纪宁拜师之事。",夏皇认定纪宁背景不凡、可为友不可为敌，暗中交好纪宁。
回归大夏,布阵,设定展开、环境铺陈,设定,"纪宁告别惜月返回燕山，召集纪氏高层宣布布阵计划，族内无人反对；白水泽布下""迷神十八幻阵""笼罩燕山方圆十万里，令无信符者永远迷失；血云楼以蚊虫、商队、迷魂术、夺舍术等手段渗透探查均告失败，认定燕山已成纪宁铁桶地盘、不适合刺杀；白水泽不眠不休四十九日布成三大绝世凶阵之首；五疯仙人前来通知殿才仙人九天后渡劫。",燕山布阵固若金汤令血云楼放弃在燕山刺杀，殿才仙人渡劫在即。
回归大夏,渡天劫,人物心理、设定展开,情感、设定,五疯仙人告知渡劫之事极为隐秘仅纪宁、五疯两人护法；纪宁透露自己已悟透并修改完善《三尺剑》全九式，五疯仙人惊叹其剑术已达黑白学宫历史最强；纪宁留小青驻守燕山，与白水泽前往黑白学宫；殿才仙人见纪宁剑术大进甚慰，纪宁赞白水泽阵法已达宗师境界；渡劫之地仅殿才仙人一人知晓。,纪宁剑术成就揭晓，护法阵容确定为殿才、纪宁、五疯、白水泽四人。
回归大夏,四大劫,设定展开、氛围营造,设定,殿才仙人携众人施展空间挪移前往北冥大海火山岛屿内隐秘小世界渡劫；小世界充满死气、焦黑荒芜，乃一头火焰神魔潜藏所致；殿才仙人透露若渡劫不成便死、欲与亡故师妹团聚的决死之念；纪宁赠予五柄犁天仙剑（仙阶极品）助师傅渡劫；天劫分风劫、火劫、雷劫、心魔劫四大劫，禁一切外力帮助，阵法亦属外力，唯自身法宝剑术可用；殿才仙人静待八天后天劫降临。,殿才仙人决死渡劫，天劫四大劫设定展开，纪宁赠犁天仙剑助阵。
回归大夏,天仙之体,战斗描写、氛围营造,战斗、设定,"风劫降临，殿才仙人以五柄犁天仙剑结五彩光芒抵挡各种天风，最终度过最可怕的""天仙风""成就风劫；火劫降临，种种天火灼烧，殿才仙人化为""火人""度过""天仙火""成就火劫；雷劫之云汇聚，五疯仙人透露当年自己败于第二十五道天雷，殿才仙人天雷必更多；第一道天雷劈下，雷劫开始。",殿才仙人度过风劫、火劫，最可怕的雷劫正式开始。
回归大夏,我的师傅,战斗描写、转折高潮,战斗、高潮,殿才仙人以犁天仙剑依次挡下天雷，单剑挡十八道、三才剑阵挡至二十七道、五行剑阵挡至三十六道；天雷升至四十五道（五九雷劫），殿才仙人施展禁术压榨金莲元神苦撑；第四十五道天雷残余雷电击伤殿才仙人，众人以为渡劫成功，然雷电云团未消散——竟是六九雷劫！殿才仙人绝望怒吼，纪宁凄厉流泪；第四十六道天雷劈下。,殿才仙人遭遇炼气流极罕见的六九雷劫，纪宁痛彻心扉。
回归大夏,灭绝,转折高潮、悟道,修炼、高潮、爽点,"纪宁在绝望中渴望盘古神境界的至强力量以掌控命运；殿才仙人回忆当年师妹死后遇一神秘老者传授""五行剑法""，此前仅悟出第十七式；绝境中殿才仙人临阵悟出第十八式""小五行灭绝""——五柄仙剑化为五指山，融合镇压毁灭；殿才仙人以此式轻松挡下第四十六至五十四道天雷，六九雷劫渡过，成就天仙之体；安澶郡境内一名傲气白衣女子出现。",殿才仙人绝境临阵悟出五行剑法第十八式，渡过六九雷劫成就天仙。
回归大夏,敌人,人物引入、矛盾展现,人物、冲突,白衣女子持青铜令牌至血神教老巢血湖山脉，向血神教主血神子传达殿才仙人渡劫情报（神秘势力第三次提供渡劫情报）；血神子震惊神秘势力竟能知晓隐秘渡劫之地，决定趁机铲除黑白学宫三人；血神子率七大护教法王前往北冥大海火山岛屿；血云楼地九小组十二名白袍人亦潜伏于火山口旁，借血神教之力令刺杀更有把握；纪宁冥冥感应到可怕危险逼近，施展烛龙之眼探查。,血神教与血云楼地九小组同时盯上殿才仙人渡劫，纪宁察觉危险逼近。
回归大夏,出手不容情,战斗描写、矛盾爆发,冲突、战斗,纪宁以烛龙之眼发现六万余里外血神教主与七大法王乘黑色大船逼近；五疯仙人进封禁大阵贴身护殿才，纪宁本尊在外拦截；血神子以九根灰色长梭攻击纪宁本尊，七大法王化为血龙合阵攻封禁大阵；纪宁第二元神现身封禁大阵内，以九柄犁天仙剑施展《犁天》剑术一招击溃血龙。,血神教八人分兵袭击，纪宁第二元神以犁天剑阵迎战七大法王。
回归大夏,地九小组，出手,战斗描写、转折高潮,战斗、高潮,纪宁第二元神以九柄犁天仙剑追杀七大法王，尽皆斩杀，收缴其法宝；血神子躲入黑色小船化为堡垒，欲杀殿才仙人；纪宁本尊以千牛剑、莲花剑界应付血神子；血云楼地九小组十二名白袍人借大挪移道符瞬间出现，结成上古神兽巴蛇之阵，一口将纪宁本尊吞入。,七大法王被斩杀殆尽，血云楼地九小组以巴蛇之阵吞下纪宁本尊。
回归大夏,巴蛇和纪宁,战斗描写、设定展开,战斗、设定,"巴蛇吞入纪宁后，地九小组十二人在巴蛇体内各处突袭，法宝法术从肉壁骨骼中冒出近距离攻击；纪宁施展三头六臂持六柄神剑，以《水诸天》剑术防御仍感吃力；纪宁激发千牛剑内""宿河""阵图，万里宿河席卷巴蛇体内体外；巴蛇以吞吸力将纪宁坠入腹部血色湖泊，施展禁术""巴蛇之狱""腐蚀纪宁；外界血神子被困白水泽阵法无法靠近殿才。",纪宁在巴蛇体内遭地九小组围攻，激发千牛剑宿河阵图反制，遭巴蛇之狱腐蚀。
回归大夏,撕裂虚空,战斗描写、转折高潮,战斗、高潮,"纪宁八九玄功第三转神体媲美仙阶法宝，巴蛇之狱腐蚀无法伤其分毫；纪宁施展法天象地劈砍巴蛇腹壁；地九小组判定纪宁有护身奇物、施展出巴蛇之狱仅能持续盏茶时间；地九小组启动后补计划，巴蛇撕裂虚空逃离小世界进入大夏世界；巴蛇降临火扇郡东林山脉（东林宗所在地），陷入更大阵法；银甲将军（天仙）命韩大与东林宗主协助血云楼，自己前往""禁地""。",八九玄功硬抗巴蛇之狱，巴蛇撕裂虚空将纪宁带至东林山脉神秘势力据点。
回归大夏,身陷,战斗描写、氛围营造,战斗、设定,"纪宁被巴蛇吐出，身处东林宗大阵内；东林宗主施展""灰烬神火""火焰凤凰攻击纪宁，巴蛇与各类法宝围攻，纪宁以八九玄功金光神体无视一切；韩大驾""三尾雷神""傀儡加入围攻仍被纪宁千牛剑击退；地九小组传音让韩大请主人想办法，否则将用最后一招。",纪宁在东林宗阵法内遭灰烬神火、巴蛇、三尾雷神傀儡等多方围攻均毫发无伤。
回归大夏,九天神衍毒火炉,战斗描写、设定揭示,战斗、揭示、设定,"银甲将军在禁地斥责红袍老者屈桓进度太慢，限期三年完成任务；韩大回报纪宁难杀，银甲将军命九名魔卫施展东林山脉最强杀阵""九天神衍毒火炉""；银甲将军携徒弟黑衣少年观战，透露纪宁已有天仙实力；九座山峰悬浮，火红符纹相连，杀阵威压笼罩整个东林山脉。",银甲将军命九大魔卫施展最强杀阵九天神衍毒火炉对付纪宁，禁地任务线索埋设。
回归大夏,落幕？,战斗描写、转折高潮,战斗、高潮,九天神衍毒火（真火层次，碧绿火焰内含紫色雷火）笼罩纪宁上半身，纪宁以八九玄功神体硬抗毫发无伤，反骑在巴蛇身上欲拖敌人共浴火中；银甲将军震惊，猜测纪宁或有护身奇物或八九玄功，命撤去杀阵放弃攻击；地九小组表示只能用最后一招；巴蛇溃散为十二白袍人，首领白衣血痕男子逃入黑雾洞口（通往神秘势力真正老巢，比东林山脉危险百万倍）；纪宁追至洞口前犹豫未入。,九天神衍毒火炉无法伤纪宁分毫，血云楼地九小组逃入黑雾洞口，纪宁未追入。
回归大夏,天仙,转折高潮、悬念设置,伏笔、高潮,纪宁未入黑雾洞口，选择留在大阵内当靶子以免敌人追杀至师傅渡劫之地；银甲将军决定困住纪宁不主动攻击，低调保命；血云楼向玄机老祖退还宝物（刺杀失败），索价二十件仙阶极品法宝方可再杀，玄机老祖怒而离去；银袍少女推断纪宁或有八九玄功（连血云楼师傅都没资格学），震惊其背景；殿才仙人渡心魔劫十天后睁眼，眼中沧桑含泪。,血云楼刺杀失败退还宝物，殿才仙人渡过心魔劫即将成天仙。
回归大夏,仙宝何处？,转折高潮、设定展开,设定、高潮,"殿才仙人成就天仙，天地异象降临，七彩祥云金色莲花仙乐环绕，金莲元神莲籽吸纳神魂化金丹，成就""金丹大道""逍遥天仙；血神子耗费大挪移道符逃走；五疯仙人宣布殿才成天仙喜讯，黑白学宫欢腾；五疯仙人透露殿才成天仙需通知安澶北山氏驮山天仙，且仙宝当在安澶北山氏内；纪宁本尊以大挪移道符离开东林山脉，至百万里外堰流城探查，确认困住自己的地方为火扇郡东林山脉东林宗。",殿才仙人成就天仙，纪宁探明困住自己的神秘据点为东林宗。
回归大夏,安澶北山氏的老祖,人物引入、转折高潮,人物、高潮,纪宁返回安澶城黑白学宫参与庆贺殿才成天仙；驮山天仙通报安澶北山氏隐藏老祖通合天仙（绝剑仙，神魔时代存在，曾为夏皇征战斩杀无数神魔为安澶北山氏赢得封侯，传说天河一战后隐世），赠予殿才仙人五柄仙阶极品飞剑（通合老祖当年斩杀五鬼老祖所得）；驮山天仙传音通知纪宁、殿才，通合老祖要见二人。,安澶北山氏隐藏的神魔时代老祖通合天仙现身，赠殿才仙人五柄仙阶极品飞剑。
回归大夏,局势,设定揭示、悬念设置,伏笔、揭示、设定,"通合老祖透露自己天河一战后隐居凡人小世界""断了因果""以求长生，如今浩劫将临无法再躲；通合老祖联合纪宁、殿才、驮山共抗浩劫，建议殿才将来""假死""隐居凡人小世界；通合老祖、驮山天仙均不知大夏世界有擅长""巴蛇合阵""的势力；纪宁至天宝山安澶分部查探巴蛇合阵情报，天狐老祖亲自赶来，透露此情报牵扯极大、夏皇特许给予。",通合老祖揭示三界浩劫将临并联合各方，纪宁获夏皇特许查阅巴蛇合阵情报。
回归大夏,赤明九天图第十六重,设定揭示、伏笔埋设,伏笔、揭示、设定,"纪宁从天宝山情报得知大夏世界背后黑手：血云楼（杀手组织，给宝物即杀）、无间门（挑拨天下，金衣使者天仙超300位），及其他隐秘势力，均约三十年前出现，连夏皇亦不敢轻举妄动；少炎氏调查纪宁后决定自行铲除，但燕山阵法太强无法刺杀，只能等待；纪宁在燕山潜心修炼，从寒冬到深秋，终于在翼蛇湖上突破赤明九天图第十六重（神魔炼体媲美返虚后期），太阴真水太阳真火构成""蛋""蜕变神体。",无间门等背后黑手势力全貌揭示，纪宁突破赤明九天图第十六重大境界。
回归大夏,只有一成,设定展开、装备获取,奖励、设定,纪宁神体突破后八九玄功可修至第六转（代价为第三转千倍）；黄毛大熊告知战神殿第九层仅一成把握（需顶尖天仙实力），第十层需近乎真仙实力，暂不闯；珍宝殿第三次选宝，纪宁翻看所有仙阶法宝目录，目睹五雷宙光船、天罡地煞罗网阵（3600件仙阶极品飞刀）、万古灭绝针（万枚飞针）、星辰周天剑阵（360柄仙阶极品飞剑）等顶尖法宝。,纪宁神体突破可修八九玄功第六转，珍宝殿第三次选宝目睹海量顶尖仙阶法宝。
回归大夏,出发前的准备,装备获取、情节推进,奖励,"纪宁选定""阴阳两仪千绝阵""（一气冰霜剑500+乾罡火极剑500，共1000柄仙阶极品飞剑），分属阴阳两属适合其阵法特长；纪宁以菩提老祖所传《大千剑阵》之法，耗费三天将729柄仙剑印入""大千符纹""，可施展第二重大千剑阵（操控182柄仙阶极品飞剑），令炼气流实力再超本尊近身战；纪宁前往火扇郡东林山脉蹲守，第三日发现两名东林宗元神道人外出购物发牢骚，决定借二人潜入。",纪宁选定阴阳两仪千绝阵并印入大千符纹，前往东林山脉准备潜入。
回归大夏,东林宗内,转折高潮、情感展现,情感、高潮,"纪宁以道域擒下两名东林宗元神道人收入随身仙府，施展""千星搜魂""搜魂得知东林宗三十年前被神秘势力以""轮回符""洗脑控制，禁地森严不可靠近；纪宁变作其中一人东丘道人混入东林宗，再变蚊虫潜入禁地，依附黑袍人脚底穿过十八座大阵进入禁地；禁地古堡外有逾百名散仙看守，傍晚见一批灰袍人疲惫而出；纪宁震惊发现其中一名灰袍人竟是失踪二十余年的师弟木子朔——形容枯槁、生机黯淡、头发花白，被奴役消耗心神；纪宁潜入木子朔住处现身相认，木子朔嚎啕大哭，纪宁发誓要将奴役师弟之人全部杀光。",纪宁潜入东林宗禁地发现被奴役至枯槁的师弟木子朔，发誓复仇，本卷以悬念收束。
剑灭天仙,原委,矛盾展现、悬念设置,伏笔、冲突,纪宁潜入火扇郡东林山脉禁地找到被囚禁的师弟木子朔，木子朔初不愿言明原委。纪宁展示拜入道祖门下后修为精进的实力——一千柄仙阶极品飞剑及七十二变变化之术，令木子朔终于相信师兄有能力相救。木子朔道出原委：当年与道侣俞夏在荒原湖泊居住时被一群黑袍散仙袭击，俞夏被杀且神魂被捉，自己被带到此禁地逼迫炼制傀儡，因俞夏神魂在对方手中且被天道誓言约束不得逃离，只能勤恳炼制傀儡以换取每月见俞夏一次的机会。,木子朔被万魔洞禁地囚禁炼制傀儡的原委揭晓，纪宁决意营救。
剑灭天仙,拯救计划,情节推进、人物心理,情感,纪宁与木子朔商定拯救计划：纪宁以七十二变化为木子朔的一根头发潜入古堡，先随木子朔去见俞夏神魂时将其夺回，再以大挪移道符转至神魔傀儡所在空间夺取傀儡，最后逼银甲将军放人。木子朔担心纪宁仙剑暴露身份会引来神秘势力报复，纪宁表示即便暴露，对方也不至于为一名傀儡宗师与道祖弟子为敌。木子朔最终同意与师兄联手行动。,拯救计划成型——先夺俞夏神魂，再夺神魔傀儡，逼银甲将军放人。
剑灭天仙,翼仙号,设定展开、情节推进,设定,"纪宁化为发丝随木子朔进入古堡，观察到万魔洞势力等级体系：魔奴（万象元神）、魔仆（散仙地仙）、魔卫（散仙中极强者，如邪恶老祖级别）、魔将/将军（天仙层次）。发丝纪宁亲眼见到千丈大小的黑色螃蟹模样""神魔傀儡""（代号""神魔""），阵图复杂玄妙，单散发的气息便远超一般天仙。另一空间中，红袍老者屈桓（监管傀儡炼制的魔仆）收走炼制完成的""翼仙号傀儡""（仅次于神魔号的傀儡）。木子朔按计划要求见道侣，屈桓带其入密室，取出存放俞夏神魂的玉球。",万魔洞势力等级体系及神魔傀儡、翼仙号傀儡设定展开，夺神魂行动启动。
剑灭天仙,挡我者死！,战斗描写、转折高潮,战斗、高潮,纪宁以摘星手一掌拍杀红袍老者屈桓、灭杀门口黑袍人，夺走玉球（俞夏神魂）及屈桓储物手环法宝，将木子朔收入随身仙府后使用大挪移道符转至神魔傀儡所在空间。纪宁收走千丈神魔傀儡，灭杀两名黑袍看守，以摘星手三头六臂拍杀一名返虚神魔级别的青铜魔卫，冲出古堡正门。银甲将军（布察思）在东林宗感应到空间波动赶来，以火红神弓射出火焰神龙，纪宁以大千剑阵剑光化为黑色神龙迎击，二人目光对峙。,纪宁夺神魂、夺神魔傀儡，杀出古堡与银甲将军正面对峙。
剑灭天仙,谁放我自由？,战斗描写、转折高潮,战斗、高潮,"银甲将军以黑云笼罩、狴犴合阵（三十六名青铜魔卫合化为四头狴犴神兽，祖龙九子之一）围攻纪宁。纪宁以赤明九天图第十六重实力、三头六臂摘星手拍飞四头狴犴神兽。银甲将军识破纪宁身份（七十二变潜入者唯有纪宁），确认其修炼八九玄功。纪宁提议以神魔傀儡换木子朔自由，银甲将军拒绝——因禁地秘密泄露，即便纪宁立天道誓言不外泄，上面仍会惩罚他，""我放木子朔自由，谁放我自由？""银甲将军以绳索化青蛇欲捆缚纪宁，纪宁怒而召出第二元神，本尊与第二元神分别操控一百六十二柄仙阶极品飞剑，联合施展大千剑阵第四重——金色仙剑化为黑色神龙。",银甲将军识破纪宁身份，拒绝妥协，纪宁施展本尊与第二元神联合的大千剑阵第四重最强战力。
剑灭天仙,隆魂玉,转折高潮、设定揭示,揭示、设定、高潮,"纪宁大千剑阵第四重黑色神龙击溃银甲将军的修罗战将、护法天龙、双头青蛇等手段，银甲将军以七方纯阳下品法宝大印合化为山峰镇压，纪宁以两条黑色神龙及三头六臂手掌硬抗。银甲将军最终承认无法擒拿纪宁，双方立天道誓言：纪宁、木子朔不外泄古堡秘密，银甲将军放木子朔自由。然而银甲将军临别告知""坏消息""——存放俞夏神魂的玉球乃是""隆魂玉""，神魂进入隆魂玉便与之融为一体，永远无法脱离、无法投胎轮回，只能永久困于狭小之地直至遭攻击破坏而魂飞魄散。纪宁带木子朔离去，俞夏神魂永困隆魂玉。",银甲将军妥协放人，但揭示俞夏神魂永困隆魂玉的残酷真相。
剑灭天仙,洞主,人物引入、设定展开,人物、设定,"银甲将军布察思以九天神衍毒火炉灭绝整个东林宗（仅跪伏的元神地仙免死），带走古堡中傀儡宗师及重要之物，经黑雾洞口返回""第五世界""。第五世界中央巨大堡垒中，银甲将军拜见万魔洞洞主（火红道袍男子，真仙天神级别），如实禀报东林山脉据点被纪宁（八九玄功）潜入一事。洞主惩罚布察思：率麾下队伍前往""碑山大世界""建立据点继续炼制傀儡，百年内击杀至少五名天仙。洞主向徒弟（妖娆女子）透露：夏皇背后有道祖应龙撑腰（应龙山比天芒殿更高），侵占大夏世界极为困难，不可不谨慎。",万魔洞洞主登场，银甲将军被调往碑山大世界受罚，夏皇与应龙道祖关系揭示。
剑灭天仙,危机感,伏笔埋设、情节推进,伏笔,洞主命妖娆女子（女蚕）前往无间门，请无间门尽早铲除纪宁。女蚕来到第五世界城邑中的无间门营地拜见门主（青袍女子），传达万魔洞请求。无间门门主应下此事，命侍女紫草率九名天仙前往大夏世界对付纪宁。紫草一行当天便悄然离开第五世界抵达大夏世界。与此同时，纪宁将木子朔送回安澶郡荒原湖泊木屋，留下翼仙傀儡供其防身。纪宁原计划让俞夏神魂转世投胎至纪氏，因隆魂玉之故无法实现，心中暗自叹息。纪宁产生强烈危机感，决意尽快前往大夏王都弄到五行宝物修炼摘星手第四转以增强实力。,无间门紫草率天仙赴大夏对付纪宁，纪宁危机感促其急于修炼摘星手第四转。
剑灭天仙,夜谈,情节推进、伏笔埋设,伏笔,纪宁深夜至大夏王都天宝山找天狐（夏皇灵兽），列出所需五行宝物清单（天界金晶、青灵玉竹笋、天河玄阴元水、鱼龙灵浆、混元灵土等），请夏皇帮忙凑齐以交换。天狐表示夏皇可帮忙找朋友交换，需纪宁拿出等价宝物（二十根箭矢或一件纯阳上品法宝）。纪宁留信符后前往延王府暂住。与此同时，少炎氏古老塔楼内，玄机老祖等五名天仙收到无间门青铜令牌传讯，玄机老祖前往密会无间门特使。无间门特使紫草侍女率九名金衣天仙现身，玄机老祖见其阵仗胆寒。,纪宁向夏皇求购五行宝物，无间门紫草侍女与少炎氏玄机老祖接上线。
剑灭天仙,潜伏,伏笔深化、矛盾展现,伏笔、冲突,"紫草侍女向玄机老祖提出少炎氏投靠无间门，承诺实力增加数倍，玄机老祖以牵扯部族生灭为由暂拒。紫草侍女透露纪宁师弟木子朔已被纪宁救回，并提供木子朔藏身位置地图（安澶郡荒原湖泊），建议少炎氏盯住木子朔以引诱纪宁现身。少炎氏暗中商议，定下由痴心、玄机、枯木、金钟四大天仙联手击杀纪宁的计划。四大天仙趁夜色悄然前往安澶郡潜伏于木子朔住处。纪宁在延王府向延王询问父母转世之事，延王自曝外号""阎王""——乃赤明道祖重建小型轮回的十殿阎王之一。",紫草将木子朔位置情报透露给少炎氏，四大天仙潜伏待机；延王身份揭示为十殿阎王之一。
剑灭天仙,少炎氏出手,矛盾爆发、转折高潮,冲突、高潮,延王向纪宁解释小型轮回与上古地府冥界生死簿的区别——小型轮回无生死簿，仅记近百年讯息，查父母转世需数月。纪宁离开延王府回安澶郡探望木子朔。少炎氏四大天仙（痴心、玄机、金钟、枯木）见纪宁到来当即出手，痴心天仙施展心识攻击笼罩纪宁、木子朔、俞夏神魂。纪宁以神魔之体道心挡住，俞夏神魂（万象层次）无法抵挡，在消融时一直看着木子朔，化为虚无。木子朔见挚爱魂魄消融，血泪直流陷入疯狂，融入翼仙傀儡释放七沦风雷疯狂攻击。,少炎氏四大天仙偷袭，心识攻击致俞夏神魂消融破灭，木子朔陷入疯狂。
剑灭天仙,四大天仙,战斗描写、矛盾爆发,冲突、战斗,"玄机老祖施展周天星光大阵（三百六十颗星辰石）抵挡七沦风雷，枯木老祖施展九根万丈金光藤蔓及无数细藤蔓缠绕束缚纪宁与翼仙傀儡。纪宁召出第二元神，本尊与第二元神分别操控大千剑阵第四重两条黑色神龙，撕裂藤蔓救下木子朔。金钟老祖以纯阳极品法宝神钟发出金光波纹轰击纪宁，痴心老祖施展小型寒冰世界及寒冰斩刀。纪宁以八九玄功硬抗金钟波纹，被寒冰斩刀劈落，肉身一分为二自爆一分身以脱困。纪宁捏碎信符向殿才仙人、驮山天仙求救。西海无间门据点中，紫草侍女以纯阳法宝""彻地神镜""观战。",四大天仙合力围攻纪宁，枯木藤蔓束缚、金钟波纹轰击、痴心寒冰斩刀，纪宁艰难抵抗求救。
剑灭天仙,镇压八九玄功,战斗描写、转折高潮,战斗、高潮,金钟老祖以神钟金光波纹连续轰击纪宁，纪宁收起仙剑施展三头六臂摘星手硬抗，以九天湮风遁术在藤蔓林中穿梭。痴心老祖确认纪宁修炼八九玄功，传音四人以枯木束缚、金钟镇压的策略。纪宁被寒冰斩刀劈落时肉身分裂自爆脱困，但神力消耗两三成。纪宁考虑躲进随身仙府以大挪移道符逃走，但担心随身仙府（仅天阶法宝层次）扛不住四大天仙合力轰击。四大天仙欲将纪宁镇压入神钟内。,四大天仙确认纪宁修炼八九玄功，以束缚镇压策略围攻，纪宁陷入危局。
剑灭天仙,血海深仇,转折高潮、情感展现,情感、高潮,驮山天仙（驮山绝学，九座大山八十一座山峰虚影）、殿才仙人（五行剑法之小五行灭绝，五指山剑光）联手强行破开少炎氏大阵。少炎氏四大天仙见援军到来，放弃镇压纪宁，果断撤退。纪宁内疚不已——师弟纯粹被自己波及，俞夏神魂也因少炎氏而灭。纪宁将木子朔带回燕山安置，木子朔疯狂嘶吼要报仇。纪宁忍无可忍，决意与少炎氏全面开战。天狐捏碎信符通知纪宁——五行宝物已凑齐，机会来临。,驮山天仙、殿才仙人破阵救援，少炎氏撤退；纪宁决意与少炎氏全面开战。
剑灭天仙,乌霄上仙,人物引入、伏笔埋设,人物、伏笔,"纪宁与天狐交易，以四十九柄一气冰霜剑、四十九柄乾罡火极剑（共九十八柄仙阶极品飞剑，等同一件纯阳上品法宝）交换五行宝物。无间门西海据点中，紫草侍女因少炎氏刺杀失败而恼怒，请出乌霄天仙（近乎纯阳真仙实力的老怪物，擅长旁门左道，贪生怕死）。乌霄天仙答应以分身携""太乙锁神圈""对付纪宁，但表示夏皇在大夏王都，不可动手，需等纪宁离开大夏王都。乌霄天仙翻看纪宁情报，注意到其修炼八九玄功，师尊恐为道祖。",纪宁完成五行宝物交易；无间门请出乌霄天仙以太乙锁神圈待机擒拿纪宁。
剑灭天仙,摘星手第四转,悟道、装备获取,修炼、奖励、爽点,"纪宁本尊进入水府静室，以五行宝物修炼六个多时辰，练成摘星手第四转——双手媲美纯阳极致法宝（先天中品灵宝极致），施展三头六臂时等于拥有六件纯阳极致法宝。纪宁闯战神殿第九层，遭遇天神红雪分身（一滴金色血液所化，持黑色长枪），红雪天神以长枪完全压制纪宁，但因神力有限被纪宁摘星手反震消耗殆尽而认输。红雪天神透露""神王""选纪宁为传人，嘱其早日成天神以令""那群家伙""忠心臣服。纪宁为罗T弓向黑衣少年（弓之灵）准备弓弦。",纪宁练成摘星手第四转，闯过战神殿第九层击败天神红雪分身，开始为罗T弓补弓弦。
剑灭天仙,圆满的罗T弓,装备获取、设定展开,奖励、设定,纪宁向天狐提出以一气九元珠（纯阳法宝套装，九颗纯阳上品+一颗纯阳极品核心，世界类法宝）交换：一套仙阶极品伏羲棍阵、二十颗纯阳极品灵丹、弓弦及箭矢、白叔布阵所需奇物。天狐震惊于纪宁手笔。夏皇（黑袍帝皇）得知一气九元珠落入纪宁手中，感叹其气运强盛，需找上古皇族大伯帮忙寻弓弦。两个时辰后天狐送来金色葫芦（仙阶极品法宝），内含灵丹、奇物、伏羲棍阵、黑色弓弦及数百根火红箭矢。纪宁亲手为罗T弓连上弓弦，神弓圆满悬浮发光。纪宁进入水府密室修炼八九玄功，以纯阳灵丹练成八九玄功第四转、第五转（神体媲美仙阶上品法宝），保留一半灵丹备用。,纪宁以一气九元珠交换大量宝物，罗T弓弓弦补齐圆满，八九玄功练至第五转。
剑灭天仙,离开天宝山,情节推进、人物心理,情感,"纪宁离开天宝山，前往延王府告知表姐尉迟惜月""少炎氏该偿还血债了""。尉迟惜月大惊，担心纪宁实力不足。纪宁表示已有计划，虽无把握杀死少炎氏天仙，但会让他们永远难忘。尉迟惜月欲随纪宁前去杀少炎氏凡人报仇，纪宁以""杀凡人罪孽滔天，业火降临会烧死你""为由拒绝，独自离去。纪宁回燕山召集白水泽、小青、木子朔，小青第二元神亦达返虚地仙留镇燕山，本尊随行。一行四人定于次日清晨前往少炎氏三大老巢之一的东阜郡。",纪宁拒绝表姐随行，率白叔、小青、木子朔出征少炎氏东阜郡老巢。
剑灭天仙,剑指东阜郡,环境铺陈、情节推进,设定,纪宁率众人抵达东阜郡陈玉山脉（少炎氏三大老巢之一，连绵近百万里，族人过百万，修仙者上百万）。面对戒备森严的老巢，纪宁决定以七十二变渗透进入，如同潜入东林山脉禁地一般。夜凉如水，纪宁独自坐在屋顶饮酒，思念父母，决意即便面对大夏王朝十大部族之一的少炎氏也要掀其底朝天。次日清晨，纪宁、木子朔、白水泽、小青四人出发。,纪宁一行抵达少炎氏东阜郡陈玉山脉老巢，定下七十二变渗透策略。
剑灭天仙,扶风老魔,人物引入、情节推进,人物,"纪宁以七十二变搜魂八名少炎氏元神道人，探查陈玉山脉阵法禁制情报交给白叔分析（一名元神道人少炎荀自爆魂魄未能搜魂）。白叔判断陈玉山脉虽戒备森严但存在弱点：百万里大阵无法由散仙地仙长期维持，必分十几个区域由十余名散仙地仙分别掌控，杀掉一名掌控阵法的散仙地仙即可令其庇护的十余万里区域短时间内无阵法保护。第一个目标定为陈玉山脉散仙地仙第一人——活了过百万年的大魔头""扶风老魔""。扶风老魔好色，宫殿内聚集无数妖娆侍女，弟子虚秀道人为其搜罗美女。",白叔分析出陈玉山脉弱点，第一个目标定为百万年散仙扶风老魔。
剑灭天仙,杀！,战斗描写、转折高潮,战斗、高潮,白叔布下七十一重大阵（方圆万里）。纪宁变化为扶风老魔弟子虚秀道人模样，携信符畅通无阻进入扶风老魔春阳殿。纪宁突施偷袭，手臂暴涨数十丈，摘星手金色巨掌一掌拍碎扶风老魔的飞针盾牌及其身躯，扶风老魔本尊瞬间化为粉末身死。纪宁冲天而起，召出千牛剑释放万里宿河，疯狂扫荡破坏方圆数万里的大山、宫殿、阵基。木子朔驾驭翼仙傀儡释放七沦风雷疯狂屠戮少炎氏修仙者，纪宁阻拦其杀凡人。白叔同时在扶风老魔宫殿处迅速布阵。,纪宁以变化之术偷袭一掌击杀扶风老魔本尊，操控万里宿河大肆破坏少炎氏阵基。
剑灭天仙,功德罪孽,情感展现、设定展开,情感、设定,纪宁操控宿河扫荡时以水泡保护三名先天生灵少年少女及巨猿城千万凡人，不屑杀凡人。木子朔疯狂杀戮修仙者，身上逐渐显现罪孽浊气。纪宁功德金光因杀修仙者而缩减，化为功德清气并不断下降。少炎氏散仙地仙启动阵法禁制保护其他区域，遥遥观望不敢出手（老祖有令禁止动手），已捏碎信符通知天仙老祖。纪宁发现宿河破坏地底石盘后，石盘下隐藏的火红色铜柱（九十九丈粗，千里长，上有符纹）显现，神识触碰时心中发紧。,纪宁杀修仙者致功德下降，发现地底隐藏的神秘火红铜柱。
剑灭天仙,地底铜柱,伏笔埋设、悬念设置,伏笔,"无间门西海据点中，乌霄天仙与紫草观战，乌霄认为少炎氏若全力以赴必能镇压纪宁。少炎氏古老塔楼内，火鲅天仙（火红色乱发，脸有鱼鳞）登场，五大天仙（火鲅、痴心、枯木、金钟、景鱼）决定施展""少阴伏魔阵""捆住纪宁后镇压入神钟。扶风老魔第二元神从东海归来，得知本尊被杀后进入陈玉山脉与众散仙地仙会合。纪宁因五大天仙到来，暂且放下火红铜柱探查，回到扶风老魔宫殿处。纪宁以本来面目在废墟上叫嚣，激少炎氏天仙来杀，五天天仙化作五彩山峰杀入阵法内。",少炎氏五大天仙决定以少阴伏魔阵对付纪宁，扶风老魔第二元神归来，纪宁激将引五大天仙入阵。
剑灭天仙,少阴伏魔大阵,战斗描写、矛盾爆发,冲突、战斗,"白叔启动七十一重大阵笼罩万里区域。五大天仙以""五行山守阵""防守，步步为营。纪宁以三头六臂摘星手剑指攻击，差点击破五色山峰防御。火鲅天仙以五条黑色锁链施展""少阴伏魔阵""（神魔时代擒拿返虚神魔的阵法）捆缚纪宁，五条锁链如怪物触手从各方向缠绕。纪宁以摘星手拍飞锁链，召千牛剑释放十里宿河缠绕束缚锁链，令其灵动性大减。纪宁如鱼得水压制五条锁链及五色山峰。火鲅天仙惊怒纪宁实力远超预估。",五大天仙以少阴伏魔阵围攻纪宁，纪宁以宿河缠绕克制锁链占据上风。
剑灭天仙,力拔山河,伏笔深化、转折高潮,伏笔、高潮,"五大天仙被纪宁完全压制，痴心天仙决定通知老祖。纪宁暂时放弃攻击，趁隙出阵前往地底探查火红铜柱。纪宁化为三百丈巨人，双手抱住九十九丈粗的火红铜柱，以摘星手神威力拔山河——铜柱被往上拔出，发出天崩地裂般的摩擦轰鸣声。在遥远另一世界，一名头上独角、全身弥漫青色火焰、脸有鳞片的人形生物（少炎始祖）睁眼怒喝""谁敢动我的无尽铜炉""。玄机老祖在塔楼中也惊恐感应到无尽铜炉被触动。",纪宁以摘星手拔动地底火红铜柱（无尽铜炉），惊动少炎始祖及玄机老祖。
剑灭天仙,深渊峡谷,战斗描写、转折高潮,战斗、高潮,"少炎始祖（毒丑仙人，独角金袍人）携黑雨天仙、金云天仙及三头万丈毒虫异兽（甲壳毒虫十六条刀锋足腿、飞翼犀牛十二对翅膀、黑色毒蛇皇冠纹路）从另一世界大挪移赶到陈玉山脉。五大天仙感应到无尽铜炉被拔，大挪移至地底阻止纪宁。纪宁以三头六臂六条手臂同时拔铜柱，八大天仙及三头异兽合力压制铜柱。铜柱下方涌出越来越强的力量（被囚神魔顶铜柱），反倒助纪宁更轻松。天仙与纪宁交战余波在地底形成近万里深的深渊峡谷。少炎始祖下令八大天仙布""八仙镇海阵""等待。",少炎始祖携三头毒虫异兽赶到，八大天仙合力阻止纪宁拔铜柱，形成万里深渊峡谷。
剑灭天仙,少炎始祖,人物引入、设定展开,人物、设定,"少炎氏散仙地仙们震惊于九大天仙（含始祖）的出现，猜测独角人乃天神真仙。乌霄天仙在西海据点向紫草揭示少炎始祖身份——""少炎丑""（毒丑仙人），上古盘古世界强大部族神火氏女子被神魔奸淫所生之丑陋孩童，被族群排斥后自建少炎氏，性情古怪、小心谨慎、阴险狡诈，拥有众多分身，擅长养毒虫，三界中极难被杀死。纪宁以烛龙之眼看清局势，发现铜柱下方力量已超越八大天仙，助其更轻松上拔。三头毒虫异兽（甲壳毒虫、黑蛇、飞翼犀牛）以惊人力量压制铜柱，飞翼犀牛力量尤强。少炎始祖心识传音威胁纪宁停下。","少炎始祖""毒丑仙人""身份揭示，三头毒虫异兽压制铜柱，少炎始祖传音威胁纪宁。"
剑灭天仙,冲出囚牢,转折高潮、核心伏笔,伏笔、高潮,"纪宁拒绝少炎始祖和解提议（少炎始祖愿交出当初对付尉迟氏的所有少炎氏族人，但拒绝交出四位天仙）。少炎始祖发誓杀纪宁及灭其部族亲人。铜柱下方力量完全超越上方少炎氏力量，铜柱主动往上冲。少炎始祖下令八大天仙布""八仙镇海阵""，三头异兽盘旋。铜柱停下时已拔出四千两百里，火红岩壁裂开——九百余名被少炎氏关押折磨无尽岁月的神魔冲出（过六成为返虚神魔），九头神魔为首领起誓灭绝少炎氏。少炎氏九大天仙脸色难看，散仙地仙们仓皇迁移族人。",纪宁拔出无尽铜炉铜柱，九百余名被囚神魔冲出，起誓灭绝少炎氏——全卷核心转折。
剑灭天仙,三尺剑第十式,悟道、转折高潮,修炼、高潮、爽点,"九百余名神魔以神魔战阵狂攻八仙镇海阵，少炎始祖通知夏皇派遣屠神卫。少炎始祖以言语动摇神魔求自由之心，九头神魔以""要痛快""坚定众神魔战意。纪宁在下方震撼于神魔与生俱来的战意及宁死不屈的骨气，战意被引动，心愈加通明，过往感悟汇聚。血浪大船（屠神卫）大挪移赶到，追杀四散逃窜的神魔。神魔与屠神卫消失后，纪宁闭目微笑悟道——""道之所在，虽千万人，吾往矣""，创出三尺剑第十式""吾往矣""，体内仙剑、北冥剑齐鸣。","神魔战阵狂攻八仙镇海阵，屠神卫赶到追杀神魔，纪宁受神魔战意触动悟出三尺剑第十式""吾往矣""。"
剑灭天仙,剑灭天仙,战斗描写、转折高潮,战斗、高潮,"少炎氏九大天仙虽重伤（仅能施展三四成实力），仍以""八卦游龙阵""围攻纪宁，自信能挡。纪宁施展三头六臂，六只手掌捏成剑指化为千丈黑色神剑（三尺剑第十式""吾往矣""），一柄神剑斩暗金色游龙，五柄神剑刺穿八卦游龙阵——金钟天仙、火鲅天仙两大天仙瞬间化为飞灰。少炎始祖眼角欲裂。纪宁一次冲击便陨落两大天仙，夺走金钟天仙的神钟。少炎始祖以三头毒虫异兽围攻纪宁，飞翼犀牛变单蹄犀牛、甲壳毒虫分裂为八头、黑蛇咬尾成环。纪宁以九天湮风避开三头异兽，疯狂近身战撕裂飞翼犀牛脑袋、撕裂黑色毒蛇。","纪宁以三尺剑第十式""吾往矣""一击斩杀金钟天仙、火鲅天仙两大天仙，重创少炎氏根基。"
剑灭天仙,迁移的少炎氏族人,转折高潮、矛盾收束,冲突、高潮,"少炎氏散仙地仙们震惊于两大天仙陨落，仓皇以乾坤珠迁移凡人修仙者。纪宁与三头毒虫异兽疯狂近身战，撕裂飞翼犀牛残骸（化为千丈大飞入少炎始祖口中）、撕裂黑色毒蛇。扶风老魔第二元神突然出现，以数百颗星辰砂（乾坤珠内藏迁移的百亿凡人修仙者）偷袭纪宁，纪宁金色手掌拍碎星辰砂，乾坤珠空间崩溃——百亿凡人修仙者在空间崩溃中绞碎身死。无尽绝望怨气恨意笼罩纪宁，扶风老魔疯狂大笑""杀死百亿凡人是大罪孽""。天空血红，业火降临——纪宁与扶风老魔身上同时出现红色业火。",扶风老魔以乾坤珠偷袭致百亿凡人身死，业火降临灼烧纪宁与扶风老魔神魂。
剑灭天仙,送你一程（本卷终章）,转折高潮、悬念设置,伏笔、高潮,"业火灼烧纪宁神魂，纪宁从高空坠落，痛苦嘶吼。水府静室中的第二元神同样身燃业火痛苦哀嚎。少炎始祖等天仙震惊纪宁修炼不足百年竟能扛过业火第一重惩罚""疼痛""（因刚悟出三尺剑第十式""吾往矣""，道心存""虽千万人吾往矣""之决绝）。白水泽、小青、木子朔在阵法内绝望。少炎始祖趁纪宁业火灼烧毫无反抗之际，以先天灵宝""镇界塔""（上古盘古世界破碎时毒丑仙人分身偶得）将纪宁传送至三界之外——镇界塔底座黑暗漩涡笼罩百里范围，塔尖光线冲天，纪宁消失于大夏世界乃至三界之中。",业火降临灼烧纪宁，少炎始祖以镇界塔将纪宁传送至三界之外，全卷以生死悬念收束。
寂灭之域,你没有罪,转折高潮、人物心理,情感、高潮,"小青、白水泽、木子朔感应到纪宁被空间传送离开大夏世界，木子朔自责不已。少炎氏七大天仙赶到万里大阵处时三人已大挪移离去。无间门西海据点中乌霄天仙赞叹扶风老魔够狠辣，并解释业火降临的可怕及真仙天神一般都能扛过业火，随后离去。少炎氏塔楼内，扶风老魔在业火第七天最后时刻气息衰弱后重新上升，成功扛过业火。少炎始祖安慰扶风""你没有罪，反而有大功""，扶风主动表示愿身死前往阴间幽冥以赎罪孽，少炎始祖送其至小型轮回十殿阎王处安排转世（八百万年后重回少炎氏）。",扶风老魔扛过业火主动身死赴幽冥赎罪，少炎始祖安排其转世回少炎氏。
寂灭之域,红尘劫,悟道、氛围营造,修炼、设定、爽点,"燕山明心岛上白水泽、小青、木子朔默默等待纪宁度过业火七天之期，决定暂不告知秋叶及殿才仙人。吕洞宾（吕祖）收到夏皇送信得知纪宁业火降临之事，暂不告知正在孕养道心准备渡劫的徒儿余薇。余薇在岛屿上静心等待渡劫时机。三界之外的无尽虚空中，镇界塔将纪宁传送至寂灭之域——上古废墟世界与无尽虚空交界处虚空潮汐冲击形成的区域。纪宁承受业火第一重""灭魂劫""的心灵疼痛至高峰后消失，随即陷入业火第二重""红尘劫""的色劫幻境，美艳女子勾动纪宁欲火，纪宁谨守道心抵抗。","纪宁被传送至寂灭之域，业火第二重""红尘劫""色劫幻境展开。"
寂灭之域,冰心,悟道、设定展开,修炼、设定、爽点,"纪宁在红尘劫中先强压欲望，后悟出""堵不如疏""之理，将内心最深处与外在完全分离，以旁观者姿态任凭色、食、气、财、情、怨六欲侵袭而不沉沦，达到《后羿箭术》心力第二境界""冰心""——内心超然内敛，心力发生质变。原文详细展开心力五境界体系（入门、冰心、主宰、第四层次、后羿第五层次）及业火三重劫（灭魂劫、红尘劫、千世心劫）设定。纪宁在红尘劫中开始附身于一个个能引起共鸣的凡人经历，如附身少年""落君""见证其母亲二娘在乾坤珠空间崩溃中身死。","纪宁悟出""堵不如疏""达到心力第二境界""冰心""，红尘劫中开始附身凡人经历。"
寂灭之域,业火第三劫,转折高潮、情感展现,情感、高潮,"纪宁附身青年""少炎忌""，见证其与酷似余薇的少女""阿芙""相恋、成亲、怀孕，最终在扶风老魔乾坤珠空间崩溃中一家三口身死，而那拍碎乾坤珠的金色手掌正是纪宁自己。纪宁在附身中感同身受，产生强烈自责与后悔。一个个附身故事积累后，上千世的强烈情感——不甘、愤怒、痛苦、自责——一瞬间全部汇聚，冲破纪宁的冰心之境，这便是红尘劫三重劫难最后一劫""千世心劫""。",千世心劫爆发，上千世情感瞬间汇聚冲破冰心之境，纪宁陷入道心崩溃危机。
寂灭之域,主宰,转折高潮、悟道,修炼、高潮、爽点,"千世心劫中纪宁气息迅速衰弱，道心陷入一片黑暗的绝对绝望。在道心最微末之际，内心最深处""大逍遥大自在、掌控命运、不让爱人离开""的执念响起，纪宁道心迅速凝聚攀升，悟出""真正主宰自己的唯有自己""，恢复清醒扛过业火。纪宁心力从冰心近乎圆满，隐隐体会到一丝""主宰之境""的心境却尚未真正突破。原文展开心力五境界中""主宰之境""的设定（任凭一切情感冲击完全无视，大禹治水般一切尽在掌控）。纪宁发现寂灭之域无天地元气、无天道，一切道的奥妙与天地威能尽皆无用。","纪宁凭""掌控命运""的执念扛过业火三重劫，心力近乎圆满，发现寂灭之域无天道无元气。"
寂灭之域,流浪,设定展开、情节推进,设定,"纪宁发现寂灭之域中剑术无法引动天地之力，黄毛大熊揭示自己已以灵宝之身修炼为真正生灵（未脱离摘星府），并判断此处为上古废墟世界外围的寂灭之域——上古废墟世界比普通大世界大不知多少倍，其与虚空交界的虚空潮汐也强得多。罗T弓与黄毛大熊均不知上古废墟世界真正成因，黄毛大熊称""公知都是错的""，真正原因需问菩提老祖。纪宁逆着虚空浪潮出不去、顺着浪潮去上古废墟是找死，只能在寂灭之域流浪修炼。少炎氏塔楼内，少炎始祖送扶风转世后归来，命玄机天仙派人去黑白学宫查探纪宁命简是否破碎以确认其生死。",纪宁判断身处寂灭之域无法逃离只能流浪，少炎氏派人查探纪宁生死。
寂灭之域,半年后,情节推进、伏笔埋设,伏笔,"夏皇派天狐赴黑白学宫询问纪宁生死，殿才仙人与白水泽会面，白叔告知纪宁业火缠身被少炎氏以镇界塔传送至三界外绝地，七天已过扛过业火却未归。天狐揭示镇界塔乃先天灵宝有撕裂空间传送之力，少炎氏必将纪宁送至大挪移道符无法使用的绝地。殿才仙人下令封锁摆放命简的""星火殿""，令少炎氏无法探查纪宁生死。少炎氏玄机天仙、枯木天仙等对星火殿封锁疑惑。三个月后纪宁命简仍完好。寂灭之域中纪宁流浪大半年，每日练箭修炼《后羿箭术》，冰心心力令箭矢之威超越近身战，以烛龙之眼发现远处一座陆地。",殿才仙人封锁星火殿保护纪宁生死消息，纪宁在寂灭之域流浪半年发现远处陆地。
寂灭之域,初步接触,人物引入、战斗描写,人物、战斗,"纪宁判断远处陆地可能是上古废墟世界的一部分，立即远离。距离纪宁数百万里外的隐藏驻地中，十八名青黑色鳞甲、血红色弯角的""断角世界""战士发现纪宁，镇守奇瓦命巴洛率十名血眼战士前去试探活捉。十名血眼战士（千丈或八百丈高，有鳞甲翅膀）飞出隐形虚空大船，以神魔语传音询问纪宁，纪宁以神魔语回应表示无意为敌。血眼战士施展迷魂手段无效后以长鞭围攻，纪宁以北冥剑斩杀五名千丈血眼战士，巴洛下令""燃烧吧""令五名八百丈血眼战士爆发力量，纪宁仍以剑术将其全部斩杀。巴洛判定纪宁速度天级、剑术天级、力量地级后率船撤回驻地。",断角世界战士发现纪宁并派巴洛试探，纪宁斩杀十名血眼战士。
寂灭之域,人族！,设定揭示、转折高潮,揭示、设定、高潮,"断角世界第三虚空圈驻地镇守奇瓦将纪宁情报上禀断角世界""长老殿""九大长老。九大长老饶有兴趣地观看纪宁画面，讨论派出特别行动队活捉。突然断角世界""皇""（万丈大金色眼睛虚影）降临，确认纪宁为""人族""——三界之主、上古大战中追杀失败者的凶手、断角世界等无数世界的共同敌人。皇向九大长老揭示上古大战真相：当年一场撕裂混沌破灭虚空的大战形成了混乱不堪的""无尽大陆""（上古废墟世界），失败者在此生存；三界被另一股强大势力占据；三界中有众多族群，人族最强，为三界之主；女娲乃三界第一存在，连""圣祖""（道祖/真神）都能瞬间灭杀。皇下令完全启动第三虚空圈、特别行动队及边军第一军全部出动活捉纪宁。三位母皇（断角世界真正统治者）亦被唤醒交流，对人族充满恐惧与仇恨。","断角世界""皇""识别纪宁为人族，揭示上古大战真相，三大母皇下令全力活捉。"
寂灭之域,虚空大阵,设定展开、悬念设置,伏笔、设定,"三大母皇揭示其与子民的孕育体系：母皇直接孵化为""一代""（潜力最大），一代孵化二代，以此类推；一代所经历的一切母皇皆能知晓。余薇在吕洞宾掌控的隐秘小世界中开始渡天劫，风劫、火劫平稳度过，吕祖发现风劫火劫威力接近自己当年的九九雷劫，推断雷劫恐不止六九雷劫，怀疑余薇隐藏着什么。寂灭之域中，断角世界完全启动第三虚空圈，近万个驻地节点形成方圆数千万里的金色封禁大阵笼罩纪宁。纪宁以罗T弓射出蕴含心力的后羿箭术一箭，仅令光罩荡起涟漪便被震回。纪宁发现远处万里长大船显现，大量黑色披风四臂弯角战士飞出。",断角世界启动数千万里封禁大阵困住纪宁，余薇天劫威力异常。
寂灭之域,神力危机,战斗描写、矛盾爆发,冲突、战斗,"上千名黑色披风战士（四臂、金眼、血色弯角，个个天仙级）从大船飞出，紫色披风统领（天仙极致）下令释放上万血眼炮灰战士。血眼战士先施迷魂无效后围攻，纪宁以八九玄功之身硬抗同时以剑术斩杀上万血眼战士。紫色披风统领派黑色披风战士""曲幽""单挑，纪宁发现对方有自我恢复之力，施三头六臂及法天象地（千丈高）对抗。纪宁意识到摘星手消耗神力太大不敢妄用，每名黑色披风战士都媲美金钟天仙、枯木天仙，再多来就必须施摘星手，神力危机逼近。",纪宁斩杀上万血眼炮灰后与黑色披风战士交战，神力消耗危机逼近。
寂灭之域,已经无路,转折高潮、人物心理,情感、高潮,"九十名黑色披风战士加入围攻形成战阵，纪宁主动令神体粉碎化为飞灰尘埃脱身，却被敌人以意念锁定要求连碎片都不放过。纪宁重新凝聚后陷入绝命之境，心力在这一刻从""冰心""直接跃迁至第三层次""主宰""。纪宁收剑以摘星手剑指反击，发现黑色披风战士体内有绿色""心核""，击碎心核方可杀死对方。纪宁疯狂斩杀黑色披风战士，紫色披风统领亲自出手，实力远超纪宁，以四条银色长鞭完全压制。纪宁决心死前拖对方一起死。","纪宁心力突破至""主宰""层次，发现心核弱点斩杀黑色披风战士，紫色披风统领出手完全压制纪宁。"
寂灭之域,我们的世界,战斗描写、伏笔深化,伏笔、战斗,紫色披风统领贝纳尔以四条银色长鞭完全压制纪宁，纪宁神力疯狂消耗。水府虚无飘渺空间中，黄毛大熊与七道强大身影（红发天神、黑甲妖娆女子雪蝎等三寿道人麾下天神）商议，决定一旦纪宁神力耗尽便出手相救并将其带入摘星大世界。七大神神皆有战意，稚童（元光天神）提议与断角世界好好战一场。边军第一军金色舰船中，金色披风将军率八百名紫色披风战士赶来，见贝纳尔亲自出手颇为不满。黄毛大熊命红发天神在纪宁神力耗尽时出手灭杀敌人。纪宁神力不足十分之一，不甘心却无计可施。,紫色披风统领完全压制纪宁，水府七天神准备出手救援，边军第一军赶来。
寂灭之域,心力初现,悟道、转折高潮,修炼、高潮、爽点,"纪宁不顾一切倾力施展最强剑法，心力无意识渗透其中，剑指威能暴涨击溃紫色披风统领的银鞭，令所有观战者震惊。黄毛大熊、边军第一军、三大母皇皆看不懂原因。第二母皇将意念降临在贝纳尔身上，确认纪宁攻击中蕴含""心力""，三大母皇激动不已——心力乃真正最顶尖力量，有望超越真神道祖的道路，她们决心从纪宁处得到心力法门。纪宁发现心力可附于剑指的窍门，但消耗极少。边军第一军赶到，百万弯角战士、八百紫色披风战士、一名金色披风将军现身，三大母皇数百道意念降临却下令""别急着出手""，改为以一代战士轮番与纪宁交战以推演心力法门。",纪宁悟出心力在剑指上的运用法门，三大母皇发现后改为轮番交战推演心力法门。
寂灭之域,余薇渡劫,转折高潮、设定揭示,揭示、设定、高潮,"金色披风将军以""查看魂魄""为由要求纪宁投降，纪宁以神魔炼体神魂稳固及心力强大可瞬间碎魂自杀为由拒绝。三大母皇同时降临数百股意念施展迷魂，纪宁以心力笼罩全身抵抗住。三大母皇迷魂失败，决定以一代战士与纪宁一次次交手，仔细观察心力波动以推演心力法门。同时，余薇渡天劫进入雷劫阶段，以九十九头凤凰抵抗雷电，扛过七九雷劫。吕祖推断余薇雷劫为七九而非六九，确信余薇隐瞒了什么。心魔劫开始，持续时间格外漫长。",三大母皇迷魂失败改为轮番交战推演心力，余薇扛过七九雷劫进入漫长心魔劫。
寂灭之域,回归大夏,转折高潮、情感展现,情感、高潮,余薇在心魔劫中凭对纪宁的感情和牵挂扛过心魔劫（心魔世界中与纪宁共度三千年），天降祥云地涌金莲成天仙。吕祖告知余薇纪宁业火降临被镇界塔传送至三界外绝地、扛过业火却未归的消息，余薇决定回大夏世界。余薇回到安澶城黑白学宫与殿才仙人相认，殿才仙人嘱其小心少炎氏报复。寂灭之域中纪宁神力耗尽，断角世界将军却让他休息恢复后继续交战，纪宁疑惑却趁机吸纳太阴太阳之力恢复神力。水府中黑色道袍纪宁与黄毛大熊交流。,余薇渡劫成天仙并得知纪宁处境回归大夏，纪宁在寂灭之域被断角世界当作靶子。
寂灭之域,赤明九天图第十七重,悟道、设定展开,修炼、设定、爽点,"纪宁向黄毛大熊解释心力在剑指运用的悟出过程及心力第三层次""主宰""境界。黄毛大熊将此消息告知水府七天神，七大神魔震惊感叹纪宁天资妖孽，认为纪宁有望""无比接近天神""。纪宁在断角世界战士轮番挑战中战斗修炼，十二年年间心力运用从三十分之一提升，神力达到赤明九天图第十六重极致后开始蜕变突破第十七重。",纪宁战斗中不断提升心力运用，十二年后突破《赤明九天图》第十七重。
寂灭之域,风云十八年,环境铺陈、情节推进,设定,纪宁突破第十七重（渡劫前极致，不敢再提升至第十八重恐引天劫），在战斗中心力运用持续提升：第十二年起近半紫色披风战士被压制，第十五年纪宁有把握杀死对手却不杀以拖延时间，第十六年一招消耗二十分之一心力，第十七年十六分之一，第十八年十五分之一达圆满。纪宁在无剑道影响的纯粹战斗中触及剑术本质。大夏世界十八年间局势急剧恶化：无间门肆虐各郡，天仙频陨，血云楼露出真面目为无间门攻杀；安澶北山氏内部分裂近半投靠无间门，通合剑仙一怒斩杀过半返虚叛徒；九年前驮山天仙被无间门活捉关押第五世界；通合剑仙凭近乎纯阳真仙实力杀退无间门三十六名天仙，少炎氏不敢来安澶郡捣乱。殿才仙人与余薇在黑白学宫默默等待纪宁归来。,纪宁十八年战斗中心力与剑术持续精进，大夏世界局势急剧恶化无间门肆虐。
寂灭之域,图穷匕见,伏笔揭示、转折高潮,伏笔、揭示、高潮,"黄毛大熊向纪宁解释""剑之力""——悟透剑道大道后追寻剑之本质时剑锋自然出现的银白锋芒，令剑指比神剑更锋利，一般为绝世剑仙方能掌握，纪宁仅触及最基本层次。纪宁明白剑之力与太极之力类似，是道之大成后的附加力量。水府七天神感叹纪宁剑道未大成先掌握剑之力，天资妖孽。三大母皇发现纪宁心力不再外泄，推演心力法门已无帮助，第二母皇已凝聚心力入门，第一母皇尚未凝聚。三大母皇决定活捉纪宁关押后慢慢折磨探寻记忆。金色披风将军接到母皇命令亲自出手活捉纪宁，纪宁以三头六臂摘星手剑指抵抗，四条黑色长鞭瞬间将纪宁完全捆缚——将军已达天神层次。水府中红发天神下令""将整个第一军全部杀光""。","纪宁掌握""剑之力""，三大母皇下令活捉纪宁，金色披风将军一招擒拿纪宁，七天神决定出手。"
寂灭之域,七天神齐出,战斗描写、转折高潮,战斗、高潮,"金色披风将军以长鞭捆缚纪宁准备带回断角世界圣殿，将军评价纪宁剑术威力近乎圣级（天神）却遇上了自己。突然七道气息滔天的身影在纪宁周围出现——红雪天神、元光天神（稚童）、雪蝎天神、九牙天神、鸠蛇天神、烈阳天神、玄月天神。元光天神化为万丈高施展""金焱神光""，双眸光柱笼罩十万里，上万弯角战士瞬间融化身死。雪蝎天神化为万里大雪白蝎子，以雪白眉毛化为无数白丝缠绕六百余名紫色披风战士令其冰霜碎裂身死。将军怒扑元光天神，红雪天神一枪刺穿将军心核将其斩杀——红雪乃三寿道人麾下第一战将，天神中最顶尖存在。断角世界长老殿九大长老震惊，三大母皇确认三界神魔到来，涌出无尽杀机决定亲自出手。",摘星府七天神齐出救援纪宁，瞬杀将军及大量战士，三大母皇决定亲自出手。
寂灭之域,两大世界的碰撞,战斗描写、转折高潮,战斗、高潮,"百万弯角战士崩溃逃窜时，血脉深处响起""母皇附体""的声音，百万战士身体消解化为浩瀚绿光，凝聚成三头数万丈高的碧绿甲铠巨型战士——三大母皇分身（每具分身牺牲数十万战士，代价极大）。七天神合体施展""七曜天神阵""化为以红雪为核心的""七曜天神""（穿七彩神甲持长枪），与第一母皇分身激战并刺穿其胸口，却因分身无弱点而瞬间弥合。另外两大母皇分身赶到，三大分身围攻七曜天神。七曜天神施展枪法令周围出现无数白色雪花、时间错乱，勉强挡下三大分身却无法脱身。三大母皇拖延时间调遣边军第二军。纪宁焦急之际，远方虚空中出现灰白漩涡，一名道袍消瘦老者走出。",三大母皇以百万战士献祭凝聚分身围攻七曜天神，七曜天神无法脱身之际菩提老祖降临。
寂灭之域,菩提,转折高潮、核心伏笔,伏笔、高潮,"菩提老祖一声""孽畜""，无形声波穿越空间令三大母皇分身所在位置时空扭曲破碎，三大分身碎裂湮灭，且未波及七天神。七天神震撼于菩提实力——红雪接近道祖，七曜天神达道祖门槛，却远不及菩提。菩提带纪宁以虚空漩涡离开寂灭之域。断角世界中，三大母皇本尊惊恐发现菩提侵入，一只近乎断角世界领土一半大小的巨大手掌从天而降，层层时空不断下压碎裂，三大母皇无法撕裂虚空逃走，求饶无效，最终完全粉碎化为飞灰，整个断角世界变为无尽凹陷盆地。苍老声音笑道""三个小爬虫也敢说挑起战争""。","菩提老祖""孽畜""二字灭杀三大母皇分身，一掌毁灭整个断角世界及三大母皇本尊。"
寂灭之域,归去,设定揭示、伏笔深化,伏笔、揭示、设定,"菩提带纪宁回方寸山斜月三星洞道观。菩提揭示断角世界异族本质：非三界族群，有要害（心核）、只能近身战，三大母皇真正战力仅天神巅峰，擅长孕育，当年这种""小爬虫""过万个，有共同主人（比菩提更强的存在，已被女娲娘娘所杀）。菩提嘱纪宁第二元神需悟出心力用在仙剑上的办法后再渡劫，本尊需剑道大成方可渡劫成天神。菩提唤出黄毛大熊及七天神，七天神恭敬行礼，菩提让他们回大夏世界与纪宁慢慢谈。纪宁与七天神步入虚空漩涡前往大夏世界。",菩提揭示断角世界真相及三大母皇主人身份，嘱纪宁渡劫前件，七天神随纪宁回大夏。
寂灭之域,见七天神,情感展现、人物引入,人物、情感,纪宁回到燕山翼蛇湖明心岛，与木子朔、白水泽、小青重逢，得知仅殿才仙人、秋叶、余薇知道自己的处境。纪宁在书房与秋叶重逢相拥，以姐弟之情安慰秋叶。纪宁前往安澶城前在水府大殿见黄毛大熊与七天神。黄毛大熊逐一介绍七天神：九牙天神（秃顶老者，最阴险）、雪蝎天神（妖娆白眉女子，真性情）、鸠蛇天神（温和少年，上古剧毒神兽）、烈阳天神与玄月天神（双胞胎神魔，烈阳真火与玄月真水中诞生）、元光天神（稚童，三寿道人义子，跟随最早）、红雪天神（红发，最强战将，仅差一步成真神道祖）。红雪表示纪宁在寂灭之域的表现令七天神服气，已称其为少主。,纪宁回燕山与亲人重逢，在水府正式见七天神并得知各自身份来历。
寂灭之域,承诺（本卷终章）,伏笔深化、情感展现,伏笔、情感,"元光天神向纪宁讲述三寿道人身份——混沌中孕育的混沌真神，好战收拢大批神魔成就""摘星府""势力；三寿在上古破灭一战中陨落，生前跟随女娲娘娘；女娲娘娘在战前于摘星府水府中开辟""摘星大世界""作为退路，由元光、红雪、雪蝎三人掌控世界大阵。纪宁得知摘星大世界需成天神方可真正进入。纪宁表示三界正陷入大风暴，很需要七天神帮忙。红雪天神给出承诺：在纪宁成天神之前，有一次机会让七天神全力出手帮忙，一次用完即便纪宁死也不再出手。纪宁接受承诺。天色昏暗时，纪宁在黑白学宫与余薇重逢，余薇眼中满是惊喜与泪光。",七天神给出一次全力出手承诺，纪宁与已成天仙的余薇重逢，第十六卷《寂灭之域》完整落幕。
天仙,纪宁还活着,情节推进、环境铺陈,设定,纪宁从寂灭之域归来回到安澶城黑白学宫，与道侣余薇重逢；得知十八年间无间门嚣张、北山胤被通合天仙所杀（因投靠无间门）、驮山天仙被活捉；通合天仙来访请黑白学宫帮忙操控安澶城阵法以应对无间门；夏皇得知纪宁归来，推测是其神秘道祖师傅出手相救。,纪宁归来，无间门与大夏冲突升级的局势全面展开。
天仙,延王来访,情节推进、矛盾展现,冲突,夏皇分析大夏三千六百郡超六成求救、真伪难辨，决定稳住不动以看清无间门布局，并将纪宁视为重要棋子；延王告知尉迟惜月纪宁归来，惜月激动前往安澶城；无间门金衣使者告知少炎氏玄机天仙纪宁还活着并已回安澶城，少炎氏大惊，无间门借机威逼少炎氏投靠；纪宁与延王、惜月相聚，延王提及纪宁此前嘱托查父母转世之事已有结果。,无间门情报先于夏皇获知纪宁归来，威逼少炎氏站队；父母转世线索浮出。
天仙,父母的前生今世,情感展现、设定展开,情感、设定,"延王交出两卷竹简，记载父亲纪一川转世为吴穹世界华山郡柳河氏""柳河川""（寿182年）、母亲尉迟雪转世为同郡东流氏""东流雪""（寿200年），二人有多世情缘；延王另递书册记载二人已身死，纪宁惊怒不信，决定亲赴小型阴曹地府以时光倒流之术亲眼核对判官审判场景。",父母转世真相揭晓——投胎为吴穹世界柳河川、东流雪，且已身死，纪宁决意亲查。
天仙,东流雪和柳河川,情感展现、情节推进,情感,延王施展时光倒流，纪宁亲眼看到母亲尉迟雪被审判判投胎为东流雪、父亲纪一川判投胎为柳河川；二人赴吴穹世界华山郡查证，看到东流雪与柳河川相识相恋、私奔逃离（因华山仙门裂冰真人强索东流雪为侍女，东流族长为保部族三人拜入华山仙门之名而牺牲东流雪）。,父母转世后相恋并因裂冰真人迫害而私奔的前因完整呈现。
天仙,真灵,转折高潮、情感展现,情感、高潮,纪宁赴九曲剑宗废墟，以延王时光倒流看到柳河川与东流雪在九曲剑宗修行十二年、最终被无间门三条黑色大蛇（天神真仙级）灭宗屠杀，二人相拥化为飞灰、魂魄被黑色葫芦吸纳；纪宁立誓将来成真神道祖从命运长河找回父母真灵复活，将无间门视为最大仇敌；赴华山仙门，华山老祖（天仙）恭敬交出裂冰道人。,父母魂飞魄散真相揭晓，纪宁立誓成道祖复活父母，处死裂冰道人。
天仙,大幕拉开,矛盾收束、悬念设置,伏笔、冲突,纪宁迷魂抽取裂冰道人魂魄收入炼狱瓶，华山老祖逼令其父鱼阳自尽以免后患；纪宁归来后向余薇表露决心——要站在巅峰改变一切、守护所爱；无间门第五世界三大首领（无间门门主青狐、万魔洞洞主、血云楼楼主）商定十天后两千路人马同时对大夏世界发动试探性攻击。,裂冰道人伏诛，无间门定下两千路人马大举进攻大夏世界之日。
天仙,大军出动,环境铺陈、矛盾展现,冲突、设定,"安澶城半年戒备，纪宁心力运用仙剑法门已悟出大半；无间门两千路队伍从黑雾洞口、传送阵等处悄然抵达大夏世界各目标，其中部分是投靠无间门的诸侯""演戏""；十八名顶尖天仙（紫草天仙率领，精通神王所创大阵）负责灭杀通合天仙，目标包括通合天仙与北冥剑仙纪宁。",无间门两千路人马同时出动，十八天仙精英队锁定安澶城通合天仙与纪宁。
天仙,通合天仙,战斗描写、设定展开,战斗、设定,"十八天仙被安澶城心识探查发现，在三千里外降落；通合天仙拒黑白学宫助阵，独自迎战，施展出从未用过的绝招""绝仙剑界""——六柄仙剑融合为绝仙剑，配以五行光柱、太极云团形成百里剑界；十八天仙施展""霸下之阵""（龙之九子，擅防御）抵挡。",通合天仙以绝仙剑界压制霸下之阵，双方激烈交锋。
天仙,纪宁！纪宁！,战斗描写、转折高潮,战斗、高潮,"十八天仙将霸下之阵升级为""龟蛇之阵""（玄武大帝之阵，兼具防御与攻击），青蛇一口吞下通合天仙令其狼狈濒危；纪宁不顾殿才仙人、余薇阻拦施九天湮风飞去，以摘星手第四转+剑之力+心力（消耗十五分之一）一剑指撕裂龟蛇大阵、瞬间斩杀六名天仙，再施三头六臂六道剑指追杀。",纪宁以天神真仙门槛实力破龟蛇大阵、斩杀多名天仙，逆转战局。
天仙,杀机,战斗描写、转折高潮,战斗、高潮,纪宁三头六臂追杀逃窜天仙，共斩杀十五名（六名破阵时+后续九名）；紫草天仙因浮华真仙所赐青光护体两度幸存，捏碎浮华真仙与青狐门主所给信符求救；两名天仙躲入仙府被余薇以少炎氏神钟（纪宁所赠纯阳法宝）镇压收走；第五世界三大首领通过水镜观战，震惊于纪宁实力远超情报；通合天仙也参与追杀。,十八天仙仅余紫草天仙等三人，纪宁实力震惊无间门高层。
天仙,弯弓射真仙,战斗描写、转折高潮,战斗、高潮,纪宁六道剑指灭杀紫草天仙之际，浮华真仙（悟透乾坤大道的纯阳真仙）大挪移赶到，怒施黑白大印碾压；纪宁以《后羿箭术》连射七箭（心力极限）拖延，令殿才仙人、余薇、通合天仙撤退；浮华真仙隔离空间令大挪移失效，黑白大印碾压而来；夏皇在王都与三名天神真仙将军通过水镜观战，震惊于纪宁返虚之身已达天神真仙门槛，决意倾力拉拢。,浮华真仙暴怒出手，纪宁七箭拖延；夏皇决意全力庇护纪宁。
天仙,夏皇的态度,转折高潮、人物引入,人物、高潮,"夏皇以先天灵宝""一念明心灯""撕裂空间传送降临，金龙撞飞黑白大印救下纪宁；夏皇以雪白莲花镇锁链、黑色小钟伤浮华真仙，浮华真仙遁逃；夏皇赠纪宁信符，承诺""只要不是真神道祖，都有把握救下你""；纪宁悟出锋芒毕露才能换来更多强者助力；第五世界中浮华真仙愤怒质问青狐未出手，誓言杀纪宁。",夏皇正式表态全力庇护纪宁并赠信符，浮华真仙誓杀纪宁。
天仙,拜见神王,设定揭示、悬念设置,伏笔、揭示、设定,"浮华真仙拒绝青狐再次单独出手之议（恐被夏皇联手围杀）；无间门三大首领上禀""神王""（黑袍巍峨存在，坐万丈王座）；神王一眼看破纪宁实力本质（剑之力仅第一层次，另有心力等隐秘力量），识破其师承菩提老祖（三界最顶尖道祖，弟子中数位道祖），下令调用棋子余薇将纪宁诱至第五世界，称""一个余薇换纪宁的命，值""。",神王识破纪宁师承菩提老祖，下令启用余薇这颗最重要棋子。
天仙,功成,情节推进、矛盾展现,冲突,青狐将纪宁斩十八天仙的水印交给少炎氏，毒丑仙人看后大惊，立即下令将少炎氏全部族人移入镇界塔、一盏茶内完成迁移后遁走；毒丑仙人赴大夏王都向夏皇摊牌求和解被拒（夏皇已选纪宁），遂正式投靠无间门第五世界青狐门主；青狐感应到余薇入睡，准备梦中传令。,毒丑仙人率少炎氏全族遁逃并投靠无间门，夏皇彻底放弃毒丑选纪宁。
天仙,我们生个小孩吧,情感展现、伏笔深化,伏笔、情感,"青狐梦中传令余薇带纪宁大挪移至第五世界，余薇以""纪宁是道侣、比生命更重要""坚决抗命，跪伏神王前宁入无尽地狱也不害纪宁；神王破例宽恕余薇，不再给她关于纪宁的任务，另谋他法；余薇醒后向纪宁提议生孩子（""即便我们中哪个死了，至少我们还有孩子""），纪宁应允；第三月余薇有孕；纪宁第二元神心力掌握圆满，将渡天劫。",余薇抗命护纪宁、神王宽恕；余薇有孕；纪宁第二元神心力圆满将渡劫。
天仙,愤怒的乌霄天仙,人物引入、矛盾展现,人物、冲突,纪宁决定渡劫前回燕山静心，明心岛上一家人团聚；天界百墓山枯草仙子（纯阳真仙，本体枯草，曾一脚踢飞天帝）得知紫草天仙死讯，赴第五世界见青狐；乌霄天仙（三界奇人，擅旁门左道，天神真仙都对他平等相待）因视紫草如女儿而暴怒，质问青狐；青狐忍下乌霄之怒，心存忌惮。,枯草仙子、乌霄天仙因紫草之死加入杀纪宁阵营，青狐忌惮乌霄。
天仙,纪宁求见,情节推进、悬念设置,伏笔,青狐得知纪宁即将渡天劫（第二元神），众人意识到渡劫时心魔劫降临、本尊记忆相通无力反抗是杀纪宁最佳时机；浮华真仙、枯草仙子、乌霄天仙各派一化身（约一成实力），毒丑仙人派本体之一分身并携六头异虫，无间门派两名天神分身，血云楼派一组地狱死士，万魔洞提供一尊傀儡；纪宁深夜求见夏皇，请求护法渡劫。,无间门集结精锐准备趁渡劫杀纪宁；纪宁求夏皇护法。
天仙,心魔,矛盾爆发、悬念设置,伏笔、冲突,夏皇决定向师尊赤明道祖上禀，安排纪宁在赤明道祖道场渡劫；青狐等得知后震惊无奈（道祖道场无法动手）；毒丑仙人献计——纪宁业火缠身且重情重义，杀光他最重要的人（白叔、小青、秋叶、木子朔，不杀余薇以免牵扯吕洞宾）令其怒火攻心、渡心魔劫时入魔失败；青狐定下明日一早杀上翼蛇湖。,毒丑献杀人乱道心之计，无间门定下明日袭击翼蛇湖。
天仙,明心岛上,转折高潮、悬念设置,伏笔、高潮,纪宁在明心岛练剑，余薇有孕在身相伴；无间门一行（浮华真仙、枯草仙子、弃兽天神、三阳天神四名天神真仙化身+乌霄天仙、毒丑仙人+地狱死士+傀儡等共五十五人）由毒丑大挪移直接抵达明心岛；纪宁大惊急呼红雪等七天神救援；此时一直扮作老花匠的神秘存在被惊醒，站起喝止，令五十五人全部无法动弹。,无间门精锐杀上明心岛，却撞上神秘道祖级存在。
天仙,源河四祖,人物引入、转折高潮,人物、高潮,"神秘老匠人定住全场，问纪宁""该杀不该杀""，纪宁初时谨慎未答；老匠人自曝身份为""源老人""——源河四祖之首，三界最顶尖道祖之一，混沌孕育的大罗道祖，门下两名道祖、三位生死好友道祖；源老人再次问纪宁，纪宁答""该杀""，源老人以普通大铁剪子将五十五人（含天神真仙化身分身）全部剪杀，将遗留法宝（三件纯阳极品法宝、一件先天灵宝九叶雪莲）全赠纪宁；源老人指出纪宁心力仅用剑指太笨，应悟心力用于双腿全身，要收纪宁为徒。",源老人现身灭杀无间门精锐、赠宝纪宁，欲收纪宁为徒。
天仙,师傅？,人物引入、悬念设置,人物、伏笔,"第五世界无间门众人通过水镜看到源老人灭杀己方，震惊于损失（乌霄天仙失先天灵宝九叶雪莲、浮华真仙失纯阳极品拂尘等），乌霄天仙愤怒但仍欲杀纪宁；明心岛上源老人传殿才仙人（曾受源老人传一套剑术）来劝纪宁拜师，纪宁因未得道祖师傅菩提老祖首肯而迟疑；源老人追问纪宁师傅是谁，一道淡然声音响起""他师傅是我""——菩提老祖凭空现身。",菩提老祖现身，与欲收纪宁为徒的源老人对峙。
天仙,飘然而去,转折高潮、设定揭示,揭示、设定、高潮,"源老人认出菩提，抱怨""第三次""被抢徒弟（此前已有""小孔雀""等）；菩提提出条件：源老人须站在己方阵营才允纪宁拜师，否则若源老人投靠无间门、纪宁将陷入两难；源老人与菩提激烈争辩一个多时辰（涉及源河四祖中立立场、女娲之恩、三界统一之争），源老人底气不足怒而离去，将自悟的《心典》心力运用法门（含心力用于双腿、身体、神魂等驳杂法门）传给纪宁，附身的老花匠软倒。",菩提逼源老人站队未果，源老人怒去前留《心典》心力法门。
天仙,渡劫之前,悟道、人物心理,修炼、情感、爽点,菩提查验《心典》后允纪宁学习，称源老人实力不亚于己、心力驳杂仅次于后羿；菩提点明心力运转神魂之法可助纪宁渡心魔劫，但不必推迟渡劫——第二元神渡劫本身是磨练道心、为更重要之本尊天神劫做准备；纪宁回燕山，循旧迹静心，告知夏皇不必麻烦赤明道祖；渡劫前夜，本尊与第二元神盘坐孤峰，白叔、小青、木子朔、殿才仙人、秋叶、有孕的余薇在旁山观看。,菩提允学《心典》，点明渡劫为磨练、本尊天神劫才是关键，纪宁准备渡劫。
天仙,渡劫,战斗描写、转折高潮,战斗、高潮,第二元神引天劫，风劫、火劫以先天灵宝九叶雪莲（源老人所赠，已炼化）轻松抗下；雷劫升至七九、八九乃至传说中的九九雷劫（八十一道），遮蔽十万里燕山；纪宁先以九叶雪莲抗，六十一道后改用大千剑阵（含心力）抵挡；菩提在远处暗中观战，震惊于第二元神竟遇九九雷劫，担忧本尊天神劫之可怕。,第二元神渡劫遇九九雷劫，纪宁以九叶雪莲与大千剑阵艰难抵挡。
天仙,新的人生,悟道、转折高潮,修炼、高潮、爽点,九九雷劫最后一道白色雷霆（雍容华贵）降临，纪宁以两柄金色飞剑接续挡下并搅散雷电云团，第二元神蜕变为天仙之体；纪宁后怕（心力仅余不足三成）；心魔劫降临，纪宁陷入心魔世界——回到出生时刻，父母健在，凭记忆与心力九岁成返虚地仙，大夏局势改变；九莲前来拜访，纪宁心怀戒备。,第二元神渡过九九雷劫成天仙，心魔劫开启，纪宁陷入心魔世界。
天仙,三万年的另一生,悟道、情感展现,修炼、情感、爽点,"心魔世界中九莲、余薇皆被纪宁吸引，纪宁克制感情；第二元神渡劫成天仙，三界浩劫爆发，纪宁本尊渡天神劫失败（第六十二道天雷劈死），摘星府离去；浩劫一万八千年，夏皇死、大夏天仙死九成，纪宁、余薇、九莲及父母等均存活；纪宁终被一万八千年感情打动接受余薇九莲，道心却更模糊；又过逾万年，三万年岁月令纪宁濒临沉沦，纪宁在翼蛇湖船上怒吼""我是我的主宰""，道心达主宰圆满；一自称新任摘星府主人的巍峨身影出现欲杀纪宁。",心魔世界三万年一生，纪宁濒临沉沦却觉醒达主宰圆满，心魔最后考验降临。
天仙,成仙（本卷终章）,转折高潮、悟道,修炼、高潮、爽点,新任摘星府主人以八九玄功变作纪宁模样，在纪宁面前逐一杀死心魔世界中的父母、白叔、九莲、余薇、孩子等全部亲人，逼纪宁臣服；纪宁看破虚妄拒绝，心魔世界破碎；外界已过三个月，纪宁满脸泪水醒来，道心经磨练后更加强大；天地之力降临，第二元神金莲元神孕育出金丹，紫府空间与一气元水珠融合，成就天仙；菩提老祖传音叮嘱：本尊渡劫前须剑道大成、掌握心力运转神魂、八九玄功第六转；不得将实力告诉第二人（含余薇），预示一月内大夏与无间门战争将爆发。,纪宁看破心魔成就天仙，菩提叮嘱备战并保密实力，预示战争将临，第十七卷《天仙》完整落幕。
纯阳,迁移,情节推进、设定展开,设定,"纪宁第二元神渡劫归来返回明心岛，夏皇派禁军将领送来兽皮卷令书，命八月初六前赴大夏王都天芒殿——无间门要与大夏王朝真正开战。纪宁以纯阳法宝紫霞珠（内含一小世界）迁移纪氏族人，并施展""移山倒海""法术将整个翼蛇湖明心岛收入紫霞珠中。通合天仙透露白极氏已投靠无间门，白极城成为无间门汇聚各方的总部。",大夏战争序幕拉开，纪宁迁移纪氏族人备战。
纯阳,万仙来朝,设定展开、装备获取,奖励、设定,纪宁闯过战神殿第十层后前往珍宝殿，从三寿道人收藏的二十二套纯阳法宝中挑选阿难普世剑（九柄纯阳极品飞剑，佛门阿难佛祖亲手炼制），以之为大千剑阵核心令威力暴涨超越九叶雪莲。八月初六，纪宁率安澶郡两百余名散仙赴大夏王都，天芒殿主殿汇聚过万天仙，五位天神真仙随夏皇登场，万仙朝拜。,纪宁获得阿难普世剑，万仙齐聚天芒殿朝拜夏皇。
纯阳,刑天,设定展开、人物引入,人物、设定,"夏皇向万仙介绍三界浩劫局势——数百大世界被无间门征服、过千大世界陷入战火。夏皇公布""刑天阵""（上古战神刑天真神所创大阵）：一名将领统领一千天仙、十万散仙，引动百万里天地之力形成刑天神，身躯之强天神真仙也难以损坏。九大军团将领将从学会刑天阵的天仙中选拔，十五天内完全学会者方可争夺将领之位。东延真仙早已突破纯阳真仙，此前仅以第二元神示人。",刑天阵设定展开，九大将领选拔规则确立。
纯阳,无孔不入,设定展开、悬念设置,伏笔、设定,纪宁九天学会刑天阵，向夏皇请求道侣余薇因有身孕不必参战，夏皇允诺。东延真仙托付纪宁照顾九莲师姐。夏皇揭示无间门情报手段之可怕——天道誓言对道祖无用、对无间门奸细亦无用，他们渗透到道祖身边，甚至成为道门佛门领袖弟子。十五天后三百五十九名天仙学会刑天阵全卷，夏皇宣布以劈混沌金石考校将领选拔。,"无间门""无孔不入""的情报渗透手段揭示，将领选拔开始。"
纯阳,混沌金石,设定展开、人物心理,情感、设定,将领选拔开始，以北辰天仙为首位尝试者，刑天神一掌劈碎四块混沌金石（真神道祖从无尽混沌中开采，坚硬无比）。通合天仙劈碎六块并列第二。纪宁最后出场，以强大心力调动刑天神劈碎八块混沌金石、第九块近乎全碎，排名第一，震惊百万仙人。白极城上空无间城内，白极真仙统领无间门，青狐门主告知已蛊惑三千天仙投靠无间门。,纪宁以劈碎八块混沌金石的成绩排名将领选拔第一。
纯阳,为将,设定展开、伏笔埋设,伏笔、设定,"九大将领排名确定：纪宁第一、浮尘第二、水第三、飞雨第四、万兽第五、通合第六、丈虹第七、千针第八、疯癫第九。夏皇传授九人刑天阵最重要的关键法门（暗红色令牌，刑天真神亲手炼制）。白极城无间城内，白极真仙、青狐门主等八名天神真仙集结，三千天仙学会""混水真法""后即开战。白极真仙奉神王之命统领此次征服大夏之战。",九大军团正式确立，无间门集结完毕准备开战。
纯阳,起兵伐夏,转折高潮、环境铺陈,设定、高潮,"白极真仙统领万魔洞主、血云楼主、青狐门主等辅佐征服大夏。夏皇前往关押无数大夏土著神魔的火红色世界，以""臣服十万年即放自由""并立天道誓言的条件收服寒狰天神等海量神魔大军。白极真仙布""通天彻地大阵""昭告天下""起兵伐夏""，声音响彻大夏三千六百郡四海之地，人心惶惶。",夏皇收服土著神魔大军，白极真仙昭告起兵伐夏。
纯阳,八龙云城,设定展开、转折高潮,设定、高潮,"夏皇以""白极小儿丧家之犬""回应白极真仙的起兵宣言，以霸气之言安定民心、凝聚气运。夏皇取出先天灵宝八龙云城（八条青龙环绕的金色城邑），九大将领各率军团入驻，百万仙人大军集结。纪宁等九大将领获赐纯阳极品法宝""破坚""（九对，可变幻为斧枪剑棍盾等兵器），作为刑天神的近身战兵器。","夏皇以八龙云城为兵营率大军出征，赐九对纯阳极品法宝""破坚""。"
纯阳,法宝'破坚',设定展开、伏笔埋设,伏笔、设定,"八龙云城隐藏云雾中飞入空间裂缝抵达白极郡。夏皇令百万仙人各回军营不得擅动。九大将领赴主殿议事，夏皇表示一切行动由其独自指挥不告知众人（防无间门情报）。夏皇赐""破坚""法宝融入双手化为利爪，可变幻各种兵器。纪宁在兵营中琢磨刑天神战法，定下以重兵器直来直去的战斗方式。夏皇派三名黑甲仆从在白极郡五十万里处布下九座小塔阵基。",夏皇秘密布阵封锁白极城百万里区域，纪宁琢磨刑天神战法。
纯阳,打头阵,战斗描写、环境铺陈,战斗、设定,"夏皇封锁白极城周围百万里区域（无法大挪移、无法心识探查），派通合天仙率军团化为刑天神打头阵探无间门虚实。无间城城墙上白极真仙等遥遥观看，青狐门主认出刑天神通合。三阳天神提议让""白脸蛟""试试。刑天神通合在千里湖泊中等待，一头万丈高的上古凶兽白脸蛟（白色人脸、黑色鳞甲身躯、三万多丈蛟龙尾巴）飞奔而来。",通合天仙率刑天神打头阵，上古凶兽白脸蛟迎战。
纯阳,激战,战斗描写、转折高潮,战斗、高潮,刑天神通合与白脸蛟激战，双方势均力敌。夏皇分析白脸蛟大阵与刑天阵实力相当，需以多打少方能斩杀。无间门突然引发大量天地之力漩涡，另外三头白脸蛟凭空出现围攻通合。夏皇令八位将领布刑天阵支援，纪宁等八头刑天神凭空出现支援通合。夏皇下令通合、水、浮尘各缠一头白脸蛟，纪宁等六人联手斩杀最后一头。,无间门派出四头白脸蛟围攻，八头刑天神支援迎战。
纯阳,死伤无数,战斗描写、转折高潮,战斗、高潮,毒阕天神统领的最强白脸蛟一爪撕裂刑天神水胸膛，大阵崩溃，大量天仙散仙身死。火云天神、女性天神紧急出手救援。纪宁等八大刑天神飞扑杀向三头白脸蛟，纪宁最先杀到一头白脸蛟处，先以一剑试探令对方放松警惕，随即以右膝猛顶白脸蛟脸部令其踉跄跌倒，双手握尖锥长剑刺入其脖子猛地一绞，斩杀一头白脸蛟，大量戾气被纪宁体内三口北冥剑吸收炼化。,刑天神水被毒阕白脸蛟击溃死伤无数，纪宁以膝盖顶击斩杀一头白脸蛟。
纯阳,退兵,战斗描写、转折高潮,战斗、高潮,"纪宁大开杀戒屠戮白脸蛟内逃窜的天仙散仙，戾气被北冥剑吸收。无间门九头天神傀儡凭空出现（藏匿于小世界法宝中），纪宁以破坚变幻的拳头击飞一头天神傀儡。毒阕白脸蛟摆脱两名天神纠缠冲来试纪宁实力，全力以赴一爪砸向纪宁，纪宁双膝弯曲蓄势双手挡住，产生剧烈冲击波令大地撕裂。毒阕天神传音""撤""，无间门开始撤退。",纪宁与毒阕白脸蛟正面硬碰硬，无间门撤退。
纯阳,没有退路,矛盾收束、人物心理,冲突、情感,夏皇公布初战损失：天仙四百三十六位、散仙五万一千二十一位身死；纪宁斩杀天仙六百有余、散仙近七万。水天仙请罪，夏皇不罚并承诺补充重建水军团。纪宁献出自己的一具天神傀儡给夏皇，换取大罗仙丹（修炼八九玄功第六转所需）。夏皇定下九大刑天神每日出征以纪宁为首的长期鏖战策略。,初战损失惨重但双方折损相当，夏皇定下长期鏖战策略。
纯阳,保护,情感展现、人物心理,情感,纪宁回兵营，余薇已布置好屋内装饰并准备饭菜庆贺。纪宁暗誓拼尽全力保护余薇和将来的孩子。水府本尊修炼剑道与心力神魂法门（已摸到门槛），以大罗仙丹修炼八九玄功第六转。夏皇安排九大刑天神与四头天神傀儡切磋熟悉交手，确认天神傀儡需一百五十名天仙操控最为适合。纪宁发现无间门又派四头白脸蛟和九头天神傀儡叫战。,纪宁修炼八九玄功第六转，余薇怀孕待产，无间门再次叫战。
纯阳,三年,情感展现、人物心理,情感,"赤邴真仙（黑袍黑发红瞳老者）受乌霄天仙之托潜伏等待杀纪宁时机，认为需等纪宁在长期鏖战中""麻木""后方能出手。三年过去，九大军团变为七大（水天仙半年后战死、千针仙子一个月前战死），九人结为生死兄弟，纪宁排老八。疯癫天仙与千针仙子已结为道侣，千针死后疯癫不再疯癫。余薇肚子已很明显，纪宁贴肚皮听到孩子心跳。",三年鏖战，水天仙、千针仙子战死，九大军团变七大，余薇临产在即。
纯阳,杀死纪宁,伏笔深化、悬念设置,伏笔,余薇内心阴霾——她是无间门阵营，魂魄被神王留有印记无法反抗，一直担心神王再次命令她。赤邴真仙认为时机已到，白极真仙等无间门天神真仙决定今日杀纪宁。纪宁率七大刑天神出战，与毒阕白脸蛟等厮杀。纪宁创出三尺剑第十一式，心力神魂法门有收获（可暴增三倍力量）但未达小成。水府内七大天神长期驻守以防纪宁遇险。,赤邴真仙决定今日杀纪宁，余薇内心阴霾加深。
纯阳,突然爆发的大决战,战斗描写、转折高潮,战斗、高潮,"赤邴真仙以黑色花草束缚纪宁双腿，消耗金丹本源催生九条黑色锁链（乌霄传的法门）缠绕刑天神纪宁，以红色玉净瓶吞吸纪宁。纪宁被迫爆发隐藏实力，施展阿难普世剑与心力神魂法门，刑天神力量暴涨三倍，三尺剑第十一式""龙战于野""化为血色神龙抵挡黑色锁链。赤邴真仙传音白极、青狐出手，无间门大军从小世界法宝中倾巢而出，六头黑色天神傀儡、十六头血色天神傀儡（血云傀儡）现身。",赤邴真仙以黑色锁链困住纪宁，无间门倾巢而出发动大决战。
纯阳,接连陨落,战斗描写、转折高潮,战斗、高潮,"血云楼主施展""血海无涯""，青狐门主化为青色狐狸九尾束缚大夏一方，天农真仙以""一枯一荣""杂草法术抵挡血云楼主和青狐。十六头血云傀儡速度极快但脆弱，四大刑天神难以抵挡。夏皇调动寒狰天神、颛水天神、北望天神三大神魔军团（盘古战阵，披头散发赤脚持巨斧的盘古虚影），三大神魔军团冲杀令血云傀儡崩溃。但四头血云傀儡突袭刑天神丈虹，一眨眼将其撕裂屠戮，一千天仙尽皆被杀。",三大神魔军团（盘古战阵）参战，血云傀儡突袭杀死丈虹天仙及一千天仙。
纯阳,大夏镇界大阵,转折高潮、设定展开,设定、高潮,"纪宁被黑色锁链困住无法救援丈虹，愤怒攻击锁链。白极真仙以三十六柄仙剑化为冰冷太阳，""白极天下""法术与寒狰天神的神魔军团僵持。夏皇施展上古皇族秘术""万族来朝""（第一层），释放九条黑龙牵制血云傀儡。青狐门主化为九尾狐牵制夏皇。白袍夏皇（坐镇大夏王都）引动应龙道祖炼制的大夏镇界大阵（天芒殿皇宫为引、三千六百郡城为辅，可攻杀大夏世界任何一处），劫云形成。","夏皇施展""万族来朝""秘术及大夏镇界大阵，白极真仙与寒狰天神军团僵持。"
纯阳,手段尽出,战斗描写、转折高潮,战斗、高潮,"白极真仙捏碎神王赐予的""混沌道果""（灰色果实），释放灰色气流包裹镇界大阵劫云，削弱其威能。夏皇以劫云虹光穿透混沌之力后射杀一头白脸蛟，仅余一成威力。白极真仙召唤四头新白脸蛟现身，夏皇召唤应龙道祖的应龙军团迎战。应龙仅与一头强大白脸蛟相当，大夏一方处于下风。白极真仙宣称""大夏改叫白极大世界""。",白极真仙以混沌道果削弱镇界大阵，无间门援军赶到，大夏处于下风。
纯阳,突破，纯阳真仙,悟道、转折高潮,修炼、高潮、爽点,"三界外赤明道祖道场中，赤明道祖率众天神真仙观战，长青剑仙冷言大夏必败。神王亦在观战。战场上纪宁在黑色锁链压迫下，剑道感悟完全融合，悟透""剑仙之气""（凭手中剑斩破一切荆棘的绝世剑仙之气），剑道大成。随即凝聚胸中五气（金木水火土五行道之感悟连接天地本源），天仙金丹蜕变，以大量纯阳仙丹供应元气，两个呼吸内蜕变为纯阳金丹，突破成为纯阳真仙。",纪宁在战场压迫下剑道大成，凝聚胸中五气突破成为纯阳真仙。
纯阳,纯阳真仙之威,转折高潮、战斗描写,战斗、高潮,"纪宁以纯阳法力结合心力神魂法门调动刑天神力量暴涨至理论极限八成，但仍伪装天仙气息。夏皇因局势恶劣下令撤退准备逃离大夏。纪宁瞄准赤邴真仙，先以纯阳法力催发九叶雪莲束缚赤邴真仙，随即破开黑色锁链，施展方寸山暗杀剑术一剑劈中赤邴真仙护身法宝，以""震动""剑法传递波动直接震碎赤邴真仙体内的纯阳金丹。赤邴真仙化为飞灰身死——大夏战争第一个死去的天神真仙。",纪宁以九叶雪莲束缚赤邴真仙，暗杀之剑震碎其纯阳金丹斩杀之。
纯阳,收兵,转折高潮、矛盾收束,冲突、高潮,"纪宁斩杀赤邴真仙令双方震惊，随即冲杀无间门，一剑斩杀一头白脸蛟。白极真仙、青狐门主、毒阕白脸蛟联手勉强缠住纪宁。无间门撤退，夏皇收兵。赤明道祖道场中众天神真仙激动，赤明道祖赞纪宁""好""。长青剑仙脸色难看。夏皇感激纪宁扭转局势，无间门一方气氛压抑，青狐门主羞愧决定禀告神王求援。",纪宁扭转战局，无间门撤退，青狐门主向神王求援。
纯阳,求援,情节推进、人物心理,情感,"赤明道祖展示酒D界域的界域战争（近八十名天神真仙参战），告诫夏皇""大劫得有大劫的觉悟，死些天神真仙也值得""。夏皇完全明白，决心对手下狠对自己狠。纪宁与余薇在兵营温馨用餐，纪宁隐瞒纯阳真仙突破仅说""心力神魂法门突破""。无间城内无间门天神真仙商议求援，青狐门主羞愧决定禀告神王。",赤明道祖点醒夏皇大劫觉悟，无间门向神王求援。
纯阳,神王的决定,悬念设置、伏笔埋设,伏笔,"神王在梦境世界召见青狐门主，得知纪宁实力大增。神王强行召唤余薇，以""纪宁是否成纯阳真仙""考验余薇，余薇不知情。神王确认纪宁仅是""心力神魂法门突破""（实为纯阳真仙，纪宁瞒过余薇及神王）。神王忧虑纪宁若成纯阳真仙将成女娲阵营杀手锏，决定在大夏世界发动赤明界域""界域战争""，调动第五世界力量降临，顺便除掉纪宁。","神王确认纪宁""心力突破""（实为纯阳真仙），决定发动界域战争。"
纯阳,暗袭,伏笔深化、悬念设置,伏笔,"神王召集通连山六大妖神、云雾九仙女、吞龙山三妖神等共六十六名天神真仙（含白极真仙、青狐门主），宣布在大夏世界发动界域战争。神王安排""暗袭""计划——六十六名天神真仙藏匿于觉明二仙的先天灵宝葫芦中，由觉明二仙撕裂虚空降临无间城，关键时刻全部现身一举灭杀夏皇人马。神王特别嘱托小心菩提道祖（纪宁师傅，能一梦三界）。夏皇浑然不知，率大军叫战无间城。",神王部署六十六名天神真仙暗袭夏皇计划，吞龙山三妖神参战。
纯阳,赤明道祖的支援,转折高潮、伏笔埋设,伏笔、高潮,"觉明二仙以先天灵宝撕裂虚空降临无间城，夏皇发现后大惊。赤明道祖道场中，菩提道祖扭曲时空来访，告知赤明道祖""暗袭计划""——无间门真正支援六十六名天神真仙（含吞龙山三妖神），而非仅仅觉明二仙。赤明道祖大惊，立即令长青剑仙、雪舞仙子等独行者前往大夏，并安排后续大军。赤明道祖决定""光明正大""派兵，让无间门死了偷袭的心。",菩提道祖告知赤明道祖暗袭计划，赤明道祖决定光明正大派兵支援。
纯阳,光明正大,转折高潮、人物引入,人物、高潮,赤明道祖公布无间门六十六名天神真仙暗袭计划，下令赤明界域天神真仙全部动员准备界域战争。第一批二十六名天神真仙光明正大撕裂虚空降临八龙云城。无间城城墙上白极真仙等震惊，暗袭计划失败，白极真仙捏碎酒杯怒骂。纪宁等大夏将领震撼于二十六名天神真仙支援。夏皇在主殿介绍新来天神真仙，长青剑仙冷傲出场。,赤明界域第一批二十六名天神真仙光明正大降临，暗袭计划失败。
纯阳,道祖降临,人物引入、环境铺陈,人物、设定,"长青剑仙冷傲表示当初收纪宁为徒仅因师命，纪宁拜道祖门下""很好""。夏皇举行宴席。神王召见白极真仙、青狐门主，宣布墨竹道祖将降临大夏主持界域战争（道祖不出手以免最终战提前爆发）。夏皇告知纪宁界域战争规模：赤明道祖麾下三十余万天仙、数千万散仙将降临，赤明道祖亲自主持。墨竹道祖降临大夏世界，散发无尽黑暗光芒，背后万丈竹子摇曳。",墨竹道祖降临大夏主持界域战争，界域战争规模空前。
纯阳,兵力,设定展开、环境铺陈,设定,"墨竹道祖本体为墨绿色竹子，以""不死""著称，经历上古破灭仍存活。三个月后赤明道祖降临八龙云城，青发老者，气质如古老树木。赤明道祖下令浩浩荡荡仙人大军从天穹裂缝飞入八龙云城，数百万仙人、过千万神魔汇聚。赤明道祖安排：七十八个盘古战阵由二十六位天神分身统领、十八应龙军、三百二十六个刑天神（含十二名天神真仙统领）。夏皇传音纪宁再调两千天仙、二十万散仙至其麾下，共三千天仙、三十万散仙。",赤明道祖降临，界域战争大军集结完毕，纪宁麾下增至三千天仙三十万散仙。
纯阳,战争爆发,转折高潮、氛围营造,设定、高潮,"九个多月后，无间门应战。余薇肚子已非常大，临产在即，叮嘱纪宁保护自己。纪宁率北冥军布阵。赤明道祖与墨竹道祖遥遥对峙对话，赤明道祖宣称""不是我死就是他无间门亡""，下令""杀光他们""。浩浩荡荡大军冲锋，三百多刑天神赤脚踏大地冲杀，无间门一方亦冲杀而来，两股洪流碰撞绞杀。墨竹道祖感慨天神真仙中最强者后羿已失踪。",界域战争正式爆发，赤明道祖与墨竹道祖对峙，双方大军冲杀。
纯阳,死亡只是个数字,战斗描写、转折高潮,战斗、高潮,纪宁一马当先，以破坚变幻的盾牌撞飞一头朱厌，随即一剑斩杀另一头朱厌，以蒲扇扇碎大量仙府，以阴阳玄气瓶吞吸天仙。吞龙山三妖神（吞山大圣金毛神鹰、吞海大圣断角神龙、吞天大圣九头狮）关注纪宁。吞山大圣率先扑向纪宁，被纪宁双盾挡住利爪。夏皇等六名天神真仙乘流光一界舟牵制吞山大圣。九头狮（三妖神中最强，神兽血脉）冲向纪宁。,纪宁战场建功斩杀朱厌，吞龙山三妖神盯上纪宁。
纯阳,潜伏,战斗描写、伏笔埋设,伏笔、战斗,"九头狮与纪宁硬碰硬，纪宁力量占优但九头狮以""震动""法门令纪宁连退三步。三妖神商议联手形成""三眼天神""（三眼魔神），但九头狮认为杀纪宁把握不足三成（因赤明界域大批强者纠缠）。墨竹道祖下令退兵，赤明道祖亦令退兵歇息。双方战三场，各死上万天仙，但无天神真仙身死。神王召见长青剑仙（潜伏奸细），命其在关键时刻爆发，承诺收其为徒并授""空剑阵""三件先天灵宝。",九头狮与纪宁硬碰硬，长青剑仙被神王命令关键时刻爆发叛变。
纯阳,长青暴起,转折高潮、核心伏笔,伏笔、高潮,"赤明道祖提醒纪宁无间门要杀他而后快，吞龙山三妖神一直在其周围。夏皇安排长青剑仙、雪舞仙子支援五名危险中的刑天神。长青剑仙突然以仙剑刺穿雪舞仙子胸膛，震碎其纯阳金丹，雪舞仙子含笑身死（""你要投靠无间门，我也随你一起去""）。长青剑仙毁尸收宝，随即进攻五名刑天神。夏皇在流光一界舟上睚眦欲裂怒喝""长青""。",长青剑仙叛变，杀死雪舞仙子并进攻五大刑天神。
纯阳,战局之变,转折高潮、战斗描写,战斗、高潮,"长青剑仙爆发隐藏实力，与无间门朱厌、白脸蛟、天神傀儡联手瞬间毁灭五大刑天神。墨竹道祖下令""总攻""，吞龙山三妖神化为三眼魔神（光头赤裸三眼魔神），无间门部分白脸蛟、朱厌、毕方解体化为大量天神傀儡。赤明道祖亦下令""总攻""。赤明界域杀手锏——神箭手东折（乞丐中年人，心力第四层次圆满）降临战场，以混沌道果催发箭矢一箭杀三头白脸蛟。墨竹道祖冷笑东折消耗混沌道果有限。",长青叛变令战局剧变，神箭手东折以混沌道果箭矢压制战场。
纯阳,还请七位前辈出手,转折高潮、核心伏笔,伏笔、高潮,"赤明道祖为大局痛苦取舍，放弃纪宁夏皇所在战场，令东折压制其他区域。纪宁愤怒爆发心力神魂法门（近乎小成），以双盾夹杀一名纯阳真仙，一剑斩杀毕方凶兽。三眼魔神杀向纪宁，一击令纪宁倒飞，纪宁明白三眼魔神已达道祖门槛。墨竹道祖、神王均下令""除掉纪宁""。水府内纪宁本尊恭敬请求七位前辈出手。红雪天神下令""布阵""。",纪宁爆发杀纯阳真仙，三眼魔神达道祖门槛，纪宁请七曜天神出手。
纯阳,红雪之名,战斗描写、转折高潮,战斗、高潮,"七位天神化为七曜天神（红雪天神统领，七彩铠甲，手持万丈长枪），凭空出现在纪宁身后。七曜天神长枪一扫令时间错乱、雪花飘飘，一击灭四头白脸蛟、两头朱厌、三头天神傀儡，斩杀一名天神。无间门认出""白雪飘飘，赤发如血""——摘星府第一战神红雪天神。三眼魔神与七曜天神交手，七曜天神以雪白枪影抽飞三眼魔神。菩提道祖在方寸山发现红雪天神将时间大道与空间大道融合触摸时空之力。",七曜天神出手碾压无间门，红雪天神触摸时空之力，三眼魔神被击飞。
纯阳,红雪，无敌！,战斗描写、转折高潮,战斗、高潮,"七曜天神枪法变幻莫测（雪之大道与时间大道融合），以""虚不受力""枪法令三眼魔神天地乾坤锤法无法影响，随即狂暴劈打令三眼魔神踉跄后退完全处于劣势。墨竹道祖调十八名天神真仙支援三眼魔神（九宝神塔阵、三眼魔神持棍、六名天神真仙法术），七曜天神一枪刺破金光塔楼，同时劈打两头三眼魔神。赤明道祖大喜，无间门溃逃。墨竹道祖下令撤退，无间门大溃逃遭屠戮。",七曜天神碾压三眼魔神及十八天神真仙联军，无间门大溃逃。
纯阳,万魔界,设定展开、伏笔埋设,伏笔、设定,"菩提道祖与二弟子济癫观战，感叹红雪天神触摸时空门槛，适合传承菩提最强绝学。赤明道祖请七曜天神继续参战至界域战争结束。万魔界（万魔洞真正老巢，万魔之主坐镇）中，乌霄天仙（实为万魔之主弟子，傀儡之道成就最高者）以一百八十万天仙炼制""道祖傀儡""三年未成，怒下令一个月内必须完成。乌霄天仙的身体亦是傀儡之身。",万魔界及万魔之主设定展开，乌霄天仙炼制道祖傀儡。
纯阳,降生,伏笔埋设、情节推进,伏笔,"万魔之主允许乌霄天仙炼制道祖傀儡杀纪宁（为紫草报仇）。乌霄天仙见神王、墨竹道祖，承诺一个月后交付道祖傀儡，称道祖傀儡一出七曜天神必败。神王、墨竹道祖同意。无间门固守不出，赤明道祖命大军叫阵。紫霞珠世界中余薇怀胎五年零两个月即将生产，纪宁、纪留真、白叔、小青、木子朔在院中等候，屋内传出清脆孩童声音""孩儿拜见母亲，咦，我父亲呢？""",乌霄天仙承诺道祖傀儡，余薇即将生产，女童降生即能说话。
纯阳,女儿明月,人物引入、情感展现,人物、情感,"女童光屁股飞奔出屋，眉心有火焰神纹，周围火焰环绕，追问""谁是我的父亲""。纪宁以火焰水流为其编织红色肚兜。余薇为女儿起名""明月""（纪念仙缘大会明月山水图中二人定情），全名纪明月。明月天赋极高，一出生即紫府神魔之体层次，修炼三日炼气突破先天境界，火行天赋妖孽级。余薇以柳树枝严厉管教明月，纪宁较为温和。赤明道祖怒斥墨竹道祖炼制道祖傀儡过于疯狂。","纪明月降生，紫府神魔之体，火行天赋妖孽，余薇起名""明月""。"
纯阳,大军压城,转折高潮、伏笔深化,伏笔、高潮,墨竹道祖展示道祖傀儡（通体金红色，蜘蛛型，八条细腿如剑），天神真仙们争夺执掌权，长青剑仙以微弱优势胜九头狮，执掌道祖傀儡。无间门大军叫阵八龙云城。赤明道祖告知众仙无间门有道祖傀儡，不可应战——道祖傀儡力大无穷、坚韧无比（身体媲美先天灵宝），赤明道祖本人都无法摧毁，七曜天神单独无法匹敌。人皇神农氏派云尘真仙（纯阳真仙，眉心有红痣）降临八龙云城助战。,长青剑仙执掌道祖傀儡，神农氏派云尘真仙助战。
纯阳,终究来了,人物引入、伏笔埋设,人物、伏笔,"人族三皇（燧人氏、伏羲氏、神农氏）乃女娲阵营公认最顶尖存在，与道门佛门领袖媲美。云尘真仙奉神农氏之命助赤明道祖，称有把握赢，需与道祖单独密谋。众仙退避后议论神农氏出手必赢。神王焦虑，请""师尊""（身融天道的那位存在）帮助探查神农氏手段。神王强行召唤余薇，决定利用余薇扭转战局。",神农氏派云尘真仙助战，神王请师尊探查并召唤余薇。
纯阳,神农之药,设定展开、伏笔深化,伏笔、设定,神王以恩情及魂魄禁制令余薇甘愿赴死。紫霞珠世界中纪宁因明月用火焰戏弄侍女而发火罚跪。余薇留化身陪女儿，回八龙云城准备参战。赤明道祖召纪宁，与云尘真仙交付两样宝物：黑色玉瓶内为神农之药（捏碎后万里内仙人法力无法调动，敌我不分）、白色玉瓶内为解药。纪宁需将解药溶于酒中让北冥军三千天仙、三十万散仙服用，开战时无间门围杀纪宁则释放神农之药横扫一片。此为阳谋，无间门无可奈何。,赤明道祖交付神农之药及解药，纪宁布下阳谋陷阱。
纯阳,无怨，无悔,转折高潮、情感展现,情感、高潮,"纪宁心情极好配置解药，余薇好奇查看黑色玉瓶。余薇化身在紫霞珠世界抱住女儿明月流泪说""对不起""后消散。余薇在八龙云城回忆与纪宁的种种幸福，为报神王恩、不连累纪宁，捏碎黑色玉瓶释放神农之药。神农之药幅散，北冥军营及八龙云城大量仙人法力无法调动。赤明道祖怒喝遏制幅散。余薇自碎天仙金丹魂飞魄散消散于天地间。纪宁难以置信看着师姐消散的位置，陷入绝望。",余薇捏碎神农之药背叛，随即魂飞魄散，纪宁绝望崩溃。
纯阳,神农氏和菩提,情感展现、设定展开,情感、设定,"赤明道祖叹息界域战争败了——神农之药无法侵入道祖傀儡内部，仅剩一份神农之药会被道祖傀儡盯上无法保护。夏皇请赤明道祖勿迁怒纪宁。众天神真仙议论纪宁道侣是奸细，有人怒骂有人怜悯。吕洞宾（余薇师傅）在远处叹息余薇""傻孩子""，认为余薇毁药报神王恩、自杀不愿再牵连纪宁。菩提道祖与神农氏在混沌中草屋对饮，感叹纪宁受打击太大，菩提认为纪宁有潜力成长为""又一个后羿""。",界域战争败局已定，菩提与神农氏感叹纪宁潜力。
纯阳,纪宁和神王,转折高潮、情感展现,情感、高潮,纪宁独处静室，神王将纪宁一丝意识牵引进梦境世界。神王以余薇真灵要挟——余薇魂飞魄散后真灵被神王截获投入小型轮回转世，纪宁亲眼看到投胎后的余薇（黑衣少女）跪伏神王。神王威逼纪宁投靠无间门方可与余薇、孩子幸福生活，否则余薇将被送入无尽地狱永世受苦。纪宁沉默看着画面中的师姐，内心无尽痛楚。,神王以余薇真灵要挟纪宁投靠无间门，否则余薇入无尽地狱。
纯阳,抉择,转折高潮、情感展现,情感、高潮,"纪宁面对抉择，跪伏向神王乞求别将余薇送入无尽地狱，只求师姐过简单日子。神王震怒拒绝，下令将余薇押入无尽地狱受尽苦难。纪宁转身消散离开梦境世界，拒绝投靠。神王咆哮怒骂。纪宁本尊在紫霞珠世界抱住女儿明月流泪，告诉女儿""母亲死了""""以后就我和你了""，暗誓照顾好女儿、灭无间门。纪宁出屋见夏皇，夏皇告知界域战争要败了。",纪宁拒绝投靠无间门，余薇被送入无尽地狱，纪宁独自抚养女儿。
纯阳,我本微末凡尘，可也心向天空,悟道、转折高潮,修炼、高潮、爽点,"纪宁向夏皇要一百滴解药（纯阳真仙所需），夏皇惊奇但未多问。纪宁走在八龙云城，听到仙人们议论""纪宁道侣是奸细""""纪宁亲手灭杀余薇""等传言，心中悲哀。纪宁独坐城墙枯坐数日，感受无力与绝望——神王要送余薇入无尽地狱，自己毫无办法。纪宁的心飘荡延伸，从荒野杂草到大夏世界乃至无尽虚空，""我本微末凡尘，可也心向天空""，顿悟心力第四层次""凡尘""之境——自身卑微，心却无限。","纪宁在绝望中顿悟心力第四层次""凡尘""之境。"
纯阳,心力第四层次,悟道、转折高潮,修炼、高潮、爽点,"纪宁顿悟心力第四层次""凡尘""——即便是凡人也可有当帝皇的心，心的力量无限。心力第四层次为天神真仙极致，三界中仅后羿突破至第五层次。纪宁心力从第三层次跃迁至第四层次，力量提升数个层次，超越心力神魂法门圆满的增幅。纪宁向夏皇暴露纯阳真仙身份（隐瞒心力第四层次），夏皇狂喜。赤明道祖亦大喜，纪宁请求九千天仙、八十一万散仙形成最强刑天神。赤明道祖立即下令准备最终决战。",纪宁顿悟心力第四层次，暴露纯阳真仙身份，请求最强刑天神。
纯阳,自信的长青,转折高潮、伏笔深化,伏笔、高潮,赤明道祖向众仙宣布纪宁突破纯阳真仙，将率九千天仙、八十一万散仙形成最强刑天神，与七曜天神联手应对道祖傀儡。众仙从绝望转为狂喜。纪宁以心力调转神魂、纯阳法力为引，掌控最强刑天神九成威能（远超预期）。无间城内墨竹道祖告知众仙纪宁突破纯阳真仙，长青剑仙自信执掌道祖傀儡能杀纪宁和红雪。无间门大军出战。,纪宁掌控最强刑天神九成威能，长青剑仙自信能杀纪宁。
纯阳,开天辟地,战斗描写、转折高潮,战斗、高潮,"三界大能者（佛祖如来、三清道人、神农氏、菩提等）皆观看此战。道祖傀儡速度最快率先冲杀，七曜天神迎击被震退。纪宁施展一直隐藏的三尺剑第十二式""开天辟地""（剑道大成后所创，三尺剑十二式完美），一剑劈中道祖傀儡两前肢，令道祖傀儡往下沉、大地凹陷。纪宁再一剑""开天辟地""，道祖傀儡四条肢腿一软趴在地上。整个战场陷入死寂。","纪宁施展三尺剑第十二式""开天辟地""一剑劈趴道祖傀儡，震惊全场。"
纯阳,解脱,战斗描写、转折高潮,战斗、高潮,"道祖傀儡逃窜，纪宁以剑光流水缠束缚追杀。七曜天神杀向无间门大军屠戮。墨竹道祖令长青剑仙速杀纪宁支援大军，但道祖傀儡拼尽全力也伤不了纪宁丝毫。神王令长青剑仙转杀赤明界域大军以拖延撤退。纪宁以速度拦截道祖傀儡。神王以余薇威胁纪宁住手，纪宁淡然回应""要杀你就杀吧，师姐在无尽地狱受苦，杀了也算解脱""，令神王一窒。",纪宁单独牵制压制道祖傀儡，七曜天神屠杀无间门大军，神王以余薇威胁无效。
纯阳,落幕,转折高潮、矛盾收束,冲突、高潮,"神王下令撤退，无间门大溃逃遭屠戮，天神真仙仅活十一位（吞龙山三妖神、长青剑仙等），白极真仙、三阳天神、弃兽天神、万魔洞主、血云楼主等战死，青狐门主侥幸逃脱。佛祖如来、三清道人等确认纪宁心力第四层次。乌霄天仙迁怒长青剑仙为""废物""。道祖傀儡逃入无间城。赤明界域大胜。七曜天神告知纪宁无间门逃回不足两成，问纪宁是否准备渡天神劫。",无间门大溃逃，赤明界域大胜，三界大能确认纪宁心力第四层次。
纯阳,离去（本卷终章）,转折高潮、情感展现,情感、高潮,墨竹道祖斥长青剑仙令其交出道祖傀儡执掌权，命吞龙山三妖神带无间城离去。长青剑仙暗恨纪宁及三妖神，野心勃勃誓要成为道祖踩众人于脚下。无间城飞入天穹裂缝消失。纪宁独坐城墙，夏皇邀其去王都，纪宁拒绝称要渡天神劫需去方寸山。赤明道祖赠纪宁大罗仙丹（修炼八九玄功第九转所需，向三清道人换取）。菩提道祖亲自来带纪宁及七曜天神回方寸山准备渡天神劫，赤明道祖心情颇好。,界域战争落幕，菩提带纪宁回方寸山准备渡天神劫，第十八卷《纯阳》完整收官。
天神,三界秘辛（上）,设定展开、人物引入,人物、设定,菩提带纪宁、红雪至方寸山道观，红雪因观菩提寂灭之域出手悟时空门槛而拜菩提为师。菩提解释斜月大世界开辟于另一层次空间（千层饼之喻），道祖们无法进入。菩提介绍门下二十弟子中四位真神道祖：大弟子樵夫（众弟子之冠）、二弟子济癫（传菩提衣钵）、六弟子孙悟空（花果山主人，女娲指点）、十二弟子黑虎。预告讲述三界秘辛及无间门来历。,红雪拜菩提为师，方寸山一脉四位真神道祖弟子揭示，三界秘辛讲述序幕开启。
天神,三界秘辛（中）,设定展开、核心伏笔,伏笔、设定,菩提讲述混沌孕育十大祖神（盘古悟混沌之道、女娲悟生命之道、伏羲悟毁灭之道、凤凰悟阴之天道、祖龙悟阳之天道、祝融/共工/蓐收/句芒/后土分悟五行天道）、八十一真神（菩提、三寿、赤明、三清、如来等）、十万八千天神。盘古开天辟地创上古盘古世界。女娲悟阴阳造人族。三清道人九世转世（前八世六世凡人二世紫府身死，第九世为上古人族老子悟阴之天道觉醒，创一气化三清，成道门领袖）。如来转世第三世为释迦摩尼悟土行天道成佛门领袖。共工怒撞不周山，女娲补天悟透五行天道成上古最强者。伏羲转世人族成伏羲氏未觉醒前世记忆。,混沌祖神真神天神体系、盘古开天、女娲补天、三清/如来转世悟道等上古秘辛系统揭示。
天神,三界秘辛（下）,设定展开、核心伏笔,伏笔、设定,"菩提续讲：伏羲氏悟阴阳两大天道成三界阵法第一。上古内战致祖龙、蓐收等祖神身死。神农氏遨游混沌发现混沌异族罗T（第一位混沌来客），罗T率大军入侵上古被围杀（罗T神体炼制众多法宝含罗T弓）。后又感应到另一混沌世界""无间混沌世界""（祖魔、真魔、天魔体系，心魔老祖最强近乎盘古）。两混沌世界碰撞开战，万物之主（傀儡一道源头，麾下大量傀儡及母皇军团）参战。女娲娘娘突破盘古神境界斩杀万物之主，心魔老祖融天道逃命，风魔老祖（万魔之祖）带无间门残余逃脱。两混沌世界破碎成三界（天界、地府、三千大世界亿万小世界）。女娲娘娘入无尽混沌未归，风魔老祖归来两方相安无事。命运感应两方终须一战避战即死。菩提传明月神魔炼体及炼气法门，纪宁即将渡天神劫。",无间混沌世界、万物之主、风魔老祖、三界浩劫命运等核心秘辛完整揭示，全卷最大伏笔埋设。
天神,天神劫,转折高潮、氛围营造,设定、高潮,"纪宁安顿女儿明月后前往明月大世界荒野渡天神劫，赤明九天图突破第十八重、炼气流突破返虚圆满同时引动天劫。风劫纪宁凭八九玄功第六转硬抗；火劫升至真火层次（含太阳真火）纪宁仍不抵挡。菩提与樵夫暗中观看，樵夫猜测可能出现罕见""纯阳金光雷""（扛过则天神之躯完美）。雷劫降临，无尽乌云化为混沌漩涡。",纪宁渡天神劫序幕，风劫火劫轻松度过，雷劫降临纯阳金光雷悬念埋设。
天神,天神纪宁,转折高潮、装备获取,奖励、高潮,"九九雷劫第一重即紫白色天雷（等同第二元神渡劫第七十三重），第九重为耀眼白色，此后掺杂金色。纪宁凭八九玄功第六转硬抗至第八十重。第八十一重出现完全纯金色的""纯阳金光雷""（至阳至刚），纪宁以三头六臂六柄阿难普世剑+第四层心力击碎之，碎裂金蛇落身仅令神体震颤。混沌漩涡化电光入体，全身筋骨脏腑蜕变达完美神躯。心魔劫因纪宁心力第四层看破余薇虚幻而轻松度过。天地异象（祥云金莲太阳星太阴星），纪宁成就完美天神之躯。红雪等七大天神及黄毛大熊跪拜纪宁为摘星府新任府主。",纪宁以纯阳金光雷成就完美天神之躯，正式成为摘星府新任府主。
天神,摘星大世界,设定展开、环境铺陈,设定,纪宁率七大天神进入摘星大世界（三寿道人根基所在），心力笼罩整个大世界，得知内含天仙一万六千余、散仙一百五十余万、返虚神魔十余万，因封闭无尽岁月无一纯阳真仙诞生。纪宁邀银月师兄加入摘星府，银月答应将来入世便加入。黄毛大熊告知三寿道人为新府主留有三件宝物（唯新府主可取），红雪透露三寿摘星手达第六转媲美混沌奇宝。,摘星大世界设定展开，三寿道人三件遗宝伏笔埋设。
天神,请师傅帮我,情节推进、人物心理,情感,纪宁至水府虚空通道前，发现三寿留下的禁制需摘星手第五转方可破。纪宁向菩提求取摘星手第五转珍材，菩提慷慨赠与（并附赤明道祖大罗仙丹足以练成八九玄功第九转）。纪宁请菩提帮忙寻找无间门据点以便偷袭，道出目的是逼无间门释放被神王关押在无尽地狱的道侣余薇。菩提虽忧危险仍答应帮忙。,纪宁向菩提求珍材修炼摘星手第五转，并道出偷袭无间门救余薇的决心。
天神,三寿的遗宝,转折高潮、装备获取,奖励、高潮,纪宁一日内练成摘星手第五转（双手媲美先天灵宝极致）及八九玄功第九转（神体宛如纯阳极品法宝）。破开三寿禁制，见三寿道人留影遗言（嘱善待留守摘星府者，望传人成真神道祖令摘星手名传三界）。获三件先天极致灵宝：诸天星金珠（三千六百颗，三清道人融入九重混沌禁制，杀道至宝）、虚空舟（开天辟地时清气孕育，上古飞遁前五，逃命用）、九命塔（混沌奇物炼制，可分九化身，真神道祖难辨真假）。,纪宁练成摘星手第五转及八九玄功第九转，继承三寿道人三件先天极致灵宝遗宝。
天神,三十六诸天,设定展开、装备获取,奖励、设定,纪宁炼化诸天星金珠，得知其来历：混沌中陨星晶核经盘古世界孕养蜕变，三清道人融入九重混沌禁制（连女娲娘娘仅炼化第八重，三清道人炼化第七重）。纪宁凭心力第四层次炼化第一重混沌禁制，并成功将三千六百颗熔炼为三百六十周天、进而熔炼为三十六诸天（道祖才能做到，纪宁以心力达成）。清秀孩童（星金珠之灵）认纪宁为主。,诸天星金珠来历及九重混沌禁制设定揭示，纪宁炼化第一重禁制并凝成三十六诸天。
天神,下山,情节推进、伏笔埋设,伏笔,"纪宁将三寿收藏的纯阳法宝分赠鸠蛇天神（阴阳两极盘）、九牙天神（诸天血影大阵）等。纪宁向菩提辞行，安排第二元神带女儿明月及白叔小青等留斜月大世界，本尊携七大天神及摘星大世界离开方寸山。菩提嘱""一切小心""，纪宁率众步入空间漩涡，世外桃源与血雨腥风之分。",纪宁分赠宝物安排后事，率摘星府离开方寸山正式入世。
天神,三界第一剑仙,设定展开、环境铺陈,设定,纪宁至大夏王都见殿才仙人、夏皇、尉迟惜月后，携九牙天神前往扶居二十七界之首东鸾界参悟剑术。扶居道祖乃人族出身大罗道祖，剑力第五层次，自创《伍宝剑术》被公认三界第一剑仙，实力近乎道门佛门领袖，却离奇死于混沌中。扶居死后二十七界公开，剑仙界蕴含完整伍宝剑术为尊。纪宁在东鸾界冲云山参悟道祖剑法。,三界第一剑仙扶居道祖及伍宝剑术设定展开，纪宁开始参悟扶居剑法。
天神,参悟,悟道、情节推进,修炼、爽点,纪宁发现扶居剑术与九重混沌禁制相通，均超脱天道。参悟一个多月后悟透滴水大道（自此领悟剑道、滴水两条大道）。东鸾王朝三皇子东吉（剑门正式弟子，师三蝎天仙，师祖勿道真仙）携侍者护卫至冲云山，欲撵走纪宁占据蒲团位置。,纪宁参悟扶居剑术悟透滴水大道，剑门皇子东吉出场挑衅。
天神,剑门,矛盾爆发、转折高潮,冲突、高潮,东吉侍者拍纪宁肩膀打断参悟，纪宁以无形气浪废掉一名护卫统领紫府。东吉召剑门五散仙（看守冲云山），纪宁一个眼神将五散仙拍飞。九牙天神赶到，纪宁令其将东吉师傅三蝎天仙从万里外皇宫抓来。九牙天神右手暴涨十万里直接擒拿三蝎天仙。,纪宁惩戒嚣张的剑门弟子东吉，九牙天神万里擒拿三蝎天仙。
天神,一年,矛盾收束、人物心理,冲突、情感,"三蝎天仙抽东吉两巴掌，勿道真仙赶到（邋遢大胡子青年，说话不饶人）主动要""清理门户""。纪宁为东吉求情，判其凡间当小厮三百年打不还手骂不还口（后东吉因此磨砺心性成天仙入佛门，最终浩劫决战与纪宁并肩）。纪宁走遍扶居二十六界参悟剑法，一年后抵达剑仙界伍宝山（五座山峰一千里至五千里高）。",东吉受惩戒凡间历练三百年（伏笔），纪宁走遍二十六界抵达剑仙界。
天神,剑力,设定展开、悟道,修炼、设定、爽点,"剑门三天神真仙（季珉真仙""天外剑仙""练成伍宝剑术、勿道真仙、伏柳天神）详述伍宝剑术利弊：修炼则其他道感悟逐渐遗忘，第三篇成则除剑道外尽忘，第四篇成方可再修他道；需剑力第一至第四层次方能修炼第一至第四篇。圣火道祖（红孩儿，牛魔王与铁扇公主之子）亦练成伍宝剑术成道祖。纪宁决心走剑仙之路，开始修炼伍宝剑术第一篇。",伍宝剑术利弊及修炼层次设定详述，纪宁决心修炼伍宝剑术。
天神,孤寂的修炼,悟道、人物心理,修炼、情感、爽点,"纪宁在伍宝山草屋闭关参悟伍宝剑术第一篇（三千七百二十九招），道的感悟逐渐流失（滴水大道等遗忘），练成第一篇后剑力达第二层次""耀日境""（剑上凝聚白金光芒）。纪宁明晰两条路：心力第五层次（后羿曾天神杀道祖）及剑力第五层次（不亚于心力第五层次），同时走伍宝剑术令剑速超越天道极限。菩提暗中观察，决定让纪宁与无间门交手。",纪宁练成伍宝剑术第一篇，剑力达第二层次，确立心力与剑力双修之路。
天神,上古人族五帝,设定展开、情节推进,设定,菩提告知纪宁无间门在颛顼界域冬宣大世界的情报：少炎丑十八分身中十六个藏于此，九名天神真仙坐镇三大老巢。菩提介绍上古人族五帝（夏禹统一人族巩固皇权，夏氏为皇族），嘱纪宁不可去上古皇族夏氏直接统领的大世界（双方集结海量力量）。菩提交付颛顼界域三十九大世界力量分布卷轴，纪宁记下后毁去。纪宁令九牙回摘星大世界准备出兵。,上古人族五帝设定展开，菩提提供冬宣大世界情报，纪宁准备偷袭。
天神,斩杀少炎丑,战斗描写、转折高潮,战斗、高潮,"纪宁以八九玄功变化身份潜入冬宣大世界少炎丑据点，以诸天星金珠所化大旗刺杀少炎丑分身（血魔仙人），随后将据点爪牙收入诸天阵旗以虚空磨盘碾碎。少炎丑十四个藏在法宝内的分身亦被找到碾碎。无间门铁兵楼三大天神真仙（铁兵真仙、金枪天神、红花真仙""金红夫妇""）观战不知血魔仙人即少炎丑。",纪宁逐一斩杀少炎丑十六个分身，以诸天星金珠虚空磨盘碾碎。
天神,惊动三界,战斗描写、转折高潮,战斗、高潮,纪宁斩杀少炎丑最后第十六个分身（暴露真身）。纪宁率摘星大世界大军以刑天神+七曜天神之躯，穿梭虚空摧毁冬宣大世界三大老巢：第一处铁兵楼纪宁九剑破阵斩杀铁兵真仙、红花真仙、金枪天神（九化身亦灭）；第二处红雪已灭；第三处纪宁灭三名天神真仙。冬宣军震撼发现九名天神真仙全灭。三界大能者惊叹纪宁疯狂偷袭。无间门第三世界碧幽道祖震怒。,纪宁率刑天神摧毁冬宣大世界三大老巢斩杀九名天神真仙，惊动三界大能者。
天神,杀杀杀,矛盾爆发、转折高潮,冲突、高潮,"神王与碧幽道祖调遣第三世界近三百天神真仙乘巫天梭追杀纪宁。纪宁携红雪以虚空舟穿梭各大世界继续偷袭，在天方大世界灭三名天神真仙。神王调兵遣将令部分撤退、部分坐镇无间城等战争堡垒拖延。纪宁甚至跨界至刑天界域偷袭。神王集结二百八十九名天神真仙结""无间无量阵""乘黑色长梭追杀。菩提传音预警无间门大军到来。",无间门调近三百天神真仙结无间无量阵追杀纪宁，菩提预警。
天神,功亏一篑,转折高潮、悬念设置,伏笔、高潮,人皇燧人氏（三皇之首，开辟薪火大世界，人族最古老最强存在）命义女呙兹天神率三百六十五天神真仙救援纪宁。纪宁驾驭虚空舟与无间门巫天梭在无尽虚空追逐难分上下。呙兹天神率军在薪火大世界火焰山峰列阵，无间门骷髅魔神率军抵达见女娲阵营援军只能不甘撤退。纪宁谢呙兹及燧人氏。,燧人氏派呙兹天神率军救援，无间门大军功亏一篑撤退。
天神,谈判,矛盾展现、人物心理,冲突、情感,呙兹天神告诫纪宁逾越了双方无形的线（双方都不愿扩大战争规模），若无间门派顶尖天神真仙单独追杀则己方无法派军阻拦。纪宁回剑仙界后，神王主动联系纪宁入梦境谈判。神王愿既往不咎，纪宁要求释放余薇遭拒。神王怒斥纪宁威胁无间门。纪宁决意继续杀戮逼无间门低头。纪宁炼化战利品时在少炎丑遗物中发现神秘黑色石碑（威压凌驾天道之上）。,纪宁与神王梦境谈判破裂，余薇未获释放；少炎丑遗物中发现神秘黑色石碑。
天神,石碑,设定展开、核心伏笔,伏笔、设定,"黑色石碑高九十九丈，正面两个巨大文字，反面密密麻麻约一百二十万文字。心识心力均无法探查石碑（仅肉眼可见手可触摸），纪宁判断非三界之物。天神力渗透正面文字得""十七""（编号）。纯阳法力渗透反面文字得第一法门《陶吴十八神魔》（一化十八分身，三层境界，少炎丑仅练成第一层）。继续渗透得第二法门《虫兽九解》（培养虫兽）。",神秘石碑设定揭示（心识心力无法探查），纪宁开始获得七大法门。
天神,七大法门,设定展开、装备获取,奖励、设定,"纪宁以纯阳法力渗透得全部七大法门：《陶吴十八神魔》《虫兽九解》《罪孽神兵》（吸纳怨气炼凶兵可成混沌神兵）、《琅符》（道符之术）、《乾坤逆转一心阵》（十八人一心布阵固守困敌）、《鬼神卷》（培养鬼魂至真神祖神）、《不坏之身》（护体神通超越八九玄功，六重前三重天神后三重真神）。纪宁渗透石碑边缘神纹后被伟岸之力（凌驾天道，仅女娲盘古可媲美）吸入石碑内混沌空间，被两名傀儡狱卒（东蛐、西蝠）误认为""看守者""。","七大法门全部获得，纪宁渗透神纹后被吸入石碑内混沌空间成为""看守者""。"
天神,大机缘,设定揭示、转折高潮,揭示、设定、高潮,"纪宁从狱卒东蛐、西蝠处得知：石碑乃九方混沌国九方国主所炼三十六块牢狱石碑之一（编号十七），内含十七世界牢狱关押囚犯，三十六块形成""九重锁天阵""。看守者皆九方混沌国核心（惩罚一个混沌纪），可学七大法门及享用一瓶混沌灵液。三个混沌纪未上供积攒十八瓶混沌灵液，纪宁全部收起。狱卒述说上一任看守者（自称祖神之子）及三混沌纪琐事。纪宁知石碑乃大机缘，小心谨慎。",九方混沌国及世界牢狱体系揭示，纪宁获取十八瓶混沌灵液（历代看守者仅得一瓶）。
天神,混沌空间中的修炼,悟道、装备获取,修炼、奖励、爽点,纪宁在石碑内混沌空间（数百丈，不受三界天道管辖）以一瓶混沌灵液修炼《陶吴十八神魔》第二层。先以纯阳仙丹练成第一层（本尊一化十八分身实力下降），再以混沌灵液令十八分神魂纯阳金丹神力飙升达本尊实力。第二层成，十八分身各拥完整真灵神魂纯阳金丹，记忆相通，死一个不影响其他。,纪宁以混沌灵液练成陶吴十八神魔第二层，拥有十八个各拥本尊实力的分身。
天神,世界牢狱,设定展开、环境铺陈,设定,纪宁进入空间之门至十七世界牢狱（昏暗世界，高空神纹密布）。心力释放笼罩三个大夏世界范围，遭脏老者（道祖层次心力第四层）心力包裹引幻境及野狗（祖神层次）神通吞噬心力，纪宁强行斩断联系。纪宁探查到十八名真神、三十二名纯阳真仙、七十一名天神、九十六名天仙。决定从最弱天仙开始接触探查秘密。虚空舟在世界牢狱中飞行（无法撕裂虚空）。,世界牢狱环境设定展开，纪宁首次探查遭祖神祖仙反噬，决定从天仙入手。
天神,天仙良丘,战斗描写、设定揭示,战斗、揭示、设定,纪宁接触天仙囚犯良丘（苦熬三个多混沌纪）。良丘得知九方混沌国覆灭后疯狂攻击纪宁，以三百六十柄纯阳极品碧绿飞剑凝剑影，纪宁以摘星手+第四层心力将其镇压。良丘癫狂自杀魂飞魄散。纪宁获良丘遗物：两套各三百六十柄纯阳极品飞剑（碧绿、火红），及大量纯阳法宝。纪宁翻遍遗物无修炼法门（师门法门记脑海且有本命誓言秘纹保护）。,天仙良丘因九方混沌国覆灭疯狂自杀，纪宁获两套纯阳极品飞剑及九方混沌国宝物。
天神,见祖神,设定揭示、核心伏笔,伏笔、揭示、设定,纪宁以化身送美酒佳肴接触野狗祖神，野狗以神通吞噬化身。野狗传音告知离开世界牢狱需世界境存在（祖神祖仙之上，盘古女娲层次）强行破镣铐，或九方国主令符。野狗知纪宁背后有世界境存在（女娲）后态度好转，详述三大修炼路线：神魔之道（凡尘天神真神祖神世界境）、炼气之道（凡尘天仙真仙祖仙世界境）、心之一路。炼气突破天仙时金丹分三等：第一等以广阔天地为炉（最强），第二等借奇物辅助，第三等仅自身力量（纪宁为最弱第三等）。,世界境（盘古女娲层次）及三大修炼路线、金丹三等设定揭示，纪宁金丹为最弱一等。
天神,提升金丹？,设定展开、悬念设置,伏笔、设定,纪宁询能否提升金丹，野狗告知渡劫后提升需混沌奇物且最多提升至第二等，法门知晓者极少。野狗及脏老者祖仙均知提升金丹法门但拒绝授予，要求纪宁带世界境存在（女娲）来放其自由方肯交换。纪宁无奈，决定若浩劫后期赢希望不大再将世界牢狱告诉师傅。纪宁接触一名女子真仙，告知九方混沌国已灭，令其臣服或死。,提升金丹法门设定揭示（需混沌奇物，最多至第二等），祖神祖仙不肯轻授，纪宁转而对付真仙。
天神,搜魂,设定揭示、情节推进,揭示、设定,女子真仙芡柔（九方国主孙女，因报复奸淫母亲的二皇子父亲被关押）施展天魅之术无效后臣服，纪宁搜魂。芡柔为第一等金丹天仙，纯阳金丹不亚于纪宁。纪宁翻阅记忆了解九方混沌国浩瀚强大、九方国主征服十二混沌世界斩杀三名世界境存在。修炼法门有秘纹保护无法获得。纪宁知伍宝剑术为超越天道极限法门（须世界境方可创出，九方混沌国仅三种），扶居道祖疑似得自某处。,纪宁搜魂芡柔了解九方混沌国虚实，伍宝剑术为超越天道极限法门之谜深化。
天神,扫荡真神真仙,战斗描写、悟道,修炼、战斗、爽点,芡柔献策：真神真仙无法从混沌汲取力量，纪宁可在阵法禁制外以八火乾坤界（八大真火灼烧消耗少）持续攻击逼其消耗法力至死或臣服。纪宁又扫荡六名天神天仙（两疯狂被杀四臣服搜魂）。纪宁以大千剑阵第九重（七百二十九口纯阳飞剑）攻击真仙冬裙，冬裙以碗状法宝抵挡。纪宁改用八火乾坤界持续灼烧。,纪宁以八火乾坤界持续灼烧策略扫荡真神真仙囚犯，开始对付冬裙真仙。
天神,遨游混沌,伏笔埋设、情节推进,伏笔,纪宁将石碑藏于混沌中一颗寒冰星辰的峡谷深处（心力无法探查石碑，肉眼需一寸寸查看大夏世界大的星辰不可能），并留两尊分身在石碑内以八火乾坤界等法宝继续围攻真神真仙。纪宁将《十二都天神魔》（菩提所授类似法门）传给白水泽等。纪宁至大夏世界联系菩提回斜月大世界。,纪宁将石碑藏于混沌寒冰星辰，留分身继续扫荡世界牢狱，回斜月大世界汇报菩提。
天神,菩提的惊喜,转折高潮、伏笔深化,伏笔、高潮,纪宁向菩提献七大法门（谎称少炎丑遗物中奇物碎裂所得）。菩提大喜称立大功，言混沌异族法门三界早有不少，七大法门中《琅符》最是有用（道符之术），《罪孽神兵》可培育先天灵宝。菩提介绍己方类似法门《十二都天神魔》（一化十二）、《千身圣典》（一化千需世界之心）。菩提起疑少炎丑是否会七大法门，纪宁解释少炎丑仅学第一二法门部分。菩提出手令少炎丑剩余两分身自杀，彻底消灭少炎丑。菩提带纪宁去见伏羲氏。,纪宁献七大法门于菩提立大功，菩提出手灭少炎丑全部分身，带纪宁见伏羲氏。
天神,见伏羲氏,人物引入、设定展开,人物、设定,菩提带纪宁至混沌中伏羲氏所在（火焰海洋不灭薪火+黑色水浪太阴玄水，水火灭世阵未大成）。伏羲氏（祖神伏羲转世人族，悟阴阳两大天道，三界阵法第一）参悟竹简一天多，连说三个好：《琅符》对女娲阵营助力大，《乾坤逆转一心阵》对其完善水火灭世阵帮助最大（创阵者阵法一道堪比伏羲）。伏羲氏赞纪宁舍得献出珍贵法门，欲回报。,伏羲氏参悟七大法门，琅符及乾坤逆转一心阵对女娲阵营助力极大，伏羲氏欲回报纪宁。
天神,修炼的飙升,装备获取、悟道,修炼、奖励、爽点,伏羲氏承诺十年内为纪宁创一阵法。菩提授纪宁《十二都天神魔》（可传白水泽等）。纪宁第二元神以一瓶混沌灵液修炼陶吴十八神魔第二层（十八分身）。纪宁本尊十八分身+第二元神十八分身共三十五分身同时参悟伍宝剑术，修炼速度提升三十五倍。混沌灵液仅剩十六瓶多。,伏羲氏承诺创阵法，纪宁第二元神亦练成陶吴十八神魔第二层，三十五分身同修伍宝剑术。
天神,行走三界,悟道、人物心理,修炼、情感、爽点,纪宁伍宝剑术第二篇遇瓶颈，决定行走三界练剑。在虎牙大世界见紫府修士步封教子练剑，纪宁压制自身力量至后天与步封比剑一天一夜，有所感悟。步封得纪宁灵丹及剑法感悟（后成剑道高手回门派）。纪宁决定行走三界与无数人比剑，抛弃法力心力剑力等外力找寻剑的根本。,纪宁行走三界以弱对强练剑，悟出抛弃外力找寻剑根本之法。
天神,练剑天下,悟道、爽点设置,修炼、爽点,"纪宁练剑九年走遍三界，与紫府万象元神等弱者切磋，感悟不同战斗风格。在一小世界（人级地级天级传说级划分）炼剑山庄与剑圣木通（传说级悟一条道）比剑，以地级力量挡其剑法。纪宁终于将伍宝剑术奥妙熔炼为五式雏形，第一式""唯心""（一对一防守黑洞）成形。无间门神王监视半月后懒得再看纪宁。","纪宁练剑九年创《明月剑术》（以女儿明月命名），第一式""唯心""成形。"
天神,唯心,悟道、人物引入,人物、修炼、爽点,吕洞宾（吕祖）遨游混沌归来突破道祖层次（佛道合一太极之力第五层次，顶尖道祖）。伏羲氏将创好的阵法竹简交菩提转纪宁。纪宁练剑第十五年至第五十一年，陆续创出明月五式雏形：唯心（一对一防守）、滴血（最快穿透）、天崩（重量开天）、阴阳（群攻防守）、无影（诡异极快）。同时世界牢狱中冬裙真仙被八火乾坤界灼烧十五年终于臣服。,吕洞宾突破道祖，纪宁五十一年创明月五式雏形，冬裙真仙臣服。
天神,搜刮,装备获取、设定展开,奖励、设定,"纪宁搜魂冬裙真仙（第一等纯阳真仙媲美道祖），虽无提升金丹法门（仅九方国主等三位世界境知晓第一等法门），但获其最强先天灵宝""闪天星""（九十九颗深蓝八角星辰含禁制）。纪宁得知九方混沌国炼制法宝手段比三界厉害（先天灵宝可附加禁制提升威能）。纪宁转而对付一名绿发真神。",纪宁搜魂冬裙真仙获闪天星先天灵宝，得知九方混沌国炼宝手段，转对付真神。
天神,剑术初成,悟道、装备获取,修炼、奖励、爽点,纪宁以八火乾坤界灼烧绿发真神（真神之躯媲美纯阳法宝）。另一分身同时对付女子真仙水堇（堇皇）。纪宁练剑第三十二年至第五十一年，陆续完善明月五式：唯心（黑洞防守）、滴血（最快穿透）、天崩（重量开天）、阴阳（漩涡群防）、无影（诡异极快）。五十一年纪宁明月剑术初成。菩提现身传伏羲氏所创罗T阵。,纪宁明月五式剑术初成，获伏羲氏所创罗T阵。
天神,大禹人族世界,设定展开、装备获取,奖励、设定,菩提传纪宁罗T阵（伏羲氏根据罗T神体奥妙创，统领九万天仙八百万散仙化罗T魔神六臂，三层境界第三层媲美真神道祖）。菩提告知伏羲氏安排纪宁去大禹人族世界（上古皇族老巢超级兵营）见有熊道祖领一支九万天仙八百万散仙军团。纪宁至大禹人族世界，伏驱天神迎接。,纪宁获伏羲氏所创罗T阵，前往大禹人族世界领军团。
天神,蛰伏岁月,人物引入、情节推进,人物,"纪宁见有熊道祖（女娲亲手造出的人族之一，有熊部落出黄帝），有熊道祖爱护人族晚辈嘱纪宁心力突破第五层次。有熊道祖徒弟螺走天神赠纪宁十万天仙千万散仙城邑（送入摘星大世界传罗T阵基础法门）。纪宁回剑仙界参悟伍宝剑术第三篇。无间门神王得知纪宁献法门得阵法军团，暗光剑祖评价纪宁剑力第三层次""没什么威胁""。世界牢狱中女子真仙水堇（堇皇）烧五十六年仍宁死不臣服。",纪宁见有熊道祖领军团，神王轻视纪宁，世界牢狱堇皇宁死不降。
天神,天神天仙们,战斗描写、悟道,修炼、战斗、爽点,堇皇自杀魂飞魄散。纪宁转而扫荡天神天仙以磨练明月剑术（与天神天仙生死厮杀完善剑法）。纪宁以八九玄功护体与一名四面八臂天神囚犯鏖战半个时辰被压制，后以摘星手+心力+无影式一剑斩首，收服之。纪宁恢复神力后继续扫荡，四十年间扫荡超四百名天神天仙获大量宝物含两件先天灵宝。绿发真神烧八十二年终于开口欲臣服。,纪宁扫荡四百余天神天仙磨练明月剑术，绿发真神烧八十二年欲臣服。
天神,大造化，大造化,转折高潮、装备获取,奖励、高潮,"绿发真神臣服，纪宁搜魂。在绿发真神记忆中终于得到纪宁极渴望的法门——《九角电蛇遁术》（九方混沌国第一遁术，与三界太阳金虹同层次光速遁术）。纪宁震撼激动称""大造化，天助我也""。三十五分身同时知晓。纪宁决意不惜代价练成此神通。",纪宁搜魂绿发真神获《九角电蛇遁术》法门，与太阳金虹同层次的光速遁术。
天神,九角电蛇遁术,设定展开、情节推进,设定,九角电蛇遁术修炼分两关：改造神体（令九角电蛇可在神体游走不伤，九死一生）及驯服九角电蛇（需千烂神果或万雷神晶或六瓶混沌灵液）。三界中仅雷神天尊有九角电蛇（炼入雷罚之锤为杀手锏）。纪宁携九牙至雷神大世界求见雷神天尊。,九角电蛇遁术修炼设定详述，纪宁前往求见雷神天尊求九角电蛇。
天神,别无他法,矛盾展现、情节推进,冲突,雷神天尊听闻纪宁求九角电蛇直接翻脸赶走（九角电蛇乃雷罚之锤命根，浩劫期绝不可能给出）。纪宁求扈雨真仙（雷神天尊最宠爱女弟子）亦无果，得知九角电蛇炼入雷罚之锤为最强手段。纪宁独自入混沌寻雷电之海，六个多时辰后抵达，见无尽白色闪电霹雳海洋，深处有黑色雷海之蛇。,雷神天尊拒给九角电蛇，扈雨真仙亦无果，纪宁独入混沌雷电之海。
天神,深入雷海,悟道、悬念设置,伏笔、修炼、爽点,纪宁派本尊分身进入雷电海洋改造神体：先以白色闪电（一个多月）、淡白闪电（半个月）、灰色闪电（数日）逐步改造成功。最后以黑色雷海之蛇改造（无九角电蛇只能退求其次），第一尊分身手臂瞬间湮灭灰飞烟灭。纪宁耗混沌灵液恢复分身，四年多内十五本尊分身尽皆身死于雷海之蛇改造。,纪宁以雷海之蛇改造神体九死一生，十五本尊分身接连身死。
天神,功成,转折高潮、装备获取,奖励、高潮,"纪宁耗混沌灵液恢复十六本尊分身，再次前赴后继尝试。终于一尊分身以雷海之蛇成功改造神体全身（黑色电光可从眼中飞出不伤）。纪宁深入雷电海洋核心（九角电蛇最多处），三个月后一条九角电蛇碰触体内""电蛇之卵""神纹被吸引入体沉睡。纪宁以六瓶混沌灵液驯服九角电蛇（金色神纹印身，九角电蛇变温和与纪宁灵魂联系）。九角电蛇遁术成，纪宁速度达光速极限。",纪宁神体改造成功，捕获并驯服九角电蛇，九角电蛇遁术修炼成功。
天神,震撼,转折高潮、伏笔深化,伏笔、高潮,纪宁从世界牢狱取出三柄北冥剑（经罪孽神兵法门突破纯阳桎梏达先天上品灵宝）。纪宁回斜月大世界献《九角电蛇遁术》法门及六瓶混沌灵液于菩提。菩提震撼（此神通三界大能者都眼馋），嘱纪宁万万保密（防己方大能者生邪念），称宝物为菩提自己所发现以保纪宁安全。,纪宁献九角电蛇遁术及六瓶混沌灵液于菩提，菩提震撼嘱保密。
天神,六位大能者,转折高潮、设定展开,设定、高潮,菩提召集女娲阵营六大能者（菩提、神农氏、燧人氏、伏羲氏、三清道人、如来，及一位沉默的破烂灰袍佝偻存在）于混沌药田。菩提出示六瓶混沌灵液，众大能激动。三清道人提议燧人氏修炼（燧人氏速度欠缺，此神通如虎添翼）。燧人氏当仁仁不让，称欠纪宁人情。纪宁在摘星大世界布罗T阵化罗T魔神（六臂持三北冥剑三阿难普世剑）。,女娲阵营六大能者商议，燧人氏修炼九角电蛇遁术；纪宁布罗T阵化罗T魔神。
天神,魔神纪宁,战斗描写、转折高潮,战斗、高潮,魔神纪宁携虚空舟至夫一大世界东升圣山，一剑（滴血式）破阵法禁制，五名天神真仙逃窜被六道剑光灭杀。神王震怒赴第一世界见桓木主人。纪宁又摧毁夫一大世界另一老巢灭三名天神真仙，第三老巢逃掉。纪宁至另一大世界，十五名天神真仙凭城邑阵法禁制抵挡，纪宁以滴血式破三层、轮回天崩（天崩式变种）破五层杀入，却发现十五名乃血河天神分身（陷阱），无间门大军撕裂虚空降临。,魔神纪宁灭夫一大世界八名天神真仙，无间门以血河天神十五分身设陷阱围剿。
天神,桓木主人,人物引入、转折高潮,人物、高潮,"无间门第一世界坐镇者为桓木主人（无间混沌世界时期仅次于心魔之主，温和喜和平好收藏桓木，阵法法术神通皆擅长近战最惊人，与三清菩提等为旧友），创""明空锁界阵""（六百四十天神真仙两船封锁一方大世界阻碍撕裂虚空）。纪宁以九角电蛇遁术包裹虚空舟达光速瞬间逃离，无间门大军追之不及。纪宁又至另一大世界灭未及逃走的老巢。神王难以置信纪宁有此神通。",桓木主人登场，明空锁界阵困不住纪宁，九角电蛇遁术令纪宁轻松脱困。
天神,疯狂,矛盾爆发、转折高潮,冲突、高潮,桓木主人献策杀纪宁三法：调五千天神真仙（赌博）、真神道祖出手（赌博）、抓住纪宁躲入虚空舟刹那机会（无把握）。神王皆不愿赌。纪宁改变策略疯狂摧毁无间门三界诸大世界老巢据点（杀不了天神真仙则毁其根基）。鹄曲天神（吃混沌道果的神箭手）远距离偷袭纪宁，纪宁以唯心式削箭威能硬抗，鹄曲天神一击不中立即逃走。无间门大能者心疼焦急纷纷催神王想办法，燧人氏时刻关注防无间门真神道祖出手。,纪宁疯狂摧毁无间门三界老巢据点，鹄曲天神偷袭失败，无间门大能者焦急。
天神,低头（本卷终章）,转折高潮、矛盾收束,冲突、高潮,"神王向桓木主人解释余薇来历（无间门奸细，纪宁道侣，被关无尽地狱逼纪宁投靠未果）。吕洞宾慨叹纪宁为余薇不惜与无间门开战。一神秘老太监（曾给纪宁《心典》者）及雷神天尊亦关注纪宁。万魔之主（无间门最强者，祖魔层次悟风之天道，上古破灭之战从女娲娘娘手中逃脱救走无间门强者）化身现身第一世界，吩咐""浩劫才最重要，我们需要的是生存""。神王再无犹豫，化身至纪宁面前说""你赢了""。","万魔之主定夺，神王被迫低头对纪宁说""你赢了""，全卷以无间门屈服收束。"
提升金丹,月下潭,矛盾展现、悬念设置,伏笔、冲突,"纪宁以九角电蛇遁术搅乱无间门三界布局后，与无间门黑袍神王谈判。神王承认纪宁""赢了一个谈判的机会""，但拒绝无条件放出纪宁妻子余薇，提出三件宝物作为交换：十斤七宝青阳煞、十斤血花灵髓、一株冰心灵叶。其中冰心灵叶仅存在于混沌中极危险的""月下潭""——唯天神才能入内，从古至今数千天神进入，仅觉明佛祖一人活着出来。神王意图明显：让纪宁困死或拖延在月下潭中。纪宁为救妻子答应条件。",无间门神王以余薇为要挟，逼纪宁进入混沌绝地月下潭取冰心灵叶。
提升金丹,久违了,情感展现、情节推进,情感,菩提道祖前来询问神王条件，得知冰心灵叶要求后愤怒指出神王目的是让纪宁困死月下潭，但仍为纪宁准备了七宝青阳煞和血花灵髓（炼制大罗仙丹材料）。纪宁在梦境世界中与神王再次确认后，余薇被从无尽炼狱中放出，夫妻在梦境中团聚。余薇在火焰炼狱中被灼烧百年后终于清醒，劝纪宁不要相信神王，但纪宁为救妻子已下定决心。神王将余薇安置于洞天小世界中不再受炼狱之苦，等纪宁带回宝物后即可团聚。,纪宁与余薇百年后重逢，纪宁决意冒险进入月下潭。
提升金丹,讨要法门,人物引入、矛盾展现,人物、冲突,"纪宁离开虚空舟时遭遇真神道祖虞丘道人（绰号""无欲无求""，实为贪婪奸诈之徒）拦路索要九角电蛇遁术法门。纪宁以师傅菩提之命不可外传为由拒绝。随后雷神天尊（顶尖道祖，掌控雷电三界第一）现身施压，要求交出遁术。菩提道祖现身与雷神对峙，解释此法门已献给佛门、道门、人族皇族等各方领袖，但至今无人练成。最终燧人氏等五大领袖降临化身商议，公开九角电蛇遁术修炼最后一部分""驯服九角电蛇""的艰难门槛（需混沌灵液、万雷神晶、千烂神果或以心力驯服），令众大能者知难而退。雷神天尊丢脸后迁怒纪宁。","虞丘道人、雷神天尊索要九角电蛇遁术，菩提以""修炼极难""化解危机，雷神迁怒纪宁。"
提升金丹,冰火淬炼金丹术,设定展开、爽点设置,爽点、设定,"燧人氏公开九角电蛇遁术修炼门槛后，众大能者散去。纪宁在世界牢狱中继续扫荡九方混沌国囚犯，搜魂第五名真仙""七风真仙""时，意外在其记忆中发现一门《冰火淬炼金丹术》——以混沌奇物九焱浆、冰心髓为外物，凝结冰火阵图淬炼纯阳金丹的法门。九焱浆三界上古人族藏宝库就有，而冰心髓恰在月下潭中生长（冰心灵叶生长在冰心髓上）。纪宁感叹命运神奇——无间门逼他进月下潭，而提升金丹的法门也急需月下潭中的冰心髓。若有九焱浆、冰心髓两大奇物，施展冰火淬炼金丹术可将纯阳金丹提升至第二等，达半步道祖层次。",纪宁在世界牢狱搜魂中意外获得《冰火淬炼金丹术》，与月下潭之行形成命运巧合。
提升金丹,藏宝库,设定展开、情节推进,设定,"纪宁先前往剑仙界伍宝峰观看《伍宝剑术》第四篇，随后前往上古皇族老巢大禹人族世界。伏驱天神接待纪宁进入藏宝库""天繁殿""，其中汇聚女娲阵营大能者们存放的无数宝物（先天灵宝、纯阳法宝、混沌奇物等）。纪宁先选取无间门所需七宝青阳煞、血花灵髓各十斤，随后以六件先天灵宝及三套纯阳极品法宝换取九焱浆一百万斤。纪宁带十万斤九焱浆前往月下潭，准备在月下潭中就地淬炼金丹。",纪宁在上古人族藏宝库换取九焱浆一百万斤，为冰火淬炼金丹术准备材料。
提升金丹,月下潭世界,环境铺陈、设定展开,设定,"纪宁在世界牢狱调集十八分身，选定两尊本尊分身（不含拥有九角电蛇的分身）携带大量法宝前往月下潭。第二元神以""北冥""身份在外界维持。纪宁驾如意灵蛇梭抵达混沌中的月下潭——巨大的潭水映照毗邻星辰宛如月下倒影。扎入潭水后经历时空变幻，降临至百丈礁石上，发现前方有浮木桥贯穿无尽海洋延伸至远方。月下潭世界同时屏蔽心力和心识探查，高空有无法触及的""明月""。纪宁沿浮木桥飞行数亿里未见尽头，海面下碧绿头颅悄然窥视。",纪宁进入月下潭世界，发现浮木桥贯穿无尽海洋，心力心识皆被屏蔽。
提升金丹,夜叉,战斗描写、转折高潮,战斗、高潮,"碧绿色人形生物""海族夜叉""从海中突袭纪宁，手持钢叉，以摘星手被纪宁擒住后化为水流逃逸。夜叉自称有五百一十九个分身，曾杀过两千余名天神，是月下潭世界某位""主人""留下的看守。五百一十九头夜叉围攻纪宁，纪宁以明月剑术无影式斩杀分身。夜叉分身不断融合，从深绿到黑色到暗金最终化为金色夜叉本尊（高十丈，气息逼近真神）。金色夜叉手持古朴钢叉凭空消失突袭，力量近乎真神，一击将纪宁轰飞。",海族夜叉五百一十九分身围攻纪宁，融合为金色本尊，力量近乎真神。
提升金丹,活着的天神,战斗描写、转折高潮,战斗、高潮,"金色夜叉碾压纪宁，纪宁以八九玄功神体硬抗。纪宁施展大千剑阵第九重七百二十九口纯阳极品飞剑凝聚玉剑远攻，再以第四层心力灌入玉剑，以明月剑术无影式将金色夜叉一剑切成两半。金色夜叉化水流分散为五百余名碧绿夜叉，自称仅是月下潭""最弱的一个看守""，后面还有更强的看守，随后退去。纪宁继续前进抵达第一座岛屿——雪岛（终年飘雪、千丈华美宫殿）。纪宁以烛龙之眼发现宫殿深处有残影，进入宫殿后被一名疯狂的天神偷袭。",纪宁以心力玉剑击败金色夜叉本尊，抵达雪岛宫殿遭遇偷袭。
提升金丹,壁刻,人物引入、情感展现,人物、情感,"偷袭者为岫轲天神（逍遥天尊门下弟子），因被困雪岛亿年孤独而疯狂，将纪宁误认为""雪魔""。纪宁以逍遥天尊门下弟子信息证明身份，岫轲天神流泪狂笑后恢复清醒，称纪宁为""师弟""。纪宁告知外界已浩劫降临，岫轲天神震惊。岫轲天神带纪宁到后殿，殿壁上刻有从古到今被困月下潭的天神们留下的壁刻（近战之术及留字），这些天神自知无望出去而留下痕迹。纪宁从壁刻中感受到天神们求生的信念寄托。岫轲天神表示不愿留壁刻，""死了就死了""。",岫轲天神登场，月下潭被困天神的壁刻展现求生信念。
提升金丹,雪魔,设定展开、悬念设置,伏笔、设定,岫轲天神讲述雪魔规则：雪岛另一端浮木桥通往冰封海洋，雪魔会感知踏上浮木桥者并出现分身，每千年一次袭击雪岛且实力递增，百万年后分身实力媲美本尊。岫轲天神以惊人身法在雪岛存活亿年。月下潭世界共五座岛屿，抵达第五座即可离开，至今仅觉明佛祖做到。另一活命办法是躲在某厉害天神的法宝内随其出去。岫轲天神决定跟随纪宁闯关，但需先验证纪宁实力——若纪宁能一招斩杀雪魔分身便跟随。纪宁踏上浮木桥，雪魔（白色毛发猿猴，持雪白棍子）分身出现。,雪魔规则与月下潭五座岛屿设定展开，岫轲天神决定以雪魔分身验证纪宁实力。
提升金丹,太极之力,战斗描写、悟道,修炼、战斗、爽点,"纪宁以摘星手配合明月剑术滴血式一招斩杀雪魔分身，但雪魔棍法了得非轻易得手。岫轲天神认可纪宁实力，被收入仙府。纪宁继续前进遭遇雪魔本尊（金毛猿猴，持金色长棍），雪魔可变化气息容貌（如八九玄功手段）。纪宁以大千剑阵玉剑远攻被雪魔以金色长棍轻易砸碎，即便第四层心力灌入的玉剑也被雪魔以""太极之力""（黑白二色气流）碾压。纪宁以三头六臂近身战仍被雪魔棍法完全压制，雪魔力量、身法、技巧均优于纪宁。",雪魔本尊以太极之力碾压纪宁，纪宁在力量、身法、技巧上全面处于下风。
提升金丹,剑力第四层次,悟道、转折高潮,修炼、高潮、爽点,"纪宁被雪魔碾压后疯狂进攻，以无影式、滴血式交替施展，快到极致。鏖战许久神力将尽时，纪宁以心力一剑为幌子，松开剑以摘星手抓雪魔手臂牵制，另一尊本尊分身从背后偷袭，一剑刺穿雪魔眉心。雪魔本尊认输退去。纪宁在飞行途中回味战斗，隐约感到伍宝剑术第三篇瓶颈松动。抵达第二座岛屿火山岛（高耸火山不断喷发岩浆），入口碑石上有""猿猴咆哮图""，纪宁意识被吸引入碑石，观看雪魔棍法从浅到深的完整演练。观摩后纪宁顿悟，伍宝剑术第三篇瓶颈完全贯通，剑力达到第四层次""剑心""（银月→耀日→帝皇→剑心），黑色剑芒有灵性生命。","纪宁以计谋击败雪魔本尊，观看碑石棍法后顿悟，剑力突破至第四层次""剑心""。"
提升金丹,火山岛,人物引入、设定展开,人物、设定,纪宁感受第四层剑力威能（源源不绝，不消耗神力，威能达心力完全爆发八成），从此一对一与银月、红雪等顶尖天神相当。纪宁放出岫轲天神，二人探索火山岛发现尖顶宫殿群，遇到上古七龙神（枯龙、烈龙、玄龙、呼龙、枭龙、暴龙、虚龙，七位人族最早期的强者，曾以真神龙血改造体质修炼神魔之法）。七龙神从上古时进入月下潭已近一个混沌纪。纪宁告知外界浩劫降临，七龙神愤怒不已。炼狱神告知七龙神一亿年后将全力灭杀他们，七龙神只剩七千万年。,上古七龙神登场，纪宁抵达火山岛并告知浩劫消息。
提升金丹,困局,伏笔埋设、人物心理,伏笔、情感,"纪宁在火山岛修炼一年零三个月，将伍宝剑术第四篇参悟近半，完善明月剑术至极限。纪宁向七龙神、岫轲天神提出闯下一座岛屿，众人因以为纪宁仅剑力第三层次而失望——第三座岛屿的看守者""炼狱神""力量更强、攻击更快、无极之力达第四层，剑力第三层远远不够。七龙神被困火山岛近一个混沌纪，仅剩七千万年寿命。纪宁被众人误判实力后，准备说明真相。",七龙神误判纪宁剑力仅第三层次而失望，纪宁即将揭示真实实力。
提升金丹,冰心髓,转折高潮、装备获取,奖励、高潮,"纪宁展示黑色剑芒证明剑力已达第四层次，七龙神、岫轲天神惊喜万分。纪宁带八位天神收入仙府，前往火山岛另一端浮木桥，在无尽火焰海洋中遭遇炼狱神（光头红眉，持双戟，无极之力第四层）。纪宁以剑力第四层与炼狱神鏖战半月有余，从略处下风到隐隐占上风，剑术在实战中不断完善。炼狱神认输退去，指引纪宁前往第三座岛屿万山岛。万山岛分小岛（宝物）和大岛（天神居住），小岛湖泊分九块区域各有混沌奇物——九焱浆、冰心髓等，冰心髓上生长着过万株冰心灵叶。纪宁以""觉明佛祖得十二株""为据，从炼狱神处获准取十二株冰心灵叶及三丈方圆三丈深约六十万斤冰心髓。",纪宁击败炼狱神，在万山岛获得冰心髓及冰心灵叶，为淬炼金丹备齐材料。
提升金丹,冰火阵图,设定展开、爽点设置,爽点、设定,纪宁在随身仙府中以九焱浆、冰心髓凝结百丈金光阵图（下方火阵图）和百丈黑光阵图（上方冰阵图），施展《冰火淬炼金丹术》。两大混沌奇物精华被阵图汲取，冰火相反力量在纪宁体内纯阳金丹处交汇，缓慢淬炼金丹。按记载需约一个月可将纯阳金丹提升至第二等（半步道祖）。另一尊分身在万山岛入口碑石参悟炼狱神双戟之法，收获颇多。纪宁参悟后开始探索万山岛大岛（上万座孤立山峰）。,纪宁施展冰火淬炼金丹术，以九焱浆、冰心髓凝结冰火阵图淬炼纯阳金丹。
提升金丹,至死方休,人物引入、环境铺陈,人物、设定,"纪宁在万山岛大岛遇到九十八名天神（加上纪宁等九人共一百零七人），其中靠自己实力抵达万山岛的有九位——天河、巫奇、云痕、斐游、东虚、季步、铜曲、震布、翼秋（七位女娲阵营、两位无间门）。""至死方休""斐游天神带小型世界法宝养殖野兽供众人酒肉。九位天神告知纪宁万山岛规则：平常无危险，但新天神到来后会降临妖魔军团劫难，仅十位靠自己抵达的天神可迎战，每次劫难通常会死一两个天神。九位天神请纪宁与斐游天神切磋以了解其实力。",万山岛九位靠自身实力抵达的天神登场，妖魔军团劫难规则揭示。
提升金丹,无极生太极,战斗描写、设定揭示,战斗、揭示、设定,"纪宁与斐游天神切磋。斐游使用短戟（从炼狱神身上找到的适合自己的兵器），先以炼狱神戟法热身，纪宁轻松应对。斐游随后施展自己琢磨的更玄妙戟法，与纪宁旗鼓相当。纪宁以八九玄功第九转硬抗对方攻击而不防守，全力反攻，令斐游狼狈。纪宁爆发第四层心力、剑力、摘星手的最强一击，被斐游以""无极生太极""（无极之力第四层+太极之力第二层结合）挡住。斐游惊叹纪宁同时拥有剑力第四层、心力第四层及八九玄功第九转。二人切磋后商议迎战妖魔军团之策。","纪宁与斐游天神切磋，斐游展示""无极生太极""之力，双方互相了解实力。"
提升金丹,妖魔军团,战斗描写、矛盾爆发,冲突、战斗,"纪宁抵达万山岛二十一天后，妖魔军团来袭。十大天神在选中山峰上迎战——不能使用阵法（否则妖魔也用阵法且数量更多），只能各自为战彼此扶持。妖魔军团由大量普通妖魔（媲美一般天神）、十名暗红妖魔将（媲美十大天神）、一名妖魔王（持黑色长棍、腰挂金色葫芦，实力远超天神）组成。纪宁以明月剑术疯狂斩杀普通妖魔。妖魔王派""双盾将""（擅力量防守）及""六臂鞭妖魔将""围攻纪宁，纪宁陷入绝境。震布天神冒险救场，纪宁趁双盾将破绽以摘星手+剑力+心力+滴血式一剑击杀双盾将。",妖魔军团袭击万山岛，纪宁在震布天神援助下击杀双盾妖魔将。
提升金丹,半步道祖,转折高潮、爽点设置,爽点、高潮,妖魔王亲自出手对付纪宁，力量速度完全凌驾纪宁之上，纪宁被反复轰飞砸入地下但凭八九玄功硬抗。其他九位天神也陷入危机，东虚天神、震布天神险象环生。与此同时，仙府中另一尊分身已将纯阳金丹淬炼提升至第二等（半步道祖），法力精纯数十倍。纪宁心意一动，刚完成金丹提升的分身出现在外界万山岛战场，两尊分身同时现身令所有天神妖魔错愕。,纪宁金丹提升至第二等半步道祖，两尊分身同时出现在妖魔军团战场。
提升金丹,那一剑,转折高潮、爽点设置,爽点、高潮,一尊纪宁三头六臂近身缠斗妖魔王，另一尊纪宁以七百二十九口纯阳极品飞剑布大千剑阵第九重，精纯数十倍的法力凝聚玉剑，威能跨入道祖门槛。玉剑以光速划过诡异弧线，一剑将妖魔王劈成两半。妖魔王认输退去，妖魔军团撤退。九位天神及远处观战的两百余名天神震撼不已——纪宁以一己之力在天神层次拥有道祖层次力量，自盘古开天地以来屈指可数。纪宁得知闯第四座岛屿需在妖魔冰谷杀戮百年，击杀足量妖魔方可通过。,纪宁以半步道祖金丹之力一剑斩杀妖魔王，妖魔军团撤退，万山岛劫难化解。
提升金丹,我不后悔,情感展现、转折高潮,情感、高潮,万山岛九位天神中五位（东虚、云痕、巫奇、天河、震布）因看不到闯关希望决定放弃宝物跟随纪宁出去。纪宁拒绝带无间门的震布天神出去，并向九位天神公开三界浩劫真相——女娲阵营与无间门生死之战，两大阵营天神回到三界必须选边站。震布天神表示其师尊兄弟均在无间门故选无间门。斐游天神等女娲阵营七位天神也决定跟随纪宁出去迎战浩劫。三天后女娲阵营天神尽皆跟纪宁走，无间门十二位天神留在万山岛。纪宁踏上妖魔冰谷浮木桥。,纪宁公开浩劫真相，九位天神分化，女娲阵营天神跟随纪宁，无间门天神留下。
提升金丹,百年岁月,悟道、情节推进,修炼、爽点,纪宁在妖魔冰谷（无尽冰封峡谷）中百年杀戮，每时每刻全力以赴施展剑法斩杀无穷无尽媲美天神的妖魔，偶尔出现妖魔将、妖魔王。百年间纪宁剑速不断提升至近乎天道极限（光速），《伍宝剑术》第四篇诸多艰深处不断明悟。妖魔王、雪魔、炼狱神、海族夜叉分身旁观惊叹纪宁剑法之快。百年期满妖魔王判定纪宁杀妖魔数量足够，允许通过。纪宁在第四座岛屿千星岛小岛取宝物（每样竭力要求弄到八份），随后踏上千星岛大岛，盘膝参悟百年杀戮感悟。,纪宁在妖魔冰谷百年杀戮，剑速近乎天道极限，成功通过抵达千星岛。
提升金丹,千星岛,人物引入、伏笔埋设,人物、伏笔,千星岛灰袍人李淳一（三界时期失踪天神）发现纪宁，告知千星岛靠自己实力闯到的共九位（含纪宁），原先三位为大梦天神（无间门神王亲传弟子）、封喉天神、罪恶天神，另有一位旭九天神被大梦天神偷袭所杀。大梦天神宣称因上古仇恨杀旭九，实则因旭九最有希望离开月下潭。纪宁愤怒旭九（上古人族旭阳氏九兄弟之一）被偷袭所杀。封喉天神、罪恶天神提醒纪宁小心大梦天神偷袭。纪宁告知二人外界浩劫，并决意诛杀大梦天神以防其将来成为无间门道祖。,千星岛天神格局揭示，大梦天神偷杀旭九天神之恶行曝光，纪宁决意诛杀大梦。
提升金丹,潜入,悬念设置、转折高潮,伏笔、高潮,纪宁假装初入千星岛不懂局势的天神，由东厄天神（大梦天神分身看守者）引荐给大梦天神。大梦天神热情款待纪宁，二人交谈甚欢，大梦天神不愧是神王亲传弟子，玩弄人心厉害。大梦天神建议纪宁在周围安置仙府歇息，在送纪宁下宫殿阶梯时毫无征兆偷袭——一道锋芒切割纪宁腰部，企图将其斩杀成两截。然而纪宁八九玄功第九转神体坚不可摧，偷袭只迸发火星丝毫未伤。纪宁眼神冰冷，右手化为蒙蒙剑芒反击。,纪宁故意给大梦天神偷袭机会以验证其秉性，大梦果然出手偷袭。
提升金丹,覆灭,战斗描写、矛盾收束,冲突、战斗,纪宁以摘星手手指为剑，第四层剑力形成黑色剑芒，光速一剑重创大梦天神腹部。大梦天神化作血光逃出宫殿，诬称纪宁偷袭。二十余名无间门天神结阵（三名七曜天神+一名三眼魔神）围攻纪宁。纪宁以大千剑阵第九重玉剑（半步道祖法力）接连斩杀三尊七曜天神及三眼魔神，再以摘星手巨掌将所有天神拍成粉末，二十余名天神尽皆身死魂灭。罪恶天神、封喉天神事后查看战场不敢相信纪宁一人覆灭全部无间门天神。纪宁开始关注最后阻碍——万刃路。,纪宁一人覆灭大梦天神及二十余名无间门天神，千星岛无间门势力清除。
提升金丹,最后的阻碍'万刃路',设定展开、悬念设置,伏笔、设定,罪恶天神、封喉天神介绍万刃路规则：万刃路上的镇守者与闯关者一模一样的神体、神通、法力，惟一区别是使用月下潭的剑术。万刃路共十个镇守者，剑术越来越厉害，击败十个才能抵达第五座岛屿离开月下潭。封喉天神困于第七镇守者，罪恶天神困于第六镇守者，大梦、旭九曾击败八个。封喉天神嘱托纪宁若击败第九镇守者就撤回，带两百余名天神一同闯第十镇守者（觉明佛祖当年一鼓作气独自闯出未带一人）。两百余名天神为纪宁送行，纪宁踏上万刃路，第一镇守者（金衣少年，长相与纪宁一样）出现，允许纪宁观看剑刃上显现的剑法三遍后交手。,万刃路十大镇守者规则揭示，纪宁踏上最后的闯关之路。
提升金丹,黯然剑,悟道、情感展现,修炼、情感、爽点,"纪宁一气呵成击败前七个镇守者，每个镇守者剑法越来越厉害且都直指""超越天道极限""，引导纪宁向剑力第五层次""剑神境""迈进。第八镇守者施展""相思剑""（缠绵相思意境），纪宁观看三遍后与之交手，以无影式、滴血式结合击败第八镇守者。第九镇守者施展""黯然剑""（黯然绝望意境），纪宁观看剑法后引起强烈共鸣——前世病痛、父母离去、余薇身死等绝望记忆涌上心头。纪宁学会黯然剑大半，自知暂非第九镇守者对手，果断罢战撤回千星岛闭关参悟。两百余名天神得知纪宁击败八个镇守者后既惊喜又略有失望。","纪宁击败前八镇守者，第九镇守者""黯然剑""引起共鸣，纪宁罢战撤回闭关参悟。"
提升金丹,悟剑,悟道、人物心理,修炼、情感、爽点,"千星岛天神们期盼纪宁闯过万刃路。纪宁在仙府闭关，以黯然剑法引起内心共鸣——最绝望时是余薇捏碎神农之药自杀魂飞魄散那一刻，最痛苦时是亲手将余薇送进无尽地狱那一刻。纪宁将黯然剑法练成，并领悟到""意境""可令剑法有""魂""宛若一体。纪宁将黯然剑法意境融入自创《明月剑术》，闭关一年零三个月后出关。纪宁告知天神们自己有十足把握击败第九镇守者，但第十镇守者不敢说，询问天神们是否随同闯关。罪恶天神、封喉天神也决定放弃跟随纪宁出去，两百余名天神全部收入纪宁仙府。",纪宁闭关一年零三个月，将黯然剑法意境融入明月剑术，准备最终闯关。
提升金丹,剑术大成,悟道、转折高潮,修炼、高潮、爽点,"纪宁重返万刃路，以完善后的明月剑术击败第九镇守者。第十镇守者（黑衣少年，死寂眼神）施展""断魂剑""（断魂绝望意境，技巧不亚于明月剑术，仅逊于伍宝剑术）。纪宁观看三遍后与之交手，双方剑术各有千秋不相上下。纪宁在战斗中不断汲取断魂剑法经验融入明月剑术，实力隐隐提升。鏖战三天后，纪宁将断魂剑术奥妙与伍宝剑术融合贯通，突然顿悟——伍宝剑术最后瓶颈突破，整个伍宝剑术尽皆悟透，剑速超越天道极限。纪宁感受到笼罩无尽混沌的无形规则枷锁，自己的剑在速度上突破了这层枷锁。",纪宁在与第十镇守者交战中顿悟，《伍宝剑术》大成，剑速超越天道极限。
提升金丹,第五座岛屿,转折高潮、设定揭示,揭示、设定、高潮,"纪宁以超越天道极限的剑速轻松击败第十镇守者。第十镇守者揭示前九个镇守者其实都是他一人，仅施展不同剑术。纪宁抵达第五座岛屿""坠月岛""（美轮美奂湖泊仙境），银发男子（非生灵）迎接，称纪宁是第二个闯过万刃路的天神且实力比觉明更强。纪宁选取三样宝物（每样竭力要求八份），交还封喉、罪恶天神的宝物（大梦、旭九的宝物因被杀归纪宁）。银发男子带纪宁前往下一处地方——坠月神殿。纪宁悟出超越天道极限的真正含义：天道并非三界之天道，而是无处不在笼罩无尽混沌的无形规则枷锁（速度最快只能是光速等限制）。",纪宁抵达第五座岛屿坠月岛取宝，悟透超越天道极限的真正含义。
提升金丹,本命誓言,设定展开、悬念设置,伏笔、设定,银发男子令纪宁放出两百余名天神，在坠月神殿前金光石碑上逐一碰触。天神们被神殿威能镇压趴地后，轮流触碰石碑——每个天神碰触后一动不动十个呼吸才恢复。纪宁最后触碰金光石碑，一股无形能量灌入神魂，纪宁以生命起誓立下本命誓言（不可违背，无法泄露）。纪宁恍然——难怪觉明佛祖对月下潭中事闭口不谈，是本命誓言的缘故。银发男子告知纪宁出去后虽不可说月下潭讯息，却可多让天神进来。纪宁进入坠月神殿，神殿散发出深青色光芒将纪宁缠绕成蚕茧。,纪宁及两百余名天神在坠月神殿前立下本命誓言，不可泄露月下潭讯息。
提升金丹,传授,设定揭示、装备获取,奖励、揭示、设定,"纪宁在坠月神殿中被强制立下第二重本命誓言——成祖神后千年内离开三界，一个混沌纪内抵达""天苍宫""报信，告知北休世界神被""乌蛟三神兽""所杀。随后大量讯息灌入神魂，纪宁获授两大法门：神魔炼体法门《枯寂世界神》（直指世界神，远超《赤明九天图》，同样资质成真神概率从百分之一提升至十分之一）及神通《九元灭》（九个元符可不断组合形成越来越复杂强大的神纹，成长潜力近乎无尽，在无尽混沌中世界神层次也部分知晓）。纪宁推断北休世界神出自""天苍宫""，被杀后创造月下潭培养传人报信。",纪宁立下前往天苍宫报信的本命誓言，获授《枯寂世界神》法门及《九元灭》神通。
提升金丹,离开？虚空阶梯,悬念设置、环境铺陈,伏笔、设定,"银发男子告知纪宁月下潭文字语言是无尽混沌中通行的，随后送纪宁离开。纪宁扎入坠月岛湖泊后经历时空变幻，却未回到月下潭潭水上方，而是出现在一处虚空阶梯中——层层阶梯无穷无尽通往高处。纪宁推测是北休世界神死后传送通道出现漏洞。纪宁沿阶梯前行，发现碑石上刻有剑招，剑意远超伍宝剑术，疑似世界神或北休世界神所留。纪宁参悟第一块碑石剑术耗费三个月，鼻孔流血无法再深入。纪宁沿虚空阶梯继续前行，共九十八块碑石，每块刻有不同剑术，威能丝毫不差，纪宁一路参悟剑术修为大幅提升，对剑力第五层次""剑神境""也有了新感悟——重要的不是感情而是悟剑、感悟剑的本源。阶梯尽头是一座碧玉神殿。",纪宁被传送至虚空阶梯，参悟九十八块碑石上的高深剑术，抵达碧玉神殿。
提升金丹,北休世界神的末路,设定揭示、核心伏笔,伏笔、揭示、设定,"碧玉神殿内有金光蒲团、石台及一柄破损不堪的血色细剑（威压远超人皇伏羲氏）。金甲女将（紫光琼剑灵）现身，揭示全部真相：月下潭创造者为无尽混沌中顶尖世界神""北休世界神""，出自天苍宫，被乌蛟三神兽（三头世界神级）联手借助陷阱所杀。北休世界神残魂借紫光琼神剑逃至盘古混沌世界，因感应到女娲娘娘（祖神巅峰）威胁而不敢交手，在无尽混沌中开辟月下潭培养传人报信。北休世界神为减缓真灵溃散，夺舍了遨游混沌的扶居道祖（普通道祖），以上古第一剑仙身份潜伏，上古破灭之战未尽力。临死前留下伍宝剑术五座山峰及月下潭传承，寻找神魔流传人。纪宁是月下潭第二个获传承者，也是碧玉神殿唯一进入的生灵。",北休世界神全部真相揭晓——夺舍扶居道祖、创造月下潭培养传人报信。
提升金丹,心沁之法,设定展开、装备获取,奖励、设定,"金甲女将指出紫光琼神剑是世界神、混沌仙人们所用兵器中最巅峰的，整个三界加起来都抵不上此剑。纪宁以天神真仙层次无法直接炼化，金甲女将授以天苍宫特殊炼化之法""心沁之法""——以心力如同泥土沁入玉器般，经漫长岁月自然渗透炼化神剑本源。纪宁心力第四层次需千年（短则五百年），心力越低耗时越久。纪宁着急外界浩劫，但金甲女将表示外界有其他分身应对，且神剑未炼化一旦被祖神祖仙发现必被夺走。金甲女将另挥出一座竹简小山，含北休世界神能传授的所有法门（部分因天苍宫缘故不得传授）。","纪宁获授""心沁之法""炼化紫光琼神剑（需500-1000年），及大量竹简法门。"
提升金丹,唯一本尊（本卷终章）,装备获取、核心伏笔,伏笔、奖励,金甲女将最后给出三样最关键的传承：一是碧玉神殿殿壁上的无名剑术（北休世界神遨游混沌所得最厉害剑术，需先悟透九十八块碑石剑术方可参悟）；二是天苍宫接引令牌（北休世界神一生一次的接引机会，纪宁成祖神后可凭此进入天苍宫）；三是《唯一本尊》秘术（令完全同源的分身尽皆融合为一，汇聚后即为本尊无法再分，实力可暴涨至真正道祖）。纪宁一尊分身以心沁之法炼化紫光琼神剑，一尊分身参悟碑石剑术，年复一年提升剑术修为。而此刻的三界，早已烽火连天。,纪宁获授无名剑术、天苍宫接引令牌、《唯一本尊》秘术，分身炼化神剑参悟剑术，三界浩劫已起，全卷收束。
血莲花开,人世间,环境铺陈、氛围营造,设定,"黑袍纪宁在临湖酒楼饮酒观花船；数千里外天逊堡遭""玄冰骑""三千铁骑夜袭，银甲骑士统领""血仇""（原名天逊堡灭族惨案幸存者，拜玄冰骑将军为师）率队复仇。天逊堡堡主搬出义兄门下""通晓仙人""助阵，却被玄冰骑两名紫府元老击杀，城破屠戮。",以天逊堡被灭的世俗恩怨开篇，铺陈三界乱世凡人命如草芥的基调。
血莲花开,心悟,转折高潮、人物心理,情感、高潮,"黑衣纪宁降临天逊堡定住全场，查探银甲骑士""血仇""与堡主魂魄记忆，揭露天逊堡暗中即劫掠无恶不作的""黑风窟""。纪宁将城中孩子女眷收入小世界法宝后离去，放血仇完成复仇。纪宁行走三界百六十年，感受无间门挑拨下怨气戾气日重，心境隐隐蜕变。盘膝参悟诸天星金珠，三千六百颗星金珠亮起神纹。",纪宁以超然姿态处置世俗恩怨，行走三界参悟本心，心境开始蜕变。
血莲花开,诸天神鉴,设定展开、悟道,修炼、设定、爽点,"纪宁炼化九重混沌禁制第二重，三千六百颗诸天星金珠融合为三十六诸天，化为三十六面青铜镜形态，称""诸天神鉴""，可窥探命运前世今生来世，擅防御可反弹攻击。时间流逝百年百年过去，三界局势愈发恶劣，界域战争越来越密集。六百年后纪宁在洛水大世界与洛水真仙饮酒，感叹六百年来女娲阵营死去一千三百余位天神真仙，无间门暗杀亲人手段下作，得知东延真仙战死。",诸天神鉴设定展开，三界浩劫局势六百年间持续恶化。
血莲花开,黄帝界域,设定展开、情节推进,设定,"纪宁感叹东延真仙战死。菩提道祖传音召纪宁速来方寸山，纪宁经空间漩涡抵达，见门下十余位天神真仙弟子齐聚（金乌、银月、姜君、凤霄、君五等）。菩提宣布无间门三百年前大规模暗杀后战争疯狂爆发，此次即将爆发战争的是五帝中的""黄帝界域""——轩辕麾下有一千五百名天神真仙，此战将超过两千名天神真仙参战，抵得上之前所有界域战争之和。",菩提召集门下弟子，宣布黄帝界域关键战争即将爆发。
血莲花开,魔手道祖,人物引入、设定展开,人物、设定,"银月天神因道侣死于上古破灭之战而疯魔参战，其余师兄师姐纷纷请战，唯纪宁和红雪未请战。菩提以""此等层次战争你去不去影响不大""拒绝纪宁。红雪因纪宁所赠混沌灵液修炼陶吴十八神魔第二层后闭关中。菩提带弟子前往逐鹿大世界，轩辕黄帝接待。无间门方面""魔手道祖""本尊降临——无间门中最疯狂的大能者，曾与女娲娘娘鏖战、独战佛门道门两大领袖，被诛仙剑阵重创。双方两座悬浮城邑对峙。",魔手道祖登场坐镇无间门，双方大军逐鹿大世界对峙。
血莲花开,战争之始,设定展开、氛围营造,设定,"无间门三次叫战女娲阵营不应，轩辕第四次下令迎战。双方大阵铺陈：无间门有""无间无量阵""""两界劫龙生灭阵""""无量魔神阵""及紫光傀儡；女娲阵营有""周天星辰阵""""万仙灭世阵""""盘古开天阵""（女娲娘娘所留三大镇族阵法之一）及七曜天神。盘古开天阵以练成伍宝剑术的季珉真仙为核心。菩提感叹幸亏女娲娘娘严令三大镇族阵法不可外传，方有压制无间门的把握。",双方大阵体系全面铺陈，界域战争正式开始。
血莲花开,万物使者,人物引入、悬念设置,人物、伏笔,"首次交锋轩辕统领完美无破绽，女娲阵营略占优势。三次交锋后魔手道祖因每次损失更大，向万魔之主讨要""万物使者""。万魔界孤山上万魔之主（红袍青发，原""风魔""，无间混沌世界祖魔之一，并不喜权力）感叹被逼站出来，下令让神王去找乌霄领一尊万物使者。乌霄天仙（精通傀儡之道，被万魔之主寻来）炼制的万物使者，天神驾驭即媲美顶尖道祖。乌霄叮嘱防备女娲阵营掳走万物使者，并询问纪宁是否参战。","无间门动用底牌""万物使者""，万魔之主背景展开。"
血莲花开,降临,转折高潮、战斗描写,战斗、高潮,万物使者由血浪天神驾驭降临战场，暗红火焰猿猴形态，威能恐怖。轩辕调兵遣将让盘古季珉专心应对万物使者，其余大阵牵制两尊白发红眼魔神。盘古季珉剑术无法破万物使者防御，完全被压制。女娲阵营整体后撤，七曜天神接连折损。银月天神爆发八九玄功第九转神体单独硬抗紫光傀儡，影响四尊傀儡。魔手道祖传音以两界劫龙生灭阵黑龙围杀银月。,万物使者降临战场压制盘古开天阵，女娲阵营陷入危机。
血莲花开,交汇,转折高潮、情感展现,情感、高潮,"银月天神化身十万丈硬抗傀儡，分三身逃窜牵制四尊傀儡，魂魄损失大半。女娲阵营撤退，此战折损近六百名天神真仙，其中一百二十九名与纪宁饮过酒。纪宁请求参战被菩提以""万物使者太强，你的罗T神差得远""拒绝。纪宁身体一震——月下潭中两尊分身六百年后出来，记忆从遥远传来。无尽混沌火焰星辰上白袍少年出现，两部分记忆（月下潭剑术修炼+外界行走参悟）开始疯狂碰撞融合。",女娲阵营惨败，月下潭分身归来记忆交汇融合。
血莲花开,归来,悟道、转折高潮,修炼、高潮、爽点,"两部分记忆融合：月下潭中剑术境界惊人但心浮躁，外界心有蜕变如无尽深渊。纪宁感悟""剑更趋锋芒少了一丝沉淀""，融合后终于有所突破。悟出无极之力（阴阳结合），三年入门、二十年第二层、不足百年第三层，记忆融合后达第四层。伍宝剑术大成后反参悟大道，几个呼吸悟透雨水之道，在世界牢狱中又悟出霹雳之道、烈火之道、疾风之道等。扫荡六百年，六口北冥剑之一吸纳足够凶戾之气达混沌奇宝层次。获五行神鼎及北休世界神留下的辨识宝物法门。",记忆融合后纪宁无极之力达第四层，剑术悟道水到渠成，实力大幅飞跃。
血莲花开,见神王,情节推进、人物心理,情感,"纪宁用五行神鼎炼化纯阳极品法宝凝聚五行之精，准备修复紫光琼神剑表层。留下一个第三等金丹分身作种子防止意外，其余十七分身以九焱浆、冰心髓修炼冰火淬炼金丹术。纪宁先赴大夏世界北海传音求见无间门神王，要救回余薇。逐鹿大世界无间城城墙上，魔手道祖、黑袍神王得知纪宁求见，神王称其为""小家伙""。",纪宁准备修复紫光琼，赴大夏世界见神王救妻。
血莲花开,一厢情愿,情感展现、转折高潮,情感、高潮,"大夏世界北海海岛上，纪宁携冰心灵叶见神王。神王毁约戏弄——承认三件宝物对其毫无价值，逼纪宁进月下潭仅为拖延六百年令其无法影响渗透大局。纪宁干涩狂笑流泪，自嘲""一厢情愿""""自己欺骗自己""。神王以加入无间门可团聚为由诱降，纪宁直起身以心力第四层的杀意眼神盯着神王，言""谢谢你让我的希望破灭，让我不再有丝毫犹豫""，化作流光离去。神王吼""你不答应你师姐就没用了我会杀了她""，纪宁回""师姐死了，我杀死的""。",神王毁约戏弄纪宁，纪宁希望破灭立下无尽杀意。
血莲花开,一个月后,情节推进、悬念设置,伏笔,"神王不在意纪宁，令魔手道祖关注气运之争大局。纪宁黑色道袍分身回到逐鹿大世界，将两百余名天神放出洞天法宝，天神们与旧友重逢欢腾。纪宁独自去见菩提及轩辕等十八位大能者（三清、如来、神农、伏羲、燧人等），报告有办法对付万物使者，请一个月时间准备。轩辕以""战争不可戏言""确认，一个月后再开战。",纪宁放出月下潭天神，向大能者承诺一个月后解决万物使者。
血莲花开,本尊,设定展开、爽点设置,爽点、设定,大能者们对纪宁能否对付万物使者存疑，菩提让轩辕做好失败准备。觉明佛祖得知北冥闯过月下潭，暗感叹纪宁修炼《枯寂世界神》《九元灭》时间太短。一个月后，纪宁在洞天法宝内施展《唯一本尊》秘术，十七名白袍分身逐一融合，法力达道祖层次、神体达半步真神层次、魂魄大增、心力强盛。第二元神十七分身同样融合。纪宁收敛气息后赴摘星大世界布罗T阵，以道祖法力轻松统领九万天仙八百万散仙，罗T魔神凝聚诞生，神体比真神之躯更强。,纪宁施展唯一本尊秘术融合分身，法力达道祖层次，布罗T阵准备出战。
血莲花开,出战,战斗描写、转折高潮,战斗、高潮,"黑色道袍纪宁告知轩辕已准备好，轩辕下令集结大军主动出击。三皇、佛门道门领袖、菩提、轩辕七位大能者观战，见纪宁手段仅是罗T阵大失所望，伏羲氏断言罗T阵非道祖统领威能有限。无间门魔手道祖、神王见魔神纪宁出现，神王令大军""照顾""纪宁。魔神纪宁以顶尖道祖神体速度一马当先冲在最前，遥遥领先所有七曜天神，令双方大能者吃惊。",纪宁以罗T阵出战冲在最前，大能者初以为不足虑。
血莲花开,三界第一剑术,战斗描写、爽点设置,战斗、爽点,"魔神纪宁一剑（明月剑术之滴血式，混沌奇宝北冥剑）将两尊紫光傀儡砸飞整个无间门大军；又仅一剑贯穿无间无量阵，阵法崩解，屠戮一百八十余名天神真仙。城墙上的菩提、轩辕、三皇、佛门道门领袖共认此为""三界第一剑术""——超越天道极限且蕴含奇异漩涡令剑更快更具穿透力。纪宁又以无影式一剑削去白发红眼无量魔神头颅，瞬间屠尽五百余名天神真仙。",纪宁一剑破阵斩魔，剑术被共认为三界第一。
血莲花开,战万物使者,战斗描写、转折高潮,战斗、高潮,纪宁直扑无间门大军，魔手道祖下令万物使者挡住纪宁、全军撤退。万物使者与魔神纪宁交锋，纪宁剑术完全凌驾对手，上百招无影式劈在万物使者身上毫无痕迹。纪宁需小心戒备魔神之躯不被万物使者利爪损坏。纪宁观察出万物使者破绽在于驾驭的天神真仙近战技巧一般，决定将技巧发挥到极致。,纪宁与万物使者正面对决，剑术完全压制但无法伤其分毫。
血莲花开,速速罢手,转折高潮、悬念设置,伏笔、高潮,"神王传音纪宁""速速罢手""，威胁否则杀余薇魂飞魄散灭真灵，要纪宁卖破绽退出战局。纪宁回""你真够无耻""。神王催促纪宁退出。纪宁反而六臂疯狂进攻压制万物使者，神王以为纪宁聪明地减少防御求受伤退出。纪宁实则以大量剑术影响万物使者重心，再以天崩式砸在腿弯处令其跌倒，四臂压制双爪，两臂以先天灵宝绳索捆缚万物使者。全场死寂，纪宁用青皮葫芦收走万物使者。",纪宁假意卖破绽实则擒获万物使者，全战场震惊。
血莲花开,战败,转折高潮、情感展现,情感、高潮,"万魔之主观看战局感叹败了，乌霄大师焦急欲夺回万物使者被万魔之主以""界域战争中大能者无法出手""否决。心魔之主现身万魔界与万魔之主交谈。逐鹿大世界战场上，神王在无间城城墙取出余薇半透明魂魄，当众一捏令其魂魄消散真灵粉碎。纪宁撕心裂肺，黑色道袍纪宁与魔神纪宁同时仰头大笑，笑声中充满痛苦和疯狂恨意。纪宁立誓亲手斩杀神王祭奠余薇。随即以九角电蛇遁术屠戮撤退中的无间门大军，魔手道祖被迫下令""自由撤退""。",神王当众毁余薇魂魄真灵，纪宁立誓复仇并追杀无间门残军。
血莲花开,落幕,矛盾收束、转折高潮,冲突、高潮,"无间门大军完全溃散四散逃跑，女娲阵营大军疯狂屠戮。盘古季珉、木童子（女娲娘娘门下五大童子之一）两尊盘古神虎入羊群横扫。魔手道祖感叹两千多天神真仙活下来不足两百。神王疑纪宁已成道祖，魔手道祖以""未感悟天道、心魔之主未发现""否决，并断言纪宁本尊加第二元神万物使者将成无间门大患。魔手道祖率残军离开逐鹿大世界。女娲阵营七位大能者开怀，共认纪宁为最大功臣。",逐鹿大世界战争以女娲阵营大胜落幕，无间门惨败撤离。
血莲花开,密议,人物心理、悬念设置,伏笔、情感,"纪宁独坐亭台饮酒，暗忖若能超越世界境或可从命运长河找回余薇真灵（世界境救不了真灵泯灭者），立志浩劫后留第二元神照顾女儿明月，本尊按本命誓言踏入无尽混沌去天苍宫，走更高修炼之路。银月师兄来访安慰，纪宁表示冷静尚有女儿父母牵挂。万魔界万魔之主与心魔之主密议，心魔之主提出""真神道祖直接出手击杀纪宁""，万魔之主权衡后同意""先拿纪宁祭旗""。",纪宁立志超越世界境救妻，无间门密谋刺杀纪宁。
血莲花开,危机,悬念设置、矛盾展现,伏笔、冲突,万魔之主召集桓木主人、魔手道祖、黑袍神王四大领袖密议，决定直接在轩辕皇宫中斩杀纪宁，做三重计划。桓木主人负责牵制三皇等大能者，另请暗光剑主（剑力第五层次，无间门暗杀第一）、无影道祖（修《无影魔典》六分身不死之身，媲美菩提源老人）出手。纪宁在住处修炼《枯寂世界神》法门，已悟透雷电大道，滴水大道欠缺少许。,无间门制定三重刺杀纪宁计划，暗光剑主、无影道祖将出手。
血莲花开,炼化万物使者,设定展开、情节推进,设定,纪宁在洞天法宝中以道祖法力强行炼化万物使者，血浪天神震惊法力之强无法抵挡，欲传音告密被洞天法宝隔绝。纪宁近半个时辰完全炼化，将血浪天神挪出后以三十六诸天旗幡绞杀。纪宁进入万物使者内部，发现能量来源为五颗混沌晶石，以道祖法力驾驭威能远超天神驾驭，比罗T神强十倍。枭龙天神等来拜访纪宁，纪宁成为这场战争最大功臣。,纪宁强行炼化万物使者，道祖法力驾驭威能接近领袖层次。
血莲花开,斩杀纪宁,转折高潮、战斗描写,战斗、高潮,万魔之主传令无间门十余位最顶尖大能者准备，暗光剑主自信一击必杀。深夜纪宁在住处参悟诸天星金珠，忽然感应到可怕威胁但为时已晚——暗光剑主扇形黑色流光瞬间贯穿纪宁身躯，八九玄功第九转神体崩解，金丹神魂覆灭，本尊瞬间化为虚无。菩提、轩辕震怒，桓木主人现身以紫光护体神光牵制二人。暗光剑主发现纪宁本尊死后有黑色电蛇飞入洞天法宝大印，第二元神驾驭万物使者现身。,暗光剑主刺杀纪宁本尊成功，桓木主人牵制菩提轩辕。
血莲花开,召集,转折高潮、人物引入,人物、高潮,轩辕以轩辕剑劈桓木主人紫光未果。菩提展露实力双手暴涨泛黑光撕裂紫光，桓木主人以木尺迎击。菩提一念笼罩三界召集援兵——斜月大世界济癫（精瘦老者，佛门金身之法）、方寸山樵夫（大师兄，扛斧头，方寸山最强）、花果山孙悟空（六师兄，金甲棍棒）先后踏入空间漩涡赶来。纪宁第二元神驾驭万物使者以滴血式压制暗光剑主，暗光剑主传音呼无影道祖出手。,菩提召集三大弟子济癫、樵夫、孙悟空救援，纪宁第二元神压制暗光剑主。
血莲花开,休伤俺师弟,战斗描写、转折高潮,战斗、高潮,"无影道祖出手，六黑影分身各持鞭子围攻纪宁，真身隐藏其中可变幻，纪宁完全被压制只能拖延时间。燧人氏持焦黑木杖（不灭薪火）赶到，三清道人诛仙剑阵、佛祖如来金身手掌亦赶到，桓木主人以三头六臂同时牵制三人。魔手道祖现身一掌抓向纪宁，佛祖如来分手掌阻挡未果。""休伤俺师弟""一声暴喝，花果山妖王孙悟空金棍砸向魔手道祖。",无影道祖围攻纪宁，魔手道祖出手，孙悟空赶到救援。
血莲花开,大师兄,人物引入、转折高潮,人物、高潮,"孙悟空以金棍挡住魔手道祖，实力达接近领袖层次（女娲娘娘生前栽培）。魔手道祖令暗光、无影挡住猴子，自己一手对如来一手以摘叶式、折花式、枯萎式掌法仅十余招击败纪宁，以先天灵宝绳索擒拿万物使者。济癫金身大手阻拦失败。樵夫挥出斧头，一斧斩断魔手道祖手臂，斧光继续劈杀暗光剑主（身体一分为二，神魂金丹湮灭，当场陨落）。全场震撼。樵夫即""后羿""。万魔之主化身现身，双方准备谈判。",大师兄樵夫即后羿，一斧斩断魔手道祖手臂并劈杀暗光剑主。
血莲花开,谈判,矛盾收束、设定揭示,冲突、揭示、设定,"纪宁震撼大师兄樵夫竟是后羿。济癫、孙悟空与纪宁相认，谈论后羿与嫦娥往事（后羿曾杀上太阴星欲砍桂树未果）。纪宁发现万物使者腰腹核心出现裂痕被魔手道祖废掉，无法调动力量。济癫判断无间门留有""废掉万物使者""的手段。女娲阵营与无间门谈判至天亮，结果：纪宁不得参加气运之争，无间门万物使者（还剩九具）亦不得参加气运之争。菩提表示纪宁立下大功可提需求。",万物使者被废，双方谈判纪宁退出气运之争。
血莲花开,三大秘典,设定展开、悬念设置,伏笔、设定,"纪宁婉拒大能者补偿。后羿劝纪宁安心修炼以最终决战为重。万魔界魔手道祖不甘放弃万物使者参战，桓木主人、万魔之主认为后羿实力深不可测不宜决战。万魔之主询问魔手道祖是否破坏万物使者，确认已破坏。桓木主人透露正与""源老人""谈判拉拢其派系（源河四祖），源老人要求无间门三大秘典《七心》《旋河》《无影》（心魔之主绝学）全部给予才肯加入。纪宁悄然回到世界牢狱寒冰星辰，安心磨练实力。",无间门拉拢源老人一派系，纪宁退入世界牢狱修炼。
血莲花开,恢复,设定展开、人物心理,情感、设定,纪宁以心力探查确认无间门未追踪。在世界牢狱中，五行神鼎已炼化几乎所有法宝，紫光琼表层仅修复五分之一。纪宁以混沌灵液恢复分身，重新以冰火淬炼金丹术一个月恢复本尊融合实力。纪宁忘不了神王灭杀余薇那一幕，立誓复仇。纪宁进入碧玉神殿参悟，回忆与暗光剑主、无影道祖、魔手道祖交手每一幕，试图借此突破剑力第五层次。,纪宁一个月恢复实力，参悟与大能者交手感悟求突破。
血莲花开,搏杀,战斗描写、悟道,修炼、战斗、爽点,纪宁参悟暗光剑主剑法（无间门最强暗杀剑法）及魔手道祖掌法奥妙，九天后仍差一丝丝未能突破剑力第五层次。纪宁决定以生死厮杀磨练剑术，正面挑战世界牢狱中的真神囚犯（之前仅以法宝威胁）。与独角瘦小男子真神近身搏杀，凭超越天道极限的剑术在半个时辰后将其一分为二，期间剑术隐隐在提升。真神囚犯臣服。纪宁感叹生死厮杀比埋头参悟一年有用。,纪宁以世界牢狱真神囚犯为磨刀石，生死搏杀磨练剑术。
血莲花开,意外之喜,转折高潮、悬念设置,伏笔、高潮,"纪宁搜魂每名囚犯寻找有用讯息。战斗、参悟成为规律。对阵第五名真神""绝鱼真神""时吃大亏——对方九幽之力达第五层次（顶尖道祖实力），一照面纪宁神体被撕裂，靠诸天神鉴拖延施展九角电蛇遁术逃出千里封禁。纪宁将真神分为三类（普通道祖、顶尖道祖、接近领袖），此后每次先施三头六臂。纪宁继续战斗参悟，在某名真神记忆中发现""窥天太皓塔""（混沌奇宝，稳定十倍时间流速）就在世界牢狱中释狱真神身上。",纪宁遭绝鱼真神重创，意外发现窥天太皓塔在释狱真神处。
血莲花开,五年后,悟道、氛围营造,修炼、设定、爽点,纪宁急需时间成长，窥天太皓塔（稳定十倍时间流速的法宝）成为目标。释狱真神是最可怕的真神（曾与祖神祖仙交手，三件混沌奇宝在身，接近领袖层次，能从混沌中汲取力量），纪宁暂无法对付。纪宁继续在世界牢狱战斗磨练，渴望剑力第五层次。三界中颛顼界域帝丘大世界第二场界域战争进行中，碧幽道祖、神王感叹后羿用斧头都厉害，担忧其弓箭更可怕，忌惮纪宁潜力。五年后，纪宁体表开始显现七彩剑芒。,五年磨练后纪宁即将突破剑力第五层次，三界战争持续。
血莲花开,剑力第五层次,悟道、爽点设置,修炼、爽点,"纪宁剑之感悟凝聚为""道种""（剑气种子），突破至剑力第五层次""剑神境""，七彩剑芒流转，摧枯拉朽无坚不破。纪宁感叹若无九重混沌禁制、剑法碑石辅助及真神真仙磨刀石不知多久才能突破。参悟三个多月融入明月剑术后，再找绝鱼真神试剑。纪宁收敛七彩剑芒仅凭半步真神神力及明月剑术与绝鱼真神近身搏杀，长时间不相上下后突然显现七彩剑芒，一剑将绝鱼真神一分为二，绝鱼真神臣服。纪宁感慨剑力第五层次配合超越天道极限为三界最可怕剑术。","纪宁突破剑力第五层次""剑神境""，击败绝鱼真神。"
血莲花开,释狱真神,战斗描写、悬念设置,伏笔、战斗,纪宁挑战释狱真神夺窥天太皓塔。释狱真神银发男子伺候花草度日，自述被关押近五个混沌纪从未放弃出去的渴望，无极之力、太极之力均达第五层次，只要其一突破第六层次（世界境）即可破牢而出。纪宁以滴血式进攻被释狱真神双棍太极图挡下，三头六臂近身搏杀，无影式、天崩式等配合亦无法攻破。释狱真神评价纪宁剑法三界第一但神体太弱、神通一般。纪宁转为远攻，三十六柄诸天神剑以道祖法力灌输施展无影式围攻。,纪宁挑战释狱真神夺宝，近身战远攻均无法攻破其防守。
血莲花开,两个办法,人物心理、情节推进,情感,"释狱真神仅以两根短棍完美防守挡下三十六柄诸天神剑，自称曾数次与祖神祖仙交手，纪宁实力还差一筹。纪宁思忖两个提升实力的办法：一是达到真神境界（凭陶吴十八神魔、唯一本尊达半步祖神，配合剑法应有领袖层次实力），但《枯寂世界神》法门需时间寻""一点灵光""；二是修复紫光琼神剑（表层修复后威力远超混沌奇宝）。纪宁决定大规模扫荡世界牢狱搜集法宝修复紫光琼。释狱真神遥看纪宁离去心怀冷意。",纪宁确定修复紫光琼为提升实力途径，开始大规模扫荡。
血莲花开,血莲花开（本卷终章）,悟道、核心伏笔,伏笔、修炼、爽点,"纪宁扫荡192名真神真仙搜集法宝。第十二个月击败一名紫瞳女子真仙后，估摸法宝足够修复紫光琼表层。参悟诸天星金珠上九重混沌禁制时，盯着神纹衍变半个时辰后盘膝参悟近一天，悟透炼化九重混沌禁制第三重。纪宁感应到冥冥中无尽远处弥漫无尽杀戮气息，引动内心对无间门神王的杀意，许久才平静。三千六百颗诸天星金珠化为含苞待放的血色莲花，融合为三十六朵后盛开，""血莲花开，只为杀戮""，最擅杀戮。纪宁心情绪论比三清道人诛仙剑阵（七重混沌禁制衍变）为三界第一杀阵。在血莲花开特殊心境下，纪宁隐隐察觉神体每一处都在渴望饥饿，明悟这就是《枯寂世界神》所说神体""一点灵光""，找到了踏入真神境界的关键。（本卷终）",纪宁炼化九重混沌禁制第三重，诸天星金珠化为血莲花，找到神体灵光即将踏入真神境界。
真神,跨入真神,悟道、转折高潮,修炼、高潮、爽点,"纪宁在世界牢狱中以《枯寂世界神》法门突破，选择""剑道""为核心重塑神体（与天神阶段所用的""雨水之道""不相克），跨入真神境界，神力精纯百倍，达半步祖神层次。突破时混沌汹涌，惊动世界牢狱众囚犯及释狱真神。纪宁自评已是领袖层次实力，放眼三界仅万魔之主为真正祖神，自己算半步祖神，决意先修复紫光琼表层再图后事。",纪宁以剑道为核心突破至真神，达半步祖神，跻身三界领袖层次。
真神,神剑紫光琼,装备获取、设定展开,奖励、设定,纪宁将搜刮的近百件先天灵宝投入五行神鼎采集五行之精，修复紫光琼表层裂痕；先天灵宝耗尽后仍余两道裂痕，纪宁再将损坏的万物使者投入五行神鼎（万物使者含五行之精远超百件先天灵宝），终于完全修复表层（内部仍千疮百孔）。纪宁持剑一试，威能惊人，自评论进攻当属三界第一。,紫光琼表层修复成功，神剑可发挥部分威能。
真神,一柄剑,战斗描写、转折高潮,战斗、高潮,"释狱真神判断纪宁突破真神后实力大增，纪宁持一柄北冥剑前来挑战。纪宁连续施展明月剑术中的""""天崩式""""、""""无影式""""和""""滴血式""""，以一柄剑压制释狱真神的六臂神通。释狱真神判断最多再撑数剑便会落败，主动认输臣服，交出三件混沌奇宝，并请求纪宁将来有能力时放其自由。",纪宁以一柄剑击败释狱真神，获得三件混沌奇宝并收其臣服。
真神,斜月大世界,设定展开、环境铺陈,设定,纪宁炼化混沌奇宝窥天太皓塔（金字塔状，可稳定改变时空流速，最高千倍），将第二元神安置其中以百倍时间流速悟道修炼，本尊则准备返回三界。通过菩提空间漩涡抵达斜月大世界一座岛屿，发现此处竟汇聚了三界大能者的洞天法宝、宫殿及后辈子弟，菩提道观也移至此处，纪宁隐隐感到岛屿阵法可怕，意识到此处是避难之地。,纪宁炼化窥天太皓塔安置第二元神修炼，发现斜月大世界已成三界避难之地。
真神,三界变局,设定揭示、矛盾展现,冲突、揭示、设定,菩提道祖向纪宁详述三界变局：三清道人提议在最终决战前先解决上古废墟的混沌异族（防止渔翁得利），发现上古废墟已暗中与无间门联盟（桓木主人布阵痕迹）。女娲阵营已派出伏羲、如来两大领袖率十九名道祖分成四队征战上古废墟，欲将混沌异族尽皆灭杀。斜月大世界成为后辈子弟避难之地。,三界变局揭晓——上古废墟与无间门联盟，女娲阵营率先征战上古废墟。
真神,心中的守护,情感展现、人物心理,情感,纪宁欲参战上古废墟，菩提见其剑力已达第五层次（七彩剑芒）而震惊应允。纪宁去见女儿明月，明月因听闻父亲本尊被灭、傀儡损坏而忧心忡忡，请求父亲别再征战。纪宁被女儿刺痛，承诺第二元神留下陪她，本尊则必须出战。纪宁从女儿身上感受到强烈的守护渴望，决意踏入上古废墟。,纪宁与女儿明月的情感羁绊，强化其征战守护的信念。
真神,幽寂世界,环境铺陈、战斗描写,战斗、设定,"纪宁进入上古废墟幽寂世界寻找伏羲、如来队伍，以心力探查四周，发现环境时空混乱恶劣。纪宁凭时光回朔法术窥见如来曾路过此地击杀异族的场景，循迹追踪。三名异族天神奉命试探纪宁实力，被纪宁轻易斩杀两名、重创一名（对方自杀搜魂未成）。上古废墟深处暗金色堡垒中，异族大能者""刺修大魔神""登场，幽寂皇尊报告纪宁进入幽寂世界。",纪宁进入上古废墟幽寂世界，刺修大魔神登场，双方初次交锋前奏。
真神,刺修大魔神,人物引入、设定展开,人物、设定,"刺修大魔神通过幽寂皇尊传回的场景，确认纪宁本尊未死（施展九角电蛇遁术须神魔之体）。金甲独臂人""刀尊""（刺修大魔神唯一尊重的仆从，报恩跟随）推测纪宁已达剑力第五层次。刺修大魔神召见无间门联络人乌霄天仙（原为乌霄神鼎法宝之灵，被无间门奴役），告知纪宁本尊未死，乌霄震惊传讯万魔之主。刺修大魔神揭示其来历——来自无尽混沌的祖神级大能，收服上古废墟四大皇尊及六大仆从，图谋三界""世界之心""。",刺修大魔神身份来历揭示，刀尊推测纪宁剑力第五层次，无间门得知纪宁本尊未死。
真神,全部战死,矛盾展现、转折高潮,冲突、高潮,乌霄传讯万魔之主、黑袍神王、桓木主人等无间门高层，众人震惊纪宁未死。乌霄代万魔之主与刺修大魔神交易：若确认纪宁剑力第五层次并杀其本尊，送二十颗混沌晶石。幽寂皇尊派八臂战魔阵（一百九十九名天神联合，近乎顶尖真神实力）袭杀纪宁，结果全部战死，连战斗场景都未能传回。幽寂皇尊震惊，欲召回唯一知晓战况的族人分体，却发现该分体已被夸父队伍踩死。,八臂战魔阵一百九十九名天神被纪宁全歼，幽寂皇尊谋划再试纪宁手段。
真神,虫兽,战斗描写、设定展开,战斗、设定,幽寂皇尊心神降临于培育多年媲美真神道祖的九大虫兽身上，派其围杀纪宁以试探实力。纪宁在扭曲时空中一处沼泽岛屿休整时，九大虫兽从不同方位逼近。本章揭示上古废墟征战四队配置：夸父队（六神魔）、如来队（四佛祖）、伏羲队（四人族大能）、玉鼎道人队（七道门真神）。玉鼎道人门下弟子为二郎神杨戬。幽寂皇尊派出九大虫兽，欲亲眼确认纪宁是否剑力第五层次。,幽寂皇尊派九大虫兽围杀纪宁，四队征战配置揭示。
真神,剑开屏,战斗描写、爽点设置,战斗、爽点,"纪宁一剑将岩石巨人虫兽断成四截（未动用七彩剑芒），其余八大虫兽四散逃窜。纪宁施展《剑天地》七剑式第二式""剑开屏""——引领无尽七彩剑力降临形成剑之天地，绚烂如孔雀开屏，一千零一缕剑芒扫荡，八大虫兽瞬间尽灭。幽寂皇尊心神亲身感受这一剑，被彻底震撼，确认纪宁为剑力第五层次，评定其比玉鼎道人更可怕，立即上报刺修大魔神。刺修大魔神及众大能观战后亦赞叹""三界第一剑仙当之无愧""。","纪宁以""剑开屏""屠戮九大虫兽，剑力第五层次实力彻底震慑敌方。"
真神,汇合,人物引入、情节推进,人物,无间门万魔界十六名真神道祖观看纪宁剑开屏场景，万魔之主评定纪宁已成大敌、不亚于当年扶居道祖，魔手道祖点破黑袍神王一次次挫折反而磨砺出纪宁更惊人锋芒。万魔之主令乌霄盯紧纪宁寻机灭杀。纪宁施展九角电蛇遁术赶到夸父队伍，与夸父、刑天、曦皇（祖龙孙女）、风机道祖、陆吾、孔秀（凤凰之女，五分身分驻四队及万族殿）六位神魔汇合，加入夸父队征战。,纪宁与夸父队六位神魔汇合，万魔之主评定纪宁为大敌。
真神,危险之地,环境铺陈、悬念设置,伏笔、设定,"纪宁随夸父队一路横扫，轻松破除阻碍。三界万族殿中，雷神天尊等大能质疑纪宁会成为累赘，菩提力挺纪宁。孔秀传讯：夸父队陷入千山世界天然险地""地鸣山""。三清道人透露地鸣山极为危险（自己曾被困三千余年），令如来赶去救援。纪宁等七人在千山世界中不知不觉被引入以群山为根基的大阵，地鸣声响起，环境骤变，陷入地鸣山绝境。",夸父队被引入地鸣山绝境，三界大能焦急，如来赶赴救援。
真神,地鸣山,矛盾爆发、氛围营造,冲突、设定,如来率队赶赴地鸣山破阵，显现释迦摩尼本尊、大日如来、药师如来三大法身毁天灭地破阵。刺修大魔神在堡垒中布置陷阱，以桓木主人阵法阻挠如来。地鸣山内，夸父等六位真神结阵抵挡无形奇物袭击，陆吾、风机重伤，纪宁在阵法内以心力法门仔细感应奇物引起的空间波动，试图分离丛林幻境波动与奇物波动。如来破阵需时，伏羲亦被牵制无法赶援，局势危急。,地鸣山内六真神陷入死亡危机，纪宁以心力法门窥探奇物踪迹。
真神,那一丝波动,悟道、悬念设置,伏笔、修炼、爽点,"地鸣山内六真神接连受伤，陆吾、风机神力消耗殆尽仍坚持化神体为神力支撑阵法。纪宁在阵法内走神般专注感应，被陆吾误认为不管事。万族殿中众大能焦急，如来拼命显现三大法身破阵。地鸣声再次增强，第三波袭击降临，纪宁终于在无尽空间波动中捕捉到奇物的波动，睁眼道""终于找到了""。",纪宁在绝境中终于捕捉到地鸣山无形奇物的空间波动。
真神,启璇境,转折高潮、设定揭示,揭示、设定、高潮,"纪宁出阵一剑刺中无形奇物，以剑光缠绕使其显现——乃珍贵炼材""启璇沉石""（坚韧媲美混沌奇宝）。纪宁认出地鸣山实为""启璇境""（北休世界神记载的混沌险境之一），喷发无形奇物袭击，吞吸则更危险。纪宁凭借对启璇境的了解，带六真神迅速走出幻境，与如来三大法身破阵后会合。夸父赞叹纪宁短时间破解地鸣山，远胜三清被困三千余年。孔秀将消息传回万族殿。","纪宁识破地鸣山即""启璇境""，凭借北休世界神传承带全队脱险。"
真神,菩提和源老人,人物心理、设定揭示,情感、揭示、设定,"万族殿中孔秀如实汇报纪宁剑力第五层次、破解地鸣山救全队，众大能震惊，雷神天尊心服。菩提化身前往见老友""源老人""（源河四祖之一），源老人坦言自己早已看透三界渺小，渴望进入无尽混沌追求世界神、混沌仙人境界，不愿为三界争斗折损心力生命，决意最终决战前离开三界。菩提痛心斥其自私，源老人承认修炼路本自私，兄弟老友排第二。二人决裂。",源老人决意离开三界不入任何阵营，菩提与老友决裂，揭示修炼者的自私之道。
真神,十九年,情节推进、设定展开,设定,"刺修大魔神懊恼大意，未亲自在地鸣山埋伏。纪宁与如来队会合后继续随夸父队征战。转眼十九年过去，四队攻克上古废墟九成范围，纪宁凭遁术、群攻、近身战、危险感应等能力彻底征服夸父队，实力得到公认。纪宁第二元神在窥天太皓塔百倍流速下实际修炼近两千年，剑术持续精进。刺修大魔神决意在""金河世界""亲自出手，联合刀尊击杀伏羲、如来，率堡垒赶赴金河世界。",十九年征战攻克上古废墟九成，刺修大魔神决意亲自出手击杀伏羲、如来。
真神,危急,矛盾爆发、转折高潮,冲突、高潮,金河世界中，如来队陷入复杂阵法被困，伏羲队赶去破阵救援，众人都未当回事。孔秀忽然传讯：阵法大变，伏羲队被另一阵法笼罩，三名从未见过的金甲异族（水崖族三兄弟）挡住伏羲；如来遭数十名异族真神道祖围攻，另有两名领袖层次异族（刺修大魔神、刀尊）出现。万族殿三清道人急令后羿、燧人氏率三十六名真神道祖驰援。纪宁将夸父队六人收入洞天法宝，化九角电蛇赶赴救援。,刺修大魔神与刀尊现身金河世界围攻如来、伏羲，女娲阵营陷入空前危机。
真神,救援,战斗描写、矛盾展现,冲突、战斗,万族殿中如来报告大日如来法身受伤、婆娑佛祖本尊被灭，敌方有两名领袖层次异族。刺修大魔神与刀尊联手围攻如来本尊，如来一心固守。玉鼎道人队先抵如来被困处，被四大皇尊率十二名异族真神压制。纪宁随后赶到，异族分出两名皇尊、六名真神拦截纪宁。,如来遭两大领袖异族围攻濒危，婆娑佛祖本尊被灭，纪宁赶赴救援遭拦截。
真神,领袖层次,战斗描写、爽点设置,战斗、爽点,"纪宁以《剑天地》第三式""天剑坠""袭弗沙皇尊等八人，被阵法挡下。纪宁随即近身施展明月剑术""滴血式""，双臂暴涨千丈刺穿阵法，双掌合拢灭杀弗沙皇尊等八名真神道祖。另八名异族真神（含幽寂皇尊、东U皇尊）惊恐逃窜，纪宁再施""剑开屏""灭杀七人，幽寂皇尊重伤后亦被一剑斩杀。十六名异族真神道祖尽皆身死，玉鼎道人等七位道门真神震撼确认纪宁已达领袖层次。",纪宁以领袖层次实力屠戮十六名异族真神道祖，四大皇尊覆灭。
真神,三界巅峰,转折高潮、情感展现,情感、高潮,众人见证纪宁修炼不足千年从凡人走到三界巅峰，与三清、如来、三皇、后羿并列，成为从盘古开天至今第一位走到此高度的剑仙。纪宁将玉鼎队收入洞天法宝赶赴伏羲处。瘤瞳皇尊（天生双体残余一命）向刺修大魔神报告全灭消息，刺修大魔神震惊纪宁已达祖神层次实力，怒斥无间门一次次挫折反而磨砺出纪宁这般妖孽。如来得知纪宁突破后欣慰。纪宁赶到伏羲处，一剑刺穿封禁大阵冲入。,"纪宁三界巅峰地位公认，刺修大魔神震惊怒斥无间门""蠢货""。"
真神,火,设定揭示、转折高潮,揭示、设定、高潮,"纪宁认出缠住伏羲的三名金甲异族为""水崖族""（水行生命，不死之身，唯怕祖火），建议伏羲以""不灭薪火""克之。伏羲施水火灭世阵放出不灭薪火，水崖族三兄弟惊惧逃遁。伏羲惊喜确认纪宁已达领袖层次。万族殿中孔秀、赤精子汇报纪宁灭杀十六名真神道祖，佛祖如来确认纪宁领袖层次（从异族领袖喝骂中得知）。三界众大能震撼，菩提欣慰，纪宁道号""北冥""被众大能敬畏称呼。",纪宁识破水崖族弱点以祖火克敌，三界公认纪宁领袖层次地位。
真神,撕裂大阵,战斗描写、转折高潮,战斗、高潮,"伏羲指引用纪宁以力撼动困如来的大阵运转关键点，便于破阵。纪宁化身万丈三头六臂，六掌施""滴血式""撕裂大阵。刀尊赶来阻止，一刀劈在纪宁胸口仅留白痕——纪宁《金像》护体神通初显（神体媲美先天极品法宝）。刀尊震撼，纪宁借刀势反撕大阵裂缝更大。万魔界中万魔之主得知纪宁领袖层次，令乌霄传话刺修大魔神尽快斩杀如来。伏羲全力破阵。",纪宁以力撼阵助伏羲破阵，刀尊一刀仅留白痕，《金像》护体神通初显。
真神,金像神通,设定展开、装备获取,奖励、设定,揭示纪宁修炼北休世界神所传《金像》护体神通上部——来历非凡（无尽混沌庞大世界中十万八千丈金像所悟），上部修炼可令神体媲美先天极品法宝，中部可媲美混沌极品奇宝。纪宁凭八九玄功第九重底子，十二年间自然练成上部。刀尊一刀劈不破纪宁神体，震撼不已。纪宁四臂撕阵、两剑挡刀尊绳索与刀光，伏羲传音阵法将破。,《金像》护体神通来历与修炼成果揭示，纪宁神体媲美先天极品法宝。
真神,战刺修大魔神,战斗描写、转折高潮,战斗、高潮,"刀尊退走，纪宁六臂全力撕阵，伏羲破阵成功。纪宁三头六臂持六剑（五北冥剑+紫光琼）杀向刺修大魔神救如来。刺修大魔神尾巴速度超越天道极限，纪宁以剑挡之。纪宁爆发紫光琼威能施""天崩式""，震退刺修大魔神，二者杀不相上下。刺修大魔神见奈何不了纪宁，祭出底牌""无尽路""阵法（六根石柱，空间之道阵法，令数万里变过亿里），将纪宁困入阵中，欲先杀如来。","纪宁持紫光琼与刺修大魔神战不相上下，被""无尽路""阵法困住。"
真神,挣扎,矛盾爆发、转折高潮,冲突、高潮,"纪宁识破""无尽路""阵法（北休世界神记载的混沌常见阵法），以九角电蛇遁术极速飞出。阵外，刀尊挡住伏羲、夸父、玉鼎等人的救援，刺修大魔神狂攻濒死的如来。如来先后燃烧药师如来法身、大日如来法身送死拖延，两大法身消解。如来神力耗尽仅余金身，平静待死。纪宁破阵而出的刹那，如来推出最后两掌借力倒飞，刺修大魔神杀来。","如来燃烧两大法身拖延，纪宁极速破""无尽路""阵法而出救如来。"
真神,顶尖祖神,转折高潮、设定揭示,揭示、设定、高潮,如来借最后两掌震退刺修大魔神并借力倒飞，纪宁赶到以紫光琼挡住刺修大魔神，收入濒死如来。刺修大魔神见事不可为，收六根石柱（无尽路阵法虽有破损仍可修复），率刀尊及残余仆从遁逃（暗金色堡垒）。刺修大魔神揭示祖神层次划分：普通祖神（如三清、如来、伏羲凭借道感悟媲美）、顶尖祖神（如万物之主、刺修大魔神凭秘术）。纪宁半步祖神+紫光琼勉强达顶尖祖神，故与刺修大魔神不相上下。刺修大魔神忌惮万魔之主，表示最终决战靠无间门。,刺修大魔神退走，如来获救，祖神层次划分体系揭示。
真神,大破灭（本卷终章）,转折高潮、悬念设置,伏笔、高潮,此后纪宁、伏羲、后羿分率三队（各率二十九名真神道祖），谨慎征战上古废墟剩余区域，三十九年后上古废墟彻底破灭崩塌，异族失去繁衍之地（仅带走洞天世界中极少部族）。刺修大魔神退守暗金色堡垒，表示领地已毁、最终决战将至，那才是真正战场。伏羲传音纪宁，告知其如今实力已站在三界巅峰，女娲阵营许多秘密该告知纪宁，或许能助其再提升实力，约纪宁回万族殿后同行。全卷收束。,上古废墟彻底破灭，伏羲欲揭示女娲阵营秘密，全卷落幕引向下卷。
最终决战,女娲仙境,设定展开、悬念设置,伏笔、设定,"纪宁、后羿、伏羲等征战上古废墟归来，万族殿大能者们迎接庆贺。纪宁突破领袖层次后众大能随意举杯庆贺。伏羲、菩提带纪宁前往女娲娘娘离开前所建的隐秘洞天""女娲仙境""——须借助女娲娘娘亲炼的飞船法宝方可进入，连菩提都无法破开洞天界壁。仙境桃花园木屋中存放女娲阵营所有厉害法门神通秘术的玉简，菩提揭示女娲娘娘所创《内观自在祖神卷》——修炼有望成祖神的法门。",女娲仙境及《内观自在祖神卷》揭示，女娲阵营祖神传承秘密首次展开。
最终决战,崔府君,设定展开、人物引入,人物、设定,"菩提、伏羲揭示女娲阵营两大祖神：水之祖神共工仍活着（祝融为救共工而死，共工因愧对祝融一直隐居）；燧人氏凭《内观自在祖神卷》已成祖神，实力为顶尖祖神。崔府君现身——实为生死簿法宝之灵、女娲仙境掌管者，当初赐予纪宁女娲图乃刻意栽培可造之材。崔府君揭示地球属于女娲娘娘在其他时间维度创造的""乐土""小世界，六道轮回崩溃不影响乐土转世。",共工、燧人氏两大祖神身份揭晓，崔府君真实身份及地球乐土秘密揭示。
最终决战,星图,设定展开、环境铺陈,设定,"崔府君令纪宁查看上古废墟四大皇尊遗留宝物中是否有""星图""——记载无尽混沌时空传送阵路线的图。纪宁找到一份简陋星图（三座时空传送阵、七百二十一个混沌世界）。崔府君展示女娲阵营汇集绘制的大星图——二十一座时空传送阵、八万六千余混沌世界，中央巨大光亮为""大莫永恒界""。星图揭示三界仅是混沌偏僻一隅，仅能通过一条""漩涡空间""进出。",大星图揭示无尽混沌广阔格局，三界偏僻位置及漩涡空间通道设定展开。
最终决战,相遇,设定展开、悟道,修炼、设定、爽点,纪宁得知大莫永恒界为媲美天苍宫的势力，决意将来前往。纪宁本尊开始在三界中行走感悟水之万相（温柔、冰冷、狂暴、欢快），在江岸钓鱼救下渡船落水孩童，体悟凡人与水的关系。红鼻子老者源老人从水底划船现身，纪宁感念其当年救命之恩及赠《心典》，登船共饮。,纪宁凡间悟道水行天道，源老人登场与纪宁重逢。
最终决战,纪宁和源老人,矛盾爆发、转折高潮,冲突、高潮,"纪宁质问源老人为何不站女娲阵营，源老人以""大道在外界更广阔疆域""为由拒绝。纪宁起身欲走时，源老人突然以第五层次心力偷袭纪宁魂魄——三界盛传仅后羿达第五层次心力，源老人竟隐藏至此。纪宁凭借北休世界神所传""心力锁魂""秘术（半步祖神神体孕养的神魂+第四层次心力）挡住入侵，双方强强碰撞令周围三十丈化为齑粉。纪宁以神剑紫光琼施展无影式反击，源老人展露领袖层次实力（拂尘挡剑）。万魔之主突然现身带走源老人——源老人投靠无间门。",源老人第五层次心力偷袭纪宁失败，暴露领袖层次实力后投靠无间门。
最终决战,觉明佛祖,人物心理、转折高潮,情感、高潮,"菩提、三清、逍遥天尊赶到，得知源老人背叛后三清怒斥""是敌非友""，菩提痛心疾首。源老人率源河四祖派系正式投靠无间门。三界界域战争规模逐渐升级，最终气运之争迫在眉睫。觉明佛祖在西方灵山殿宇中感应到战火临近，决意突破祖神——他从月下潭得《枯寂世界神》传承，早已找到神体灵光随时可突破，但本命誓言要求成祖神后千年内离开三界。觉明在无尽混沌黑暗星辰上悄然突破祖神，无人知晓。",源老人叛变令女娲阵营震动，觉明佛祖悄然突破祖神为本卷重大伏笔。
最终决战,摘星手,悟道、装备获取,修炼、奖励、爽点,"纪宁本尊在凡间小山村居住五年，体悟""民为水能载舟覆舟""悟出水行天道磅礴意蕴。第二元神在窥天太皓塔中推演一万七千余年终于修改完成摘星手第六转——以《九元灭》解剖《摘星手》，以五行之精替代星辰金石淬炼双手。纪宁在破烂星辰上修炼，摘星神纹达极致圆满，手掌媲美混沌奇宝，神力爆发令上亿里虚空震荡。纪宁感慨九十八块剑法碑石已悟透九十六块，仅剩两块。",纪宁悟透水行天道前夕，摘星手第六转练成，手掌媲美混沌奇宝。
最终决战,无名剑术之'心剑式',悟道、设定展开,修炼、设定、爽点,"黑色道袍纪宁悟透最后两块剑法碑石（藏锋之意），九十八块碑石尽皆无惑。进入碧玉神殿参悟北休世界神压箱底绝学《无名剑术》——直指本源、有望达剑力第六层次""剑世界境""的绝世剑术。无名剑术共七式（残篇），北休世界神仅练成五式，练成第三式即可跨入剑世界境。纪宁参悟第一式""心剑式""——本无剑招却有心剑，在世界神混沌仙人以下几乎难遇对手，但参悟极其艰难。纪宁练剑与悟道交替进行。无间门方面，万魔之主之徒""血鹄魔祖""从混沌归来——在混沌洞府中培养虫兽亿万年，已达领袖层次。",纪宁悟透九十八块碑石开始参悟无名剑术第一式心剑式，血鹄魔祖登场。
最终决战,飞仙,悟道、转折高潮,修炼、高潮、爽点,"万魔之主讲述其在混沌中闯荡经历——发现一处古老大能开辟的洞府及大世界，血鹄长居洞府培养虫兽，万魔之主上次过去时发现血鹄已达领袖层次。两大阵营开始最后调兵遣将，所有仙魔大军汇聚大禹人族世界。纪宁本尊在凡间小山村钓鱼时，体悟""水能载舟覆舟，舟太大水只能承受""，灵光一闪——天道气息降临，纪宁悟透水行天道，飞空而去。",纪宁在凡间生活中悟透水行天道，最终气运之争即将爆发。
最终决战,世界牢狱的囚犯,转折高潮、装备获取,奖励、高潮,"纪宁本尊、本尊分身、第二元神、第二元神分身同时以水行天道为核心汲取混沌之力突破道祖（二等祖仙，借助秘术达一等祖仙）。第二元神缺少好的兵器，纪宁决定前往世界牢狱。世界牢狱中野狗祖神（天生祖神，仅创""吃""一门神通，死在其嘴里的祖神祖仙超三十位）感应到纪宁气息提升。纪宁目标是十六名祖神祖仙囚犯中的""三绝剑祖""——炼气流，有三柄成套混沌神剑，攻击极强。",纪宁悟透水行天道成就道祖，前往世界牢狱挑战三绝剑祖以获取成套混沌神剑。
最终决战,追随者,战斗描写、转折高潮,战斗、高潮,"纪宁（本尊+第二元神）与三绝剑祖交战。第二元神以三十六诸天冰莲束缚，本尊三头六臂持六柄神剑近身搏杀。三绝剑祖施展""三绝剑一式""令三柄神剑凝结为一柄金白色神剑（威能逼近神剑紫光琼），纪宁以剑光黑洞（唯心式融入藏锋之意）抵挡。三绝剑祖施展""三绝剑二式""旋转神剑破开黑洞。纪宁以摘星手第六转神力爆发近身压制。三绝剑祖认输，因被囚禁千里范围无法逃离，纪宁逼迫其臣服。三绝剑祖愿当追随者但拒搜魂，最终以""誓言石""立本命誓言追随纪宁。","纪宁击败三绝剑祖，以誓言石立约收其为追随者，展现无尽混沌""追随者""习俗。"
最终决战,三绝剑,装备获取、设定展开,奖励、设定,纪宁询问祖神阵（可令祖神联合战力大增的法宝阵），三绝剑祖坦言祖神祖仙层次无法染指（至少五百瓶混沌灵液）。纪宁剥削三绝剑祖的混沌奇宝——三柄混沌极品神剑（六重禁制，联合突破混沌神兵范畴）及黑云链（混沌上品，三重禁制）。纪宁炼化黑云链两重、三绝神剑三重禁制（达三绝剑祖水准），第四重需时间在窥天太皓塔中炼化。神剑紫光琼因有本源无需炼化禁制，远超一般混沌神兵。,纪宁获得三绝剑阵及黑云链，为最终决战备齐第二元神兵器。
最终决战,战争起,情节推进、氛围营造,设定,纪宁炼化三绝神剑期间与女儿明月钓鱼，感念师姐余薇。菩提传音通知最终气运之争开始。三清道人下令所有大能者本尊齐聚万族殿，灰袍佝偻身影（共工）现身。轩辕黄帝率大军出发，虚空战场两大阵营遥遥对峙，规模超越上古破灭一战。纪宁看到故人——师兄邋遢道人、东吉菩萨、长青剑仙等分散军中。轩辕黄帝下令开战。,最终气运之争正式爆发，两大阵营大军虚空对峙开战。
最终决战,气运之争（上）,战斗描写、情感展现,情感、战斗,双方仙魔大军第一次交锋。燧人氏、纪宁因速度最快负责防止无间门偷袭。战争第六十九天双方同时显露虫兽大军，破坏平衡出现大规模杀戮。纪宁好友斐游天神、岫轲天神、东吉菩萨等在混战中身死。长青剑仙在混战中突破道祖但立即被十余大阵围攻灭杀。女娲阵营天神真仙死亡升至八千六百余人，天仙突破一亿。纪宁感叹个人力量在战争中的无力。,气运之争惨烈厮杀，纪宁多位故人身死，战争残酷展现。
最终决战,气运之争（下）,转折高潮、矛盾爆发,冲突、高潮,"气运之争持续半年，双方天神真仙各死两万余人。无间门傀儡消耗九成，气运更弱。万魔之主传音众大能准备发动最终决战。无间门在气运之争中处于劣势，决定提前动手。万魔之主一道黑光袭击女娲阵营，三清道人怒喝""杀""，所有大能者爆发。纪宁以三头六臂摘星手围魏救赵拍击无间门大军，万魔之主以黑色尖梭抽退纪宁。双方大能者一一入局，最终决战正式爆发。",无间门气运失利后发动最终决战，大能者全面入局。
最终决战,镇族阵法,设定展开、转折高潮,设定、高潮,"女娲阵营展露女娲娘娘留下的三大镇族阵法：三清道人率三千六百纯阳真仙形成""女娲补天阵""（擅长远攻，诛仙剑阵）；佛祖如来率五千八百天神形成""盘古开天阵""（化身盘古擅长近战）；伏羲氏率三千六百真仙形成女娲补天阵；神农氏率五千八百天神形成盘古开天阵；逍遥道祖率两千两百天神真仙形成""一元两仪阵""（韧性十足）。三大阵法令无间门胆寒，刺修大魔神、刀尊也脸色大变，认为如来有盘古之躯加掌法可挡两人联手。",女娲阵营三大镇族阵法完整展露，碾压无间门阵法。
最终决战,一群祖神们,转折高潮、人物引入,人物、高潮,"三清道人诛仙剑阵杀向桓木主人——桓木主人竟已成祖神（厚积薄发无前人指导突破）。伏羲氏统领女娲补天阵施展""水火灭世——阴阳生灭""。燧人氏暴露祖神之力杀向无间门。灰袍佝偻身影直起身子——共工暴露祖神身份。后羿气息完全爆发——同样凭《内观自在祖神卷》修炼成祖神。女娲阵营五大祖神祖仙（纪宁、燧人氏、共工、后羿、觉明）现身。觉明佛祖也暴露祖神身份入阵。一时间无间门人心惶惶。",女娲阵营五大祖神祖仙全部暴露，桓木主人、觉明佛祖祖神身份揭晓。
最终决战,血战,战斗描写、矛盾爆发,冲突、战斗,"源老人主动迎击共工。刺修大魔神、刀尊选择后羿和觉明为对手。墨竹道祖挡神农氏（暴露领袖实力，结合无间混沌世界""地水""天道与三界""木之天道""）。血鹄魔祖一本尊一分身加魔手道祖联手挡如来。万魔之主神体一分为二分别拦截纪宁和燧人氏。各方大能展开激烈搏杀。纪宁本尊面对万魔之主分身，令第二元神杀向魔手道祖方向。",最终决战全面爆发，双方大能一一对应厮杀，纪宁分身战术展开。
最终决战,斩杀,战斗描写、转折高潮,战斗、高潮,万魔之主追黑色道袍纪宁（第二元神），但三绝剑阵（三柄超越天道极限的混沌神剑）加三十六诸天雪莲令万魔之主无法侵入。纪宁第二元神以三绝剑阵合一半透明金色神剑杀向血鹄魔祖和魔手道祖，威能媲美诛仙剑阵且速度更快。魔手道祖挡住八剑后第九剑掠过脖颈，身躯化为齑粉——魔手道祖当场毙命。无间门士气大减，纪宁继续追杀血鹄魔祖。万魔之主感应到一股微弱天道波动，脸色一变。,纪宁以三绝剑阵斩杀魔手道祖，无间门崩溃迹象显现，心魔之主即将现身。
最终决战,脱离三界,转折高潮、核心伏笔,伏笔、高潮,"三界天道震颤，一声怒吼响彻三界""要阻拦我？三界，你阻拦不了我！""。虚空中出现亿万里长金光裂缝，汹涌河流流出凝结为黑袍高瘦身影——心魔之主。心魔之主一掌拍飞佛祖如来的盘古开天阵（两次冲击湮灭一座盘古开天阵），一掌拍飞纪宁的三绝剑阵。无间门、女娲阵营皆震惊。刺修大魔神、刀尊判断心魔之主已达""祖神巅峰存在""（接近世界神）。燧人氏传音令纪宁本尊、觉明与自己一同阻挡心魔之主。",心魔之主从天道中脱离现身，实力达祖神巅峰，碾压全场。
最终决战,心魔之主,设定揭示、核心伏笔,伏笔、揭示、设定,"心魔之主讲述真相：当年女娲临阵突破成世界神追杀他，他感应到三界天道蕴含""心魔""遂身融天道躲过一劫，却因此被困无尽岁月。后发现三界生灵繁衍过多增加天道负担，天道本能寻找减少生灵之法，心魔之主借机推动——让命运指引两大阵营只有一方能活，令三界混乱心魔滋生，心魔之道变强。积蓄千年终于脱离天道。心魔之主宣称要杀光女娲阵营。刺修大魔神、刀尊惊恐退入暗金色堡垒远远躲开。",心魔之主揭示整场浩劫真相——为脱离天道而引动三界内战令心魔之道变强。
最终决战,围攻,战斗描写、转折高潮,战斗、高潮,万魔之主一分为二拦截纪宁第二元神和佛祖如来。三清道人与桓木主人搏杀。共工被源老人拂尘牵制。神农氏与墨竹道祖搏杀。后羿因刺修大魔神退去成为自由身，锁定心魔之主。纪宁、觉明、燧人氏围攻心魔之主——心魔之主显三头六臂化六条河流，三条河流压制纪宁、觉明、燧人氏，另三条河流围杀燧人氏。后羿拉开神弓，箭尖指向心魔之主，全场感到心灵压制。,女娲阵营三大领袖围攻心魔之主被碾压，后羿蓄力绝世一箭。
最终决战,我不甘心啊,战斗描写、转折高潮,战斗、高潮,"后羿一箭射出，箭矢疯狂汲取天地元力及混沌之力化为百万里长虹光。心魔之主化水流之体任箭贯穿，却惊恐发现胸口被贯穿处疯狂被侵蚀——刀尊辨认出这是神秘""心力修行者""的""灭神""手段（神力心力融合对耗，杀敌一千自损八百）。后羿连续射出九箭追杀心魔之主，心魔之主分裂上百分身逃窜无效，挡也无效。心魔之主疯狂化六道河流袭击女娲阵营，歇斯底里高喊""我不甘心""。","后羿以""灭神箭""射杀心魔之主，心魔之主最后疯狂反扑。"
最终决战,薪火，不灭,情感展现、转折高潮,情感、高潮,"三清道人施诛仙剑阵救燧人氏被河流挡下。纪宁、觉明被河流压制无法靠近。心魔之主两条河流绞杀燧人氏、两条河流杀向神农氏。燧人氏传音""薪火，不灭""，全身化为八朵火苗——以生命燃烧的不灭薪火消耗掉一条半河流后湮灭，燧人氏身死。后羿箭矢趁河流变弱救下神农氏。心魔之主在后羿箭矢下河流不断消耗直至完全消失——心魔之主死亡。两大阵营震惊发蒙。万魔之主提议罢战，女娲阵营同意但要求交出黑袍神王。",燧人氏化为不灭薪火燃烧自身助杀心魔之主身亡，心魔之主被后羿箭矢消灭。
最终决战,黑袍神王的末路,矛盾收束、转折高潮,冲突、高潮,"女娲阵营商议后同意逼无间门离开三界（因无人能杀死速度太快的万魔之主）。万魔之主为救无间门众人，将名义领袖黑袍神王以青色绳索捆缚扔给女娲阵营。纪宁接住黑袍神王，以秘术令其无法自杀，要令其受尽炼狱之苦为师姐余薇报仇。源老人暗中发出一股波动，传音""孩儿们，动手吧""。",无间门交出黑袍神王后将被逼离开三界，源老人暗中布局即将发动。
最终决战,剧变,转折高潮、矛盾爆发,冲突、高潮,"伏羲氏突然施展""水火灭世阵""袭击女娲阵营天神真仙——水火不再避让己方，刹那间死亡天神真仙超三万（姜君、君五等纪宁好友及方寸山弟子身亡）。纪宁以三十六诸天雪莲挡住水火。共工偷袭刺穿神农氏胸膛令其神体湮灭身亡（神农氏死前呢喃""共工死了""）。夸父、雷神等大能中也出现大规模偷袭厮杀。无间门大能中也出现偷袭，死亡超二十位大能。背叛者们迅速撤退至源老人身边，源老人以拂尘挡住万魔之主的追杀。源老人谈笑间以拂尘绞杀近三万名无间门天神真仙。",源老人发动灵魂控制的大能背叛，伏羲、共工等偷袭令两大阵营重创，神农氏身亡。
最终决战,九神将,设定揭示、核心伏笔,伏笔、揭示、设定,"源老人揭示真相——他上古破灭之战时已参战，当时受重伤夺舍源老人身份，一直潜伏控制大能者（对三清、如来心力渗透过但因其""心""太厉害未能成功控制）。源老人渴望菩提的时空法门而不得。嫦娥仙子被源老人控制用于牵制后羿。源老人召刺修大魔神帮忙，刺修大魔神认出源老人实为""黑莲神帝""座下九神将之一的""心神将""，大惊失色与刀尊遁逃。源老人率伏羲、共工、墨竹道祖等大能布阵——黑色莲花大阵。","源老人真身揭晓——黑莲神帝座下九神将之一""心神将""，上古即潜伏三界。"
最终决战,我有一法,转折高潮、伏笔埋设,伏笔、高潮,"源老人以黑色莲花大阵（三片莲叶，共工、墨竹、伏羲分别统领）碾压两大阵营，纪宁三绝剑阵、三清诛仙剑阵、万魔之主长梭三大最强攻击联手未能破开黑莲，莲叶一拍令万魔之主吐血。菩提传音诸领袖——""我有一法，或许有可能杀死源老人""，揭示神农氏生前以血液魂魄培育的""夺命花""（花开十丈内祖神魂飞魄散真灵泯灭），需两大阵营破开黑莲阵法令菩提能瞬移至源老人十丈内。","菩提揭示神农氏所留""夺命花""杀手锏，需破开黑莲阵法方可施展。"
最终决战,只为花开,情感展现、转折高潮,情感、高潮,"两大阵营大能者拼命围攻黑莲阵法为后羿创造机会。后羿拉开弓弦——以无尽混沌力量为弓、心力为弦、自身生命为箭，施展""绝命一箭""（比杀心魔之主更强的一箭）。源老人令嫦娥挡在前面。箭矢破开黑莲阵法后势头减弱，源老人一掌拍下挡住箭矢仅耗费少许神力，但嫦娥仙子被贯穿身死。后羿真灵显现一刹那对嫦娥说""我从来，没有恨你""，嫦娥流泪后真灵消散。菩提分身趁机瞬移至源老人身旁，夺命花绽放。",后羿以生命为代价绝命一箭破开黑莲阵法，菩提施展夺命花重创源老人。
最终决战,赴死,情感展现、转折高潮,情感、高潮,"夺命花绽放——菩提分身覆灭，源老人生命气息剧烈震颤衰弱但竟未死（心力修行者魂魄真灵保护最强）。源老人施展""黑莲护体""盘坐莲座，六条手臂暴涨袭击四方。纪宁、三清、万魔、桓木、觉明六大领袖围攻源老人。源老人右手袭击三清道人，被纪宁三绝剑阵、万魔长梭、三清诛仙剑阵挡回——源老人神体也媲美先天极品法宝。桓木主人被源老人心力震慑后手掌刺穿身躯，桓木主人选择自爆身亡。三清道人率三千六百纯阳真仙微笑自爆。源老人三掌袭击纪宁第二元神，黑色道袍纪宁闭眼自爆身亡。",桓木主人、三清道人、纪宁第二元神相继自爆消耗源老人神力，悲壮赴死。
最终决战,三界的命运,转折高潮、情感展现,情感、高潮,"源老人五掌围杀佛祖如来，如来率五千八百天神微笑自爆。源老人杀向觉明佛祖，觉明同样自爆身亡。万魔之主带无间门残余选择逃走，菩提带女娲阵营残余准备撤离——若纪宁本尊自爆仍不成则离开三界。源老人五掌围杀纪宁本尊。纪宁心前所未有的空灵，放弃自爆，竟感受到神体内的一点灵光——运转《枯寂世界神》法门开始突破祖神。源老人手掌抓住纪宁但未自爆，万魔之主、菩提等以为完了。菩提忽见混沌漩涡出现，声嘶喊道""三界没有完""。",佛祖如来、觉明佛祖相继自爆，纪宁本尊面临围杀时感悟灵光开始突破祖神。
最终决战,半步世界神,转折高潮、爽点设置,爽点、高潮,"纪宁在源老人手掌中突破——真神神力转化为祖神神力，因《陶吴十八神魔》《唯一本尊》两大法门令十七个祖神神体完美结合，达""半步世界神""层次（超越祖神范畴）。源老人六掌压制不住，纪宁力量绝对超越源老人。源老人选择逃跑，令被控制的仆从拦住纪宁。纪宁以九角电蛇遁术追上源老人。源老人施展""黑莲护体""万里莲花守护，纪宁以摘星手天崩式六掌齐出未能破开。纪宁拿出神剑紫光琼——半步世界神神力催发道之神兵威能，实力达到世界神门槛。",纪宁突破半步世界神，源老人压制不住选择逃跑，纪宁拿出神剑紫光琼。
最终决战,落幕,转折高潮、悟道,修炼、高潮、爽点,"纪宁以神剑紫光琼一剑如天崩破开黑色莲花。源老人施展六臂掌法迎战，纪宁在空前空灵中悟透无名剑术第一式""心剑式""真谛——掌控剑、成为剑的主人，每剑发挥应有威力（""心剑天地""）。纪宁三剑穿过六掌破绽刺向源老人神体。源老人以最后心力释放""灰色种子""欲侵入纪宁魂魄，被半步世界神急剧提升的魂魄加心力锁魂秘术挡下。纪宁以明月剑术滴血式一剑刺穿源老人眉心——源老人神力耗尽，真灵被绞碎完全溃散，源老人死亡。万魔之主、菩提等大能者及刺修大魔神化身皆震撼。",纪宁悟透心剑式，以神剑紫光琼一剑刺穿源老人眉心将其斩杀。
最终决战,伪装,设定揭示、核心伏笔,伏笔、揭示、设定,"刺修大魔神化身飞来揭示真相：源老人实为""大莫域""中威名赫赫的""黑莲神帝""（世界神）座下九神将之一的""心神将""。三界时代刺修大魔神曾在大莫域见过心神将——说明死于此的仅是源老人的第二元神，本尊仍在大莫域追随黑莲神帝。源老人死时令所有仆从灵魂湮灭，是伪装成真正死去以迷惑纪宁（因畏惧纪宁成长速度）。刺修大魔神揭露真相后离去，暗金色堡垒进入无尽混沌漂泊，刺修大魔神评纪宁为""无尽岁月见过祖神祖仙中前三""。纪宁起杀心，决意前往大莫域后寻机报仇。",刺修大魔神揭示源老人仅第二元神身死、本尊仍在大莫域，纪宁决意报仇。
最终决战,新的三界（本卷终章）,转折高潮、伏笔埋设,伏笔、高潮,"万魔之主请求无间门再入三界，女娲阵营大能犹豫。纪宁同意但要求立本命誓言——拿出从三绝剑祖处获得的誓言石。两大阵营在源老人尸体前定下""三界誓言""和解。圣火道祖以圣火火葬死者遗体。纪宁感慨若将来修行到极高峰定将死去之人复活。三界大能者重定天庭、再建地府、重建六道轮回（纪宁为主、菩提为辅，耗时三年），下令降低修仙规模令道不可轻传。浩劫过去三百年，三界祥和。纪宁本尊即将经漩涡通道前往大莫域（寻机除心神将本尊+寻找天苍宫），第二元神留守三界附近混沌府邸守护。纪宁俯瞰女儿明月调戏凡间书生，微微一笑。",两大阵营立誓和解，三界重建降低修仙规模，纪宁即将前往大莫域，全卷收束。
雾岩星主,离开三界,环境铺陈、情感展现,情感、设定,纪宁成祖神后受本命誓言束缚，必须千年内离开三界。在混沌仙府中告别女儿明月、秋叶、白叔及师弟木子朔、师兄孙悟空等亲友，仅师傅菩提知晓此行。纪宁驾飞堑神木舟穿梭虚空离开三界，途中感悟自身实力刚达世界神门槛，九重混沌禁制已悟透第八重，预感悟透第九重将发生质变。半月后抵达漩涡空间通道。,纪宁受本命誓言束缚离开三界，独自踏上前往大莫域的混沌之路。
雾岩星主,时空传送阵,环境铺陈、设定展开,设定,纪宁在漩涡空间通道中历经六天噩梦般飞行，避让无数空间裂缝，一次被卷入裂缝后险之又险钻出，终于安然通过抵达大莫域。经一年九个月抵达离三界最近的地龙星时空传送阵——九颗星辰形成的巨大阵法，面积媲美三界。纪宁等待八年后以一瓶混沌灵液传送至七水星，途中得知黑莲神帝、雾岩星主、东伏帝君三方势力格局。,纪宁穿越漩涡空间抵达大莫域，经时空传送阵前往七水星一带。
雾岩星主,雾岩星,设定展开、环境铺陈,设定,纪宁在窥天太皓塔内闭关一百六十年推演摘星手第七转（略有头绪），外界过去八年后传送至七水星。根据情报决定投靠雾岩星主（统领九十六混沌世界，八名世界境附庸），抵达雾岩星。青甲男子引领纪宁参观交易区，介绍雾岩星主名闻大莫域的绝世剑术《天辰剑典》（修成可凭剑道成世界境，售价十方混沌灵液）。,纪宁抵达雾岩星，了解势力格局与雾岩星主剑术威名。
雾岩星主,加入,人物引入、情节推进,人物,纪宁购星图了解最新势力分布后决定加入雾岩军。在募兵岛，岛主扶折（三眼祖神）告知祖神可直接加入，以击败傀儡确认实力（普通/顶尖/巅峰祖神三档）。纪宁不满足于击败第三傀儡，申请请世界境大能确认实力，令扶折震惊。纪宁的真正目的是一鸣惊人，让雾岩星世界境们知道自己的名字。,纪宁加入雾岩军，申请世界境大能确认实力，一鸣惊人。
雾岩星主,军营,人物引入、设定展开,人物、设定,扶折上禀后给纪宁一套银鳞神甲（先天极品护体甲衣），带其入雾岩城军营。介绍雾岩军等级：银鳞（普通/顶尖祖神）、金鳞（巅峰祖神）、将军（超越巅峰祖神，共五位）。纪宁入军营结识金鳞军士离昊（第十六队队长）及白邬等祖神军士，众人设盛宴欢迎，吃龙肉畅饮。,纪宁入雾岩城军营，了解雾岩军等级体系，结识离昊、白邬等军士。
雾岩星主,黑U祖神,矛盾展现、人物引入,人物、冲突,黑U祖神（原队长被降为银鳞，嚣张自大，曾葬送二十三位军士性命）约战离昊。黑U以四柄重锤击败离昊并踩碎其脑袋侮辱。白邬（隐藏突破巅峰祖神）愤而上台以九星青灵钩赌战，亦被黑U换细剑击败。纪宁出面挑战黑U，赌三百瓶混沌灵液。,黑U祖神击败并侮辱离昊、白邬，纪宁出面挑战。
雾岩星主,第一次出手,战斗描写、转折高潮,战斗、高潮,纪宁以摘星手一掌将黑U拍倒在地，力量碾压。黑U不认输换细剑再战，以诡异剑术反击。纪宁收敛气息仅展露正常祖神气息，实为半步世界神之体，施心剑式可横扫巅峰祖神。观战的祖神祖仙惊叹纪宁力量超越天道极限。,纪宁以摘星手一掌拍倒黑U，展露碾压性力量。
雾岩星主,虚幽混沌仙人,战斗描写、人物引入,人物、战斗,纪宁以明月剑术天崩式+三头六臂六掌连环拍击击败黑U，黑U认输交出三百瓶混沌灵液。纪宁将九星青灵钩还给白邬、一百瓶混沌灵液给离昊（离昊拒收）。虚幽仙人大弟子宫朝（祖仙）来请纪宁前往虚幽宫，称师尊虚幽仙人要确认纪宁实力。途中得知黑雾世界神也在虚幽宫。,纪宁击败黑U赢三百瓶混沌灵液；虚幽仙人大弟子宫朝来请纪宁前往虚幽宫。
雾岩星主,剑术,战斗描写、悟道,修炼、战斗、爽点,"纪宁在虚幽宫拜见虚幽混沌仙人及黑雾世界神。虚幽仙人弟子飞影（红衣少年，剑力第五层次）先与纪宁比试剑法。纪宁以明月剑术无影式应战，后施摘星手神通力量暴涨，一剑拍飞飞影取胜。黑雾世界神评价纪宁剑术极高，真正厉害手段未曾施展，请求亲自比试。黑雾世界神在剑道达""剑世界""层次（剑力第六层次），曾教过雾岩星主剑术，永不收徒（曾有一弟子死）。",纪宁击败虚幽弟子飞影；黑雾世界神评价纪宁剑术极高，请求亲自比试。
雾岩星主,黑雾世界神,转折高潮、悟道,修炼、高潮、爽点,"雾岩星主（子辰）亲临虚幽宫。黑雾世界神化身不敌纪宁后本尊出手，施""剑世界""压制纪宁。纪宁在战斗中剑术飞速提升，无名剑术第二式豁然开朗，领悟""杀剑式""。雾岩星主点评纪宁领悟""对剑的绝对掌控""意境（剑道高手渴望的境界，近乎无破绽），称黑雾世界神走的是剑道另一条路。雾岩星主令黑雾世界神多花时间陪纪宁比剑。",雾岩星主亲临；黑雾世界神本尊施展剑世界，纪宁剑术飞速提升，领悟杀剑式。
雾岩星主,第六位将军,转折高潮、设定展开,设定、高潮,"纪宁与黑雾世界神比剑中剑术威能不断攀升，悟出无名剑术第一式""心剑式""、第二式""杀剑式""。宫朝祖仙评价纪宁剑术无破绽，即便自己也没把握击败。雾岩星主封纪宁为第六位将军，赐宽松本命誓言。纪宁提出修改誓言（将来需离开大莫域寻找天苍宫），询问三位世界境是否知道天苍宫。",纪宁被封第六位将军；询问天苍宫消息，提出修改本命誓言。
雾岩星主,巡守者,设定展开、情节推进,设定,三位世界境均未听说过天苍宫，虚幽仙人漂泊诸多疆域亦无记载，纪宁心中一凉。雾岩星主修改誓言后纪宁立下本命誓言正式加入雾岩星一脉。纪宁询问心神将情况，雾岩星主确认心神将第二元神一混沌纪前陨灭于地龙星一带——纪宁确信心神将即源老人。雾岩星主任命纪宁为巡守者，赐巡守令，派往与黑莲帝国交界的溯风混沌世界，并下令掩盖纪宁消息以利复仇。,纪宁立誓加入雾岩星，确认心神将即源老人，受命为巡守者驻守溯风混沌世界。
雾岩星主,雕塑,设定展开、伏笔埋设,伏笔、设定,纪宁在星主府看到数十具雾岩雕像——皆为雾岩星一脉死去的世界神施《雾岩毁灭篇》拼命身死所化。扶折讲解《雾岩毁灭篇》（雾岩星一脉最强神通，分三重，第三重神体完全雾岩化媲美道之神兵，神力耗尽则化作雕像身死）。纪宁在黑暗殿厅挑选绝学，选《雾岩毁灭篇》上篇（第一重、第二重），欲借鉴创出摘星手第七转。,纪宁了解《雾岩毁灭篇》及雾岩星一脉历史，选此神通修炼并借鉴创摘星手第七转。
雾岩星主,溯风混沌世界,环境铺陈、人物引入,人物、设定,"纪宁抵达溯风混沌世界（古老大能开辟，内含溯风遗迹）。管理者白角祖仙、血海祖神及驻军首领食山祖神（金甲队长）迎接。纪宁以""旭日剑仙""假名示人，了解溯风遗迹需缴混沌灵液方可探险。纪宁在东宁山脉旭日小院住下，向白角索取溯风遗迹讯息记载。","纪宁抵达溯风混沌世界，以""旭日剑仙""假名驻守，了解溯风遗迹背景。"
雾岩星主,冒险者,环境铺陈、设定展开,设定,纪宁将本尊分身藏于荒芜星辰世界牢狱中留后路。结识三位金甲队长：食山祖神（稳重）、飞灵女仙（好战）、渊泪祖神（寡言）。了解黑莲混沌国常偷袭溯风混沌世界（因溯风遗迹收混沌灵液丰厚）。一百多年后，冒险者天南祖神（上百祖神仆从+祖神阵，世界境以下近乎无敌）率队来探险。纪宁决定进入溯风遗迹探险。,纪宁藏分身留后路，结识三位队长，了解边界交锋格局，决定探溯风遗迹。
雾岩星主,初入古遗迹,战斗描写、环境铺陈,战斗、设定,纪宁进入溯风遗迹沼泽地（最外围），斩杀虫兽。发现双头蛇异兽与鳞甲怪物搏杀，双头蛇胜后纪宁以明月剑术滴血式斩杀重伤双头蛇，获大船战利品（二十一件混沌奇宝）。天南祖神现身欲夺宝，纪宁未带神剑紫光琼，不愿硬拼。,纪宁进入溯风遗迹沼泽地斩虫兽获宝，遭天南祖神堵截夺宝。
雾岩星主,危险区域,战斗描写、转折高潮,战斗、高潮,天南祖神令上百祖神+祖神阵围杀纪宁，纪宁以九角电蛇遁术逃遁，六根超越天道极限的长梭拦截，纪宁施三头六臂+心剑天地+摘星手一击砸飞六根长梭逃脱。纪宁进入危险区域高速飞奔探查，偶遇火仙子苏尤姬（自创《大自在如意法》）。纪宁在古遗迹内晃荡一年有余，斩杀一名下手者，发现五名祖神祖仙搏杀争夺道之神兵。,纪宁逃脱天南祖神围杀，进入危险区域探险，发现狱剑神等争夺道之神兵。
雾岩星主,古遗迹内的搏杀,战斗描写、转折高潮,战斗、高潮,狱剑神（剑道高手，六臂）以一敌四争夺两件道之神兵。纪宁突袭狱剑神，以明月剑术滴血式压制狱剑神。狱剑神取出道之神兵紫色大锤反击，纪宁以卸力法门挡住。双方传音谈判未果，纪宁以九柄神剑围困狱剑神，欲擒拿夺取两件道之神兵修复紫光琼。远处四名祖神祖仙观望。,纪宁与狱剑神为道之神兵搏杀，纪宁剑术压制狱剑神。
雾岩星主,灰色的风,转折高潮、悬念设置,伏笔、高潮,纪宁与狱剑神高空搏杀时突遇灰色狂风（溯风）卷入，二者被吞吸进无底洞窟。纪宁以三头六臂+摘星手抓住岩壁裂缝停下，狱剑神力量不足无法抓住，撞碎神体身死，道之神兵亦被吞入深处。纪宁发现灰色狂风可湮灭心力心识，只能靠肉眼观看，无法上行（逆风），决定下行。,纪宁与狱剑神被灰色狂风卷入无底洞窟，狱剑神摔死，纪宁悬挂岩壁。
雾岩星主,九重禁制,悟道、设定揭示,修炼、揭示、设定、爽点,"纪宁在岩壁内发现一凿出洞穴（数百丈，鱼鳞纹路），内有""水风子""留文——一位观""溯风百流""十万年有余的大能留下的""百流合道图""（九十七条水纹、十六条鱼儿）。纪宁参悟六年后，九重混沌禁制豁然开朗合一，识海凝聚一朵青花印记，眉心浮现青花印记后隐匿。纪宁感应到对剑之本源、雨水雷电、空间等本源感悟更清晰。","纪宁参悟水风子""百流合道图""，九重混沌禁制合一，识海凝聚青花印记。"
雾岩星主,青花空间,设定揭示、爽点设置,揭示、爽点、设定,"纪宁发现青花内含""青花空间""，可将心力、神力、法力三种完全迥异的力量吞噬转化为""雾气力量""（无法离体，仅附神体）。雾气力量附身后，纪宁以力破法突破天道极限，飞行速度和攻击达世界境门槛，媲美世界神。纪宁意识到青花空间是比""陶吴十八神魔+唯一本尊""珍贵千倍万倍的逆天法门。",纪宁发现青花空间可转化三力为雾气力量，实力质变达世界神门槛。
雾岩星主,继续往下,设定展开、情节推进,设定,纪宁在窥天太皓塔内积攒三十六滴青花水滴（本尊分身亦凝聚青花但仅三滴）。参悟青花之力暂时仅明附神体一种用法。纪宁决定继续往洞窟深处探寻宝物（狱剑神两件道之神兵及无数身死修行者遗物），以青花雾气之力轻松攀爬下行，捡到一件道之神兵极品战刀。,纪宁积攒青花水滴，以青花之力下行探宝，捡获道之神兵极品战刀。
雾岩星主,风兽,战斗描写、悬念设置,伏笔、战斗,纪宁下到洞窟底部漩涡处（溯风百流第一条支流转弯处），捡九件道之神兵及蓝白鳞片。惊醒蓝白色鳞片风兽（力量强但境界低，守护宝物收藏），风兽逆着溯风追杀纪宁。纪宁捡获的法宝碎片上有牙印，蓝白鳞片正是风兽蜕下。纪宁以最快速度往上攀爬逃窜。,纪宁在洞窟底部捡宝惊醒风兽，风兽逆风追杀，纪宁拼命上爬逃窜。
雾岩星主,深渊之战,战斗描写、转折高潮,战斗、高潮,纪宁以道之神兵战刀施天崩式+杀剑式意境劈中风兽，仅碎鳞片。风兽呼救，另外三头风兽赶来围攻。纪宁以战刀施狂猛剑招、软剑施无影式，四手攀爬两手抵挡，拼死冲向洞口。纪宁故意承受一爪借冲击力冲出洞口，风兽不敢出洞窟。纪宁终于逃过一劫。,纪宁力抗三头风兽围攻，冲出洞口逃脱。
雾岩星主,湖边一宅院,悬念设置、设定展开,伏笔、设定,"纪宁逃出后发现湖边宅院（空间扭曲无法远离），内有已死世界神（金色道袍老者，溯风道君仆从）盘膝而坐，旁有九层小塔（超越道之神兵，气息不亚于紫光琼）及道袍、拂尘、蒲团等道之神兵。纪宁试取宝物被""溯风阵""挡住（一阵风将先天灵宝绳索化为粉末）。九层小塔法宝之灵（黑袍童子）现身，告知需破溯风阵（世界神圆满有望）+立誓完成遗愿方可得宝。",纪宁发现湖边宅院及已死世界神遗产（九层小塔等），需破溯风阵+立誓方可得。
雾岩星主,逃出生天,设定揭示、情节推进,揭示、设定,黑袍童子告知纪宁溯风道君的来历——遨游无尽混沌，奴役超五百世界境、上百世界境追随，甚至有一位道君层次追随者；百流合道失败后逐走弟子，率部分仆从在家乡位置建溯风混沌世界及洞府遗迹留下所悟之道后身死，五百余世界境陪葬。纪宁在宅院书房另获一件毛笔状道之神兵（笔端可化白丝束缚，可凝聚锥子）。经亭子挪移离开遗迹回到危险区域，发现远处天南祖神大船。,纪宁得知溯风道君来历，获毛笔状道之神兵，经亭子挪移离开遗迹。
雾岩星主,纪宁和火仙子,战斗描写、转折高潮,战斗、高潮,纪宁追踪天南祖神，发现天南祖神正追逐火仙子苏尤姬欲迫其当追随者/欢喜道侣。纪宁以青花雾气之力附身，速度和剑速均超越天道极限，直扑天南祖神。六名祖神祖仙仆从联手抵挡连衣角都碰不到，纪宁一剑刺穿天南祖神喉咙（隔甲衣令神体成齑粉），天南祖神身死，麾下奴仆尽皆主死仆死。火仙子苏尤姬目睹全程，震撼于纪宁以祖神之身拥有世界境实力。,纪宁以世界境速度一剑击杀天南祖神，救下火仙子苏尤姬。
雾岩星主,第一个追随者,人物引入、情感展现,人物、情感,"火仙子苏尤姬判断纪宁为祖神祖仙就能匹敌世界境的妖孽，主动请求成为纪宁追随者。苏尤姬自述修炼不足百万年，炼气流却媲美巅峰祖神，有望成世界境。纪宁让其出手测试实力，苏尤姬施九尾火焰飞禽，纪宁以手掌轻松挡下。纪宁收苏尤姬为第一个追随者，双方立本命誓言（地位近乎平等）。纪宁告知真实道号""北冥""，二人离开古遗迹返回东宁山脉旭日小院。",火仙子苏尤姬主动成为纪宁第一个追随者，双方立誓，返回溯风混沌世界。
雾岩星主,收获,设定展开、爽点设置,爽点、设定,纪宁清点溯风遗迹收获：五件道之神兵（极品战刀、软剑牌子、毛笔、及洞天法宝内两件）、一套百名祖神阵、过三百件混沌奇宝、一份详细星图（大莫域及周边五处疆域）、一卷溯风遗迹详细玉简（分沼泽地/外域/内域/核心域）。全部宝物价值超一百方混沌灵液（抵普通世界境全部身家）。纪宁决定前往大莫永恒界购买法宝碎片修复神剑紫光琼。,纪宁清点遗迹收获价值超一百方混沌灵液，决定前往大莫永恒界修复紫光琼。
雾岩星主,第一次进入永恒界,环境铺陈、设定展开,设定,"纪宁携苏尤姬经七水星时空传送阵（等一年多）抵达大莫永恒界。永恒界完全禁空（创造者定下的规则），无法飞行，但心灵宁静。纪宁爬百万里高山抵达最繁华的易波城（历史比大莫院古老，城门""易波""二字让纪宁看后吐血）。易波城内禁止厮杀，世界境上千位，万宝宫（大莫道君所开）藏法宝最多，可买到永恒神兵。纪宁警惕万宝宫泄露消息。",纪宁抵达大莫永恒界易波城，了解永恒界规则与万宝宫背景。
雾岩星主,法宝碎片,情节推进、人物心理,情感,纪宁在万宝宫向混沌仙人出售四件道之神兵+祖神阵+三百余件混沌奇宝，获一百零八方混沌灵液。纪宁变幻各种模样，分一百八十个店铺购买法宝碎片（每店五百至八百瓶），半天内将一百零八方全部消耗。随后立即经洞灿星三年潜修，回世界牢狱与本尊分身会合，取出神剑紫光琼及五行神鼎，准备修复。,纪宁出售宝物获一百零八方混沌灵液，分店购买法宝碎片后回世界牢狱准备修复紫光琼。
雾岩星主,神剑的本源,转折高潮、设定揭示,揭示、设定、高潮,"纪宁以五行神鼎萃取法宝碎片五行之精，灌入神剑紫光琼修复。耗费九十八方五行之精后，神剑剑身完全修复。神剑自行爆发威能令世界牢狱震颤（纪宁全力施展也才隐隐撼动）。纪宁感应到神剑本源蕴含至高无上的剑意（媲美""易波""二字），悟出永恒神兵之名由来——内含本源，独一无二。纪宁持剑一剑斩断世界牢狱锁链（三绝剑主目睹震惊）。",纪宁完全修复神剑紫光琼，引动一丝本源威能，一剑斩断世界牢狱锁链。
雾岩星主,悟剑的日子,悟道、人物心理,修炼、情感、爽点,"纪宁解救世界牢狱全部囚犯（十六名祖神祖仙+大量真神真仙天神天仙），众仙魔心服口服甘愿追随。纪宁带众仙魔回溯风混沌世界东宁山脉安置。此后两百余年纪宁一心潜修剑术，琢磨神剑本源，苏尤姬常来切磋。纪宁早在数十年前悟透无名剑术第二式""杀剑式""，但在神剑本源剑意面前仍觉自身弱小，渴望达到同等境界。",纪宁解救世界牢狱囚犯收为追随者，两百年潜修悟透杀剑式，琢磨神剑本源。
雾岩星主,雾岩星主的执念,人物心理、伏笔深化,伏笔、情感,"野狗祖神报告心神将数百年一直躲在黑莲帝都不出，纪宁决定等待机会。雾岩星主（游子辰）达到世界神圆满境界，向黑雾世界神透露复仇决心——其道侣""仪姐""当年在黎寒混沌世界被飞枭仙人屠戮门派时所杀，雾岩星主发誓报仇，一直苦修至今。雾岩星主决定亲自动手杀飞枭仙人，黑雾世界神答应帮忙并说服其他世界境。",雾岩星主达世界神圆满，揭示道侣被飞枭仙人所杀的复仇执念，决定出兵。
雾岩星主,命令,情节推进、设定展开,设定,雾岩星主说服九位世界境参战。黑雾世界神去大莫永恒界购买小千祖神阵（三百方混沌灵液一套），雾岩星不惜代价凑齐七座小千祖神祖仙阵（原有三套+新买三套+虚幽仙人借一套）。雾岩星主下令全部边界撤军回雾岩星。纪宁等七位将军+宫朝祖仙各领一座阵法，给一个月时间掌握。纪宁在府邸训练麾下九百九十九名祖神掌握小千祖神阵。,雾岩星主凑齐七座小千祖神祖仙阵，下令全军集结攻打黑莲帝国。
雾岩星主,再比剑,战斗描写、悟道,修炼、战斗、爽点,纪宁六天掌握小千祖神阵核心阵盘（最复杂）。三天后集体演练小千祖神阵，阵法自成一体融合时空，普通祖神达世界境门槛，纪宁为中枢威能最强。黑雾世界神来访，与纪宁再比剑。纪宁施杀剑式（惨烈凶悍一去无回），黑雾世界神称纪宁剑道天赋不亚于雾岩星主。黑雾世界神赠纪宁《黑雾剑术》玉简供参考，称之前想收纪宁为徒，如今纪宁剑术即将赶上甚至超过自己。,纪宁掌握小千祖神阵，与黑雾世界神再比剑，获赠《黑雾剑术》玉简。
雾岩星主,侵入,情节推进、悬念设置,伏笔,"雾岩星主率九位世界境+七千祖神祖仙+传承之宝雾岩星全军出动，封闭雾岩星，乘星辰飞舟奇袭黑莲帝都。黑莲帝都为九瓣黑莲状城邑（千万里方圆），黑莲神帝一方六位世界境应战。心神将在黑莲帝都酒楼中焦急猜测""旭日""是否就是纪宁，被黑莲神帝紧急召去。一位破烂衣袍邋遢老者经七水星时空传送阵单独传送到大莫域，喃喃自语要去找溯风道君的宝贝。",雾岩星一脉全军奇袭黑莲帝都；心神将焦虑；神秘邋遢老者抵达大莫域。
雾岩星主,传承之宝'雾岩星',转折高潮、设定揭示,揭示、设定、高潮,"雾岩星主率军侵入黑莲混沌世界，祭出传承之宝""雾岩星""（千万里大小星辰法宝），星光笼罩亿万里镇压时空，黑莲帝都无法穿梭虚空。雾岩星主限一炷香时间内交出飞枭仙人，承诺杀飞枭后立即离开并奉重宝赔礼。飞枭仙人否认仇怨，雾岩星主揭穿飞枭当年屠戮黎寒混沌世界杀其道侣""仪姐""。飞枭仙人震惊，求黑莲神帝相助。邋遢老者抵达黑莲混沌世界膜壁裂缝处观望。",雾岩星主祭出传承之宝雾岩星镇压时空，揭穿飞枭仙人杀道侣之仇。
雾岩星主,开战,战斗描写、转折高潮,战斗、高潮,黑莲神帝拒绝交出飞枭仙人，雾岩星主下令七重大阵进攻。七千祖神祖仙分散千万里范围，个个高万里持巨大兵器，有世界之力加持，一般祖神达世界境门槛。七重大阵碾压黑莲帝都阵法禁制（黑云卸力不硬挡）。雾岩星主称七重大阵联合恐怕得道君层次才能攻破，是其破黑莲帝都阵法禁制的依仗。,黑莲神帝拒绝交人，七千祖神祖仙七重大阵进攻黑莲帝都。
雾岩星主,纪宁和心神将,矛盾爆发、转折高潮,冲突、高潮,九位世界境分成六组对付黑莲帝国六位世界境（雾岩星主+黑雾世界神对付飞枭仙人，三位对付黑莲神帝，其余一对一牵制）。纪宁作为阵法核心游走压制阵法禁制。纪宁在战场上与心神将目光交汇，一眼认出即源老人，心神将也认出纪宁。纪宁怒火中烧冲向心神将。,纪宁与心神将在黑莲帝都战场正面相遇，仇人相见。
雾岩星主,飞枭混沌仙人之死,战斗描写、转折高潮,战斗、高潮,纪宁持神剑紫光琼引动一丝本源威能，以天崩式施杀剑式劈向心神将，被小千祖神阵分散冲击力。雾岩星主令纪宁帮黑雾世界神压制飞枭的小千祖神阵。纪宁与黑雾世界神联手压制上千祖神，令其无法保护飞枭仙人。飞枭仙人恐慌逃遁，被雾岩星主星光束缚，三剑击杀（第三剑刺入眉心，金丹混沌世界溃散）。雾岩星主复仇成功，望着飞枭尸体情绪复杂。,纪宁与黑雾世界神联手压制飞枭的小千祖神阵，雾岩星主三剑击杀飞枭仙人复仇成功。
雾岩星主,黑莲,矛盾爆发、转折高潮,冲突、高潮,飞枭身死，黑莲帝国一方惊慌。黑莲神帝显现二十四手臂结印，爆发可怕气息（虚幽仙人震惊其强横）。雾岩星主下令纪宁、黑雾世界神速灭飞枭的小千祖神阵后围攻黑莲神帝。雾岩星主以星光束缚+星河剑光追杀逃窜的上千祖神，与纪宁、黑雾世界神联手接连攻击，最弱六名祖神被活活震死。黑莲神帝完成结印，收了黑云，称当年死在其手中的世界境多了去了。,黑莲神帝爆发真实实力，雾岩星一脉追杀飞枭的小千祖神阵。
雾岩星主,斩杀心神将,战斗描写、转折高潮,战斗、高潮,"黑莲神帝施黑莲禁术第一式""莲花海""，虚幽仙人以布帛法宝抵挡。第二式""莲花狱""从天降下无数黑莲花，虚幽仙人急呼星主来援。雾岩星主速灭小千祖神阵后赶来。纪宁追杀心神将，心神将求饶并以三界消息威胁（称已告诉奴仆，死后将三界消息传开）。纪宁以神剑紫光琼拦腰斩断心神将，威能湮灭神力真灵，心神将身死。纪宁心情复杂，怅然解脱——三界浩劫的真正终结。",纪宁斩杀心神将（源老人），完成三界浩劫复仇，心情怅然解脱。
雾岩星主,世界神巅峰,战斗描写、设定揭示,战斗、揭示、设定,"黑莲神帝施第三式""黑莲界""，百万里天地每寸空间出现黑色小莲花围攻。虚幽仙人以""影神像""法宝抵挡，纪宁帮忙拦下大半。雾岩星主施《雾岩毁灭篇》第三重（全身雾岩化），威能暴涨十倍，剑光破开黑莲花砍在九瓣黑莲上。虚幽仙人向纪宁讲解世界境层次划分：门槛→普通→顶尖→圆满→巅峰（拥有永恒神兵）→更高传说层次。",黑莲神帝施黑莲界，雾岩星主施雾岩毁灭篇第三重反击；虚幽讲解世界境层次划分。
雾岩星主,永恒神兵,转折高潮、悬念设置,伏笔、高潮,"黑莲神帝祭出永恒神兵——晶莹剔透的寒冰弯刀，冰冷气息笼罩整个城邑，震慑全场丧失勇气。虚幽仙人确认这是永恒神兵威势。雾岩星主认输愿付代价平息怒火，被黑莲神帝索要雾岩星及所有法门（雾岩星主立誓无法交出）。黑莲神帝自述在外流浪名号""黑莲道人""（虚幽传音警告其为真正魔头）。雾岩星主施雾岩毁灭篇第三重疯狂迎上，同时令众人逃入雾岩星，自己断后。",黑莲神帝祭出永恒神兵弯刀（世界神巅峰），雾岩星主认输被拒，令众人逃入雾岩星。
雾岩星主,为你遮风挡雨,情感展现、转折高潮,情感、高潮,黑雾世界神施《雾岩毁灭篇》第四重（残缺禁术，不可逆雾岩化，代表死亡），替雾岩星主挡住黑莲神帝，暴喝令雾岩星主逃。雾岩星主眼含泪花含泪逃生。黑雾世界神剑术突破至防守境界（剑光如黑雾虚不受力），挡住黑莲神帝数百道刀光。黑雾世界神心中轻松——子辰能活下去了，足够了。雾岩星主传音痛哭，黑雾世界神嘱其好好活着不要报仇，成道君再来报仇。,黑雾世界神施第四重禁术替雾岩星主挡住黑莲神帝，剑术突破，雾岩星主含泪逃生。
雾岩星主,一个都逃不掉,转折高潮、悬念设置,伏笔、高潮,"黑莲神帝激发黑莲帝都道之神兵（九瓣黑莲，亲手炼制含其黑莲之道）+混沌世界预设阵法禁制，形成最强""黑莲界""，整个混沌世界龟裂露出阵法纹路，无数黑莲花围困雾岩星一脉无法逃离。雾岩星主、虚幽仙人等绝望。纪宁欲借神剑紫光琼给雾岩星主，询问剑灵炼化时间——世界境短则三五天长则永远，来不及。黑雾世界神疯狂爆发维持不了多久。破烂衣袍邋遢老者出现在混沌世界膜壁裂缝处观望。",黑莲神帝激发最强黑莲界围困雾岩星一脉；纪宁欲借神剑但炼化来不及；邋遢老者现身。
雾岩星主,敢对我的人下手,转折高潮、核心伏笔,伏笔、高潮,"破烂衣袍邋遢老者（生死道君）以亿万雷电瞬间破掉黑莲界无数黑莲花及大地阵法神纹。老者笑眯眯称""敢对我的人下手""，一指点向黑莲神帝。黑莲神帝惊恐高喊""我师尊是七皇道君""，仍被一指化为齑粉当场击杀。老者称七皇道君为""七虫""，合道前欲杀之未果逃逸。雾岩星一脉及黑莲帝国残余均跪拜行礼，确认老者为生死道君层次。","生死道君降临以雷电破黑莲界，一指点杀黑莲神帝，称雾岩星一脉为""我的人""。"
雾岩星主,道君的兄弟（本卷终章）,转折高潮、情感展现,情感、高潮,"道君收走黑莲神帝宝物及永恒神兵弯刀，放走黑莲帝国残余。道君认出纪宁持北休世界神接引令牌，称纪宁为""兄弟""，要带纪宁回天苍宫。雾岩星主等羡慕。雾岩星主恳请道君救黑雾世界神，道君感应后叹息——真灵雾岩化不可逆，盏茶时间都撑不了。黑雾世界神含笑而逝化作雕像，眼神温和仿佛看着孩子。雾岩星主跪拜痛哭。纪宁随道君离开雾岩星前往天苍宫，回头看了一眼跪伏的雾岩星主和黑雾世界神雕像，永远忘不了这个大莫域开始的地方。",道君认出纪宁为天苍宫兄弟带其离去；黑雾世界神雾岩化身死；纪宁离开雾岩星前往天苍宫，第二十四卷完整落幕。
九源神雷,天一道君,人物引入、设定展开,人物、设定,纪宁在虚空中遇到天苍宫三宫主之一的天一道君，天一道君确认北休世界神被乌蛟三神兽所杀的消息并传回天苍宫，天苍宫六位兄弟已出发追杀。天一道君告知大莫域有两处地方需去，第一处为溯风遗迹，携带纪宁前往核心区域寻宝。,天一道君正式登场，携纪宁前往溯风遗迹核心区域。
九源神雷,剑气岛屿,环境铺陈、设定展开,设定,天一道君带纪宁进入溯风遗迹核心区域，核心区域为数千里湖泊中央大岛及十余座环绕小岛。天一道君进入核心大岛取宝，命纪宁选一座小岛等候。纪宁选了散发冲天剑气的岛屿，该岛有三位死去的世界境，天一道君嘱咐不可走出岛屿一步。,溯风遗迹核心区域格局展开，纪宁选剑气岛屿等候天一道君。
九源神雷,岩石巨人,战斗描写、装备获取,奖励、战斗,纪宁在剑气岛屿亭子中发现死去的世界境金袍人（化初仙人），触发岩石巨人傀儡现身。岩石巨人为世界境层次法宝傀儡，要求纪宁接三掌考验。纪宁以紫光琼硬抗三掌，岩石巨人认主，交出命核被纪宁炼化。,"纪宁收服世界境层次岩石巨人傀儡""石头""。"
九源神雷,十二弟子,设定展开、伏笔埋设,伏笔、设定,纪宁炼化岩石巨人后安葬化初仙人，查看其遗留宝物（九心天环阵、彩云界、大量混沌晶石共五十方）。岩石巨人讲述溯风道君十二弟子陪葬之事，本岛三位世界境中洞鸣世界神为道君弟子，曾获道君赐予一卷画卷，悟透可自由离开，可惜至死未悟透。,溯风道君十二弟子陪葬设定展开，画卷伏笔埋设。
九源神雷,地下廊道,情节推进、悬念设置,伏笔,岩石巨人带纪宁进入仙府地下密室寻宝。途中发现血泽仙人尸体，纪宁获道之神兵甲衣、血云座、五行血火针三套宝物并穿上甲衣。到达密室发现洞鸣世界神尸体及身后常雪幡（大罪孽法宝，九头世界境孽魔），墙壁悬挂散发冲天剑气的画卷。,纪宁在地下密室发现洞鸣世界神尸体与神秘剑气画卷。
九源神雷,一扫而空,战斗描写、装备获取,奖励、战斗,洞鸣世界神留下阵法禁制爆发，被纪宁甲衣挡下。常雪幡中九头世界境孽魔围攻纪宁，岩石巨人拦截六头，三头扑向纪宁。纪宁以神剑紫光琼劈杀孽魔但孽魔可重生，最终命岩石巨人夺取布幡，炼化后九大孽魔被吸入。纪宁搜刮整座仙府宝物后离开。,纪宁炼化常雪幡收服九头孽魔，搜刮仙府全部宝物。
九源神雷,骤变,转折高潮、悬念设置,伏笔、高潮,纪宁探查洞鸣世界神宝物（总值超千方混沌灵液），查看剑气画卷但无法窥透其奥妙。核心大岛突然迸发金色波动，整座核心岛屿碎裂，冲击波波及纪宁所在岛屿致其崩裂。岩石巨人化为圆球包裹纪宁，被席卷入灰色狂风中消失。,溯风道君死后禁制爆发，核心岛屿碎裂，纪宁被冲入溯风百流阵深渊。
九源神雷,雪鉴帝君,设定展开、伏笔埋设,伏笔、设定,"纪宁在深渊中等待，天一道君受伤后找到纪宁，恢复一年（外界三天）后痊愈。天一道君揭示剑气画卷来历：为""雪鉴帝君""（合道成功得成永恒的古老存在）留下的四十幅剑气图卷之一，每四幅一套共十套，搜集一套并通过考验可成为雪鉴帝君亲传弟子，必须世界境才能进入图卷洞天。纪宁所得为第三幅。",雪鉴帝君及十套图卷考验设定正式展开，重大长远伏笔。
九源神雷,大莫院,人物引入、设定展开,人物、设定,天一道君赐予纪宁玉简（含雪鉴图卷二十一份已查出踪迹的情报，须立本命誓言不得外泄），其中大莫域内仅两份：第三幅在溯风遗迹核心（已获）、第一幅在万神府内域。天一道君携纪宁前往大莫永恒界大莫院拜访大莫道君，大莫道君夫妇皆可飞行于永恒界内。,雪鉴图卷情报获授，纪宁抵达大莫院拜访大莫道君。
九源神雷,一具法身,设定展开、情节推进,设定,"天一道君请大莫道君派遣法身随同进入易波界核心。大莫道君答应但需三年准备（再炼一具弱小法身）。天一道君讲述""法身""本质——道君给自己修炼的可提升法宝傀儡，以一丝魂魄主宰，一具法身代价超过十件永恒神兵，道君只能全身心孕养一具，法身与镇守大阵结合可媲美本尊。",法身设定展开，大莫道君答应派遣法身随天一道君进入易波界。
九源神雷,道君的安排,设定展开、情节推进,设定,"天一道君向纪宁讲解突破生死道君需""绝对圆满""（所有分身合一，第二元神例外）。天一道君赐纪宁从大莫域到天苍域的星图（需经历121个疆域）及大量法门，嘱托若自己长期出不来纪宁需自行前往天苍宫。纪宁在大莫院水连居生活三年，携火仙子苏尤姬、野狗祖神暂居。",天一道君安排纪宁未来路线，赐星图与法门后进入易波界。
九源神雷,剑的认知,悟道、设定展开,修炼、设定、爽点,三年中天一道君指点纪宁剑道——从剑的创造本源（剑尖、单刃、双刃、剑面的杀戮方式）参悟剑道本质，以及万法皆通（写字、水行、雷电、空间感悟皆有共通）。纪宁对剑道产生本质认知，修改《明月剑术》各式威力倍增。天一道君与大莫法身进入易波界，纪宁在大莫院修行并与弟子比剑。,纪宁获天一道君指点产生剑道本质认知，剑术大幅提升。
九源神雷,神秘的争宝会,设定展开、情节推进,设定,纪宁在大莫院第161年，大莫道君转告天一道君短期内无法出来。纪宁修行进展：摘星手第七转成就、金像神通中部练成（神体媲美混沌极品法宝）、参悟无名剑术第三式罗天式遇瓶颈。大莫院传出九十九年后将举行争宝会消息，万宝宫借场地，神秘势力押送宝物，一个混沌纪十次。,争宝会消息传出，纪宁准备参加争宝会采购法宝。
九源神雷,群聚,环境铺陈、人物引入,人物、设定,争宝会前各方世界境汇聚易波城万宝宫。纪宁以大莫院弟子身份入三楼雅间。顶楼五名道君聚首：天青子（天青门，摸到合道边缘第一）、大莫道君夫妇、水风子（逍遥不羁）、千影道君、龙神道君（八面玲珑，与千影道君因化龙果结仇）。,大莫域四位道君及外来道君齐聚万宝宫争宝会。
九源神雷,争宝会开始,设定展开、情节推进,设定,争宝会由银眸女子主持，第一件一线引魂木（点燃吞吸沉睡千年弱化心魔）三十二方成交。争宝会持续近十天，每天数百件宝物，底价便宜。纪宁卖出溯风遗迹所得宝物获一千五百八十方混沌灵液，等待适合自己的宝物出手。,争宝会正式开始，一线引魂木等宝物竞价。
九源神雷,羽翼,装备获取、爽点设置,奖励、爽点,"争宝会中溟空羽翼（空间一道飞遁法宝）六十九方成交。纪宁看中第五件羽翼类法宝""雷光羽翼""（雷电+剑道双修，极为适合纪宁），经激烈竞价以八十方混沌灵液购得。",纪宁购得雷光羽翼，解决飞遁与近身灵活性两大需求。
九源神雷,水行反震,设定展开、转折高潮,设定、高潮,"争宝会第三天，银眸女子展出""霜角衣""——道之神兵极品甲衣，具有水行反震之效，水行圆满可形成霜角领域（万里范围攻击同等威能反震）。底价五千方，千影道君与龙神道君争夺至五万方成交。后又有""水元甲""（三重神纹禁制，水行反震但无领域）底价两百万方。",霜角衣五万方成交，水元甲展出引发纪宁关注。
九源神雷,花光了,装备获取、情节推进,奖励,纪宁以六百九十方竞得水元甲（道之神兵极品甲衣，水行反震），穿上后兵器有紫光琼、甲衣有水元甲、身法有雷光羽翼。争宝会第七天以一百八十方购得五雷葫芦（五种混沌神雷群攻）。争宝会第八天以六百二十方购得三大法宝傀儡（成套阵法，可供祖神祖仙内部驾驭）。混沌灵液基本花光。,纪宁购齐水元甲、五雷葫芦、三大傀儡，法宝储备充实。
九源神雷,偷天生死丹,设定展开、转折高潮,设定、高潮,争宝会最后九件压轴宝物：三绝斧（永恒神兵，五万方底价无人出）、混沌神兽精血（水风子八万三千方购）、石像（天青子八万方底价购）。最后一件为偷天生死丹——世界境圆满服用后九成九突破生死道君，但此后进步极难，大多困于生死道君第一步。底价十万方，经激烈竞价以十六万八千方成交。,偷天生死丹十六万八千方成交，争宝会压轴宝物揭示。
九源神雷,《本源剑意》第一式,悟道、转折高潮,修炼、高潮、爽点,"争宝会后纪宁回大莫院，在洞天法宝内参悟无名剑术与神剑本源约两百余年后悟出《本源剑意》第一式""黑雾式""（杀性极强，调动神剑本源威能强上十数倍，为纪念黑雾世界神而命名）。纪宁决定离开大莫院前往万神府，携苏尤姬、野狗祖神、玄阳祖神（驾驭第三尊傀儡）出发，放出消息三月后前往万神府。",纪宁悟出黑雾式，决定前往万神府寻雪鉴图卷。
九源神雷,万神府,环境铺陈、人物引入,人物、设定,纪宁与大莫院弟子缚龙世界神（世界神圆满）结伴前往万神府。万神府为万神道君所建（合道失败但比其他合道边缘道君强百倍千倍，曾追杀永恒帝君梅洛波大帝数个混沌纪），分外域万重山（一万座山峰，祖神祖仙三成存活率）、内域雾海（世界境五成存活率，祖神九死一生）、核心神府（道君不足一成存活率）。二人抵达万重山开始闯荡。,万神府三重区域格局展开，纪宁与缚龙世界神进入万重山。
九源神雷,宝藏,设定展开、情节推进,设定,纪宁与缚龙世界神在万重山发现一座宝藏之门，进入宝藏空间。宝藏空间有石棺、光球，万神道君留下考验：穿过九层禁制方可取宝。缚龙世界神试火行考验失败，火仙子苏尤姬试亦差一丝失败。纪宁也进入光球百丈范围接受考验。,万重山宝藏考验规则展开，缚龙世界神与苏尤姬先后失败。
九源神雷,宝藏的考验,战斗描写、转折高潮,战斗、高潮,纪宁发现九层光幕禁制可用两种方法穿过：悟透禁制或以力破法。纪宁第一层悟透破解，第八层悟不透后改以力破法。以摘星手破第七层，以神剑紫光琼破第八层。第九层最强一剑未果，借助雷光羽翼加速冲刺挥剑，终破第九层光幕。,纪宁以力破法破开九层禁制，成功通过万重山宝藏考验。
九源神雷,阵灵,人物引入、伏笔埋设,人物、伏笔,"万重山阵灵""万山""现身，讲述万神道君三大阵法（万重山、雾海、神府）皆有灵性。阵灵揭示万神道君追杀永恒帝君梅洛波大帝未果，请托纪宁将来对付梅洛波大帝（道盟敌人）。纪宁得知""道盟""——无尽疆域几乎所有修行者的联盟，世界境以下多不知。",万重山阵灵万山登场，道盟设定揭示，梅洛波大帝伏笔埋设。
九源神雷,九大秘术之雷电秘术,设定展开、装备获取,奖励、设定,阵灵赠送纪宁万神道君九大秘术之一《九源神雷》（以炼丹之法采集九种混沌神雷完美调配形成雷电领域，上篇可斩杀世界境圆满、压制世界境巅峰，下篇采集道之神雷可压制合道边缘道君）及火行雕像（直指世界境圆满的火行法门八大意境）。宝藏空间塌陷，三人沿通道离开。,《九源神雷》秘术获授，本卷标题来源揭示。
九源神雷,世界境追随者,转折高潮、装备获取,奖励、高潮,纪宁将火行雕像交给苏尤姬参悟，苏尤姬当场进入顿悟。纪宁将其收入洞天世界保护。两年后苏尤姬突破为混沌仙人（世界境门槛），感谢纪宁大恩。缚龙世界神赞叹纪宁舍得将重宝给予追随者。,火仙子苏尤姬借火行雕像突破为混沌仙人，成为纪宁的世界境追随者。
九源神雷,第一幅雪鉴图卷,装备获取、情节推进,奖励,纪宁将火行雕像正式交给苏尤姬使用。缚龙世界神告别前往雾海深处。纪宁携苏尤姬进入雾海，循雪鉴图卷感应找到沂水殿。雪鉴图卷位于沂水殿偏殿。纪宁推开沂水殿院门进入，感应到雪鉴图卷在偏殿中。,纪宁进入雾海沂水殿，接近第一幅雪鉴图卷。
九源神雷,当我俩奴仆,矛盾爆发、战斗描写,冲突、战斗,灰雾鳄龙虫兽携雪鉴图卷逃窜，纪宁与苏尤姬追击。五雷葫芦放出五色神雷攻击，虫兽受伤分身为九逃窜。追击途中遭遇狐谯世界神（顶尖世界神）、狐芑混沌仙人（一般世界境）拦路，二人觊觎苏尤姬美貌，要求其当奴仆双修，视纪宁为蝼蚁。,狐谯世界神、狐芑混沌仙人拦路觊觎苏尤姬，矛盾爆发。
九源神雷,轰杀世界境,战斗描写、转折高潮,战斗、高潮,纪宁下令动手。五雷葫芦五色神雷围攻，岩石巨人及三大黑色傀儡从洞天世界出现围杀狐芑混沌仙人，瞬间拍碎。狐谯世界神欲逃，纪宁以雷光羽翼追上拦住。四大傀儡围攻狐谯世界神，纪宁以神剑紫光琼一剑将其劈翻，绳索捆缚。,纪宁以四大傀儡配合击杀狐芑混沌仙人与狐谯世界神。
九源神雷,甘当奴仆,转折高潮、人物心理,情感、高潮,狐谯世界神被捆缚后求饶献宝，纪宁拒。狐谯世界神甘愿当奴仆，纪宁拒绝（担当不起且不喜欢其性性），将其收入五雷葫芦炼杀。纪宁反思杀顶尖世界神仍需四大傀儡配合。命野狗、玄阳祖神歇息，携苏尤姬继续追虫兽。,狐谯世界神求当奴仆被拒，纪宁将其炼杀，展露冷酷决断一面。
九源神雷,巨石林,环境铺陈、矛盾展现,冲突、设定,纪宁循感应追至巨石林——雾海最危险之地，上百头世界境虫兽盘踞，世界神巅峰闯入才有逃命希望。携图卷的虫兽躲入其中，纪宁无力获取，决定暂时放弃。五个月后，场景转向万神府核心神府前广场，血袍少年阿罗奕与金袍青年符开两支队伍抵达神府正门。,虫兽携雪鉴图卷躲入巨石林，纪宁暂时放弃；神府前两方队伍登场。
九源神雷,殃及池鱼,转折高潮、人物引入,人物、高潮,"神府第一守护战将金眼傀儡（三眼光头男子，实力媲美合道边缘道君）现身。阿罗奕与符开索要永恒神血（梅洛波大帝神血，万神府前十重宝），考验为最难的""生死两重天""，需十名世界境。金眼傀儡强行挪移缚龙世界神、粉红长袍男子飞秀混沌仙人及两侍女、纪宁与苏尤姬至广场参战。",金眼傀儡强行挪移纪宁等三名世界境参加生死两重天考验。
九源神雷,生死大磨盘,设定展开、战斗描写,战斗、设定,金眼傀儡讲述生死两重天规则：十名世界境分五对在生死磨盘上一对一厮杀，磨盘上出现大量世界境门槛金甲战士围攻，一方死光另一方胜利。表现最好的幸存者可能得到永恒神血。第一场骨铠世界神杀飞秀混沌仙人（飞秀被金甲战士淹没杀死）。第二场缚龙世界神对阵绯女一族绯水世界神。,生死两重天规则展开，第一场飞秀混沌仙人被金甲战士杀死。
九源神雷,绯女一族,人物引入、战斗描写,人物、战斗,绯水世界神为绯女一族（罕见混沌异族，天生幻术强者且近身战极强），下半身蝎子身躯上半身妖娆女子。缚龙世界神使用珍贵道符（价值超两百方，威能媲美生死道君防御）形成金色甲衣保命。绯水世界神幻术令缚龙世界神短暂陷入幻境但被心力破开。最终绯水世界神被金甲战士绳索捆缚收入葫芦炼杀。第二场缚龙世界神胜出。,绯女一族设定展开，缚龙世界神以道符保命击杀绯水世界神。
九源神雷,道符,设定展开、人物心理,情感、设定,纪宁感慨绯女一族幻术之强（心力第四层次都嫌弱），以及修行者分神魔流、炼气流、心力流三大流派，心力流世界境大能极为罕见。缚龙世界神感叹道符保命之珍贵。第三场对阵确定：苏尤姬+纪宁对阵阿罗奕麾下乌来世界神（世界神圆满，速度最快最灵活，走刀道）。阿罗奕与符开质疑金眼傀儡偏心（挪移来的三名世界境都与他们较弱的仆从配对）。,道符设定展开，第三场对阵确定，纪宁与苏尤姬将战乌来世界神。
九源神雷,纪宁上场,战斗描写、转折高潮,战斗、高潮,第三场开始，纪宁以三大黑色傀儡成阵防御金甲战士，岩石巨人在内补漏，苏尤姬驾驭第四尊傀儡。五雷葫芦集中攻击乌来世界神。乌来世界神施展神通速度飙升逼近。血袍少年阿罗奕自信乌来能破防。纪宁取出神剑紫光琼准备近身战。,第三场对决开始，纪宁以四傀儡阵法防御并准备迎战乌来世界神。
九源神雷,是，主人！,战斗描写、转折高潮,战斗、高潮,"纪宁以雷光羽翼冲出傀儡保护，持神剑紫光琼正面迎击乌来世界神六刀，心剑式浩浩荡荡无破绽。乌来世界神震惊祖神竟匹敌世界境圆满。纪宁下令四大傀儡围杀，四大傀儡齐应""是，主人！""，身份彻底暴露。阿罗奕、符开等全场震惊于纪宁绝世妖孽之姿。",纪宁正面匹敌世界神圆满乌来，绝世妖孽身份震惊全场。
九源神雷,陷阱,转折高潮、战斗描写,战斗、高潮,乌来世界神疯狂攻击发现纪宁破绽，两刀劈中纪宁。水元甲水行反震将两刀威能反弹，乌来世界神毫无防备被震倒飞。纪宁趁势以神剑紫光琼暴涨百丈劈翻乌来，金甲战士绳索捆缚。乌来世界神被收入葫芦绞杀。第三场纪宁胜出。,纪宁以水元甲反震陷阱重创并击杀乌来世界神。
九源神雷,阿罗奕,转折高潮、人物引入,人物、高潮,"第四场，阿罗奕对阵符开仆从卜信世界神（十八臂，拳法掌法横扫）。阿罗奕施展血色浪潮秘术+九尊金色傀儡+两柄永恒神兵弯刀，实力达世界神巅峰。符开借碧绿玉球（内含大量虫兽）给卜信但被告知宝物只能用一次。阿罗奕绝境下悟出""血色凋零""意境，实力暴涨击杀卜信，突破至世界境超越巅峰。",阿罗奕绝境突破至世界境超越巅峰，击杀卜信世界神。
九源神雷,关门吧（本卷终章）,转折高潮、悬念设置,伏笔、高潮,第五场符开险胜阿罗奕仆从（黑色毛发异族，神力耗尽身死）但未突破。五场结束，五名幸存者：阿罗奕、骨铠世界神、符开、缚龙世界神、苏尤姬。金眼傀儡开启神府正门，幸存者进入神府内部获取机遇，永恒神血归属待入神府后揭晓。众人进入黑暗神府，大门关闭。,五场对决结束，幸存者进入神府内部，永恒神血归属悬念，本卷收束。
世界境,永恒神血的归属,转折高潮、悬念设置,伏笔、高潮,纪宁步入神府后被阵灵化身引导至一处殿厅，条案上晶球内盛永恒神血。与此同时，阿罗奕得知永恒神血未给自己后愤怒离去，符开同样放弃机遇立即离开神府欲截杀阿罗奕夺宝。阵灵与金眼傀儡向纪宁确认其因在生死两重天考验中表现最佳而获得永恒神血。,永恒神血归属揭晓，阿罗奕符开先行离府设伏，纪宁获永恒神血。
世界境,永恒国度,设定展开、悬念设置,伏笔、设定,"金眼傀儡与阵灵少女向纪宁详解永恒神血来历（万神道君重创梅洛波大帝提炼）及永恒国度、永恒一族设定：永恒一族为混沌特殊生命，吞吃生死道君为食，是道盟先天死敌，拥有数位永恒帝君及""永恒国度""宝物庇护。阵灵叮嘱纪宁带永恒神血外出后不可打开，否则会遭永恒一族追杀，并建议尽快回大莫院交给大莫道君处理。",永恒国度与永恒一族设定首次系统展开，永恒神血处理方案确立。
世界境,不通剑道,设定展开、伏笔埋设,伏笔、设定,"阵灵告知永恒神血对道盟用途有限（最多炼丹培育虫兽），但对永恒一族至关重要，道盟愿出两百万方收购。大莫道君在推演一道上排名无尽疆域前三，若达合道边缘可媲美万神道君。阵灵引纪宁至五千剑道殿，内有万神道君观摩五千余名世界境剑道高手后雕刻的五千余座雕像，万神道君凭此踏入剑道生死道君层次但自评""不通剑道""。阵灵告知阿罗奕符开已在府外蹲守，纪宁决定在殿内安心参悟。","五千剑道殿设定展开，万神道君""不通剑道""真相揭示，纪宁开始参悟五千剑术。"
世界境,纪宁的剑道之路,悟道、伏笔深化,伏笔、修炼、爽点,"纪宁嘱托阵灵转告苏尤姬安心等候，并安排缚龙世界神十年后再出府。纪宁开始逐一观摩五千余座雕像，每种剑术风格不同，从拙劣到玄妙的雕刻痕迹恰便于剖析。纪宁脑海中渐成一棵""剑道大树""，五千余枝杈逐渐汇聚归类。外界阿罗奕、符开、骨铠世界神以神识笼罩万神府外守候等待。",纪宁沉浸参悟五千剑术，剑道大树雏形渐成，三敌府外蹲守。
世界境,无名剑术之第四式,悟道、爽点设置,修炼、爽点,"神府内三千年过去，苏尤姬在火行圣地参悟达到顶尖世界境水准，外界阿罗奕符开仍苦守。纪宁借窥天太皓塔参悟完五千余种剑术，分门别类后产生""一切剑术尽皆无惑""的自信，短短六个多时辰悟出无名剑术第四式""涯之角""，并参悟神剑紫光琼本源剑意创出本源剑意第二式""万神式""。纪宁准备突破世界境。",纪宁三千年参悟脱胎换骨，悟出无名剑术第四式与本源剑意第二式，准备突破。
世界境,突破，世界境！,转折高潮、设定展开,设定、高潮,纪宁炼气流率先突破，金丹空间化为混沌，凝聚剑种生长为道树两万一千余丈（超过顶尖世界境、略低于世界境圆满），道树三大粗壮枝干分别代表无名剑术、本源剑意、明月剑术。十七分身合一使混沌仙力格外精纯。随即神魔流同步突破，外界符开阿罗奕感应到双重突破动静。道树高度、神晶数量与世界境层次对应关系系统揭示（千丈一般、万丈顶尖、三万六千丈圆满）。,纪宁炼气流神魔流双突破成世界境，道树两万一千余丈，境界体系设定展开。
世界境,离开神府,设定展开、转折高潮,设定、高潮,纪宁凝聚两万一千余颗神晶（十七分身合一种力更精纯），突破时趁机以混沌之力填满青花空间，凝聚一百零八滴水滴（祖神时仅三十六滴），青花雾气力量加持后神体力量速度媲美生死道君。纪宁收苏尤姬出府，阵灵将二人挪移至雾海巨石林区域，纪宁感应到携带雪鉴图卷的鳄龙虫兽仍躲在巨石林。,纪宁凝聚神晶、青花空间大增，力量媲美生死道君，前往巨石林夺图卷。
世界境,巨石林之战,战斗描写、爽点设置,战斗、爽点,"纪宁独自入巨石林，以手指施展""涯之角""一击贯穿飞禽虫兽脑袋。三十九头虫兽围攻，纪宁以掌为剑屠戮虫兽如碾压，最终超五十头虫兽被杀仅八头逃掉。纪宁展现出祖神匹敌世界境圆满、如今世界境碾压一切虫兽（含世界境圆满虫兽）的绝对实力。",纪宁以世界境实力碾压屠戮巨石林虫兽，验证自身战力。
世界境,终相见,转折高潮、悬念设置,伏笔、高潮,纪宁追上逃窜的鳄龙虫兽，鳄龙求饶交出全部宝物含第二幅雪鉴图卷（宫殿图）。纪宁横扫巨石林虫兽遗留战利品后出雾海，在万神府外虚空与阿罗奕、符开、骨铠世界神三方遥遥对视。,纪宁夺得第二幅雪鉴图卷，与三敌在万神府外正式照面。
世界境,风煞傀儡,战斗描写、装备获取,奖励、战斗,"阿罗奕开出数万方宝物换永恒神血遭纪宁嘲讽拒绝。阿罗奕放出十八尊风煞傀儡（九阴九阳成套，单尊世界境圆满，联手可击杀世界境巅峰），纪宁以六柄寒冰剑（道之神兵极品，巨石林所得）施展""唯心式""从傀儡围攻中冲出，一剑贯穿骨铠世界神眉心并以绳索擒之。",阿罗奕祭出十八风煞傀儡围攻，纪宁速擒骨铠世界神。
世界境,趁你病要你命,战斗描写、转折高潮,战斗、高潮,"符开放出碧绿玉球中五十五头世界境圆满虫兽围攻纪宁。纪宁施雷光羽翼绕开虫兽直扑符开，以""万神式""轰击符开护身道符（一步道君防御层次）削弱两成威能。阿罗奕与纪宁正面交锋被压制，纪宁趁势连续狂攻以绳索捆缚阿罗奕。",符开放出五十五头虫兽，纪宁压制阿罗奕并将其擒下。
世界境,落幕,战斗描写、矛盾收束,冲突、战斗,纪宁以五雷葫芦炼化阿罗奕（阿罗奕在葫芦内被黑白两色气流绞杀，临死前狂笑预言纪宁终有一日也会倒下）。纪宁持永恒神兵紫光琼施展万神式，一剑破开符开八成威能护身道符并伤其神体，连续十三剑将符开神力耗尽神体碎裂身死。符开死前命令五十八头虫兽自相残杀。,阿罗奕被葫芦炼化，符开被纪宁十三剑劈杀，虫兽自相残杀。
世界境,三界,情感展现、伏笔深化,伏笔、情感,纪宁夺得碧绿玉球控制残余五十一头虫兽及十八风煞傀儡。第二元神在三界外混沌中感应到命运河流中父母纪一川、尉迟雪的真灵紧紧相依，因本命誓言无法进入三界。纪宁向师傅菩提传消息将法门传回三界，三界迎来大爆发。纪宁携苏尤姬乘飞舟回大莫院处理永恒神血。,纪宁收虫兽傀儡，第二元神见父母真灵，向三界传法，启程回大莫院。
世界境,卖于我吧,转折高潮、设定展开,设定、高潮,"纪宁回大莫院，赤发男子齐长（大莫道君弟子）迎接。大莫道君早已推演知纪宁来访，主动提出以三百万方混沌灵液购买永恒神血（高于道盟统一价两百万方），计划让""孩儿们""汲取永恒一族力量。纪宁购入金像神通下部（二十万方）、元一水火葫芦（五十万方，含水烟神雷火云神雷两大道之神雷），并提出购买雪鉴图卷第二幅第四幅及五柄紫光琼。",大莫道君以三百万方购永恒神血，纪宁购金像神通下部与元一水火葫芦。
世界境,神剑紫光琼的来历,设定揭示、伏笔埋设,伏笔、揭示、设定,"大莫道君揭示紫光琼来历：永恒帝君""紫山大帝""离开无尽疆域前炼制九十九柄中品永恒神兵紫光琼、九柄极品烈山血及一柄紫山剑。大莫道君代为求购五柄紫光琼（每柄约十五至二十万方），雪鉴图卷仅买到一幅第二幅。大莫道君半年内先付一百万方，余款以宝物抵扣。纪宁携苏尤姬赴易波城购买九大混沌神雷。",紫山大帝与紫光琼来历揭示，纪宁购齐九大混沌神雷准备修炼九源神雷。
世界境,九源神雷,悟道、装备获取,修炼、奖励、爽点,纪宁在洞天内以法力抓获九大混沌神雷建造九处雷电之源，但以法力融合调配屡试屡败。纪宁发现青花雾气之力可驾驭雷电，比法力轻松十倍百倍，以青花雾气之力成功让九道雷电交缠融合，形成赤金色闪电秘术种子。九源神雷一道可劈死世界境圆满，主要起领域束缚之效。大莫道君送来一百万方混沌灵液。,纪宁以青花雾气之力练成九源神雷秘术，形成赤金色闪电秘术种子。
世界境,图卷里的考验,悟道、伏笔深化,伏笔、修炼、爽点,纪宁进入雪鉴图卷洞天接受考验。第一幅图卷洞天内金袍帝皇剑术堂堂正正霸道无比，纪宁被劈飞六十余次但大喜视其为实战磨砺。第三幅图卷洞天内渔夫以鱼竿为剑飘忽不定，纪宁被抽翻在地。纪宁在五千剑道殿参悟的剑道感悟开始化为真正实力，剑术经实战不断改正。缚龙世界神回大莫院，一名生死道君弗宿道君押送宝物来到大莫院。,纪宁挑战雪鉴图卷两大剑道高手惨被蹂躏但大喜，视为珍贵实战磨砺。
世界境,离开大莫域,设定展开、情节推进,设定,弗宿道君押送宝物至大莫院，与大莫道君交谈天一道君准备合道等消息。大莫道君将金像神通、元一水火葫芦、五柄紫光琼、一幅雪鉴图卷第二幅交付纪宁，共一百八十万方，补二十万方混沌灵液。纪宁炼化六柄紫光琼、元一水火葫芦，立誓修炼金像神通下部。纪宁携苏尤姬经时空传送阵前往天青域，开始漫长旅程。,纪宁获全部宝物后离开大莫域，启程前往天苍宫。
世界境,三泉星,环境铺陈、人物引入,人物、设定,九十二年后纪宁抵达牵氲域三泉星，与向卢世界神、风悠世界神、水澜混沌仙人结识，加入九十九名世界境结阵穿越黑暗之海的队伍。三泉星因三道万丈喷泉得名。十一年后凑满九十九人，众人炼化阵盘立下本命誓言，乘坐飞鸩世界神的道之极品飞舟出发。,纪宁抵达三泉星加入九十九人队伍，乘飞舟穿越黑暗之海。
世界境,黑暗之海,环境铺陈、设定展开,设定,飞舟进入黑暗之海，九心世界神介绍奇蝠一族设定：黑色奇蝠寿命不足三百年、银色奇蝠寿命不足一个混沌纪且实力超越世界境巅峰、金色奇蝠可长久存在且媲美一步道君。飞舟遭数百黑色奇蝠袭击被轻松击退。第三百一十一年时，一头金色奇蝠在百亿里外遥遥注视飞舟。,黑暗之海与奇蝠一族设定展开，金色奇蝠暗中盯上飞舟。
世界境,袭击,战斗描写、转折高潮,战斗、高潮,金色奇蝠下令围攻飞舟，数千黑色奇蝠及九头银色奇蝠来袭，飞舟被迫停下。纪宁将碧绿玉球交苏尤姬炼化控制虫兽参战。飞舟上超过十个世界神巅峰强者全部爆发，勉强抵挡九头银色奇蝠及数千黑色奇蝠的围攻。纪宁以六柄紫光琼剑光飘忽鬼魅斩杀大量奇蝠。,金色奇蝠率大军围攻飞舟，九十九名世界境全力苦战。
世界境,金色奇蝠,战斗描写、转折高潮,战斗、高潮,金色奇蝠现身一口吞食一名世界神，其气息媲美一步道君。飞鸩、九心、环亦三位世界神巅峰联手攻击金色奇蝠，被一招蝠翼扇击全部拍吐血倒飞。纪宁以六柄紫光琼挡住金色奇蝠利爪，双方交锋数十次，纪宁情不自禁后退三步，金色奇蝠也停下审视纪宁。,金色奇蝠现身吞食世界神，三大巅峰联手惨败，纪宁独战金色奇蝠。
世界境,恐怖,战斗描写、悬念设置,伏笔、战斗,金色奇蝠欲绕开纪宁杀其他修行者，纪宁施九源神雷束缚使其速度略减追上纠缠。修行者们加快杀戮剩余奇蝠，金色奇蝠见孩儿死伤殆尽率残余奇蝠退去。飞舟上众人庆贺劫后余生时，神秘巨兽头颅从空间浪潮中现身，张嘴形成时空通道将整艘飞舟及九十八名世界境全部吞吸进去。,金色奇蝠退去，神秘巨兽现身吞吸飞舟及九十八名世界境。
世界境,掠夺,悬念设置、设定展开,伏笔、设定,神秘巨兽从无尽疆域多处掳掠大量世界境及特殊生命（含哥雀王后裔哥惑、水凝聚生命等），传送至芒涯国接引地山巅。山巅有禁制无法离开，已聚集三万余修行者及数千特殊生命。纪宁推测神秘巨兽擅长时空一道，实力可能远超天一道君。,神秘巨兽从无尽疆域各处掳掠生灵至芒涯国接引地，纪宁等被困山巅。
世界境,最强大的国度,设定展开、悬念设置,伏笔、设定,"两名银甲道君（银甲男子擅雷电、银甲女子擅剑）现身，告知众人被""伟大主宰""挑选至无尽疆域最强大的国度""芒涯国""。成为国民有五条路：突破生死道君；得生死道君庇护（最多十名奴隶）；去九头龙山挖矿一千混沌纪；在第三虫巢生存一千年（十存一）；在星辰岛彼此杀戮（百存一）。",芒涯国与五条成国民之路设定展开，星辰岛为最残酷的第五条路。
世界境,选择,人物心理、情节推进,情感,纪宁因本命誓言须在一个混沌纪内抵达天苍宫，排除前三条路，在虫巢与星辰岛间选择第五条路。纪宁将十八风煞傀儡转交苏尤姬（手环形式，已下命令不会反抗），苏尤姬也选第五条路。三万余人选择分布：二十三名选奴隶、千余名选挖矿、五千余名选虫巢、两万余名选星辰岛。,纪宁选择第五条路星辰岛，将风煞傀儡交给苏尤姬。
世界境,六层,设定展开、伏笔埋设,伏笔、设定,"银甲男女押送选第五条路者至星辰岛区域。星辰岛分六层：第一层三十余万座、第二层两万余、第三层三千余、第四层百余、第五层十二座、第六层仅一座。规则为连胜十场升一层、败一次降一层。凑齐一套完整传承可成国民离开，凑两套必须离开。一个月无传承宝物即处死。九十九种珍贵传承排名第一为心力传承（三千六百件），第二为时空传承（伟大主宰所留第一篇）。第六层唯一者为""贝塔莱厄""。",星辰岛六层结构与传承规则系统展开，贝塔莱厄登场伏笔。
世界境,初来,环境铺陈、设定展开,设定,纪宁飞上星辰岛认主，院落变幻为地球时代风格。金色书简记载三十余万座星辰岛信息及九十九种传承。纪宁选定目标：排名第九的步法传承（观雷电所悟，近战步法）、排名第十九与第七十三的剑术传承。第五层十二位中八位特殊生命四位修行者。银甲男女离开时讨论贝塔莱厄将选心宫或光明宫。纪宁刚到即收到十五个约战。,纪宁登上星辰岛，了解九十九种传承，选定三大目标，遭大量约战。
世界境,初战,战斗描写、人物引入,人物、战斗,纪宁选择应战第三层的丹宝世界神。丹宝为胖乎乎少年，使用六口道之神兵大锤，实力达世界神巅峰。纪宁以双剑正面劈飞丹宝三剑将其打吐血。丹宝认输求饶别夺大锤，坦言自己是炼丹大师，被生死道君掳掠来此，混沌灵液已被掠夺光仅剩六口大锤。,纪宁首战轻松击败丹宝世界神，得知其为炼丹大师。
世界境,三个月,设定展开、伏笔埋设,伏笔、设定,纪宁未夺丹宝大锤，仅取一个剑术传承宝贝，向丹宝了解各层实力：第一层世界境圆满、第二层世界境巅峰或有特殊手段、第三层世界境巅峰、第四层超越世界境巅峰、第五层一步道君实力（八特殊生命四修行者）、第六层贝塔莱厄深不可测。冲到第五层可得庇护。纪宁十二天升第二层、二十六天升第三层、五十一天升第四层。,纪宁从丹宝处了解星辰岛各层实力，三个月内连升至第四层。
世界境,世界境圆满,悟道、转折高潮,修炼、高潮、爽点,纪宁在皓光屋（百倍时光加速）内参悟剑术，感应剑之本源，道树突破三万六千丈达世界境圆满，神晶三万六千颗。纪宁悟透剑之本源最外围一切感悟，明白世界境圆满后再进步需自创属于自己的路方能踏入生死道君。雷宫流炎道君翻看书记发现纪宁连胜六场，决定前往邀请纪宁加入雷宫。,纪宁达世界境圆满（道树三万六千丈），流炎道君关注纪宁。
世界境,芒涯国十二宫,设定展开、人物引入,人物、设定,"流炎道君到访纪宁星辰岛，介绍芒涯国架构：皇族（伟大主宰同族，数量稀少）与十二宫（刀宫、剑宫、光明宫、生灭宫、雷宫、火焰宫、心力宫、善水宫、木化宫、天金宫、厚土宫、时空宫）。流炎道君邀请纪宁加入雷宫并留下信符。纪宁向流炎道君打听苏尤姬所在星辰岛编号""午三九九，干二三六""。",芒涯国十二宫设定展开，流炎道君邀请纪宁入雷宫，纪宁查到苏尤姬位置。
世界境,第十场,情节推进、悬念设置,伏笔,"流炎道君告知苏尤姬即便离开星辰岛也很难加入十二宫。纪宁计划先凑一套简单剑术传承故意输给苏尤姬。纪宁第四层第七战遇时空高手苦战（分身围剿获胜）、第八战遇特殊生命猿猴（力量相当速度更快获胜）、第九战轻松获胜。连赢九场时，第五层精瘦黝黑三眼孩童""千星子""及一名受庇护的黑袍强者""沙巴夫伊""分别注视纪宁。",纪宁连赢九场冲第五层在即，千星子与沙巴夫伊分别盯上纪宁。
世界境,黑袍强者,战斗描写、转折高潮,战斗、高潮,沙巴夫伊向纪宁约战，纪宁主动约战失败被迫应战。沙巴夫伊持黑色大剑（无锋刃）与火红战刀两口永恒神兵，以混乱火焰气息施压。纪宁施九源神雷被无视，沙巴夫伊一剑引出天地火云威势。纪宁以万神式六道血色恶龙迎战，将其轰入海岛根基深处。沙巴夫伊冲出后称纪宁有资格见其真身，黑袍消失露出真身。,沙巴夫伊约战纪宁，双方硬碰硬，沙巴夫伊被迫显露真身。
世界境,惨胜,战斗描写、转折高潮,战斗、高潮,沙巴夫伊真身为漆黑人形身躯，皮肤裂痕射出赤红色物质形成扭曲时空领域。纪宁施元一水火葫芦释放水烟神雷火云神雷两大道之神雷束缚对手，但沙巴夫伊刀剑威能仍压制纪宁。双方持续苦战一个多时辰，沙巴夫伊因神力消耗认输。纪宁获大量传承宝贝凑足一套可离开。沙巴夫伊坦言第五层比他强者众多，纪宁剑术是软肋。,纪宁以元一水火葫芦苦战胜沙巴夫伊，获庇护资格，得知第五层更强。
世界境,黑暗深渊中的注视,环境铺陈、伏笔埋设,伏笔、设定,"纪宁星辰岛升至第五层引起众多妖孽关注。碧发女子""女皇""、永恒一族后裔银发青年等注视纪宁。第五层妖孽们喜欢战斗留此磨砺。黑暗深渊谷底，黑色乱发大汉（皇族""伍王""）与金色甲铠男子（十二宫大能）吃血炎龙兽烤肉，伍王注意到纪宁并评价十二宫将多一小家伙。千星子向纪宁发出约战。",纪宁升第五层引关注，黑暗深渊中皇族与十二宫大能观察，千星子约战。
世界境,狼狈的苏尤姬,情感展现、转折高潮,情感、高潮,皇族伍王一度以目光锁定纪宁令其僵住。纪宁查看金色书简确认苏尤姬仍活着。纪宁向苏尤姬发出约战，苏尤姬在第一层被第三层第四层世界境疯狂约战掠夺虫兽傀儡，疲累绝望中收到第五层约战，猜测是纪宁，咬牙应战。二人相见苏尤姬眼泛红。,纪宁向苏尤姬约战，苏尤姬应战后二人相见，苏尤姬濒临绝境获救。
世界境,千星子,人物引入、战斗描写,人物、战斗,纪宁主动认输将火行传承三百二十片叶子送给苏尤姬，嘱其离开星辰岛后加入十二宫并给信符。苏尤姬学传承后离开。千星子向纪宁约战，化身一千分身施展类似小千祖神阵的阵法围攻，纪宁元一水火葫芦奈何不得大阵。千星子千身合一神体媲美一步道君施展神通刀法飘忽诡异，纪宁处于下风但守得滴水不漏。千星子认输，纪宁败跌至第三层，二人相识。,纪宁送苏尤姬火行传承助其离开，与千星子交手相识。
世界境,星辰岛岁月,悟道、情节推进,修炼、爽点,"一年后第五层增至十五座，哥惑、女皇、水行者等新妖孽冲入第五层，战斗频繁。水行者（水凝聚特殊生命）防御无敌任凭纪宁攻击毫发无伤。纪宁凑足排名七十三剑术传承被水行者缠住认输送出。又过五个月凑足排名第十九剑术传承（流舟道君所创，擅防守，六百页书册六百种剑术意境）。纪宁悟出无名剑术第五式""世界沉""。五百年过去，纪宁参悟流舟道君书册剑术大进。","纪宁在星辰岛持续战斗参悟，悟出无名剑术第五式""世界沉""。"
世界境,无名剑术第六式'灵犀一线牵',悟道、转折高潮,修炼、高潮、爽点,"纪宁在雪鉴图卷洞天中以新悟剑术击败金袍帝皇（一剑穿喉）和刺客（一剑穿喉），与渔夫交手一个多时辰未分胜负。纪宁悟出无名剑术第六式""灵犀一线牵""：飘忽不定不出则已一剑出可抵挡卸力偏转甚至杀敌，是罗天式的根本性跃迁。无名剑术六式体系系统揭示（心剑式、杀剑式、罗天式、涯之角、世界沉、灵犀一线牵）。","纪宁悟出无名剑术第六式""灵犀一线牵""，击败金袍帝皇与刺客。"
世界境,贝塔莱厄，来了,装备获取、悟道,修炼、奖励、爽点,"纪宁创出本源剑意第三式""星辰式""，站稳第五层与千星子打平。纪宁凑足步法传承（八百根玉简），立誓后获""雷龙步法""传承：观伟大主宰所创永恒雷龙悟出，分五重境（掌控、化用、化龙、雷龙、永恒雷龙），创造者仅达四重。纪宁来到星辰岛千年，第六层贝塔莱厄开始出手，击败千星子夺其全部传承宝贝。","纪宁创本源剑意第三式""星辰式""获雷龙步法传承，贝塔莱厄出手击败千星子。"
世界境,离开前的安排,情节推进、情感展现,情感,贝塔莱厄与千星子喝酒，千星子不满贝塔莱厄用阴谋击败自己。贝塔莱厄了解新来妖孽实力后计划横扫一遍离开。纪宁决定离开星辰岛，向丹宝世界神约战认输赠送步法传承，嘱丹宝将来去剑宫找自己。纪宁期待与贝塔莱厄最后一战。,纪宁送丹宝步法传承，准备离开星辰岛前与贝塔莱厄一战。
世界境,主宰,人物引入、伏笔埋设,人物、伏笔,贝塔莱厄逐一击败哥惑、鱼道人、明心仙子、女皇、水行者等第五层妖孽。哥惑最擅时空一道（永恒一族哥雀王后裔）；水行者天赋不亚于古修行者/皇族但诞生太短，贝塔莱厄劝其多呆。第五层仅剩纪宁一人。贝塔莱厄向纪宁约战。黑暗深渊谷底皇族与十二宫大能观战，伟大主宰（六根弯角白胡子老者）现身观看。,贝塔莱厄横扫第五层仅剩纪宁，伟大主宰现身观战。
世界境,纪宁战贝塔莱厄,战斗描写、转折高潮,战斗、高潮,"贝塔莱厄赤手空拳六臂围攻纪宁，纪宁以六柄紫光琼施展""灵犀领域""（融合灵犀一线牵意境与星辰式，领域内一切攻击尽皆挡下）抵挡。贝塔莱厄换六柄永恒神剑再战，纪宁身后雷电羽翼与步法皆化剑术。贝塔莱厄换两柄黑白重锤施锤法境界极高，纪宁完全被碾压靠灵犀领域艰难支撑。贝塔莱厄施展心力幻术变出平原高山及纪宁父母师姐幻象，纪宁强大真灵不受影响。",纪宁以灵犀领域抵挡贝塔莱厄重锤与心力幻术，艰难苦战。
世界境,真身？,转折高潮、伏笔埋设,伏笔、高潮,"贝塔莱厄施""无所不在""金光束缚纪宁，纪宁释放元一水火葫芦两大道之神雷扫荡。贝塔莱厄突然主动认输，将排名第一的心力传承（白色羽毛，三千六百根丝线）托付纪宁转交千星子。纪宁愕然，贝塔莱厄从未显现真身。黑暗深渊大能们感叹贝塔莱厄真身若出可斩杀一步道君。光明宫千涛道君与心力宫争夺贝塔莱厄。",贝塔莱厄主动认输托付心力传承，纪宁获胜但未见其真身。
世界境,心力传承,设定展开、悟道,修炼、设定、爽点,"纪宁学心力传承后系统了解心力六层体系：入门、冰心、主宰、凡尘、归真、世界。第六层""世界""境可开辟心之世界，世界越广阔越强，世界投影可碾压敌人。心力修行者不需参悟高明道，而是建设稳定心之世界。纪宁目前仅摸到第五层门槛，将传承转交千星子，与千星子告别，捏碎剑宫信符准备离开。",心力六层体系与心之世界设定系统展开，纪宁将传承转交千星子。
世界境,离开,设定展开、情节推进,设定,贝塔莱厄选择加入光明宫（兼修心力）。剑宫灰苍道君到访纪宁星辰岛，介绍芒涯国危险：伟大主宰创造诸多危险之地机缘，道君间禁止自相残杀但世界境间争斗惨烈。灰苍道君提前给予纪宁剑宫身份令牌（伟大主宰亲炼，禁止十二宫自相残杀、庇护皇族）及芒涯国星图。纪宁炼化令牌后飞离星辰岛，星辰岛坠入黑暗深渊。,贝塔莱厄选光明宫，纪宁炼化剑宫令牌获芒涯国星图离开星辰岛。
世界境,又一幅雪鉴图卷,悬念设置、伏笔埋设,伏笔,"纪宁飞行三个月感应到雪鉴图卷波动，方向与苏尤姬所在相近。湖泊水下辟龙宫内青皮异族生命""青芥世界神""（从星辰岛出来）拥有一幅雪鉴图卷，感应到纪宁三幅图卷后大喜，敲响辟龙大鼓召集二十七水魔将设伏，谎称与纪宁有旧怨，约定杀纪宁后只要三幅图卷。",纪宁感应到雪鉴图卷，辟龙宫二十七水魔将设伏图谋。
世界境,二十七水魔将,战斗描写、转折高潮,战斗、高潮,纪宁冲入湖底辟龙宫，二十七水魔将杀出围攻。纪宁以灵犀领域剑术尽皆挡下，一剑轰飞首领辟龙世界神（超越世界境巅峰）。纪宁全力爆发轰飞十九名世界神，以青花雾气之力连续三剑震碎辟龙世界神神体真灵溃散，再追杀青芥世界神化为齑粉。其余水魔将四散逃窜。纪宁夺得青芥遗留宝物含一幅雪鉴图卷（第一幅宫殿图）。,纪宁击杀辟龙世界神与青芥世界神，夺得又一幅雪鉴图卷。
世界境,血焰云果,装备获取、设定揭示,奖励、揭示、设定,纪宁在飞舟上查看战利品，雪鉴图卷为第一幅宫殿图（非第四幅）。纪宁分神力化身进入图卷洞天击败金袍帝皇（剑术略不同但同流派）。青芥遗留仅有永恒神兵下品青色神剑及两门法门。辟龙世界神遗物中有纯一环玉瓶（一混沌纪萃取一方混沌灵液，价值万方），内藏血焰云果（混沌孕育，改变神体为血焰神体可驾驭血焰神火飞行，价值百万方有价无市）。纪宁继续飞行两个多月抵达苏尤姬藏身处。,纪宁获血焰云果（价值百万方），确认雪鉴图卷仍缺第四幅，抵达苏尤姬处。
世界境,惠蓝教,环境铺陈、悬念设置,伏笔、设定,"苏尤姬被困惠蓝教东烟分教青梵仙子洞府。苏尤姬离开星辰岛后在飞仙圣君险地获飞仙圣君传承及雕像，与青梵仙子结伴回东烟分教即被围困。东烟教主""惑龙世界神""谋夺苏尤姬虫兽傀儡及飞仙圣君雕像，因惠蓝教规矩禁擅闯弟子洞府，派十八名世界境盯守。纪宁飞舟抵达，假意加入惠蓝教闯入分教。",苏尤姬被困惠蓝教东烟分教，纪宁假意入教闯入施救。
世界境,新来的师弟,情节推进、悬念设置,伏笔,"纪宁以化身抓捕高瘦世界境入洞天审问，得知苏尤姬被困详情及东烟分教阵法禁制布局。纪宁飞至青梵仙子洞府前，以""新来师弟感谢青梵师姐指点""为由求见，传音青梵仙子""要救尤姬就配合我""。青梵仙子传话苏尤姬，苏尤姬得知纪宁到来。",纪宁审问分教情况，以新弟子身份接触青梵仙子并传话苏尤姬。
世界境,交给我,转折高潮、情感展现,情感、高潮,纪宁进入青梵仙子洞府与苏尤姬相见，将苏尤姬收入洞天法宝。纪宁走出洞府面对十八名世界境，拒绝立本命誓言，直接显现三头六臂以六大手掌活捉十一名世界神。纪宁神识涌出镇压东烟分教近三百道神识仙识，声震天地宣告带追随者离开，阻拦者杀无赦。,纪宁收苏尤姬入洞天，镇压三百世界境神识宣告杀无赦。
世界境,大开杀戒,战斗描写、转折高潮,战斗、高潮,东烟教主惑龙世界神开启封禁大阵封闭东烟分教，命令弟子控制阵法杀纪宁。纪宁释放元一水火葫芦两大道之神雷扫荡千万里，不足十息灭杀三十九名响应教主的世界境。东烟教主命十九名阵法核心世界境激发阵法。纪宁以道之神雷幅散笼罩全分教，声言不掺和者不伤。,纪宁以道之神雷扫荡灭杀数十名世界境，东烟教主激发阵法对抗。
世界境,大阵齐出,战斗描写、转折高潮,战斗、高潮,"东烟教主操控封禁大阵，十六名世界境操控八座大阵（三座迷惑、五座进攻：斧头、神雷、火焰神魔、黑雾、神剑）。纪宁神魂强大幻术尽失败。纪宁以道之神雷破混沌神雷与黑雾，化身万丈神魔三头六臂施""天崩式""（明月剑术力量最大一式，经星辰岛磨练媲美星辰式霸道）六个大手拍碎火焰神魔、斧头、神剑。东烟教主欲耗死纪宁，纪宁飞向主殿。",纪宁以天崩式拍碎五大阵法之威，飞向主殿攻击东烟教主。
世界境,纪宁的奴隶们,转折高潮、装备获取,奖励、高潮,纪宁以六柄紫光琼施星辰式破主殿八重守护禁制中六重，连续十次全力攻击封禁大阵无法破开。纪宁转而破开各阵法核心禁制，抓捕十六名操控阵法世界境及十八名盯守世界境共三十四名。纪宁给三十四人两条路：死或立本命誓言当奴仆（一千混沌纪后恢复自由）。五名自杀，二十九名选择当奴隶。东烟教主捏碎信符求救大哥蝠龙道君。,纪宁破阵法核心抓三十四名世界境，收二十九名为奴隶，东烟教主求救。
世界境,蝠龙道君,人物引入、转折高潮,人物、高潮,"纪宁以道之神雷加六柄紫光琼狂攻主殿一天一夜，破七层守护禁制仅剩最内一层。东烟教主以混沌晶石补充法力苦撑等大哥。惠蓝教总教黑袍道君""蝠龙道君""（惑龙亲兄，靠偷天生死丹突破的黑甲道君）赶到，闯入封禁大阵进入主殿，一巴掌抽飞东烟教主命其向纪宁认错。",纪宁狂攻主殿一天一夜，蝠龙道君赶到抽弟弟命其认错。
世界境,了结（本卷终章）,矛盾收束、转折高潮,冲突、高潮,蝠龙道君送五万方赔礼（一万方混沌灵液加两件永恒神兵），命东烟教主立誓千年内赴九头龙山挖矿一百混沌纪。蝠龙道君传音弟弟解释十二宫内部地位差异：黑甲道君（偷天生死丹突破）地位最低无资格生死战，纪宁前途无量将来必成强大道君。纪宁接圆环了结恩怨，给青梵仙子信符。蝠龙道君决定暗中赴九头龙山照料弟弟。纪宁携苏尤姬飞舟飞行五个多月遥见十二宫，朝剑宫飞去（本卷终）。,蝠龙道君调停赔礼，东烟教主去九头龙山挖矿，纪宁携苏尤姬飞向剑宫，全卷落幕。
十二宫,剑君,环境铺陈、设定展开,设定,"纪宁持剑宫令牌初入剑宫，黑甲道君伏丹引路，沿途看到剑宫正门""剑宫""二字为第一代宫主风雪帝君（道君时即可匹敌永恒帝君，创建剑宫后合道成帝君）所留，蕴含成就永恒的剑道。伏丹讲解十二宫创建规矩及剑宫格局，途中见识六大剑君之一炎狂师兄随意碾压世界境对手的可怕剑术（世界境即可斩杀一步道君）。",纪宁初入剑宫，剑宫格局与六大剑君设定展开。
十二宫,剑修的圣地,设定展开、环境铺陈,设定,伏丹带纪宁参观藏书古楼（剑宫创建时所建，数千万卷残缺剑术+五十万卷完整剑术，至少道君层次，随意修炼，甚至有永恒帝君所留），介绍剑宫修行者分类（靠自己修炼成道君的+六位剑君为一类，黑甲道君靠偷天生死丹突破地位最低共两千余位）。纪宁惊叹藏书古楼为剑修圣地，伏丹称其排不进剑宫前三。,藏书古楼设定展开，剑宫修行者阶层体系揭示。
十二宫,剑塔林,环境铺陈、设定展开,设定,伏丹带纪宁飞越高空，依次遥指神兵谷（藏大量神兵法宝奇物，需规矩购买）、道君云界（剑宫最高建筑，四层云雾凝聚，大量剑术傀儡对手甚至媲美三步道君，闯过各层得黑甲青甲银甲金甲）、秘阁（神通秘术传承，新成员可任选一份）。最后抵达剑宫第一圣地——剑塔林，八万三千六百一十二座剑塔，每座为得剑塔承认的大能亲手所留，蕴含剑意，永恒流传。,剑宫四大圣地完整展开，剑塔林为第一圣地。
十二宫,木华宫主,人物引入、设定展开,人物、设定,纪宁在剑塔林参悟启长道君剑塔（世界境得剑塔承认，四步道君时击败古修行者永恒帝君，无尽疆域第一道君，合道前漂泊生死不知）。剑宫副宫主木华宫主登场（金甲、颓废沧桑、媲美永恒帝君的道君），颇为欣赏纪宁，带其前往秘阁挑选。木华宫主讲解永恒帝君传承最珍贵（剑宫仅五份，需剑君资格+通过考验），并透露剑宫至今无一位永恒帝君（三位帝君两位漂泊一位身死）。,木华宫主登场，永恒帝君传承体系与剑宫帝君历史揭示。
十二宫,希望,转折高潮、人物心理,情感、高潮,纪宁询问十二宫能否弄到第四幅雪鉴图卷，木华宫主建议去神兵谷求助并称雪鉴帝君至今活着。纪宁问出心中最渴望之事——伟大主宰能否逆转时空复活真灵湮灭者，木华宫主确认实力达足够高境界确实可以做到（传说会让施展者付出惊人代价），纪宁终见复活余薇的希望，立志变强。纪宁在秘阁发现万神道君九大秘术中的五大（九源神火/水/厚土/神木/玄金，各一百万方），选定《九源神水》秘术（雷电与水契合相辅相成）。,逆转时空复活余薇的希望被确认，纪宁选九源神水秘术。
十二宫,断剑？,悬念设置、伏笔埋设,伏笔,纪宁前往神兵谷，在大量永恒神兵层次神剑中发现一柄天生断剑（整个神兵谷唯一摆放于条案、无标价、剑意最浩瀚悠远，纪宁至今感受过最可怕的剑意），但无法靠近断剑十丈内。剑五剑六解释并非阵法禁制阻挡，而是断剑本身威能阻止，唯有有缘者可靠近，连剑宫两位宫主都得不到认同。纪宁请神兵谷帮忙搜集第四幅雪鉴图卷（五十万方内可承受），并购买九种混沌层次神水修炼九源神水上篇。,神兵谷断剑悬念埋设，纪宁请十二宫搜集第四幅雪鉴图卷。
十二宫,火焰异兽,人物引入、伏笔埋设,人物、伏笔,"纪宁在剑宫山峰安家，以时光草屋百倍加速在剑塔林参悟剑术。苏尤姬前往火焰宫尝试加入（始终未通过考验）。丹宝世界神（炼丹大师，星辰岛旧识）也在火焰宫外尝试考验未过，决定投奔纪宁。芒涯国皇宫中，伟大主宰与一头火焰异兽交谈，称其天赋极高有资格去""古域""，火焰异兽疑惑古域为何处。",火焰异兽（天火芒涯）登场，古域伏笔埋设。
十二宫,古域,设定展开、核心伏笔,伏笔、设定,"芒涯国皇宫虚空十三王座上，伟大主宰（六根弯角白胡子老者）召集十二位金甲大能（含木华宫主），宣布将新皇族火焰异兽送入""异宇宙""——伟大主宰参悟时空发现另一宇宙痕迹并打通宇宙通道（仅道君以下能通过，意念可渗透）。异宇宙有大一统势力，其""古域""是异宇宙核心起源之地，无数修行者渴望进入，活着出来者个个实力大进。伟大主宰持有五块古域令，选出十二宫四位世界境与火焰异兽同行。贝塔莱厄、东修（世界境极致）排除在外，六十六位得古塔承认者列为候选（纪宁当时不在其中）。",异宇宙古域大机遇核心伏笔展开，十二宫选拔设定。
十二宫,一套雪鉴图卷,情节推进、转折高潮,高潮,十二宫大能暗中提点候选世界境。纪宁在剑宫参悟二十余年（时光加速两千余年），道君云界闯五次。神兵谷剑五传话纪宁——第四幅雪鉴图卷已找到（三十万方图卷价+三万方道君谢礼共三十三万方）。纪宁购得图卷急返仙府闭关，准备通过第四洞天考验凑齐一套成为雪鉴帝君亲传弟子。,第四幅雪鉴图卷到手，纪宁即将完成雪鉴帝君传承考验。
十二宫,帝君亲传弟子,战斗描写、转折高潮,战斗、高潮,"纪宁神力分身进入第四洞天（冰天雪地），击败看守者""剑客""（自称剑客，剑术包容一切流派可暴力可飘然可冰冷，比前三洞天帝皇、渔夫、刺客更强）。纪宁悟出灵犀领域之路相对容易，白发男子之路将几种道路完美结合难十倍。四幅图卷融合为雪鉴帝君自画像，纪宁磕头拜师后被收入帝君洞天，见雪鉴帝君一丝神念（背剑男子，剑意平淡中存锋芒，比木华道君可怕得多）。",纪宁击败第四洞天剑客，四图卷融合拜雪鉴帝君为师。
十二宫,记忆片段,设定展开、装备获取,奖励、设定,"雪鉴帝君神念要求纪宁合道前代收十名记名弟子，立下誓言后神念钻入纪宁体内传授大量记忆片段：《心印剑术》十五式（合道成永恒的剑术，每式帝君亲自演练三遍，第十五式""心印式""一剑湮灭亿万混沌星辰）、《剑道五印》大神通、四尊三步道君巅峰傀儡（帝皇、剑客、渔夫、刺客）。《心印剑术》可分解为四套普通剑术（渔夫之剑、刺客之剑、帝皇之剑、杀手之剑）及九十六套低等剑术。纪宁持续半月参悟，灵犀领域大增，已可凭之成为一步道君，但这并非自己的路。",雪鉴帝君传承完整授予，《心印剑术》《剑道五印》及四傀儡获得。
十二宫,永恒经十二卷,设定展开、伏笔埋设,伏笔、设定,"四尊傀儡（三步道君巅峰，剑客略高一筹）告知纪宁须击败方可炼化，每尊仅能帮一次保命。伟大主宰传授火焰异兽《永恒经十二卷》（皇族独有传承，包括万象，古修行者曾奴役皇族，此传承使皇族地位平等），火焰异兽取名""天火芒涯""，定一千年后送往异宇宙。十二宫候选世界境陆续被召回，炎狂师兄等剑君得知大机遇，纪宁不知情仍沉浸修炼，转眼八百年过去。",《永恒经十二卷》皇族传承展开，大机遇选拔时限一千年确定。
十二宫,无名剑术第七式,悟道、转折高潮,修炼、高潮、爽点,"纪宁练成《心印剑术》第七式""轮回式""（雪鉴帝君借此突破道君之招），进而参悟《无名剑术》第七式""天地之心""（心力和剑招完美结合，一剑出仿佛挚爱的眼泪）。施展时引发剑塔林新生一座剑塔，亿万剑影朝纪宁臣服——纪宁得到剑塔承认，成为剑宫第七位剑君。剑宫之灵告知新生剑塔属于纪宁。伟大主宰与十二金甲大能目睹此景，回溯看到纪宁施展的剑招。","纪宁悟出无名剑术第七式""天地之心""，得剑塔承认成第七剑君。"
十二宫,最接近主宰的帝君,设定揭示、核心伏笔,伏笔、揭示、设定,"伟大主宰确认纪宁施展的是""心剑术""——心剑帝君所创。心剑帝君崛起极快，四步道君时一连斩杀二十余位道君覆灭大宗门成名，合道成永恒后挑战一位位帝君战无不胜未杀一人，后挑战三大主宰自认""我败了""，但古修行者伟大主宰称""他实力足以媲美我等""，故被公认为最接近三大主宰的帝君。其厉害在于将心力修行者与神魔流完美结合使威力暴增。心剑帝君漂泊前在道盟留下完整《心剑术》（唯一心力与神魔流完美结合可成永恒的剑术），外界流传皆残缺。伟大主宰嘱木华宫主提醒纪宁走自己路时融入心力与剑术结合之奥妙。",无名剑术即心剑帝君《心剑术》，心剑帝君为最接近三大主宰的帝君。
十二宫,准备,设定展开、人物引入,人物、设定,木华宫主告知纪宁无名剑术来历（心剑帝君所创），完整版仅道盟有，芒涯国付出代价仅买得前十式可公开传播（藏书古楼有）。纪宁前往藏书古楼获取《心剑术》前十式玉简。丹宝世界神前来投奔纪宁（立本命誓言追随），苏尤姬、丹宝世界神成为纪宁可自由出入剑宫的两名仆从。纪宁得知大机遇（十二宫选四名世界境），决定卖血焰云果筹措资源准备。,纪宁获心剑术前十式，丹宝世界神追随，准备卖血焰云果备战。
十二宫,卖宝贝,情节推进、人物心理,情感,血焰云果可强行转化为火属性神体（神魔流才能承受），道君都追不上。纪宁让丹宝世界神、苏尤姬放出消息给黑甲道君传遍十二宫，定一百年期限选最高价。丹宝世界神以炼丹大师的卖灵丹技巧操纵竞价，虚报价格引诱真实报价，价格从一百三十万方一路攀升。一百年后纪宁从剑塔林归来，血焰云果以一百八十万方成交（远超纪宁预期的一百五十万方）。,丹宝世界神操盘卖血焰云果获一百八十万方高价。
十二宫,一千年到,转折高潮、设定展开,设定、高潮,一千年期满，伟大主宰定选拔规则——闯道君云界三天内闯入最远者四人入选。木华宫主召集剑宫七位剑君（纪宁、炎狂、无秀等）告知规则，希望剑宫至少得一名额。各宫候选世界境纷纷赶赴道君云界。纪宁前往神兵谷，以剑君资格（得剑塔承认可任选不超百万方宝物）选购神水七旗瓶（一百五十万方，补五十万方差价）及七种道之神雷，共耗二百一十万方（算剑宫赠送百万方合计超三百万方）。纪宁闭关准备。,道君云界选拔规则确定，纪宁购入神水七旗瓶及七种道之神雷。
十二宫,修炼,悟道、人物心理,修炼、情感、爽点,纪宁将七大道之神雷、七大道之神水转移进体内雷电之源、神水之源。尝试修炼九源神雷/九源神水下篇二重神雷/二重神水（世界境法力本不足以修炼，但纪宁青花雾气之力媲美道君法力）。接连尝试二十次二重神雷失败、二重神水亦失败，纪宁明白万神道君是炼丹炼器大宗师，自己完全不懂靠蛮力无法成功。决定闯完道君云界后向丹宝世界神请教炼丹炼器技巧。,纪宁尝试修炼二重神雷/二重神水失败，因不懂炼丹炼器。
十二宫,闯道君云界,战斗描写、情节推进,战斗,纪宁进入道君云界，以明月剑术（五式皆比无名剑术第七式、心印剑术第七式威力大）轻松闯过第一层黑云界、第二层青云界（得青甲，永恒法宝下品），为闯第三层银云界在青云界小岛恢复实力。皇宫中伟大主宰与十二金甲大能观战，心力宫风一心君排第一（692层），刀宫占第二三四（红雪刀君680层等）。木华宫主与刀宫副宫主阴风道君互相挑衅。纪宁是剑宫最后一位仍在闯的。,纪宁闯过道君云界前两层得青甲，银云界选拔排名竞争激烈。
十二宫,祭坛,战斗描写、转折高潮,战斗、高潮,银云界内为一座九百层台阶的巨大祭坛，越往上傀儡越强越多。庆桓皇子（时空宫，伟大主宰记名弟子，时空+金行双修，《幻玉秘术》近乎大成）强势碾压至719层破七百层（世界境破七百层仅贝塔莱厄、东修曾做到），止步719层排名第一。风一心君692层第二，红雪刀君680层第三，赤戚刀君668层第四。纪宁进入银云界，以七大神雷七大神水形成七星二相阵配合明月剑术闯荡。炎狂剑君败于597层，纪宁成剑宫唯一仍在闯者。,庆桓皇子719层排名第一，纪宁成剑宫最后希望闯银云界祭坛。
十二宫,韧性,战斗描写、人物心理,情感、战斗,纪宁在祭坛以明月五式（天崩式、无影式、唯心式、阴阳式、滴血式）配合轮回剑意及七星二相阵艰难前进，最擅长阴阳式和唯心式防御。纪宁青花雾气之力虽无法施展神通却极为稳定持久，剑术各方面平衡韧性十足。五百层（中等水准）、五百五十层、六百层（第十个闯过六百层，剑宫表现最好）。伟大主宰评判纪宁六百零二层为极限，木华道君心中暗叹剑宫无望。,纪宁凭韧性与平衡剑术闯至六百零二层，被伟大主宰判定为极限。
十二宫,属于纪宁的道,悟道、转折高潮,修炼、高潮、爽点,"纪宁在傀儡围攻下悟出——真正的阴阳式不是艰难抵挡而是""无处不在""，化剑招为领域。以七重道之神雷、七重道之神水为剑，明月五式之阴阳式蜕变为""阴阳剑意领域""（一正一逆撕扯、阴阳相逆相辅，万里范围巅峰威力，处处皆攻击）。纪宁借此轻松前进。伟大主宰与十二金甲大能震惊，确认纪宁悟出""最强防御之道""，成四步道君可压制普通永恒帝君，注定是逆天道君。各大能从此称纪宁为""北冥剑君""平等看待。",纪宁悟出阴阳剑意领域（最强防御之道），各大能刮目相看。
十二宫,尘埃已定,转折高潮、悬念设置,伏笔、高潮,"纪宁止步于705层（剑术在绝对实力前崩溃），排名第二（庆桓719第一、风一692第三、红雪680第四）。木华宫主告知纪宁把握很大。善水宫""火晋水君""（凡俗原名火晋，主修火行后发现水行更适合）突然闯至687层挤掉刀宫，刀宫全军覆没。最终四人获大机遇：庆桓皇子、纪宁、风一心君、火晋水君。伟大主宰召见四人，纪宁前往皇族所在。",选拔结果尘埃落定，纪宁排名第二获大机遇，伟大主宰召见。
十二宫,初次相见,人物引入、设定展开,人物、设定,纪宁经时空传送阵抵达芒涯国皇宫（雪白金色调，威压如仰望星空），宫门前两座灰色雕塑（人类持枪+龙族异兽，皇宫两大守护神，伟大主宰闯威名时随身）。风一心君（红袍光头瘦小青年，红色神纹有特殊魅力，笑容温暖人心）、火晋水君（深蓝衣袍阴冷少年）、庆桓皇子（黑色皇袍高冠，气质第一）先后抵达，四人互相结识。入宫门后被挪移至苍茫虚空，见伟大主宰本尊（巍峨巨兽，火焰星辰般眼眸）。,四名入选者齐聚皇宫，首次面见伟大主宰本尊。
十二宫,跟着主人走,设定展开、情节推进,设定,"伟大主宰说明异宇宙古域之行，嘱四人帮助皇族""天火芒涯""并承诺重谢。天火芒涯登场（火焰异兽化形，火红长发青色甲铠青年）。伟大主宰讲解异宇宙（不同本源，外层相同内在不同，对实力无影响）、宇宙通道（两大宇宙规则影响仅道君以下能通过，道君擅闯会被绞杀）、古域（异宇宙核心起源之地，范围堪比无尽疆域，擅闯遭古域力量毁灭真灵不存，须炼化古域令方可进入）。赐五人各一枚古域令及异宇宙星图。纪宁回剑宫带苏尤姬、丹宝世界神随行（躲洞天法宝内）。三天后五人于皇宫集合，灰色雕塑送他们前往宇宙通道。",异宇宙古域规则全面展开，五人获古域令出发。
十二宫,初入异宇宙,环境铺陈、悬念设置,伏笔、设定,宇宙通道入口在虚空中漂浮山峰半山腰，伟大主宰化身交代——异宇宙心灯真灵塔命简信符皆无法感应生死，建议留分身判定生死。五人进入宇宙通道，忍受时空规则扭曲飞行三年余抵达异宇宙。感应异宇宙本源外层与无尽疆域相同、内在不同（剑之本源更内敛凶厉）。按星图需途经三千多疆域约一千五百多年抵达古域。在一混沌星辰峡谷洞府处，火焰身影（已杀三百多世界境）与绿发世界神密谋劫杀五个外来的世界境。,五人穿越宇宙通道抵达异宇宙，劫杀危机暗中酝酿。
十二宫,袭击,战斗描写、转折高潮,战斗、高潮,一百零九名世界境布穹一神水大阵袭击纪宁五人。火晋水君轻易破阵，庆桓皇子金色巨掌拍碎十余名世界境，天火芒涯漫天火焰烧死大量弱者。纪宁施阴阳剑意领域百万里笼罩，七大神雷神水化为巨剑撕碎强大世界神。风一心君以心力逼两名幸存世界境自杀（纪宁等四人都做不到之事）。五人毁尸灭迹平分战利品，发现被杀者实力异常强（世界境巅峰超十个，超越巅峰三四个）。,五人联手横扫一百零九名世界境劫杀者，实力悬殊碾压。
十二宫,缘由,设定揭示、情节推进,揭示、设定,"五人探查发现被杀世界境盘踞洞府近一百五十座（约十九名逃走）。幸存者见一百二十六个命简接连破碎惊恐逃离。一月内五人遇三次劫杀，审问三名俘虏得知缘由——异宇宙大一统势力""毁灭神庭""麾下""九神星""（周围数百疆域第一宗门，九大分支首领皆合道边缘，最强者为毁灭神庭神将）公开收徒：杀一千名世界境方可入门，前三名得古域令送古域，引发数百疆域疯狂劫杀，弱者被杀剩者皆强。五人明白古域令不可外泄。",劫杀频发缘由揭示——九神星收徒规矩引发数百疆域疯狂杀戮。
十二宫,历险记（本卷终）,转折高潮、悬念设置,伏笔、高潮,"九神星暗中派数十名一步道君巡视寻找惊采绝艳者。第68年一名一步道君欲强行掳走五人，庆桓皇子一招灭杀并搅乱时空掩盖。两年后九神星三步道君查探因时空混乱受阻（以为得罪时空大能）。百余年后九神星合道边缘大能追查出""五世界境一招灭杀一步道君""真相，欲收入九神星，但五人已出势力范围。途中另遇特殊生命乌龟壳势力追杀（沉睡乌龟生物气息可怕），五人不敢杀特殊生命侥幸逃脱。历时一千六百零五年，五人终于抵达古域外围（无尽云雾弥漫隐隐紫色），全卷至此收束。",五人历险杀九神星道君遭追查、遇特殊生命追杀，历时1605年抵达古域外围。
古域,古域内的世界,环境铺陈、设定展开,设定,纪宁、庆桓皇子、风一心君、火晋水君、天火芒涯五人持古域令进入异宇宙古域，循感应朝古域核心前进。古域为异宇宙核心与起源之地，充满危险与机遇，无古域令者会被古域力量碾压成齑粉。五人遇一座漂浮大陆，发现古域中竟孕育了凡俗生灵（万象境修士练雨真人），渡劫飞升后无法返回，推测飞升至道君洞天世界，大陆背后可能隐居道君大能。,古域设定展开，五人进入古域发现其中孕育凡俗生灵，大陆背后疑似有道君隐居。
古域,空间风暴,环境铺陈、转折高潮,设定、高潮,五人在古域闯荡千余年遭遇一位合道边缘绿袍道君袭击，庆桓皇子拼尽全力穿梭时空侥幸逃脱。进入古域两千八百余年后遭空间风暴裹挟九个多月，被卷至一座有生灵的漂浮大陆。大陆边缘有巨型阵法化解空间风暴，疑似大能留下，大陆上可能有时空传送阵可离开。,五人遭遇合道边缘道君袭击侥幸脱险，后被空间风暴卷至另一座有生灵的大陆。
古域,传送阵,人物引入、设定展开,人物、设定,"五人拜访大陆第一高手齐修老魔（返虚地仙层次），得知此大陆称""凡界""，天地元气淡薄因阵法汲取所致，仅一座古传送阵可通往""灵仙界""，百年开启一次。风一心君抹除齐修老魔记忆。五人在冬山隐居等待六十一年，纪宁结识凡人青年杨屈定（号青竹），观其拉木钻产生感悟。",凡界与灵仙界设定展开，古传送阵百年一开，纪宁在冬山结识凡人青竹。
古域,明月剑术之滴血剑意,悟道、转折高潮,修炼、高潮、爽点,"纪宁观青竹拉木钻悟出""欲速则不达""之理，在洞天世界中推演剑术，悟出明月剑术之""滴血剑意""——破坏一切道的阻碍、摧毁局部空间之道进入另一空间维度的最快之剑、破坏毁灭之剑，威力可媲美雪鉴帝君最强一剑。滴血式核心为剑光带一丝旋转，如木钻钻透木头般破坏道的束缚。",纪宁观凡人拉木钻悟出滴血剑意，明月五式之第二式最强之道成就。
古域,纪宁的第二个弟子,人物引入、情感展现,人物、情感,纪宁感念青竹（杨屈定）借其悟道之恩，查其过往：商贾之子、无灵根、丧父后被夺妻打击遁入山林，心境极高。纪宁以剑光为其脱胎换骨改造身体（灵根达大陆第一），留一道神念于其识海传《阴阳剑术》《滴血剑术》及凡俗至天仙天神的修炼法门，设禁制不可外传。青竹为纪宁第二个弟子（第一个为青崖小雨）。,纪宁收凡人杨屈定（青竹）为第二个弟子，传阴阳、滴血两大剑术。
古域,灵仙界,转折高潮、悬念设置,伏笔、高潮,六十一 年后五人经古传送阵抵达灵仙界，却发现柱石上捆缚千万受尽折磨的修士。上百具祖神层次傀儡现身，以布袋吞吸数亿刚来的元婴修士、化神尊者。五人隐匿观察，得知灵仙界大陆背后有一位道君，此处实为折磨修士的炼狱阴谋。,灵仙界真相揭晓——非修行圣地而是道君折磨修士的炼狱，五人隐匿探查。
古域,巨大牢狱,环境铺陈、悬念设置,伏笔、设定,五人潜入灵仙界大陆边缘查探，发现笼罩大陆的阵法玄妙非凡（至少三步道君甚至合道边缘所创），无法破开也无法回凡界。大陆中央核心有淡绿色雾气中的巍峨洞府，疑为道君居住地。五人进入巨大牢狱查探，关押不可计数修士，傀儡百万计。同时灵仙界道君（佝偻身躯老者）得报新一批修士已到，前往牢狱查看。,灵仙界大陆阵法与道君洞府格局展开，道君察觉异动前往牢狱。
古域,修士们的希望,设定展开、悬念设置,伏笔、设定,"五人询问被囚瘦小老者，得知修士们坚持活着的希望是渡劫飞升逃离。火晋推测古域大陆的""天劫""实为古域降临（古域为异宇宙起源，力量几乎等于整个异宇宙，道君不敢插手渡劫），八成可能如此。正询问间，道君神念弥漫笼罩整个牢狱，发现五人，怒喝""你们五个是谁""。",渡劫飞升之谜揭示（古域降临天劫），道君神念发现纪宁等五人。
古域,斩杀道君,战斗描写、转折高潮,战斗、高潮,风一心君假意谈判，佝偻道君暗中调动阵法威能凝聚黑色大蛇欲灭杀五人。五人同时出手：风一施展心之世界投影碾碎牢狱镇压百万傀儡，纪宁施展阴阳剑意领域绞杀，庆桓皇子以金色双掌轰击，天火芒涯、火晋水火联手。黑色大蛇被击溃，佝偻道君（仅一步道君实力）毫无反抗之力被瞬间轰杀。风一强行炼化过百万傀儡分五份。,五人联手一招瞬间斩杀佝偻道君，炼化百万傀儡，解救无数修士。
古域,功德,设定展开、情感展现,情感、设定,五人因解救无数受折磨修士获大量功德（远超救整个混沌世界）。前往道君洞府，纪宁以阴阳剑意领域、风一以世界投影、庆桓以金色双掌、天火芒涯化真身、火晋联手轰击洞府，但笼罩大陆阵法丝毫无损，阵法中枢应在洞府隐秘处。五人谨慎进入洞府探查。洞府最底层深处，一名远比佝偻道君强大的黑袍道君察觉五人进入，奉师尊之命镇守此地，严令杀无赦外来者。,五人获大量功德，轰击道君洞府无果，洞府深处隐藏更强大的黑袍道君。
古域,名为'莫刹',人物引入、悬念设置,人物、伏笔,"黑袍道君派遣三步道君实力的盾牌巨斧傀儡""莫刹""前去灭杀五人。五人破开八重封禁抵达殿厅，遭遇莫刹。莫刹一手盾牌一手巨斧，气息雄浑远超一般道君。风一尝试谈判被拒，莫刹直言""你们死""，持盾斧杀来。",三步道君实力傀儡莫刹登场，奉黑袍道君之命灭杀五人。
古域,死亡危机,战斗描写、转折高潮,战斗、高潮,莫刹一斧横劈劈开风一十八头火焰神鸟，火晋被拦腰斩断化水流逃离，天火芒涯倒飞，庆桓六掌拦斧吐血倒飞。纪宁趁隙以滴血式刺莫刹手指关节欲夺斧，莫刹以最擅长的盾牌拍击纪宁，纪宁被拍飞撞壁吐血（幸金像护体神通完全练成神体媲美道之极品法宝才保命）。危急时刻纪宁动用雪鉴帝君留下的刺客傀儡（仅帮一次），刺客以毒蛇般剑光捆缚莫刹收入雪鉴图卷洞天。庆桓皇子感言欠纪宁一条命。,莫刹碾压五人，纪宁动用雪鉴帝君刺客傀儡（仅一次）擒获莫刹化险为夷。
古域,黑袍道君,人物引入、悬念设置,人物、伏笔,"五人商议得知洞府中很可能还有一位更强大的道君。纪宁在雪鉴图卷洞天中尝试炼化莫刹不成（世界境法力无法抹杀三步道君傀儡原主印记）。五人推开殿厅另一面石门，发现深绿色怨气液化池中培育着一朵千叶彩霓花（无尽疆域大名鼎鼎的洗练法宝材料，约百万方混沌灵液，自然环境孕育）。黑袍道君现身，揭示此花唯其师尊""三蚕帝君""（永恒帝君、罪孽滔天的大魔头、毁灭神庭神将）能种植。",黑袍道君现身，揭示千叶彩霓花与三蚕帝君背景，五人面临永恒帝君层级威胁。
古域,给你们两条路,矛盾爆发、转折高潮,冲突、高潮,"黑袍道君（三步道君巅峰，借三蚕帝君阵法在灵仙界可敌合道边缘道君）告知已毁凡界时空传送阵断绝后患，给五人两路：立本命誓言永为奴仆则活，否则死。风一假意应""生""，捏碎心力宫保命道符（媲美心力宫宫主全力两三成威能，杀合道边缘道君轻松，对永恒帝君稍有威胁），无形波动扫过，黑袍道君瞬间惊恐而死。风一叹此道符仅有两枚已用一枚。",黑袍道君逼五人为奴，风一以心力宫保命道符一击毙杀黑袍道君。
古域,灵仙界之秘,设定揭示、转折高潮,揭示、设定、高潮,五人采摘千叶彩霓花，风一收黑袍道君宝物（众人推让归风一，因用掉珍贵道符）。继续前进发现阵法中枢殿厅，镶嵌上万种奇石（价值千万方），分五份各取。风一破解阵法，阵法溃散可离开。阵法撤除后高空赤红色火焰炼狱降临，灵仙界大陆崩解。五人将千万修士收入洞天法宝保护，目睹大陆崩解露出道君洞府下方隐藏的百万里范围空间火冥石矿山（价值无量，足以让永恒帝君厮杀）。,灵仙界阵法破解大陆崩解，五人发现地下百万里范围空间火冥石矿山。
古域,三蚕帝君,设定揭示、人物心理,情感、揭示、设定,"五人震惊于空间火冥石矿山（异宇宙最大，需三步道君以上方可开采，无法挪移），但无力开采只能离开。同时揭示三蚕帝君真实现状：因杀符博帝君爱徒夺""紫霆冷焱""悟道异宝，被符博帝君追杀十九个混沌纪，两件保命珍宝用尽，四处躲藏自顾不暇，感应到徒弟被杀也不敢查看。五人担心三蚕帝君追杀，迅速逃向古域核心。",空间火冥石矿山无力开采，三蚕帝君被符博帝君追杀自顾不暇的真相揭示。
古域,一行八位,人物引入、装备获取,人物、奖励,逃离三年后五人分宝：佝偻道君宝物含两朵千叶彩霓花、一枚古域令等分五份。庆桓、纪宁各要一枚古域令（纪宁为苏尤姬），风一以黑袍道君处两枚古域令之一换纪宁那份宝物。纪宁将古域令给苏尤姬（世界境巅峰，飞仙圣君传承），望其借古域机缘突破生死道君。庆桓、风一、纪宁各安排一名追随者加入：天狼世界神（庆桓）、燕回仙人（风一）、苏尤姬（纪宁），一行八位立本命誓言不泄露己方宇宙消息。纪宁炼化莫刹傀儡成功（莫刹因原主死主动臣服）。,分宝后一行八位继续前进，纪宁炼化莫刹傀儡，苏尤姬等三名追随者加入队伍。
古域,起源之地,环境铺陈、设定展开,设定,莫刹傀儡告知纪宁所开采的空间火冥石矿石（近九个混沌纪所采，价值近一千万方），及起源之地常识：毁灭神庭之主统一宇宙，其下十六星君（三位古星君地位特殊），再下神将；起源之地禁止厮杀（神将违背受罚、星君违背无事）。一行八位历经八千九百二十二年抵达起源之地，经意志考验进入（天火芒涯、苏尤姬、天狼较勉强，纪宁凭青花雾气之力孕养魂魄轻松通过）。,莫刹献空间火冥石矿石，起源之地设定与毁灭神庭体系展开，八人抵达起源之地。
古域,宇宙之宝,设定展开、悬念设置,伏笔、设定,"起源之地分外域与内域（源域），内域藏宇宙本源，连永恒帝君都进去过，毁灭神庭之主在内域实力可怕提升后统一宇宙。独角强者浴枭道君指点八人，揭示""宇宙之宝""（至强之宝，永恒法宝之上，无法强行炼化需得认同，连永恒帝君都渴求），内域中已有八件宇宙之宝被认同带出。风一传音告知纪宁剑宫神兵谷的""断剑""即为宇宙之宝。一百个世界境中约一个能进内域，上万个道君约一个能进内域。",起源之地内外域格局与宇宙之宝设定展开，剑宫断剑身份揭示。
古域,符博帝君,人物引入、设定展开,人物、设定,"浴枭道君介绍外域隐居的两位永恒帝君：北莆帝君与符博帝君。符博帝君因爱徒被三蚕帝君所杀，追杀三蚕帝君十九个混沌纪，展现实力直逼十六星君，有九个道符分身（各具本尊八成实力），道符一道公认毁灭神庭第一，连神庭之主都拉拢。同时揭示符博帝君因炼成""本命道符""（等于一条性命，被杀可重生），神庭之主索要九张本命道符才愿逆转时空复活其徒，符博帝君仅炼成两张拒绝。内域通过八条本源锁链连接外域，掉落深渊必死无疑。",符博帝君背景与本命道符设定展开，本源锁链通往内域的规则揭示。
古域,那一条锁链,战斗描写、转折高潮,战斗、高潮,八人抵达一条本源锁链，已有十二名世界境尝试未果。本源锁链千里长，世界境有世界境层次考验（幽魂袭击+心境惑动），越靠近内域越强。风一心君凭借心力修行者最强心境率先尝试，以三百九十一只火焰神鸟法宝击溃幽魂，在千余幽魂围攻下走完千里抵达内域，全程闲庭散步令浴枭等惊叹。庆桓、纪宁准备随后尝试。,风一心君凭借心力修行最强心境率先通过本源锁链抵达内域。
古域,天堑,转折高潮、人物心理,情感、高潮,火晋水君率先尝试本源锁链，七百余里处心境受影响速度减缓果断后退失败。庆桓皇子前进至九百二十里止步后退失败。纪宁凭借青花雾气之力孕养魂魄（媲美一步道君）及阴阳剑意领域（擅应对围攻），踏上本源锁链前进，心境惑动虽强但纪宁坚守本心不断前行。,火晋、庆桓先后失败，纪宁凭借青花雾气之力与阴阳剑意领域踏上本源锁链。
古域,抵达内域,转折高潮、环境铺陈,设定、高潮,纪宁凭阴阳剑意领域抵挡幽魂、青花雾气之力孕养魂魄抵御心境惑动，走完千里本源锁链抵达内域。内域地面传递温暖力量。纪宁一眼看到破败战场痕迹（沟壑、峡谷、废墟），及一具具散发可怕波动的尸体（身高十万八千丈代表合道边缘/永恒帝君），初步看到十二具永恒帝君尸体。天火芒涯尝试本源锁链止步五百里失败。,纪宁成功通过本源锁链抵达内域，内域为破败战场散布永恒帝君尸体。
古域,三十五具尸体,设定展开、悬念设置,伏笔、设定,天狼世界神止步五百里，苏尤姬止步近六百里，燕回仙人竟走至九百一十里（心境极强）。庆桓、火晋、天火、苏尤姬、天狼、燕回六人留外域闯荡，纪宁、风一深入内域。内域十亿里方圆，无法飞行、无法释放神念、无法穿梭空间。两人逛遍内域，共三十五具永恒帝君尸体，个个平静赴死（神体完好），三大领袖气息媲美伟大主宰。内域另有两名道君、三名世界境。,追随者本源锁链成绩揭晓，纪宁风一深入内域发现三十五具平静赴死的永恒帝君。
古域,三大领袖,人物引入、设定展开,人物、设定,三十五具尸体分三大派系各一位领袖：心力修行永恒帝君（盘膝散发金光，唯一心力成就永恒者）、毁灭之意四蹄异兽（特殊生命，百万里大）、拄幽蓝巨剑的剑道大能（魁梧男子，身后随两位剑道帝君：背负紫金白三剑的白衣男子、身前插九柄血色大剑的青甲男子）。风一选择心力领袖考验（被涟漪覆盖消失）。纪宁观山壁上十九幅思念剑道大能的画像，在山坳、时空错乱处、火焰中感受各种道的痕迹。,内域三大领袖派系展开，风一入心力领袖考验，纪宁观道的痕迹悟道。
古域,无影剑意,悟道、转折高潮,修炼、高潮、爽点,"纪宁在内域观察三十九种道的痕迹六千八百九十三年，发现一种超越三大领袖的""混沌一道""痕迹（混沌包容一切道，融入万物，肉眼神念心力难察）。由此悟出明月剑术之""无影剑意""——非利用万物而是真正化身万物，剑可化为一缕风、光线、空间波动，融入一切道中无影无形。无影剑意威能跃迁至与滴血剑意相当，可作""无影遁术""速度极快。纪宁随即进入三位剑道大能留下的考验世界。",纪宁观混沌一道痕迹悟出无影剑意，明月五式之第三式最强之道成就。
古域,万魔深渊,环境铺陈、设定展开,设定,"庆桓皇子在外域将攻击防御之道完美结合登顶世界境极致（媲美贝塔莱厄、东修）。纪宁进入三位剑道大能考验世界，岩石上金色文字揭示""万魔深渊三十六层""，第十二、二十四、三十六层有传送通道可离开。纪宁询问土著金袍老者得知万魔深渊前十二层仅一位魔主，十二层以下每层大群魔主，每一混沌纪魔主率恶魔攻外面世界。纪宁凭阴阳剑意领域一路横扫闯入万魔深渊。",万魔深渊三十六层考验设定展开，庆桓登顶世界境极致，纪宁闯万魔深渊。
古域,死亡威胁,战斗描写、转折高潮,战斗、高潮,纪宁凭阴阳剑意领域轻松杀至第十二层，蹂躏魔主（身体媲美二步道君但道的境界极低）半个时辰令其逃命。第十三至十八层无宝物，第十九层发现遗留的永恒神兵（土著炼不出，说明有外来者死于此）。第十九层出现青甲身影（与内域青甲剑道大能容貌气息一模一样，永恒帝君层次剑意，力量仅祖神层次），以九柄血色大剑形成剑光涟漪，邀纪宁交手：杀他可得主人九柄神剑。,纪宁闯至第十九层遭遇永恒帝君层次剑意的青甲身影考验者。
古域,机缘,悟道、转折高潮,修炼、高潮、爽点,"纪宁以阴阳剑意领域、无影剑意、滴血式与青甲身影交手，第一次被青甲身影剑光涟漪防御、九剑合一巨剑攻击碾压。交手中纪宁悟出""剑独木难支需一体""，明月剑术之""唯心式""突破瓶颈——六柄神剑施展不同部分真正融为一体形成黑洞（如口眼鼻身体联合成人），唯心剑意成就（最强防御之道，即便境界更高敌人威力也大减）。",纪宁与青甲身影交手悟出唯心剑意，明月五式之第四式最强之道成就。
古域,拦住他,战斗描写、人物心理,情感、战斗,纪宁以唯心剑意黑洞挡住青甲身影攻击，鏖战盏茶时间青甲身影奈何不了纪宁，坦言杀不了纪宁，让纪宁可去下一层但得不到主人九柄神剑（杀了他才能得）。纪宁继续往下闯至第二十四层，青甲身影告知此处有传送通道可离开获一件法宝与剑术传承（记名弟子待遇）。纪宁不满足继续往下，青甲身影急请白衣男子（二哥）出手拦阻，因第三十六层为主宰所留极其危险，以往妖孽皆死于此。,纪宁拒记名弟子待遇执意闯第三十六层，青甲身影请白衣男子出手拦阻。
古域,虚无剑界,战斗描写、转折高潮,战斗、高潮,第三十一层白衣男子（背负紫金白三剑，永恒帝君层次剑意，力量祖神层次）现身，以帝剑、杀剑、虚无剑界（主人最强杀招，紫金纱帐虚不受力）与纪宁交手。纪宁无影遁术、滴血式均被剑光涟漪挡下，但发现滴血式（穿透性最强）能克制虚无剑界，连续三剑刺穿纱帐破之。白衣男子叹息剑术相克相生，与青甲身影劝纪宁放弃第三十六层（完美结合进攻防御的妖孽都死于此）。,纪宁以滴血剑意克制白衣男子虚无剑界，两位考验者劝纪宁放弃第三十六层。
古域,万魔深渊第三十六层,转折高潮、人物心理,情感、高潮,"纪宁为复活师姐余薇的执念不惧危险，执意进入第三十六层。第三十六层为火山世界，三座火山化为三名火山巨人（力量远超纪宁，火山之躯媲美法宝无法伤害）围攻纪宁。纪宁以滴血式硬碰被碾压拍飞，明白为何无人能活着离开第三十六层。魁梧男子（拄幽蓝巨剑，主宰气息）现身命""孩儿们""杀纪宁。",纪宁执意进入第三十六层遭三名火山巨人围攻，主宰考验者魁梧男子现身。
古域,明月五大剑意,悟道、转折高潮,修炼、高潮、爽点,"纪宁以无影遁术、唯心剑意、法宝绳索与三火山巨人周旋，观察其招式差异（一爆裂快、一双手齐攻、一蓄势猛攻）。三大火山巨人形成最后攻势联手时，纪宁顿悟""天崩式""——蓄势如弓弦拉开后爆发，威能最强正面碾压，以极重兵器（神剑紫光琼重量暴涨至媲美混沌星辰）施展。天崩剑意成就（明月五式之第五式最强之道），正面轰退火山巨人。魁梧男子、白衣男子、青甲身影三兄弟旁观，魁梧男子仍嫌纪宁未完美结合不配记名弟子。",纪宁悟出天崩剑意，明月五式之第五式最强之道成就，正面碾压火山巨人。
古域,剑道轮回,悟道、转折高潮,修炼、高潮、爽点,"五大剑意悟出后纪宁感到彼此深深联系、源自同一本源（完整剑道五个部分），水到渠成完美结合形成""轮回剑意""——五意轮回流转相辅相成尽皆暴增一个大境界。纪宁轻松戏弄三大火山巨人。白衣男子、青甲身影狂热欲争纪宁为各自主人亲传弟子，魁梧男子仍冷漠认为世界境不足道，且亲传弟子需宇宙之宝（幽蓝巨剑）认同。",纪宁五大剑意完美结合形成轮回剑意，三兄弟考验者态度分化。
古域,交手,战斗描写、转折高潮,战斗、高潮,魁梧男子以幽蓝巨剑仿制品（道之神兵层次）亲自与纪宁交手，速度达五倍光速（四步道君速度）。纪宁以轮回剑意黑洞剑光抵挡，唯心剑意扭转削弱、阴阳剑意领域困敌令其只能发挥六七成。鏖战许久魁梧男子认可纪宁防御达极限，有资格成主宰记名弟子。白衣男子、青甲身影急争纪宁为亲传弟子，魁梧男子言亲传弟子需宇宙之宝认同。,纪宁以轮回剑意与魁梧男子交手不相上下，获主宰记名弟子资格。
古域,主宰的宝物,转折高潮、装备获取,奖励、高潮,"纪宁欲成主宰亲传弟子，魁梧男子问宇宙之宝（幽蓝巨剑），巨剑回应对纪宁""不喜欢""（喜欢主宰那样豪迈深沉的男子）。纪宁只能在主宰记名弟子（两份宝物选一：五千万方灵液+两枚道符+主宰曾用神剑或甲衣+完整剑术神通秘术）与另两位帝君亲传弟子间选择。纪宁因主宰剑术传承对剑修无价且道符灵液正需，选择成主宰记名弟子。白衣男子、青甲身影萧索恭喜。",宇宙之宝不认同纪宁，纪宁选择成主宰记名弟子获甲衣、道符、灵液、剑术传承。
古域,丹尊者,人物引入、转折高潮,人物、高潮,"纪宁入神殿见主宰遗留神念，主宰传完整剑术传承（从弱小到永恒帝君全过程），留言""我之弟子若合道成就永恒，赐道之恩报答在丹尊者身上""。同时三大古星君之一""丹尊者""（黑纱曼妙身影，宇宙诞生时已存在，清冷无比）飞过本源锁链进入内域（世界境道君需走锁链，永恒帝君可飞过），发现主宰宝物少一件。丹尊者掳走纪宁，经五色虚空桥瞬间离开古域，符博帝君赠一枚本命道符（试验品）托丹尊者转交纪宁以结善缘。",纪宁获主宰传承，三大古星君丹尊者掳走纪宁离开古域，符博帝君赠本命道符。
古域,三叶境,环境铺陈、人物引入,人物、设定,丹尊者带纪宁抵达黑暗苦海深处的三叶境（丹尊者开辟的居所，三片巨叶托一方世界）。丹尊者借纪宁所得主宰甲衣半月以寄思念（甲衣为丹尊者亲手炼制送给心中的挚爱——主宰）。符博帝君来见丹尊者求复活爱徒，丹尊者坦言除神庭之主外无人能逆转时空复活真灵泯灭者（其曾复活大哥失败遭反噬差点身死）。丹尊者带纪宁至其洞府，见巨大丹炉与百里广阔混沌灵液湖泊。,三叶境展开，丹尊者借甲衣半月，丹尊者与主宰道侣关系及复活执念揭示。
古域,借我半月,情感展现、装备获取,奖励、情感,丹尊者借甲衣半月，承诺答应纪宁一个要求（甚至四步道君傀儡）。纪宁见丹炉求授炼丹手法，丹尊者传完整《丹叶七章》（炼丹一道至高圣典，含亿万奇物物性、丹方，超越九源神雷创造者万神道君），命纪宁可传前三章、能学会前三章者送丹尊者处，立本命誓言。丹尊者转交符博帝君所赠本命道符（试验品，身死后可重生一次）。苏尤姬感应不到纪宁焦急赶赴本源锁链寻火晋水君询问。纪宁得知借甲衣者即丹尊者。,丹尊者传《丹叶七章》，转交符博本命道符，纪宁得知丹尊者身份。
古域,《丹叶七章》,设定展开、装备获取,奖励、设定,丹尊者炼丹第一、炼器炼傀儡前三，追随者弃火帝君炼器第一、四位永恒帝君追随者。丹尊者命追随者余鸿道君安排纪宁住处，嘱纪宁可在三叶境逛逛。纪宁在洞府静室参悟《丹叶七章》五天，以炼丹手法配合青花雾气之力轻松练成二重神雷（水烟+火云）、三重神雷（+地煞），世界境练成三重神雷远超常理（一步道君才有希望）。,丹尊者追随者体系展开，纪宁借《丹叶七章》练成二重、三重神雷。
古域,突飞猛进,悟道、装备获取,修炼、奖励、爽点,丹尊者洞府中其曾与主宰（大哥）生活，现孤身一人。纪宁在洞府静室参悟《丹叶七章》，将第一章传丹宝世界神（丹宝狂热感激）。纪宁前往弃火帝君洞府侧门看法宝（百倍光速飞遁法宝、摄心百移钟、大罪孽法宝等），最心仪一柄本命神兵（三千万方，可灌入剑道本源、不断成长朝宇宙之宝前进）。纪宁决定购买本命神兵，侍者通禀后弃火帝君主动召见。,纪宁传丹宝《丹叶七章》第一章，在弃火帝君处发现本命神兵并决定购买。
古域,四重神水,悟道、装备获取,修炼、奖励、爽点,纪宁练成四重神水（比三重神雷更胜一筹），三重神雷为短时极限。纪宁将《丹叶七章》第一章传丹宝世界神，丹宝感激跪下称赐道之恩。纪宁前往弃火帝君洞府，侧门内虚空星辰法宝世界（每星辰一法宝，皆超百万方），看遍法宝后最心仪一柄本命神兵（三千万方），侍者通禀弃火帝君后，帝君主动召见纪宁。,纪宁练成四重神水，传丹宝《丹叶七章》第一章，弃火帝君召见纪宁。
古域,纪宁的剑,转折高潮、装备获取,奖励、高潮,纪宁在弃火帝君洞府侧门看众多法宝（木火青阳梭八百万方、摄心百移钟五千万方、百倍光速飞遁法宝无价等），最心仪一柄本命神兵（三千万方，可灌剑道本源、不断成长、有希望诞生宇宙之宝，第一任主人可本命合一）。侍者通禀后弃火帝君主动召见纪宁。,纪宁看中本命神兵，弃火帝君主动召见。
古域,弃火帝君,人物引入、装备获取,人物、奖励,弃火帝君（火红头发赤裸胸膛，丹尊者仆从出身，痴狂炼器成永恒帝君）召见纪宁，赞其面对众多法宝未迷失而选本命神兵（靠自身实力才是根本），讲述逆天道君靠自身秘术手段（如宁行道君五罡琉璃身）。弃火帝君答应送纪宁一柄本命神兵，请纪宁演练剑道以便炼制最适合的。纪宁演练五大剑意完美结合，弃火帝君震惊（所有剑道尽皆包含），纪宁请求六柄本命神兵并愿以宝物相抵。,弃火帝君召见纪宁答应送一柄本命神兵，纪宁演练剑道后请求六柄。
古域,一则消息,转折高潮、装备获取,奖励、高潮,六柄本命神兵材料费一亿八千万方（每柄三千万方，纪宁剑道各方向皆极致），弃火帝君送一柄余五柄需一亿五千万方，纪宁无力负担。纪宁以空间火冥石矿山消息相抵（百万里范围富矿，原主三蚕帝君被追杀不敢露面）。弃火帝君带纪宁见丹尊者，三人经五色虚空桥前往古域灵仙界，丹尊者决定占领矿山开采（屈指可数的存在才敢独占），命弃火帝君出材料为纪宁炼六柄本命神兵。,纪宁以空间火冥石矿山消息换得弃火帝君免费炼制六柄本命神兵。
古域,只剩纪宁一个,情感展现、悟道,修炼、情感、爽点,六柄本命神兵炼制需几万年（洞天加速）。风一心君六千余年后出内域，庆桓、天火芒涯等陆续出起源之地，七人齐聚等不到纪宁（失踪万余年），天火芒涯提议返回。七人三千余年返回芒涯国发现纪宁未归，苏尤姬在剑宫等候。纪宁在三叶境洞天百倍加速度过三百余万年，练成四重神雷，发现五大剑意结合后剑道仍有缺陷并非终极。丹宝学会《丹叶七章》第二章。,七人返回芒涯国纪宁未归，纪宁在三叶境练成四重神雷并发现剑道有缺陷。
古域,恩情,情感展现、装备获取,奖励、情感,纪宁参悟剑道缺陷五天五夜无果，明白操之过急，继续潜心参悟。第五万年练成四重神雷（世界境练成，远超一步道君有希望的三重）。丹宝学会《丹叶七章》前三章，纪宁带其拜见丹尊者。丹尊者命丹宝炼千曲丹，认其为记名弟子授《丹叶七章》前六章（爱屋及乌看纪宁份上）。丹尊者嘱纪宁修行小心，提及因果法门（可灭绝一切分身真灵），预言此番离去再相见需许久，报丹尊者名字或可有用。,丹宝成丹尊者记名弟子获授前六章，丹尊者嘱托纪宁修行小心并提及因果法门。
古域,回归（本卷终章）,装备获取、情感展现,奖励、情感,"纪宁拜别丹尊者。三叶境六万年后弃火帝君遣仆从传话本命神兵练成。纪宁至弃火帝君洞府，弃火帝君交付一鞘六剑的本命神兵（剑身薄、刃锋利，材质不亚于永恒极品神剑，需灌剑道本源孕养剑灵）。纪宁以鲜血（神力）灌注、魂魄神念孕养，六柄神剑诞生六个孩童模样剑灵（受纪宁魂魄真灵影响），纪宁排长幼顺序老大至老六。纪宁悟出五条最强之道结合形成剑道本源灌入六剑，气息大涨。纪宁命名""北虹剑""（北取自道号北冥，虹取自师姐火虹仙子余薇道号，持北虹剑劈出修行大道）。弃火帝君嘱托神剑需吞珍材成长朝宇宙之宝前进。纪宁经丹尊者所建时空通道离开三叶境，丹尊者洞府门口遥送白衣少年离去。",纪宁炼化六柄本命神兵诞生剑灵，命名北虹剑，经时空通道离开三叶境返回，本卷收束。
道君,时空盘,设定展开、装备获取,奖励、设定,"纪宁施展滴血遁术从宇宙通道返回无尽疆域，感应到苏尤姬、本尊分身及守护三界的第二元神。伟大主宰现身，纪宁交还古域令，主宰赐予亲手炼制的""时空盘""（可施展一次时空逃命秘术），并准许纪宁离开芒涯国。纪宁前往剑宫，与等待已久的苏尤姬、木华宫主重逢。","纪宁从异宇宙归来，获伟大主宰赐予的一次性保命之物""时空盘""。"
道君,星图,设定展开、装备获取,奖励、设定,纪宁在剑宫古老塔楼点燃心灯（暂置第一层），木华宫主讲解道君境界体系（一步至四步道君、合道成帝君，道君寿命上限十万八千混沌纪）。纪宁获芒涯国安排的世界境分身仆从（魂魄极强，用于紧急求救传讯，芒涯国所有道君立誓不自相残杀），以及一卷详载无尽疆域的星图。,纪宁点燃心灯，获芒涯国传讯仆从及无尽疆域星图，道君境界体系完整展开。
道君,旅途,设定展开、环境铺陈,设定,星图揭示无尽疆域六大势力（道盟、芒涯国、永恒一族、特殊生命一族、古修行者、黑暗国度），其中古修行者为芒涯国死敌。纪宁带苏尤姬、丹宝在混沌星辰仙府中护法，苏尤姬、丹宝均已随时可成道君，先后突破。庆桓、火晋、风一也已各自突破成道君。,无尽疆域六大势力格局揭示，苏尤姬、丹宝先后突破成道君。
道君,天苍宫兄弟,人物引入、矛盾展现,人物、冲突,丹宝先突破道君，苏尤姬随后突破。一行三人乘飞舟前往天苍宫，途经蛰湖星时空传送阵附近，纪宁感应到混沌星辰上有战斗，发现清风圣殿五名世界境围攻天苍宫世界境东牧。丹宝、苏尤姬得知是清风圣殿围攻天苍宫兄弟，化光追去。,纪宁前往天苍宫途中发现天苍宫兄弟东牧遭清风圣殿围攻，矛盾初现。
道君,天苍宫，北冥,战斗描写、人物引入,人物、战斗,"纪宁以四倍光速杀至，自称""天苍宫，北冥""，仅凭剑意便将清风圣殿五名世界境（含两名巅峰实力）尽数擒拿收入葫芦。东牧震惊纪宁实力远超天一道君所言的""祖神""层次。东牧告知天一道君仍困于易波界，法身坐镇天苍宫。",纪宁以剑意轻松擒拿清风圣殿五名世界境，展现远超世界境的恐怖实力。
道君,有情人终成眷属,情感展现、悬念设置,伏笔、情感,"东牧徒弟阚雀为救道侣采摘奇宝惹清风圣殿追杀。一行绕路至阚雀家乡，以混沌灵液救出其冰封道侣。清风圣殿三步道君""祜风道君""追至天苍域边界，认定纪宁身有大机遇欲活捉夺宝。纪宁暗忖若清风圣主亲来便以道符灭杀。",阚雀道侣获救，清风圣殿三步道君祜风道君追杀至天苍域边界。
道君,只怪你运气不好,矛盾爆发、战斗描写,冲突、战斗,"祜风道君选择在漩涡通道出口设伏，以禁制定住纪宁飞舟。纪宁毫不畏惧，因清风圣殿唯有清风圣主对其有威胁。祜风道君自称随机选一处蹲守便守到了纪宁，说""只怪你运气不好""，纪宁反称""是你运气不好""，飞舟直接冲向祜风道君。",祜风道君在漩涡通道出口设伏堵截，纪宁与三步道君正面对峙。
道君,纪宁和三步道君,战斗描写、转折高潮,战斗、高潮,纪宁以四重神雷四重神水施展阴阳剑意领域破祜风道君黑色狂风秘术，又令剑客傀儡（三步道君巅峰）迎战。苏尤姬暗中施展飞仙九境术影响祜风道君心境，剑客趁机以葫芦将其擒拿。半月后一行抵达天苍永恒界，纪宁望见天苍宫激动落泪，心系复活父母。,纪宁以雷水剑域+剑客傀儡+苏尤姬魅惑术合力擒拿三步道君祜风道君，抵达天苍宫。
道君,天苍宫内,人物引入、环境铺陈,人物、设定,天一道君法身率众兄弟迎接纪宁，介绍四步道君御斗道君（擅长推演）、二步道君鱼灿道君（法身，容貌绝美却是男子）。天苍宫已斩杀乌蛟三神兽为北休报仇。纪宁选洞府，定一个月后举行入门大典，随即闭关，第二元神前往三界虚空准备复活父母。,纪宁正式抵达天苍宫，认识天苍宫众兄弟，准备入门大典并闭关复活父母。
道君,三界,情感展现、转折高潮,情感、高潮,第二元神在三界虚空发现命运长河中父母真灵，以温柔剑意笼罩命运长河令其停滞，三界仙魔（菩提、风魔、孙悟空等）感应赶来围观。纪宁小心以剑意层层保护，将父母真灵从命运长河深处缓缓拽出，命运长河反噬失败恢复平静，真灵取出成功。,纪宁在命运长河中成功取出父母真灵，迈出复活父母的关键一步。
道君,心力第五层次,情感展现、悟道,修炼、情感、爽点,"纪宁以两滴混沌灵液为父母恢复魂魄、凝聚肉身，一家三口团聚。因内心牵挂执念松开，心力突破第五层次并暴涨至第五层巅峰，隐约影响识海空间，若再强可开辟""心之世界""成为真正心力修行者。纪宁向父母介绍菩提、风魔等三界仙魔。",父母复活，纪宁心力突破第五层次，向父母介绍三界仙魔众友。
道君,三界之根基,设定展开、情节推进,设定,纪宁带父母回燕山明心岛，与秋叶、白叔、孙女纪明月等团聚。举办三界仙魔宴，论道使三界仙魔受益。一个月后入门大典正式成为天苍宫一员。纪宁以三百万方购天苍宫全部道君以下法门神通秘术，为三界打下修行根基，并计划将来留下自创传承。,纪宁正式入门天苍宫，以三百万方购全部道君以下法门为三界奠定根基。
道君,终极剑道,悟道、转折高潮,修炼、高潮、爽点,"纪宁在三界编造剑术法门时悟透""剑道就是剑道""，何须分阴阳、滴血、无影、唯心、天崩等流派，一切皆属完整剑道。悟出""一""而非""三""，与宇宙剑道本源共鸣，成为""剑道之主""。速度达十倍光速，剑道威力凌驾于四重神雷四重水之上。纪宁感应离突破道君极近，复活余薇希望变大。",纪宁悟透终极剑道（完整剑道），与宇宙剑道本源共鸣，成为剑道之主。
道君,清风圣主,人物引入、矛盾展现,人物、冲突,纪宁在天苍宫等候本尊分身抵达（需三十余年）。清风圣主（四步道君，与天一道君旗鼓相当）率神殿围困天苍宫，要求交出祜风道君否则困一个混沌纪。天一道君法身与御斗道君借助天苍宫阵法禁制无惧清风圣主，双方对峙。,清风圣主亲率神殿围困天苍宫，与天一道君法身、御斗道君形成对峙。
道君,分身归来,转折高潮、战斗描写,战斗、高潮,本尊分身变幻模样赶至天苍域，清风圣主两次以大手抓捕均被纪宁以速度提升（两倍→四倍→六倍光速）逃脱，分身冲入天苍宫阵法禁制。天一道君惊叹纪宁遁术。纪宁决定本尊分身合一突破道君，天一、御斗嘱托根基须扎实。,纪宁本尊分身在清风圣主两次拦截下成功冲入天苍宫，准备突破道君。
道君,成就道君,悟道、转折高潮,修炼、高潮、爽点,白衣纪宁与兽皮纪宁施展本尊唯一法门合一，十八分身彻底合一，青花空间蓄积达一百二十滴。本尊与第二元神同时突破道君，道树生长至五万两千丈，神体以终极剑道为核心重新架构。纪宁一步道君神体媲美二步道君，实力估可媲美庆桓、东修二步道君时，决定伪装成二步道君以策安全。,纪宁本尊分身合一，以终极剑道为核心成就一步道君，道树五万两千丈。
道君,出关,悟道、设定展开,修炼、设定、爽点,纪宁闭关静修，发现青花雾气之力经九重混沌禁制转化后达一千一百一十一滴，媲美四步道君法力，堪比芒涯国皇族、古修行者等最顶尖神体。修炼主宰护体神通《剑道之身》至永恒下品法宝层次。闭关十二年后出关，向众人宣称突破至二步道君。,纪宁闭关十二年，青花雾气力媲美四步道君，修炼《剑道之身》，伪装二步道君出关。
道君,凭此一招，足以纵横,战斗描写、转折高潮,战斗、高潮,"纪宁向天一道君展示实力，瞬间出手六万多次剑影，小范围闪转达十倍光速，天一道君竭力抵挡仍手忙脚乱。天一赞叹""凭此一招，足以纵横无尽疆域""。纪宁获天苍宫阵法禁制控制中枢，决定出宫迎战清风圣主。天一认为纪宁保命无虞但难胜清风。",纪宁以十倍光速小范围闪转出手震撼天一道君，获天苍宫控制中枢，出宫迎战清风圣主。
道君,战清风圣主,战斗描写、转折高潮,战斗、高潮,纪宁与清风圣主正面交战，六手握一柄北虹剑施展终极剑道之天崩硬碰硬，第一击将清风圣主轰飞。清风圣主施展神通后以六手六剑反击，纪宁以速度优势（十倍光速小范围闪转）围攻。清风圣主施展六风秘术（青红蓝紫白黑六色狂风），纪宁以七重神雷七重神水形成雷水剑意领域破之，双方不分胜负。,纪宁与清风圣主激战不分胜负，雷水剑意领域破解六风秘术。
道君,主宰甲衣,设定揭示、转折高潮,揭示、设定、高潮,清风圣主施展成名杀招，纪宁不退反以终极剑道之唯心形成黑洞领域硬抗。主宰甲衣（丹尊者为挚爱耗尽心血炼成）将冲击力削弱至千分之一，配合《剑道之身》护体神通，纪宁毫发无伤。清风圣主心服口服，主动认错求和，愿赔宝了结双方数万混沌纪仇怨。,主宰甲衣展露威力（攻击削弱至千分之一），清风圣主主动认输求和。
道君,法身,转折高潮、设定展开,设定、高潮,天苍宫与清风圣殿谈判，清风圣主赔偿两千万方宝物，双方道君立誓两不相犯。纪宁从祜风道君处压榨宝物后将其释放。纪宁收五百万方，以一千万方修炼出一尊法身（有纪宁一成实力，无青花印记，可施展主宰神通但无法持久）。纪宁决定离开天苍宫前往道盟圣城，天一告诫不可掺和道盟内部九大派系斗争。,清风圣殿赔偿两千万方和解，纪宁修炼法身，准备前往道盟圣城。
道君,开荒,环境铺陈、伏笔埋设,伏笔、设定,天一道君介绍道盟八大圣城分属九大派系，道盟仙宫最神秘核心需邀请方可进入。纪宁一行绕路回三界开荒，以终极剑道感应危险、第二元神为参照开辟大莫域至三界的虚空之路。开荒三百余年后，纪宁眉心青花印记与远方产生强烈共鸣，发现纯净虚空（万法退避）及金色雾气，命苏尤姬、丹宝在外等候，独自前往。,纪宁开荒三百余年开辟大莫域至三界之路，途中青花印记产生强烈共鸣发现纯净虚空。
道君,万宝金煞,装备获取、环境铺陈,奖励、设定,"纯净虚空中无形力量直接攻击魂魄，纪宁魂魄稳固无碍。金色雾气中发现金色甲铠异兽，飞行至深处发现二十三头异兽围绕一颗""万宝金煞""（四步傀儡核心，价值三千万至四千万方）吞吸力量。纪宁决定出手夺取。","纪宁在金色雾气中发现传说中的四步傀儡核心""万宝金煞""，决定夺取。"
道君,生根了,战斗描写、装备获取,奖励、战斗,"纪宁以雷水漩涡世界秒杀十一头异兽，再以终极剑道之滴血贯穿击杀多头。三头最强异兽甲铠防御逆天，纪宁以六手握一剑天崩怒劈震碎其体内器官，又以北虹剑柔韧捆缚最大异兽收入葫芦。纪宁拽取万宝金煞时引发周围金色雾气震颤，万宝金煞仿佛""生根""，纪宁全力拽出后周围数百亿里金色雾气消散，远处隐约出现一座巍峨洞府轮廓。",纪宁斩杀甲铠异兽夺取万宝金煞，金色雾气消散后远方洞府轮廓显现。
道君,青花洞府,伏笔深化、转折高潮,伏笔、高潮,"纪宁发现洞府周围有数千头甲铠异兽及通体漆黑的更强异兽（威胁感远超清风圣主），以无影遁术逃脱。飞行五个时辰抵达洞府，府门上方有与纪宁青花印记一模一样的青花图案。府门树根图案引动纪宁内心最深痛楚（余薇之死、神王咆哮、自责万倍放大），魂魄真灵震颤。纪宁以坚定道心——""愿用生命找回师姐，谁都阻挡不了""——通过考验，府门自动开启。",纪宁发现青花洞府，府门青花图案与九重混沌禁制关联，以救师姐的道心通过考验。
道君,帝君？,设定揭示、悬念设置,伏笔、揭示、设定,洞府内有三棵神树：天晶圣血果树（八大圣血果之一，引起帝君疯狂、主宰大战）、蓝光龙盘树、寒冰树苗。纪宁各摘一颗果实（每株仅容摘一颗）。洞府深处拱桥处有两名灰袍老者对弈，血眸老者一袖将纪宁轰飞数百万里，纪宁凭主宰甲衣和永恒下品神体幸存。银眸老者称二人为帝君，被洞府主人囚禁看门，血眸老者已入魔。,纪宁获三颗神树果实，遭遇被囚禁的两名永恒帝君，血眸老者一招差点杀死纪宁。
道君,退去,伏笔深化、人物心理,伏笔、情感,银眸老者透露洞府主人已离开超过三千万混沌纪，当初抓的帝君中比二人强大的都在洞府深处。纪宁判断自身实力不足，果断退出青花洞府。纪宁视青花洞府为救师姐的大机缘，决心成为四步道君后再来。开荒结束抵达三界，将法门宝物（一千万方混沌灵液晶石）交付第二元神。,纪宁知难而退离开青花洞府，立志成四步道君后再探，开荒完成抵达三界。
道君,三界秘阁,设定展开、情节推进,设定,"第二元神在明心岛后山建""三界秘阁""，以傀儡莫刹守护，存放天苍宫无数法门。菩提观后赞叹""道的圣地""。纪宁展示开荒星图，菩提、风魔欣喜，双方立誓不外泄。菩提、风魔在秘阁修行百余年后突破世界境，数十年后循虚空之路前往大莫域闯荡。纪宁本尊带苏尤姬、丹宝再赴道盟圣城。",三界秘阁建立，菩提、风魔突破世界境离开三界前往无尽疆域，三界根基初成。
道君,圣城天木,环境铺陈、设定展开,设定,苏尤姬在途中突破二步道君，魅惑之术增强，以飞仙九境术短暂迷糊丹宝。一行抵达道盟八大圣城之天木城（天木宗掌控，城主为天木帝君），无城墙，宫殿洞府漂浮云雾上，平常盘踞道君超过万数。道盟明面八大帝君为八大圣城之主。,苏尤姬突破二步道君，一行抵达道盟八大圣城之天木城。
道君,纪宁的目标,设定展开、装备获取,奖励、设定,"纪宁在天木城城门领道盟令牌，了解天木城规矩（阵法禁制内禁动手、不可杀天木宗弟子）。纪宁前往""法界""（藏亿万法门），找到万神道君九大秘术中剩余七种（九源神火、九源厚土各一百万方，九源神风、九源神光各一百五十万方，九源虚空五百万方，共一千两百万方），全部买下。",纪宁领道盟令牌，在法界购得万神道君九大秘术中剩余七种。
道君,杀手锏'九大秘术',装备获取、设定展开,奖励、设定,"纪宁立本命誓言记下七大秘术。前往飞羽楼（天木宗法宝交易），出示所需奇物清单，银袍道君开价三千八百万方，经还价及以黑水阁、宇宝殿竞争为由压至三千四百万方。纪宁混沌灵液不足，决定以""空间火冥石矿石""补差价。苏尤姬购心螺（五百八十万方），丹宝购丹炉炼材（两百余万方）。",纪宁以三千四百万方购九大秘术所需全部奇物，为苏尤姬丹宝购买法宝。
道君,怎么会这样？,矛盾爆发、转折高潮,冲突、高潮,纪宁卖空间火冥石得九百二十万方补足差价。飞羽楼外遭灰袍瘦小三步道君偷袭（黑雾惑魂+六柄弯刀），纪宁一剑（终极剑道之滴血）刺穿其眉心当场毙命。远处一道洞府冲天黑雾，空间瞬间凝固，威胁感不亚于青花洞府帝君——纪宁所杀三步道君之师孔撒道君现身。,纪宁一剑斩杀偷袭的三步道君，引出其师逆天道君孔撒道君追杀。
道君,孔撒道君,人物引入、悬念设置,人物、伏笔,纪宁躲入飞羽楼阵法禁制范围。孔撒道君（黑色华袍、火红发眼，擅长黑暗一道，化身黑暗近乎不死之身，速度三十六倍光速，死在其手下四步道君达十六位）扬言纪宁出来必杀。纪宁向异族侍女以十万方购孔撒道君详细情报，在静室内了解对手。,纪宁躲入飞羽楼，以十万方购孔撒道君情报，了解其近乎不死之身的可怕。
道君,秘术大成,悟道、转折高潮,修炼、高潮、爽点,情报显示孔撒道君化身黑暗几乎不死，黎星宫主都杀不了他。纪宁在时光洞天（百倍加速）内修炼九大秘术：九重神雷（两月余）、九重神水（半月）、九重神火（月余）、九重厚土（两月余）、九重玄金（三月余）、九重神光（近十年）、九重虚空（两年），全部练成。纪宁归因于青花雾气力、终极剑道、超越万神道君的炼丹技巧及对万物道的熟悉。,纪宁在时光洞天内将万神道君九大秘术全部练成，成为杀手锏。
道君,以物换物,装备获取、情节推进,奖励,争宝会上千布帝君炼制的百倍光速飞舟法宝（底价六千万方）出现。纪宁以万宝金煞+天晶圣血果与飞羽楼银袍道君以物换物，飞舟最终以九千八百万方自买自卖成交。纪宁获飞舟，有了对抗孔撒道君的逃命手段（百倍光速远超孔撒三十六倍光速）。,纪宁以万宝金煞+天晶圣血果换取百倍光速飞舟，有了对抗孔撒的逃命手段。
道君,迎战,矛盾爆发、战斗描写,冲突、战斗,纪宁走出飞羽楼，孔撒道君化身黑雾追杀。纪宁以飞舟百倍光速甩开对手，孔撒道君启动预布四重封禁大阵封闭空间，并召大弟子（绿袍异族女子，四步道君）从另一端围堵。孔撒道君传音弟子纠缠住纪宁待其赶到。,纪宁走出飞羽楼迎战，孔撒道君启动封禁大阵并召弟子围堵。
道君,擒拿下,战斗描写、转折高潮,战斗、高潮,纪宁有意靠近绿袍异族女子以六柄北虹剑近身搏杀略占上风。孔撒道君逼近，纪宁以九大秘术汇聚两道剑光施展终极剑道之阴阳剑意领域，瞬间绞杀绿袍异族女子神体并擒拿入葫芦。纪宁以弟子性命威胁孔撒道君退去，孔撒道君自私成性不顾弟子执意要杀纪宁。,纪宁以九大秘术阴阳剑意领域擒拿孔撒大弟子，孔撒道君不顾弟子执意追杀。
道君,激战,战斗描写、转折高潮,战斗、高潮,纪宁以九大秘术化十八条剑光（滴血穿透+天崩狂猛）攻击孔撒道君，又以阴阳剑意领域上亿里范围绞杀压制束缚。孔撒道君化身黑暗抗下攻击未受伤，施展绝招以杀意攻击纪宁魂魄，纪宁凭媲美四步道君魂魄及心力第五层顶峰轻松抵挡。纪宁以飞舟速度优势且战且退，孔撒道君奈何不得，推断出纪宁施展的是九大秘术。,纪宁与孔撒道君激战不分胜负，九大秘术压制束缚但无法伤害化身黑暗的孔撒。
道君,呼朋唤友,矛盾爆发、转折高潮,冲突、高潮,"孔撒道君传音请隐居天木城的老怪物""斯加道君""（特殊生命一族，速度突破百倍光速极限）帮忙活捉纪宁。纪宁令仆从向芒涯国求救（一天内赶到）。斯加道君进入封禁大阵。封禁大阵外，芒涯国心力宫副宫主""夫一道君""及无尽疆域排名第五的""天斧道君""赶到喝止，天斧以巨斧劈封禁大阵未破。",孔撒道君请斯加道君助战，夫一道君、天斧道君赶到但无法破开封禁大阵。
道君,主宰道符,转折高潮、核心伏笔,伏笔、高潮,斯加道君以百倍光速突破极限杀向纪宁，纪宁被迫捏碎一枚幽蓝色树叶道符（剑道主宰炼制），引发主宰层次剑道威能。斯加道君以保命奇珍（晶莹沙子）逃遁，孔撒道君以两件奇宝（改变攻击目标失败+水球护体）抵抗，巨剑虚影斩碎水球消弭黑暗，孔撒道君身死。威能破开封禁大阵冲入混沌虚空，纪宁散去威能，收取孔撒道君遗留宝物。天木帝君与蓝焱帝君感应到主宰层次威能。,纪宁捏碎主宰道符斩杀孔撒道君，斯加道君以保命奇珍逃遁。
道君,道盟仙宫,人物引入、伏笔埋设,人物、伏笔,"庆桓皇子、火晋水君、风一道君分别得知纪宁之事，各有感悟（庆桓困于秘境、火晋收服异兽、风一播撒心力种子三万余颗）。夫一道君、天斧道君与纪宁相聚饮酒，告知东歧道君已陨落。天木帝君时光回朔（因主宰威能乱时空无法回朔施术前），查看后判定纪宁施展主宰道符，吩咐赐纪宁道盟仙宫""兵""字令牌。天木帝君劝蓝焱帝君勿深入虞星海被拒。","芒涯国诸兄弟得知纪宁之事，天木帝君查看后赐纪宁道盟仙宫""兵""字令牌。"
道君,蓝焱帝君（本卷终章）,转折高潮、悬念设置,伏笔、高潮,"天木帝君与蓝焱帝君（特殊生命一族，蓝色乱发老者）话别，蓝焱帝君执意率道君队伍深入虞星海探索（特殊生命一族需寻""生""的希望），天木帝君无奈。夫一道君、天斧道君告知东歧道君遗愿——安顿其家乡东歧域，纪宁主动请缨前往。天木宗使者送来道盟仙宫""兵""字令牌（最初等，四步道君可得""将""字令）。纪宁告别夫一、天斧，离开天木城前往东歧域。",蓝焱帝君率队深入虞星海，纪宁获道盟仙宫兵字令牌，受托前往东歧域安顿东歧道君家乡，本卷落幕。
古修行者,边缘疆域'东歧域',环境铺陈、设定展开,设定,纪宁在黑色飞舟上与丹宝、苏尤姬闲聊，提及东歧道君之死及无尽疆域道君的寿命极限（十万八千混沌纪，成永恒帝君方能长生）；在洞天法宝中收服孔撒道君大弟子那娅道君（四步道君）为第三位追随者，那娅发本命誓言臣服。纪宁携三人借助芒涯国时空通道，花费五百余年抵达无尽疆域最边缘的东歧域，那娅介绍东歧域是最边缘地带、东歧道君死后其家乡恐难安稳，并提及边缘之外是无尽黑暗及第一绝地虞星海。,收服那娅道君为第三位追随者，纪宁一行抵达最边缘的东歧域，为安顿东歧道君家乡铺垫。
古修行者,危机四伏,矛盾展现、设定展开,冲突、设定,纪宁一行抵达东歧永恒界（无时空传送阵，又费三年多），进入最热闹的东歧城后察觉气氛不对，以剑意威慑逼问两名世界境，得知东歧道君死讯已被爆出（约一千两百年前），九尘教逼迫最厉害欲夺东歧域，东歧派另一位道君黄浮道君也已被九尘教截杀，东歧派仅剩雷辛道君一人坐镇。纪宁让三名追随者进入洞天，独自前往东歧派。,东歧派危机全面暴露——东歧道君死讯外泄、黄浮道君被截杀、九尘教图谋东歧域，局势恶劣远超预期。
古修行者,东歧派内,人物引入、情节推进,人物,"纪宁以""奉东歧道君遗命""求见雷辛道君，雷辛道君得知是好友夫一道君、天斧道君与东歧道君一同冒险、东歧道君身死而夫一天斧幸存后悲痛不已。纪宁转交夫一、天斧留下的宝物（含两枚道符、阵法等），雷辛道君坦言宝物可守东歧派但奈何不得九尘教主，并确认黄浮道君为九尘教所杀。纪宁承诺""九尘教若敢来攻，来多少我杀多少""，召出那娅等三追随者展示实力（四步道君那娅喊二步道君纪宁为主人），令雷辛道君等人震惊。",纪宁正式介入东歧派危机，转交遗物并承诺应对九尘教，展示实力获雷辛道君信任。
古修行者,空间走廊,设定展开、悬念设置,伏笔、设定,"雷辛道君引纪宁进入东歧派镇派之宝""空间走廊""——庭院假山上一座石门雕刻，开启后为悬浮高空的黑色走廊，两旁三万名甲铠军士（最弱媲美二步道君，最强两名媲美东歧道君），尽头金色王座有传承。此宝为东歧道君从虞星海带回，军士战斗之道特殊（战阵之道），无法带出或控制。东歧道君曾两次尝试，第二次拼命才抵达王座。雷辛道君希望纪宁借此突破三步道君以对付九尘教主。","东歧派镇派之宝""空间走廊""设定展开，为纪宁万年修行突破提供关键机缘。"
古修行者,万年修行,设定展开、情节推进,设定,"纪宁以本命誓言保密空间走廊，携追随者进入修行。纪宁在空间走廊与军士战斗中体悟战阵之道及风、雷电、水之道，高空金色光球为核心。转眼万年过去，丹宝突破为二步道君。九尘教派火红甲铠异族使者前来威逼东歧派十年内迁移否则灭族，雷辛道君法身入空间走廊通知纪宁，纪宁出关表示""等九尘教来""。苏尤姬、那娅继续在空间走廊修行。",纪宁空间走廊万年修行，丹宝突破二步道君，九尘教使者下最后通牒，大战将至。
古修行者,孤身迎战,环境铺陈、人物心理,情感、设定,九尘神殿内，九尘教主（银色面具银袍男子）率三副教主（灵动、雅浮、凶火，皆四步道君）决定强攻东歧派，三副教主劝围困不被采纳。九尘神殿浩浩荡荡飞向东歧派，周边修行者赶来观战。纪宁让追随者观战、危急时入洞天，独自出东歧派落于一山峰之巅迎战。纪宁暗思五条最强之道已突破三条，欲借此大战让终极剑道突破至第二层、踏入二步道君。,九尘教大军降临东歧派，纪宁孤身出阵迎战，暗怀借战突破之心。
古修行者,出手，杀！,战斗描写、转折高潮,战斗、高潮,"九尘教派三步道君笏真道君出手，纪宁仅以剑意凝聚瞬间将其斩杀（真灵湮灭），惊呆各方观战者。九尘教主命三副教主同时出手碾压纪宁，灵动、雅浮、凶火飞出神殿，刀光、雾气、火焰遮盖亿万里高空。纪宁以无穷剑光迎战，双方""道""的威能碰撞不相上下，三副教主明白遇劲敌，遥遥对峙。",纪宁仅以剑意瞬杀三步道君笏真，震惊全场，三副教主联手出手形成大战对峙。
古修行者,磨砺,战斗描写、悟道,修炼、战斗、爽点,"三副教主与纪宁近身混战。凶火道君（特殊生命岩石巨人）化千万里巨人，纪宁三头六臂六柄北虹剑以""终极剑道之天崩""硬碰；灵动道君（六柄大锤，雷电一道，狂暴风格）为最强对手；雅浮道君（炼气流，黑雾阴柔）远远操纵法宝。纪宁以一敌三处于下风却酣畅淋漓，借此磨砺剑术。战斗持续半个时辰，九尘教主等察觉纪宁神力持续异常。纪宁感悟剑术却觉三位副教主压力仍不够，决定结束战斗，施展九大秘术。",纪宁以一敌三磨砺剑术，借大战体悟，最终决定施展九大秘术结束僵局。
古修行者,教主出手,战斗描写、转折高潮,战斗、高潮,"九大秘术化为九条蛟龙形成阴阳剑意领域席卷而出。灵动道君以六柄大锤形成雷电盾牌囚笼硬抗后五十倍光速遁逃（六柄大锤为无尽黑暗中漂来的古老宝物，疑帝君遗留）；雅浮道君捏碎黑色圆形道符穿梭虚空逃脱；凶火道君岩石躯体被毁仅剩头颅，被纪宁以黑色葫芦活捉后臣服。九尘教主来不及救援，持暗红色长棍冲出，一棍横扫令九大秘术洪流震荡，再与纪宁""天崩""对撞将纪宁轰飞（经主宰甲衣削弱仍发麻）。纪宁退入东歧派阵法禁制，九尘教主一棍刺穿阵法追入。",九大秘术重创三副教主，凶火臣服、雅浮逃脱、灵动遁逃，九尘教主亲自追入东歧派。
古修行者,突破，二步道君,转折高潮、悟道,修炼、高潮、爽点,九尘教主入东歧派后循冥冥召唤前进，破坏宫殿，东歧派最强守护阵法爆发金色小蛇围攻（威能近永恒帝君、强于九大秘术）。纪宁收追随者入洞天，雷辛道君收弟子入洞天，仅剩三人。纪宁驾驭九大秘术配合金色小蛇围攻九尘教主，九尘教主实力被压制至一成。在九尘教主棍法压力下，纪宁空间走廊近百万年积累突破，终极剑道达第二层，九大秘术威力大增至与阵法禁制同级。纪宁退入黑色飞舟开始突破二步道君（先炼气流金丹混沌空间，再神体），使用混沌晶石（孔撒遗留超两亿方）。,纪宁在九尘教主压力下终极剑道突破至第二层，九大秘术威能大增，开始突破二步道君。
古修行者,九尘教主的目标,设定揭示、悬念设置,伏笔、揭示、设定,"纪宁道树从五万两千丈攀升至八万四千丈（二步道君极限，终极剑道一突破即达极限），金丹混沌空间扩张。九尘教主边抵挡九大秘术和金色小蛇边暗中靠近空间走廊所在院落，揭示其真实目标——他乃古修行者""赤水""，受帝君推演指引机缘在东歧域，辛苦夺九尘教主之位、查探周边疆域确认机缘在东歧派内。九尘教主拼命破开院落禁制冲入空间走廊，纪宁追入（体内青花雾气仅积攒三滴）。","九尘教主真名""赤水""及其古修行者身份、真实目标（先祖机缘）揭示，二人先后冲入空间走廊。"
古修行者,先祖，先祖,战斗描写、悬念设置,伏笔、战斗,"空间走廊内，纪宁速度反超九尘教主（因九尘教主受九大秘术束缚）。纪宁推断九尘教主早知空间走廊秘密。九尘教主两次施展禁术拼命拉开距离，二人一路击败军士，九尘教主闯过两万六千、两万八千、两万九千……最后两名金色甲铠军士（实力媲美东歧道君）拦住九尘教主，纪宁追上。纪宁以""终极剑道之唯心""引走九尘教主长棍力道，二人交战同时应对两名军士。两名军士忽然同时后退放弃阻拦，二人几乎同时冲到金色王座。高空金色光球发出苍茫声音，虚空浮现奇异符纹，金色王座放出金色涟漪将二人包围。九尘教主激动呼喊""先祖""。",二人在空间走廊尽头金色王座处触发先祖之地传送，九尘教主激动呼喊先祖，悬念达顶点。
古修行者,失踪,转折高潮、悬念设置,伏笔、高潮,金色涟漪骤然收敛，一道金光撕裂时空将纪宁、九尘教主传送消失，空间走廊内假山也凭空消失。雷辛道君发现空间走廊、北冥、九尘教主俱失踪，感叹北冥大恩。九尘神殿内灵动、雅浮感应不到教主，守候万年十万年教主未归。纪宁与九尘教主在金光中时空穿梭（已去极远之地，与第二元神法身失联，上一次失联是去异宇宙），抵达一条弥漫熊熊火焰的巨大岩石通道，火焰可烧死三步道君而岩石无损。二人尝试挖岩石遭数倍反冲力，收取悬浮乱石后对峙。,空间走廊将二人传送至未知之地（岩石通道），雷辛道君与九尘教皆失去二人踪迹，二人抵达先祖之地。
古修行者,不死之身,战斗描写、设定揭示,战斗、揭示、设定,"一名火焰人形生物（火红甲铠、火红头发）现身攻击二人，九尘教主一棍将其炸裂，其身体化为火焰后迅速重新凝聚，拥有不死之身且能汲取无处不在的火焰力量。纪宁以""天崩""劈碎其身躯，九大秘术持续绞杀火焰使其湮灭，但虚空中一点火星迅速化为滔天火焰重生。火焰生物呼召同伴，岩石通道两边接连飞来火焰生物（增至十二个且仍在增加），二人选定方向逃命。二人立下本命誓言联手合作以求活命。",火焰魔头不死之身设定揭示（可虚空再生、汲取火焰），二人被迫立誓联手逃命。
古修行者,古修行者,设定展开、设定揭示,揭示、设定,"岩石通道如蜘蛛网络（细者数百里宽，最宽过百万里），二人沿细通道飞行躲避大批火焰生物（最惨一次遭三百余围攻，含三头实力相近者）。十五天后二人躲入石壁洞穴暂歇。九尘教主向纪宁购买千元丹、混灵丹（以十倍价格三千万方），因其施展禁术消耗神力需丹药补充。九尘教主揭示自己真名""赤水""、乃古修行者（生命最完美的古修行者，非特殊生命），且仅三步道君却神体强于一般四步道君。九尘教主告知此处为古修行者先祖遗留之地，纪宁跟随进来恐最后什么都得不到。",九尘教主古修行者身份正式揭示，先祖之地归属古修行者一脉，二人交易丹药维持逃命。
古修行者,一物降一物,设定展开、设定揭示,揭示、设定,九尘教主详述古修行者历史：古修行者是最早创出修行法门的生命，曾奴役混沌神兽一族（芒涯国皇族），是无尽混沌真正的统治者；后因凡俗修行者数量太多而退避，现道盟称霸。九尘教主邀纪宁加入古修行者一脉被婉拒。三个多月后二人冲出岩石通道，发现千亿里广阔虚空中央一颗散发威压的星辰（无一丝火焰），火焰魔头追出后靠近星辰实力削弱、体表火焰缩小。二人驾驭黑色飞舟飞向星辰，火焰魔头愤怒不甘目送。,古修行者与混沌神兽一族历史揭示，二人发现克制火焰魔头的星辰，一物降一物。
古修行者,先知降临,环境铺陈、悬念设置,伏笔、设定,"二人穿过星辰外九层保护气层（黑、深青、青……至白色，一般四步道君难穿），进入广袤美丽世界，有城邑山村及大量凡俗人形生命，禁空规则疑为永恒帝君所定。下方草原上一青年（风魔城九公子风霄）率三百骑士乘八头异兽车厢前往龙翼城拜东虚剑主为师。二人悄然观察。地底深处一亿九千万里华美地宫内，白袍老者（大长老，四步道君）通过镜子发现二人降临，紫袍男子墨觉道君（二步道君）惊呼""先知""。大长老讲述三次先知降临历史（第一位传修行法门、第二位圣祖创九重天禁合道永恒、第三位引发大灾祸被十八重天地二相灭绝大阵灭杀但地表生命灭绝），命墨觉接触两位先知。","二人进入星辰内部世界，被圣地认定为""先知降临""，第四次先知降临开启第四纪元，圣地戒备应对。"
古修行者,风霄公子,人物引入、人物心理,人物、情感,纪宁以奇异魔力控制风霄公子如实回答，得知风霄乃风魔城九公子、欲拜东虚剑主（世界境近乎无敌）为师。纪宁点化风霄车厢壁上三十六剑招可融合为三招乃至一招，留下四道剑痕（三招+一招融合），称悟一招可成世界境、悟最后一招世界境难逢敌手。九尘教主称纪宁剑术远胜东虚剑主，风霄公子剑痴狂热目光炽热看向纪宁。风霄公子欲拜师被纪宁婉拒。,风霄公子登场，纪宁随意指点其剑术（三十六招融三招再融一招），风霄心生拜师之念。
古修行者,城主府内,情节推进、矛盾展现,冲突,"风霄公子跪拜欲拜纪宁为师被拒。数时辰后队伍抵龙翼城，纪宁让苏尤姬迷魂控制龙翼城主（世界境），问出生死道君行踪难定，但混沌仙人""徐符仙人""之师为生死道君丰咸道君，找到徐符可借其找师傅。苏尤姬以秘术彻底控制龙翼城主（记忆智慧不变，增绝对忠诚）。第五天，东虚剑主大弟子""崎羽仙人""（尖嘴猴腮，世界境）携紫芙仙子（风霄昔日爱人，实为报复风魔城主的阴谋者）前来，以""道心不纯""羞辱风霄、拒其入门，紫芙仙子冷嘲。纪宁、九尘教主、苏尤姬在城主府另一处悠闲喝酒观此幕。",苏尤姬控制龙翼城主获生死道君线索（徐符仙人→丰咸道君），崎羽仙人羞辱风霄激化矛盾。
古修行者,以天地自然为师,人物引入、情感展现,人物、情感,"纪宁窥伺风霄过去命运：风霄母亲早亡、性格孤僻，遇紫芙仙子后倾心相爱，却发现是一场报复风魔城主的阴谋，被废修行折磨，后虽被救却此生不再对女人动感情，游戏山水以天地自然为师悟出强大剑术，十余万年跨入祖神层次近乎无敌。纪宁震惊于风霄从未拜师、纯以天地为师，认定其剑术天赋极高且心性不错。崎羽仙人离去后，纪宁召风霄来，正式收其为三徒弟，传五大剑术（滴血、无影、唯心、阴阳、天崩）+两道终极剑道剑意（一层、二层），留下门规，称危险时刻可引导释放剑意杀敌（一层斩三步道君、二层斩寻常四步道君），强调""道才是根本""。",纪宁收风霄为三徒弟，传五大剑术及两道终极剑意，风霄过往悲剧命运揭示。
古修行者,徐符仙人,情节推进、转折高潮,高潮,"九天后龙翼城主查出徐符仙人在一亿多里外的潜溟宫做客。纪宁以黑色飞舟一呼吸抵达潜溟宫（龙翼城主、风霄震惊）。龙翼城主引见潜溟宫主（黑衣朴素女子，世界境）求见徐符仙人。徐符仙人（黑发老者，混沌仙人）傲慢喝斥欲撵走""小辈""，九尘教主一声叹息释放无形威压震慑全场，徐符仙人惊恐捏碎玉符请师傅丰咸道君。纪宁、九尘教主大笑，本欲逼迫一番，徐符仙人主动请师傅正中下怀。",二人以威压震慑傲慢的徐符仙人，迫其主动请出师傅丰咸道君，为接触生死道君铺路。
古修行者,域外魔头,矛盾展现、设定揭示,冲突、揭示、设定,"丰咸道君（灰袍男子，三步道君）在荒山峰顶盘膝十万年，感应徒儿求救瞬间赶来，一眼看出纪宁（三步道君）、九尘教主（气息强于四步道君）、苏尤姬非这片天地之人，怒喝""域外魔头""。风霄、龙翼城主等震惊（域外魔头是噩梦）。丰咸道君传讯回圣地。地宫大长老判定为""两位先知""，命墨觉道君去见二人，并表示愿与之为善，若不行则主动选择战场灭杀（上次措手不及致地表生命灭绝）。墨觉道君乘金色飞舟抵达。",丰咸道君误认二人为域外魔头，圣地大长老判定为两位先知降临，派墨觉道君接触。
古修行者,圣地,设定揭示、转折高潮,揭示、设定、高潮,"墨觉道君行礼称二人为""先知""，邀请前往圣地。苏尤姬收了龙翼城主秘术（龙翼城主仍有敬畏）。墨觉带二人经小型传送阵至地底一亿九千万里圣地地宫。墨觉讲述三次先知降临历史：第一位传修行法门、第二位""圣祖""邢鹫帝君（古修行者）创九重天禁合道永恒开辟地宫、第三位引发大灾祸被灭杀。墨觉出示邢鹫帝君留的雪白卷轴（永恒帝君手笔），揭示：此星辰非先祖之地真正所在，但有克制火焰魔头的至宝""寰裂石""（生于星辰核心，可附于甲铠兵器斩杀火焰魔头）。九尘教主认出""邢鹫老祖""激动，二人急问寰裂石所在。",圣地揭示先知历史及邢鹫帝君身份，卷轴揭示寰裂石为克制火焰魔头至宝、生于星辰核心。
古修行者,地底墓碑,环境铺陈、设定展开,设定,"墨觉带二人下至地底三亿多里，五光十色玉石洞穴内有过万墓碑（历代找寻寰裂石失败身死的四步道君）。洞穴尽头为流光溢彩地心空间，内有大地上""大地魔将""（黑色甲铠深黄面容，大地力量，不死之身，比火焰魔头力量更强更悍勇，但速度灵活较弱、数量较少）。墨觉告知：必须四步道君才允许进入，一眼看去大地魔将低于一千时（约万年出现一次）较为安全，低于五百（约百万年一次）更安全，低于一百（约一混沌纪一次）最安全。九尘教主、纪宁决定等密度降至一千以下即进入。",地底墓碑群揭示历代四步道君寻寰裂石身死之惨烈，大地魔将设定展开，二人决定等待时机闯入。
古修行者,风霄的岁月,人物心理、情节推进,情感,纪宁让风霄在外闯荡历练，每十年问剑一次。风霄第一年突破世界境，三千年（时光宝物实际超三十万年）世界境圆满，大长老法身认定风霄为族人，开放圣地一切剑道传承。风霄修炼越多越钦佩师傅剑术，圣地历代剑道无一能比。纪宁指点五千年后让风霄自行悟道。风霄离开地底历练两千多年，拥有超越世界境巅峰实力（随时可成道君却不突破，求自己的道），圣地暗中倾力帮助，地位等同生死道君。紫芙仙子（圣地一员）见风霄实力后表情复杂，内心深处对风霄有特殊感情。纪宁地底一万两千年后，大地魔将密度降至一千以下，机会到来。,风霄成长为随时可成道君的剑道天才，紫芙仙子内心复杂，纪宁地底一万两千年终于等来取寰裂石时机。
古修行者,地心之战,战斗描写、装备获取,奖励、战斗,纪宁与九尘教主闯入地心流光溢彩空间，大地魔将群起攻之。地心为密密麻麻岔道网络，无法靠飞舟速度逃窜需灵活变向。纪宁九大秘术压制大地魔将，三头六臂六柄北虹剑斩杀（身躯炸裂后被九大秘术绞碎，但大地魔将同样不死之身）。半个时辰后二人发现一颗漂浮寰裂石，九尘教主收取。越近星辰核心寰裂石越多但危险越大。二人发现四种鱼龙气（金木水火，鱼龙五气之一，价值约八千万方/种），九尘教主求水行鱼龙气（其秘术所需），纪宁让步。,二人闯地心大战大地魔将取寰裂石，发现四种鱼龙气，九尘教主求水行鱼龙气。
古修行者,星辰之核,设定揭示、装备获取,奖励、揭示、设定,"纪宁让水行鱼龙气归九尘教主，其余三种归纪宁，二人在十余名大地魔将围杀下得四种鱼龙气。九尘教主大喜承诺""只要不是必死无疑的事，绝不推辞""，二人结下生死友谊。二人继续深入抵达星辰之核（通体黝黑巨大球体，一丝波动即令二人战栗恐惧），表面孔洞孕育鱼龙气及寰裂石。二人自知无法染指星辰之核迅速离去。大长老等十六位道君在地底墓碑群旁守候，见二人安然返回（一般道君不会进去这么久）。九尘教主立即入木屋修行""水之涟漪""秘术。纪宁告知大长老今日即离开，托付徒弟风霄，大长老承诺圣地栽培。",二人得四种鱼龙气及寰裂石，目睹星辰之核威能，九尘教主承诺生死友谊，纪宁托付风霄后准备离开。
古修行者,碎裂的星辰,转折高潮、环境铺陈,设定、高潮,"大长老等道君及风霄送别纪宁、九尘教主。二人穿过九层气层出星辰，选定与来时不同方向进入岩石通道。二人以寰裂石覆盖甲铠兵器，九尘教主施展""水之涟漪""秘术（古修行者永恒帝君所创，水行一道，威力不亚于九大秘术）压制火焰魔头，纪宁以寰裂石能量破开火焰魔头甲铠伤其身即死（不再复生）。二人闯百万里宽主通道（不绕路），六时辰内三次致命危机（各用道符一枚），冲出后见另一千亿里虚空，中央一颗残破碎裂的星辰（表面无数裂痕，旁漂两块巨大碎片），彩虹流光贯穿虚空及星辰。",二人以寰裂石克制火焰魔头闯百万里主通道，发现一颗被大能一击轰碎的残破星辰。
古修行者,金色流沙,设定揭示、伏笔埋设,伏笔、揭示、设定,"二人靠近残破星辰，发现彩虹流光乃大能一击残留劲力（无尽岁月不消，威力与二人秘术相当，推测为主宰一级）。降落后发现星辰之核已裂、无寰裂石鱼龙气，但裂缝流出大量""金色流沙""（星辰核心组成）。二人尝试抓取，一把沙粒遭整个流沙抵抗无法拽动，九尘教主全力仅拽动一粒。纪宁以""天崩""劈砍如泥牛入海。六柄北虹剑剑灵（六个可爱孩童）现身，称金沙对它们很重要，请求插入金沙自行吸收。九尘教主以长棍插入金沙却无反应。",残破星辰之核流出金色流沙（宝物），采集极难，北虹剑剑灵主动现身请求吸收金沙。
古修行者,北虹剑成长,装备获取、转折高潮,奖励、高潮,"纪宁将六柄北虹剑插入金色流沙，剑灵兴奋吸收，金沙化为灰白湮灭。九尘教主以手抓取少量。两个月间北虹剑疯狂汲取金沙蜕变：通体金色、剑身更薄、剑刃剑尖更锋利，汲取约两三成金沙。九尘教主称其有成就""宇宙之宝""的希望。纪宁试剑：防御类剑术提升五六成，""天崩""威力增一倍多，""无影""增三倍，""滴血""达""超越空间""层次（空间束缚困不住，永恒帝君中仅极擅长空间一道者能束缚，成保命手段不亚于孔撒化身黑暗）。九尘教主羡慕赞叹。","北虹剑汲取金色流沙蜕变通体金色，""滴血式""超越空间成为纪宁强大保命手段。"
古修行者,古修行者先祖,转折高潮、设定揭示,揭示、设定、高潮,"纪宁暗喜超越空间为保命手段，九尘教主称成四步道君可悟""水行不死身""。二人离开残破星辰，逆彩虹通道（二十亿里宽，大能摧毁无数岩石通道所成）而上，劲力压迫二人实力仅剩三四成。彩虹通道尽头为洞口，二人飞出后身体暴涨千万倍，发现身后是十万八千丈黝黑人形生物尸体（胸口数丈孔洞，二人从伤口飞出），体内即先祖之地（岩石通道、火焰魔头、大地魔将、星辰皆为其身体一部分）。洞窟内远处有两道庞大身影（两位主宰尸体，散发生宰威压），九尘教主认出盘膝者为""先祖""，身体颤抖。",先祖之地真相揭示——实为十万八千丈人形生物尸体体内，洞窟内有两位主宰尸体及古修行者先祖。
古修行者,虞星海的来历,设定揭示、核心伏笔,伏笔、揭示、设定,"九尘教主跪拜先祖""赤水拜见先祖""。先祖身侧暗红色长棍为宇宙之宝，器灵黑衣光头少年现身，称二人是来到这的第五个、第六个。少年揭示：古修行者有机会通过先祖考验获馈赠，完全通过可跟随宇宙之宝；邢鹫帝君曾来此未通过考验（唯一永恒帝君，有自己机缘）。少年讲述""上古之战""：古修行者曾统治无尽混沌（奴役混沌神兽、特殊生命低头），后凡俗修行者崛起，一场浩劫中五位主宰（古修行者三、道盟一、特殊生命一）率一众永恒帝君及无尽黑暗深处援军在""虞星海""与敌人决战尽皆身死，敌人覆灭，古修行者时代结束、道盟时代开始。虞星海即上古之战战场，故危机重重。九尘教主走向先祖接受考验凭空消失。少年告知纪宁非古修行者无先祖机缘，若上古之战赢了则仅古修行者可得馈赠，输了则各族皆可。",虞星海真正来历揭示（上古之战战场），古修行者时代结束、道盟时代开始的历史真相，九尘教主接受先祖考验。
古修行者,洞窟之内,设定展开、悟道,修炼、设定、爽点,"少年告知白衣主宰为道盟主宰（先战死重创敌人，古修行者先祖给致命一击后被敌人重创而死），其宝物被先祖收起安排考验。洞窟为封闭天地永恒极品法宝。纪宁放苏尤姬、丹宝、那娅、凶火四仆从出来，他们震惊于两尊主宰尸体。少年提醒岩壁有战斗痕迹可供悟道，白衣主宰尸体不得破坏（周围有禁制）。纪宁观察岩壁三道意境：大光明（白衣主宰）、水（古修行者先祖）、金（黝黑人形生物，稍弱一等）。纪宁尝试移动人形生物尸体失败（如凡人抬大山）。四人开始参悟主宰""道""的意境。",白衣主宰身份揭示（道盟主宰），岩壁三道主宰意境可供悟道，纪宁放仆从出来参悟。
古修行者,万世劫,悟道、人物心理,修炼、情感、爽点,"苏尤姬参悟五个多月后激动呼喊纪宁，告知白衣主宰幻术达""真实""极致（幻术极致即真实，一念成幻虚幻真实无别，普通永恒帝君轻易丧命），建议纪宁靠近磨砺。纪宁逐步靠近，幻境越来越真实（妖娆美女、宝物、魔头），以道心强行破开。再进一步陷入鸟语花香山谷村落幻境（成砍柴山村青年""二宝""），十个呼吸才挣脱。再进一步幻境威力到尽头（一丈处受阻于阵法禁制）。纪宁决定不再抵抗，进入幻境磨砺道心以求心力第六层突破。原文揭示白衣主宰光明一道终极""万世劫""悟出后成就永恒即为主宰，死后永恒神体自然蕴含万世劫残余威能。","白衣主宰""万世劫""幻术达真实极致，纪宁主动进入幻境磨砺道心以求心力突破。"
古修行者,心力第六层'世界',悟道、转折高潮,修炼、高潮、爽点,"纪宁在万世劫幻境中经历数千世轮回（渔夫之子成一方豪雄、绝世剑客寻根、医者学徒、魔头霸主、正道邪道凡俗各色人生），每一世皆好结局妄图拉扯纪宁沉浸，但纪宁魂魄意志超然物外保持一点清明。时光草屋外丹宝、苏尤姬（已突破三步道君，借白衣主宰幻术触动，实际修行近千万年）等候近十万年。纪宁在某一世""投身空门""时终于堪透一切，""一世又一世之轮回该结束了""，整个幻境世界崩溃。纪宁眉心识海内蜕变，虚幻现实交汇形成""心之世界""（一砂砾一世界，点内开天辟地），突破心力第六层""世界""，成为真正心力修行者（炼气流求道强大、神魔流求道强大、心力流求道稳定，心之世界越广阔越可怕）。",纪宁在万世劫幻境中经历数千世轮回后堪透一切，开辟心之世界，突破心力第六层成为真正心力修行者。
古修行者,心力修行者（本卷终章）,转折高潮、设定展开,设定、高潮,纪宁告知四仆从开辟心之世界，众人震撼（心力修行者极罕见，逆天道君兼修心力令无数道君敬畏）。纪宁入时光草屋建造心之世界：先以世界境圆满的道形成百亿里直径剑之世界（媲美一方混沌世界），再以终极剑道第一层为核心扩张（中央生百亿里巨剑山），再以终极剑道第二层为核心扩张至媲美一座疆域范围（达合道边缘心力修行者层次，巨剑山拔高至千亿里），形成五座天柱（五大剑意）及混沌灵液湖泊（幻象）。纪宁感叹终极剑道最强亦最稳定，第三层或媲美最强道君羽裳道君。苏尤姬突破三步道君。六万余年后九尘教主考验结束意气风发走出（先祖水之一道棍法，收获极大）。纪宁称道盟先祖（白衣主宰万世劫）也给自己留了机缘。九尘教主求宇宙之宝器灵送二人离开，黑衣光头少年暗叹道盟天才无数，一挥手送二人离去，第三十卷完整落幕。,纪宁以终极剑道第二层为核心建造心之世界至媲美一座疆域，成为合道边缘层次心力修行者，九尘教主获先祖馈赠，二人离开先祖之地，全卷收官。
星河流域,虞星海,环境铺陈、设定展开,设定,"宇宙之宝器灵将纪宁、九尘教主送出先祖洞窟，二人发现自己身处虞星海极深处，与法身距离超过整个无尽疆域。九尘教主凭游历虞星海边界的经验确认位置。二人遥望远处发现近百疆域大小的""阴阳生死轮""——绿色漩涡汲取一切生机、黑色漩涡吞噬一切，二者共生互不相犯，不断扩张变大，约一百多万混沌纪后将毁灭整个无尽疆域，三大主宰都无法伤害它。",阴阳生死轮这一虞星海最可怕的灾难性存在登场，无尽疆域注定毁灭的终极悬念埋下。
星河流域,穿行,设定展开、情节推进,设定,"纪宁法身在天苍宫向天一道君求取虞星海星图，天一道君拿出从道盟获得的星图（标有阴阳生死轮），但最安全路线仍需通过六十二处险地，活命希望不超过一成。九尘教主法身从邢鹫老祖处获得更详细的星图，选定经""幻尘道""进入""星河流域""再出虞星海的新路线，仅四大险地，活命希望约五成，但需横穿星河流域约三十万年。二人凭借纪宁""超越空间""的剑术撕裂空间通道踏上归途。",两份星图对比选定归途路线，经幻尘道、星河流域出虞星海，五成活命希望。
星河流域,心力灭绝术,设定展开、战斗描写,战斗、设定,"半月后二人抵达""幻尘道""——千万里宽的青色石板路，虞星海极深处险地，穿行需约一个月。首批幻尘生命（青色甲铠异兽，天生擅长幻术，可变幻上万假身，真身可在假身中任意变幻）袭来，纪宁施展""心力灭绝术""（羽裳道君所传三大秘术之一，经纪宁改良，心力如剑灭绝敌人魂魄真灵），一击灭杀真身，所有假身消散。九尘教主震惊纪宁为心力修行者，幻尘道最大威胁（幻术）由此化解。",纪宁心力修行者身份首次向九尘教主展露，心力灭绝术设定展开，幻尘道幻术威胁化解。
星河流域,世界投影，降临,战斗描写、转折高潮,战斗、高潮,"幻尘道前十二天纪宁轻松灭杀幻尘生命，第十三天遇能抵抗心力灭绝术的更强个体，第十六天遇近身战同层次强者需联手斩杀。第十七天起幻尘生命异常消失，第二十六天遭遇一百二十一头有准备的幻尘生命大军（首领身高十丈可抗心力灭绝术，九丈五头、八丈十二头等），首领一眼令九尘中幻术，纪宁以心力化解。首领率大军百万假身杀来，纪宁施展九大秘术、九尘施展水之涟漪联手对抗，纪宁更施展""世界投影""降临（心之世界投影，瞬间到达、可与秘术完美叠加），灭杀弱小幻尘生命。首领拼命开启眉心""幻尘之眼""。",幻尘道核心战斗爆发，纪宁世界投影首次实战施展，异兽首领开启幻尘之眼拼命。
星河流域,幻尘文字,设定揭示、伏笔埋设,伏笔、揭示、设定,异兽首领眉心独眼显现由七十二道神纹构成的奇异文字（幻尘文字），蕴含极可怕的幻术奥妙，镇压纪宁九大秘术、水之涟漪、世界投影及飞舟速度降至六十二倍光速。纪宁作为心力修行者勉强抵抗，同时记下文字。首领以百倍光速追杀，纪宁以北虹剑迎战但近身战不敌（右手发麻），九尘教主施展先祖赐予的掌心阵图法宝（内圆外方，数千层阵法叠加，一次性轰破三千五百层方可脱困，可困住永恒帝君）困住首领。二人逃出幻尘道，纪宁开始钻研幻尘文字。,幻尘文字（七十二道神纹）设定揭示，九尘掌心阵图法宝首次施展，二人逃出幻尘道。
星河流域,三十万年的旅程,环境铺陈、设定展开,设定,"出幻尘道两个多月后抵达星河流域——无数散发金色光芒的星辰组成的巨大""河流""，需横穿约三十万年。星河流域无形力量远超幻尘道，纪宁""超越空间""的剑术也无法空间穿梭。出乎意料顺利，三十万年未遇真正危险，连九尘掌心阵图都未动用。纪宁期间参悟幻尘文字（幻术提升数倍但同层次心力修行者中仍算短板），五大剑意中滴血、无影、阴阳达第三层，唯心、天崩仍欠。快穿出时在一颗星辰遗迹遇到星河一族""来琊道君""。",星河流域环境设定展开，三十万年顺利横渡，纪宁剑意三道突破第三层，来琊道君登场。
星河流域,霆南行宫,人物引入、设定展开,人物、设定,"来琊道君为星河一族合道边缘道君，引纪宁、九尘前往星河流域内古老遗迹""霆南行宫""（主宰层次大能遗留，星河一族绝密，排名前十）。来琊讲述星河一族来历：从无尽黑暗漂泊近百万混沌纪迁徙而来，原家乡""孔莲域界""因大战破碎，选择星河流域为族地。三人立本命誓言同行，乘飞舟百余年抵达霆南行宫。来琊揭示行宫有两重危险，度过即无生死危险，但""别起贪婪之心""。",来琊道君登场引出霆南行宫，星河一族来历揭示，三人立誓同行探索。
星河流域,雷霆守护者,战斗描写、设定展开,战斗、设定,"来琊开启星河一族隐匿禁制显露霆南行宫——金色华丽宫殿，殿门""霆南""二字有雷霆环绕散主宰级威压。行宫内弥漫永恒神雷（雷电一道极高成就的永恒帝君方能创造，拥有灵性智慧），汇聚为""雷霆守护者""巨人。守护者出三掌考验：第一掌九尘以长棍挡住；第二掌三人同时抵御（九尘脸色发白、来琊郑重、纪宁凭主宰甲衣轻松）；第三掌调用整个行宫力量化为天幕笼罩整个殿厅，来琊以帝君炼制的骨符庇护，九尘躲入其中，纪宁独自硬抗。",霆南行宫第一重危险——雷霆守护者三掌考验，纪宁凭主宰甲衣独自硬抗第三掌。
星河流域,第二重危险,设定揭示、转折高潮,揭示、设定、高潮,"纪宁硬抗第三掌令雷霆守护者刮目相看（称最强层次逆天道君才能硬抗）。来琊揭示第二重危险为""浮木桥""——散发寒气湖泊上的曲折浮木桥，踏入即陷入极可怕幻境，走岔跌入湖水必死，星河一族历代来此道君近半死于此处。来琊请纪宁守护，自行上桥磨砺道心，半个时辰后不知不觉朝湖水走去被纪宁救回。来琊震惊自己以为清醒实则已被幻术渗透魂魄真灵。九尘教主随后尝试，坚持一个时辰同样被渗透救回。",第二重危险浮木桥幻境设定揭示（不知不觉渗透魂魄真灵），来琊、九尘均险些丧命被纪宁救回。
星河流域,纪宁的幻术,悟道、装备获取,修炼、奖励、爽点,"九尘、来琊反复尝试浮木桥均被渗透救回，借此磨砺道心（九尘三十余年通过、来琊八百余年通过）。纪宁盘膝浮木桥九千余年，以媲美一座疆域的心之世界不受幻境影响，剖析浮木桥幻术，融合《幻界》、幻尘文字、浮木桥幻术经验，自创心力幻术""幻星术""（直接强势幻惑诱导，在敌人以为破除幻境最自信时真正中招）。雷霆守护者因纪宁硬抗三掌且不受幻境，允许纪宁带走一件宝物，并透露行宫主人在上古之战前留四座行宫分散虞星海各处，通过四处考验可有大机缘。",纪宁自创幻星术，获雷霆守护者认可可带走一件宝物，四座行宫大机缘伏笔埋下。
星河流域,离合石府香炉,装备获取、设定展开,奖励、设定,"来琊道君极度渴望行宫内一件宝物""离合石府香炉""，请纪宁取出后与星河一族交换。纪宁先查看十二件宝物（天琥金伞、邢雀阵环等主宰级法宝），后坐于香炉前蒲团上，吸入香气即进入近似顿悟之境，两天一夜悟透唯心剑意第三层，天崩剑意也感觉快了。纪宁确认此为""悟道之宝""——可引领修行者进入近似顿悟之境，价值无量。来琊、九尘均渴望交换但纪宁决定自用。","悟道之宝""离合石府香炉""设定展开，纪宁两天一夜悟透唯心剑意第三层，确定选此宝物。"
星河流域,合道,设定展开、人物心理,情感、设定,"纪宁炼化离合石府香炉（可孕育香气引修行者入近似顿悟之境，但无法在时光加速下使用），决定回无尽疆域后放在第二元神处保管（三界内不冒险）。纪宁让九尘、来琊立本命誓言绝不外泄悟道之宝消息。三人轮流使用香炉（千年一换）。来琊道君借助香炉一万余年后""道""圆满无比，心境处于最巅峰，决定就在霆南行宫合道。纪宁、九尘大惊。合道是道君最可怕的生死劫，合道前谁都不知道成功可能性，越逆天的道合道越难。",离合石府香炉保管安排确定，三人立誓保密轮流使用，来琊道君决定在行宫内合道。
星河流域,永恒之花,转折高潮、设定展开,设定、高潮,"来琊道君以三角形法坛（三黑骨凹槽注亮银色水流）、寒冥玉龙丹（《丹叶七章》记载排名第八的辅助合道丹药，激发魂魄真灵推演思考快千倍万倍）、离合石府香炉辅助合道。合道时道树一切道汇聚结合，要长出""永恒之花""（道树一切道的汇聚结合，开花即合道成功）。来琊走金之一道，合道两年后体表金光大涨、气息超越逆天道君，但在最关键时刻永恒之花仅形成花骨朵即枯萎——合道失败。魂魄真灵开始从最内在本质不可逆溃散，不战斗可持续很久，厮杀则加速缩短寿命。",来琊道君合道失败，永恒之花仅花骨朵即枯萎，魂魄真灵开始不可逆溃散。
星河流域,大莫道君,人物心理、情节推进,情感,"来琊道君合道失败后坦然面对，决定去无尽疆域游历甚至无尽黑暗漂泊。纪宁、九尘感慨合道之难。三万余年后九尘教主借助香炉突破四步道君（站在道君之巅，与天斧道君、黎星宫主同级数），但合道一点把握都没有。同时，遥远的大莫域大莫永恒界内""易波界""发生大动静——九色光芒横空射出，大莫道君（三步道君，推演一道极强但战斗力弱）自认推演不及易波帝君中招，带妻子躲藏仅留法身坐镇大莫院。",九尘教主突破四步道君，大莫域易波界九色光芒横空引发大动静，大莫道君躲藏。
星河流域,洞溟玉符,设定揭示、核心伏笔,伏笔、揭示、设定,"消息从大莫域传遍无尽疆域。绿色卷发老者（启啸帝君之族老祖，永恒帝君，推演一道第一）推演确认易波界大动静为""洞溟玉符""出世。洞溟玉符被尊为""合道至宝""——得到后可在合道时形成虚影分身先尝试合道，和真实合道一模一样，失败无损本尊，等于多一次合道经历，把握提升十倍不止。易波帝君以奇物""洞溟玉""炼制六份（道盟一份、五份留易波界），可让悟出一条最强之道的道君完整尝试一次，数条最强之道融合者只能推演至中途。","合道至宝""洞溟玉符""设定完整揭示，虚影分身尝试合道失败无损本尊，五份留易波界。"
星河流域,各方云集,人物引入、环境铺陈,人物、设定,"洞溟玉符出世消息传开，各方合道边缘道君纷纷赶往易波界：永恒一族最强势道君""哥雀王""（银发中年人，受永恒一族最古老帝君黑袍少年指令）；芒涯国皇族""石九""（九王，混沌神兽，受伟大主宰指点）；天斧道君与夫一道君；黎星宫主（以凡人城邑幻象修炼的砍刀道君）；低调强大道君如心剑帝君、启长道君等。道盟、永恒一族、芒涯国、特殊生命一族、古修行者一族、黑暗国度皆知晓，为合道机缘无惧死亡。",洞溟玉符出世引发无尽疆域六大势力合道边缘道君各方云集，群雄汇聚易波界。
星河流域,天苍宫的麻烦,情节推进、矛盾展现,冲突,纪宁、九尘在霆南行宫得知洞溟玉符出世，决定前往易波界。天一道君透露大动静系自己与大莫道君法身在易波界内触发易波帝君禁制所致，天一为近期唯一进入易波界的合道边缘道君，天苍宫将成为众矢之的。御斗道君（四步道君，推演一道）推演易波界将血雨腥风。天一让御斗带天苍宫兄弟先躲。纪宁法身得知天一大哥在易波界内很危险。御斗询问纪宁法身是否随天苍宫同行躲避。,天一道君透露自己引发易波界大动静，天苍宫将成众矢之的，纪宁九尘决定前往易波界。
星河流域,道君上门,矛盾展现、人物引入,人物、冲突,"天一道君分析自己为近期唯一进入易波界的合道边缘道君，必然成为众矢之的。大莫院方面，魔君""尘雨道君""（无尽疆域公认排名第七逆天道君，魔头风格）上门威逼，大莫道君法身以生命起誓未得洞溟玉符，并威胁敢动大莫院必十倍偿还，尘雨等道君不敢动手转赴易波界。天苍宫方面，真一道君（擅长空间一道）与修鞯谰（擅长近战搏杀，持攻击型奇物石球）上门威逼天一交出易波界全部情报，修鞯谰以石球威胁灭天苍宫，给三个呼吸考虑。",大莫道君以法身坐镇加威胁震慑道君，天苍宫遭真一、修鞯谰上门威逼，矛盾激化。
星河流域,为了合道,战斗描写、转折高潮,战斗、高潮,"御斗提议部分交换情报被修鞯谰拒绝，修鞯谰以石球最后通牒。纪宁法身以心力灭绝术一念灭绝修鞯谰（道心稍欠），真一道君抗住逃命（法身实力差距不大故纪宁威胁感不够强）。纪宁有意放真一活命，让其传播""天苍宫有可怕心力修行者""消息以震慑后来者。天一、御斗、鱼灿震惊纪宁为心力修行者，纪宁坦言心力比剑道稍弱，实则剑道比心力更强。",纪宁法身以心力灭绝术一念灭绝修鞯谰，真一逃命传播消息，纪宁心力修行者身份震惊天苍宫。
星河流域,北冥道君之名,转折高潮、人物心理,情感、高潮,"纪宁心力修行者身份及法身一念灭绝修鞯谰的消息传遍无尽疆域，""北冥道君""一战成名。大莫道君震撼（纪宁从世界境到此程度）；芒涯国十二宫议论纷纷（剑宫北冥道君反成心力修行者，心力宫风一道君亦不如）；庆桓皇子感叹纪宁走到最前面；风一（二步道君，起源之地得心力修行者主宰传承，初创不亚于《羽裳迷魂曲》的秘术）感叹纪宁比自​己强；火晋咆哮不甘。纪宁法身约本尊七成战力（无北虹剑，本尊与第二元神共同孕养故更强）。大多数道君退缩，但敢来的都有依仗。","""北冥道君""之名传遍无尽疆域，各方势力震动，大多数道君退缩但自信者仍前往。"
星河流域,坦诚,人物心理、矛盾展现,冲突、情感,"纪宁与九尘教主出虞星海抵达无尽疆域。纪宁向九尘坦诚自己同时是芒涯国十二宫一员（世界境时被掳掠），九尘震惊但表示不在意（仅芒涯国皇族与古修行者为敌，十二宫无碍），承诺不让纪宁为难。纪宁提议借芒涯国时空通道更快赶往易波界，九尘躲入洞天法宝。二人立本命誓言（合道机缘相关）。随后""小光明王""厌弥道君（道号厌弥，第二级数巅峰逆天道君，比孔撒强不少，擅长光之一道，自称""心如光""不怕心力）上门天苍宫威逼情报，化亿万化身笼罩天苍永恒界。",纪宁向九尘坦诚芒涯国十二宫身份，小光明王厌弥道君上门天苍宫威逼。
星河流域,交战,战斗描写、转折高潮,战斗、高潮,"纪宁法身施展世界投影降临（心之世界媲美一座疆域，属第二级数心力修行者），灭厌弥亿万化身至仅余五百二十九道。厌弥以九柄黑色神剑化为黑色丝线（五十九倍光速，在世界投影压迫下）袭击，纪宁以阴阳剑意领域减速后，以终极剑道之崩山双掌正面击溃九剑。厌弥再施展""光之影""化为三百二十柄神剑从四面八方袭击，纪宁以终极剑道之阴阳完美防御尽数击溃。厌弥急怒决定施展光明王三大杀招。",纪宁法身与厌弥道君正面交战，世界投影灭亿万化身，终极剑道防御完美挡住九剑及三百二十剑攻击。
星河流域,光明王三杀招,战斗描写、转折高潮,战斗、高潮,"厌弥施展三大杀招之""光之灭绝""——九道光柱含神剑正面碾压，纪宁以终极剑道形成黑洞正面硬抗轻松挡住（厌弥施威力远不及光明王本人）。厌弥再施""破灭之光""——化为金色光线达七十二倍光速，不断变向攻击千余次，纪宁以终极剑道之唯心全力防御圆满无缺。纪宁反击施展""幻星术""（自创心力幻术），干扰厌弥魂魄一刹那，趁速度变慢一剑贯穿其胸膛。厌弥以""光之化身""（化身万千近乎不死）化为光芒重组退走，感叹纪宁近战丝毫不亚于心力流。光明王已在易波界内。",纪宁以幻星术干扰厌弥一刹那将其贯穿，厌弥以光之化身退走，光明王三大杀招揭示。
星河流域,进入易波界（本卷终章）,转折高潮、悬念设置,伏笔、高潮,"纪宁借芒涯国时空通道（九尘躲洞天法宝内）经一百一十二年抵达大莫域。途中遇金刀道君，得知黑暗国度""酒圣""（无尽疆域公认第一道君，擅长黑暗一道兼心力修行者，创""杀戮魔域""秘术）持宇宙之宝强行杀破道盟万道君大阵进入易波界，三大主宰皆感慨纪宁、贝塔莱厄无望撼动酒圣地位。纪宁将离合石府香炉放三界第二元神处保管。天一道君将易波界全部情报玉简交付纪宁（仅限一人看，不得外传），并透露两年前与大莫法身在易波界内遭遇哥雀王险些丧命。纪宁与九尘教主在过万道君注视下穿过阵法并肩冲入易波界，第三十一卷完整落幕。",酒圣持宇宙之宝破阵入易波界震动无尽疆域，纪宁获天一全部情报后与九尘进入易波界，全卷收官。
易波界,天一求救,环境铺陈、情节推进,设定,纪宁与九尘教主进入易波界，沿途行进两百余年至七重境。易波界分十重境（外七重、内三重），纪宁凭天一提供的地图沿江河前进以避危险。途中遇到浅妃道君（特殊生命，擅用毒）等六名第二级数道君队伍，双方警惕擦身而过未动手。九尘感叹进入易波界碰到一百多支道君队伍竟一次都没真正战斗。忽然天一道君法身向纪宁求救，告知详细位置，纪宁紧急赶赴八重境。,天一道君首次向纪宁求救，纪宁与九尘紧急赶赴八重境救援。
易波界,尘雨魔君,人物引入、矛盾展现,人物、冲突,"八重境沙滩上，天一道君与大莫道君法身被尘雨魔君（无尽疆域公认排名第七，绿皮肤双角女子）率香龙道君、绯亭道君围困。天一大莫躲入十三连环古老阵法中。尘雨魔君以力破法，疯狂轰击阵法，最外围阵法开始崩溃。天一将大莫法身收起，化为无尽水流逃窜，神体被灭七成、魂魄真灵受损需百年修养。天一逃入第二座以山林为根基的阵法，尘雨魔君命香龙道君钻研阵法关节节点。三年后香龙标出三处节点，尘雨魔君六臂同时轰击破阵。纪宁九尘赶到，尘雨魔君喝令""滚""，九尘持长棍怒冲上去。",尘雨魔君以力破法追杀天一大莫，纪宁九尘赶到迎战尘雨魔君一方。
易波界,厮杀,战斗描写、转折高潮,战斗、高潮,纪宁施展世界投影、九大秘术，九尘施展水之涟漪，三方秘术叠加镇压尘雨魔君一方。尘雨魔君仅发挥六成实力，绯亭道君连一成都发挥不出。九尘与尘雨魔君近身硬碰硬，九尘施展神通禁术略占上风令尘雨魔君受伤吐血。尘雨魔君动用火红色圆球法宝（需混沌晶石补充），红光侵染九大秘术与世界投影令其威力大减，绯亭恢复八九成实力。纪宁以幻星术令香龙、绯亭陷入幻境，以滴血式一剑刺中绯亭下巴将其打蒙，绯亭逃窜。尘雨魔君明白奈何不了九尘，转身杀向纪宁。,纪宁九尘联手压制尘雨魔君一方，纪宁以幻星术与近身剑术击败绯亭、香龙。
易波界,逃,战斗描写、矛盾收束,冲突、战斗,绯亭道君逃窜后向香龙道君坦言近身战完全不敌纪宁。尘雨魔君杀向纪宁，纪宁手持两柄北虹剑正面抗住尘雨魔君近乎全力的双掌。九尘从后追来，尘雨魔君见状撤退逃远。尘雨魔君查耗火球法宝威能消耗大半（三千万方混沌晶石没了），叹有纪宁九尘在活捉天一几乎没可能。纪宁九尘走向阵法内天一大莫，天一欣喜惊叹二人击败尘雨魔君。大莫感慨纪宁从祖神到如今境界。天一大莫被困阵法内一时无法出来。,尘雨魔君撤退，纪宁九尘与天一大莫会合，天一大莫困于阵法内待破阵而出。
易波界,仙宫定排名,人物引入、设定展开,人物、设定,天一大莫借助时光加速法宝埋头破阵，转眼一百二十余年。大莫推演出消息：光明王被一位低调无名的晓梦道君击败——晓梦道君用一柄血刃，兵器速度比光明王飞行速度还快。道盟仙宫重新定排名：酒圣第一、黎星宫主第二、晓梦道君第三、光明王第四、岁梦教主第五。道盟仙宫深处，金毛秃顶异族与黑袍黑发老者（晓梦之师）议论，晓梦极情于血刃方能将兵器发挥到极致。二人感慨易波帝君小气仅给道盟一份洞溟玉符，又赞叹易波帝君推演一道成就高不可攀，三大主宰日子都不如他舒服。排名变动一天内传遍无尽疆域。,晓梦道君击败光明王震动无尽疆域，道盟仙宫重新定道君排名，前三变动。
易波界,界灵'蒲',设定揭示、人物引入,人物、揭示、设定,天一大莫耗费一百八十余年破阵而出，大莫坦言推演不及易波帝君，与天一躲进纪宁洞天以免引起战斗。洞溟玉符出世转眼一千年，各大势力合道边缘道君均已赶到。忽然整个易波界震动，高空中蒙蒙彩光汇聚成白色罩袍男子身影——界灵蒲，易波大阵之灵。数以万计的界灵蒲身影同时出现在易波界每一处。界灵蒲宣布一千年已满，公开五枚洞溟玉符位置：两枚在九重境，三枚在十重境。界灵蒲遥遥一指第一枚洞溟玉符所在，一道白色光柱冲天而起。无数道君眼红疯狂冲去，一座座世界投影降临笼罩易波界（二十余位心力修行者同时施展）。,界灵蒲（易波大阵之灵）登场，公开五枚洞溟玉符位置，第一枚洞溟玉符光柱冲天引发争夺。
易波界,第一枚洞溟玉符,设定展开、矛盾展现,冲突、设定,二十余位心力修行者同时施展世界投影探查第一枚洞溟玉符所在山腹，因彼此不蕴含攻击性故互不干扰。纪宁世界投影探查到山腹有阵法禁制庇护无法渗透。纪宁九尘立即赶路。一支七名道君队伍离洞溟玉符最近，岁梦教主（纯粹心力修行者，心之世界比酒圣还大）应酒圣、行云之请出手镇压——世界投影暴涨碾压其他心力修行者投影，瞬间灭杀两名道君。矮胖异族赤昌道君捏碎黑色金属牌奇物，黑光保护全身隔绝世界投影压迫，三个呼吸冲进山腹。岁梦教主扩散世界投影发现哥雀王（银袍，猩红火焰）正高速冲来。一名厚重灰色甲铠男子（特殊生命，泛绿光眼眸）也正高速飞向山腹——他才是特殊生命一族最强大的逆天道君。,第一枚洞溟玉符争夺战爆发，岁梦教主世界投影镇压道君，赤昌道君凭奇物率先冲入山腹，哥雀王与神秘灰色甲铠男子杀来。
易波界,哥雀王,战斗描写、转折高潮,战斗、高潮,纪宁一行在飞舟上赶路，大莫推演出洞溟玉符争夺会很惨烈。山腹内赤昌道君十八条手臂摧毁岩壁，发现石柱上的洞溟玉符，轰碎阵法禁制后一把抢到手，捏碎遁逃道符化流光逃窜。哥雀王赶到，猩红火焰包裹赤昌，赤昌凭黑光道符抗住。哥雀王施展困阵（笼罩上亿里）困住赤昌，连拍二十一掌破散黑光威能，将赤昌道君拍死（连魂魄真灵湮灭）。赤昌死前欲捏碎洞溟玉符却撼动不了分毫（洞溟玉奇物，无价之宝）。哥雀王夺取洞溟玉符，心力修行者们意念传递消息。九尘焦急纪宁安抚，哥雀王正要遁逃时岁梦教主世界投影降临镇压。,哥雀王以困阵截杀赤昌道君夺取第一枚洞溟玉符，岁梦教主世界投影镇压哥雀王。
易波界,惨烈,战斗描写、转折高潮,战斗、高潮,"岁梦教主与赤昌四名道君同伴及另一支八名道君队伍共十二名第二级数道君结盟围杀哥雀王。哥雀王边战边逃，连斩六名道君。厚重灰色甲铠男子""延虎道君""追上哥雀王，以护体神通硬抗哥雀王全力一击不伤丝毫，以大锤反击令哥雀王倒飞。延虎道君实力强于哥雀王，一路追杀牵制七个多月。光明王赶到（白袍金发青年），哥雀王燃烧永恒血脉欲先杀光明王。光明王释放亿万个化身。半个时辰后哥雀王被斩杀——死因是近八个月逃亡路上一次次截杀的道君奇物令其伤势极重，加燃烧永恒血脉反噬实力下降，光明王动用威力极大奇物一举击杀。延虎道君因此战继承哥雀王原排名第七。",哥雀王被延虎道君牵制、光明王击杀，第一枚洞溟玉符争夺战惨烈，延虎道君一战成名。
易波界,遥遥一指,转折高潮、悬念设置,伏笔、高潮,光明王夺取洞溟玉符后凭速度优势逃窜，即便岁梦教主世界投影压制速度仍超百倍天道极限，延虎道君追不上。光明王两年从九重境逃到八重境，又半年逃到七重境再无威胁。易波大阵禁止一切时空手段，道君们只能慢慢飞。芒涯国时空宫哥惑（哥雀王之子，二步道君）感应血脉震颤得知父亲身死，誓杀光明王报仇。第一枚洞溟玉符争夺共死二十六名道君加哥雀王。界灵蒲再度现身，公开第二枚洞溟玉符位置，遥遥一指竟指向纪宁一行所在附近河流。白色光柱冲天，纪宁九尘天一大莫同时冲向河流。,光明王携第一枚洞溟玉符逃出，哥惑誓杀光明王报仇；界灵蒲公开第二枚洞溟玉符位置恰在纪宁一行附近。
易波界,焦点,矛盾爆发、转折高潮,冲突、高潮,第二枚洞溟玉符是绝大多数道君最后机会（界灵蒲警告最后三枚只有巅峰道君有希望活着出来）。岁梦教主世界投影镇压纪宁一行，纪宁九大秘术、九尘水之涟漪、纪宁世界投影硬抗住。纪宁一行不受速度影响冲入河流。九尘速度最快率先入水，纪宁次之，天一再次，大莫最慢。四人在水底峡谷破坏岩壁寻找。天一道君运气好一拳砸在洞溟玉符所在石柱旁，近水楼台先得月抢到洞溟玉符。九尘无话可说，纪宁表情复杂。天一请求帮忙逃离，九尘冷言凭什么帮。纪宁为报天一救命之恩将天一收入洞天法宝。,天一道君运气抢得第二枚洞溟玉符，纪宁为报恩将天一收入洞天，九尘义气相挺一同逃亡。
易波界,逃亡,情节推进、人物心理,情感,九尘虽不满天一，但为纪宁义气决定一同逃亡，约定扛不住就交出洞溟玉符。大莫推演原路返回必败，指引唯一有希望的方向。纪宁驾驭黑色飞舟逃窜，因之前追逐哥雀王导致周围道君数量多，逃亡比哥雀王那次更危险。第一支八名道君队伍截杀，六人动用奇物。纪宁施展幻星术令六名道君陷入幻境（奇物无引领则直线攻击），九尘以长棍轰碎血红色流光后杀出。八名道君死四个逃四个。九尘兴奋名传无尽疆域，纪宁感激九尘。九尘实力来历被其他道君认出——古修行者赤水道君，九尘教新教主。,纪宁九尘携洞溟玉符逃亡，幻星术与九尘长棍联手杀退第一支截杀队伍，九尘来历曝光。
易波界,战,战斗描写、人物引入,人物、战斗,纪宁九尘联手所向披靡，逃亡十九天杀五名道君。红袍青年雪欢道君单独截杀，纪宁幻星术奈何不了他（擅长幻术且道心极强）。九尘与雪欢道君近身搏杀，雪欢六臂如孔雀开屏，防守完美与九尘相当。纪宁施无影遁术靠近偷袭，六柄北虹剑同时攻击，雪欢分出三只手应对纪宁，被九尘长棍抽中腰间吐血倒飞。雪欢实力超乎意料，须分三四成应对纪宁则挡不住九尘。雪欢道君排名前五的实力展现。,雪欢道君单独截杀纪宁九尘，近身防守完美与九尘相当，纪宁偷袭令其分心被九尘击伤。
易波界,斯加道君阻路,战斗描写、悬念设置,伏笔、战斗,"雪欢道君施展""星神分身""（两尊星光身影，各具本尊部分实力，比星王的星辰一道更完美无缺陷），三体联手杀向九尘。九尘以掌心阵图法宝（古修行者先祖主宰所留，数千层阵法叠加，可困永恒帝君，需一千万方混沌晶石补充）困住雪欢，与纪宁趁机逃远。雪欢被困半个时辰方出阵。斯加道君（金色甲铠金发男子，曾逼纪宁用主宰道符杀孔撒，这次准备了保命之物）追上拦路，速度超百倍天道极限，以六片金色羽毛远攻牵制。九尘以困阵法宝困斯加，但斯加一天不到又追上。五天后雪欢也追来，斯加雪欢联手牵制纪宁九尘，前进速度不及过去一半。",雪欢道君星神分身杀招展现，九尘以困阵法宝摆脱；斯加道君凭速度远攻牵制，与雪欢联手堵截。
易波界,岁梦教主和丑王,人物引入、矛盾爆发,人物、冲突,岁梦教主（华美金色长袍，暗红眼眸，唯我独尊）与丑王（矮胖丑陋，背负巨大弯刀，排名十八）赶来。岁梦教主为真正邪魔（建立庞大教派，操控人心，乃魔中之魔），丑王为其最忠诚爪牙（冷漠凶残，道心有缺陷系岁梦教主种下）。岁梦教主承诺得洞溟玉符后与丑王同去十重境再夺一枚。四名巅峰道君（斯加、雪欢、丑王、岁梦）围攻九尘。九尘以一敌三（斯加、雪欢、丑王），水行不死身令攻击化为水流无碍。岁梦教主在远处以心力幻术令九尘瞬间失神，丑王趁机以锁链捆缚九尘，九尘化为水流脱身。,岁梦教主与丑王登场，四名巅峰道君围攻九尘，岁梦以心力幻术配合丑王锁链攻击九尘。
易波界,最后的主宰道符,转折高潮、伏笔深化,伏笔、高潮,"岁梦教主以心力幻术令九尘短暂失神，丑王、斯加、雪欢趁机重创九尘。九尘以千元丹补充神力。岁梦教主命丑王使用""红□疽""（虞星海所得上古之战奇毒，无解药，十二天极度痛苦，专门针对强大永恒帝君）。丑王在攻击时碎裂深红色玉瓶，暗红色液体侵蚀九尘神体渗入魂魄真灵。九尘凄厉嚎叫翻滚，面孔扭曲，神体出现暗红色纹路，痛苦到以口型说""杀了我""。纪宁愤怒喊天一交出洞溟玉符，天一竟在闭关。纪宁将九尘收入洞天，被丑王弯刀劈飞。纪宁在绝境中捏碎最后一枚剑道主宰道符（幽蓝色晶莹树叶）。","九尘中""红□疽""奇毒凄厉求死，天一竟闭关不回应，纪宁绝境中动用最后一枚剑道主宰道符。"
易波界,道符之威,战斗描写、转折高潮,战斗、高潮,剑道主宰道符碎裂，巨剑虚影显现（时空停滞、因果斩断）。斯加道君捏碎黑色种子奇物，藤蔓球包裹斯加雪欢。岁梦教主施展雪白色花朵阵法宝（善转移卸去攻击力，超过九成被转移），与丑王躲入。巨剑虚影斩在花朵阵法上，花瓣开始出现裂痕并逐一碎裂，阵法完全崩溃。残余剑影威能扫过丑王岁梦，毁掉主宰层次阵法及四件庇护珍宝，重伤二人但活了下来。岁梦教主命丑王杀纪宁。纪宁虽用掉最后一枚主宰道符，但在施展时那高高在上的剑意令困住他的瓶颈松动，诸多领悟涌现。,剑道主宰道符巨剑虚影摧毁岁梦花朵阵法及多方保命奇物，重伤岁梦丑王，剑意令纪宁瓶颈松动。
易波界,终极剑道第三层,悟道、转折高潮,修炼、高潮、爽点,丑王持巨大弯刀杀向纪宁，纪宁三头六臂持六柄北虹剑艰难抵抗（仗剑法擅防守、主宰甲衣护体）。岁梦教主、斯加、雪欢也冲出抢夺洞溟玉符。纪宁被逼绝境，在极度愤怒愧疚中，主宰道符施展时的剑意令他灵光涌现，五大剑意融合成终极剑道第三层悟透！纪宁一声怒吼，气息暴涨，道树从八万四千丈攀升至九万九千丈（三步道君极限），突破三步道君。纪宁奢侈使用混灵丹（一颗价值一万方）补充能量，心之世界疯狂扩张，神体从内而外同时蜕变。九大秘术化为阴阳混沌世界，成千上万道剑光显现，直接与岁梦教主世界投影碰撞。,纪宁绝境中悟透终极剑道第三层，道树攀升至九万九千丈突破三步道君，实力暴涨。
易波界,碾压,战斗描写、转折高潮,战斗、高潮,纪宁九大秘术与世界投影结合碾压四方。岁梦教主世界投影变为虚幻与九大秘术纠缠令其威力衰弱，但纪宁近战才是依仗。纪宁以天崩式一剑劈飞丑王（跪地双手支撑），又以唯心剑意黑洞吞噬斯加金色羽毛，以滴血式三柄剑刺穿斯加身体（斯加化为光影重组）。雪欢道君与两尊星神分身围攻纪宁，纪宁世界投影降临直接崩溃岁梦教主世界投影，以天崩式砸飞雪欢。纪宁以幻星术令丑王手中动作变慢，六柄北虹剑接连抽打丑王九下（每击天崩式），第五下丑王神体完全粉碎，抽到第九下丑王化为齑粉。巅峰道君丑王死。岁梦教主痛苦嘶喊。,纪宁突破后碾压四方，接连击败丑王、斯加、雪欢，以天崩式九连击击杀丑王。
易波界,可怕的北冥,战斗描写、转折高潮,战斗、高潮,"纪宁杀意凛冽追杀岁梦教主。岁梦教主近身战弱于纪宁，传音求斯加雪欢助阵。斯加不愿近身（怕纪宁心力幻术），以六片金色羽毛远攻。雪欢道君与两尊星神分身围攻纪宁，岁梦教主以六臂利爪（如梦如幻令人困倦）加入。纪宁以一敌三（雪欢、岁梦、星神分身）隐隐占上风但无法击退雪欢。纪宁暴退以百倍光速逃，岁梦雪欢追击。纪宁忽然凭空消失——无影遁术！纪宁悄无声息逼近岁梦教主，一柄北虹剑如绕指柔捆缚住岁梦，另五柄剑杀来。岁梦教主惊恐：""你的遁术能躲避神念？""",纪宁以一敌三占上风，施无影遁术（可避神念探查）悄无声息逼近岁梦教主，令其惊恐。
易波界,无影遁术,战斗描写、设定揭示,战斗、揭示、设定,纪宁五柄北虹剑以滴血式刺穿岁梦教主梦之化身（人形光影）。岁梦教主逃到远处重组，脸色发白吐血。斯加道君、雪欢道君见无影遁术脸色大变，立即逃窜。岁梦教主求饶愿当追随者一个混沌纪、交出所有宝物，纪宁拒绝（因九尘之仇不可饶）。岁梦教主捏碎黑色石块奇物（金色点点图案），金光爆发。纪宁再施无影遁术消失。岁梦教主以金光四面八方爆发攻击，仅伤纪宁而已（分散威能急剧下降）。无影遁术在数个时代前曾有一逆天道君悟出，刺杀数位巅峰道君后才泄露，此后道君们警惕万分。斯加道君以六片金色羽毛形成囚笼包裹自身，雪欢建议躲在飞舟内以防偷袭。,岁梦教主梦之化身逃命，求饶被拒；无影遁术设定揭示（上古刺客曾以此杀数位巅峰道君），斯加雪欢仓惶逃窜。
易波界,末路,转折高潮、人物心理,情感、高潮,"三个时辰内岁梦教主用九次攻击性奇物（八大圣城之主级数威能），均被纪宁无影遁术躲避。纪宁近身搏杀碾压岁梦教主，岁梦靠梦之化身逃命百余次，每次重伤靠灵丹补充。岁梦教主绝望求饶愿当追随者，纪宁拒绝。岁梦教主疯狂嘶喊等酒圣来救。纪宁剑光再度斩杀，人形光影逐渐黯淡最终完全消散。岁梦教主死前留下遗言""他日你也会死的""。纪宁收其遗留宝物（能用奇宝都已用掉）。道盟仙宫金毛秃顶异族与黑袍黑发老者评价纪宁各方面平衡完美，兼修心力极强，比酒圣只差一件宇宙之宝。道盟仙宫再定排名：纪宁道君第二。",岁梦教主灵丹耗尽被纪宁斩杀，纪宁跃居道君排名第二（仅次于酒圣），兼修心力近战无影遁术全面平衡。
易波界,又一主宰,人物引入、悬念设置,人物、伏笔,"冰冷混沌星辰上，芒涯国主宰（雪白衣袍六根弯角白胡子老者）与蓝昊主宰（深蓝长袍独角青年，额头有鳞片，双眸如星空）对话。蓝昊主宰惊讶纪宁修行不足一亿年即如此逆天（猜其有时光加速际遇）。蓝昊主宰为外来混沌神兽，沉睡养伤醒来，冥冥中感应到易波界有重大秘密，将离开无尽疆域去争夺异宇宙掌控权（上次差一点成功被围攻逃命）。蓝昊主宰秘术""阳九昊天气""尚缺一种珍材未练成极致。二人谈及阴阳生死轮将毁灭无尽疆域。道盟仙宫、三大主宰、蓝昊主宰皆关注易波界。酒圣等二十余位心力流道君联手世界投影镇压纪宁，纪宁缩小世界投影范围抵抗。酒圣提出与纪宁一战。",蓝昊主宰（外来混沌神兽）登场，感应到易波界有重大秘密；酒圣拦截纪宁提出一战。
易波界,纪宁和酒圣,人物引入、矛盾展现,人物、冲突,"纪宁逃亡途中无一队道君敢阻拦。黎星宫主（芒涯国，背着砍刀，道君排名第三）远远吊着观战，不服纪宁排其之上，想找机会正面击败纪宁。晓梦道君（抱血刃，排名第四）也战意滔天想挑战黎星、纪宁、酒圣。酒圣（黑袍，头发乱，眼神朦胧，不修边幅）在河流水面拦截纪宁。酒圣声明不使用宇宙之宝，若纪宁败则交出洞溟玉符，不想杀纪宁（对手难求）。纪宁施无影遁术消失，酒圣以血光秘术""修罗域""（秘术与世界投影结合，含心力影响，令对手烦躁心境受影响）弥漫上万里。纪宁九大秘术与世界投影结合略占优势。双方正面交手。",酒圣（道君第一）拦截纪宁，声明不使用宇宙之宝一战；黎星宫主、晓梦道君各有心思关注此战。
易波界,巅峰对决,战斗描写、转折高潮,战斗、高潮,酒圣三大杀招展现：灭绝掌（至阳至刚，六掌翻拍）——纪宁以天崩式硬碰硬不相上下；修罗舞（至阴至柔，六臂无数幻影缠绕）——纪宁以无影式（利用万物之力，借力打力，虚不受力）应对，双方阴柔诡异地交手；梦醒一指（酒圣最强杀招，喝醉酒醒时明悟，六根食指从不同方向袭来，时空震荡，毁灭威能内敛于触碰刹那爆发）。纪宁以终极剑道之滴血（六柄北虹剑，剑尖微转速度暴涨突破百倍天道极限）对抗。剑尖对指尖，酒圣身体一颤往后倒飞撞击湖面。梦醒一指败了！黎星宫主震惊，道盟仙宫、蓝昊主宰皆赞叹。酒圣感叹大限后纪宁将是这一时代最强道君。,纪宁与酒圣巅峰对决，滴血式（北虹剑增幅五倍）正面击败酒圣最强杀招梦醒一指。
易波界,永恒帝君,转折高潮、装备获取,奖励、高潮,纪宁赢在北虹剑对滴血式增幅五倍（有成为宇宙之宝的根基）。酒圣动用宇宙之宝黑色手套（右手），威压可怕。界灵蒲注意到酒圣宇宙之宝威能已达八大圣城之主级数，威胁到易波大阵稳定。酒圣以宇宙之宝施展灭绝掌，时空战栗天地黑暗。纪宁以唯心剑术抵抗，被轰飞撞击河床，河水湮灭，幸仗终极剑道第三层、主宰甲衣护体未死未吐血。酒圣连续追杀（掌法、拳法、指法），纪宁只能防御无法进攻。纪宁了解宇宙之宝缺陷（招式玄妙不如八大圣城之主）。纪宁以无影遁术消失逃至百万里外，酒圣追一天多未果。忽然浩瀚永恒气息降临，宇宙道之本源降临来贺——有道君合道成就永恒帝君。,酒圣动用宇宙之宝黑色手套碾压性压制纪宁，纪宁以无影遁术逃脱；宇宙道之本源降临，有人合道成永恒帝君。
易波界,天一帝君,转折高潮、悬念设置,伏笔、高潮,纪宁、酒圣、黎星宫主都震惊有人合道成功。纪宁一挥手放出天一道君——已是天一帝君，气息浩瀚带永恒意境。天一帝君以生命起誓已用掉洞溟玉符并合道成功。酒圣摇头叹拼到最后一场空。黎星宫主恭喜天一帝君水行不死身达永恒之境，八大圣城之主都难杀。消息传遍易波界及无尽疆域。遥远虞星海古修行者一族圣地，冥兰主宰（绝美女子持权杖）与众永恒帝君观看画面，冥兰主宰称天一帝君诞生只是小事，易波界内有比之重要千倍万倍的大事发生。风雨主宰（巨大森林树叶显面孔，身体占大半个风雨国度）、芒涯主宰、蓝昊主宰皆循因果感应关注易波界，不知易波帝君到底藏了什么大秘密。,天一道君合道成功成永恒帝君（天一帝君），三大主宰及蓝昊主宰皆感应到易波界有更大秘密。
易波界,赤波殿（本卷终章）,设定揭示、悬念设置,伏笔、揭示、设定,纪宁对天一用掉洞溟玉符一事愤怒（自己和九尘傻傻在外面拼命）。天一帝君想解释，酒圣怀疑天一故意帮北冥九尘，天一以生命起誓真用了洞溟玉符。界灵蒲现身，命天一帝君马上离开易波界（禁止永恒帝君擅闯以力破法破坏易波大阵，但天一原为道君借洞溟玉符合道不算违背规矩），给半日时间。界灵蒲宣布最后三枚洞溟玉符在十重境。界灵蒲指向远处，山脉裂开挪移，一座黑色金色驳杂的古老神殿缓缓升起，威压弥漫整个易波界——赤波殿。芒涯主宰、蓝昊主宰震惊站起：传说中的赤波殿竟被易波帝君挪移至易波界。冥兰主宰称三大主宰所有宝物加起来都及不上赤波殿。风雨主宰、道盟仙宫皆震撼。界灵蒲宣布赤波殿是易波帝君在无尽黑暗闯荡的最大收获，送至无尽疆域作为对家乡的贡献，最后三枚洞溟玉符在赤波殿内，须巅峰道君进入才有望活着出来。第三十二卷完整落幕。,赤波殿（传说级宝物，三大主宰所有宝物加起来都及不上）现世即为十重境，最后三枚洞溟玉符在赤波殿内，全卷最大悬念收束。
赤波殿,天一和纪宁,人物心理、情感展现,情感,界灵蒲宣布巅峰道君才有望活着出赤波殿后，众多道君仍前往。纪宁、酒圣、黎星宫主、大莫、九尘联手飞赴赤波殿。飞舟内纪宁与天一帝君单独对话，追问当初面临绝境时天一闭关不合的缘由。天一坦承自己用掉洞溟玉符模拟合道时进入罕见的顿悟之境，不愿停下而断绝六识一气呵成合道成功成就永恒帝君，承认因眼红合道希望而违背承诺。纪宁虽复杂但最终谅解，指出天一不欠自己而欠中了红疽罕毒的九尘。天一帝君沿界灵蒲开辟的彩光通道离开易波界。,天一帝君合道真相揭晓——模拟合道时进入顿悟之境一气呵成成就永恒，纪宁谅解其违背承诺之举。
赤波殿,果实,设定展开、悬念设置,伏笔、设定,纪宁收到芒涯国主宰传话，主宰愿以一切宝物（含宇宙之宝、混沌灵液、珍材道符等）交换赤波殿内的珍贵果实，多多益善。九尘恢复后与众人在飞舟上饮酒，得知天一已合道成功及纪宁击杀岁梦教主、丑王的经过。道君排名更新：酒圣第一、北冥第二、黎星第三。一年多后抵达天苍域天苍宫，道盟仙宫高层金屿帝君（金毛秃顶异族）造访纪宁法身与天一法身，称道盟同样想要赤波殿果实，承诺开放道盟宝库任纪宁挑选，并免费赠纪宁完整《心剑术》以示诚意，得知纪宁在心剑术上有天赋。,芒涯国主宰与道盟仙宫先后向纪宁示好，愿以一切宝物交换赤波殿果实，纪宁获赠完整《心剑术》。
赤波殿,分道扬镳,环境铺陈、设定展开,设定,"金屿帝君离去后，纪宁暗盘算护体神通、主宰秘术、北虹剑所需珍材乃至复活师姐都需靠赤波殿果实。纪宁等五人最快抵达赤波殿门前，见殿上""赤波殿""三字蕴含极高道的奥妙。殿内两具一模一样的庞大尸体散发主宰气息，界灵蒲揭示其为西斯族炼制的主宰级看守者，赤波殿为西斯族遗留、易波帝君所得。殿内三条深蓝色通道各通一处洞溟玉符，五人分道扬镳：酒圣选中间、黎星选左、纪宁与九尘选右。九尘欲与纪宁事先说清洞溟玉符归属。",赤波殿来历及西斯族看守者设定揭示，五人分三条通道争夺洞溟玉符。
赤波殿,九大区域,人物心理、设定展开,情感、设定,纪宁将洞溟玉符让与九尘，因九尘一路主力功不可没且纪宁对洞溟玉符渴求最低（终极剑道合道难度太高，洞溟玉符帮助有限）。二人进入通道抵达第一层世界，见空间走廊两侧黑色大地上种植十万八千株低矮神树，每株仅一颗深蓝色果实，天幕禁制保护。界灵蒲揭示三人分别位于第一层世界三大区域，冲过甲士抵达王座可传送第二层世界（洞溟玉符所在），采摘果实令符则在第三层世界。甲士个个媲美第二级数道君，世界投影与秘术被金色光球压制。,纪宁让出洞溟玉符给九尘，第一层世界空间走廊及甲士设定展开，磨砺性质揭示。
赤波殿,神树使,设定展开、人物引入,人物、设定,"纪宁与九尘发现将甲士轰出空间走廊即可令其金光黯淡退回。鏖战九个月后甲士增至二十六名，二人疲惫休息时，黑色泥土人形生物""神树使""现身，自称西斯族炼制、负责照顾神树，赤波殿九大区域共有九位神树使。神树使揭示西斯族曾妄图奴役所有修行者最终灭亡，赤波殿为西斯族遗留宝物之一。空间走廊为西斯族专门磨砺道君之所。九大区域果实成熟时间长短不一（最短三万混沌纪、最长十万混沌纪一熟），赤波殿每三万混沌纪开放一次。",神树使登场，西斯族历史及赤波殿果实成熟周期设定揭示。
赤波殿,令符,设定展开、悬念设置,伏笔、设定,神树使详述令符共九份对应九大区域，得一份令符可获对应区域全部十万八千颗果实，果实用于炼制令永恒帝君痴狂的传说灵丹。第九令符最珍贵（十万混沌纪一熟），六七八次之（九万混沌纪一熟），三四五再次（六万混沌纪一熟），一二最低（三万混沌纪一熟）。赤波殿殿门处，行云宫主、石九、斯加、雪欢、晓梦、延虎、天残等七名巅峰道君随后抵达，分两队进入通道。第一层世界中晓梦、延虎、天残三人出现在纪宁身后通道。,九枚令符价值等级体系揭示，更多巅峰道君抵达赤波殿加入争夺。
赤波殿,心剑术,悟道、设定展开,修炼、设定、爽点,"纪宁与九尘不理会身后三人，专注闯关。又过一年甲士增至三十二名，九尘悟出棍法绝招。纪宁因终极剑道已达极限难以再提升，决定钻研金屿帝君所赠的完整《心剑术》。心剑术为心力流、神魔炼体流、炼气流三流完美合一的绝世剑术，共十五式，心剑帝君凭第十五式成为最接近主宰的帝君。前六式有迹可循，第七式""天地之心""为入门，第八至十式为第一阶段，第十一十二式为第二阶段（屈指可数），第十三十四式为第三阶段（实力质变），第十五式仅心剑帝君悟出。纪宁开始参悟第八式""莫名""。","《心剑术》完整体系设定展开，纪宁开始修炼第八式""莫名""。"
赤波殿,莫名，心醉,悟道、转折高潮,修炼、高潮、爽点,"纪宁仅五个多月练成第八式""莫名""（剑术威力增两成），又六个月练成第九式""心醉""（增五成），剑光化为浓雾，摧枯拉朽碾压甲士。身后延虎、晓梦、天残三人震惊纪宁速度加快。纪宁与九尘鏖战近十年击退三十九名甲士，通过第一层空间走廊抵达王座被传送至第二层世界。第二层世界为巨大殿厅，有一百三十四根刻有西斯族法门的柱子，需击败六名金甲神将、三名赤甲神将、一名黑甲神将（持洞溟玉符）。界灵蒲告知酒圣仅用一年便到第二层世界。",纪宁练成心剑术第八式莫名、第九式心醉，通过第一层世界抵达第二层世界。
赤波殿,第二层世界,战斗描写、设定展开,战斗、设定,"纪宁与九尘击败六名金甲神将（巅峰道君级），面对三名赤甲神将时陷入苦战——每名赤甲神将实力与纪宁相当且极擅配合，酒圣曾被其阻拦六年多。纪宁在极限压迫下参悟心剑术第十式""杀心""。界灵蒲广播宣布酒圣已取得第一枚洞溟玉符，众道君大急。赤甲神将透露酒圣被黎星宫主等五人联手阻拦后可能来纪宁这边。",纪宁与九尘击败金甲神将，被赤甲神将阻拦，酒圣取得第一枚洞溟玉符消息震动全场。
赤波殿,杀心,悟道、转折高潮,修炼、高潮、爽点,"纪宁在时间紧迫下参悟心剑术第十式""杀心""成功——需在心醉中带一往无前的信念，心力与剑术完美契合，浓雾凝聚成剑形，剑术威力增一倍。纪宁施展滴血式（北虹剑增幅五倍+心剑术倍增）速度突破新层次，接连刺中三名赤甲神将胸口符纹核心击败之。纪宁直扑黑甲神将。另一殿厅黎星宫主等五人联手阻拦酒圣，酒圣以宇宙之宝碰触黑甲神将符纹核心后放弃，转飞纪宁区域。",纪宁练成心剑术第十式杀心，剑术威力增一倍，击败三名赤甲神将，酒圣转飞纪宁区域。
赤波殿,酒圣到来,战斗描写、转折高潮,战斗、高潮,"黑甲神将允许施展秘术与世界投影（道符除外），体表三层黑光抵挡纪宁秘术。黑甲神将一刀之威达八大圣城之主级数，纪宁以无影遁术逼近，六柄北虹剑同时刺穿三层黑光，趁黑甲神将仅一柄战刀防御受影响时刺中其胸口符纹核心获胜。纪宁将洞溟玉符让与九尘。酒圣赶到，界灵蒲广播宣布九尘取得第二枚洞溟玉符，酒圣震惊。纪宁笑对酒圣""你来晚了""。",纪宁击败八大圣城之主级数的黑甲神将，九尘获第二枚洞溟玉符，酒圣来迟一步。
赤波殿,第三层世界,情节推进、设定展开,设定,酒圣敬佩纪宁让出洞溟玉符，邀纪宁联手抢夺黎星宫主处的洞溟玉符被拒。纪宁因芒涯国本命誓言束缚无法对同门出手、洞溟玉符对自己帮助有限、更在意赤波殿果实救师姐等原因放弃争夺，与九尘前往第三层世界。第三层世界有三条通道，每条含三枚令符，每名道君只能选一条通道。三条通道令符分别为：一四九、二六七、三五八。纪宁选含第九令符的通道（一四九），九尘选另一条（二六七）以最大化令符数量，九尘承诺所得令符全归纪宁。,纪宁放弃洞溟玉符争夺转战第三层世界，与九尘分选不同通道以最大化令符获取。
赤波殿,瞠目结舌,设定揭示、核心伏笔,伏笔、揭示、设定,"纪宁目送九尘离去后，在深渊边缘柱石上看到《生命》法门介绍——能改变魂魄真灵气息的逆天法门，连魂魄真灵气息都可伪装，万法相通之下可瞒骗因果感应不够强者。纪宁惊叹西斯族之可怕，认为此法门可用于隐藏身份渗透势力。纪宁以少许魂魄神念炼成""生命之衣""（可伪装任何看过的魂魄真灵气息），借助时光木屋外界仅过半个多月。纪宁踏上七色锁链，变化七种魂魄真灵气息安然通过，取第一令符。前方第二深渊柱石记载《道心》法门，纪宁再次瞠目结舌。",《生命》法门揭示（可伪装魂魄真灵气息，西斯族渗透利器），纪宁练成并取第一令符，《道心》法门浮现。
赤波殿,《道心》,悟道、设定展开,修炼、设定、爽点,"《道心》法门对修行帮助极大，道心排修行第一。《道心》分七重炼心狱，施展时有大痛苦降临如中红疽罕，第七重可让巅峰道君瞬间魂飞魄散。柱石仅载前三重（道君可学），后四重须成永恒帝君才有机会学。纪宁在时光木屋内修行，第一重第二重直接通过（说明对其无帮助），第三重""劫那衣炼心狱""令纪宁痛苦到无法念法门而自然停止，纪宁反而欣喜——说明第三重对自己有道心磨练之效。纪宁一次次在痛苦中提升极限，修行二十一年后终于念完第三重法门成功。",《道心》法门七重炼心狱设定展开，纪宁苦修二十一年练成前三重，道心得到磨练。
赤波殿,九百年,悟道、装备获取,修炼、奖励、爽点,"纪宁过三色锁链取第四令符，登上八千零三层台阶祭坛。界灵蒲告知祭坛之顶有九千层禁制，破开即可得第九令符，禁制不会自动修复。纪宁以时光木屋百倍加速、世界投影与秘术镇压，施展终极剑道之滴血（穿透性最强）一剑剑破禁制。禁制越往后越强，纪宁耗费半天破前一千层、六天破两千层、一个半月破三千层、九个月破四千层、近五年破五千层。纪宁参悟心剑术第十一式""一滴泪""未成，但滴血式感悟增多。最终耗费近二十年破六千层、近百年破七千层、近三百年破八千层，超过九百年终于破开最后一层禁制获第九令符。界灵蒲广播宣布第九令符被纪宁所得，引来众道君争夺。",纪宁耗费逾九百年（时光加速）破九千层禁制获最珍贵的第九令符，界灵蒲公开消息引来争夺。
赤波殿,接连陨落,设定展开、情节推进,设定,纪宁得知通过地面图案可传送回第二层世界。界灵蒲广播宣布最后一枚洞溟玉符被费琦道君获得，令符仅剩五份。纪宁本打算回第二层世界，得知九尘仅得一份令符后转飞九尘所在通道守护。九尘仍困于《道心》法门。酒圣飞来询问哪条通道令符未被抢，纪宁指引后酒圣离去。随后十二名巅峰道君由古迦王率领出现，道盟更新道君排名：酒圣第一、北冥第二、晓梦第三、黎星第四、光明王第五、古迦第六等，天斧道君、浒崖王已死。古迦王等威胁纪宁交出第九令符，纪宁显现三头六臂六柄北虹剑，冷然应战。,道君排名大更新（多人在混战中陨落），古迦王率十二名道君威胁纪宁交出第九令符，纪宁应战。
赤波殿,激战,战斗描写、转折高潮,战斗、高潮,纪宁得知天斧道君被古迦王所杀后怒火上涌，先施心力灭绝术压制众道君气焰，再以世界投影与秘术笼罩，手持六柄北虹剑直杀古迦王。纪宁剑速超越光明王、威猛胜古迦王最强攻击，疯狂连刺一百二十九剑击穿古迦王神体，古迦王借不死之身（化为黑雾血光）逃得一命。众道君大惊，纪宁以无影遁术在世界投影秘术范围内消失无踪，时而现身击退道君。众道君被迫五人靠拢才能正面抗住纪宁，第一次认识到纪宁的可怕。,纪宁以一敌十二击退古迦王，无影遁术令众道君胆寒，纪宁实力凌驾众道君之上。
赤波殿,一己之力,战斗描写、人物心理,情感、战斗,纪宁在应对围攻方面比酒圣更有优势——剑术完美全面、无影遁术可消失无踪，每时每刻交手道君不超过五位，反占主动。古迦王传音求罢手，纪宁要求他们滚出这条通道。众道君无奈退离，转去纪宁之前闯的通道学《生命》法门。纪宁继续守护九尘所在通道。随后晓梦、延虎、天残、黑枭四名排名前十的道君飞来，纪宁以同样手段阻拦，四人也无奈离去。一个多月后十六名道君联手杀回，部分已练成《生命》法门，纪宁堵在七色锁链前。,纪宁以一己之力先后逼退古迦王十二人及晓梦等四人，守护九尘所在通道不被闯入。
赤波殿,放水,战斗描写、转折高潮,战斗、高潮,九名巅峰道君同时冲向纪宁，延虎、天残等七名围攻牵制。纪宁以无影遁术和防御剑术震飞古迦王、黑枭等，仅拦晓梦、古迦王、黑枭、尘雨四名威胁最大的道君，故意放延虎、尘雨等实力弱的过去。九尘在时光草屋内立本命誓言称洞溟玉符已用掉，被放水过来的五名道君放弃纠缠。五名道君发现《道心》法门后狂喜开始修炼。纪宁继续拦住晓梦等四人，拖延时间为九尘争取修炼《道心》法门的时间。,纪宁有选择地放水放过弱道君、专拦强道君，九尘立誓洞溟玉符已用掉解除纠缠，众道君发现《道心》法门。
赤波殿,最后一枚令符,情节推进、转折高潮,高潮,纪宁以传授《道心》法门为条件劝退众道君未果，继续拦阻晓梦等四人。五天后九尘练成《道心》法门过三色锁链取第六令符。延虎、天残练成《生命》法门后六人联手闯关，纪宁故意放延虎、尘雨过去（攻击弱威胁不大），拦住晓梦、古迦王、黑枭、天残四人。晓梦等无奈离去，率九名道君转去找费琦道君抢洞溟玉符。纪宁旁观另一通道混战：酒圣、黎星等四人争令符，光明王等七人混战。一年后黎星宫主抢得第八令符，仅剩第七令符。九尘在四名道君争夺中抢得第七令符。,九尘取第六、七令符，黎星宫主取第八令符，令符仅剩第七令符被九尘抢得，纪宁全程守护有功。
赤波殿,摘果子,转折高潮、装备获取,奖励、高潮,"九尘将三枚令符（第二、六、七令符）全数交给纪宁以补偿洞溟玉符之恩。界灵蒲宣布令符及洞溟玉符尽有归属，开启离开通道。纪宁与九尘去第九区域神树使处用第九令符换得冷焰鼎华果三百颗（十万混沌纪一熟），又去第七区域采摘果实。另一边酒圣以隐藏宝物""子轮箭""（虞星海上古战场遗留，可重创八大圣城之主级数）一击杀死费琦道君夺第二枚洞溟玉符，众道君震惊。酒圣被超过二十名道君围攻无法脱身，向纪宁传音求援。",九尘将三枚令符交给纪宁，纪宁开始换取果实；酒圣以子轮箭杀费琦道君夺洞溟玉符后遭围困求助纪宁。
赤波殿,纪宁的要求,矛盾展现、人物心理,冲突、情感,纪宁与酒圣传音谈判，故意漫天开价要洞溟玉符被拒，最终达成条件：酒圣交出除洞溟玉符、战斗法宝、两件保命奇物外所有宝物，纪宁出手相助。二人立本命誓言。纪宁将此事告知九尘，承诺宝物与九尘一人一半（两枚令符归纪宁，其余宝物平分）。纪宁与九尘化作流光杀入战场，世界投影与秘术笼罩，纪宁施展无影遁术钻入酒圣秘术范围配合行动，众道君面色大变。,纪宁以帮酒圣解围为条件获酒圣大量宝物，与九尘平分，三人联手杀入战场。
赤波殿,落幕（本卷终章）,转折高潮、悬念设置,伏笔、高潮,"众道君宁可围攻酒圣也不愿对付纪宁（无影遁术措手不及）。纪宁现身一击震飞两名道君，与酒圣、九尘三人并肩而立。纪宁以三人联手可杀道君的威慑迫使众道君罢手，晓梦道君率众离去。石九、黎星宫主等承认纪宁与酒圣得大好处。纪宁独得八枚令符换取赤波殿八种珍贵果实，黎星宫主等得第八令符。酒圣交出宝物圆盘，纪宁分一半给九尘。三人采摘果实后在赤波殿各处用令符换果实。最终三道流光飞出赤波殿离开易波界。易波界外虚空中，六大势力领袖（冥兰主宰、风雨主宰、芒涯主宰等）亲自迎接纪宁，纷纷友好呼唤""北冥""。本卷终。",纪宁、酒圣、九尘联手震慑众道君罢手，纪宁独得八种赤波殿果实，六大势力领袖迎接纪宁，全卷收官。
魔象石壁,复活师姐,人物引入、设定展开,人物、设定,纪宁向炎龙域界六大势力领袖（芒涯主宰、风雨主宰、冥兰主宰、金屿帝君、岐隐帝君、截五帝君）询问复活死去道侣的方法。冥兰主宰询问道侣死时境界与死亡地点，得知仅是天仙、死在混沌世界内后，指出复活难度因死亡地点不同而异——死在永恒界最易、异宇宙次之、混沌世界或虚空最难，且混沌世界的复活连主宰都做不到。,纪宁首次向巅峰大能询问复活师姐，得知复活难度取决于死亡地点。
魔象石壁,至尊,设定揭示、悬念设置,伏笔、揭示、设定,"冥兰主宰揭示混沌宇宙中比永恒帝君更强的存在——""至尊""，至尊能逆转时空、在混沌宇宙中旅行、创造异宇宙，是修行者文明的至高领袖。当年覆灭西斯族正是靠至尊带领。但至尊超然物外，连三大主宰活了无尽岁月都从未见过。纪宁得知复活师姐唯有至尊出手，且需媲美赤波殿级别的宝物才有资格。纪宁决心增强实力以获取重宝。","""至尊""这一修行至高境界首次揭示，复活师姐的唯一希望指向至尊。"
魔象石壁,入道盟仙宫,设定展开、情节推进,设定,"纪宁以赤波殿果实与六大势力交换珍材，用八万颗清宁果换得《剑道之身》护体神通第二层第三层所需珍材，又以多种果实交换《分光大剑气》前两重境所需珍材。纪宁保留最珍贵的第九果实""冷焰鼎华果""三百颗不换，声称要前往道盟仙宫宝库为北虹剑寻找所需珍材。金屿帝君带纪宁前往道盟仙宫，黑云帝君与金屿帝君共同开启宝库。",纪宁完成珍材交换，前往道盟仙宫宝库为北虹剑寻找成长所需宝物。
魔象石壁,北虹剑所需的宝物,设定展开、伏笔埋设,伏笔、设定,"纪宁在道盟仙宫宝库中操纵六柄北虹剑之灵逐一碰触宝物感应，历时五个多时辰查遍全部宝物，发现十二种对北虹剑有帮助的宝物。但报出第一种""六贼无影花""需过万朵、第二种""般火真如铁""需万丈高山大小时，整个炎龙域界都凑不出如此大的量。",北虹剑成长所需宝物种类的量远超炎龙域界所能凑齐，为蓝昊主宰登场埋下伏笔。
魔象石壁,魔象石壁,人物引入、转折高潮,人物、高潮,"纪宁继续报出宝物，大多无法凑齐，仅第八种""九曲寒髓""因炎龙域界有一条环绕星辰的长十万里宽数百里的九曲寒髓河流而六方分摊凑齐。最后一种""沉火黑石""需十万丈高山大的量，炎龙域界仅能凑千丈高山大。此时芒涯主宰身后看似普通的独角青年""蓝昊主宰""显露出主宰级气息，自称在无尽黑暗中漂泊去过一个个域界，因赤波殿出现而醒来，愿以一百颗冷焰鼎华果换取足够沉火黑石，并亲自送纪宁前往名为""魔象石壁""之地。","神秘主宰蓝昊登场，提供沉火黑石来源——无尽黑暗中的""魔象石壁""，本卷核心地名正式揭示。"
魔象石壁,安排,人物心理、情节推进,情感,两年后六大势力凑齐珍材，纪宁将果实交付各方。出发途中纪宁在大莫域附近停下，解散四名追随者苏尤姬、丹宝、那娅道君、凶火道君，给他们保命宝物并安排各自闯荡。纪宁通过时空通道与第二元神碰面，将易波界所得诸多低层次宝物和丹药交给第二元神用于三界。蓝昊主宰感叹永恒生命的孤寂，表示送纪宁到魔象石壁后将离开炎龙域界继续漂泊。,纪宁解散追随者、向第二元神交接宝物，为前往魔象石壁做最后准备。
魔象石壁,黑暗中的石壁,环境铺陈、设定展开,设定,纪宁在洞天内以九曲寒髓供北虹剑吞噬蜕变，北虹剑由纯金色变为蓝金色，防御剑术《阴阳式》《唯心式》威力增幅约五倍。九年后蓝昊主宰抵达目的地，魔象石壁位于无尽黑暗中，是一座约百万里长的庞然大物，形如独角大象，通体黑色极深红色，厚度仅千里，材质为沉火黑石。蓝昊主宰称整个石壁太过庞大无法强行带走，让纪宁的北虹剑自行吞噬。蓝昊主宰立下本命誓言后离去。,魔象石壁的真面目揭示——百万里长的沉火黑石刻壁，北虹剑吸收九曲寒髓后完成第二重蜕变。
魔象石壁,挖开,转折高潮、伏笔埋设,伏笔、高潮,纪宁令北虹剑吞噬沉火黑石，先沿球面挖出千里方圆一块。但仅半个时辰就挖不动了——里面不是沉火黑石而是另一种无法吞噬的银白色材质。纪宁将千里大的沉火黑石剥离后收取，发现银白材质上有无数复杂纹路，隐隐是庞大文字的一部分，风格与青花印记、幻尘文字、赤波殿三字相同，暗示魔象石壁内藏大秘密。,剥开沉火黑石后露出银白材质，发现神秘文字纹路，魔象石壁内藏秘密的伏笔正式埋下。
魔象石壁,天崩式,战斗描写、爽点设置,战斗、爽点,"纪宁无法攻破银白材质，决定继续剥离沉火黑石外层。约三个月后全部外层剥完，北虹剑吃饱达到吸收极限，颜色变为接近黑色表面隐有蓝光金光。纪宁试剑，吸收沉火黑石后""天崩式""威能大增，一剑劈出周围百亿里空间湮灭时空破碎，达到八大圣城之主级数。九尘惊叹不已，纪宁透露自己修成心剑术。二人发现魔象石壁唯一的通道入口，决定进入探索。",北虹剑完成第三重蜕变（沉火黑石），天崩式达八大圣城之主级数，二人进入魔象石壁内部。
魔象石壁,虎,环境铺陈、悬念设置,伏笔、设定,二人进入银白通道，发现内壁有阵法禁制纹路，通道内有无形力量压制神念。行至三里处出现岔道，继续前进发现通道内壁有五道利爪撕裂的伤口，将阵法秘纹完全破坏。纪宁测试银白材质残骸，确认撕裂内壁的至少是主宰层次。二人沿通道深入，发现殿厅祭坛、火红圆柱均被利爪破坏，最终到达一片有千亿里大小的虚空，中央有数十亿里直径的星辰。纪宁判断这是西斯族风格，魔象石壁应为当年西斯族战争遗留。二人伪装成二步道君飞向星辰。,魔象石壁内部发现西斯族风格星辰，通道内利爪痕迹暗示曾有主宰级强者破坏，西斯族遗迹线索浮现。
魔象石壁,天耶罗,人物引入、矛盾展现,人物、冲突,"二人飞向星辰，发现大地有无数生灵繁衍，实力普遍很强（天神天仙层次多，祖神祖仙也有）。远处有约六十名世界境两方厮杀，一方领袖""玛吉""实力极强。纪宁以心力侵入天耶罗家族世界境记忆，得知这颗星辰以血统定地位，分上等家族（需王级傀儡坐镇）、中等家族（需道君和将级傀儡坐镇）、下等家族。天耶罗是中等家族。纪宁杀死天耶罗家族世界境，放走一人传话挑衅天耶罗。",星辰上家族血统等级体系揭示，纪宁通过世界境记忆了解星辰格局并主动挑衅天耶罗家族。
魔象石壁,西斯族？,设定揭示、转折高潮,揭示、设定、高潮,"天耶罗率傀儡前来，被九尘一掌抓住傀儡、纪宁心力控制天耶罗。天耶罗交代星辰最强者为弗魔族、爵崖族、弄帖一族三大上等家族，三大家族自称""西斯族""。历史上曾有一位永恒帝君挑战三大家族，被三大家族联手杀死。纪宁判断三大家族可能是西斯族残留或传承族群，决定动手。纪宁释放心之世界投影笼罩整个星辰，向三大家族发出挑衅，约定在飞鹤山脉决战。",三大家族自称西斯族的真相揭示，纪宁以世界投影挑衅三大家族，将战场引至飞鹤山脉。
魔象石壁,帝级傀儡,设定展开、悬念设置,伏笔、设定,三大家族地底深处，三名银色人族长商议对策，决定各自派遣两尊帝级傀儡（共六尊）围攻纪宁。帝级傀儡在无尽疆域极为罕见，但三大家族每个家族都有至少五尊以上。飞鹤山脉中，纪宁感应到六尊傀儡飞来，威能远超四步道君，确认为帝级傀儡。纪宁与九尘准备迎战，纪宁凭北虹剑和心剑术已有八大圣城之主级战力，颇有底气。,三大家族派出六尊帝级傀儡围攻，帝级傀儡的罕见与三大家族底蕴之深令纪宁九尘震惊。
魔象石壁,围攻,战斗描写、矛盾爆发,冲突、战斗,"六尊帝级傀儡各有特长——雷电傀儡（速度极快）、火焰傀儡（火焰大蛇+黑鞭）、雾气傀儡（遮掩神念心力）、八臂刀锋傀儡（八柄战刀近战）、岩石傀儡（六臂力量防御最强）、剑傀儡（领头用剑）。纪宁以世界投影+九大秘术+阴阳剑意领域双重叠加束缚六尊傀儡，以攻对攻逐一正面击败。六大傀儡联手以雷电、火焰、雾气组成""三色绳子""束缚纪宁，岩石傀儡欲擒抱。",六大帝级傀儡各显神通围攻纪宁，三色绳索束缚令纪宁实力仅发挥七成。
魔象石壁,擒拿,战斗描写、转折高潮,战斗、高潮,纪宁先示敌以弱，关键时刻以天崩式轰飞八臂傀儡和剑傀儡，再以无影式鬼魅剑光缠绕岩石傀儡数十圈强行收进洞天。随后追赶八臂傀儡，以无影、天崩、滴血三式交替三个呼吸攻破其防御擒拿。九尘牵制剑傀儡，纪宁赶到后一个呼吸擒拿。三大家族族长下令撤退，雷电、雾气、火焰三尊有不死身手段的傀儡逃走。纪宁获三尊帝级傀儡，决定炼化以获取三大家族情报。,纪宁以高超剑术擒拿三尊帝级傀儡，三大家族首次重大挫败。
魔象石壁,三大家族,设定揭示、矛盾深化,冲突、揭示、设定,"三大族长震惊于纪宁实力，决定全力以赴——三位族长加所有拥有不死身手段的帝级傀儡（共八尊）全部出手，同时开启全部镇族阵法和西斯法盘戒备。纪宁炼化岩石傀儡后询问得知：三大家族由三位自称西斯族者建立，族长原为正常修行者，成族长后变银色人实力大增；三大家族从""隐秘之地""抓捕帝级傀儡，抹杀傀儡之灵后重新孕育；三大族长任何一个都能击败六尊帝级傀儡；隐秘之地位置只有族长知道。九尘也炼化八臂傀儡。",三大家族的起源、帝级傀儡来源、族长实力等隐秘揭示，三大家族决定全力围剿纪宁。
魔象石壁,银色人,战斗描写、设定揭示,战斗、揭示、设定,"三名银色人率八尊帝级傀儡杀来，纪宁发现银色人的气息与虞星海洞窟中曾见过的黝黑人形生物（当场杀主宰者）很像，但威压弱得多。纪宁以世界投影+九大秘术束缚，银色人速度仍保持百倍天道极限。纪宁施展无影遁术消失，银色人令五色绳索化为""五色海洋""逼纪宁显形。纪宁显形后以滴血遁术直扑瘦小银色人，六柄北虹剑与银色尖刺激烈碰撞，余波毁掉整个飞鹤山脉。",三大族长与帝级傀儡联手围攻纪宁，银色人与西斯族黝黑人形生物的关联确认。
魔象石壁,手段尽出,战斗描写、转折高潮,战斗、高潮,"三名银色人联手围攻纪宁，五色绳索保持千万里范围使纪宁实力降至七成。纪宁以防御剑术《唯心式》《阴阳式》滴水不漏地抵挡，三名银色人虽力量强、速度快，但""道""的境界极低（仅勉强媲美清风圣主），招式蠢笨。三名银色人无奈动用西斯族遗留宝物——声波奇宝（攻击魂魄真灵）、黑色火焰（腐蚀莲花宝物）、血红旗子（召唤血红异兽）。纪宁以雪白莲花等护身奇宝抵挡，虽有嘴角血丝但未受重创。三大家族宝物用一件少一件，陷入两难。",三大族长动用西斯族宝物仍奈何不了纪宁，双方陷入宝物消耗的僵持。
魔象石壁,北冥宫,转折高潮、设定展开,设定、高潮,"九尘也展示诸多奇宝，三大族长不敢再耗宝物，选择撤退。纪宁操纵大地山石在飞鹤山脉废墟上建起万里大山，山顶降临永恒极品法宝仙宫""北冥宫""，以世界投影碾压三大家族周围山脉河流立威，宣告建立北冥宫。这一方世界从此形成北冥宫与三大家族两极对峙格局。九尘统领投靠家族扩张北冥宫势力。转眼两千余年过去，纪宁一直寻找隐秘之地，南一分堂堂主带来八成把握的隐秘之地消息。",纪宁建立北冥宫与三大家族分庭抗礼，两千余年后终于获得隐秘之地的线索。
魔象石壁,隐秘之地,设定展开、悬念设置,伏笔、设定,堂主献上闲散道君临终遗言卷轴，记载其曾无意进入隐秘之地边缘，发现有强大驻军和通往山腹的通道禁制。隐秘之地是独立空间，故纪宁世界投影此前未能发现。纪宁传授堂主一门直达四步道君的传承作为奖赏。纪宁当夜将九尘收入洞天，施展无影遁术潜入，逐一碰触大树寻找入口。两天后碰触一株三丈粗大树时被吸入独立空间，出现于一座悬浮大山的山脚。山脚有驻军（两尊帝级傀儡+六名生死道君+大量世界境），山腹通道有层层古老禁制。纪宁发现时空传送阵——三大家族通过此阵往来隐秘之地。纪宁决定等待道君进入时混入。,隐秘之地的独立空间结构、驻军配置、通道禁制和时空传送阵揭示，纪宁潜伏等待时机。
魔象石壁,西斯法盘,转折高潮、情节推进,高潮,"纪宁等待五万余年后，爵崖族三步道君""喜翮道君""出关奉命前往祖地。纪宁以迷魂术瞬间控制喜翮道君收入洞天，变化成其模样和魂魄真灵气息。三名道君以""西斯法盘""操控通道禁制放纪宁进入。纪宁进入后询问喜翮道君无果（立有本命誓言）。纪宁决定夺取西斯法盘以绝后患——以心力迷晕三名操控法盘的道君，用北虹剑施展滴血式破坏附加阵法，强行拽走西斯法盘收入洞天。三名银色人从山腹内飞来追杀。",纪宁伪装混入隐秘之地，夺取西斯法盘以确保夺宝后能安全离开。
魔象石壁,祖训,矛盾爆发、转折高潮,冲突、高潮,"纪宁显出真身，世界投影笼罩通道和外部驻军及山腹部分区域。纪宁以心力迷魂控制三十一名道君，威胁三大族长——条件为互不攻击、告知西斯族所有秘密。三大族长以""祖训""为由拒绝，反提议以三尊帝级傀儡换回族人并要求纪宁离开祖地。纪宁拒绝，杀一名道君施压，三大族长仍不妥协。纪宁遂以心力灭绝术瞬间灭杀全部三十一名道君。两大族长缠住纪宁，银发银色人深入山腹收走剩余五名道君。",谈判破裂，纪宁灭杀三大家族三十一名道君，双方彻底决裂。
魔象石壁,再见黑色人形生物,设定揭示、悬念设置,伏笔、揭示、设定,银发银色人收走仅存五名道君后退入山腹深处（世界投影无法覆盖的区域）。纪宁深入山腹，发现连绵的黑色金色驳杂宫殿群废墟，均有利爪破坏痕迹。途中发现一具断成两截的黝黑人形生物尸体——正是当年虞星海洞窟中令两名主宰身死的那种，能撕成两截的强者远超纪宁想象。纪宁无法搬动尸体，继续前进。来到宫殿核心区域，世界投影和秘术被未知力量排斥，但该力量因柱子大量损坏而虚弱。纪宁进入核心区域，远处看到三具黑色人形生物尸体。忽然四道超越百倍天道极限速度的身影杀来，命令三大族长拦截纪宁。,山腹深处发现四具黑色人形生物尸体和西斯族宫殿废墟，四尊圣城之主级傀儡现身追杀。
魔象石壁,邀请,转折高潮、悬念设置,伏笔、高潮,"四道身影发出短矛攻击，三大族长围攻牵制。纪宁施展金色晶柱宝物令速度飙升突破百倍天道极限，化作金色流光逃遁，短矛被击偏。四道身影因纪宁逃出禁地范围而停止追杀，斥责三大族长无能——称三大族长是""最弱的银衣道君""。纪宁推测这里的重要性恐在赤波殿之上。三大族长跟随纪宁，纪宁发现一座三头狮子异兽石像风格异于西斯族建筑，靠近时狮子口张开吞吸纪宁。三大族长也随之进入。空间中凝聚出黑袍白面血瞳的邪异男子，自称邀请修行者进入，以""至尊之地""之名瞬间将三名银色人斩成两截。",纪宁以宝物逃脱四尊圣城之主级傀儡追杀，被异兽石雕吸入后遇见神秘黑袍男子，三大族长被瞬间灭杀。
魔象石壁,波林至尊,设定揭示、核心伏笔,伏笔、揭示、设定,"黑袍男子自称其主人为""波林至尊""，行走混沌宇宙除其他至尊外再无敌手。纪宁询问复活天仙道侣之事，黑袍男子确认至尊能做到但需付出让至尊心动的代价。黑袍男子揭示：魔象石壁实为西斯族战船，可瞬间灭杀主宰，十个八个主宰联手也无法抗衡；波林至尊追上战船后遁入其中，杀光三万余名西斯族族人和所有傀儡后离去；帝级傀儡因有自我恢复能力而逐渐复原。波林至尊当初建造了许多异兽洞天，内有""道的指引""指向至尊之路，一般只允许永恒帝君进入，因纪宁以道君之身匹敌银衣道君而破例。三大家族因族长被杀而陷入恐慌。",魔象石壁为西斯族战船的真相揭示，波林至尊的存在和异兽洞天的来历正式点明。
魔象石壁,一道生万道,悟道、设定揭示,修炼、揭示、设定、爽点,"黑袍男子带纪宁至法坛，法坛有辅助凝神悟道之效。纪宁盘膝坐于法坛中央，看到虚空中九条""道""的实质化显现——火红色飞禽、黑色长刀、刺剑、黑色雾气、一根羽毛、血色奔流、金色太阳、苍茫灰色、绚烂彩光，每一条都达主宰层次。正上方苍穹中有成爪状的巨大手掌，威能远超九条道千万倍。黑袍男子揭示波林至尊以爪道成就主宰，后悟出时间、空间、剑道、刀道、黑暗等共九条道达主宰层次，最终爪道达到""一道生万道""境界踏入至尊之境。永恒帝君为""道成永恒""，至尊为""一道生万道""。纪宁请求让九尘也参悟，被拒——因道君修行最大难关是合道，失败即身死，不值得在巅峰道君身上花大力气。","至尊境界的""一道生万道""原理揭示，波林至尊以爪道为本悟出九条道后突破至尊的修行路径完整展开。"
魔象石壁,一亿两千万年,悟道、转折高潮,修炼、高潮、爽点,"纪宁以""万事万物总有一线机缘""触动黑袍男子，获准给九尘一线机会——不借助外力和宇宙之宝，以一己之力擒拿一尊帝级傀儡即可参悟。黑袍男子将纪宁送出，纪宁安排九尘后再次进入。纪宁在法坛上记忆至尊的道：第一年记下""剑道""，因波林至尊剑道与滴血式唯心式融合相近，滴血式突破至第四层次；又花三十年记下其余八条道；之后全力记忆爪道。悟道不知岁月，一亿两千万年后纪宁记下全部十条道的指引。黑袍男子令纪宁出去战斗以检验实力，将根据表现赠与宝物。",纪宁花一亿两千万年记下至尊道的指引，滴血式突破第四层次，九尘获一线机缘参悟。
魔象石壁,帝君傀儡们,战斗描写、爽点设置,战斗、爽点,九尘在外与帝级傀儡交手多年未有突破。纪宁出来后制定计划——由九尘引诱并缠住一尊傀儡，纪宁在旁以无影遁术埋伏，当其他傀儡来支援时纪宁出手擒拿。九尘以长棍缠住一尊傀儡，两头支援傀儡被纪宁一个照面擒拿（滴血式第四层次后速度威能大增）。九尘随后也成功擒拿一尊帝级傀儡。纪宁令九尘前往异兽洞天参悟。帝级傀儡们被纪宁打怕，不再靠近。纪宁继续以帝级傀儡磨练剑术，唯心式离第四层次只差一步。,纪宁实力大涨后轻易擒拿帝级傀儡，九尘也成功擒拿一尊获准进入异兽洞天参悟。
魔象石壁,计划,情节推进、悬念设置,伏笔,"九尘花五亿年记下至尊道的指引后出来。纪宁告知自己已擒拿十二尊帝级傀儡（含帮九尘时两尊、之前三尊、三大家族两尊、围攻时八尊）。九尘棍法悟出""无边""""无尽""""无痕""三大绝招，自认可击败晓梦道君排道君第三。纪宁已让终极剑道四式达第四层次。二人计划进攻核心之地——纪宁长期挑衅四尊圣城之主级傀儡以熟悉其战斗方式，计划用阵图法宝困住傀儡后让九尘抢夺核心之地宝物。纪宁的目标是西斯族核心之地残存的宝物。",纪宁九尘各自修炼有成，制定进攻核心之地抢夺西斯族宝物的计划。
魔象石壁,动手,战斗描写、转折高潮,战斗、高潮,九尘与四尊帝级傀儡交手，悟出三大绝招后用掌心阵图法宝困住四尊傀儡。纪宁飞来支援。九尘用一次性黑色阵图困住最前面两尊圣城之主级傀儡（双层黑色漩涡），加上古修行者先祖的阵图法宝（第三重内圆外方大阵），三重阵法同时困住两尊。纪宁独自迎战持双弯刀的高瘦傀儡，放出十二尊帝级傀儡围攻持巨斧的傀儡。九尘带两尊傀儡冲入核心之地抢宝。,纪宁九尘联手以三重阵法困住两尊圣城之主级傀儡，牵制其余两尊，九尘趁机抢夺宝物。
魔象石壁,洞天之灵的宝物,转折高潮、装备获取,奖励、高潮,九尘在二十个呼吸内将核心之地所有能搬走的宝物（阵盘、晶石、奇异机械等）全部收走后撤退。纪宁带十六尊帝级傀儡撤退，两尊圣城之主级傀儡追出核心之地范围后停止追击，毁掉三重阵法。四尊守护傀儡唏嘘感慨——主人早死光，宝物带走也无妨，反而纪宁的到来给孤寂的生命带来了乐趣。二人进入异兽洞天，黑袍男子夸赞纪宁进步大。黑袍男子赠九尘血色手爪印令牌——可传送进入炎龙域界永恒国度内波林至尊所留之地（令牌使用两次后破碎）。黑袍男子还给出混沌星图标出周围三处域界位置。,九尘抢夺核心之地宝物成功，获赠可传送进入永恒国度的令牌，波林至尊在永恒国度内留有遗物的伏笔埋下。
魔象石壁,千叶青灵（本卷终章）,装备获取、核心伏笔,伏笔、奖励,"九尘得知令牌地点在永恒国度内部，虽有危险但令牌可撕裂时空逃离，连主宰都困不住。令牌仅一人使用但可将同伴收入洞天。黑袍男子揭示纪宁破开沉火黑石助其脱困是大功，赠予至宝""千叶青灵""——混沌源兽最爱的食物，经波林至尊炼制为法宝，滴血炼化后扔给混沌源兽吃下即可控制它成为仆从。混沌源兽是混沌宇宙本源孕育的最可怕生命，只有至尊能击杀。以一头混沌源兽为代价足以请至尊出手复活天仙——为纪宁复活师姐带来真正的希望。二人立誓不外泄后离开。异兽洞天化为三头狮子异兽离去。纪宁九尘查看三大家族已龟缩不出（约定十万八千混沌纪后再出），便踏上归程，仅三百余年返回无尽疆域。","纪宁获至宝""千叶青灵""为复活师姐带来希望，异兽洞天离去，本卷以纪宁九尘返回无尽疆域收官。"
永恒一族,域界飞梭,设定展开、环境铺陈,设定,"纪宁、九尘从魔象石壁西斯族遗迹归来，返回无尽疆域，闲谈此行收获（至尊的道的指引、千叶青灵、十二尊帝级傀儡、至尊令牌、域界飞梭残骸等）及残缺域界飞梭的遗憾；纪宁途中绕路将六尊帝级傀儡及西斯法盘等宝物经第二元神送回三界，为家乡留依仗；随后经芒涯国中转三十余年抵达永恒一族老巢""永恒国度""，凭至尊令牌传送进入其最隐秘的世界。",纪宁安顿三界后凭至尊令牌进入永恒国度最隐秘世界，开启本卷永恒一族线。
永恒一族,白竺,设定揭示、悬念设置,伏笔、揭示、设定,纪宁、九尘进入世界后发现飞舟与塔状飞行物对峙，塔上有三名黑衣帝君、三百名银衣道君；旁有波林至尊留字石碑，记载其五弟子白竺主宰被西斯族围杀之战、叮嘱后辈修行者借此与衍变的西斯族切磋磨砺、三百一十八颗星辰上留有追随他的主宰们传承；九尘、纪宁先后与银衣道君交手，银衣道君实力远超三大族长，纪宁以终极剑道之唯心式与一名银衣道君斗个不相上下，两名联手时即处下风退走。,波林至尊留字揭示白竺之战与三百余名主宰传承，纪宁初试西斯族银衣道君实力。
永恒一族,厚重,设定展开、情感展现,情感、设定,纪宁、九尘逐一前往三百一十八颗星辰接受主宰传承，先后感受千犀主宰、神帝和窿（创出与心剑术类似的《神帝大灭绝术》）等主宰的滔天意志与无私嘱托——全部传承均无需立本命誓言，可自由传授；二人深感压力，决定不轻易外泄，纪宁计划将浅显法门逐渐传授三界；二人闭关消化传承，九尘出关后与银衣道君继续切磋。,三百余名主宰传承无私授予且不受誓言束缚，成为纪宁、九尘及三界核心资产。
永恒一族,奇异的星辰,环境铺陈、设定展开,设定,"纪宁消化传承后选取一门剑道秘术，计划成四步道君后双秘术同修；与银衣道君切磋已无大用，二人探查飞舟（仅留波林至尊""厚积薄发""四字）后决定逛遍整个世界；纪宁以世界投影探查，发现星辰河流贯穿整个世界，飞行探查中发现一颗百亿里直径的奇异星辰——一面炽热火红海洋、一面深蓝冰寒海洋，浓雾交界处有百万丈高的疑似万劫圣血果树，果子瘦长且多达六颗以上，与寻常万劫圣血果树迥异。",奇异星辰上的变异万劫圣血果树现身，为本卷核心机缘线埋下关键。
永恒一族,围观,人物引入、悬念设置,人物、伏笔,纪宁、九尘飞赴奇异星辰浓雾处，先后遭遇深蓝色寒冰蛟龙与火红色四蹄异兽；两头异兽实力可怕，远超九尘；冰兽透露永恒一族道君太弱、需通过考验方可靠近宝物；火兽召唤两大族群近两百头异兽围观；规则为纪宁、九尘各击败冰兽、火兽一头即可通过考验；纪宁先与冰兽交手，被冰兽以长鞭般的身躯一击轰飞千里。,冰兽、火兽两大族群守护考验登场，纪宁初战冰兽被压制。
永恒一族,明白了,战斗描写、悟道,修炼、战斗、爽点,纪宁因神体媲美永恒上品法宝且穿主宰甲衣安然无恙；冰兽身法鬼魅、全身寒冰为兵器，克制纪宁身法优势；纪宁改用以力破法，六手共握一柄剑施展终极剑道之天崩，与冰兽正面硬碰硬九十八次；最后一次碰撞中纪宁明悟，天崩式突破到第四层次。,纪宁在与冰兽硬碰硬中悟道，天崩式突破第四层次。
永恒一族,至尊有令,转折高潮、悟道,修炼、高潮、爽点,"纪宁五式（滴血、无影、天崩、阴阳、唯心）均达第四层次，只差融合成终极剑道第四层即成四步道君；纪宁以天崩式一击轰碎冰兽寒冰之躯获胜，冰兽虚影认输；纪宁转战火兽，火兽擅长狂猛攻击、速度更快、力强纪宁一线；两大族群中各有一气息内敛的族长现身维持秩序，提及""至尊有令""守护此地。",纪宁击败冰兽后转战火兽，五式齐达第四层次，距四步道君仅一步之遥。
永恒一族,苍寒道君,战斗描写、人物心理,情感、战斗,"纪宁与火兽鏖战十九天，第三天起故意放弃心剑术伪装消耗以磨砺剑术，最终以心剑术暴增威力配合滴血、天崩、无影三式联动擒拿火兽获胜；火兽族长眼光毒辣点出纪宁剑术无破绽；冰兽族长提及上一位通过考验的道君是九十余万混沌纪前的""苍寒道君""（另一分支永恒一族请来，已合道失败、真灵溃散）；并揭示永恒一族有多分支、永恒国度非凡仅凭炎龙分支能造。",纪宁击败火兽通过考验，得知永恒一族多分支及苍寒道君往事。
永恒一族,万劫圣血果树,设定揭示、爽点设置,揭示、爽点、设定,冰兽族长揭示永恒一族每百万混沌纪来采果一次；此株万劫圣血果树比寻常珍贵百倍，因汲取至尊之血三千多万混沌纪已蜕变，能结三十六枚果子；价值远超一名主宰全部宝物，接近赤波殿；永恒一族在果树周围布下八万多座阵法禁制（无主持、威能弱但数量多）；纪宁决定不但采果还要拔树带走，以请动至尊救师姐，计划最后突然拔树即逃。,变异万劫圣血果树价值揭示，纪宁决意拔树救师姐。
永恒一族,拔树,设定展开、转折高潮,设定、高潮,纪宁拒绝使用主宰级宝物保命，以剑术破阵（滴血式破柔韧阵、天崩式破刚阵），历经一千八百余万年攻破八万多座阵法，期间心剑术仍卡第十式无法突破；纪宁变大至百万丈高采摘三十六枚果子后，直接拔出整株万劫圣血果树收入洞天；拔树后地底深坑现出一团万丈大的血红色液体球体，散发出远超主宰的恐怖威压。,纪宁破阵拔树成功，深坑中现出至尊之血，情节急转直下。
永恒一族,至尊之血,设定揭示、转折高潮,揭示、设定、高潮,纪宁、九尘对至尊之血感到生命本能的恐惧；冰兽族长解释果树之所以神奇全因汲取这一滴波林至尊炼制的至尊之血，拔走后果树价值降为约十二株寻常果树；纪宁尝试以神力化身、本尊六手搬动至尊之血，却因它与整个洞天世界无数丝线相连而无法撼动；永恒国度核心神殿内，永恒一族最高领袖安臣帝君感应到第一祖地震动，紧急召来岐隐帝君、德古帝君，三人燃烧永恒之血开启祖地。,至尊之血真相揭示，纪宁无法带走，永恒一族三位帝君紧急赶来。
永恒一族,怒火冲天,矛盾爆发、悬念设置,伏笔、冲突,"安臣、岐隐、德古三位帝君传送抵达，发现万劫圣血果树被拔、纪宁正抱至尊之血，认出是北冥道君和九尘教主，杀意冲天；冰兽、火兽两大族群以""通过考验者受庇护、三位帝君未通过考验""为由阻拦其动手；安臣帝君揭示阴阳生死轮将于百余万混沌纪后毁灭炎龙域界，这株果树是永恒一族最后的命根子（含至尊之血精华），不容有失。",永恒一族三位帝君与纪宁、九尘对峙，两大族群庇护纪宁。
永恒一族,不死不休,设定揭示、矛盾爆发,冲突、揭示、设定,"安臣帝君请求洞天之灵击杀纪宁二人；洞天之灵（白发女子）拒绝，揭示真相：这座世界非为永恒一族而创，是波林至尊为上古战争败北后留后手而建；永恒一族是波林至尊后裔，至尊之血是最原始永恒之血，须成主宰方可吸收；炎龙分支太弱三千万混沌纪无人成功，洞天之灵将在阴阳生死轮毁灭后离去另寻分支；安臣帝君提出""留下果树、立誓不泄传承""即不追杀，被纪宁、九尘拒绝；安臣帝君发出""不死不休""追杀令。",洞天之灵揭示永恒一族起源与至尊之血真相，永恒一族发出不死不休追杀令。
永恒一族,隐修,环境铺陈、人物心理,情感、设定,纪宁、九尘凭至尊令远遁至极远处，至尊令威能耗尽碎裂；二人决定隐居潜修，深入道盟范围选一颗星辰，九尘布阵改造星辰生态开辟洞府；安臣帝君部署德古帝君动用全族势力、岐隐帝君借助外界帝君人脉追查二人踪迹；纪宁、九尘潜心参悟三百余名主宰传承。,纪宁、九尘隐居潜修，永恒一族全面追查二人踪迹。
永恒一族,如今的三界,情感展现、设定展开,情感、设定,"纪宁第二元神得知师傅菩提、风魔从外界归来准备突破生死道君；将三百余名主宰传承中""世界境部分""放入三界秘阁，菩提、风魔得传承后分别潜修突破成就生死道君；纪宁感叹三界仙魔天资异常高于外界，疑与青花洞府有关；纪宁陪女儿纪明月切磋剑术，牵挂至亲好友，为无牵挂地拼闯做准备。",三界传承安顿与仙魔突破，纪宁牵挂家人，为后续拼命铺底。
永恒一族,劫难降临,悬念设置、转折高潮,伏笔、高潮,隐居星辰上，九尘化身老翁指点凡俗青年棍法；纪宁、九尘持有的域界飞梭残骸部件突然产生感应并震颤欲飞向某方向；二人前往探查，感应距离迅速缩短，对方也在靠近；来者正是道盟八大圣城之主中凶名最大的绯雪城主（白发白眉绿瞳，灭世浩劫中出生，杀戮无数合道成圣城之主，前三实力，曾因愤怒连杀十二位帝君）；纪宁、九尘选择一颗荒寂星辰布下三重阵法手段应战。,域界飞梭部件感应引来绯雪城主追杀，纪宁、九尘布阵备战。
永恒一族,谈判,矛盾爆发、战斗描写,冲突、战斗,绯雪城主一出手即以雪白刀光重创纪宁九尘——一刀劈飞纪宁撞出数十万里峡谷，一刀将九尘水行不死身切为两半；纪宁感叹与真正圣城之主差距巨大；九尘喊停请求谈判，绯雪城主提出两个条件：一、交出兵器甲衣外所有宝物，二、翻看二人魂魄记忆（立誓不伤真灵）；纪宁、九尘拒绝——翻看记忆是奇耻大辱，万劫圣血果树和千叶青灵也不能交出。,绯雪城主实力碾压，提出苛刻条件被纪宁九尘拒绝，谈判破裂。
永恒一族,时空盘,战斗描写、转折高潮,战斗、高潮,绯雪城主六刀齐发，纪宁九尘启动三重阵法手段（九尘黑色球体困阵、血色阵旗、异兽虚影；纪宁深蓝色锁链、黑白棋盘、暗金闪电）抵抗；绯雪城主祭出金色圆盘宝物摧枯拉朽破开所有阵法并切开大半星辰；纪宁收九尘入洞天，尝试撕裂空间失败，祭出芒涯主宰赐予的时空盘强行破时空——时空盘碎裂，蒙蒙光芒屏障仅黯淡些许，逃命失败。,绯雪城主以宝物破阵，纪宁时空盘破碎逃命失败，陷入绝境。
永恒一族,一滴泪,悟道、转折高潮,修炼、高潮、爽点,"纪宁向芒涯主宰求救（愿以五十枚冷焰鼎华果及赤波殿其余果实为代价），芒涯主宰正赶来但需时间；绯雪城主施展刀气世界镇压，纪宁以阴阳混沌世界叠加心之世界投影抗衡；绯雪城主动用冰雪刀术（三刀狂猛三刀阴柔飘忽），纪宁防守难度飙升、伤势加重；生死关头，纪宁为保护洞天内九尘迸发强烈意志，心剑术突破至第十一式""一滴泪""（剑雾凝为水滴形，威能三倍增幅），稳住防线。","纪宁生死间突破心剑术第十一式""一滴泪""，实力三倍增幅稳住防守。"
永恒一族,芒涯主宰（本卷终章）,转折高潮、核心伏笔,伏笔、高潮,绯雪城主惊骇纪宁心剑术达第十一式，担心其不久达第十二式（六倍增幅）将与自己相差无几；纪宁防守无破绽，绯雪城主犹豫是否动用最重要的保命宝物；芒涯主宰本尊（巍峨巨兽）撕裂时空赶到喝止；绯雪城主在芒涯主宰撕裂屏障之际抢先祭出黑色大锤（化作金色大锤），纪宁连捏两件保命之物仍被轰碎六剑、神体化为齑粉，仅遗法宝甲衣；芒涯主宰逼退绯雪城主（绯雪城主以不死身手段遁逃），收走纪宁遗物，发现法宝仍有主判断纪宁有第二元神未死，遂前往天苍宫寻其法身。本卷以纪宁本尊身死、待借道符复活的重大悬念收束。,芒涯主宰赶到但仍未救下纪宁本尊，纪宁肉身化为齑粉，全卷以重大转折悬念收束。
四步道君,复活,转折高潮、设定展开,设定、高潮,"纪宁本尊借符博帝君本命道符于天苍宫隐秘洞天内复活，一死一生经历令其对""道""有新认识；芒涯主宰撕裂时空降临归还纪宁遗物（六柄北虹剑、甲衣、洞天法宝等），因未真正救下纪宁而拒收赤波殿果实，但答应以珍材交换纪宁修炼《剑道之身》第四层（神体媲美永恒极品法宝）所需材料，并约定今后仅再为纪宁出手一次。",纪宁借道符复活，芒涯主宰归还宝物并定下珍材交易与出手底线。
四步道君,分离,情感展现、转折高潮,情感、高潮,"纪宁嘱咐苏尤姬保密复活消息；九尘教主现身，因实力差距拉大主动提出与纪宁分离独行合道之路（要么合道成功，要么在冒险中死去），告知可经""古真殿""（古修行者一族背后势力）传讯；纪宁嘱托天一帝君保密本尊行踪，大半个月后芒涯国送来珍材，纪宁独自离开天苍宫，前往天苍永恒界寻找悟道契机。",生死兄弟九尘与纪宁分离，纪宁独赴天苍永恒界悟道。
四步道君,化身顽石,环境铺陈、悟道,修炼、设定、爽点,纪宁进入天苍永恒界一片数亿里广阔、被蛮荒水泽隔离、七国争霸的凡俗大地（最高仅天仙层次），变幻身份（算命先生、红肚兜孩童、杀猪大爷等）贴近观察生死轮回，陪伴庄主独子许虎近千年一轮回（授其刀法、送其转世），历经朝代更替（七国→三国→乾国统一→南北对峙），一亿三千万年后悟得终极剑道突破契机，化身山巅顽石数百万年，五大剑道渐趋融合。,纪宁隐居凡俗大地一亿三千万年观生死轮回，化身顽石悟道。
四步道君,终极剑道第四层,悟道、转折高潮,修炼、高潮、爽点,"纪宁于山巅顽石中突破，道树生长至十万八千丈（远超寻常四步道君），借助混沌晶石而非外界混沌之力（防惊动各方）完成神力法力蜕变，成就四步道君；境界达圣城之主层次（前列），心剑术练成第十二式（六倍增幅），并修成不死身""无影之躯""（我为天地，天地为我，比绯雪城主不死身更完美）；可窥伺因果，一剑可顺因果斩杀敌人所有分身；纪宁开始潜心修炼主宰级秘术《分光大剑气》。",纪宁成就四步道君，终极剑道第四层，修成无影之躯不死身。
四步道君,纪宁现身,情节推进、悬念设置,伏笔,"纪宁千余年建成""分光海洋""练成《分光大剑气》前两重；在山腹留下一枚神念传承及考验，收未来亲传第四徒；返回天苍宫后天一帝君告知有""不亚于绯雪城主的势力""（即永恒一族）也在追查纪宁；纪宁决意主动杀上绯雪圣城杀鸡儆猴，以一缕剑光震慑天一帝君后前往芒涯国剑宫公开现身，消息迅速传遍无尽疆域，绯雪城主、永恒一族均生杀机。",纪宁秘术练成，公开现身剑宫，决意杀鸡儆猴震慑四方。
四步道君,拒绝,设定展开、人物心理,情感、设定,"纪宁在剑宫神兵谷试图收服宇宙之宝""断剑""法宝之灵（冰寒女子），以剑道威压震慑对方，但冰寒女子要求纪宁合道成功方才答应跟随；纪宁无奈离去。随后纪宁以十五颗永恒之果（变异万劫圣血果）向芒涯主宰交换《神翼剑光》前两层所需珍材，并约定每十颗永恒之果芒涯主宰多出手一次；芒涯主宰揭示""永恒之果""之名及珍贵（一枚抵二十枚万劫圣血果，永恒一族视若命根子）。",断剑法宝之灵拒绝纪宁，纪宁以永恒之果向芒涯主宰交换秘术珍材。
四步道君,功成,设定展开、爽点设置,爽点、设定,"纪宁在三万余年（含时光洞天法宝约三百余万年）中炼成《神翼剑光》前两层，金丹混沌空间内凝成金色翅膀；《分光大剑气》（分散）与《神翼剑光》（汇聚）以终极剑道之阴阳结合形成""阴阳混沌世界""，配合世界投影可群攻可镇压；纪宁收仙府独出剑宫，绯雪城主 meanwhile 部署三名帝君（夜泉帝君等）分别堵截三条时空通道出口，亲自守芒涯国外，凭残缺域界飞舟感应纪宁方位。",纪宁两门主宰级秘术练成，阴阳混沌世界成型；绯雪城主布下三路堵截。
四步道君,夜泉帝君,人物引入、矛盾展现,人物、冲突,"纪宁经时空通道抵飞尘星，遭遇绯雪城主麾下阴狠帝君""夜泉帝君""（胖乎乎白诡异皮肤老者，曾屠戮三百八十一座疆域婴孩修炼""夜泉秘术""）；纪宁斥其以婴孩修炼秘术之恶，夜泉帝君施展夜泉秘术（白色布袋+巨脸吞噬），纪宁以阴阳混沌世界+世界投影双重碾压瞬间破碎其布袋。",夜泉帝君登场，纪宁以阴阳混沌世界碾压其夜泉秘术。
四步道君,斩杀,战斗描写、转折高潮,战斗、高潮,"夜泉帝君化为黑雾逃窜，纪宁以终极剑道之阴阳镇压时空令其无法撕裂逃遁，先以心力灭绝术冲击其魂魄（夜泉帝君道心极强抗住），再以幻星术将其卷入幻境，随即以终极剑道之天崩+心剑术第十二式""剑如潮""六道剑潮湮灭其黑雾不死身，斩杀夜泉帝君（纪宁展露锋芒后第一名殒命帝君）；绯雪圣城法身聚议处夜泉帝君法身同步身死，绯雪城主等震惊；纪宁撕裂时空直奔绯雪圣城。",纪宁斩杀夜泉帝君，直奔绯雪圣城老巢。
四步道君,降临绯雪圣城,环境铺陈、转折高潮,设定、高潮,"纪宁撕裂时空降临绯雪圣城，以心之世界投影笼罩全城，二十余名永恒帝君（多为法身）在绯雪城主法身率领下飞出对峙；铁炫道君、紫炎道君等观战道君震惊于一名道君敢挑衅八大圣城之一；无数修行者振奋支持纪宁；纪宁喊话""打算一起上？我一个打你们二十几个帝君""，绯雪城主法身称纪宁自寻死路。",纪宁降临绯雪圣城，世界投影笼罩全城，与二十余名帝君对峙。
四步道君,无法理解,战斗描写、矛盾爆发,冲突、战斗,纪宁心声响彻全城，消息传遍无尽疆域，三大主宰及隐居帝君纷纷赶来；绯雪城主传音黑腐帝君（天生操纵幻境，爱吃腐肉）先探纪宁虚实，血云帝君（实力与绯雪相当）主持围杀；黑腐帝君化作黑色雾气（腐蚀+幻境）袭击纪宁，纪宁以世界投影困雾、终极剑道之天崩+心剑术第十二式一招湮灭其黑雾之躯，灭杀黑腐帝君（第二名帝君）；绯雪城主无法理解一个道君何以如此之强。,纪宁一招灭杀黑腐帝君，绯雪城主一方陷入震惊难以置信。
四步道君,一起上,战斗描写、转折高潮,战斗、高潮,"绯雪城主本尊赶到，与血云帝君率众帝君布下镇宫杀阵""血盘七杀阵""围攻纪宁；纪宁以心力灭绝术侵袭二十余名帝君魂魄真灵，当场毙杀五名法身（法身魂魄弱于本尊），阵法出现破绽；紧接以幻星术将十六名永恒帝君卷入幻境，血盘七杀阵不攻自破；芒涯主宰悄然赶到暗中观战，惊喜且疑惑。",纪宁以心力灭绝术毙五法身、幻星术卷十六帝君，血盘七杀阵崩溃。
四步道君,屠戮无数,战斗描写、爽点设置,战斗、爽点,纪宁以阴阳混沌世界（金色翅膀+无数弧光剑光）斩杀六名中了幻术无反抗之力的永恒帝君神体，帝君法身因媲美永恒极品法宝抗住；剩余清醒帝君仓惶逃窜；纪宁以刺杀遁术撕裂血云帝君血海，持六柄北虹剑以心剑术击败绯雪城主（剑如水潮，绕指柔缠绕），绯雪城主化雪花逃遁；纪宁六手共握一柄北虹剑倾力施展终极剑道之天崩，镇压时空，一击碾压绯雪城主神体；绯雪、血云绝望下各祭出保命宝物（断灰色长矛、弯月亮）拼命。,纪宁屠戮六名帝君，以天崩镇压时空击败绯雪城主，绯雪血云祭出主宰级宝物拼命。
四步道君,传四方,转折高潮、设定展开,设定、高潮,纪宁以终极剑道防御剑术（剑光潮水漩涡黑洞）正面抗住血云帝君弯月（西斯族遗留，主宰级威能）与绯雪城主灰色长矛（西斯族遗留，主宰级威能）接连袭击，仅被震退未吐血；绯雪城主、血云帝君彻底绝望，撕裂时空逃遁（天崩镇压时空被主宰级威能破解）；纪宁独留圣城上空，消息震动无尽疆域；诸多隐居帝君老家伙（黑翅白发老者、雍容女子等）纷纷现身赶赴；芒涯主宰震撼于纪宁正面抗住主宰级威能，判断其实力已与道盟两大领袖相当。,纪宁正面抗住主宰级宝物袭击，绯雪血云逃遁，消息震动无尽疆域。
四步道君,最强的道君,转折高潮、爽点设置,爽点、高潮,"芒涯主宰暗中感叹纪宁已成炎龙域界最巅峰行列、对其秘密亦有探寻之心；纪宁变百万丈巨人强行拔取绯雪魔宫，破除无帝君主持的阵法禁制，将整座魔宫连根拔起收入洞天，宣布""我北冥只要活着，就必定拔除绯雪魔宫""；金屿帝君（道盟两大领袖之一）现身劝阻未果，提醒纪宁将来身死后辈或遭报复，纪宁表示将再入魔象石壁取四尊傀儡安置三界；金屿帝君引纪宁赴百亿里外虚空的""炎龙域界大会""，三大主宰及隐居帝君齐聚欲见纪宁。",纪宁拔除绯雪魔宫，宣布永久镇压，赴炎龙域界大会。
四步道君,炎龙域界大会,人物引入、设定展开,人物、设定,"纪宁入金色世界，九位大能齐聚：三大主宰（芒涯、风雨、冥兰）、道盟五大帝君（金屿、黑云、金孔、凰琼、青石）加纪宁；金屿帝君介绍金孔帝君（道盟活最久帝君之一，曾占圣城后隐居）、凰琼帝君（最年轻）、青石道人（道盟第一帝君，非主宰却媲美主宰）；芒涯主宰传音纪宁警惕青石道人——其本尊在外冒险，第二元神以舍身仪式转化为西斯族""黑衣帝君""（主宰级战力），宝物居道盟之首，脾气极好但发怒不得了。",炎龙域界大会九位大能齐聚，青石道人背景揭示。
四步道君,终极剑道,设定揭示、核心伏笔,伏笔、揭示、设定,"纪宁向八位大能公开秘密——融合最强之道并非极致，其上还有更高的""终极之道""，自己便是以终极剑道跨入生死道君境；三大主宰、道盟五大帝君皆震惊（修行之路的颠覆）；冥兰主宰印证自己道君时的疑惑；金孔帝君、凰琼帝君、青石道人纷纷求观《终极剑道》法门，各出宝物为代价；纪宁表示最想要请至尊逆转时空复活道侣，谁能拿出请动至尊的宝物便让其观看；青石道人愿出超过九成宝物并立誓不外传，甚至承诺全力灭杀绯雪、血云。","纪宁公开""终极之道""秘密，各方求观，青石道人出最大诚意。"
四步道君,明抢,矛盾爆发、人物心理,冲突、情感,"纪宁表示愿以《终极剑道》换取请至尊出手的宝物；青石道人提议自己出三四成、三大主宰出五六成凑齐，但三大主宰（芒涯、风雨、冥兰）均摇头拒绝（倾尽积累换观终极剑道不值得，且对主宰帮助有限）；青石道人坦言自己极限仅此，炎龙域界唯有""易波帝君""有资格却难寻；纪宁与青石道人暗中传音定下大会后密谈；金孔帝君恼怒指纪宁张狂，以六根金色长梭（含一宇宙之宝）向纪宁动手""明抢""，纪宁显三头六臂持六柄北虹剑应战。",三大主宰拒绝凑宝，纪宁与青石道人传音密谋，金孔帝君动手明抢。
四步道君,散去,战斗描写、转折高潮,战斗、高潮,"纪宁以阴阳混沌世界+世界投影破金孔帝君""百花界""秘术；近身搏杀中金孔帝君走光之一道（速度极致、细微极致，连青石道人都不如他），六根长梭（含宇宙之宝）令纪宁难受；纪宁转施展终极剑道之天崩大威能碾压，打得金孔帝君扛不住跌退，将其打趴下；金孔帝君逃至远处，煽动众大能联手擒拿纪宁逼交法门，青石道人冷声喝止，芒涯主宰亦开口散会；三大主宰表态愿以有限代价观终极剑道；金孔帝君愤然离去，大会散去，纪宁与青石道人留于高山之巅密谈。",纪宁以天崩打趴金孔帝君，青石道人喝止抢夺，大会散去二人密谈。
四步道君,白融,装备获取、设定展开,奖励、设定,"青石道人立誓不外传，纪宁以一枚神念传承《终极剑道》（含详细记载与演练影像）；青石道人赠纪宁：二十五滴""银衣道君之躯""（舍身仪式可化为银衣道君，圣城之主级数）、西斯族傀儡护卫""白融""（白毛异族，圣城之主巅峰，擅长保护，可纠缠主宰一二，罕见，至尊也愿收）、一葫芦宝物（道符、宝物，最顶尖三五个媲美主宰级威力）、虞星海详细星图（青石道人对虞星海了解居炎龙域界前三）；纪宁与青石道人结为好友，约定将来合道失败身死前再请其出手；纪宁决意赴魔象石壁再入青花洞府。",纪宁以终极剑道换得青石道人大量宝物（银衣道君之躯、白融、星图等）。
四步道君,绯雪城主的计划,悬念设置、伏笔埋设,伏笔,"绯雪圣城一役消息百年内传遍无尽疆域，""北冥道君""名声仅次于三大主宰；绯雪城主藏匿于无尽疆域最边缘荒漠星辰，因域界飞舟部件感应须远离纪宁；绯雪城主最大秘密曝光（内心独白）：其持有一艘残缺但可使用的域界飞舟（飞舟之灵完好），一旦公开三大主宰将全力斩杀；绯雪城主决意修复飞舟后转而追杀九尘夺其部件，得知九尘已入虞星海，遂赴虞星海；纪宁 meanwhile 抵魔象石壁，破弗魔族老巢西斯法盘庇护，收走全部帝级/皇级傀儡（仅留一尊皇级）及法门，进入西斯遗迹核心。",绯雪城主持残缺域界飞舟秘密曝光，转而追杀九尘；纪宁再扫魔象石壁。
四步道君,魔雀晶,装备获取、设定揭示,奖励、揭示、设定,"纪宁以双剑如水轻易擒下一尊守护傀儡，盏茶时间将四尊守护傀儡（圣城之主级数，两尊有不死身）尽皆擒下炼化认主，承诺不抹杀傀儡之灵；四傀儡指引纪宁挖出整个宫殿区八根""魔雀晶""（虎战船生活区能量源头，价值接近一尊黑衣帝君），并揭示战争区有十枚更强的""始龙石""（一颗抵十枚魔雀晶，可换一尊黑衣帝君，疑似已被取走）；纪宁又活捉八十六尊帝级傀儡；纪宁返回三界外交接四大守护傀儡、众多帝级傀儡、西斯法盘等安置三界，决意赴青花洞府。",纪宁擒四大守护傀儡、得八根魔雀晶，安置宝物于三界。
四步道君,再入青花洞府,环境铺陈、设定展开,设定,"纪宁抵青花洞府，疑惑于洞府能长期排斥混沌宇宙本源能量（疑为至尊所创）；过金色雾气、万宝金煞（已看不上），入正门；一掌以终极剑道之天崩威能击败守护者血眸老者（傀儡之躯）；洞府之灵白发老者现身，告知三重生死关（一重比一重危险），过一重有赠与，赠一枚本命道符（可复活生死道君）；白发老者透露终极之道道君生命层次超越所有道君，须能复活永恒帝君的本命道符方可复活，且知晓""终极之道""。",纪宁再入青花洞府击败血眸老者，洞府之灵揭示三重关及终极之道。
四步道君,另外一名道君,战斗描写、设定揭示,战斗、揭示、设定,"白发老者定第二重关规则：道君需击败十名最弱帝君并推开殿门，护卫不得出手；广场上过百名帝君（被青花洞府府主擒拿改造如傀儡）议论，十名邪异帝君围杀纪宁；纪宁以双剑如拍苍蝇般碾压十名帝君（巅峰道君层次），推开殿门；白发老者认出纪宁修习""三力合一法门""（心剑术），揭示心之世界极致可凝聚真实宝物、成为真实世界之至高境界（从未有心力流至尊做到）；赠第二重关宝物——一卷终极之道玉简（终极火焰道，一名合道失败的道君所创，需立本命誓言），并预告第三重关有更大收获。",纪宁碾压十名帝君过第二重关，获终极火焰道玉简，得知终极之道合道极难。
四步道君,轰出去,战斗描写、转折高潮,战斗、高潮,白发老者定第三重关规则：道君需将一名圣城之主级数永恒帝君（黑袍瘦长男子，主宰紫袍男子之徒）击败并轰出大殿，成功则守关者必被禁制击杀；黑袍瘦长男子杀机浓郁欲慢慢折磨纪宁，纪宁以终极剑道之天崩+心剑术随手一剑拍飞其黑色大蛇虚影，连续五剑将其轰出大殿正门，金光亮起击杀黑袍瘦长男子（魂魄真灵俱灭）；紫袍男子主宰悲哀，暗藏凶光，寄望纪宁是被擒帝君获得自由之希望；纪宁轻松通过第三重关。,纪宁五剑将圣城之主级守关者轰出大殿，触发禁制击杀，通过第三重关。
四步道君,浩如烟海,设定揭示、核心伏笔,伏笔、揭示、设定,"白发老者引纪宁入第一殿厅，四周书架数百层、玉简约超千亿卷，乃府主踏遍几乎整个混沌宇宙搜集的修行者文明及西斯族文明（改造适合修行者）所有厉害法门；白发老者揭示府主道号""启""，被尊称""启至尊""，已死（""算是自杀""，非与西斯族战死，非真正自杀）；纪宁震撼感恩，朝书架玉简跪下磕九头如对师尊；立誓不外传后开始阅读，时光流速百倍加速，阅读中水行、雷电、心力幻术、终极剑道等感悟暴涨；一亿三千余万年（含加速过百亿年）通读一遍，气质内敛，骄傲尽去，首次觉得合道有希望。",纪宁入第一殿厅阅两大文明无数法门，得知府主为启至尊且已死，感恩磕头。
四步道君,第二殿厅,设定揭示、核心伏笔,伏笔、揭示、设定,白发老者展示十一卷终极之道（十一名合道失败的道君所创，加之前一卷共十二卷，皆合道失败）；纪宁学十一卷终极之道及启至尊神念传承（道韵，从教导凡俗孩童至教导主宰，最后挥手湮灭众生再复活，演示其道），纪宁对启至尊生孺慕之情、闻其死伤感；白发老者引纪宁入第二殿厅（八卦形，百丈范围，数万卷玉简），中央升起黑色八卦石台，纪宁盘坐其上感彻骨冰寒、思考速度暴涨（近乎顿悟之效，远超离合石府香炉）；白发老者预告启至尊最大愿望——九重混沌禁制（九重空间法门）。,纪宁学十二卷终极之道及启至尊道韵传承，入第二殿厅见至尊石台。
四步道君,创出十种法门,设定揭示、伏笔埋设,伏笔、揭示、设定,"白发老者揭示九重混沌禁制最大缺陷——无法转化永恒层次神力法力（仅对永恒帝君以下有用），启至尊原想创十二重禁制（转化至尊神力法力）未成；揭示西斯族力量本质即类似雾气之力（兼神力法力用途，无神力法力之分）；启至尊遗愿：后来者创出第十重混沌禁制（转化永恒帝君神力法力）；要求纪宁先创出十种圣城之主级数法门（证明创造法门天赋），方可获赠一件""对合道帮助排第一""的宝物（奇物，超越洞溟玉符，至尊都心疼）；纪宁已有《终极剑道》为第一门，开始完善《幻星术》。",启至尊遗愿与九重混沌禁制缺陷揭示，纪宁需创十种圣城之主级法门。
四步道君,一个混沌纪,悟道、设定展开,修炼、设定、爽点,"纪宁坐石台（百倍加速）剖析两大文明无数心力流幻术（每门短则百万年、长则亿年），耗费约五百六十亿年；推翻《幻星术》从头创造，约三十亿年创出第二门心力幻术《大自在梦界》（圣城之主级，核心为""梦界""架构+""""自在""吸引令道心抵抗降低），气质变得飘渺自在；真实耗时大半个混沌纪；纪宁继续钻研水行一道（无终极水行道法门）；转眼真实修行时间已超一个混沌纪；纪宁心力幻术短板补齐，心力与幻术皆达极高层次，心力幻术威力可威胁圣城之主。",纪宁创出第二门法门《大自在梦界》，真实修行逾一个混沌纪。
四步道君,前往（本卷终章）,转折高潮、悬念设置,伏笔、高潮,"心力流帝君之威（合道成功者几乎皆主宰，圣城之主中招即可能被杀）揭示；虞星海深处瑶火境，绯雪城主追踪九尘千亿年，九尘逃入绝地瑶火境，绯雪城主亦驾域界飞舟追入，意图放出消息引纪宁来救、借瑶火境绝地之力杀纪宁（""你们两个，都得死""）；天苍宫山顶，法身纪宁与苏尤姬饮酒，谈及道侣余薇（师姐，前世今生皆可怜，最幸福是有身孕与纪宁在一起的日子，一家三口团聚是纪宁求道之动力）；天一帝君赶来告知九尘陷入瑶火境且此事针对纪宁（好友大莫道君推演确认）；纪宁本尊将青花洞府修炼交由第二元神（黑衣纪宁坐石台继续创法门），本尊独自离开青花洞府赴虞星海瑶火境。本卷以九尘陷绝地、纪宁赴援、绯雪城主设伏的重大悬念收束。",九尘陷瑶火境，绯雪城主设伏，纪宁本尊赴援，全卷以重大悬念收束。
禽火神,法身,情节推进、人物引入,人物,纪宁本尊前往虞星海瑶火境救九尘的同时，法身透过古真殿传消息给九尘；九尘法身赶赴天苍宫劝阻纪宁不要中绯雪城主阴谋，告知自己被绯雪追杀逃入瑶火境牢狱区被困；纪宁凭借芒涯主宰、青石道人所赠星图对瑶火境颇有了解，决意铲除绯雪城主这一祸患，九尘劝阻无果。,九尘法身赶赴天苍宫劝阻纪宁入瑶火境未果，纪宁决意冒险救友除患。
禽火神,意外之喜,设定展开、转折高潮,设定、高潮,"纪宁本尊带护卫白融抵达瑶火境，白融透露曾随西斯族主人来此，知晓瑶火境即西斯族""七火狱""，由七座核心牢狱加大量普通牢狱构成""七火狱灭绝大阵""，可激发灭绝黑色火焰（即修行者所称""大灭绝之力""），西斯族战败后大阵被毁；白融点破通道内永远不飞行则安全的关键秘辛。绯雪城主凭域界飞舟感应确认纪宁到来，设伪装禁制欲引纪宁中招。","白融透露七火狱秘辛与""通道内不飞行则安全""关键规则，纪宁获意外之喜。"
禽火神,纪宁和绯雪,战斗描写、矛盾展现,冲突、战斗,"纪宁与白融在火焰通道内稳步前行，白融以绝对实力横扫禁制机关；行进六天后纪宁发现远处盘膝而坐的绯雪城主，双方隔空传话交锋；纪宁贴近地面行走避开大威胁，逐渐逼近至百万里内，突然施展心力幻术《大自在梦界》笼罩绯雪城主，令其陷入""无敌霸主""幻境，绯雪城主竭力挣扎一个呼吸后才摆脱。",纪宁逼近绯雪城主并以《大自在梦界》突袭，幻术首次在对敌中展露威力。
禽火神,爆发,战斗描写、转折高潮,战斗、高潮,纪宁施展幻术同时命白融抓捕绯雪城主，却发现绯雪城主凭域界飞舟逃脱——原来绯雪本尊驾飞舟躲在洞天法宝内，法身在外引诱；绯雪本尊主动引爆周围禁制引发大爆发，暗红火焰席卷令主宰都得殒命。纪宁因贴地面十丈内安全而毫发无损，发现绯雪城主竟拥有一艘残缺域界飞舟（价值远超赤波殿，足以请至尊），决意必须得到。,绯雪城主引爆禁制大爆发未杀纪宁，纪宁发现其持有域界飞舟，争夺动机确立。
禽火神,早已决定的结局,战斗描写、转折高潮,战斗、高潮,纪宁与白融贴地追击域界飞舟，白融蛮横破开八处禁制，域界飞舟被动承受禁制轰击速度大受影响；追逃两天后，域界飞舟被无形黏性力量束缚停滞半空，绯雪城主出飞舟以六柄战刀挣扎亦被定住动弹不得。纪宁点明：因自己一直贴地、绯雪一直飞行，结局在一追一逃开始时已定下。,绯雪城主域界飞舟被禁制定住，一追一逃结局早已注定。
禽火神,绯雪城主之死,转折高潮、矛盾收束,冲突、高潮,纪宁以终极剑道之滴血刺入禁制仅百余里便停滞，白融以蛮力大手强行伸入禁制抓住域界飞舟收入储物洞天，又抓向绯雪城主；纪宁以心力笼罩防其化冰雪不死身逃脱。绯雪城主自感必败，主动自杀令魂魄真灵溃散而亡。绯雪法身与血云帝君法身在洞天内，绯雪法身死前嘱血云帝君行事，血云帝君法身随即自杀炸裂使纪宁无法辨别身份。血云帝君本尊决意将域界飞舟消息传遍全域界，借他人之手杀纪宁为绯雪报仇。,绯雪城主被逼自杀，血云帝君立誓传播域界飞舟消息借刀杀人。
禽火神,域界飞舟,装备获取、设定展开,奖励、设定,纪宁炼化域界飞舟（无主之物），飞舟之灵讨好臣服；飞舟破损严重但核心完好，能时空穿梭但距离有限。纪宁将身上飞舟部件让飞舟吞噬，修复关键部件后穿梭距离增近百倍（可一次性穿梭大半个域界），完好度约九成但仍缺小部件。纪宁决意以域界飞舟请至尊逆转时空复活道侣，消息传遍无尽疆域，圣城之主之死震动道盟仙宫本命塔崩塌。纪宁穿过火焰通道抵达牢狱区找到被困的九尘。,纪宁炼化域界飞舟并修复关键部件，决意以此请至尊复活道侣。
禽火神,牢狱区,设定展开、悬念设置,伏笔、设定,纪宁与九尘重逢，查探火焰囚笼发现是庞大阵法一部分；纪宁飞遍牢狱区发现大量火焰囚笼分散构成阵法，分七大区域，七座最核心牢狱中三座崩塌，令大灭绝之力无法再施展。纪宁发现完好囚笼内藏有上古战争遗留法宝（宇宙之宝大斧等）。纪宁苦思八天无头绪，白融提示牢狱区最核心处有西斯族掌控整个瑶火境的隐秘空间，纪宁凭无影之躯察觉空间破绽，撕裂空间裂缝。,牢狱区阵法体系展开，白融指引纪宁寻找掌控瑶火境的隐秘空间。
禽火神,十六域界联盟,设定展开、伏笔埋设,伏笔、设定,纪宁进入隐秘空间黑色法坛，见七火狱阵图（花朵形态：腾绕火焰代表出路、花瓣代表火焰通道、花蕊分七色代表牢狱七大区域），阵图兼含火焰、虚空、阵法三道，为西斯族特有流派极难破解。纪宁凭启至尊搜集的西斯族阵法法门认出腾绕火焰为同派系变种，盏茶功夫破解最外围并掌控出路；花瓣、花蕊更难。与此同时，血云帝君以本命誓言向金屿帝君证实域界飞舟消息，要求道盟传遍十六域界联盟，金屿帝君依规传递。,纪宁破解阵图最外围并掌控出路，域界飞舟消息经血云帝君传向十六域界联盟。
禽火神,达风领主,人物引入、设定展开,人物、设定,秘魔域界青阳星（西斯族战争兵器，直径十亿里，可开时空通道或攻击，代价极大），十六域界联盟最高首领达风领主（异宇宙之主，上古战争功臣，掌控青阳星）与徒弟五业主宰（火焰一道合道，痴迷傀儡）、天芒帝君得知消息。达风领主推断北冥道君悟出终极之道，决定不予干预，任凭宇宙轮回各凭实力争夺。五业主宰借师尊域界飞舟帮忙运送争夺者以赚取宝贝，与雾阳主宰分揽运送。消息引出众多主宰帝君。,达风领主（十六域界最强）登场，决定不干预域界飞舟争夺，五业主宰开始运送争夺者。
禽火神,很快就过去,情节推进、悬念设置,伏笔,"金屿帝君赴天苍宫告知纪宁域界飞舟消息已传遍十六域界联盟，纪宁识破这是绯雪城主死前借刀杀人杀招。纪宁决定以域界飞舟请至尊复活道侣，请金屿帝君传消息。达风领主帮忙传消息至鸿然至尊（长期在洞府钻研西斯族文明，最易联系）。鸿然至尊正修复一颗西斯族灰色圆球宝物（差最后一点点），答应""很快""过去，但其""很快""曾拖延六十余万混沌纪，令纪宁无奈等待。","纪宁请金屿帝君传消息请鸿然至尊，鸿然至尊答应""很快""但拖延历史令纪宁忐忑。"
禽火神,运送,环境铺陈、情节推进,设定,"金屿帝君暂住天苍宫等答复，半天后达风领主传回鸿然至尊答复——答应帮忙但说""很快""（上次拖延六十余万混沌纪），达风领主另联系其他至尊未果。五业主宰运送第一批五名主宰四名帝君赴炎龙域界（包括青魔主宰、帝辰主宰、昌古主宰、剑尊、万愁主宰等），分三批运送共八座域界（雾阳主宰负责七座）。纪宁在隐秘空间参悟花瓣阵图，九千余年未解。","鸿然至尊答复""很快""，五业主宰运送第一批主宰帝君抵达，纪宁继续参悟阵图。"
禽火神,掌控,悟道、转折高潮,修炼、高潮、爽点,纪宁第二元神借助至尊石台百倍加速参悟，现实九千余年（加速九十余万年）后破解花瓣阵图，掌控火焰通道区域，可主动激发无数机关禁制，毁坏约三成区域无法修复。纪宁有了对抗主宰帝君的底气。八万余年后，五业主宰送第一批九名主宰帝君（五主宰四帝君）抵达炎龙域界，昌古主宰撕裂时空带众人百余年到瑶火境，九人分头进入火焰通道。纪宁透过阵图尽收眼底。,纪宁破解花瓣阵图掌控火焰通道，第一批九名主宰帝君进入瑶火境。
禽火神,诱饵,人物心理、情节推进,情感,纪宁凭情报认出青魔主宰（混沌神兽出身，主宰前列，实力最强）、昌古主宰、剑尊（联手）、帝辰主宰、万愁主宰等。纪宁决定示敌以弱，让主宰帝君们各自分散行动便于各个击破，暂不暴露火焰通道杀招。纪宁留神力化身在法坛掌控阵图，本尊与白融驾域界飞舟出来，以域界飞舟为诱饵引诱青魔主宰等追击，在火焰通道内仓惶逃窜，让诸主宰帝君疲于追逐却捉拿不住，将其注意力锁定在火焰通道，防止其探查牢狱区隐秘空间。,纪宁示敌以弱，以域界飞舟为诱饵引诱主宰帝君追逐，保护隐秘空间不被发现。
禽火神,第二批来了,环境铺陈、转折高潮,设定、高潮,"八万年后，纪宁与白融在域界飞舟内喝酒消磨时光，发现白融喜欢一种酸辣臭味酒。域界飞舟暴露十二万年后，五业主宰送来第二批八名主宰帝君（四主宰四帝君），其中冬火主宰（特殊生命出身，独有""冬火""冰寒火焰）无耻地撕裂时空赶赴天苍永恒界，欲擒拿纪宁同门威胁交出域界飞舟。黑木主宰（推演一道十六域界联盟第一，背八块青色木板）为这一批隐隐领袖。",第二批主宰帝君抵达，冬火主宰无耻袭击天苍宫，黑木主宰登场。
禽火神,初会冬火,战斗描写、转折高潮,战斗、高潮,冬火主宰袭击天苍宫，纪宁法身将同门收入洞天法宝，施展无影遁术仍被冬火冰寒逼显身影；冬火化作白色火焰携八银色鳞片利爪抓向纪宁法身，纪宁法身被粉碎却凭不死身（无影之躯）重聚。芒涯主宰赶到，一蹄爪击溃冬火八利爪，冬火见势不妙撕裂时空逃向瑶火境。纪宁法身首次在战斗中被逼施展不死身。纪宁判断第二批主宰帝君已到。,冬火主宰袭击天苍宫，纪宁法身首次战斗中施展不死身，芒涯主宰赶到化解。
禽火神,推演危机,悬念设置、人物心理,伏笔、情感,"芒涯主宰带纪宁法身回芒涯国避险。黑木主宰率第二批七名主宰帝君入瑶火境火焰通道口，施展推演之术三年，推断出""必须联合行动才安全，分开生死难料""，七人决定联手前进。纪宁透过阵图观察，惊叹黑木主宰推演能力（牵扯终极之道本极难推演），意识到联合行动后自己奈何不了他们。纪宁决定等冬火主宰抵达后""收网""，选择最强的一个下手——青魔主宰。","黑木主宰推演得出""必须联合""结论，纪宁决定收网选最强青魔主宰下手。"
禽火神,捕捉,战斗描写、转折高潮,战斗、高潮,纪宁以域界飞舟为饵引青魔主宰追逐，故意撞禁制伪装仓惶，将青魔主宰引至一处排在前列的可怕禁制（原西斯族用于困敌挪移至牢狱区，可困两三名主宰）。纪宁神力化身透过阵图激发禁制，青魔主宰一头冲入虚空囚笼被困，法宝绳索、利爪均无法破笼。纪宁本尊与白融飞出域界飞舟，提出要青魔主宰当追随者（十万八千混沌纪）。,纪宁以虚空囚笼成功捕捉青魔主宰，提出追随者要求。
禽火神,宁死不从,矛盾展现、人物心理,冲突、情感,青魔主宰拒绝当道君追随者，认为虚空囚笼困得住杀不了，可反抗耗尽能量或请达风领主用青阳星破核心牢狱营救。纪宁将价码从十万八千降到一万再到一千混沌纪（实际底线，因第二元神百倍加速下本尊过一千混沌纪则第二元神过十万混沌纪须合道）。青魔主宰宁死不从，嘲讽纪宁弱小如蝼蚁只敢躲笼外叫嚣。纪宁提出打赌：进入虚空囚笼凭真实实力交手，青魔主宰十个呼吸内奈何不了纪宁则算纪宁赢，青魔主宰需当追随者。青魔主宰大喜应允。,青魔主宰宁死不从追随要求，纪宁提出入笼赌战定胜负。
禽火神,纪宁战青魔主宰,战斗描写、转折高潮,战斗、高潮,"纪宁入虚空囚笼显三头六臂持六柄北虹剑，让青魔主宰先出手。纪宁先发制人施展终极剑道之天崩六剑齐轰青魔主宰，对方仅凭肉身无损（混沌神兽防御媲美异宇宙之主）。青魔主宰施展秘术""青魔领地""（空间涟漪阻力），纪宁以终极剑道之阴阳硬抗溃败；青魔主宰杀招""浮生幻灭""大手撕裂纪宁防御，纪宁以水浪旋转剑招化为黑洞抵挡被震退吐血。青魔主宰数百招狂攻后见纪宁神体未破，显原形（青色鳞片四蹄异兽）施展最强绝招。",纪宁入笼与青魔主宰生死搏杀，青魔主宰被迫显原形施展最强绝招。
禽火神,追随,转折高潮、人物心理,情感、高潮,"青魔主宰以原形施展压箱底最强绝招""破灭本源""（空间之道+毁灭之道结合），纪宁心生恐惧却道心冷静，先施幻术无效，再以防御剑术仍挡不住，遂施展不死身无影之躯化作无数水流完美卸去冲击力后重聚。青魔主宰明白无法杀纪宁，认输变回人形，坦承输得无话可说。纪宁揭示自己修的是终极剑道（比普通道更高一层），青魔主宰释然佩服。青魔主宰立一千混沌纪本命誓言追随纪宁，并透露此前已将纪宁掌控火焰通道的消息传开，其他主宰帝君不敢再前进。纪宁以神力化身向全域界宣告，要求被困主宰帝君付出同等代价放行。",青魔主宰认输立誓追随纪宁一千混沌纪，纪宁向全域界主宰帝君宣告放行条件。
禽火神,代价,矛盾收束、人物心理,冲突、情感,"主宰帝君们暗中交流，自恃人多不肯向道君低头。纪宁带青魔主宰逐一""谈判""，先见帝辰主宰，青魔主宰表明已立誓追随纪宁令帝辰主宰震惊。纪宁提出要求：付出乘坐域界飞舟同等的代价即可放行，不愿者不准离开。青魔主宰坦然面对，纪宁暗松一口气（担心青魔太要面子生隔阂）。",纪宁带青魔主宰逐一迫使被困主宰帝君谈判，帝辰主宰震惊于青魔追随。
禽火神,传播,情节推进、悬念设置,伏笔,"帝辰主宰交宝物立誓离去，昌古主宰、剑尊亦交宝物离去。消息传遍十六域界联盟掀起大波，主宰帝君们议论青魔""怕死""，有些瞧不起却又无可奈何。雾阳主宰运送的第二批主宰帝君得知消息后放弃争夺，仍赴炎龙域界看热闹。消息以迅猛速度传向更遥远域界，""北冥道君""与""青魔主宰追随道君""成为大能间趣闻，连芒涯主宰等熟悉纪宁者亦震撼。",青魔追随道君消息传遍十六域界及更远，各方放弃争夺域界飞舟。
禽火神,再见冬火,矛盾收束、人物心理,冲突、情感,"纪宁带青魔逐一扫荡主宰帝君，青魔因外界""怕死""议论而心情沉郁，纪宁安慰。青魔表示希望纪宁合道成功，届时追随终极之道大能反成骄傲。擅长推演的黑木主宰等也交宝物立誓离去。两个多月后只剩最后一名——冬火主宰。纪宁故意绕路最后处理冬火，因其曾欲掳天苍宫同门，纪宁欲特殊惩罚。冬火主宰准备低头交宝物离去，纪宁却提出特殊条件。",纪宁逐一迫使主宰帝君交宝物离去，最后特殊处理冬火主宰。
禽火神,岁月如水，三界破灭,转折高潮、设定展开,设定、高潮,纪宁要求冬火主宰交出全部宝物（含兵器甲衣、宇宙之宝），冬火拒绝（兵器甲衣乃本命法宝不可让），纪宁宣告将其永远困于火焰通道直至死。域界飞舟风波渐平，纪宁继续参悟最难的花蕊阵图。三界历经九混沌纪（九为数之极）终至破灭之期，金衣纪宁与女儿纪明月泛舟翼蛇湖时察觉。三界外已开辟三千九百座混沌世界布成大阵（西斯法盘镶嵌，主宰难闯）。三界破灭后形成独特的双晶石镶嵌世界之心（盘古+无间两大混沌世界世界之心融合），纪宁赞叹其美。,冬火主宰被永远困于火焰通道，三界历经九混沌纪破灭形成独特双晶石世界之心。
禽火神,完整的七火狱,悟道、转折高潮,修炼、高潮、爽点,三界世界之心消融分散九千处，孕育九千混沌神魔，最强者（世界境层次，强于盘古）开辟完整新三界后力竭而死。新三界两混沌纪诞生过百世界境，却无融合最强之道者，整体潜力低于原三界时代。纪宁察觉此乃原三界时代为最厉害时代。与此同时，纪宁第二元神修行上千混沌纪（百倍加速下），先后将水行（一个多混沌纪）、火行（三个多混沌纪）、雷电（两个混沌纪）、空间（两百多混沌纪）、阵法（八百多混沌纪）五道修至圣城之主级数，终于完全破解掌控七火狱阵图。纪宁发现牢狱区下方另有隐秘空间。,新三界诞生潜力低于原三界，纪宁完全掌控七火狱阵图并发现能量源泉隐秘空间。
禽火神,禽火神,人物引入、设定展开,人物、设定,"纪宁心念转动使整个瑶火境旋转，确认隐秘空间为能量源泉。纪宁带青魔、白融进入牢狱区最下方隐秘空间，红铜色大门开启后热浪扑面。内见一头约百里长、火红色、有翅膀、似熊的异兽被六条黑色锁链囚禁，沉睡呼吸散发的火焰即可灭杀一步二步道君。青魔推测为混沌源兽（混沌宇宙本源孕育，生来近乎不可磨灭，异宇宙之主只能保命，喜吃域界，最爱千叶青灵）。白融确认此为西斯族三位尊主联手擒拿的混沌源兽""禽火神""，曾关押于西斯族超大型牢狱。纪宁决定用千叶青灵控制它。禽火神被惊醒，怒视三人。","混沌源兽""禽火神""被囚禁于能量源泉空间，纪宁、青魔、白融发现并惊醒它。"
禽火神,火焰,战斗描写、转折高潮,战斗、高潮,禽火神认出白融西斯族气息，暴怒挣扎锁链无效，喷出暗红色火焰笼罩三人。白融体型暴涨化为罩子严严实实挡住火焰，令纪宁、青魔无恙。禽火神喷火半个时辰无果停下。纪宁告知西斯族已覆灭（锁链很久未汲取火焰为证），禽火神半信半疑。纪宁摆出美食美酒与青魔吃喝，邀禽火神同食，禽火神自恃有洞天法宝内生灵奉献普通美食，纪宁意在引诱其吞下千叶青灵。,禽火神因西斯族气息暴怒喷火被白融挡住，纪宁以美食美酒引诱禽火神。
禽火神,你对我太好了,伏笔深化、转折高潮,伏笔、高潮,"纪宁拿出黑木主宰所赠""六贼洞灵酒""与青魔慢饮，酒香弥漫令禽火神垂涎。纪宁故意小气引诱禽火神乞求，后大方赠一葫芦酒。禽火神一口喝光仍不满足，纪宁又挥出一大盆上百个灵果（含千叶青灵伪装其中），千叶青灵对禽火神吸引力最大。禽火神感激涕零称""你对我太好了""，率先一口咬住千叶青灵咀嚼咽下。纪宁感应到无形波动融入禽火神魂魄真灵，控制成功。纪宁端酒杯起身走向禽火神，青魔、白融大惊阻拦不及。",纪宁以美食引诱禽火神吞下千叶青灵，成功从魂魄真灵层面控制混沌源兽。
禽火神,生死好友,伏笔深化、人物心理,伏笔、情感,纪宁走到禽火神身旁，禽火神欢喜顺从，纪宁宣布禽火神亦将追随自己，青魔、白融震撼（收服混沌源兽前所未闻）。纪宁飞到禽火神背上研究六条黑色锁链阵法（无数黑色丝线编织，每条有镇压+汲取能量之效，属不同流派），确认可破解但需几个混沌纪（第二元神加速则几百混沌纪）。纪宁决定先去放出九尘再回来破解锁链，禽火神不舍纪宁离开。,纪宁宣布收服禽火神，研究锁链阵法确认可破解，决定先放出九尘。
禽火神,很快（本卷终章）,转折高潮、悬念设置,伏笔、高潮,"纪宁驾域界飞舟至九尘所在处，告知已破解阵图，一指分开火焰囚笼放出九尘。九尘难以置信轻松脱困，赠纪宁一块域界飞舟部件使飞舟近乎完全修复（仅缺小珍材外表未完美，时空穿梭与完好无区别），作为辛苦费。九尘拜见青魔主宰后告别离去，继续冒险历练追求合道，与纪宁拥抱相约""一起合道成功""。纪宁横扫牢狱区所有牢狱宝物。转眼五个混沌纪过去，鸿然至尊在洞府内终于修复好西斯族灰色圆球宝物（赞叹西斯族造诣），得意出门，告知仆从玉显帝君这次""挺快""（仅十几个混沌纪），随即动身前往炎龙域界。（本卷终）",九尘脱困赠飞舟部件，纪宁横扫牢狱宝物，鸿然至尊修复宝物后动身前往复活道侣。
合道,初见至尊,人物引入、悬念设置,人物、伏笔,天一帝君急报鸿然至尊已离开洞府朝炎龙域界赶来，纪宁激动紧张，准备取回域界飞舟以献鸿然至尊复活道侣；纪宁赴瑶火境安排帝级傀儡掌控阵图看管冬火主宰，随后驾域界飞舟离开瑶火境，在虞星海外遭遇一名金色双眸秃顶老者，老者凭空出入纪宁完全炼化的域界飞舟，且身上无任何因果可感，纪宁、青魔断定其为至尊。,鸿然至尊正式登场，纪宁为复活道侣献域界飞舟的线启动。
合道,纪宁的紧张,设定展开、转折高潮,设定、高潮,鸿然至尊赞纪宁能得混沌源兽气运极高，途中在一座混沌世界救下被红发老者（三步道君）以大阵困住的清尘道君（一步道君），称清尘气运大故出手相救且自身气运亦增；鸿然至尊解释逆转时空复活一天仙是违逆混沌本源会损自身气运，随即施展绝对领域排斥一切因果时空，带纪宁抵达三界旧址，在时光倒退中找到过去黑白学宫中初入学的纪宁与余薇身影。,鸿然至尊救清尘道君展现气运之说，开始逆转时空寻余薇真灵。
合道,源头,设定揭示、转折高潮,揭示、设定、高潮,纪宁献出域界飞舟，鸿然至尊开始逆转时空从混沌宇宙本源中拉扯余薇真灵碎片，余薇虚影渐趋真实并与纪宁眼神相对，但混沌本源强力争夺，鸿然至尊吐血受伤，余薇虚影溃散；鸿然至尊震惊复活一天仙竟遭如复活主宰般的反抗，遂查探三界源头，揭示三界乃启至尊死后两枚至尊神晶所孕育，神晶残缺部分分散到三界时代每一生灵身上。,复活余薇失败，三界乃启至尊至尊神晶所孕育的终极源头揭晓。
合道,飘然而去,设定揭示、人物心理,情感、揭示、设定,"鸿然至尊详释至尊神晶孕育混沌世界的设定——三界时代生灵因神晶残缺精华而天赋极高，余薇作为其中天仙复活难度堪比复活主宰，混沌本源已""吃进嘴里""不可能吐出；鸿然至尊归还域界飞舟，称拼掉老命也无望，仅留一线可能——纪宁若终极之道合道成功再突破至尊，方能复活余薇，随后飘然离去，劝纪宁""太过疯狂的执念反而会毁灭自己""。","复活余薇唯一希望化为""终极之道合道成至尊""，纪宁执念面临考验。"
合道,至死无悔,悟道、人物心理,修炼、情感、爽点,"纪宁独处，一念创造大夏世界，在黑白学宫论道殿回忆与余薇初识比试的往事，醉中于大雪中舞剑发泄，因黯然销魂之心境自然施展心剑术第十三式""雪地的血""，继而悟出第十四式""至死无悔""（炎龙域界史上第三位达此境者）；纪宁睡后醒来见朝阳，决意先合道再图成至尊，大夏世界崩塌，青魔、白融感到纪宁气质由朝气转为平静如海。","纪宁道心由执念转为""至死无悔""，悟出心剑术第十三、十四式。"
合道,冰峰军团,人物引入、矛盾展现,人物、冲突,"纪宁决定近期留在三界并嘱青魔不可杀戮；远方一座域界中，三名体表有银色图案的黑色人形生物（冰峰军团黑衣帝君）找上异宇宙之主""天琼之主""，请其帮忙送他们前往炎龙域界夺取纪宁的域界飞舟，天琼之主忌惮冰峰军团与其最高首领，请有域界飞舟的好友雷星主宰代送；千余万年后三人抵达炎龙域界，雷星主宰提醒他们纪宁有青魔追随者未必能强抢。",冰峰军团黑衣帝君登场，为夺域界飞舟远赴炎龙域界，危机伏笔埋下。
合道,孤独陛下,人物引入、设定展开,人物、设定,"三名黑衣帝君飞临天苍宫，丹宝炼丹时遭主宰级威压惊扰炸炉，纪宁、天一飞出查探见三尊银纹黑色人形生物；黑衣帝君强索域界飞舟，纪宁以域界飞舟现身并召青魔、白融、禽火神出，青魔向纪宁传音详述冰峰军团来历——首领""孤独陛下""为古修行者出身，得西斯族宝库及四尊金衣帝君、六十九尊黑衣帝君，曾毁掉一座异宇宙、杀三名异宇宙之主，威名赫赫。","冰峰军团首领""孤独陛下""背景揭示，纪宁面临强敌抉择。"
合道,纪宁战黑色人形生物,矛盾展现、人物心理,冲突、情感,"青魔传音分析禽火神与孤独陛下实力相当、冰峰军团三名金衣帝君无战争兵器，纪宁决定强硬应对，提出""同等价值交换""域界飞舟；三名黑衣帝君震怒，独眼黑衣帝君率先动手，护卫白融化为白色布帛挡住其长矛一击，青魔化为异兽迎战瘦削黑衣帝君，壮硕黑衣帝君扑向纪宁，战局展开。",纪宁拒绝强索、提出等价交换，与冰峰军团三名黑衣帝君正面开战。
合道,不好惹,战斗描写、转折高潮,战斗、高潮,"青魔压制瘦削黑衣帝君却伤不了其强躯，纪宁凭雷电、空间两道圣城之主级数的速度轻松戏耍壮硕黑衣帝君，三头六臂持六柄北虹剑以终极剑道第四层结合心剑术第十四式蹂躏对手，壮硕黑衣帝君怒施黑雾仍被纪宁剑光穿透，最终三黑衣帝君汇合后忌惮纪宁主宰级战力，放话""下次来将他们全部杀光""后撤离；纪宁告知青魔禽火神锁链阵法即将破解，青魔大喜。",纪宁以主宰级战力击退冰峰军团三名黑衣帝君，透露禽火神即将脱困的底牌。
合道,狼主,人物引入、情节推进,人物,三名黑衣帝君乘雷星主宰域界飞舟返回天狼域界行殒山，行殒山通体灰色山顶散发银光，狼主（通体金色金衣帝君）现身，三名黑衣帝君禀报北冥道君拒绝交出域界飞舟且实力媲美主宰，狼主确认纪宁无特殊来历后决定率麾下九名黑衣帝君亲赴炎龙域界夺取域界飞舟，请雷星主宰再送一程。,"金衣帝君""狼主""登场，决定亲率九名黑衣帝君出征炎龙域界。"
合道,锁链兵器,转折高潮、装备获取,奖励、高潮,狼主率九名黑衣帝君乘域界飞舟出发（冰峰军团每将军直辖十二黑衣帝君，六随行六巡守）；炎龙域界瑶火境内，纪宁经漫长参悟终于破解六条黑色锁链阵法，六手结印点在锁链上引发连锁变动，六条锁链自动分开并被纪宁收为手链般缠绕臂上——此锁链乃西斯族特殊战争兵器，可镇压汲取能量，至尊以下被囚禁者皆无法挣脱；纪宁踢醒沉睡的禽火神告知锁链已解。,纪宁破解锁链阵法，收服锁链兵器，禽火神脱困在即。
合道,禽火神降临,转折高潮、人物引入,人物、高潮,"禽火神发现锁链消失后大喜，化为皮肤红润的胖子人形，自封纪宁麾下""老大""，排白融第二、青魔第三；禽火神讲述混沌源兽平常多化人形游逛域界觅食，纪宁顿悟混沌源兽乃混沌本源""打手""引导吞吃域界之理；纪宁携禽火神等回炎龙域界天苍宫，芒涯、风雨、冥兰三大主宰及十六域界联盟最强者达风领主均冥冥中生出可怕力量降临的感应。",禽火神正式脱困化人形追随纪宁，炎龙域界诸大能冥冥感应异变。
合道,易波帝君归来,人物引入、设定展开,人物、设定,达风领主在青阳星静坐时感应到无法控制的可怕力量，请黑木主宰推演确定在炎龙域界；达风领主令芒涯、冥兰、风雨三大主宰及道盟侦查炎龙域界动静；禽火神脱困六百万年后，易波帝君（青衣超然男子，推演一道达主宰层次）驾域界飞舟归来，凭借推演之能直接撕裂时空抵达天苍永恒界外，判断这股力量十有八九来自北冥道君。,达风领主、易波帝君两大人物因感应异变而动，易波帝君归来寻北冥。
合道,纪宁和易波帝君,人物引入、情感展现,人物、情感,易波帝君破阵法入天苍宫，一眼凭因果认出禽火神为混沌源兽，惊叹纪宁能驯服之；纪宁与易波帝君一见如故兄弟相称，易波帝君告知冰峰军团此来仅狼主及黑衣帝君，纪宁有禽火神已无威胁，又论纪宁阵法两大流派（西斯族）之妙；千余万年后易波帝君预知冰峰军团将至，纪宁携易波帝君、禽火神、青魔、白融乘域界飞舟赴炎龙域界边缘迎接。,纪宁与易波帝君结为好友，主动出击迎接冰峰军团。
合道,杀！,战斗描写、转折高潮,战斗、高潮,"冰峰军团域界飞舟抵达，狼主（金衣帝君）见易波帝君在场虽有谨慎仍凭金衣帝君之躯自信，强令纪宁交出域界飞舟遭拒后下令""杀光他们，铲除天苍宫""；九名黑衣帝君杀来，纪宁令""禽火，杀光他们""，禽火神化为火焰飞熊喷吐暗红火焰笼罩九名黑衣帝君，其体表黑色皮肤开始融化，禽火神以远超域界飞舟的速度撕裂黑衣帝君要害一击毙命，连杀数名，狼主欲救不及。",禽火神迎战冰峰军团九名黑衣帝君，以混沌源兽之力瞬间屠戮多名。
合道,混沌源兽震四方,战斗描写、转折高潮,战斗、高潮,九名黑衣帝君联手以银纹寒气抵挡禽火神仍处下风，禽火神连杀五名后狼主持双刀杀来救援，禽火神以翅膀挡刀将狼主击飞；狼主见九名黑衣帝君死五逃四，暴怒狂攻禽火神却伤不了其不灭之躯，芒涯、风雨、冥兰三大主宰感应到异宇宙之主层次的碰撞赶来观战，震惊金衣帝君被完全蹂躏，狼主最终因威能消耗危及生命而逃。,禽火神屠戮冰峰军团五名黑衣帝君、蹂躏金衣帝君狼主，混沌源兽之力震撼四方。
合道,追,战斗描写、情节推进,战斗,禽火神追杀狼主数万年，纪宁等乘域界飞舟（载芒涯、风雨、冥兰三大主宰）一路跟随；芒涯等得知禽火神为混沌源兽且主人是纪宁后震惊钦佩，雷星主宰驾域界飞舟观战无法救狼主（禽火神速度太快）；纪宁发现狼主自保时消耗补充已达平衡，无法耗死对方，遂令禽火神停止追杀，狼主逃入雷星主宰飞舟离去；易波帝君点明混沌源兽境界太低只能压制异宇宙之主而无法灭杀。,禽火神追杀狼主数万年无果，纪宁下令收兵，三大主宰见识更高层次之战。
合道,争夺的双方,设定展开、悬念设置,伏笔、设定,纪宁等回天苍宫，芒涯等敬畏禽火神；狼主向孤独陛下禀报，孤独陛下（银袍金衣帝君，眉心血红晶石）听闻混沌源兽主人是道君反而微笑期待纪宁合道失败，下令停止招惹纪宁、命狼主潜伏炎龙域界等待纪宁合道失败消息再夺禽火神；达风领主同样得知消息，下令封锁一切混沌源兽消息外泄，暗中等待纪宁合道失败以争取禽火神，自信能胜过孤独陛下。,孤独陛下与达风领主两大顶尖存在暗中博弈，均等待纪宁合道失败夺取禽火神。
合道,一切平息,矛盾收束、人物心理,冲突、情感,达风领主令五业主宰、天芒帝君勿逼迫纪宁，等其合道失败自然做出选择；雷星主宰被逼立誓不得外泄混沌源兽消息后离去，狼主率四黑衣帝君潜伏炎龙域界；十六域界联盟内部消息传开，各方主宰帝君忌惮北冥道君手段；血云帝君率一众邪恶帝君自知不敌，决定分散逃离炎龙域界漂泊他乡；易波帝君告别纪宁，点明达风领主比孤独陛下更深沉低调，将来纪宁若合道失败可托付达风领主。,冰峰军团潜伏等待，血云帝君等邪恶势力逃离，各方势力暂时平息。
合道,后悔,悬念设置、人物心理,伏笔、情感,"易波帝君临别赠纪宁一件感应宝物（捏碎即感应赶来），又以法力隔绝声音，坦言曾全力以赴为纪宁推演合道，结果""一片黑暗，没有任何生机""，断言纪宁合道必败，劝其须抓住一切机遇博取一线生机；纪宁决意先去瑶火境处理冬火主宰，冬火主宰得知混沌源兽消息后惊恐万分，尝试逃跑险被火焰通道机关杀死，帝级傀儡喝止，冬火慌忙求饶愿献所有宝物乃至当追随者。",易波帝君预言纪宁合道必败，冬火主宰因混沌源兽消息惊恐求饶。
合道,也无大用,矛盾收束、转折高潮,冲突、高潮,纪宁入瑶火境见冬火主宰，青魔讥讽其昔日傲态，冬火求饶愿当追随者乃至纪宁合道失败后仍守誓言，纪宁令禽火神将其灭杀，冬火临死前恨咒纪宁也会死；纪宁因嫌冬火恶心未收为追随者，冬火一死消息传遍十六域界联盟，诸主宰帝君更加忌惮北冥道君手段；纪宁一心修行，要尽快创出十种法门以获启至尊留下的合道至宝。,冬火主宰被禽火神灭杀，纪宁十六域界联盟威慑力仅次于达风领主。
合道,石火珠,装备获取、设定揭示,奖励、揭示、设定,"纪宁在青花洞府创出十大法门（终极剑道、心力幻术、水火雷空阵金木土行），洞府之灵白发老者认可后赐下启至尊至宝""石火珠""——混沌宇宙中修行辅助第一宝物，乃实力媲美至尊的""石火生命""被数位至尊联手击杀后体内所留，纪宁一丝神念渗透即炼化，参悟时灵光泉涌；白发老者另赐""永恒之心""（九十九层秘纹球体），破解全部代表九重混沌禁制成就能媲美启至尊，核心还藏一宝物。","纪宁获修行第一宝物""石火珠""及""永恒之心""，启至尊遗愿与合道准备线展开。"
合道,差距,悟道、人物心理,修炼、情感、爽点,"纪宁问白发老者合道外力宝物，得知合道第一奇珍""合道火云花""（分化八十一化身虚拟合道）、第二""香宝灵果""（分化九化身）、第三""云界翠练""（仅三月之效），因终极之道之故纪宁放弃香宝灵果，决意寻找合道火云花，需问见多识广的达风领主；纪宁参悟永恒之心，亿年仅破解十九层（共九十九层），自觉与启至尊差距太大，若全力破解恐耗尽合道时光，遂暂置一边。",纪宁得知合道火云花等奇珍之名，参悟永恒之心自觉差距巨大暂置。
合道,修炼的日子,悟道、人物心理,修炼、情感、爽点,纪宁仿波林至尊之法学其他道以求终极剑道零散感悟，参悟风之一道（一多混沌纪成）、时间一道；第二元神在至尊石台修行，本尊携青魔、白融、禽火行走炎龙域界险境及普通混沌世界观察凡俗百态近二十个混沌纪；在一茶社遇为报父母家族之仇欲拜清羽门的曲姓青年及其妹，纪宁临别以酒水暗传法门助兄妹脱胎换骨，称此为游历凡俗最后一天。,纪宁行走凡俗世界近二十混沌纪观察百态，助曲姓兄妹后结束游历。
合道,因果一道,悟道、伏笔埋设,伏笔、修炼、爽点,"纪宁因果一道修炼有成（耗费三千多混沌纪），十大法门圆满（金木水火土、风雷、时空、阵法幻术、因果），明白再悟其他道对终极剑道已无帮助；纪宁梳理自身因果发现两个""结""——一是本命誓言代师收十名弟子，二是万神道君恩情须杀梅洛波大帝，不解开则合道必败；纪宁请芒涯主宰暗中查找梅洛波大帝行踪，随后驾域界飞舟赴秘魔域界拜访达风领主。",纪宁因果一道成就，发现两个因果之结须在合道前了结。
合道,玉简,设定展开、情节推进,设定,"纪宁赴秘魔域界青阳星拜见达风领主，求问合道火云花与香宝灵果所在；达风领主详释两宝功效（合道火云花分化八十一化身、香宝灵果分化九化身，须合道时使用，终极之道用合道火云花帮助也有限），告知合道火云花生长于混沌宇宙真正神奇之地，由""源行者""（混沌本源孕育的高智慧人形生命，悟性高、不可驯服，最强可媲美西斯族尊主）守护，并刻录一卷玉简指引一处险地""冰风海""。","达风领主揭示合道火云花功效与""源行者""设定，赠玉简指引冰风海。"
合道,梅洛波大帝,矛盾展现、转折高潮,冲突、高潮,纪宁返炎龙域界，芒涯主宰与冥兰主宰联手万余年前在落兰永恒界找到梅洛波大帝；梅洛波大帝（红色长发邪异男子，永恒一族）以《生命》法门伪装落兰道君，抓捕容貌绝美的虞道君欲食之，正张嘴时被纪宁一脚踹飞七孔流血；虞道君认出北冥道君惊喜，梅洛波大帝见芒涯主宰、青魔主宰、禽火神均在，惊恐求饶。,梅洛波大帝行恶时被纪宁一脚踹飞，万神道君之仇即将了结。
合道,北冥道君的时代,转折高潮、情感展现,情感、高潮,纪宁告知梅洛波大帝因万神道君恩情而杀之，一剑划过斩灭其全部魂魄真灵，虞道君对纪宁动情暗恋；永恒国度内安臣、岐隐、德古三帝君得知梅洛波被北冥道君所杀只能无奈，传令永恒一族低调；纪宁向芒涯主宰提出代师（雪鉴帝君）收徒，将炎龙域界分九大区域筛选十名弟子及可能亲传弟子，消息传出整个炎龙域界沸腾。,梅洛波大帝被斩灭，纪宁宣布代师收徒，炎龙域界为之轰动。
合道,剑庐,装备获取、设定展开,奖励、设定,"纪宁炼制十座""剑庐世界""黑色圆环洞天法宝（内含雪鉴帝君《心印剑术》分解剑术及一切剑道基础，内有模仿至尊石台的蒲团），又炼制五座银色剑庐世界（以终极剑道为主引领，含五道终极剑意供观摩，蒲团功效达离合石府香炉两成）；纪宁此前已收青崖小雨、杨屈定""青竹""、风霄公子三徒弟及一机缘内定四徒弟，此次最多再收五个；九百万年后席卷炎龙域界的代师收徒盛会以""登天梯""筛选，帝君可中途选失败者，纪宁与三大主宰在最高处观望。",纪宁炼制剑庐世界备作弟子赐宝，代师收徒盛会以登天梯启动。
合道,五徒弟六徒弟,人物引入、情感展现,人物、情感,登天梯持续万余年，无涯（神魔兼修有第二元神）与侍画（混沌仙人，原为无涯侍女后结为道侣并育有一子）这对从凡俗一步步走来的道侣世界境在剑痕感悟下成长极快，侍画认输后无涯亦败于一古修行者；二人天梯下等待无大能来选，纪宁亲自现身（二人初以为是普通道君有些失望），因见他们剑道天赋高且感情深厚仿佛看到自己与余薇，收二人为第五、第六亲传徒弟，带至最高处令众帝君恭喜。,纪宁收无涯、侍画道侣为第五、第六亲传徒弟，众大能恭喜。
合道,远行,情节推进、设定展开,设定,"十名记名弟子（三名已融合最强之道、七名掌握数条最强之道）拜见纪宁，纪宁赐剑庐世界、九份各道道符、一亿方混沌灵液、六柄永恒极品神剑，声明每人仅指点十次；无涯、侍画亦得同等赐物（剑庐世界不同）；青魔嫌纪宁教徒太随意，纪宁以""剑庐世界相当于半个师傅""""适合自己的路须自己选""回应；收徒后纪宁携禽火神、青魔、白融驾域界飞舟远赴冰风海寻合道火云花，法身留天苍宫指点弟子。",纪宁赐宝十名记名弟子及两亲传徒弟后，远赴冰风海寻合道火云花。
合道,冰风海,环境铺陈、装备获取,奖励、设定,"域界飞舟飞行五十余万年抵达冰风海——一座媲美疆域大小的银白漩涡冰块大陆，自发汇聚一片范围寒气，狂风层可绞杀弱永恒帝君；纪宁等飞越狂风层九万余年，先降一颗冰块星辰，发现寒冰坚硬异常（主宰踩不碎），纪宁以五成实力挖冰，探索发现诸多奇珍；禽火神在寒冰峡谷发现一颗未成熟的""香宝灵果""（合道第二奇珍），纪宁布阵法千倍时间加速助其成熟。",纪宁一行抵达冰风海险地，冰块星辰上发现未成熟香宝灵果。
合道,降临大陆,环境铺陈、情节推进,设定,纪宁等查遍冰块星辰仅得一颗香宝灵果及一些奇珍，未发现合道火云花，布阵后离开继续飞越狂风层一亿五千万年抵达冰块大陆；冰块大陆自成体系自成本源，能量雄浑超异宇宙，有上万条漩涡冲天连接狂风层；纪宁嘱咐禽火神务必听令不可乱来（源行者可借环境偷袭，纪宁、青魔可能丧命），四人小心探索前进，沿途搜寻宝物却不敢疯狂搜刮，朝达风领主记载的合道火云花所在峡谷靠近。,纪宁一行降临冰风海大陆，小心探索朝合道火云花所在靠近。
合道,源行者,战斗描写、转折高潮,战斗、高潮,"探索一百二十九年纪宁等触发警戒阵法被发现，甲铠源行者""火炎道人""（异宇宙之主层次，持寒冰长戟）从地底冒出震怒杀来，纪宁等躲入域界飞舟，禽火神迎战；火炎道人长戟杀招被禽火神轻松承受，禽火神双爪将其打入大地，后完全蹂躏火炎道人（寒冰甲铠无损），火炎道人怒吼""大哥""求救，黑衣源行者""阙晓道人""从地底走出。",甲铠源行者火炎道人现身被禽火神蹂躏，呼救其大哥阙晓道人。
合道,交手,战斗描写、转折高潮,战斗、高潮,黑衣源行者阙晓道人实力接近西斯族尊主，双掌黑光与禽火神双爪硬碰几乎不相上下，禽火神发狂以极致速度突袭占优但伤不了对方；阙晓道人布下困阵，纪宁指挥禽火神以阵法破绽强行破解（阵法一道纪宁为十六域界联盟第一）；阙晓道人祭出西斯族战争兵器（奇异球体）将万亿里化为星空世界困住禽火神，纪宁令禽火神强行撞击星空世界边缘。,阙晓道人实力近西斯族尊主与禽火神相当，祭西斯族兵器困住禽火神。
合道,顺利到手,转折高潮、装备获取,奖励、高潮,禽火神撞击星空世界边缘无果，阙晓道人主动收兵器提议交易——请纪宁破解一面西斯族盾牌兵器的七层阵法禁制，换合道火云花及所有合道宝物；纪宁一眼破解七层禁制（因懂西斯族阵法流派且此禁制非尊主所封），阙晓道人大喜送出合道火云花、五颗香宝灵果及招待用的数颗香宝灵果，双方立下本命誓言，纪宁共得十五颗香宝灵果。,纪宁以阵法之长破解西斯族盾牌禁制，顺利换取合道火云花与十五颗香宝灵果。
合道,冰风海的五十个混沌纪,悟道、情节推进,修炼、爽点,阙晓道人带纪宁等经时空阵法至地腹寒潭见合道火云花（含苞待放，同期仅一朵），纪宁布千倍时间加速阵法等待成熟；纪宁在冰风海待五十余混沌纪，第二元神在青花洞府参悟诸道（推演一道亦有所成），然终极剑道上再无一丝新感悟；阙晓道人、火炎道人热情招待，合道火云花终于绽放，纪宁采摘入玉盒并布时间减慢阵法（百万分之一流速近乎极限，最多维持十亿年），告别阙晓道人返乡。,纪宁在冰风海待五十余混沌纪等合道火云花成熟，采摘后返乡。
合道,合道前一夜,氛围营造、人物心理,情感、设定,纪宁归天苍宫告知天一、苏尤姬、丹宝将合道，苏尤姬劝其不必急（合道火云花千年内须用，纪宁已进无可进）；纪宁言明达风领主、孤独陛下均在等自己合道失败，合道只需安静无需告知三大主宰；纪宁在天苍宫、三界各布五十二层大阵（融合两大文明阵法流派，十个八个主宰联手都无法撼动），合道前夜众弟子亲友格外安静，纪宁心有触动独赴三界。,纪宁重布天苍宫三界大阵，合道前夜心境达巅峰，独赴三界回忆。
合道,闭关,人物心理、氛围营造,情感、设定,"纪宁在三界独坐回忆往昔——投胎纪氏、拜黑白学宫、识余薇、方寸山学艺、无间门大战、余薇悲惨一生（前世女童成女修罗、转世被神王控制、与纪宁育女后真灵破灭），心疼妻子；纪宁对太阳星低语""等着我，我们一定会再相聚""，撕裂时空回天苍宫；众亲友焦急等待，禽火神泪汪汪，青魔说还差九百混沌纪满追随誓言；纪宁嘱禽火神守护洞府后闭关，本尊坐天苍宫法坛（仿至尊石台）、第二元神坐青花洞府至尊石台，同时开始合道。",纪宁回忆与余薇过往后闭关，本尊与第二元神同时开始合道。
合道,开始合道,转折高潮、设定展开,设定、高潮,"洞府之灵白发老者期盼纪宁成功以完成启至尊遗愿（纪宁仅破解永恒之心二十二层）；纪宁服合道火云花，体表放出""道的剑光""威压，化身仅完成花骨朵阶段虚拟合道（节省三年多时间）即耗尽火云花之力，远不及寻常道君九化身之效；纪宁转真实合道，神晶蜕变、道树长出花骨朵迅速至绽放前，威压瞬间超越主宰、异宇宙之主层次，席卷整个炎龙域界，天苍宫众人与禽火神皆感生命本能恐惧。",纪宁开始合道，合道火云花仅助半次虚拟合道，永恒终极剑道威压席卷炎龙域界。
合道,关键时刻,转折高潮、氛围营造,设定、高潮,洞府之灵感叹终极之道若成将超越主宰境界，仅至尊与永恒终极之道可超越主宰；天苍宫威压穿透席卷整个炎龙域界甚至无尽黑暗，天苍永恒界众生灵本能跪拜臣服；芒涯、风雨、冥兰三大主宰及冰峰军团狼主、四黑衣帝君等纷纷赶来观战，皆震撼于永恒终极剑道威压，狼主忧心若纪宁成功孤独陛下无望、若失败则将掀起冰峰军团与达风领主争夺禽火神的前所未有大战；永恒之花开始绽放半年后纪宁脸色大变。,永恒终极剑道威压震撼诸大能，各方观战各怀心思，纪宁合道遇变。
合道,剑心,悟道、转折高潮,修炼、高潮、爽点,"纪宁发现致命问题——终极剑道合道须练成""圆满剑心""（心剑术第十五式），永恒终极剑道以圆满剑心为灵魂；纪宁明白心剑术乃心剑帝君之剑心不能照搬，须找回自己的剑心，回忆练剑经历三年多，终于醒悟——抛去报仇、名传、复活师姐等一切执念杂念，自己从内心深处真心喜欢剑道，""一剑一世界""，剑心圆满；永恒之花灵动绽放，合道近九年，众大能忐忑等待结果。","纪宁悟出""因真心喜欢剑道""的圆满剑心，永恒之花绽放至最后一刻。"
合道,落幕（本卷终章）,转折高潮、悬念设置,伏笔、高潮,永恒之花绽放最后一刻因步子太大且无尝试机会出现一丝错误，合道失败；纪宁失败瞬间明悟真正永恒终极剑道并感知混沌宇宙剑道本源，混沌本源包裹其意识叹息同情（悟出永恒终极之道的仅纪宁一人，却因一次机会失败）；纪宁真灵开始不可逆溃散，两尊法身气息灭绝，本尊第二元神真灵出现裂痕碎片脱落回归本源；纪宁雕刻余薇玉石雕像挂于胸前，将六柄北虹剑本源改为永恒终极剑道（蜕变为宇宙之宝级凶器）；芒涯等确认合道失败叹息禀报达风领主，狼主禀报孤独陛下；达风领主走出小院准备与孤独陛下争夺禽火神，孤独陛下率全军乘域界飞舟赶赴炎龙域界，大战一触即发。,纪宁终极之道合道失败真灵溃散，达风领主与冰峰军团争夺禽火神大战一触即发，全卷落幕。
女娲,合道失败的道君,人物心理、氛围营造,情感、设定,"天苍宫北冥洞府内，天一帝君、苏尤姬、青魔主宰、禽火神等看着纪宁闭关的洞府府门开启，纪宁走出，仿佛一切没变化，可实力稍强者都能感应到真灵溃散的波动。纪宁坦然告知合道失败早有准备，青魔表态愿终生追随。芒涯主宰等炎龙域界主宰帝君纷纷赶来相见饮酒，纪宁打趣说""等会儿恐怕还有客人到""，暗示蛰伏的孤独陛下、达风领主将有所动作。",纪宁合道失败真灵缓慢溃散，坦然面对绝境，各方主宰帝君赶来相见，为后续孤独陛下、达风领主争夺禽火神埋下铺垫。
女娲,争夺,矛盾爆发、人物引入,人物、冲突,"达风领主（大胡子邋遢老者，持西斯族兵器""青阳星""）率先抵达天苍宫，坦言欲在纪宁身死后带走禽火神，愿立本命誓言承诺。孤独陛下率整个冰峰军团（五十余位黑衣帝君、三名金衣帝君将军）撕裂时空降临，坐银色王座俯瞰，与达风领主对峙。达风领主以青阳星（微小星辰变大护体）应对孤独陛下三道血色流光袭击，孤独陛下以冰峰军团布阵、银色王座一分为三。纪宁见双方大战将毁天苍永恒界而出声喝止，孤独陛下威胁将灭杀纪宁一切亲人好友并灭绝其家乡（大莫域周围）。",达风领主与孤独陛下两大霸主为争夺禽火神正面冲突，冰峰军团降临天苍宫，矛盾全面爆发。
女娲,甘愿受罚,转折高潮、战斗描写,战斗、高潮,孤独陛下威胁灭杀纪宁亲人好友及家乡，纪宁眼中有了冷色，拔出背后黑色神剑北虹剑，一迈步速度超越禽火神，出现在三名孤独陛下中最左侧一个身旁，随意一剑划过其脖颈，无形力量沿因果瞬间灭杀，真身躲藏他处亦死。三尊孤独陛下尽皆死去，其中一尊嘴角有解脱笑意。纪宁收起孤独陛下尸体、银色王座等西斯族兵器。全场屏息，青魔主宰惊叹此等实力恐唯有至尊或西斯族尊主方能做到。达风领主、冰峰军团三将军及黑衣帝君皆恭敬甘愿受罚，冰峰军团因生死受孤独陛下掌控反而感激纪宁解脱之恩。,纪宁一剑斩杀孤独陛下（因果灭杀），震慑达风领主及冰峰军团，冰峰军团甘愿受罚并感激解脱。
女娲,寻找女娲,情节推进、悬念设置,伏笔,"纪宁不惩罚冰峰军团，命其分而驾驭域界飞舟前往四面八方传播消息——北冥道君寻找一个叫""女娲""的女修行者，修行约一百混沌纪，天赋极高，谁最先找到便欠一人情，可赠宝物或力所能及下帮忙出手一次（如斩杀孤独陛下级别存在）。冰峰军团及达风领主立本命誓言应命。消息如风暴般传遍混沌宇宙。五虫域界一头独眼黑色飞禽（老瞎子）从双头异族主宰处得知孤独陛下被北冥道君一剑斩杀的消息。","纪宁命冰峰军团及达风领主传播寻找女娲的消息，以""北冥道君人情""为酬，消息开始向混沌宇宙各方扩散。"
女娲,安排,设定展开、人物心理,情感、设定,"神帝和窿（雪白翅膀男子，修《神帝大灭绝术》）从前来讥讽的前道侣魔帝（血色羽翼独角女子）处得知北冥道君一剑斩杀孤独陛下、悟出永恒终极剑道之事，立即真心佩服，自认差远，欲借永恒终极剑道一看。芒涯国十二宫剑宫道君们议论北冥宫主被奉为无尽疆域第一强者；神兵谷断剑剑灵（粉红衣袍女子）难以置信。各方大能皆被震住，北冥道君被公认为仅次于至尊的可怕存在，""女娲""之名也随之传播。纪宁在天苍宫有条不紊安排后事，驾驭域界飞舟前往虞星海，进入隐蔽洞窟安置三徒弟风霄（留阵法、剑道法门、香宝灵果及宝物），感慨风霄执拗孤僻将来合道必败。",北冥道君威名传遍混沌宇宙，纪宁开始为亲人好友安排后事，在虞星海隐蔽洞窟为三徒弟风霄留下机缘。
女娲,女娲踪迹,设定展开、悬念设置,伏笔、设定,"纪宁自知永恒终极剑道对魂魄有孕养之效，加上青花雾气之力，不动用力量最多活八千混沌纪，动用力量则寿命锐减。纪宁在天苍宫教导徒弟、偶去三界行走，收草木之灵胡杏大仙（性情怪异喜给人做媒）为七徒弟。合道一役后六千九百万年，异宇宙之主曲良主宰（秃顶红袍人）从好友处得知北冥道君斩杀孤独陛下及寻找女娲之事，联想到青吴域界风桐老祖的女弟子""女娲""（修行一百混沌纪刚合道成就主宰、世界境时从炽阳域出现），雇佣域界飞舟赶赴青吴域界查探，从风桐老祖弟子处确认女娲已合道成主宰且随风桐老祖等大能进入炽阳域寻宝。",纪宁寿命极限及收七徒弟胡杏大仙，曲良主宰最先确认青吴域界女娲即北冥道君所寻找之人，女娲已随风桐老祖进入炽阳域。
女娲,初闻北冥,情节推进、悬念设置,伏笔,"曲良主宰焦急欲尽快通知达风领主，因青吴域界离秘魔域界极远（消息传播已花六千余万年，传消息需数十亿年），决定透过离青吴域界最近的""天渊大帝""联系鸿然至尊一脉传话给达风领主（达风领主曾立大功受至尊指点有联系至尊之法）。合道一役后九千余万年，""北冥道君一剑斩杀孤独陛下""及""寻找女娲""消息传至炽阳域，女娲一行（风桐老祖、玉虹帝尊、女娲及两位主宰）在银白色飞舟内得知。玉虹帝尊从外界好友处详述北冥道君悟出永恒终极剑道、实力仅次于至尊。女娲从未听过""北冥""之名，却隐约感觉到与自己有因果牵扯。合道一役后一亿两千万年，曲良主宰透过天渊大帝将消息传至达风领主。",曲良主宰透过天渊大帝将女娲消息传至达风领主，炽阳域内女娲一行初闻北冥道君之名，女娲隐约感应因果牵扯。
女娲,最后一件事,人物心理、情感展现,情感,女娲虽不认识北冥道君，但隐隐觉得找的就是自己。纪宁在天苍宫孤山上饮酒观虫蚁三万两千余年，感慨合道失败道君仍比凡俗寿命长不知多少倍。纪宁最关心的是三界（父母、女儿、师傅、同门、好友、家乡），要做的最后一件事是给三界寻找一个守护者。纪宁相信女娲（三界真正的领袖，三皇、如来、三清皆追随其麾下），女娲实力应不弱，有资格守护三界，且从孤独陛下处得的西斯族兵器也准备给女娲。达风领主使用青阳星赶来告知女娲在炽阳域（此前在青吴域界风桐老祖门下，刚合道成主宰，修行仅一百混沌纪，世界境时出现在炽阳域为外来者）。纪宁几乎百分百肯定就是三界女娲娘娘，决定前往炽阳域。,纪宁要做的最后一件事是为三界寻找守护者，达风领主告知女娲在炽阳域，纪宁确信即三界女娲娘娘，决定前往。
女娲,一道出发,情节推进、设定展开,设定,苏尤姬坚持随纪宁前往炽阳域。达风领主提出用青阳星送一程，纪宁计算其宝物倾尽也仅抵域界飞舟数千万年，而炽阳域需数十亿年，遂婉拒。第二天纪宁携禽火神、青魔主宰、护卫白融、苏尤姬乘域界飞舟出发，青魔主宰帮忙驾驭飞舟（主宰法力可不断恢复支撑消耗）。纪宁高屋建瓴看其他道愈发简单，偶尔指点青魔。转眼三十九亿余年过去，循孤独陛下及达风领主星图记载，抵达浑方域界浑方虚空大峡谷与曲良主宰相见。纪宁承诺还曲良主宰一人情。,纪宁一行乘域界飞舟出发前往炽阳域，三十九亿余年后抵达浑方域界与曲良主宰相见，承诺还人情。
女娲,要求,矛盾展现、人物心理,冲突、情感,"曲良主宰提要求——欲实力提升至异宇宙之主层次（掌控异宇宙、金衣帝君之躯或极强西斯族兵器三种途径）。纪宁虽有孤独陛下六件西斯族兵器但已安排给女娲，金衣帝君之躯已用光。曲良主宰指出周围一带""金阳神君""（掌控八座域界、异宇宙之主、曾赐两尊金衣帝君之躯）有金衣帝君之躯，请纪宁去讨要。纪宁答应去见金阳神君。又耗费五百余万年抵达金阳域界金阳宫（火球星辰表面的宫殿群，主宰超十位、金衣帝君两位、黑衣帝君十六位），纪宁评价火球星辰为奇异西斯族兵器。守卫黑衣帝君听闻""北冥道君""脸色大变连忙传话，金阳神君得知北冥道君来访脸色发白心颤。",曲良主宰求纪宁向金阳神君讨要金衣帝君之躯，纪宁一行抵达金阳宫，金阳神君得知北冥道君来访大为惊惧。
女娲,侯五城,人物引入、设定展开,人物、设定,"金阳神君（华美衣袍，一心欲成就至尊未进行舍身仪式）满脸笑容亲迎纪宁，察觉纪宁身上剑道本源一丝气息。金阳宫盛宴款待，金阳神君特制""三火宝若酿""。纪宁以储物手环宝物换取一尊金衣帝君之躯，金阳神君慷慨赐予不要宝物，只求纪宁指点一二。纪宁以剑道本源威能外显凝聚剑光指点金阳神君三天刀术，金阳神君境界被完全碾压惨败，感激""三天胜过苦修千万混沌纪""。金阳神君告知女娲一行在炽阳域""侯五城""，愿传话侯五城主留住女娲一行等纪宁抵达。",金阳神君慷慨赐金衣帝君之躯换纪宁三天指点，告知女娲在炽阳域侯五城并愿传话留住女娲一行。
女娲,炽阳域,环境铺陈、情节推进,设定,金阳神君传话侯五城主（绿袍老者，道号侯五），侯五城主告知女娲一行北冥道君数千万年内将抵达侯五城，要求其留在侯五城。风桐老祖、玉虹帝尊、女娲答应等候。纪宁一行离开金阳宫，两千余万年后终于看到炽阳域（无数火焰飞溅、星辰为大火球，八域之一汇聚无数火焰力量，规模媲美大半个域界）。曲良主宰介绍去侯五城有两条路（安全需数千万年、一路闯需五十余万年），纪宁选一路闯。域界飞舟横冲直撞，曲良主宰（已为金衣帝君）及禽火神开路。途经暗红色黑炎长河，数十条黑炎大蛇（混沌宇宙本源孕育的奇异生命，三头异宇宙之主级）拦路，禽火神兴奋化原形扑杀。,侯五城主传话留住女娲一行，纪宁一行进入炽阳域一路闯向侯五城，禽火神迎战黑炎大蛇族群。
女娲,终相见,转折高潮、情感展现,情感、高潮,"禽火神一口咬住黑炎大蛇灼烧成灰烬，吓住整个族群。炽阳域中最强大的源行者""炽阳域主""拥有媲美西斯族尊主实力。五十二年后纪宁一行抵达侯五城（炽阳域内唯一修行者城邑，西斯族战争堡垒）。侯五城主率风桐老祖、玉虹帝尊、女娲等出城恭迎。纪宁释放无形威能挡住女娲行礼（因女娲对菩提老祖有恩、对三界有功德）。纪宁目光落在女娲身上，确认即三界女娲娘娘（从小观想的""女娲图""模样）。纪宁微笑道""北冥见过女娲""，同时一道声音在女娲脑海中响起：""盘古开天地，女娲补天！""","纪宁一行抵达侯五城与女娲终相见，纪宁以""盘古开天地，女娲补天""暗语表明自己知晓三界之事，女娲大为震动。"
女娲,授道,设定揭示、悬念设置,伏笔、揭示、设定,"女娲身体一震，明白北冥道君知道她过往、来自三界或知道三界之事。侯五城主盛宴迎接纪宁，将女娲安排在纪宁左手下第一位置。席间大能们谈及炽阳域隐秘：炽阳域内有一名被囚禁的西斯族尊主（上古战争被至尊俘获送至炽阳域受折磨），整个八域共囚禁六名西斯族尊主。纪宁疑惑至尊为何囚禁而非杀死，暗中决定前往查看。侯五城主跪拜求纪宁""授道""（传永恒终极剑道），纪宁目光冷下：""你凭什么让我授道于你？""",八域囚禁六名西斯族尊主的设定揭示，纪宁疑惑至尊囚禁之意，侯五城主跪求授道被纪宁冷拒。
女娲,私谈,情感展现、设定揭示,情感、揭示、设定,纪宁冷声质问侯五城主，提出若奉上城邑及所有宝物方可收其传授，侯五城主犹豫颓然放弃（舍不得西斯族宝物），禽火神嗤笑其错过了机缘（纪宁根本不会占徒弟侍从便宜）。纪宁与女娲进入偏殿私谈，告知三界在炎龙域界（女娲当初世界境时经空间通道空间风暴迷失至炽阳域），纪宁若有所思炽阳域隐藏秘密更大。纪宁自承师傅是菩提老祖，详述三界往事：心魔老祖、源老人为幕后黑手，三清道人、佛祖如来、燧人氏等已死，后羿之死，三界大能面对源老人自爆而死，女娲为之伤心泪花。纪宁说自己合道失败只差一线，为三界寻找守护者，请女娲担当。纪宁一挥手现出四件宝物：三件西斯族兵器及一卷永恒终极剑道玉简。,纪宁与女娲私谈，告知三界在炎龙域界及三界往事（心魔老祖、源老人），请女娲代替自己守护三界，现出西斯族兵器及永恒终极剑道玉简。
女娲,兵临侯五城,矛盾爆发、装备获取,冲突、奖励,"纪宁将孤独陛下三件西斯族兵器（银色王座、银袍、血色晶石）赠予女娲，告知其威力及用法，女娲收下承诺守护三界。纪宁又将永恒终极剑道玉简授予女娲（限三界之人观摩），女娲触碰玉简神念渗透立下誓言，震撼于浩瀚悠远强大的永恒终极剑道，盘膝参悟，纪宁一一演练剑术解答。大半年后，一股强大波动从遥远处传来，纪宁与女娲飞出查看。上百头赤血魔（赤红如血、四蹄人上身、持大斧重锤）及诸多八臂巨人（雪白色独眼）出现，个个主宰级。三名领袖登场：金色甲铠赤血魔首领（持双刃巨斧西斯族兵器）、持火红色锁链的八臂锁链巨人、红衣少女（源行者）。红衣少女奉炽阳域主之命要抓风桐老祖、玉虹帝尊、女娲等五人（闯入域主隐修府邸大肆破坏、毁掉心爱之物""玉心灯盏""），交出则不波及他人，否则开战。",纪宁将西斯族兵器及永恒终极剑道玉简赠予女娲，女娲参悟大半年后炽阳域主麾下赤牵行者等率大军兵临侯五城抓女娲五人。
女娲,战起,战斗描写、矛盾爆发,冲突、战斗,风桐老祖、玉虹帝尊传音焦急（闯入的实为炽阳域主隐居府邸），寄望北冥道君出头。纪宁命禽火神释放威压，禽火神化原形咆哮。赤血魔首领、八臂锁链巨人忌惮混沌源兽，红衣少女以黑色触手（半透明土黄色晶石施放）缠绕禽火神，两名奇异生命首领围攻，曲良主宰出手相助被一条黑色触手牵制。红衣少女下令开战，赤血魔、八臂巨人族群震天吼声俯冲而下。女娲传音建议暂时退步逃命，纪宁认为炽阳域主影响力太大逃不掉，必须解决此事。,禽火神被三首领及黑色触手缠住，曲良主宰被牵制，炽阳域主大军俯冲开战，纪宁决定出手解决。
女娲,纪宁出手,战斗描写、转折高潮,战斗、高潮,"纪宁体表气息爆发，整个侯五城上空亿万剑光凭空显现，剑道本源领域笼罩四面八方，赤血魔、八臂巨人们惊恐停下，三名首领惊呆。苏尤姬、女娲心疼纪宁寿命消耗。赤血魔首领胆怯颤声开口，纪宁一声""滚""令其吓得转头就逃。红衣少女（赤牵行者）恭敬报上名号，提醒域主不会轻易罢休。八臂锁链巨人（八臂丘）发狂认为纪宁虚张声势，踏虚空直扑纪宁，红衣少女以黑色触手阻拦未果。纪宁一迈步穿过空间距离到八臂丘面前，从剑鞘拔出黑色神剑北虹剑，顺势挥劈而出。",纪宁释放剑道本源领域震慑全场，赤血魔族群逃窜，八臂锁链巨人发狂扑来，纪宁拔剑迎击。
女娲,炽阳域主,战斗描写、转折高潮,战斗、高潮,"神剑划过长空，雪白剑光花朵贯穿八臂锁链巨人身躯，剑意顺因果瞬间灭绝其每一丝真灵，生机灭绝坠落。纪宁收剑入鞘，时间恢复正常，剑招场景烙印在所有人记忆上。红衣少女叹息八臂丘愚蠢冒犯必死，纪宁明确表态不可能交出五人，让赤牵行者转告炽阳域主，硬要杀便奉陪。红衣少女率奇异生命迅速退去。纪宁判断炽阳域主实力不可小瞧，决定当天离开侯五城。炽阳域内寒冰走廊法坛上，炽阳域主（黑色魁梧男子，黑色甲铠，双眸如火球）从赤牵行者、赤血魔首领处得知北冥道君释放无数剑光领域（每道可斩杀主宰）、一剑杀八臂丘、合道失败真灵缓慢消散，推断为""永恒终极剑道""，战意大盛，渴望这场有意思的战斗。",纪宁一剑斩杀八臂锁链巨人，击退赤牵行者一行当天离开侯五城；炽阳域主得知永恒终极剑道，战意大盛渴望对决。
女娲,感应,设定展开、悬念设置,伏笔、设定,"炽阳域主（八域各一名域主皆西斯族尊主级数）下令去侯五城见北冥道君，半天抵达发现纪宁已离开，叹""难道怕了""，下令麾下势力搜寻。侯五城主疑惑炽阳域主只问北冥道君行踪不问女娲一行。转眼三十余万年过去，纪宁与女娲在域界飞舟内交谈论道，女娲一身银色长袍眉心棱形红色晶石（三件西斯族兵器）。纪宁决定绕路出去避免被截住，并去看被囚禁的西斯族尊主。又过一个月余，纪宁陡然喝停域界飞舟，闭眼感受浩瀚虚空中三亿多股隐隐波动，判断同一源头——""浩瀚，悠远，强大""。",炽阳域主搜寻纪宁未果，纪宁一行绕路前往囚禁的西斯族尊主，途中纪宁感应到三亿多股同源波动。
女娲,通往最强至尊的路,悟道、设定揭示,修炼、揭示、设定、爽点,"纪宁循感应不断改变方向，穿过层层维度及无形膜壁，抵达巨大的火红色海洋（无数极端凝聚的火焰化为水流形成海洋，中央巨大漩涡轰隆隆作响），即炽阳域源泉之海。禽火神冲入海洋惬意遨游（感觉像刚出生时在混沌宇宙本源般舒服）。纪宁判断此处为炽阳域源头，飞入漩涡中央，以剑道领域排斥火焰水流下降。纪宁两天内将水行一道突破至主宰层次，发现水行可融入永恒终极剑道。纪宁由此明悟自己通往至尊之路与其他至尊不同：其他至尊""一道生万道""（波林至尊万道爪本源、启至尊万道风本源），自己则是将其他道融入永恒终极剑道产生质变，跨入终极至尊层次（最强至尊，超越现今其他至尊），但需漫长时间累积，寿命有限恐怕无望。",纪宁抵达炽阳域源泉之海，两天突破水行至主宰层次，明悟通往最强至尊（终极至尊）之路——将其他道融入永恒终极剑道。
女娲,到来,氛围营造、转折高潮,设定、高潮,纪宁在源泉之海漩涡中修行五亿余年，将水行逐渐融入永恒终极剑道（广度提升，防御更柔韧，对魂魄真灵孕养更柔和、溃散速度减慢），走在通往最巅峰路上。炽阳域主在寒冰法坛与众将商议搜寻无果，猜测北冥道君可能发现源泉之海，独自驾驭黑色战船三年穿过层层阻碍抵达。巨大黑色战船冲出膜壁降临，女娲、风桐老祖等一行惊起。炽阳域主笑声响彻火焰海洋，猜到北冥道君躲在这，发现其竟发现源泉之海。炽阳域主看向漩涡中央白衣身影，对禽火神称解决其主人后让禽火神跟随自己。,纪宁源泉之海修行五亿余年融入水行入剑道，炽阳域主循线索独闯源泉之海降临挑战，锁定漩涡中纪宁。
女娲,纪宁和炽阳域主（本卷终章）,战斗描写、转折高潮,战斗、高潮,炽阳域主一声大喝，声波冲击火焰海水漩涡，纪宁从海水中走出踏虚空与炽阳域主遥遥相对。炽阳域主持火红色大斧（西斯族兵器）全力出手（体表火焰腾绕、黑色甲铠化为液体包裹全身、大斧秘纹亮起火红色流光），以力破法碾压剑道领域。纪宁一迈步穿过空间到其面前，挥出全力一剑（剑光灼灼比斧头耀眼百倍千倍），穿透黑色流体甲铠劈入炽阳域主体内，灭杀约半成魂魄真灵后威能耗尽。纪宁判断杀死炽阳域主最佳需二十剑，有其保命手段及黑色战船恐需百招以上，恐拼掉一条命。炽阳域主恐惧逃入黑色战船遁走。纪宁未追击，判断炽阳域主被一剑吓住恐拉拢其他域主联手，决定迅速离开。纪宁一行驾驭域界飞舟迅速离开源泉之海。,纪宁全力一剑重伤炽阳域主（灭杀半成魂魄真灵），炽阳域主恐惧逃走，纪宁判断需百招以上方可斩杀恐拼掉一条命，决定迅速离开，第三十九卷《女娲》完整落幕。
五位至尊,被囚禁的尊主,设定展开、悟道,修炼、设定、爽点,"纪宁在源泉之海周边错乱时空中修行，源泉之海如礁石、周围错乱时空如暗流，炽阳域主即便带三四位域主也难以找到。纪宁花费十二亿年将水行一道完全融入永恒终极剑道，形成""水行剑道""，魂魄真灵溃散速度减缓，寿命仍可维持约八千混沌纪。纪宁展示纯粹的永恒终极剑道与水行剑道两柄剑的区别。随后一行离开错乱时空，前往地火大陆查看被囚禁的西斯族尊主，风桐老祖介绍西斯族尊主与炽阳域主""截然不同""。纪宁远远看到火光领域核心处被囚禁的身影，其威压明显超越炽阳域主，心中疑惑。",纪宁十二亿年完成水行剑道，前往地火大陆见被囚禁西斯族尊主，发现其实力超越炽阳域主与外界公认矛盾。
五位至尊,癫狂,人物引入、悬念设置,人物、伏笔,"域界飞舟降落地火大陆，周围分散着诸多修行者。风桐老祖介绍西斯族尊主偶尔会指点修行者""道""的缺陷，令纪宁等惊诧。地火大陆的修行者们及看守奇异生命认出北冥道君，恭敬行礼，消息迅速传向炽阳域主。被囚禁的西斯族尊主头顶三根弯角、青色眸子，身体皮肤及脚下均有阵图烙印，受永恒折磨无法自杀。他见众多修行者恭敬向纪宁行礼，推断纪宁为修行者文明第一个掌控永恒终极之道的道君，癫狂低语""都该死""，感慨永恒终极之道诞生意味着修行者文明终将胜出。",西斯族尊主多波俄登场，凭行礼场景推断纪宁掌握永恒终极之道，因被永恒囚禁折磨而癫狂。
五位至尊,多波俄,矛盾爆发、悬念设置,伏笔、冲突,纪宁独自走向火光领域核心，观察折磨阵图包含火行、幻术、黑暗等诸多针对魂魄真灵的手段，判断为至尊所布。西斯族尊主多波俄（三弯角青眸）与纪宁对话，自称多波俄，佩服纪宁掌控永恒终极之道，求纪宁杀他以求解脱，称至尊囚禁折磨无尽头。多波俄以幻惑手段试图惑动纪宁心绪，被纪宁圆满剑心识破。多波俄不甘怒吼自己未走终极之道才沦落至此。随后多波俄突然暴起出手，双手暴涨三十余万里袭击纪宁，招数笼罩时空令纪宁躲无可躲。纪宁震惊——这爪法的境界绝对是至尊层次，心境震荡剑心不稳。,西斯族尊主多波俄现身对话，求死及幻惑均被纪宁识破，突然暴起以至尊境界的爪法袭击纪宁。
五位至尊,心境震荡,战斗描写、转折高潮,战斗、高潮,"纪宁释放剑道本源领域阻拦，但多波俄的爪法碾压剑光，一击撕裂纪宁虚影。纪宁施展身法退至百万里外，仅消耗些许神力。多波俄坦言只想消耗纪宁寿命未能逼其出剑。纪宁追问多波俄的爪法，多波俄癫狂笑称看出来了却不肯告知，除非纪宁承诺杀他。纪宁以""会询问至尊们""回应后转身离去，多波俄绝望叹息。纪宁满心疑惑——多波俄境界为至尊，施展的技巧是至尊层次，可携带的""道""的威能极低，整体实力仅炽阳域主级别。正思索间，八位域主（炽阳域主等八域最强源行者）同时借雷电霹雳撕裂时空降临，纪宁震惊，一剑撕裂时空裂缝遁走。",多波俄爪法境界为至尊层次却威能极低，纪宁心境震荡；八位域主同时现身，纪宁一剑撕裂时空遁走。
五位至尊,堡垒,装备获取、悬念设置,伏笔、奖励,"纪宁一剑穿梭时空来到炽阳域另一处，发现一处空间漩涡正飘出西斯族宝物残片及一座五千丈大的残破堡垒——一处西斯族宝藏。纪宁放出女娲、苏尤姬等一行人，众人震惊。纪宁思索宇宙八域偶有异宇宙及西斯族宝藏凭空出现，背后恐有至尊安排；女娲也从三界凭空来到炽阳域。纪宁独自沉思多波俄的矛盾：境界是至尊，实力却远弱，怀疑西斯族尊主为""伪至尊""，一切需见至尊才能知晓。","纪宁穿梭虚空意外发现西斯族战争堡垒宝藏，继续沉思多波俄""至尊境界、非至尊实力""的矛盾。"
五位至尊,阵图,设定展开、装备获取,奖励、设定,纪宁观察堡垒，将两片残破部件嵌入堡垒，堡垒启动旋转展开底部叶片及腹部通道。堡垒内部空间庞大，分上中下三层中枢，各层有西斯族尸体（永恒帝君、黑衣帝君、金衣帝君），纪宁判断为至尊隔堡垒以因果或魂魄手段灭杀。纪宁解析三座中枢：下层镇守阵法统领一片区域、中层探测阵法可探查极广袤区域、上层雷电攻击大阵可灭杀金衣帝君。堡垒地位不亚于青阳星，需三名主宰境方可操纵。纪宁决定留在家乡，花费八亿余年创造第四幅总控阵图，使一名帝君即可操纵整个堡垒。女娲炼化控制堡垒，纪宁记载操纵法门交付。,西斯族战争堡垒三中枢设定展开，纪宁八亿余年修改创造第四阵图使一人可操纵，女娲炼化控制。
五位至尊,奉命行事,伏笔深化、转折高潮,伏笔、高潮,"堡垒顶部圆盘释放雷电威能测试，一击湮灭火红岩石，令风桐老祖等后怕。女娲将堡垒炼化缩小收入掌心，称有此堡垒三界固若金汤。奇异生命""石刃""奉炽阳域主之命前来，告知纪宁：炽阳域主等八位域主并无恶意，是""奉命行事""，有一重要事情要和纪宁叙说。纪宁判断以自己实力要走他们拦不住，应该不是阴谋，决定在此等候。半个时辰后八位域主借雷电霹雳降临，颇为客气行礼，炽阳域主惭愧称当初莽撞，坦言是""奉命行事""——至尊吩咐找到纪宁带去见她。纪宁问是哪一位至尊。","堡垒威力测试成功，奇异生命传讯八域主奉至尊之命找纪宁，八域主坦言""奉命行事""带纪宁见至尊。"
五位至尊,进入混沌宇宙本源,环境铺陈、人物引入,人物、设定,"炽阳域主告知是""天食至尊""召见，天食至尊自西斯族战争结束后几乎一直在混沌宇宙本源内。八域主介绍混沌宇宙本源具有莫大威能，寻常修行者无法进入，仅境界极高者或身体强硬者（如源行者、混沌源兽）可行。纪宁带禽火神随八域主乘战船出发，三天出炽阳域，一名域主划开时空之门进入混沌宇宙本源。本源如海洋般压迫，八大域主及禽火神硬抗压迫前进，纪宁释放剑道本源领域则如鱼得水。本源分为诸多""湖泊""，各代表一种道的本源（雷电、水行、寒冰、刀道等），剑道本源仅为其中之一。飞行五天多后抵达一座漂浮木屋，天食至尊（窈窕人影，脸微胖，眼神温和，气息带时间波动）归来，双方客气相见，纪宁感受其万道时间本源，天食至尊感受纪宁永恒终极剑道。",纪宁随八域主进入混沌宇宙本源海洋，抵达天食至尊木屋，天食至尊（万道时间本源，唯一女至尊）正式登场。
五位至尊,至尊们,人物引入、悬念设置,人物、伏笔,天食至尊以果酒款待纪宁（酒香让真灵溃散稍慢），感慨纪宁合道失败可惜，称开辟道路者最难。天食至尊告知有关乎修行者文明存亡的大事需纪宁帮忙，已通知其他至尊赶来。鸿然至尊（黑袍秃顶老者，两条肉须，最早一批三至尊之一）得知北冥道君掌握永恒终极之道后震怒——因他负责与主宰帝君联系，却是被天食告知。波林至尊在荒漠虚空中灰色星辰上尝试从生死间悟出另一种万道本源失败，感叹修行者文明终于出了掌握永恒终极之道之人，一迈步离去。,天食至尊告知关乎文明存亡大事，已通知其他至尊；鸿然至尊震怒被晚知；波林至尊悟道失败后赶来。
五位至尊,至尊齐聚,人物引入、氛围营造,人物、设定,"纪宁与天食至尊论道一个多时辰后，厄孔至尊（绿袍雄壮男子，一对弯角，双眸如黑暗深渊，万道毁灭本源，又称""毁灭至尊""，战争后新晋唯一至尊）最先到来。鸿然至尊随后到来，笑称厄孔""小龙""，与纪宁叙旧（曾求鸿然至尊逆转时空复活道侣余薇未果）。天食、鸿然、厄孔谈起启至尊、熵骨至尊均是最早一批且已死。最后波林至尊（白发颓废美男子，万道爪本源，创造永恒生命一族）与帝石至尊（绝美男子，万道幻本源）并肩到来。波林至尊见纪宁称有因果纠缠，纪宁提及曾受波林至尊洞天中千叶青灵之惠驯服禽火神。五位至尊齐聚木屋，八大域主及禽火神在院外屏息。",五位至尊齐聚天食至尊木屋——天食、鸿然、厄孔、波林、帝石，纪宁与波林至尊因果纠缠揭示。
五位至尊,一切的源头,设定揭示、转折高潮,揭示、设定、高潮,"帝石至尊介绍为万道幻本源，神体具无尽魅惑。五位至尊入座后，鸿然至尊揭示：西斯族并未真正覆灭，只是被封锁困住无法出来。西斯族来自无尽虚空中另一个混沌宇宙，那个混沌宇宙拥有""混沌宇宙掌控者""（需先成至尊再炼化整个混沌宇宙本源）。西斯族入侵本混沌宇宙欲掌控，但作为外来生命受压制排斥、无法得到道的力量加持，实力大减。他们若掌控成功将改造混沌宇宙环境使原有生命灭绝。混沌宇宙掌控者不敢进入本混沌宇宙（力量源泉在彼方），但其他西斯族生命要掌控只能走出来入侵。战争杀死十六位西斯族尊主、囚禁六位，封锁其老巢。唯一一劳永逸之策是本混沌宇宙诞生掌控者，但熵骨至尊、启至尊尝试炼化混沌宇宙本源均死。",鸿然至尊揭示西斯族来自另一混沌宇宙及混沌宇宙掌控者设定，文明存亡困局浮出水面，熵骨、启尝试掌控均失败身死。
五位至尊,帮忙,设定揭示、悬念设置,伏笔、揭示、设定,鸿然至尊解释混沌宇宙力量太庞大，至尊承受不了，强行尝试会被压垮自杀。囚禁六位西斯族尊主是为让其被本源力量逐渐渗透汲取力量补充本源（最笨办法），但六位一直扛着至今未放弃。西斯族死去的力量会回归其混沌宇宙（有禁制手段），故无法从尸体汲取。天食至尊也准备尝试炼化本源。纪宁明白整个文明困局——不出掌控者终将灭亡。鸿然至尊代表五位至尊请纪宁帮忙：以终极之道成就至尊是唯一确定能掌控混沌宇宙之路，需纪宁帮忙。,至尊们揭示囚禁西斯族尊主汲取力量补本源之策，请纪宁帮忙以终极之道成就至尊为文明找出路。
五位至尊,想要做的？,转折高潮、伏笔埋设,伏笔、高潮,"鸿然至尊解释终极之道至尊实力远超普通至尊，可轻易摧毁西斯族老巢。请纪宁将永恒终极之道传授给达到终极之道第四层的后辈（立誓言拜入北冥门下为记名弟子），过去至尊们遮掩终极之道是因其太难、不想妖孽死在上面。现在有了永恒终极之道前人开辟道路，后来者成功率暴涨。纪宁同意，加条件""心性邪恶者不可传授""。纪宁请至尊们帮忙：一是庇护家乡三界，二是毁掉虞星海阴阳生死轮（纪宁无法持久战恐真灵完全溃散）。厄孔至尊主动揽下毁阴阳生死轮。天食至尊另赠女娲一座无主异宇宙使其成异宇宙之主。",纪宁同意公开传授永恒终极之道，请至尊毁阴阳生死轮及庇护三界，天食至尊赠女娲异宇宙。
五位至尊,完美的法门,设定展开、装备获取,奖励、设定,波林至尊赠纪宁白色圆盘（巴掌大，两道金色秘纹，可固守孕养魂魄真灵），天食、鸿然、厄孔、帝石至尊也各赠宝物，诸多宝物加起来寿命延续约六成。鸿然至尊慨叹西斯族修炼法门完美——世界境到道君、道君到帝君、帝君到至尊均无生命危险，合道失败魂魄真灵也不溃散可千百次尝试，而修行者文明道君阶段一步一生死。但西斯族法门修行者无法使用，启至尊曾耗费心血也未能改造成功。五位至尊各赠大量西斯族修炼法门玉简给纪宁参考。纪宁观看后感叹法门完美圆满改无可改，文字蕴含无尽奥妙。鸿然至尊另赠纪宁至尊信符（暗红色玉符，可联系六位至尊）。纪宁留下永恒终极剑道玉简及合道经验。,五位至尊赠纪宁延寿宝物及西斯族修炼法门，展示完美法门无法使用，赠至尊信符，纪宁留下永恒终极之道。
五位至尊,厄孔至尊,人物引入、情节推进,人物,"厄孔至尊送纪宁、禽火神离开混沌宇宙本源，回到炽阳域与女娲等一行汇合。厄孔至尊释放威能裹挟域界飞舟撕裂时空，一个呼吸出炽阳域，来到嘶象域。风桐老祖、玉虹帝尊等认出""毁灭至尊""恭敬行礼。远处五名主宰正为争夺一座无主异宇宙搏杀，纪宁命禽火神让他们罢手，禽火神化原形吓住五人。纪宁、厄孔至尊率众出现，五名主宰认出北冥道君及至尊，战栗不已。厄孔至尊嫌天食至尊选的异宇宙被他人发现丢分，命纪宁让女娲去炼化，并将五名主宰送入一处宝地作为补偿。女娲飞向异宇宙炼化。",厄孔至尊送纪宁回炽阳域嘶象域，吓退争夺异宇宙的五名主宰，女娲开始炼化无主异宇宙。
五位至尊,回归,转折高潮、战斗描写,战斗、高潮,"女娲一个呼吸炼化异宇宙，异宇宙缩小进入体内成异宇宙之主，女娲打算将其安置在靠近家乡的地方。厄孔至尊、纪宁一行乘域界飞舟返回炎龙域界，半途曲良主宰、风桐老祖、玉虹帝尊等各自离去。途中厄孔至尊与纪宁饮酒闲聊，纪宁称要继续参悟西斯族法门及将其他道融入永恒终极剑道，""即便死也死在这条路上""。抵达炎龙域界虞星海，芒涯主宰、风雨主宰、冥兰主宰、青石道人、金屿帝君、安臣帝君、岐隐帝君等六方势力领袖恭迎。厄孔至尊化作巨人持巨斧飞向阴阳生死轮（两个共生巨大漩涡，力量近乎比肩至尊），怒劈绿色漩涡。",女娲炼化异宇宙成异宇宙之主，厄孔至尊随纪宁回炎龙域界，开始毁阴阳生死轮。
五位至尊,回归三界,转折高潮、情感展现,情感、高潮,厄孔至尊连续怒喝十二次劈出巨斧虚影，绿色漩涡终于溃散，无尽生机力量逸散；黑色漩涡无法单独存在急剧崩塌，阴阳生死轮彻底破灭。炎龙域界六大势力领袖狂喜，芒涯主宰感慨当年虏获的世界境小子拯救了整个域界。厄孔至尊感叹若再成长百万混沌纪自己也得重伤，随后孤傲离去。纪宁带苏尤姬、青魔、女娲等回到三界（如今八千一百座混沌世界），菩提、风魔、夸父、玉鼎、弥勒、孙悟空等无数仙魔恭迎女娲娘娘回归，盛大宴席百万仙魔汇聚。纪宁感叹三界兴盛，菩提感慨少了些好友，纪宁期待若个个能活着齐聚该多好。,阴阳生死轮被厄孔至尊毁掉，女娲回归三界盛大宴席，三界兴盛却少了诸多故人。
五位至尊,逍遥漂泊的日子,环境铺陈、人物心理,情感、设定,"大宴后纪宁与女娲、菩提等布置三界大阵，以西斯族战争堡垒为核心，三天完成，堡垒隐藏于三界区域最中央核心虚空，大阵固若金汤非至尊出手无法攻破，女娲安排傀儡监视。纪宁决定趁还活着带女儿纪明月、父母纪一川尉迟雪、师傅菩提、风魔及追随者游历混沌宇宙各处奇景险地悟道。先在十六域界联盟各域界逛三千多万年，后一路漂泊。路过奇异之地，纪宁让禽火神展露威势，当地势力认出北冥道君无不恭敬。在""仙沟星""居住百万年。纪宁第二元神留青花洞府研究西斯族修炼法门及永恒之心（从五十层继续破解），同时本尊继续将其他道融入永恒终极剑道。",三界大阵以堡垒为核心完成固若金汤，纪宁带家人友人逍遥游历悟道，第二元神研究西斯族法门及永恒之心。
五位至尊,三千混沌纪,悟道、设定展开,修炼、设定、爽点,纪宁在青花洞府以永恒终极剑道境界破解永恒之心，一口气从五十层破至九十二层（共九十九层），后续十万余年无法再进一步，但仍有希望在身死道消前完全破解。一行抵达雷泽火海（雷电瀑布碰撞扭曲时空形成火焰海洋，足以重创主宰），纪宁释放剑道本源领域裹挟飞舟冲入雷泽内部。纪宁两年多将雷电一道提升至主宰层次，十二年将火行一道提升至主宰层次，停留九十六混沌纪将雷电、火焰完全融入永恒终极剑道。游历三千余混沌纪，苏尤姬感觉随时能合道，菩提、风魔均四步道君，纪明月以火行一道最强之道踏入生死道君并突破至三步道君。青魔暗暗感叹纪明月悟性差些但主人倾力指点。,永恒之心破解至九十二层，雷泽火海雷电火焰融入剑道，游历三千余混沌纪，纪明月成三步道君。
五位至尊,大地星辰（本卷终章）,悟道、人物引入,人物、修炼、爽点,纪宁在漠苍域界大地星辰（混沌宇宙最大星辰，百万亿里广，土行力量汇聚实体，力量媲美漠苍域界其他区域总和）修行，将土行一道融入永恒终极剑道，五行剑道（水行、金行、木行、火行、土行）全部完成，但发现道的提升对魂魄真灵帮助越来越小。空间一道融入进行中，时间、因果等更无影。纪宁静修山谷中，两百年前救过的凡人小娃娃的重孙——白发老者来跪求救其孙儿石泽（黝黑少年，矿工）。纪宁看透石泽过去未来：将在矿上崛起成为大地星辰修行极致高手，最终孤独寂寞而死。纪宁生出收徒之念，决定待其经历磨砺孤独求败后再收。石泽行走四方败尽敌手后孤独求败，纪宁现身以时光倒退之术令其折服，收为八徒弟。纪宁抬头看虚空，隐隐感觉有什么事情发生，恐怕没法再继续逍遥自在的日子。,土行融入永恒终极剑道五行成，收八徒弟石泽，纪宁隐隐感觉有事发生，第四十卷《五位至尊》完整落幕。
护道楼,毁灭神庭之主,人物引入、悬念设置,人物、伏笔,"纪宁在漠苍域界大地星辰上时，芒涯主宰急召其回炎龙域界芒涯国皇宫，告知受好友异宇宙之主""毁灭神庭之主""所托，事关纪宁关系极近的丹尊者。纪宁随芒涯主宰沿时空通道赴异宇宙，毁灭神庭之主化身（本尊法身均不在）恭谨相见，道号""毁灭""与至尊中""毁灭至尊""同名纯属巧合。毁灭神庭之主坦言丹尊者一心欲复活三位兄长（含一名主宰），曾求至尊被索媲美一千艘域界飞舟的宝物，故自跨入主宰境后常疯魔般深入西斯族族地寻宝。",毁灭神庭之主求见纪宁，引出丹尊者陷西斯族族地危机的核心悬念。
护道楼,疯子'丹尊者',人物引入、设定展开,人物、设定,"毁灭神庭之主详解""疯子""丹尊者——不顾生死一次次冒险西斯族族地，数件西斯族兵器在身，实力与毁灭神庭之主相当。丹尊者等四人在西斯族族地发现一处大宝藏，遭大难一人惨死、三人分散陷死亡危机，丹尊者因不愿连累纪宁一直未答应求救。纪宁知丹尊者对自己如亲人，当即索要星图确认位置，命毁灭神庭之主全力保护丹师傅。纪宁回漠苍域界安置家人（八徒弟石泽交女儿纪明月教导），带青魔法身驾域界飞舟当天出发赴西斯族族地。","丹尊者""疯子""形象及陷险缘由揭示，纪宁决意赴西斯族族地救人。"
护道楼,进入,环境铺陈、设定展开,设定,纪宁与青魔法身耗时一千两百余万年抵达西斯族族地（媲美二十座域界大小的发光球体，西斯族扎进混沌宇宙的钉子）。至尊们当年攻克外域、封禁危险区域及核心。纪宁循因果感应降临弥漫黑雾的星辰，黑雾具强烈腐蚀，剑道本源领域轻易抵挡。穿透百亿里黑雾见苍茫寒气地表，循因果判定丹尊者、毁灭神庭之主同在一方向。地面裂缝涌出数十名虚无气流凝聚的灰黑色娇小魅惑邪魔生命（西斯族族地常见，离族地即消散，越多越危险），被纪宁剑道本源领域镇压灭杀。,西斯族族地环境及邪魔生命设定展开，纪宁循因果深入黑雾星辰。
护道楼,护道楼,设定展开、战斗描写,战斗、设定,大地涌出两头银身金角兽（通体银色、头顶金色独角、四蹄异兽，护道楼巡逻傀儡，速度媲美最顶尖主宰，匹敌异宇宙之主），死寂眸子追杀入侵者。纪宁剑道本源领域压制，扔出六条黑色锁链（原捆禽火神之物）给青魔炼化，配合擒住两兽收入洞天法宝（离护道楼即虚弱）。纪宁揭示此乃护道楼所在——西斯族强者用一切手段加固的固定修行老巢，借族地能量源泉运转，无法移动，最顶尖者可让至尊丧命。护道楼内三尺矮小仆从生物（永恒帝君实力，原主人已逃）发现纪宁，决定操控护道楼对付，将纪宁放逐第二空间。,护道楼设定及银身金角兽登场，矮小仆从生物立杀纪宁之心。
护道楼,解脱的希望,转折高潮、设定揭示,揭示、设定、高潮,矮小生物视操控护道楼玩弄强者为唯一乐趣，见纪宁强大决定小心对付。纪宁循因果发现丹尊者、毁灭神庭之主逃窜方向却现为同向，察觉护道楼有主人。纪宁一剑划破封闭空间豁口与丹尊者相见。矮小生物见纪宁轻松对付银身金角兽，认出永恒终极剑道领域，狂热欲杀纪宁立大功（杀死永恒终极之道存在功劳比杀至尊还高，即便身死也会被逆转时空复活），视为解脱希望，直接施展空间分离将星辰割裂数百瓣封闭空间困住纪宁。,矮小生物认出永恒终极剑道，狂热欲杀纪宁立功，施展空间分离困敌。
护道楼,相见,转折高潮、情感展现,情感、高潮,矮小生物不惜用时光沙（西斯族特有宝物，扭曲时间，对真灵溃散道君近乎致命）袭封闭空间，又蓄积护道楼毁灭一击。纪宁拔北虹剑以水行剑道一剑湮灭时光沙，余威冲击空间膜壁致封闭空间崩塌，化雷电剑光冲出。纪宁见八层护道楼及地基，避毁灭一击，循因果找到丹尊者所在封闭空间，一剑划开千丈豁口，与黑纱清冷丹尊者相见。丹尊者震惊于纪宁成长，纪宁传音催其速走。,纪宁破时光沙救丹尊者，师徒（如亲人）险境重逢。
护道楼,不陪你玩了,转折高潮、战斗描写,战斗、高潮,纪宁带丹尊者化流光离去，矮小生物计划落空，疯狂施出全部手段：三重空间走廊锁、全部六十五头银身金角兽、护道楼解体、放出两条数万丈石头蛇傀儡及地基下十万丈蜈尾人形奇异生命。奇异生命一声吼将矮小生物化为飞灰。丹尊者惊惧，纪宁知此乃西斯族从无尽虚空活捉的奇异生命（被弄疯魔只知杀戮，力量源自自身不借道威能故内外实力无差），让丹尊者入洞天法宝。,矮小生物孤注一掷自毁护道楼放出奇异生命，自己被吼杀，危机升级。
护道楼,奇异生命,设定揭示、战斗描写,战斗、揭示、设定,纪宁解释奇异生命来自混沌宇宙外无尽虚空，天生强大智慧悟性低，西斯族在外界未受压制故能活捉。此头实力媲美西斯族尊主。奇异生命捏碎全部银身金角兽及两条石头蛇，纪宁操控剑光未与交手。纪宁拔北虹剑，金色剑光刺入其庞大躯体窜动六次方灭杀，收起尸体（全身是宝）。纪宁解释空间走廊锁源自护道楼力量，护道楼已碎则力量为无源之水将耗尽。,奇异生命设定揭示，纪宁六剑灭杀奇异生命。
护道楼,扫荡收获,装备获取、设定展开,奖励、设定,纪宁、丹尊者、青魔拆卸崩塌护道楼半个多时辰，获二十一件可用西斯族兵器（含暗红色球状一击之物、大锤等），纪宁嫌少无大玩意。纪宁推断原主人已带走最珍贵宝物。青魔炼化矮小生物洞天法宝，内藏二十九件宝物（含两艘域界飞舟、求败神主灭绝矛——求败神主死于西斯族族地）。丹尊者认出灭绝矛上火红花纹乃求败神主所附。纪宁让丹尊者、青魔各取所需。,拆卸护道楼及矮小生物洞天法宝，大获西斯族兵器宝物。
护道楼,空间剑道,悟道、情感展现,修炼、情感、爽点,丹尊者厚脸求纪宁帮忙请至尊复活三位兄长，纪宁承诺九成把握。丹尊者气质由冰冷转炽热，纪宁赠其一艘域界飞舟，又赠青魔红铜色甲铠（护体增攻，面对异宇宙之主可保命）。纪宁维持剑道本源领域冲击空间走廊锁（混沌宇宙力量不耗自身），静修等待。八万余年后纪宁悟成空间剑道（空间一道早达主宰境，本卷观察空间走廊锁加速融合），擅长穿梭空间、一剑镇虚空，空间穿梭超越厄孔至尊。又过近五十万年空间走廊锁崩塌，纪宁破开数百独立空间膜壁。,纪宁悟成空间剑道，空间走廊锁能量耗尽崩塌。
护道楼,驯服,设定揭示、转折高潮,揭示、设定、高潮,"纪宁找到毁灭神庭之主（受幻境陷入疯魔，丹尊者喝醒）及缇雅主宰（银发灰袍女子，平静淡然的""疯子""）。一行飞往黑气弥漫的华美宫殿，仆从道君乖乖称来者为""主人""。纪宁翻看记忆知他们原为洞天生灵被驯服。宫殿内飞出五名被改造成傀儡的主宰异宇宙之主（含辰负之主、青魔生死好友苍桓主宰），身体记忆不损但无自我意识。纪宁剑道本源领域镇压，青魔锁链捆辰负之主。纪宁揭示傀儡改造需长时间逐渐渗透，毁灭神庭之主受幻境影响即驯服开端。",揭示西斯族将修行者大能改造成傀儡的手段，纪宁斩杀五名傀儡。
护道楼,空间大阵,转折高潮、人物引入,人物、高潮,纪宁挖出宫殿地牢，救出被囚禁折磨漫长岁月未屈服的炎左主宰（黑发独角男子），归还其斧头兵器并赠臂环。炎左主宰感恩立誓报答。一行离开护道楼所在穿出黑雾，突遭九处遥远源头空间构成的空间大阵笼罩挪移，消失至茫茫云雾空间。神识受压制，纪宁判定此处比护道楼危险十倍百倍，透过至尊信符联系鸿然至尊、貘谷至尊等六位至尊求援。,纪宁一行被九空间大阵挪移入隐秘空间，联系至尊求援。
护道楼,隐藏的空间,设定展开、悬念设置,伏笔、设定,鸿然至尊法身（红袍秃顶老者）、貘谷至尊法身（高瘦青袍鳞片男子）赶到护道楼所在，貘谷（万道空间本源）反推阵法奥秘但无法找出纪宁被困空间位置，鸿然（万道因果本源）凭因果亦找不到。貘谷至尊接纪宁第二元神到场，第二元神能感应本尊在千亿里外却无法靠近（空间完美隔离如球面行走）。貘谷至尊隐约感知隐藏空间存在但无破绽无法锁定。纪宁请鸿然至尊帮忙复活丹尊者兄长，鸿然安排天食至尊出手。纪宁告知丹尊者天食至尊将复活其三位兄长，丹尊者落泪微笑致谢。,至尊法身无法破解隐秘空间，天食至尊答应复活丹尊者三位兄长。
护道楼,海岛上的战斗,环境铺陈、设定揭示,揭示、设定,"丹尊者执念实现心境震荡。丹尊者求天食至尊先去其法身处复活三位兄长（恐自己死则法身亦死无法亲见）。天食至尊答应出发。纪宁试以力破法离开隐藏空间无望，判断需找能量源头或阵法破绽。纪宁感应远处弱小生灵，一行飞往海岛，见三名祖神祖仙层次的""西斯族""人类正与一邪魔生命搏杀（邪魔已六次屠戮此岛）。纪宁发现三人一举一动蕴含道的威能，断定他们非真正西斯族而是混沌宇宙土生土长的后裔。",隐藏空间海岛上的西斯族后裔及邪魔设定揭示，纪宁断定土著非真西斯族。
护道楼,太脏了,情节推进、人物心理,情感,"纪宁一剑循因果斩杀邪魔及源头，翻看三人记忆作补偿。纪宁查出六十三州岛霸主花柏魔主（四步道君）信息。一行赴花柏魔主宫殿，纪宁剑道本源领域镇压时空翻看其记忆，得知隐秘空间由六座普通世界、圣界、狱界构成，生死道君方可入圣界，合道成功必入圣界，狱界为放逐之地。纪宁判断核心关键在圣界，计划待丹尊者兄长复活后经界门入圣界。纪宁因花柏魔主作恶多端一剑斩杀，称""太脏了""。",隐秘空间六世界+圣界+狱界结构揭示，纪宁定下入圣界之计。
护道楼,逆转时空复活,转折高潮、情感展现,情感、高潮,进入隐秘空间五个月后，天食至尊带丹尊者法身、毁灭神庭之主法身至异宇宙古域起源之地内域。天食至尊逆转时空回溯至三兄弟战死刹那（含世界境纪宁掠过场景），定住时光，真灵碎片从异宇宙本源深处浮现回归三具尸体，三兄弟复活。丹尊者与大哥（实为挚爱非亲兄妹）相拥。三兄弟惊愕于至尊出手及丹尊者已为主宰，白衣二哥最冷静察觉因至尊而复活。,天食至尊逆转时空复活丹尊者三位兄长，丹尊者与挚爱大哥团聚。
护道楼,界门袭击,情节推进、人物心理,情感,丹尊者向三兄长介绍纪宁（合道失败道君但实力近乎至尊、一剑斩孤独陛下、与至尊交好、为大哥记名弟子）。隐秘空间内纪宁一行悠闲等待后恭喜丹尊者。纪宁决意闯界门入圣界（唯一生机，西斯族不敢正面交手只敢借护道楼）。一行乘域界飞舟入界门，空间通道内遭前后四座灭元级三角形兵器出现，发射切割空间流光并欲自爆。纪宁凭空间剑道操控飞舟闪避四道流光，又以水行剑道柔剑将两座兵器撞在一起。,纪宁一行闯界门遭灭元级三角形兵器夹击，纪宁凭空间剑道应对。
护道楼,世界缝隙,转折高潮、悬念设置,伏笔、高潮,圣界一方封住通道口，四座三角形兵器自爆成死域。纪宁化空间间隙遁入世界缝隙，体表空间膜壁卸掉冲击。空间通道被毁纪宁困于八座世界缝隙，试破圣界膜壁无望。圣界中央三座十二层祖殿（两座黯淡，一座恢弘），深蓝长袍青年波万月尊主下令：狱界若失败则引纪宁入圣界决一死战，即便全部战死也必须杀纪宁（杀永恒终极剑道道君功劳比杀至尊高，身死也会被复活）。尊主赐狱界被放逐者掌管祖殿之诺，命时刻用噬灵秘术吞噬纪宁溃散真灵。揭示隐秘空间原三位尊主两位战死外界。,波万月尊主登场，下达必杀纪宁命令，揭示隐秘空间尊主背景。
护道楼,狱界内,环境铺陈、悟道,修炼、设定、爽点,狱界被放逐者多为西斯族后裔主宰帝君（真西斯族功法不适配本混沌宇宙，只能赐修行者文明功法）。黑袍乱草男子、丑陋老太婆、胖乎乎男子三人为首，知尊主忌惮纪宁但视其为一步登天机会。纪宁发现唯狱界界门开启，入狱界见昏暗火焰风漩涡邪魔等混乱天灾，视其为修行风之剑道之地，盘膝坐下。被放逐者遥遥探查不敢先上，与纪宁耗。纪宁风之一道早达主宰境，欲融为风之剑道。,狱界环境及被放逐者心态展开，纪宁开始修炼风之剑道。
护道楼,逐个击破,战斗描写、转折高潮,战斗、高潮,五十万余年后纪宁悟成风之剑道，一声呼气化狂风卷杀数千亿里外五名帝君，震慑被放逐者。纪宁穿梭虚空逐个击破：风之剑道可凭风感应敌人位置解决肉眼受限困境。纪宁近距离灭杀两支队伍，遭两根权杖幻术及长矛攻击略受影响，狂风绞杀三名帝君。圣界波万月尊主镇压纪宁周围时空阻止，纪宁以空间剑道强行瞬移六千亿里突破，继续灭杀。尊主震惊纪宁空间造诣超越自己。,纪宁悟成风之剑道逐个击破被放逐者，空间剑道突破尊主时空镇压。
护道楼,三十六根石柱,战斗描写、悬念设置,伏笔、战斗,尊主判断纪宁最多灭三成被放逐者，赐两尊灭初级宝物。被放逐者汇成两支队伍。纪宁先捡拾十九件西斯族兵器，逼近第一支队伍的灭初级堡垒（暗红色九尖角堡垒，周围三十六根石柱插兵器，百亿里范围镇压时空）。纪宁观察半月判断堡垒为大范围群攻、三十六石柱同时攻击使其躲无可躲。纪宁双手各拔一柄北虹剑，施风之剑道、雷电剑道，身后现雷电羽翼、风之羽翼，速度达极致。,灭初级堡垒及三十六石柱威胁展开，纪宁施展风雷双剑道应对。
护道楼,风雷,战斗描写、悟道,修炼、战斗、爽点,纪宁风雷羽翼配合精妙，在三十六石柱攻击及半透明光线网中穿梭闪避，速度越来越快。堡垒内三名帝君持西斯族兵器出堡干扰，却受半透明光线误伤。纪宁逼近堡垒两亿里，堡垒内主宰帝君崩溃欲逃，纪宁消耗一丝法力施遁术穿透堡垒外壁入内，一剑斩杀两名帝君，喝令投降。主宰帝君放下宝物就擒（两名真西斯族余为后裔）。纪宁收堡垒、三十六石柱，参悟风之剑道、雷电剑道可融合成风雷剑道。,纪宁破灭初级堡垒擒拿主宰帝君，悟风雷剑道融合之机。
护道楼,绝境,转折高潮、氛围营造,设定、高潮,纪宁盘膝修行大半个混沌纪悟成风雷剑道（风雷天生契合易融合）。纪宁持剑闯宫殿群灭初级阵法，冲入即被困独立时空（自成时空，剑道本源领域仅幅散百万里）。外界偷袭出现：黑色星光、晶莹手指等，纪宁被迫反复施展风雷身法避让。纪宁明白对方打算：困其于狭小时空，以强大兵器一次次偷袭，迫其反复消耗神力法力，真灵溃散加速。纪宁找不到破解之法，死亡危机突至。,纪宁被困独立时空遭反复偷袭，被迫消耗力量陷入绝境。
护道楼,挣扎,转折高潮、战斗描写,战斗、高潮,纪宁躲入宝塔西斯族兵器内，令青魔法身灌法力防御。外界两处同时攻击破塔表禁制，纪宁又取出星辰宝物、域界飞舟层层抵御（均被速毁）。纪宁被迫取出灭初级堡垒（本欲留三界，最强大西斯族兵器），令青魔法身维持防御，又放出丹尊者、毁灭神庭之主、缇雅、炎左帮忙操控堡垒虚空攻击。堡垒九尖角射半透明光线攻击独立时空，无法破开。纪宁仔细观察每次攻击下时空震荡破绽。,纪宁层层抵御西斯族攻击，动用灭初级堡垒，观察时空破绽。
护道楼,剩余的寿命,转折高潮、人物心理,情感、高潮,尊主赐八件黑暗侵蚀兵器及堡垒禁制图，被放逐者攻堡垒二十一处关键节点。长矛虚影破禁制侵蚀堡垒表面凹坑。近半个时辰后堡垒崩溃。纪宁抛却杂念求生，三头六臂持六柄北虹剑全力十八空间剑道攻击关键处，破开独立时空。纪宁遁入宫殿斩杀真西斯族、囚禁后裔、收宫殿群。纪宁自嘲寿命只剩六百混沌纪（全力出剑百次即身死），因道君真灵如裂堤坝，动用越多裂缝越多溃散越快。狱界已无其他生灵。,纪宁全力十八剑破阵求生，寿命锐减至六百混沌纪。
护道楼,没有选择（本卷终章）,伏笔埋设、悬念设置,伏笔,纪宁翻看被擒血袍帝君记忆（中幻术），发现西斯族曾传后裔九种特殊修行法门（第九种可神力法力合一至生死道君阶段失败），推测为西斯族最高存在尝试创符合本混沌宇宙的完美修行法门，生出寻找以续命的渴望。后裔立本命誓言不外传，强行翻看则魂飞魄散。外界纪宁第二元神问鸿然、貘谷至尊，确认上古战争已知此事但无法获取。圣界祖殿内波万月尊主（波万月）向主宰帝君动员：自上古战争结束来此已久，不舍这片空间但没选择，必须杀纪宁，即便牺牲整个空间也值得。全卷以纪宁即将闯圣界收束。,九种特殊法门伏笔埋设，波万月尊主圣界动员决一死战，全卷收官。
木尺五篇,厉鹫牙,人物引入、设定展开,人物、设定,西斯族尊主波万月（深蓝长袍青年）召集隐藏空间内全部主宰帝君，告知白衣道君纪宁对整个西斯族极为重要，必须尽早铲除并吞噬其真灵，违令者全部处死。波万月任命崇碧楚（真正西斯族，道心圆满，实力仅次于尊主）掌控冰国祖殿，任命厉鹫牙（西斯族后裔领袖，天赋极高有望成至尊，因父亲战死心生心魔道心无法圆满，六条道达主宰境）掌控其父留下的火国祖殿。厉鹫牙回忆父亲在上古战争中被波林至尊所杀，内心对西斯族与修行者文明的归属充满矛盾，独自进入火国祖殿接管。,波万月尊主部署三座祖殿决战，厉鹫牙、崇碧楚两位关键人物登场并分别掌控火国、冰国祖殿。
木尺五篇,幻之剑道,悟道、设定展开,修炼、设定、爽点,"波万月尊主与厉鹫牙、崇碧楚商议，制定毕其功于一役计划——三座护道楼全部远距离手段在圣山脚下一次性围杀纪宁，七成主宰帝君参战，三成分别归三座护道楼最后拼杀。纪宁在狱界闭关修行幻术，因永恒终极剑道高屋建瓴，幻术八万余年即达主宰境界，融入永恒终极剑道后练成""幻之剑道""，幻境几近化真（幻内生灵有独立思维简单感情），真灵溃散亦减慢。纪宁耗费一百八十五个混沌纪练成幻之剑道，剩余寿命约六百多混沌纪。西斯族在圣界苦等半个多混沌纪心焦不已。",纪宁耗时一百八十五个混沌纪练成幻之剑道，幻境几近化真，成为本卷演戏擒敌的核心杀招；波万月制定毕其功于一役的围杀计划。
木尺五篇,圣界内独行,环境铺陈、情节推进,设定,纪宁通过界门进入圣界，空间通道内无偷袭，西斯族已在圣界等候多时。纪宁与波万月尊主隔空对话，纪宁提出若放其离开对大家都好，遭拒；纪宁凭风之剑道感应到三座尊主级护道楼及整个隐藏空间的控制中枢在最后一座护道楼（波万月掌控）。纪宁在圣界悠闲游览十五天，寻找九大特殊法门痕迹无果。圣山周围处处危险，纪宁飞近时触发千亿里独立空间大阵，遭遇一百零五头异宇宙之主级邪魔生命、大量傀儡生命及九名逆天道君围攻。,纪宁进入圣界与波万月隔空对峙，感应到控制中枢所在，圣山脚下第一场大战正式触发。
木尺五篇,成功的围杀,战斗描写、矛盾爆发,冲突、战斗,"九名道君分散在千亿里空间四面八方架设九尊金色堡垒宝物（护道楼远距离攻击宝物，威能逼近至尊级），纪宁以剑道本源领域逐一擒拿道君收宝物。剩余八尊堡垒射出毁灭光芒，纪宁以风雷身法躲避。两批共上百名主宰帝君出现，操纵""火国星辰锁链""""冰国星辰锁链""（小型星辰阵法，冰火交汇达至尊级威能）锁定围攻纪宁。纪宁伪装手忙脚乱竭力抵挡，施展水之剑道卸力，真灵溃散似加快，诱使西斯族一方认为消耗战术奏效。又一批三十五名主宰帝君出现布黑暗阵法。",西斯族以九尊堡垒、上百名主宰帝君操纵星辰锁链阵（冰火交汇至尊级）围攻纪宁，纪宁伪装不敌诱敌深入。
木尺五篇,耗死他！,矛盾展现、人物心理,冲突、情感,"波万月尊主在祖殿内观战，见纪宁施展剑术超两百次仍未死，从兴奋渐转心慌不安。西斯族不断增兵，血煞迷阵、十八尊死神侍者、最后两千余名主宰帝君（混淆视线）全部投入。纪宁或杀或抓主宰帝君超八百位，阵法只剩一座，波万月尊主焦急期待纪宁随时身死。然而剩余主宰帝君法身突然脸色大变，报告""被反困住了""，波万月尊主愣住。西斯族原以为消耗战术奏效，实则纪宁凭借幻之剑道演戏欺骗全场。",波万月尊主以为消耗战术即将成功，局势却突然逆转——西斯族主宰帝君们反被纪宁困住。
木尺五篇,演戏,转折高潮、设定揭示,揭示、设定、高潮,揭示纪宁自困入空间起一切拼杀、疯狂、真灵溃散加速均为幻之剑道伪装。纪宁真身与幻象位置相差六亿多里，十亿里领域尽成幻域，主宰帝君们看不出丝毫破绽。纪宁让青魔法身、丹尊者、毁灭神庭之主、缇雅主宰、炎左主宰操控收缴的阵法（黑暗大阵）反困住两千余名主宰帝君，随后以剑道本源领域逐一收入洞天法宝。共擒获两千八百余名主宰帝君。纪宁开始逐一查看记忆寻找九大特殊法门，真正西斯族无一自杀（了解战争真相），西斯族后裔近一成有自杀袭击准备。波万月尊主沉默面对第一场大战失败。,纪宁幻之剑道演戏真相揭示，两千八百余名主宰帝君被一网打尽擒获，第一场大战以西斯族惨败收场。
木尺五篇,怜悯,人物心理、情感展现,情感,"波万月尊主撤去独立空间阵法，纪宁在圣山脚下现身（伪装真灵溃散极快）。波万月尊主首次怀疑纪宁真灵溃散可能是幻术伪装，提醒厉鹫牙、崇碧楚警惕。纪宁盘膝修行（实为查看主宰记忆），耗时十年逐一翻看。一名西斯族后裔帝君被召出时自爆袭击（威能达炽阳域主级），纪宁以星辰宝物挡住。另一名女子帝君""仁虚帝君""（原名仁虚仙子，凡俗医者出身，热爱生命与家乡）被召出亦欲自爆，纪宁以幻之剑道瞬间制服。纪宁以生命起誓不毁六座凡俗世界，告知后裔们其实是混沌土生土长生命、与真正西斯族本质不同。仁虚帝君有所感悟。",纪宁查看主宰记忆时遭遇后裔自杀袭击，以本命誓言安抚仁虚帝君，揭示西斯族后裔与真正西斯族的本质区别。
木尺五篇,鱼死网破,设定揭示、人物心理,情感、揭示、设定,纪宁向仁虚帝君详解真正西斯族被混沌排斥无法动用道的威能，而后裔们是混沌内一份子，与真正西斯族是截然不同的生命，这场战争中后裔们处境尴尬。纪宁用十年查遍两千八百余名主宰帝君记忆，九大特殊法门因人人立下本命誓言无法获得。纪宁从记忆中得知波万月尊主与西斯族老巢核心有联系，担忧西斯族大军能否悄然出来。纪宁起身飞向最后护道楼，波万月尊主命厉鹫牙先上、崇碧楚后上。厉鹫牙的火国祖殿脱离地基大阵，主动飞来迎战——护道楼脱离地基后无法汲取能量、威力大减，是鱼死网破的搏命之举。,纪宁查遍记忆未获九大法门；火国祖殿脱离地基主动迎战，厉鹫牙率后裔主宰帝君拼死一搏。
木尺五篇,决战厉鹫牙,战斗描写、人物心理,情感、战斗,火国祖殿脱离地基后威能大减且无法持久，约四百名后裔主宰帝君随厉鹫牙参战。厉鹫牙心情复杂，对北冥道君无多少怨恨，明白真相却无奈为同伴而战。厉鹫牙部署三座大灭绝阵法（需一百九十二名主宰帝君）及六队攻击阵法。纪宁真身与幻象相差六亿多里，火国祖殿大范围攻击（空间涟漪、扇形刀光、金色火焰）笼罩整个剑道本源领域，纪宁以空间剑道抵挡。厉鹫牙连续大范围攻击十五次以上，波万月尊主与崇碧楚观战，波万月冷漠对待厉鹫牙生死，仅在乎自己功劳。,厉鹫牙率火国祖殿拼死迎战纪宁，大范围攻击消耗纪宁力量，波万月尊主冷漠观战仅在乎自身功劳。
木尺五篇,消耗殆尽,战斗描写、转折高潮,战斗、高潮,火国祖殿持续攻击，大范围攻击笼罩领域、个体攻击更凝聚近乎至尊级。纪宁躲在一颗十余丈星光堡垒内（青魔法身操控，擅长防御，与青阳星同级），悠闲品酒，个体攻击打在幻象上伤不了本尊，大范围攻击被堡垒轻松抵挡。纪宁策略是拖延时间，边逃边等火国祖殿威能耗尽，同时拉开与另两座祖殿距离以便查看记忆。厉鹫牙发现纪宁可能是伪装（火国祖殿威能消耗大半仍未死），波万月尊主确认纪宁幻术厉害，命崇碧楚准备接战，叹息厉鹫牙天资极高有望成至尊却道心有缺陷，恐怕此战必死。,纪宁以堡垒防御悠闲拖延，火国祖殿威能即将耗尽，厉鹫牙判断纪宁是伪装，波万月确认厉鹫牙必败。
木尺五篇,惊喜,转折高潮、伏笔埋设,伏笔、高潮,火国祖殿威能耗尽，数百道流光（后裔主宰帝君）带着绝望疯狂飞出拼死，厉鹫牙释放两头囚禁的奇异生命（大鱼形、蛐蟮形）陷入疯魔攻击一切，随后厉鹫牙本人也化流光杀向纪宁。纪宁以幻之剑道将所有出击的主宰帝君包括厉鹫牙一网打尽擒获。两头奇异生命转而攻击剩余两座祖殿，蛐蟮形被近百次攻击毁生命核心毙命，大鱼形临死恢复清醒钻入大地逃走。纪宁仗幻术躲起，立即将厉鹫牙召出引入幻境查看记忆。厉鹫牙地位特殊，纪宁抱有找到九大法门的希望。查看中纪宁眼睛越来越亮，激动身体发颤，发现了《木尺五篇》。,火国祖殿威能耗尽全员出击被擒，纪宁从厉鹫牙记忆中意外发现《木尺五篇》，本卷标题法门正式登场。
木尺五篇,《木尺五篇》,设定展开、伏笔埋设,伏笔、设定,揭示《木尺五篇》来历。厉鹫牙父亲（西斯族尊主）随大军侵入这一混沌宇宙后生下厉鹫牙，西斯族不传终极之道给后裔（担心后裔成至尊掌控混沌宇宙后失控）。厉鹫牙天赋极高，合道成主宰后又接连五条道达主宰境。上古战争中厉鹫牙法身随父亲征战，从波林至尊的喝斥中触摸到真相——后裔们是混沌土生土长生命，西斯族才是敌人。父亲临死前毁掉厉鹫牙法身，告知真相并让他有机会逃到修行者文明。父亲被波林至尊灭绝。厉鹫牙由此心生心魔，道心无法圆满，修行再无进步。后裔们被当棋子炮灰，父亲也被逼参战，厉鹫牙对西斯族生出怨恨，决定创造法门送给修行者文明报复西斯族。他借鉴九大特殊法门（能体会这一混沌宇宙的道），创出《凡俗篇》《神魔篇》《世界篇》《道君篇》《不灭篇》，因父亲喜欢的木尺状法宝而得名《木尺五篇》。,《木尺五篇》完整来历揭示——厉鹫牙为报复西斯族、借鉴九大特殊法门自创的五篇修行法门，是其对父亲感情的寄托。
木尺五篇,不灭,设定展开、转折高潮,设定、高潮,"详细揭示《木尺五篇》各篇境界对应及完成度：《凡俗篇》（天仙天神以下）、《神魔篇》（天神天仙至祖神祖仙）、《世界篇》（世界境）三篇完善；《道君篇》仅一步、二步道君完善，三步四步未成；《不灭篇》（让合道失败道君真灵溃散后恢复再合道）亦未完成。厉鹫牙在洞天法宝内以生灵试验，收徒令其合道失败后试验不灭篇，皆失败。然《木尺五篇》已比九大特殊法门更好（因厉鹫牙能体会混沌宇宙的道）。纪宁查看《不灭篇》时灵光闪烁，与启至尊九大混沌禁制奥妙相通，看到创出""真灵不灭""法门的希望——若成功，真灵恢复后即可再次合道踏入永恒帝君境。纪宁唤醒厉鹫牙，厉鹫牙坦言恨西斯族，望修行者文明借此创出完美法门，请求纪宁获胜后带走后裔们远离战争。",《木尺五篇》各篇完成度揭示，《不灭篇》给纪宁带来真灵不灭的一线生机希望，厉鹫牙获释并托付后裔。
木尺五篇,战前,情节推进、设定揭示,揭示、设定,纪宁继续查看所有被擒主宰帝君记忆寻找西斯族隐秘。冰国祖殿崇碧楚率近四百名真正西斯族脱离地基迎战，纪宁以幻之剑道轻松应对（大范围攻击分散威能打不到真身）。波万月尊主在最后祖殿内冷眼观战，只在乎功劳，认为杀纪宁比杀至尊功劳更大（因永恒终极之道道君可能成终极至尊即新混沌宇宙掌控者）。纪宁擒获崇碧楚后查看记忆，因崇碧楚道心圆满无法以幻境直接控制，耗费一丝力量施展秘术。从崇碧楚记忆中获得突破至尊的诸多法门（启至尊、鸿然至尊未搜集到的）及西斯族混沌宇宙强者信息（心力、剑道、时空、空间、金行、五行等各类至尊）。纪宁触动，确认剩余岁月太短无法终极之道成至尊，最紧要仍是创真灵不灭法门。,冰国祖殿崇碧楚迎战被擒，纪宁从其记忆中获得突破至尊法门及西斯族混沌宇宙强者信息，为意外收获。
木尺五篇,僵持,人物心理、设定展开,情感、设定,纪宁用二十六天仔细拆卸冰国祖殿（知彼过程），发现囚禁的一头沉睡奇异生命扔远。纪宁惊叹尊主级护道楼对时空的利用达到匪夷所思地步，推断波万月护道楼同样以时空迷宫最为危险。纪宁飞近波万月护道楼，却盘膝坐下饮酒而非闯入，与波万月对峙。波万月尊主冷静拒绝外出迎战（超九成必死，且纪宁空间剑道易囚禁他），要么纪宁进来拼死，要么波万月看着纪宁死。纪宁探查护道楼外壁感应内部时空迷宫，确认仅凭空间剑道进去生死难料，需时空剑道才有把握，然时间剑道比空间剑道更难，需过万混沌纪。,纪宁拆卸冰国祖殿知彼，与波万月护道楼形成僵持对峙，确认需时空剑道才有把握闯入但时间不足。
木尺五篇,杀进祖殿内,情节推进、战斗描写,战斗,纪宁在圣山修行时空剑道二十六个混沌纪未成（离成还差很远，需上万混沌纪），本尊剩余寿命不足六百混沌纪，决意冒险闯入。纪宁施展遁术穿过护道楼外壁进入内部。波万月尊主狂喜，令所有主宰帝君守住各处攻击纪宁，自己前往核心阵盘处掌控全局。护道楼内部是时空迷宫——无数球型时空相连，每一座时空都是攻击大阵。纪宁进入第一座暗红火焰时空，以大地剑道抵抗腐蚀火焰，施展空间剑道破开时空。波万月尊主在核心阵盘处透过无数球体虚影监视纪宁，嘲笑纪宁还在最角落离核心很远。纪宁循冥冥中感应（混沌宇宙本源影响）走最近的路，每个时空少则三五剑多则七八剑，急剧消耗寿命。,纪宁修行时空剑道未成决意冒险闯入波万月护道楼，陷入时空迷宫急剧消耗寿命，波万月在核心掌控全局。
木尺五篇,时空迷宫中的顿悟,悟道、转折高潮,修炼、高潮、爽点,纪宁在时空迷宫中焦急，已施展超五十剑，真灵溃散加速，担心随时大崩溃。在一座雨水世界破开后，纪宁回头看到时空愈合的灵性，想到父亲教的《滴水经》和母亲相关的滴水剑意，灵光亮起。波万月尊主发现纪宁停留在虚空缝隙，下令攻击。纪宁在顿悟中保持一丝理性，维持百倍加速、水之剑道防御，继续参悟。施展十八次剑术后，纪宁顿悟时空剑道——时空有着生命的灵性。纪宁进入一座雷电时空，以时空剑道一眼看穿雷电大阵与时空结合奥妙，剑道本源领域侵入时空断绝阵法能量源泉，时空不再攻击。波万月尊主震惊愤怒。纪宁仔细剖析时空后，波万月尊主急令毁灭纪宁所在时空，纪宁笑迎，两个呼吸内破灭周围五座时空，剑道本源领域扩张更大。,纪宁在时空迷宫生死逼迫下顿悟时空剑道，时空迷宫在其面前如泡沫般破灭，波万月尊主局势急转直下。
木尺五篇,伊耶尔,人物引入、转折高潮,人物、高潮,"波万月尊主完全愣住，明白时空迷宫已无威胁，纪宁离核心还有近千个时空。波万月下令所有主宰帝君一起攻击纪宁，纪宁一边破解时空一边以水之剑道防御。一名叫""无涯""的主宰（后裔）为求纪宁放过家乡，违誓不攻击，真灵碎裂身躯崩解自尽，引发其他后裔攻击减缓。纪宁继续破解时空（一个呼吸一轮），剑道本源领域扩张笼罩主宰帝君活捉收入洞天。后裔们大多平静被捕，真正西斯族则狰狞疯狂。波万月尊主愈加厌恶。波万月飞到核心处一个半透明小阵盘旁，操纵护道楼威能联系远方，蒙蒙光柱中显现一位赤脚秃顶灰袍高大男子——伊耶尔，西斯族混沌宇宙掌控者，修行者文明不知其存在的最高领袖。波万月恭敬禀报纪宁已破解时空迷宫即将抵达核心。",西斯族最高领袖伊耶尔首次登场（修行者文明不知其存在），波万月尊主绝望之下联系伊耶尔求援，无涯主宰为家乡违誓自尽。
木尺五篇,降临,转折高潮、悬念设置,伏笔、高潮,"伊耶尔决定派遣一位""灭初级""仆从过来，严令不能暴露自身存在（隐藏的杀招才叫杀招）。波万月尊主充满期待。纪宁在时空迷宫中疯狂扩张破解，剑道本源领域达过亿里。波万月尊主自知必败，宣布不奉陪要逃，释放最后礼物——整个隐藏空间镇压的最可怕奇异生命。波万月通过伊耶尔开辟的空间通道逃离，一株大树生命（无数枝条树叶、树干有巨眼）从空间通道飞出坐镇核心，开始掌控。大树生命枝条迅速蔓延出护道楼，十个呼吸内将整个圣界完全包裹。大树生命向纪宁发起攻击，无数黑色枝条冲进剑道本源领域。纪宁以幻之剑道隐藏真身，斩断十二根枝条（枝条较脆弱但数量太多斩杀不光），枝条确定纪宁真身后疯狂抽打绞杀，威力媲美之前遇到的奇异生命。这头灭初级生物攻击力稍弱但难缠程度更高，专为耗死纪宁而派出。",伊耶尔派出灭初级大树生命仆从，波万月逃离隐藏空间，大树生命包围整个圣界向纪宁发起疯狂攻击。
木尺五篇,至尊到来,战斗描写、转折高潮,战斗、高潮,外界混沌虚空中，黑色道袍纪宁（第二元神）与鸿然至尊法身、貘谷至尊法身感应到波万月离去和大树生命抵达时的空间波动。貘谷至尊（万道空间本源）从细微波动中十五个呼吸内锁定隐藏空间位置，显现六臂持六柄薄刀，以空间之刃一个呼吸破开坚韧空间膜壁。鸿然至尊将黑色道袍纪宁收入洞天法宝，与貘谷至尊杀入隐藏空间。貘谷至尊以空间切割疯狂摧毁枝条，鸿然至尊以黑色手套因果攻击（直接攻击生命本质）令枝条枯萎，杀伤力远在貘谷至尊之上。大树生命力强大（一般奇异生命撑不住鸿然至尊三掌），因主人的命令愈加疯狂攻击纪宁。护道楼内纪宁以时空剑道微型时空防御苦苦支撑，真灵溃散极快，焦急期盼至尊赶到。终于雪白刀光一闪切断攻击纪宁的枝条，鸿然至尊两掌令周围枝条枯萎，纪宁精神放松坐在时空膜壁上。鸿然至尊、貘谷至尊见纪宁真灵已摇摇欲坠随时崩解。纪宁嘱托不要杀主宰帝君（很多后裔可怜），并请两位至尊不要告诉丹尊者本尊已死的真相。,貘谷至尊锁定并破开隐藏空间，与鸿然至尊杀入斩杀大树生命救下纪宁，然纪宁本尊真灵已至崩解极限。
木尺五篇,没事就好（本卷终章）,转折高潮、情感展现,情感、高潮,"鸿然至尊、貘谷至尊默然。纪宁嘱托不要告诉丹尊者本尊死讯（免得她们亏欠），忽然真灵完全大崩塌，无数真灵碎片以纪宁为中心飞散（量是之前流逝的千倍万倍，肉眼可见），神力法力完全崩解，纪宁化作无数光点回归混沌宇宙本源，只留法宝兵器。黑色道袍纪宁（第二元神）从鸿然至尊洞天内出现，一招手收回北虹剑等法宝，黑色道袍化为白衣背负北虹剑，宣告""从现在开始，没有什么本尊、第二元神之分了""——只剩这一条性命。纪宁释放剑道本源领域破灭残余时空，貘谷至尊助阵两个呼吸灭绝一切时空，所有主宰帝君显现被收入洞天。丹尊者等出现，纪宁以幻之剑道伪装真灵溃散似更快（隐藏第二元神溃散极慢的破绽），丹尊者见纪宁""没事就好""满心欢喜。纪宁请貘谷至尊送丹尊者等离开西斯族族地，丹尊者感谢纪宁（三位兄长已复活，自己也能活着回去），进入空间通道离去。鸿然至尊、貘谷至尊暗叹丹尊者永远不知纪宁本尊已死。第四十二卷《木尺五篇》完整落幕。","纪宁本尊真灵完全溃散身死道消，第二元神接替成为唯一存活的纪宁，丹尊者等安全离开始终不知真相，全卷以""没事就好""的温情与身死的悲壮交织收束。"
最终生死,封锁？,设定展开、悬念设置,伏笔、设定,"西斯族族地核心深处，伊耶尔（赤脚灰袍秃顶温和男子）在大草原上训斥波万月尊主立功心切、未及时禀告致护道楼险被攻克，仅能扔出一个仆从应对；伊耶尔担心修行者文明会发现""族地核心并未真正被封锁""这一核心秘密，因送仆从时撕裂空间通道产生的空间波动被鸿然至尊、貘谷至尊法身循迹斩杀。波万月称一切做得毫无破绽，伊耶尔认为时间太短露出一丝破绽，但修行者文明应发现不了；因这一混沌宇宙诞生了掌握永恒终极之道的道君，战争必须提前。另一边，貘谷至尊带纪宁、鸿然至尊进入隐藏空间查看被破坏的护道楼，鸿然至尊觉此次对付的奇异生命颇为难缠，怀疑西斯族还有隐藏秘密，但貘谷至尊认为封锁可靠。",伊耶尔训斥波万月致封锁破绽，西斯族族地核心未被真正封锁的核心秘密及战争将提前的悬念首次铺设。
最终生死,破绽,转折高潮、悬念设置,伏笔、高潮,纪宁向鸿然至尊、貘谷至尊指出关键破绽：大树生命充满理智且克制纪宁真灵溃散之体，波万月若有此杀招早应使用，不必损失两座护道楼、数千主宰帝君后才放出，也不必宁可看着纪宁在外真灵溃散自然死去而不派大树生命。纪宁推断大树生命之前根本不在这一空间，是波万月求救后才被从西斯族老巢核心送来。鸿然、貘谷确认大树生命极可能来自西斯族老巢核心，封锁可能已失效，必须做好准备。随后纪宁安排三千余名西斯族后裔迁移，将他们带至偏僻黑暗之地，由厉鹫牙炼化一座异宇宙安置，承诺击败西斯族后混沌宇宙恢复平静。纪宁婉拒貘谷相送，独自乘域界飞舟归乡，一路游览参悟。,纪宁以大树生命的使用时机推理出西斯族老巢核心封锁已失效的关键破绽，并安置西斯族后裔于异宇宙。
最终生死,见帝石至尊,人物引入、设定展开,人物、设定,"归途中纪宁在域界飞舟内参悟真灵不灭，感受自身真灵处处溃散的过程，参悟""如何逆转溃散""。途经一座星辰大地雪山，青魔法身在山巅收第七个徒弟后，纪宁与之出发。归途耗费近半个混沌纪，对真灵不灭有不少感悟却愈加觉得艰难，确认逆转真灵溃散只能靠残余真灵碎片主动修复。抵达炎龙域界后，帝石至尊（绝美男子）凭因果感应等候，告知纪宁：《木尺五篇》之《不灭篇》至尊们无法帮忙创造（因至尊真灵从未溃散，无法真正体会感受）；西斯族那位混沌宇宙掌控者境界高得多，成功创造真灵不灭也正常。帝石至尊还查出六名西斯族探子（一主宰五帝君）渗透芒涯国、天苍宫，欲借纪宁留下的心灯等物判断其生死。",帝石至尊告知至尊们无法帮助创造真灵不灭法门，并查获六名西斯族探子渗透探查纪宁生死。
最终生死,破解永恒之心,设定展开、伏笔深化,伏笔、设定,纪宁从帝石至尊处得知西斯族不愿在自己活着时开战（恐其在生死间突破掌握至尊级终极之道），决定毁掉一切能感应自己生死的宝物并伪造假的，让西斯族认为自己一直活着；芒涯主宰、天一帝君协助，时间流速减慢使外界百万混沌纪纪宁仅度过一万混沌纪。纪宁回三界闭关于青花洞府，借至尊石台参悟真灵不灭，偶尔破解启至尊留下的永恒之心。闭关第一千六百多混沌纪时破解永恒之心第九十九层禁制，启至尊影像现身留言：告知完善后的九重混沌禁制（世界境、道君、帝君皆可修），以及对第十重混沌禁制的两个方向感悟（无极不灭、虚空不灭），希望纪宁创出第十重解决修行者文明浩劫。纪宁随后完全沉浸钻研，时间无情流逝。,纪宁破解永恒之心获启至尊留言，得完善九重混沌禁制及第十重两个方向（无极不灭、虚空不灭）感悟，为真灵不灭创出埋下关键基础。
最终生死,出关,人物引入、情节推进,人物,闭关一万五千混沌纪后纪宁出关，真灵不灭感悟已达极高境界，远超启至尊，但寿命仅剩一千混沌纪。纪宁决定出关了结俗事后闭死关。回翼蛇湖明心岛，见父母纪一川、尉迟雪，女儿纪明月（四步道君，与八弟子石泽结为道侣），及纪家血脉万年来最聪慧的妖孽天才纪玉辰（终极剑道二步道君）。纪明月告知二弟子青竹杨屈定已合道成主宰，并得毁灭至尊（厄孔至尊）赐一座异宇宙，成为异宇宙之主。纪宁循因果确认，惊叹青竹道心圆满（成至尊必要条件）。,纪宁出关见家人，纪玉辰（纪家妖孽天才，终极剑道二步道君）登场，二弟子青竹合道成主宰并获毁灭至尊赐异宇宙。
最终生死,那些好友们（上）,人物引入、情感展现,人物、情感,"纪宁向纪明月逐一了解八位弟子近况：大弟子青崖小雨（世界境，逍遥自在）、二弟子青竹杨屈定（已成主宰）、三弟子风霄（炎龙域界道君排名第一，偏激执拗，因女仙杀上帝君，麻烦最多）、四弟子（未出世）、五弟子六弟子无涯侍画（神仙眷侣）、七弟子胡杏大仙（跳脱怪异，去向不明）、八弟子石泽（最踏实，与纪明月在一起）。纪宁带纪玉辰离三界漂泊，先见好友九尘教主（水行一道境界颇高，准备一万至三五万混沌纪后合道，纪宁曾赠香宝灵果及法门），二人感慨各自面临的劫（九尘合道之劫，纪宁真灵溃散之劫）。随后纪宁于一座混沌世界酒楼见三弟子风霄（脏兮兮散乱，半年前用筷子击杀城主），师徒饮酒，纪宁嘱咐""修行路一切源自本心，坚持本心即可""，感慨这可能是最后一次见面。",纪宁逐一了解八位弟子近况，见好友九尘、三弟子风霄，了结俗事为闭死关做准备。
最终生死,那些好友们（下）,人物引入、伏笔埋设,人物、伏笔,"纪宁指点纪玉辰，指出其天赋极高但道心磨练欠缺（因纪氏资源栽培受挫折太少），传授自创的《道心幻剑术》并嘱咐""问道得问自己，道心圆满最终求己""。纪宁凭因果窥见庆桓道君已战死于一处秘境。陪天火芒涯吃喝两天后分开。纪宁至风一道君的万劫空间（以数万混沌星辰为根基，幻术筛选凡俗生灵历练修行），观看上千年，挑中一名叫秦安的凡俗宅男青年（天生修行者，在万劫空间中潇洒充满斗志），收为九弟子，也是最后一个亲传弟子。风一赞叹秦安走运。纪宁收徒九人已满，准备回三界闭死关。",纪宁传纪玉辰《道心幻剑术》，从万劫空间收九弟子秦安，收徒九人已满，准备闭死关。
最终生死,闭死关,情感展现、氛围营造,情感、设定,"纪宁带九弟子秦安返回三界途中，于大莫域以手指点眉心灌入大量讯息及三道剑意（大多封印），将秦安扔进大莫域一座普通混沌世界自行闯荡磨砺。回三界后见北山百微、木子朔、殿才仙人等老友，又见九莲（纪宁初恋情子，已创建全单身女修门派，后看开心魔散去，实力大增至生死道君境界），九莲为纪宁种茶树采茶，二人相对而坐品茶，纪宁感慨九莲道心已极高。明心岛设家宴（父母、纪明月、白叔、秋叶、尤姬、丹宝、青魔，唤醒沉睡的禽火神），纪宁嘱托禽火神再停留炎龙域界数十万混沌纪后自由。纪宁看苏尤姬一眼点头（彼此明白心意但无情爱），传音嘱托菩提、女娲""若闭死关失败三界就靠你们""，随即进入青花洞府，吩咐""关门""，巍峨府门轰隆关闭。",纪宁安置九弟子秦安于大莫域，见九莲等故人，设家宴嘱托一切后进入青花洞府闭死关。
最终生死,唯一的路——虚空不灭,悟道、设定展开,修炼、设定、爽点,纪宁透过至尊信符告知六位至尊将闭死关，六位至尊伤感祝福（因希望渺茫）。纪宁放下北虹剑，于至尊石台盘膝坐下，心无旁骛。纪宁分析两条路：虚空不灭（以自我意志为核心，虚空生念，意识力量超越混沌宇宙本源汲取力量）与混沌不灭（意志寄托混沌宇宙本源，让其停止本能汲取）。混沌不灭已有效果但违背混沌宇宙运行、希望低；虚空不灭至今无实际效果但完全求己。纪宁一咬牙选择虚空不灭路，孤注一掷投入法门创造，一次次推演尝试失败，时间流逝转眼一千混沌纪，寿命所剩越来越少。,"纪宁闭死关选择""虚空不灭""路（完全求己，意识强到虚空生念），孤注一掷投入真灵不灭法门创造。"
最终生死,最后的一搏,转折高潮、悟道,修炼、高潮、爽点,"最后一时辰纪宁品酒放松，与六个北虹剑灵告别（嘱咐它们若自己失败便另寻主人，剑灵们哭泣不愿）。纪宁于至尊石台进行最后一次尝试，残存真灵完全崩塌，化作无数光点朝四面八方飞去。洞府之灵、剑灵悲痛。外界貘谷等六位至尊感应到纪宁至尊信符失去主人；三界菩提道观内心灯熄灭，菩提、女娲悲痛。然而心灯陡然重新点燃——纪宁真灵完全崩塌后，于空空冥冥中明悟真正的虚空，意识寄托虚空，《虚空不灭》法门蜕变，微弱意识影响无数真灵碎片按新法门运转，意识飙升。""虚空！不灭！""一声意志显现，无数光点停下，无形力量连接光点形成整体。""合！""光点汇聚成人形光影，纪宁重现，咧嘴而笑。菩提、女娲惊喜传音确认心灯复燃。",纪宁真灵完全崩塌后于虚空中悟道成功，创出虚空不灭法门逆转真灵溃散恢复完好，心灯熄而复燃。
最终生死,北冥帝君,转折高潮、设定展开,设定、高潮,"纪宁与剑灵、洞府之灵喝酒，感慨""活着可真好""，内心激动——最大一劫熬过来了。纪宁得知创出真灵不灭后可一次次尝试合道，而自己合道轻而易举就能成功跨入帝君。鸿然至尊透过至尊信符询问，纪宁确认成功；六位至尊激动祝福，讨论纪宁称呼（厄孔建议""北冥至尊""，帝石认为应留待真至尊时，厄孔调侃若小辈后来居上掌控混沌宇宙大家不服气）。纪宁决定暂不暴露身份以给西斯族关键一击。随即纪宁轻松合道，道树绽放永恒终极剑道永恒之花，混沌宇宙本源威能降临，法力蜕变为帝君法力（精纯远超寻常主宰法力，与至尊法力相当），神念永恒不灭，一念笼罩整个炎龙域界。",纪宁确认真灵不灭创出，六位至尊祝福，纪宁轻松合道成功跨入帝君，法力神念蜕变，决定暂不暴露身份。
最终生死,相聚,情节推进、设定展开,设定,纪宁神念笼罩炎龙域界，确认无西斯族探子（帝石至尊抓探子震住了西斯族，伊耶尔放弃探查转而另作安排）。传音告知菩提、女娲自己创出真灵不灭、合道成功跨入帝君，二人激动。纪宁炼就金衣法身（耗费三年，赤裸少年体表凝结金衣，初约本尊五成实力，随时间孕养提升），持北月剑（六柄金色神剑，用材优于北虹剑，威力接近）。纪宁收起整个青花洞府（至尊石台为核心），以幻之剑道抹除被囚禁主宰帝君关于纪宁的记忆后释放。金衣法身回三界，本尊赴混沌宇宙本源与六位至尊相聚于木屋。天食至尊同意维持千倍时间加速辅助纪宁修行（纪宁至尊级实力，百倍加速消耗与恢复相当，千倍需天食耗费大半法力于本源补充）。,纪宁炼就金衣法身持北月剑，收起青花洞府释放囚禁主宰，于混沌宇宙本源与六位至尊相聚，天食至尊维持千倍时间加速。
最终生死,新的力量,悟道、设定展开,修炼、设定、爽点,"纪宁于混沌宇宙本源水之本源湖泊大规模吞吸能量扩张心之世界（以永恒终极剑道构成，媲美帝石至尊）。六位至尊感慨终极之道心之世界最完美。金衣法身于三界耗费五万余年炼成北月剑，于炎龙域界旁无尽黑暗扩张心之世界（三百亿年后完成）。白衣纪宁闭关一百二十混沌纪练成第十重混沌禁制，废除旧青花法门重修完善后法门（连至尊都能修炼），十重混沌禁制凝聚成青色种子，发芽生长成完美青花，将法力心力转化为新力量——""元力""。元力远超帝君神力法力千倍，身体媲美宇宙之宝，施展永恒终极剑道实力再提升两三成。随后纪宁继续修行：三百六十多混沌纪练成光之剑道，四百三十混沌纪练成黑暗剑道，三千二百混沌纪二者融合成轮回剑道，一万一千多混沌纪练成剑阵一道，三百九十万混沌纪练成因果剑道（耗时最久）。",纪宁创出元力（超越神力法力千倍的完美力量），练成第十重混沌禁制完善青花法门，并陆续练成光之剑道、黑暗剑道、轮回剑道、剑阵一道、因果剑道等多门剑道。
最终生死,动荡之前,设定展开、伏笔埋设,伏笔、设定,纪宁闭关近六百万混沌纪后出关，天食至尊停止时间加速（外界六千混沌纪）。纪宁感慨进无可进，从帝君到至尊需机缘。纪宁将完善后的青花法门传天食至尊尝试，天食至尊神力法力成功转化为元力，实力提升两三成，身体媲美宇宙之宝。纪宁通知其他五位至尊齐聚传授，六位至尊实力均提升两三成。至尊们讨论：真灵不灭法门可让合道失败道君有第二次合道机会，主宰增多至尊也会增多，但西斯族不会让文明实力如此提升，应逼西斯族按捺不住提前发动计划。纪宁回三界过逍遥日子（书画花草），又过一千两百多混沌纪，九尘合道成功（连虚空不灭法门都没用上）。纪宁悄然去贺喜，自己还活着的消息仍是秘密。真灵不灭法门悄然传授各域界妖孽四步道君（立誓言隐秘合道）。纪宁回三界三千一百多混沌纪后，混沌宇宙平静被打破。,纪宁出关传授青花法门于六位至尊（实力提升两三成），九尘合道成功，真灵不灭法门悄然传播，三千一百多混沌纪后平静被打破。
最终生死,毁灭的源头,悬念设置、转折高潮,伏笔、高潮,鸿然至尊于洞府内研究西斯族兵器（成就最高，创出大量特殊兵器供主宰帝君战时使用），突然感知混沌宇宙本源面临可怕大毁灭危机，撕裂时空赶往威胁源头。波林至尊（颓废俊美男子）正于荒原观察一凡俗家庭孩童准备新一次完美生命创造尝试，亦感应到危机赶去。三界内纪宁与秋叶、纪明月下棋时感应到危机，金衣纪宁撕裂时空赶赴源头。七位至尊级战力齐聚（貘谷本尊坐镇西斯族族地派法身，其他五位本尊，纪宁派法身）。厄孔至尊最先赶到，纪宁第二。众人看到远处巨大银白色漩涡核心一座媲美域界大小的球型古老物体（表面无数孔洞，幽暗深沉，疯狂汲取一切能量），生出忌惮惊惧。,混沌宇宙本源警示大毁灭危机，七位至尊齐聚威胁源头，发现一座媲美域界大小、疯狂吞噬一切的球型巢穴天体。
最终生死,进去,设定展开、矛盾展现,冲突、设定,纪宁判断巢穴天体吞噬混沌宇宙力量将致本源虚弱乃至被西斯族炼化掌控。鸿然至尊研究西斯族兵器无尽岁月，判定此乃西斯族炼制的兵器，内含能量源泉（类似西斯族老巢），是西斯族蛰伏无尽岁月的杀招。至尊们商量对策：全部法身进去被牵制则战争爆发战力不足，不进去则巢穴持续吞噬。决定进两位试探。纪宁（各方面最全面）与貘谷至尊（万道空间本源，探查危险最有把握）法身进入，其他五位至尊在外守着防意外。纪宁、貘谷法身穿过银白色漩涡空间通道，降临巢穴天体冰冷表面，目光穿透时空观察这座媲美域界大小的巨大兵器。,"鸿然至尊判定巢穴天体为西斯族兵器""毁灭之巢""，纪宁与貘谷法身进入探查，其他五位至尊在外守备。"
最终生死,至尊级生命,人物引入、战斗描写,人物、战斗,纪宁、貘谷沿巢穴天体表面高速飞行查看半个时辰无所得，选一上亿里直径幽暗深渊飞入。深渊两侧悬浮一个个圆球形时空（大的上亿里，小的数万里），彼此牵引形成浩瀚力量。貘谷破掉一个时空，附近自然孕育出新时空；纪宁判断无数时空是吞噬外界力量的工具，破灭诞生无损失，须找到根本源头。纪宁凭阵法一道敏感度观察大阵运转规律，盏茶时间后带貘谷穿梭时空逼近关键处。一条巨大火红色尾巴撕裂时空扫来，纪宁北月剑硬挡被震退数步（剑道最擅攻杀却被震退）。一尊高山般红色鳞甲怪物（直立人形，利爪反关节下肢长尾，体表火焰燃烧）逼近，称等了很久。另两股狂暴力量到来：一人形全身绒毛独眼高瘦生物，一龙龟般最庞大生物。三头至尊级生命约定各杀一名修行者领袖。,三头至尊级奇异生命（高山红色鳞甲生物、独眼高瘦生物、龙龟般生物）现身毁灭之巢，约定各杀一名修行者领袖。
最终生死,初战,战斗描写、矛盾爆发,冲突、战斗,"三头至尊级生命因分配起争执，龙龟般生物提议先联手杀掉纪宁、貘谷。纪宁传音得知至尊级生命乃混沌宇宙外无尽空间霸主，""道""上弱但身体极强，之前杀至尊级生命靠围攻，一对一很难。纪宁尝试劝三头生命离开混沌宇宙，得知进来出不去（除非西斯族主动放），且三头生命与西斯族约定：各杀一名修行者领袖+保护巢穴一个混沌纪方可自由。纪宁、貘谷无力证明能破巢穴，谈判破裂。独眼高瘦生物率先化作诡异波动攻击，貘谷六臂六刀应战（被压着打但防守滴水不漏）。高山红色鳞甲生物化作火红虹光正面碾压向纪宁，纪宁血液沸腾（六百万混沌纪修行从未尽情大战过），显现三头六臂持六柄北月剑，估摸十个呼吸或盏茶时间解决对手。",谈判破裂，独眼生物攻貘谷、高山鳞甲生物攻纪宁，初战正式爆发。
最终生死,活捉,战斗描写、转折高潮,战斗、高潮,纪宁以幻之剑道布置幻象骗过高山鳞甲生物，风雷斩六剑劈脖颈仅留白痕（因果剑道伤其本源但本源太浑厚）。高山鳞甲生物释放火焰笼罩百万里逼退纪宁领域。纪宁改用轮回剑道（黑暗侵蚀+光之炽热融合），灰色剑光如风轮旋转，撕裂鳞甲出现伤口金色血液流出。高山鳞甲生物疯狂反扑并呼唤龙龟帮忙，龙龟分不清幻境中纪宁真身来不及救。纪宁退入幻境范围出手，轮回剑光一次次撕裂伤口，斩断其尾巴、手臂。高山鳞甲生物恐惧求饶认输，纪宁不信（至尊级生命无法立本命誓言）。共出手三千二百二十剑斩灭躯体，活捉红色命核晶石（内含高山鳞甲生物虚影求饶），当即封禁。纪宁目光扫过其他两尊至尊级生命，问其站在哪边。,纪宁以轮回剑道破高山红色鳞甲生物鳞甲，三千二百二十剑斩灭躯体活捉命核晶石。
最终生死,阵法,战斗描写、设定展开,战斗、设定,龙龟般生物、独眼高瘦生物震撼同伴被杀。独眼生物称纪宁碰不到它，龙龟称纪宁伤不了它。纪宁化作风雷攻龙龟般生物，龙首探出一咬威力比纪宁最强一剑还强且笼罩空间，但纪宁境界高能破解。纪宁完全压着龙龟打（狂猛、阴险、连绵、轮回斩、五行剑道叠加），却伤不了其灰白色眼皮和躯体丝毫。貘谷传音建议靠因果手段慢慢耗（上次杀石头生命围攻数万年，龙龟估计需上百万年）。纪宁决定先除独眼生物，瞬息风雷偷袭，独眼生物凭空间风感应躲开上亿里外。纪宁以元力统领道威能形成亿万剑光为阵基布置阵法（剑阵一道），幻境中独眼生物见鸟语花香大草原，龙龟见广阔海洋，彼此看不见。纪宁称至尊级生命不修道境界低，遇同层次大阵破解不了。,纪宁伤不了龙龟般生物（坚不可摧），转以剑阵一道布置阵法困住独眼高瘦生物，三头生命各被分隔。
最终生死,无常尊主,战斗描写、人物引入,人物、战斗,独眼高瘦生物疯狂攻击幻境大草原无法破阵，纪宁幽暗剑光贯穿其躯体，断其大腿。剑光从四面八方出现，三个呼吸内六十次袭击，独眼生物身体完全崩溃，纪宁挑起白色细腻命核珠封禁（内含独眼生物虚影求饶）。三头至尊级生命活捉两头。貘谷赞叹纪宁各方面擅长才能破其弱点。龙龟般生物坚不可摧无计可施，貘谷建议暂时不管它，先找巢穴核心。纪宁、貘谷离去后幻阵消失（至尊级阵法消耗大，纪宁不在无法维持）。龙龟生物暗叹修行者至尊难缠，穿梭时空赶往核心。巢穴天体内部一处百丈空间阵盘上，黑白头发男子（瞳孔如无底深渊）盘膝监察战况，向伊耶尔汇报：仅两位修行者进入，三头至尊级生命已灭两头只剩恶嗥兽。伊耶尔眉头微皱，失望仅两位进入（若五六位可趁机发动战争）。,纪宁六十次袭击活捉独眼高瘦生物命核珠，无常尊主（黑白头发男子）登场向伊耶尔汇报战况。
最终生死,核心处,设定展开、矛盾展现,冲突、设定,伊耶尔吩咐一切按计划，称毁灭之巢仅两名至尊级战力无法破解，若逼修行者派遣更多战力进来或凭此赢得战争。纪宁、貘谷抵达核心处：广袤虚空中央是美丽星云漩涡（层层叠叠包裹核心），穿透阻碍看到中央万里高漆黑金字塔状黑塔（能量源泉，引动星云漩涡及无数时空起伏，与巢穴天体共鸣产生可怕吞噬之力，至尊进来容易出去难）。龙龟般生物盘踞星云漩涡第五十层区域，称纪宁到不了它身边。纪宁、貘谷并肩飞入，星云漩涡共一百零六层，碾压力极强（混沌源兽都会被碾压成粉）。飞到第三十五层已感吃力，判断勉强到五十层也无法应对龙龟生物。貘谷估计至少需五名至尊联手才能杀到百层，但五名法身进来被牵制则战争爆发战力不足。纪宁判断巢穴天体只有一个关键核心即黑塔，须破解核心或正面轰碎（轰碎不可能）。二人静心苦思，消息传给其他五位至尊。,纪宁、貘谷抵达毁灭之巢核心处，星云漩涡一百零六层环绕黑塔，仅到三十五层无法前进，陷入两难困境。
最终生死,鸿然的破解之法,悟道、转折高潮,修炼、高潮、爽点,"西斯族族地外围浮岛古老神殿内，六位至尊（本尊或法身）盘膝苦思对策，天食法身维持五百倍时间加速（外界两天内思考三年多）。鸿然至尊仔细观察黑塔虚影运转（黑塔能量源泉→秘纹形成漩涡→无数时空大阵→巢穴天体共鸣，三重增幅），称创造难破坏易，想出办法但须亲眼看内部确定。鸿然本尊于外界六天炼制一白袍法身（约本尊两成实力），沿纪宁、貘谷通道进入。鸿然法身观察后称""逆转漩涡大阵""可破：自外而内以纪宁力量（源自混沌宇宙无穷无尽）为源泉布置旋转方向逆转的漩涡，渗透干扰削弱星云漩涡威能，只要削弱三两成，巢穴天体对外吞噬力量大减便无法强行掠夺混沌宇宙力量。鸿然向纪宁讲解逆转大阵奥妙（纪宁阵法不亚于鸿然，一学即会；貘谷阵法弱学个皮毛）。","鸿然至尊创出""逆转漩涡大阵""破解之法（自外而内渗透干扰削弱星云漩涡威能），传授纪宁施展。"
最终生死,入内,转折高潮、战斗描写,战斗、高潮,纪宁学会逆转漩涡大阵，于星云漩涡正上方以元力为引统领道威能，无数剑光流转笼罩整个星云漩涡，形成逆转漩涡大阵。剑光漩涡自外而内渗透（无形对无形，如齿轮掺杂杂物卡住），十层、二十层……七十层……完全渗透至黑塔。星云漩涡威能降至近五成，外界银色漩涡溃散，混沌宇宙本源完全压制吞噬力量，毁灭之巢无法再强夺混沌宇宙力量。龙龟般生物惊愕，纪宁劝其离开（漩涡已破，出去已不被阻止），承诺待战争结束后放走另两头活捉的生命。龙龟般生物欢喜逆行飞出洞口，鸿然本尊接其至混沌宇宙边界送入无尽空间（龙龟感激离去，鸿然渴望外出却因文明危机不能）。纪宁法身独自顺逆转漩涡大阵剑光抵达黑塔，因须一直维持大阵否则巢穴恢复吞噬，法身被迫长期在此。纪宁以遁术遁入黑塔内部。,纪宁施展逆转漩涡大阵将星云漩涡削弱至五成威能，外界吞噬停止；龙龟般生物被放归无尽空间；纪宁法身遁入黑塔内部但被迫长期维持大阵。
最终生死,战争开始（本卷终章）,转折高潮、悬念设置,伏笔、高潮,"纪宁遁入黑塔内部（仅万里范围虚空），中央一黑色虚无球体（表面蒙蒙光芒，疯狂吞噬一切），即毁灭之源，蕴含诡异""大毁灭""之道（有悖于混沌宇宙之道，应来自外界无尽空间）。纪宁以六柄北月剑怒劈黑塔，黑塔坚不可摧丝毫无损；转攻毁灭之源，黑色虚无球体震颤变形却次次恢复完好，纪宁实力无法超越其承受。纪宁判断西斯族混沌宇宙掌控者能将毁灭之源玩弄股掌甚至挪移至己方混沌宇宙，自己却无法移动丝毫。法身被迫长期维持逆转漩涡大阵，时刻观看毁灭之源体会大毁灭奥妙，纪宁心有触动欲借鉴创出一门剑道（此前曾创毁灭剑道乃纯粹杀戮毁灭，而毁灭之源吞噬一切、转而强大自身，是诡异强大可怕的道）。伊耶尔于光明殿厅向众尊主宣布毁灭之巢被修行者文明破解，承认小瞧修行者文明，下令发动最终战争（上一次只是尝试，这一次才是真正最终战争；修行者文明已出现永恒终极剑道会不断强大，时间久了西斯族毫无希望，已无退路）。众尊主退去备战。伊耶尔轻声低语：""修行者文明，你们的手段我已经尽知！而我的手段你们却根本不知道……这一场战争从现在已经开始，修行者文明，你们又能撑多久？""",纪宁法身无法破掉黑塔与毁灭之源，被迫长期维持逆转漩涡大阵；伊耶尔下令发动最终战争，称修行者文明不知其手段，全卷以战争开始的悬念收束。
战争爆发,大军，出发,环境铺陈、转折高潮,设定、高潮,"西斯族蛰伏世界中，主宰帝君们正在平静生活，苍五主宰创美食招待好友。伊耶尔虚影现身下达最终战争命令，宣布这是决定命运的最终决战、没有退路，立大功者可逆转时空复活、逃避懦弱者处死。十八处神秘空间同时绽放，密密麻麻战船飞出穿梭时空前往各处域界。纪宁本尊在三界明心岛闭关时感应到铺天盖地的威胁感，貘谷至尊等确认封锁失败，传讯纪宁""战争，开始了""。",伊耶尔下令发动最终战争，十八处西斯族大军全面出击，纪宁等感应到铺天盖地的威胁感。
战争爆发,纪宁初杀戮,情节推进、战斗描写,战斗,纪宁嘱托女儿纪明月看顾三界，将女娲送往达风领主所在一级虚空战场（105位主宰汇聚），随即以炎龙域界为中心开始扫荡周边西斯族战船。七位领袖共十三尊至尊级战力分散各区域扫荡，鸿然至尊统筹大局。纪宁循残留气息追上第一艘战船，战船内西斯族绝望四散逃命。,纪宁安排三界后开始扫荡西斯族战船，七位领袖分散各区域作战。
战争爆发,惨烈,战斗描写、矛盾展现,冲突、战斗,"纪宁以心力大范围瞬间灭杀战船内西斯族主宰帝君，收走后裔血脉及完好战船。战争越往后越惨烈，26处战场危急，至尊们分身乏术，仅呼龙战场因天食至尊救援保住死伤过半，其余全军覆没。伊耶尔高坐王座掌控全局，不在乎己方死伤（战死可复活），而修行者一方被""噬灵秘术""灭杀无法复活，注定是牺牲的一代。纪宁将怒火压在心底，杀伐越来越重。",战争惨烈，26处战场覆灭，修行者一方被噬灵秘术灭杀无法复活，纪宁杀伐越来越重。
战争爆发,无力,人物心理、矛盾展现,冲突、情感,战争持续半年，纪宁等大海捞针般搜查西斯族战船，混沌宇宙太大分身乏术。鸿然至尊指出异常：从未碰到西斯族尊主。纪宁赶赴纯琼战场救援（两天路程），抵达时以心力灭杀西斯族救下过半主宰帝君。随后潜云战场危急，那是纪宁二弟子青竹剑仙所在战场，纪宁因距离太远（二十六天）无法救援，天食至尊也需十九天，纪宁只能放弃。,纪宁因距离太远无法救援徒弟青竹所在的潜云战场，感到深深无力。
战争爆发,纵死，又如何,人物心理、情感展现,情感,"纪宁焦急痛心期盼徒弟青竹逃脱。纪宁法身仍被牵制在毁灭之巢黑塔核心维持逆转漩涡大阵，参悟""大毁灭剑道""（以五行为根基汲取阴阳轮回化为时空再毁灭吞噬为最原始的""一""），尚缺灵性未成。潜云战场青竹剑仙得知至尊来不及赶到，组织幸存主宰帝君分五十九队分散逃跑。青竹追求已久的泓曦主宰主动牵手接受他，青竹大笑""纵死，又如何""。",青竹剑仙组织分散逃跑，泓曦主宰接受青竹，青竹笑对生死。
战争爆发,獠牙（上）,战斗描写、情感展现,情感、战斗,潜云战场主宰帝君分五十九队分散逃，西斯族战船锁定真实身影分别追杀。绿袍帝君躲阵法被三名黑衣帝君追杀捏碎；两位主宰乘域界飞舟逃被战船镇压时空追上自爆；弯角女子自爆。青竹剑仙与泓曦一同逃，被星辰堡垒追上，青竹将遁逃宝物给泓曦，决定自己留下拦截拖延。,潜云战场逃跑者被一一追杀，青竹将遁逃宝物给泓曦决定独自拦截。
战争爆发,獠牙（下）,转折高潮、情感展现,情感、高潮,青竹催泓曦先逃，透露师傅北冥已真灵不灭合道成功，自己真灵碎片残留将来定被复活。泓曦含泪离去。青竹以九件叶子宝物发挥炽阳域主级战力与星辰堡垒厮杀拖延，确认泓曦逃脱十个呼吸后，巍峨战船出现镇压时空，青竹果断自爆，脸上带微笑。泓曦透过因果感应青竹死去泪流满面。潜云战场仅泓曦一人幸存。纪宁透过因果感应确认弟子青竹真灵泯灭死去，化悲痛为杀意。战争持续四年，西斯族主宰帝君威胁被大幅削弱。第七章末，厄孔至尊被七位西斯族尊主的神殿困住，西斯族尊主终于露出獠牙。,青竹自爆身亡，潜云战场仅泓曦幸存，纪宁感应弟子死去，西斯族尊主四年后终于现身困住厄孔。
战争爆发,广阔的神殿,设定展开、悬念设置,伏笔、设定,"厄孔至尊被困神殿廊道阵法内走不到尽头，以力破法无效，七位尊主联手借助神殿施展阵法。鸿然至尊法身前往救援（需十二天）。第五天厄孔遭淡青色大印正面碾压（连续三百五十二次攻击），身体化为不死身硬扛过，力量消耗过半。鸿然至尊判断西斯族能量有限，一个大印已是极限。第十二天鸿然法身赶到冲入神殿。同时纪宁在灭杀战船时也被八位尊主的灰白神殿困住，尊主们推测纪宁身份是""新晋至尊还是北冥帝君""。",厄孔被困神殿遭大印碾压硬扛，鸿然法身前往救援；纪宁也被八位尊主的灰白神殿困住。
战争爆发,伊耶尔的应对,悬念设置、转折高潮,伏笔、高潮,纪宁以心力轻易破幻境阵法，被尊主们确认八成是北冥帝君。八位尊主将纪宁困于时空封锁阵法（无数小型时空构成繁杂大阵）。尊主们上禀伊耶尔，伊耶尔得知北冥帝君被围困大喜，决定亲自赶来（需八十二天）杀死纪宁这一最大变数。纪宁传讯其他六位至尊提醒小心，自己潜心破解时空阵法。,尊主们确认纪宁身份上禀伊耶尔，伊耶尔决定亲自赶来杀死北冥帝君。
战争爆发,八十二天,人物心理、设定展开,情感、设定,鸿然至尊下令五位至尊本尊不得再冒险对付战船，法身处理即可。伊耶尔体表波动隔绝混沌宇宙探查，被排斥下赶路速度仅媲美至尊，需八十二天赶到纪宁处，判断纪宁突破终极至尊可能性不足一成。纪宁被困第五天鸿然法身与厄孔突破廊道阵法，第九天面临最可怕危机，第十天鸿然法身战死挡在最前面使厄孔重伤逃脱。第十九天波林法身也被困邪异黑色神殿。貘谷法身向纪宁靠近被纪宁婉拒。,鸿然法身战死救出厄孔，波林法身也被困神殿，伊耶尔需八十二天赶来。
战争爆发,破时空，陷八转,战斗描写、转折高潮,战斗、高潮,"八转时空神殿内，纪宁被困第三十天以三头六臂六柄北虹剑疯狂攻击时空大阵运转节点，时空大阵崩溃。八位尊主惊叹，但纪宁随即陷入更难的""八转阵""——封闭火焰空间，破膜壁进入水世界，再破进入生命世界，八种空间（寒冰、水、生命、大地、山石、火焰、岩浆、金芒）无尽轮转，纪宁连续破一百个空间膜壁仍无尽头。",纪宁三十天破时空阵，随即陷入更难的八转阵，八种空间无尽轮转无法逃脱。
战争爆发,杀意,悟道、人物心理,修炼、情感、爽点,纪宁推测八转阵模型：数十或数百个空间形成球状，纪宁所在空间永远在中央，任凭朝哪个方向都进入新空间。唯一办法是速度足够快让空间来不及变幻。天食、波林法身先后被困神殿，帝石法身用幻影困住一座神殿并封锁。伊耶尔视纪宁为最大变数，比另外六位至尊加起来威胁都大。第六十九天，纪宁以推演剑道使体型暴涨，同时攻击空间所有方向膜壁，干扰能量传递，空间开始震颤不稳，尊主们大惊。,纪宁推演出八转阵模型，第六十九天以推演剑道干扰能量传递使空间不稳。
战争爆发,生死劫（上）,战斗描写、转折高潮,战斗、高潮,八转阵变阵从困阵变杀阵，八条游龙（寒冰、火焰、柔水、生命、金芒等八种力量，每条千万里长百万里宽）束缚围攻纪宁。纪宁以五行剑道克制破开岩石游龙，游龙不断新生。束缚阵消耗巨大，西斯族尊主撑六天后扛不住，将杀阵完全演化，八条游龙暴戾同时缠绕绞杀，一个个庞大空间也变幻移动。,八转阵从困阵变杀阵，八条游龙束缚绞杀纪宁，空间变幻移动。
战争爆发,生死劫（下）,战斗描写、转折高潮,战斗、高潮,"纪宁钻入游龙体内躲过绞杀，不断以克制剑术杀入各游龙体内。西斯族尊主维持绞杀连半个时辰都扛不住，施展杀阵最后一招""八转湮灭""——上下空间形成类八卦磨盘碾压，八转之力连续八道冲击。纪宁以推演剑道借力打力、时空剑道形成膜壁、五行剑道防御，第五股力量时吐鲜血，化为剑道不死身卸力。扛过三轮八转磨灭后上方空间膜壁崩溃，纪宁一飞冲天破阵，六个呼吸破膜壁逃出神殿，对尊主们喊""你们一个都别想逃""。",纪宁以剑道不死身扛过八转湮灭磨盘，破阵逃出神殿，欲灭杀尊主们。
战争爆发,一锅端,战斗描写、爽点设置,战斗、爽点,纪宁施展心之世界投影和剑道领域，使八位尊主飞行速度慢千倍。纪宁二十剑灭杀女尊主、二十六剑灭杀赤红甲铠尊主，第三位光头尊主受伤逃入阵法，其余五位也尽入阵法。纪宁不再入阵，体型变得无比巍峨与神殿一比，六柄巨大北虹剑狂攻八转阵。貘谷法身赶到联手狂攻，空间恢复速度跟不上，六位尊主能量耗尽绝望自爆。纪宁收走神殿。伊耶尔感应八位尊主尽死脸色难看。,纪宁联手貘谷法身灭杀两位尊主，六位尊主自爆，纪宁收走八转时空神殿。
战争爆发,怒火,人物心理、悬念设置,伏笔、情感,伊耶尔感应八位尊主尽死大怒，转为第二计划：与三名强大帮手分两路各自斩杀一名修行者领袖。三名帮手（银袍女子、黑袍男子、红袍男子）非伊耶尔属下，以承诺放自由及赠宝物为条件，实力远超寻常尊主。伊耶尔令三人隐藏在宝物内不泄气息，自己持白色莲花探查宝物（范围远超至尊百倍）大海捞针般寻找修行者领袖本尊。两个多月后伊耶尔找到貘谷至尊本尊，决定以貘谷祭旗。,伊耶尔转第二计划，与三名帮手分两路斩杀修行者领袖，两个多月后找到貘谷本尊。
战争爆发,伊耶尔战貘谷,战斗描写、转折高潮,战斗、高潮,"伊耶尔以空间奥妙融入正常空间轻易穿过貘谷山峰封禁，以心灵引导使貘谷陷入""大自在大解脱""心境近身偷袭。貘谷因战争警醒躲过心灵引导，但一招交手即被伊耶尔晶莹右手重伤（体内力量消耗三成），伊耶尔在空间一道上超越貘谷、镇压时空。貘谷判断伊耶尔实力比纪宁强一大截，选择逃。",伊耶尔以心灵引导近身偷袭，一招重伤貘谷至尊，貘谷选择逃跑。
战争爆发,自在金桥,设定揭示、转折高潮,揭示、设定、高潮,"纪宁等感应到可怕威胁，貘谷传讯遭伊耶尔一对一追杀、一招重伤、连兵器都没用。纪宁等确认伊耶尔为终极至尊。伊耶尔以亿万光芒领域（最强领域招数）束缚貘谷速度减半。貘谷祭出底牌""自在金桥""（仿制护道楼，利用混沌宇宙本源威能，约护道楼三成功效），邀伊耶尔上桥一战。伊耶尔脸色变了。",貘谷祭出底牌自在金桥（仿制护道楼）对抗伊耶尔，伊耶尔脸色大变。
战争爆发,胜,战斗描写、矛盾收束,冲突、战斗,"伊耶尔以双手合十蓄势最强一掌（单论威能最大一招，弱点是不擅长变通正面攻击）拍击貘谷，大手掌避让金桥碾压入内。貘谷以""金桥六合""六条光带缠绕阻挡，六柄长刀正面碰撞，金色大手掌黯淡收回，貘谷受伤但迅速恢复。伊耶尔见事不可为主动离去。貘谷确认凭自在金桥可保命。伊耶尔提醒三名帮手修行者有类似护道楼手段，先困住再杀。",伊耶尔最强一掌无法击破自在金桥，主动离去；修行者确认自在金桥可保命。
战争爆发,草原,环境铺陈、悬念设置,伏笔、设定,"波林至尊在荒凉星辰参悟生命之道，洒酒成雨滋润大地。伊耶尔炼制的最强兵器""草原世界""现身，独眼大熊般至尊级奇异生命（伊耶尔在无尽空间活捉的力量最大一个）一巴掌崩碎星辰。波林祭出自在金桥应战。虚空变成无边无际的大草原，上方九层云层极坚韧。三头至尊级奇异生命（独眼大熊、红瞳白毛、乌云般）围攻波林。波林意识到草原世界威胁程度远超之前神殿，不知这是西斯族最可怕的兵器。",西斯族最强兵器草原世界现身，三头至尊级生命围攻波林至尊。
战争爆发,波林之死,转折高潮、战斗描写,战斗、高潮,波林蛊惑三头至尊级生命留手五成伪装厮杀，双方都收力量做样子。三道神念（银袍女子等三强者）在暗中交流，等待时机。波林被震得撞击云层时，六条紫金色锁链（至尊级境界威能，比波林强一截）从云层及虚空突袭围攻。波林六臂分挡三生命及五条锁链，第六条锁链抽碎其身体，波林化不死身欲恢复，六条锁链疯狂绞杀湮灭其力量，一个呼吸即毙命。自在金桥威能消散跌落云层。三头至尊级生命唏嘘离去。,六条紫金色锁链突袭灭杀波林至尊，三头至尊级生命唏嘘离去。
战争爆发,讯息,转折高潮、悬念设置,伏笔、高潮,"银袍女子收走自在金桥及遗物。伊耶尔得知波林死讯大喜，令三人驾驭草原世界去救被困四座神殿的尊主们。纪宁等收到波林不断传讯（至尊级奇异生命出现、草原世界九层云、蛊惑三生命等），最后传讯""第六条锁链，扛不住了""后因果断绝气息消失，纪宁等愣住——波林死了。鸿然至尊最先冷静提醒小心不可重蹈覆辙，天食至尊建议躲进混沌宇宙本源或释放元力海洋。忽然波林至尊令符传来讯息""我是波林，我还没死""。","伊耶尔令三人救被困尊主，纪宁等收到波林死讯震惊，随后收到""我还没死""讯息。"
战争爆发,陷阱,悟道、转折高潮,修炼、高潮、爽点,"波林生死刹那悟出""万道生死本源""（掌握两种本源），以""假死之境""（非生非死，气息消失因果断绝）躲过探查，放弃自在金桥等宝物逼真伪装。波林法身赴厄孔处释放万道爪本源元力证明身份，厄孔确认。波林称实力大增（两种本源配合，鸿然都不一定是对手）。众人得知草原世界准确位置及前进路线（飞向九蝉神殿救尊主），决定布下陷阱算计草原世界。",波林悟出万道生死本源以假死之境遁逃，众人决定利用波林掌握的位置布陷阱。
战争爆发,至尊级战力联合,设定展开、情节推进,设定,七位领袖齐聚九蝉神殿布下大阵（内外两体系，利用自在金桥奥妙蓄积混沌宇宙威能），外阵为本尊（纪宁、鸿然等+波林法身），内阵为五法身（貘谷、厄孔、帝石、天食、鸿然）。大阵两天前布成，纪宁与鸿然分掌阴阳两极。十二尊至尊级战力齐聚，有信心但不敢破釜沉舟（本尊可随时撤退）。草原世界乘飞舟抵达陷阱。,七位领袖齐聚九蝉神殿布下大阵，十二尊至尊级战力联手围困草原世界。
战争爆发,蛇和剑,战斗描写、转折高潮,战斗、高潮,阵法启动摧毁飞舟显露椭圆形草原世界，三强者惊慌欲让三头至尊级生命探查外界。草原世界扩张至九十亿里被阵法威能压迫束缚。五大法身联合化作五头颅黑色大蛇（鸿然主导）率先攻去，七位本尊施展远攻手段，纪宁以终极剑道居中调和六位至尊力量化作一柄威能更胜黑色大蛇的神剑。三头至尊级生命部分躯体冒出云层探查。,阵法启动困住草原世界，黑色大蛇与神剑发起攻击，纪宁居中调和七领袖力量。
战争爆发,摧枯拉朽,战斗描写、爽点设置,战斗、爽点,黑色大蛇碾压红瞳白毛生物、乌云般生物，独眼大熊硬挡。神剑降临粉碎独眼大熊上半身（命核藏左脚掌保命）。神剑刺入第九层云层，黑色大蛇撑住千里范围裂缝。神剑贯穿八层云层，三强者惊恐。九条紫金色锁链围攻黑色大蛇，纪宁分出三十六道剑气形成剑光漩涡镇压锁链。纪宁召波林本尊速归。,黑色大蛇与神剑摧枯拉朽击溃三头至尊级生命，神剑贯穿八层云层。
战争爆发,燃烧本源？,转折高潮、设定揭示,揭示、设定、高潮,波林本尊经神剑引导逃出草原世界替换法身，大阵威能提升两成。波林法身沿原路返回草原世界冒险探查。神剑无法刺穿草原大地，纪宁鸿然发现九处引领阵法（能量源头在草原世界九处角落），以力破法攻破时空膜壁露出九层云庇护的阵法，强攻虚空神纹。三强者焦急欲燃烧本源，伊耶尔得知阵法被发现脸色大变。,波林本尊逃出替换法身，纪宁鸿然发现九处引领阵法并强攻，伊耶尔大惊。
战争爆发,阵法化身,战斗描写、转折高潮,战斗、高潮,伊耶尔令三强者不惜一切代价燃烧本源撑住（一天即赶到），欲引修行者本尊入内牵制。本源燃烧后云层束缚力锁链威能倍增（提升六成），神剑黑色大蛇扛不住。七位领袖本尊形成阵法化身（七面十四条手臂，纪宁终极剑道统领，体表剑芒），撕撑第九层云层。三强者欲引阵法化身入内断绝内外一举灭杀。,燃烧本源后威能倍增，七位领袖本尊形成阵法化身撕撑第九层云层。
战争爆发,伊耶尔到来（本卷终章）,转折高潮、悬念设置,伏笔、高潮,三强者展露画面让尊主们观看外界，确认无危险后等待阵法化身入内。纪宁等心焦破不了阵法，厄孔欲拼一把杀进去被天食拒绝。鸿然判断草原世界能量消耗巨大（本源燃烧一天相当于正常数十年，仅能维持三天）不攻自破，且识破西斯族引诱入内意图（三头生命逃走后无西斯族阻拦不合常理），坚持不进。伊耶尔焦急赶来，撕拉时空直接出现在阵法内（镇压时空无用），穿透云层进入草原世界，一波动扫到假死的波林法身。伊耶尔一掌引导微型本源威能，笼罩时空生死，波林法身无法可逃被一掌捏成虚无。本卷至此终结，正面对决即将展开。,伊耶尔赶来草原世界一掌捏灭波林法身，纪宁等识破引诱意图坚持不进，正面对决即将展开。
梅花香（结局卷）,尽灭,战斗描写、转折高潮,战斗、高潮,伊耶尔以九条紫金色锁链在草原世界内一招尽灭黑色大蛇（五大法身），波林新炼法身此前已被灭，纪宁等巨剑（七本尊合力）救援不及，一个照面五大法身全部崩解战死，无一逃脱。伊耶尔操纵紫金色锁链围攻巨剑，巨剑凭七本尊完全一体力量与纪宁剑道与九条锁链旗鼓相当，一呼吸后巨剑飞出草原世界。伊耶尔操纵草原世界撕裂时空破阵，纪宁等沿预留时空通道撤离。,伊耶尔与草原世界联合后实力可怕，一招尽灭五大法身，纪宁等被迫撤离。
梅花香（结局卷）,要害和追踪,设定揭示、情节推进,揭示、设定,伊耶尔向三名手下揭示毁灭之巢的第二个用途——成为修行者文明的致命要害：杀掉毁灭之巢内牵制阵法的法身，毁灭之巢将再度运转吞噬混沌宇宙力量，逼迫领袖们必须主动来决战。伊耶尔救回被困九蝉神殿的九名西斯族尊主后撕裂时空离去。纪宁等凭穿梭时空优势悄然追踪，决定伊耶尔欲救哪座神殿便提前摧毁哪座，以速度优势逐一击破。,伊耶尔揭示毁灭之巢为修行者文明致命要害的终极布局，纪宁等开始追踪草原世界。
梅花香（结局卷）,开天式,战斗描写、设定展开,战斗、设定,"纪宁等七人首次全力施展神剑巨人第二形态（一张面孔两条手臂，纪宁主控双臂威能占超九成），以合招剑术中最强一式""开天式""连续近百剑轰碎一座被阵法困住的西斯族神殿，灭杀其中七名西斯族尊主。伊耶尔感应到尊主气息消失，转向六封神殿，随后半月内三座残存神殿全部被纪宁等提前摧毁。伊耶尔下令全军前往毁灭之巢进行最终决战。天食法身、貘谷法身追踪确认其目标。","神剑巨人第二形态全力施展""开天式""摧毁神殿，伊耶尔被逼率全军直奔毁灭之巢进行最终决战。"
梅花香（结局卷）,毁灭之巢内,设定展开、悬念设置,伏笔、设定,"七位领袖商议后决定先抵毁灭之巢，尝试摧毁毁灭源泉以摆脱被动。近一个月后抵达，先以开天式连续上千次攻击巢穴天体表面，丝毫无损。进入黑塔内部直面""毁灭源泉""（黑色虚无球体），厄孔、波林、帝石等初见大毁灭奥妙皆感心悸，纪宁法身参悟良久亦无法领悟其本质。毁灭之巢内的无常尊主向伊耶尔上禀外界攻击情况。","七位领袖进入毁灭之巢核心，直面蕴含大毁灭奥妙的""毁灭源泉""，感受其境界凌驾一切道之上。"
梅花香（结局卷）,笑了,转折高潮、悟道,修炼、高潮、爽点,七位领袖以神剑巨人施展开天式连续攻击毁灭源泉数千次，黑色虚无球体每次被劈至扭曲碎裂却瞬间恢复，无法摧毁。纪宁提出创出引领七种万道本源（加入波林的万道生死本源）的新合招剑术，天食至尊维持时间加速，纪宁静心完善四式合招剑术（开天式、洞明式、晓月式、世界式），威力提升近三成。再度攻击仍无法摧毁毁灭源泉。七位领袖抛弃一切退路，决定倾尽全力进行生死决战，各自大笑释然。,纪宁创出引领七种万道本源的新合招剑术仍无法摧毁毁灭源泉，七位领袖决定倾尽全力进行生死决战。
梅花香（结局卷）,最终之战,情感展现、转折高潮,情感、高潮,战前七位领袖饮酒叙旧，鸿然提议纪宁本尊不参战以留后路，纪宁坚决反对，坚持本尊法身均参战形成神剑巨人（本尊引导）与法身巨人（法身引导）两大战力，获其他至尊一致赞同。纪宁携法身离开毁灭之巢，毁灭之巢再度全力吞噬。十四尊至尊级战力（七本尊七法身）并列虚空，等待伊耶尔到来。伊耶尔乘草原世界抵达，双方遥遥对峙谈笑。,纪宁力排众议坚持本尊法身均参战倾尽全力，十四尊至尊级战力与伊耶尔最终对峙。
梅花香（结局卷）,玩偶,设定揭示、矛盾爆发,冲突、揭示、设定,伊耶尔沉入草原世界核心大殿，以九条紫金色锁链袭击三头至尊级奇异生命（独眼大熊、红瞳白眼生命、乌云般生命），强行夺其命核，以三个黑色玩偶（其师尊混沌宇宙掌控者炼制）吞噬三头至尊级生命的全部力量血肉，化作战兽兵器。伊耶尔将战兽兵器分给银袍女子、黑袍男子、红袍男子三支队伍操纵（极限消耗仅维持半个时辰），下令燃烧本源，主动迎战杀出的两尊巨人。,伊耶尔以黑色玩偶吞噬三头至尊级奇异生命化为战兽兵器，燃烧本源全力迎战。
梅花香（结局卷）,大自在世界,战斗描写、设定展开,战斗、设定,"神剑巨人、法身巨人俯冲入草原世界，三头黑色战兽围攻法身巨人，伊耶尔以光芒领域隐藏自身神出鬼没偷袭。纪宁等施展六座自在金桥首尾相连形成六边形，以合招领域招数""世界式""引动八种本源领域（永恒终极剑道+七种万道本源）与自在金桥力量完美结合，形成""大自在世界""领域，压制伊耶尔及三头战兽实力三四成，纪宁等瞬间占据上风，锁定伊耶尔为目标。","六座自在金桥联合施展""大自在世界""领域压制敌方，纪宁等占据上风，锁定击杀伊耶尔为目标。"
梅花香（结局卷）,搏命,战斗描写、转折高潮,战斗、高潮,"伊耶尔以""阴阳阵盘""（其师尊赐予）将自身与三头黑色战兽力量联合为一体，体表出现黑白流光气势滔天，实力飙升。法身巨人被围攻险象环生，纪宁等七人崩解大半肉身（约六成）化为浩荡力量进行搏命一击，大自在世界威能暴涨碾压至草原大地。伊耶尔感到致命危机率三头战兽后退消失。神剑巨人和法身巨人俯冲入草原大地深处，欲毁草原世界本源。",伊耶尔以阴阳阵盘与三头战兽合体实力飙升，纪宁等七人崩解大半肉身搏命一击，冲向草原世界本源。
梅花香（结局卷）,针锋相对,战斗描写、矛盾爆发,冲突、战斗,纪宁等沿草原大地岔道逼近本源堡垒，伊耶尔等穿梭虚空拦截。神剑巨人以搏命之力狂攻三头黑色战兽，无法活捉也无法毁损战兽躯体，但冲击力传递进战兽内部，灭杀大量西斯族尊主（波万月等）。两条紫金色锁链崩断。纪宁等搏命一击未能轰出通路抵达堡垒，三头战兽虽内部伤亡惨重但战兽本体无恙再度飞起，伊耶尔大笑。纪宁等感到心凉绝望。,纪宁等搏命一击虽灭杀大量西斯族尊主，但未能毁掉战兽兵器或抵达本源堡垒，搏命一击失败。
梅花香（结局卷）,真不甘心啊,转折高潮、情感展现,情感、高潮,"搏命力量耗尽，大自在世界威力降至正常。伊耶尔及三头战兽围攻，法身巨人六个呼吸内被伊耶尔撕裂，七法身果断自爆灭绝以防因果波及本尊。神剑巨人逃向九重云界，伊耶尔追杀。穿过第三层云界时，伊耶尔手掌刺穿神剑巨人腰腹，一掌灭杀貘谷至尊（真灵碎片完全吞噬湮灭），随后划裂神剑巨人。天食至尊被灭杀（""真不甘心啊""），帝石至尊被黑色战兽利爪湮灭，鸿然至尊闭目赴死。神剑巨人完全崩解，纪宁在绝望中体表释放纯粹黑暗的毁灭波动。",法身巨人被毁七法身自爆，貘谷、天食、帝石、鸿然四位至尊接连战死，纪宁在绝望中释放大毁灭波动。
梅花香（结局卷）,大毁灭剑道,悟道、转折高潮,修炼、高潮、爽点,"在极致的不甘、痛心、歉意与无尽恨意中，纪宁过去对大毁灭之道的困惑一扫而空，悟出""大毁灭剑道""——将五行、阴阳、轮回、时空、因果等一切道在毁灭意志下化为一体。纪宁一人之力强于之前七人联手的神剑巨人，以三柄北虹剑远程牵制三头战兽，将厄孔至尊、波林至尊收入洞天法宝。纪宁显现三头六臂六柄北虹剑，与伊耶尔、三头战兽、七条紫金色锁链正面搏杀，连续三剑毁灭威能传递进战兽内部，灭杀五名西斯族尊主（真灵碎片被完全毁灭吞噬）。","纪宁在绝望中悟出""大毁灭剑道""，一人之力压制伊耶尔及三头战兽，灭杀五名西斯族尊主。"
梅花香（结局卷）,杀个干净,战斗描写、转折高潮,战斗、高潮,纪宁发现被大毁灭剑道杀死的西斯族力量被混沌宇宙本源吸收变强，隐隐有所触动。纪宁防多攻少消耗敌方，在草原世界九重云界间与敌方厮杀。黑袍男子驾驭的战兽力量最先耗尽缩小，纪宁两柄北虹剑灭杀黑袍男子（冷午），其力量被混沌宇宙吸收（远超五名尊主，纪宁疑惑其来历）。银袍女子、红袍男子丧失决战之心求饶，被纪宁拒绝，战兽力量耗尽缩小回玩偶，二人被剑光湮灭。伊耶尔撕裂时空逃出混沌宇宙，前往无尽空间求师尊。纪宁决心杀个干净。,纪宁逐一灭杀黑袍男子、银袍女子、红袍男子及全部西斯族尊主，伊耶尔撕裂时空逃出混沌宇宙。
梅花香（结局卷）,大毁灭的另一面,悟道、设定揭示,修炼、揭示、设定、爽点,"纪宁收取三个黑色玩偶（无法炼化，其师尊炼制，玄妙在草原世界、毁灭之巢之上）。纪宁摧毁草原世界本源（幽蓝色球体），又以一剑蕴含大毁灭剑道撕裂毁灭源泉，毁灭源泉崩溃露出实质——一颗微小光球爆炸归于虚无。纪宁从毁灭源泉""尽皆归一、一生二生三生万物""的崩溃中悟出大毁灭的另一面——创世界，明白至尊终极剑道有两面：大毁灭与创世界。纪宁在光秃秃的草原世界金属上静修，大毁灭剑意中渐渐孕养生机。伊耶尔耗时九天逃出混沌宇宙，又花近两个月抵达师尊洞府。","纪宁摧毁草原世界本源及毁灭源泉，从毁灭源泉崩溃中悟出大毁灭的另一面""创世界""，开始静修。"
梅花香（结局卷）,混沌宇宙掌控者,悟道、转折高潮,修炼、高潮、爽点,"伊耶尔向师尊（西斯族混沌宇宙掌控者）禀报战败，师尊得知纪宁悟出大毁灭剑道后判断其一只脚已跨入终极至尊门槛。伊耶尔恳求师尊帮忙反攻，师尊拒绝派手下（恐混沌宇宙虚弱被攻），但赐予护身之宝""山水碑""（师尊无尽岁月所创，燃烧大半魂魄真灵可施至强一击，有反噬风险，战败须毁掉）。伊耶尔花近两个月返回莽荒宇宙。同时，纪宁大毁灭剑意核心孕养的无尽生机爆发，时空、阴阳、五行诞生，纪宁另一只脚跨入终极至尊门槛，体内道树永恒之花枯萎结出人形果实。纪宁意识渗透混沌宇宙本源，随时可掌控炼化。","伊耶尔获师尊赐护身之宝""山水碑""反攻；纪宁悟出创世界跨入终极至尊，意识渗透混沌宇宙本源。"
梅花香（结局卷）,大结局（上）,转折高潮、设定揭示,揭示、设定、高潮,"纪宁观混沌宇宙本源全貌——由无数永恒终极之道构成，本源无真正意识、各道未完美合一，而纪宁掌握最完美的至尊终极剑道，境界高于本源，本源欢呼雀跃期待炼化。波林、厄孔感应到突破动静大喜。伊耶尔进入混沌宇宙即被纪宁感应，纪宁开始炼化本源，至尊终极剑道成为混沌宇宙新根基，万道为辅，混沌宇宙有了""魂""。西斯族掌控者（青袍牛角人）感应到混沌宇宙气息变为可怕的剑道气息，头疼不已。纪宁炼化成功后能看透一切生命真灵（包括战死的鸿然等至尊及三界仙魔），唯看不透伊耶尔（以至尊终极光明道构成）。纪宁一念灭杀伊耶尔（身体分解、真灵完全毁灭），西斯族掌控者传音求情被纪宁冰冷拒绝。",纪宁炼化混沌宇宙成掌控者，一念灭杀伊耶尔（真灵完全毁灭，西斯族掌控者无法复活），拒绝西斯族掌控者求情。
梅花香（结局卷）,梅花香（大结局下）,情感展现、设定揭示,情感、揭示、设定,"纪宁收取山水碑参悟（无法炼化，但对炼器有启发），在心之世界重新炼制六柄北虹剑（融入山水碑感悟，可爆发超强一击）。金衣法身走出混沌宇宙探索无尽空间，以时光回朔发现上个纪元真相：一座比混沌宇宙更庞大的大陆，其本源意志化身黑袍帝皇奴役生灵，赤风大帝破解烙印之法，阵法终极至尊苍云创灭绝大阵，一百二十九位终极至尊围攻黑袍帝皇，黑袍帝皇疯狂自爆大陆崩解形成九大混沌宇宙。西斯族掌控者""太初""即围攻者之一第三宇宙巡守者""阴阳尊者""，以""定界碑石""侥幸存活成掌控者。纪宁识破太初欲将大陆遗址处缓慢形成的新宇宙与定界碑石合一登顶的图谋，以六道剑光摧毁新宇宙，太初绝望后释然放弃争斗。纪宁复活全部战死至尊（鸿然、貘谷、帝石、天食、启、熵骨）、大量主宰帝君、三界全部仙魔，最后单独复活妻子余薇于黑白学宫论道殿前。二人坐台阶上叙说一路往事，纪宁心念催开一株梅花，引""不经历一番寒彻骨，哪得梅花扑鼻香""。三界召开盛大欢庆盛宴，全书以纪宁与余薇在盛宴高处相吻收束。","纪宁摧毁太初的新宇宙图谋，复活全部战死亲友与余薇，三界盛宴欢庆，全书以""梅花香""收束落幕。"
