卷名,章节名,type,tag,summary,core
龙山楼黑铁令,雪鹰领,环境铺陈、人物引入,人物、设定,"龙山历9616年冬，安阳行省青河郡仪水县雪鹰领内，八岁的东伯雪鹰随父亲东伯烈（天阶骑士、男爵领主）与狮人铜三出猎，展现自幼习枪的天赋。母亲墨阳瑜（天阶法师）与两岁的弟弟东伯青石在山顶等候。一家人其乐融融，东伯烈因当年生子才买下贵族爵位与领地，并以儿子之名命名为""雪鹰领""。章末夜幕中，一头四翼秃鹫载着灰袍人与银甲男子直奔雪鹰领而来。",东伯雪鹰一家在雪鹰领的幸福生活被远方来袭的神秘威胁打破，全篇背景与人物关系铺陈。
龙山楼黑铁令,超凡,设定展开、悬念设置,伏笔、设定,东伯雪鹰夜读《十大超凡骑士》，引出骑士七级体系（人阶、地阶、天阶为普通骑士；流星、银月、称号为星辰骑士；超凡为生命层次跃迁）。墨阳瑜夫妇预感家族追查将至，彼此宽慰。四翼秃鹫抵达雪石城堡上空，银甲男子（流星骑士）从高空跃下强令墨阳瑜夫妇随行，城堡破星弩围戒备。灰袍人施展雷电法术轻易瘫痪数百守军，现身揭面——竟是墨阳瑜的兄长。,骑士境界体系与超凡设定展开，墨阳家族追兵降临，危机正式爆发。
龙山楼黑铁令,分离,转折高潮、情感展现,情感、高潮,"灰袍青年墨阳琛（银月法师）出示墨阳族谕令，判墨阳瑜""禁闭百年""、东伯烈""苦役百年""，由墨阳琛执行。雪鹰抱着弟弟哭求舅舅救助父母，墨阳琛表示族规森严无人能破。墨阳瑜将储物吊坠（内含城堡重要宝物与金币）滴血认主传给雪鹰，东伯烈交出超凡骑士留下的金箔枪法秘籍《玄冰枪法》。宗叔（六臂蛇魔宗凌）赶来，告知雪鹰""等你得到龙山楼的黑铁令，我就告诉你一切""。父母被带上四翼秃鹫离去，雪鹰立誓定要救回父母。",父母被强行带走，雪鹰立下救父母誓言，龙山楼黑铁令成为全篇核心目标。
龙山楼黑铁令,兄弟,人物心理、环境铺陈,情感、设定,"仪水城龙山楼楼主司安与白发老者游图得知东伯夫妇被抓消息，感叹墨阳家族霸道。雪石城堡内，两岁的青石因失去母亲哄睡而哭闹不止，雪鹰亲自哄弟弟入睡，宗凌、铜三担忧雪鹰从此心境大变。雪鹰向宗叔追问黑铁令获得之法，得知须""实力够强，龙山楼自会送来""。夜间雪鹰独自在书房翻开金箔秘籍。",父母被抓后兄弟相依为命，雪鹰承担起照顾弟弟与领地的责任，确立变强目标。
龙山楼黑铁令,枪法,设定展开、悟道,修炼、设定、爽点,"雪鹰翻阅金箔秘籍，银色光影乞丐老者演练《心意枪法》与《玄冰枪法》三重境界（飘雪入门、血雨有望超凡、玄冰代表超凡之路）。秘籍揭示斗气运转法门可增速出枪。雪鹰开始每日高强度修炼：负重奔跑、一千五百次刺枪、《火焰三段法》斗气法门配合、箭矢格挡练习等六环训练。回忆父亲东伯烈曾怒斥""孬种""督促训练，雪鹰红眼疯狂刺枪。",《玄冰枪法》三重境界与斗气运转法门设定展开，雪鹰以疯狂训练寄托对父亲的思念与救父母的决心。
龙山楼黑铁令,修炼,人物心理、情节推进,情感,"雪鹰日复一日高强度修炼，上午完成一千五百次刺枪后练斗气法门，下午双手刺枪两千次与箭矢格挡，一天修炼六个时辰后泡药浴恢复。两年后（约十岁），雪鹰枪法已达瓶颈，正思量是否开始练""收""劲时，女仆急报宗凌受重伤归来。",雪鹰两年苦修锤炼枪法根基，宗凌受伤引出弯刀盟威胁与领地危机。
龙山楼黑铁令,长风骑士,人物引入、设定展开,人物、设定,"宗凌带伤归来，讲述仪水县境内最强盗匪""弯刀盟""首领盖斌（流星骑士）入侵雪鹰领屠戮平民，宗凌带一营士兵追击遭盖斌偷袭，被劈三刀幸赖炼金内甲护身保命，三百士兵以破星弩逼退盖斌。铜三介绍仪水县仅四名流星骑士与一名流星大法师，盖斌因贪婪杀贵族夺宝被通缉后落草为寇，藏身毁灭山脉。宗凌提议雪鹰报考安阳行省第一学府""长风学院""（院长长风骑士池丘白为行省最强者），十岁为最后年龄界限。",弯刀盟首领盖斌背景与威胁展开，长风学院作为修行选项浮现。
龙山楼黑铁令,决定,人物心理、转折高潮,情感、高潮,"雪鹰决定不去长风学院，理由有二：舍不得年幼的弟弟青石；更关键的是，他整理一百二十五位历史超凡骑士传记数据发现，一百零九位非学院派出身，仅十六位学院派，推断""系统教导反成桎梏，独自摸索方能走出自己的超凡之路""。宗凌、铜三虽震惊却认同其推断。雪鹰提及弟弟青石过完年五岁，可测精神力看是否有法师天赋。",雪鹰以数据论证放弃学院、独自修行之路，展现超乎年龄的智慧与决断。
龙山楼黑铁令,五年后，脱胎换骨,转折高潮、设定揭示,揭示、设定、高潮,"雪鹰用母亲留下的晶球测试五岁青石精神力，晶球发出赤红色光芒，确认弟弟具备法师天赋。时间跳至五年后，雪鹰十五岁，枪法十三岁已达""人枪合一""，近年苦练欲达""全身力量圆满如一""以求成为枪法大师。然而雪鹰十岁后身体持续吸收天地力量却一直未产生斗气，身体比常人强大十倍仍在吸收。某日练枪时身体深处发痒炽热，皮肤通红生出筋膜，隐约看到一名巍峨巨人在荒凉大地仰头咆哮，随即跪地痛苦不堪。",雪鹰太古血脉觉醒，身体发生质变，生命层次跃迁的前兆显现。
龙山楼黑铁令,狼吞虎咽,转折高潮、爽点设置,爽点、高潮,雪鹰觉醒后极度饥饿，令厨房烤一整头三阶魔兽（过万斤肉）。小女仆见雪鹰赤裸背部泛红、周围十米积雪融化而震惊。雪鹰一跃而过二十米高的城堡主楼，感知自身实力飞跃。过万斤烤熟魔兽送至，雪鹰独自将整头魔兽肉连同骨头全部吞食殆尽，铜三赶来见状目瞪口呆。,雪鹰太古血脉觉醒后食量与力量的惊人展现，铜三震惊不已。
龙山楼黑铁令,强大,设定展开、爽点设置,爽点、设定,"雪鹰向铜三演示实力：将银盘捏成金属球、金属从指缝流出、搓成金属棍，远超天阶骑士之力。随后练《火焰三段法》一举突破产生斗气直达地阶骑士层次（实力远超地阶）。在练武场以长枪在炼金假人上刺出密密麻麻窟窿组成""厉害吧""三字，更三抽将炼金假人彻底破碎、长枪崩断。雪鹰表示书中记载可解释这一切，待晚饭后告知宗叔铜叔。",雪鹰展现觉醒后的恐怖实力，炼金假人与长枪均不堪一击，实力质变得以确认。
龙山楼黑铁令,太古时代,设定揭示、伏笔埋设,伏笔、揭示、设定,"晚饭后雪鹰翻出传记《砍柴骑士》，向宗凌、铜三朗读书中关于太古血脉的记载：位面世界最早孕育的太古生命拥有移山填海之力，繁衍出人类，故每人血脉中皆潜藏极稀薄的太古生命或神灵血脉。偶尔有觉醒者，如巨斧血脉、神箭手血脉、瞬移、操纵闪电、千变万化、近乎不死等。雪鹰觉醒的太古血脉能力为""力量爆发翻倍""，但体力消耗加速，搏命时间有限。常态战斗估测流星骑士实力，力量爆发后达银月骑士级（速度略逊）。恢复力大增，无需再泡药浴。雪鹰告知过两天要去仪水城。","太古血脉体系设定完整揭示，雪鹰""力量血脉""能力与局限明确，为后续战斗奠定基础。"
龙山楼黑铁令,进城,环境铺陈、情节推进,设定,雪鹰决定去仪水城，目的一是买兵器（旧枪已断），二是为弟弟青石（过完年十岁）寻法师老师。仪水城唯一的星辰级法师为白源之大法师。雪鹰带弟弟、宗凌与百人骑兵队进城，入城时引来围观。先至旭明杂货铺（店主权旭明伯爵），雪鹰挑选三杆最好的长枪。,雪鹰进城双线展开——买兵器与为弟弟寻师，仪水城环境与势力铺陈。
龙山楼黑铁令,飞雪神枪,装备获取、爽点设置,奖励、爽点,雪鹰试选三杆长枪：黑云枪（一阶，枪太软枪头舞动）被弃；紫血枪（一阶，专为杀戮）五千克币；飞雪枪（二阶炼金兵器，施展枪法时生雪花迷惑敌人）三万金币。雪鹰凭枪法大师境界感知到飞雪枪内部可完美传递反震力道的珍贵奥妙，却故意压价，最终以一万八千金币成交（先付八千，赊一万）。店主权旭明告知飞雪枪乃一老乞丐所赠。,"雪鹰获得本篇核心兵器""飞雪神枪""，枪法大师境界方能发觉其真正珍贵之处。"
龙山楼黑铁令,大法师的要求,人物引入、悬念设置,人物、伏笔,"雪鹰携弟弟拜访白源之大法师（年过九十、银月法师）。雪鹰请求白源之收青石为""亲传弟子""（非记名弟子），白源之提出两个苛刻条件任选其一：新鲜的银月狼王心脏（四阶魔兽，保存不超过三天）或五万金币。雪鹰当场应承""一个月内""送来，白源之惊讶兴奋。",白源之大法师登场，亲传弟子条件极为苛刻，雪鹰立下一月之约。
龙山楼黑铁令,毁灭山脉,环境铺陈、情节推进,设定,"雪鹰回城堡向宗凌、铜三说明大法师条件。铜三、宗凌皆震惊于""五万金币""之高与""银月狼王心脏""之难（狼群围攻比狼王更可怕）。雪鹰决定进入毁灭山脉猎杀弯刀盟（兼猎魔兽赚金币），仅在外围三千里范围。宗凌曾独自进入毁灭山脉外围修行，主动陪同前往。五天后雪鹰、宗凌带百人士兵出发，傍晚抵达九百里外的山脉边缘扎营，次日清晨徒步进入。",毁灭山脉背景设定展开，雪鹰定下进山猎弯刀盟兼赚金币的计划。
龙山楼黑铁令,进入山脉的日子,战斗描写、人物心理,情感、战斗,雪鹰与宗凌进入毁灭山脉，首遇三十五头三阶魔兽黑鳞豺群围攻。雪鹰持飞雪神枪首战实战，起初紧张，渐学会移动以减少同时面对的敌人数量，雪花飘飘中连杀黑鳞豺。此后日复一日磨练，实战经验迅速积累，枪法技艺在生死搏杀中持续提升，每晚返回外围营地过夜。,雪鹰在毁灭山脉实战磨练，枪法与实战经验飞速进步。
龙山楼黑铁令,偷袭,战斗描写、悬念设置,伏笔、战斗,"进入毁灭山脉第十二天仍未找到弯刀盟老巢。途中偶遇银月狼群（两三百头三阶魔兽）与银月狼王，雪鹰判断成功希望不足一成放弃。又过三天，一头五阶魔兽""阴影豹""悄然跟踪雪鹰与宗凌，雪鹰六识虽敏锐却未察觉。阴影豹突然扑杀，雪鹰来不及回头，以枪尾后戳挡其利爪，仍被一爪拍中背部受内伤，长枪顺势旋转抽打阴影豹，阴影豹卸力倒退。雪鹰吐血怒视阴影豹。",五阶阴影豹偷袭，雪鹰首次遭遇全方位压制自己的强敌，生死危机降临。
龙山楼黑铁令,生死一刹那,转折高潮、悟道,修炼、高潮、爽点,"阴影豹无视宗凌，全力扑杀雪鹰。雪鹰力量爆发与之周旋，长枪刺伤阴影豹腹部却未能杀死。阴影豹发怒反扑，雪鹰体力急剧消耗陷入绝境。生死一线间，雪鹰全身力量涌动，终于突破""力量圆满如一""的隔膜，所有力量精细控制如水传递。长枪旋转刺出速度暴涨，瞬间刺穿阴影豹胸口至背部。阴影豹挣扎近半分钟方死，雪鹰躺地劫后余生。","雪鹰在死亡威胁下突破""力量圆满如一""，正式成为枪法大师，反杀五阶阴影豹。"
龙山楼黑铁令,《玄冰枪法》第一层,悟道、设定展开,修炼、设定、爽点,"宗凌循破坏痕迹赶到，见雪鹰已杀阴影豹（价值超十万金币）。雪鹰将阴影豹尸体收入储物吊坠。夜间雪鹰盘膝巩固""力量圆满如一""境界，持飞雪枪演练。此前枪法为""五枪境""，力量爆发勉强""七枪境""；如今常态即""七枪境""，配合飞雪神枪达""八枪境""，力量爆发达""十枪境""。随后雪鹰修炼《玄冰枪法》第一层""飘雪""，经一夜苦练，力量爆发下达到""十二枪境""，正式练成飘雪。","雪鹰练成《玄冰枪法》第一层""飘雪""，枪速达十二枪境，实力再次飞跃。"
龙山楼黑铁令,禀告首领,战斗描写、转折高潮,战斗、高潮,"次日雪鹰返回毁灭山脉灭银月狼群。枪法大成的雪鹰以""拨草寻蛇""之术将银月狼扫开两侧，直取银月狼王，上挑重创后一枪刺穿狼王喉咙钉于地面，残余百余头银月狼惊散逃。宗凌六刀解剖狼王取心脏（银月之心）与毛皮（近两千斤、值约五万金币）。弯刀盟探子""一只耳""与同伴在山头目睹雪鹰背着银月狼王毛皮经过，急报首领盖斌。",雪鹰灭银月狼群杀狼王取心脏，学费问题解决；弯刀盟探子发现雪鹰行踪，危机暗伏。
龙山楼黑铁令,地狱无门你自己闯进来,矛盾爆发、悬念设置,伏笔、冲突,"弯刀盟首领盖斌（流星骑士）在山腹老巢议事，得知雪鹰背着银月狼王毛皮经过，与天阶法师二首领等商议。盖斌判断宗凌可能已突破流星骑士、雪鹰应为天阶，决定设伏峡谷劫杀抢夺。雪鹰与宗凌行至大峡谷时，枪法大师的""神而明之""感应到前方煞气异常，转身欲退。盖斌率近千匪徒现身包围，狞笑道""地狱无门你自己闯进来""。",弯刀盟设伏包围，盖斌率近千匪徒围杀雪鹰与宗凌，矛盾全面爆发。
龙山楼黑铁令,杀人者，东伯雪鹰,战斗描写、转折高潮,战斗、高潮,"雪鹰与宗凌故意逃出一里避开埋伏圈后转身。雪鹰先以力量爆发短矛一轮抛射，两根短矛瞬间过百米射杀天阶法师二首领及多名天阶、地阶骨干，短矛贯穿密集匪徒如烤肉串。盖斌仅挡开两根短矛。短矛射尽后雪鹰持飞雪枪冲杀，以《玄冰枪法》第一层""飘雪""五枪压制盖斌，一记横扫将其轰飞撞山壁，随即一枪刺穿盖斌喉咙将其钉于山壁。仪水城第一盗匪盖斌殒命，杀人者东伯雪鹰。",雪鹰一轮短矛屠尽弯刀盟骨干，长枪刺杀盖斌，弯刀盟覆灭。
龙山楼黑铁令,恐惧,矛盾收束、伏笔埋设,伏笔、冲突,"残余匪徒崩溃四散，雪鹰追杀骑士级骨干，地面上留下两百多具尸体，弯刀盟骨干一个不留被彻底铲除。宗凌搜得盖斌储物戒指（内含金票八万五千金币及宝物，共约九万金币），雪鹰将戒指与五万金币交给宗凌管理。雪鹰命五名降匪带路去老巢，行至老巢所在大山时，枪法大师的""神而明之""感应到可怕威胁，急令撤退。大山山壁浮现巨大岩石脸孔，遥望雪鹰离去，自语""一个少年就如此厉害，背后或有人类强者""，随即悄然转移别处监视人类。雪鹰与宗凌以最快速度逃出毁灭山脉。",弯刀盟彻底覆灭，大山深处浮现神秘超凡存在（巨大岩石脸孔），重大伏笔埋设。
龙山楼黑铁令,情报,情节推进、悬念设置,伏笔,"雪鹰问宗凌发现了什么，雪鹰坦言仅是""随时可能丢命的感觉""，不知具体。二人骑飞霜马连夜赶回雪鹰领，与弟弟青石团聚。雪鹰背着银月狼王毛皮归来，铜三一眼认出大获成功。另一边，弯刀盟残余匪徒四散逃出后，""弯刀盟被雪鹰领少年领主铲除""的消息迅速传开。仪水城龙山楼楼主司安深夜被白发老者游图唤醒，得知弯刀盟被灭、盖斌被杀，且系一人之力，翻看卷宗断定""仪水城如今第一高手恐怕就是这位少年领主""。",雪鹰凯旋归家，龙山楼情报网获悉弯刀盟覆灭，司安关注雪鹰实力。
龙山楼黑铁令,龙山楼黑铁令（本篇终章）,转折高潮、核心伏笔,伏笔、高潮,"次日清晨雪鹰携银月之心拜访白源之大法师，白源之见心脏极为新鲜（采摘不足一时辰）狂喜，当场承诺收青石为亲传弟子并保证其成为法师，交付刻有""白""字的信物木牌。雪鹰又去还清飞雪神枪所欠一万金币。回城堡后将信物交给弟弟，青石兴奋无比。当日下午大雪中，仆人报龙山楼楼主司安亲至拜访。司安笑赞雪鹰铲除弯刀盟、背负银月狼王毛皮飞奔之事，称昨日所为今日便已知晓，龙山楼情报之强令雪鹰暗惊。司安表明来意：一为送上杀死通缉要犯盖斌的赏金，二则更重要的——送上龙山楼的黑铁令。雪鹰心头一颤，这一刻他已等了太久。",青石拜师成、飞雪枪欠款还清，龙山楼楼主司安亲送黑铁令，全篇核心目标达成，第一篇《龙山楼黑铁令》完整落幕。
青河郡司家,血刃榜和龙山榜,设定展开、人物引入,人物、设定,龙山楼楼主司安亲赴雪鹰领，送上杀盖斌赏金八百金币、黑铁令及龙山楼编的《帝国报刊》，并介绍黑铁令（流星级）、青铜令（称号级）、超凡三级实力体系；司安另递上龙山榜（帝国前三千青铜级强者排名）与血刃榜（血刃酒馆编的杀手榜），点出青河郡五位入榜青铜级强者排名，其中第一项庞云总排名525位、第二司良红总排名569位。,黑铁令、龙山榜、血刃榜三大设定登场，青河郡称号级强者格局首次铺陈。
青河郡司家,为人类夏族立功劳,设定展开、伏笔埋设,伏笔、设定,"司安详述司良红（血妖之躯、活过五百年、近似超凡）及司家一手遮天青河郡的势力格局，点出墨阳家族有一位伪超凡；介绍血刃酒馆与大地神殿同为最古老势力、血刃酒馆任务杀人无罪；讲解人类夏族炼金大法师定下的""功劳点""体系——凭功劳点可兑换金币至皇位乃至救人，黑铁级任务奖励十至一百功劳点、青铜级最低一千功劳点，一千功劳点可豁免大部分法律；司安承诺一月内查清东伯雪鹰父母情况。",功劳点兑换体系确立，为父母救援主线提供核心机制支撑。
青河郡司家,父母的过去,人物引入、情感展现,人物、情感,东伯雪鹰追问父母往事，狮人铜三讲述自己被贩为奴隶卖入墨阳家族、追随年幼母亲墨阳瑜的经历：母亲二十四岁时被家族强行安排嫁给一百五十二岁的老家伙以联姻，遂逃离墨阳家族，辗转结识宗凌与父亲东伯烈，在冒险中生下东伯雪鹰后定居青河郡，八年后被墨阳家族抓走；东伯雪鹰立志超越司良红与伪超凡，誓要救回父母。,父母被掳真相揭晓，东伯雪鹰救父母的执念与实力追求动机确立。
青河郡司家,比邻而居,环境铺陈、人物心理,情感、设定,"白源之大法师因不堪仪水城贵族打扰，迁居雪石山旁峰建造法师楼，东伯雪鹰欣然允诺；东伯雪鹰亦自建后山竹楼常居，以天地自然为师参悟枪法，展现枪法大师境界后""厚积薄发""的修行理念；将弟弟拜师之事与法师楼相邻的便利一并落实。","雪石山""一城堡一法师楼一竹楼""格局成型，东伯雪鹰进入参悟天地的修行阶段。"
青河郡司家,孔悠月,人物引入、伏笔埋设,人物、伏笔,白源之定居雪石山引大批平民贵族求见，东伯雪鹰一律不见客；父亲旧友孔海（商人）携女儿孔悠月来访，孔悠月有法师天赋，孔海备五千金币拜师大法师记名弟子，请东伯雪鹰出面引见；孔海重提当年与东伯烈夫妇曾议儿女结亲之事，实则精心安排女儿与东伯雪鹰朝夕相处；东伯雪鹰应允引见，白源之收五千金币允诺栽培孔悠月。,"孔悠月登场入住雪石山，孔海精心布局的""联姻算计""伏笔埋下。"
青河郡司家,不杀你，誓不为人,矛盾展现、情感展现,冲突、情感,"龙山楼司安一月后回报父母情报：母亲墨阳瑜关在墨阳家族禁地""雷潮涯""、已突破流星级大法师；父亲东伯烈在东香湖炼金作坊做苦役，遭墨阳辰白（其女因母亲逃婚被迫出嫁而怀恨）长期折磨、靠法师一次次治疗才不死；东伯雪鹰怒不可遏，立誓""不杀墨阳辰白誓不为人""，但知投机取巧无法救父，需凭实力积攒功劳点。",父亲遭受折磨的残酷真相曝光，东伯雪鹰对墨阳辰白起杀心，父母救援矛盾激化。
青河郡司家,十一万金币,转折高潮、设定展开,设定、高潮,"司安点明救父最简方案——积攒两万功劳点换""荣誉侯爵""爵位（侯爵不可被囚禁打杀），但黑铁级任务攒两万功劳点需三十余年，东伯雪鹰决意先提升实力至称号级再接青铜级任务；为保父亲性命，东伯雪鹰拿出十一万金币（卖银月狼王材料等所得近十二万），经龙山楼买通东香湖炼金大师许光清（银月级、铎羽郡炼金第一、墨阳家族外姓长老），将东伯烈召入法师塔做助手免受折磨。",荣誉侯爵营救方案确立，十一万金币买通炼金大师保住父亲性命。
青河郡司家,六年后,设定展开、转折高潮,设定、高潮,"时间跳跃六年后，孔悠月、东伯青石、东伯雪鹰皆已长大；东伯雪鹰六年苦修使身体力量按炼金假人测试达称号级巅峰（力量血脉爆发可翻倍），但至今未达""天人合一""，斗气仍为流星级；孔悠月（19岁）送点心至竹楼，二人关系亲近；东伯雪鹰决意接任务积攒功劳点。",六年修行成果揭晓，东伯雪鹰身体力量达称号级巅峰，实力成长线推进至关键节点。
青河郡司家,选择任务,情节推进、人物心理,情感,东伯雪鹰与孔悠月回城堡午饭，得知弟弟青石有女友；告知宗凌铜三准备先接一次黑铁级任务练手、下次申请青铜令接青铜级任务；选中一青河郡境内任务——攻打一犯死罪城堡，需五名银月级高手，奖励一百功劳点，六月一日前在郡城龙山楼集合。,首次黑铁级任务选定，东伯雪鹰开启郡城任务线。
青河郡司家,万里路途,环境铺陈、战斗描写,战斗、设定,"东伯雪鹰骑踏雪马驹自雪鹰领出发，日夜兼程赶赴青河郡城（直线六千里、官道约万里）；途经冷琼山大峡谷，无视商队结伴警告单骑闯山；冷琼山盗匪团伙""冷琼八鹰""（三位流星级、两位天阶法师、三位天阶骑士）正劫掠一支商队，见东伯雪鹰单骑便放箭试探。",万里路途铺陈青河郡地理，冷琼八鹰盗匪团伙登场，战斗一触即发。
青河郡司家,青河郡城,战斗描写、爽点设置,战斗、爽点,东伯雪鹰轻松拨落箭雨冲上山，冷琼八鹰大首领惊觉其为称号级跪地求饶仍被一枪扫毙，东伯雪鹰连杀三十余名盗匪（含另两名流星级骑士首领），余匪四散；救下被劫商队十余人，收冷琼八鹰储物宝物及金票约十五万金币，护送出峡谷后继续赶路，两天后抵达城墙高达百米、常住人口过千万的青河郡郡城。,东伯雪鹰称号级实力首次在实战中碾压式展现，斩获十五万金币，抵达郡城。
青河郡司家,齐聚一堂,人物引入、环境铺陈,人物、设定,东伯雪鹰入郡城龙山楼，住嘉慧园小院，对面住着一位气质如冰莲的青袍女法师（气息比白源之还强）；次晨五人任务小队齐聚——银月大法师余靖秋（25岁、长风学院天之骄女、超凡大法师亲传）、司家纨绔司柏荣（银月骑士、五十余岁）及其护卫梁雍（银月骑士）、老银月骑士唐熊（160余岁）；司柏荣轻视东伯雪鹰，余靖秋坐到东伯雪鹰旁边避开司柏荣。,任务小队五人集结，余靖秋、司柏荣、唐熊、梁雍等关键人物登场。
青河郡司家,分坛,设定揭示、悬念设置,伏笔、揭示、设定,"龙山楼郡城楼主元五宣布任务规矩（保密、有生命危险），揭露任务目标——摧毁曲泰城第一大家族卢家城堡、击杀族长卢怀如（流星级法师、擅长炼金），并揭示卢家实为某邪神魔神在青河郡的分坛；五人无异议，乘飞舟出发；同时揭示卢家城堡内隐藏一名""神使大人""（怪物般壮汉、从薪火世界逃出休养），卢怀如巴结神使。",卢家魔神分坛身份揭示，称号级神使暗中潜伏，任务危险度远超预期。
青河郡司家,恐吓威胁,矛盾展现、人物心理,冲突、情感,"五人乘价值约三十万金币的炼金飞舟赴曲泰城，商定傍晚时分袭击；司柏荣在甲板上以司家权势威胁东伯雪鹰——扬言可诬东伯家窝藏兽人叛贼、废兄弟二人修为使其为奴，逼东伯雪鹰低头认错并送五万金币；东伯雪鹰斥其为""蠢货""，指出任务中威胁同伴只会招致报复，司柏荣反而心生忌惮，担心东伯雪鹰任务中暗算自己。",司柏荣与东伯雪鹰矛盾爆发，司家权势压迫与东伯雪鹰强硬回击形成冲突。
青河郡司家,降临,战斗描写、环境铺陈,战斗、设定,"飞舟傍晚抵达卢家城堡上空，余靖秋施旋风术助五人悄然跃落内城堡屋顶，却触发屋顶警戒法阵暴露行踪；余靖秋施展""冰霜领域""覆盖整个城堡，士兵仆人两三千人冻得瑟瑟发抖被迫外逃；五人跃下屋顶正面攻打内城堡；卢怀如见状退入内城堡隐秘深处，自信凭机关陷阱及神使可应对。",卢家城堡攻打战正式打响，余靖秋冰霜领域压制全场，内城堡机关陷阱伏笔铺垫。
青河郡司家,魔神水石,设定展开、伏笔埋设,伏笔、设定,"余靖秋施展两条五阶法术""寒冰之蛇""（力量媲美称号级、无要害）开路，摧毁内城堡大量机关法阵；司柏荣安排自己在余靖秋保护中间、东伯雪鹰唐熊殿后；内城堡深处卢怀如布置""第七走廊""绝杀陷阱，命三名护法吞服""魔神水石""（流星银月骑士实力大增的宝物）实力飙升后伏击；神使壮汉现身宝座旁，轻视来袭者。",寒冰之蛇开路与第七走廊绝杀陷阱对峙，魔神水石宝物设定登场。
青河郡司家,绝杀陷阱,战斗描写、矛盾爆发,冲突、战斗,五人入第七走廊转角大厅触发绝杀陷阱——地面移动露毒矛坑、四面墙壁崩塌露数百机械弩箭齐射；梁雍分心救司柏荣致右臂被弩箭斩断，三护法吞魔神水石后突袭；司柏荣一交手即暴退弃梁雍于不顾，梁雍独臂抵挡被护法弯刀割喉毙命；东伯雪鹰出手，两道枪影瞬间刺穿刚杀梁雍的两名护法喉咙，唐熊亦斩杀最后一名护法。,绝杀陷阱爆发，护卫梁雍毙命，东伯雪鹰枪法首次凌厉展现，三护法被灭。
青河郡司家,快逃！,转折高潮、悬念设置,伏笔、高潮,"东伯雪鹰自然走到队伍最前，四人继续深入地下大殿；大殿内宝座上坐着怪物般壮汉神使，卢怀如恭敬侍立一旁；神使觊觎余靖秋美貌、欲杀两男留女；老银月骑士唐熊认出神使身份大惊失色，喊""快逃""即被神使以天地之力压制、掷金属块穿透头颅毙命；卢怀如落下三重闸门封死退路；司柏荣跪地求饶，余靖秋宁死不屈；东伯雪鹰开口""竟然让我碰到了一名称号级存在""。",神使称号级身份曝光，唐熊毙命，退路封死，东伯雪鹰挺身迎战。
青河郡司家,大碰撞,战斗描写、转折高潮,战斗、高潮,"东伯雪鹰展露锋芒与神使正面对决，神使以天地之力压制对其影响甚微；双方先以暗器交锋——东伯雪鹰甩出短矛威力惊人、神使掷黑色弧形镖；继而近身肉搏，东伯雪鹰双手怒劈长枪逼退神使十余步，神使施""血斧轮回""连绵斧攻被东伯雪鹰一枪横扫震退撞墙；东伯雪鹰凭力量圆满如一、超凡枪术及神兵飞雪神枪压制神使一头。",东伯雪鹰与称号级神使正面大战，枪法大师之力压制对手，称号级巅峰对决展开。
青河郡司家,禁术,设定揭示、战斗描写,战斗、揭示、设定,"神使施展魔神所授禁术，将壮硕身躯（两米四五）缩小至一米八，血肉筋骨化为黑色气流缠绕体表宛如恶魔，实力全方位飙升；东伯雪鹰毫不畏惧，玄冰枪法""飘雪""铺天盖地笼罩神使；神使以""血斧灭世""将黑色气流缠于血斧增大威力横扫，东伯雪鹰被迫变招连连后退被压制；东伯雪鹰决意爆发力量血脉。",魔神禁术使神使实力飙升，东伯雪鹰被压制决意爆发太古血脉。
青河郡司家,分生死,战斗描写、转折高潮,战斗、高潮,"东伯雪鹰爆发太古血脉（隐约血红色气流环绕），枪法速度飙升，单手甩刺逼神使合斧抵挡，继而无数枪影笼罩连刺数百枪；神使仓皇防守不敢对攻，最终长枪从双斧缝隙刺入贯穿神使喉咙毙命；东伯雪鹰取下神使两枚大型储物戒指（空间均约三米长宽高）；揭示神使真名""血斧骑士仇凡""（称号级、从薪火世界逃出的魔神使者），除已死的唐熊外无人知其身份。","东伯雪鹰爆发力量血脉击杀称号级神使""血斧骑士仇凡""，收获两枚大型储物戒指。"
青河郡司家,你，还好吗？,转折高潮、情感展现,情感、高潮,"卢怀如疯狂触发机关令整个地下大殿爆炸同归于尽；余靖秋瞬发寒冰倾斜面卸力，司柏荣竟抓住余靖秋手臂将其当盾牌挡在身前；东伯雪鹰感应爆炸瞬间持盾冲向二人，一脚踹飞司柏荣，单手抱住余靖秋以身体和盾牌护住她；大殿完全崩塌，二人被数米厚乱石掩埋；余靖秋在黑暗中听到东伯雪鹰问""你，还好吗？""，心生激荡，视其为""了不起的大英雄""。",卢怀如自爆同归于尽，司柏荣无耻以余靖秋为盾，东伯雪鹰舍身相救，二人情谊萌生。
青河郡司家,收获，返回,情节推进、人物心理,情感,东伯雪鹰单臂顶开乱石带余靖秋脱困，寻找尸体发现神使、唐熊、卢怀如、司柏荣均支离破碎；东伯雪鹰将梁雍、司柏荣、唐熊三人的储物宝物交龙山楼人员送还其家族（一件未取）；龙山楼飞舟送二人返郡城；余靖秋问东伯雪鹰住处，得知其居仪水城雪鹰领；东伯雪鹰暗喜此次收获使己成青河郡排前十的巨富。,任务收尾，东伯雪鹰拾金不昧交还遗物，与余靖秋返郡城，收获巨富。
青河郡司家,法师交流,装备获取、伏笔埋设,伏笔、奖励,"飞舟次日抵郡城龙山楼，余靖秋回长风学院本院研究法术触动；东伯雪鹰在郡城""绯月楼""一掷二十万金币，为弟弟购五件天阶极品法师器具、法杖法师袍（给孔悠月），又购炼金内甲战靴等给宗叔铜叔自己，获绯月楼九折紫金牌；返程两天回到雪鹰领；宗凌告知司家天才法师""司尘""（20岁、流星级两年）两日前到访拜访白源之交流研究，东伯雪鹰心生疑窦。",东伯雪鹰豪掷二十万金币采购大量装备，司家法师司尘到访伏笔埋下。
青河郡司家,姬容,人物引入、伏笔埋设,人物、伏笔,东伯雪鹰设家宴见弟弟女友姬容（白源之弟子、小巧玲珑的小美女），赠其约一千金币的绿宝石项链；另赠孔悠月风吟木法杖（两千金币）及天阶法师器具衣袍（一万八千金币，实为阎文大师所制）；姬容识破衣袍乃法师器具后，私下向青石挑拨——东伯雪鹰随手送孔悠月上万金币宝物、东伯家族或藏巨富、青石应防备哥哥、亲兄弟应明算账，以自己父亲被大伯扫地出门的经历佐证。,姬容登场并挑拨青石兄弟关系，东伯家族财产伏笔与姬容心机埋下。
青河郡司家,青石的心思,人物心理、情感展现,情感,"姬容挑拨令青石眼红流泪，怒斥""我和我哥的感情你根本不懂""；姬容表面认错，内心仍暗算东伯家族巨富、欲继续渗透；青石回城堡途中自省，忆起哥哥当年为五万金币拜师费写欠条、去毁灭山脉冒死杀银月狼王，断定父母并未留巨富，坚信哥哥从未骗自己；东伯雪鹰在书房向宗凌铜三透露任务中斩杀一称号级敌人获巨富，赠弟弟青石五件天阶极品法师器具、法力储存吊坠、大型储物戒指及一批法术卷轴，叮嘱万勿外泄。",青石被挑拨后更坚信哥哥，东伯雪鹰赠弟弟重宝并郑重嘱托保密，兄弟情深展现。
青河郡司家,东伯雪鹰，称号级？,悬念设置、伏笔深化,伏笔,"东伯雪鹰向青石交代最后一件法力储存吊坠及大型储物戒指（三米长宽高、价值近百万金币），叮嘱伪装勿泄露，连女友姬容都不可说；东伯雪鹰察觉青石情绪异常（临走拥抱），推断与女友有关，请宗凌连夜送信给龙山楼司安，以最高级别查清姬容一切情报；东伯雪鹰向宗叔铜叔隐瞒已达称号级实力不告诉青石（怕其张扬）；龙山楼司安收到郡城命令——东伯雪鹰""疑似称号级、五成可能""，安阳行省总楼已重点关注。",东伯雪鹰请龙山楼查姬容底细，龙山楼郡城已判定其疑似称号级，东伯雪鹰身份悬念升级。
青河郡司家,天人合一,悟道、转折高潮,修炼、高潮、爽点,"东伯雪鹰接待司家天才法师司尘（20岁流星级、与司柏荣判若两人），感叹法师皆智慧非凡；东伯雪鹰感应心灵变化至关键，登城堡屋顶参悟天地，俯瞰青河万里如梦如幻；心灵冲破肉体禁锢""破壳而出""与天地融合，达成""天人合一""境界，受天地力量滋润脱胎换骨，心灵力量强大十倍百倍；直接掌控天地火焰力量涌入体内，预计半月内斗气跨入银月骑士级、两月内身体力量再翻倍。","东伯雪鹰突破""天人合一""境界，心灵脱胎换骨，正式具备跨入超凡的希望。"
青河郡司家,斩断烦恼丝（本篇终章）,转折高潮、情感展现,情感、高潮,"东伯雪鹰天人合一后感应到孔悠月与弟弟孔昊的谈话，识破孔悠月虚伪欺骗本性——受父命接近、称东伯雪鹰为""武疯子""、已转而追逐司家司尘、认为东伯雪鹰没情趣；东伯雪鹰心如刀绞，六年情感竟全是伪装欺骗；东伯雪鹰闯入孔悠月小院当面揭穿，孔悠月谎称""父亲逼的""已无济于事，被心灵力量压迫下带弟弟离去；东伯雪鹰""快刀斩乱麻""斩断六年情感纠葛，自嘲看人不准，转而思索父母般的生死爱情及将来跨入超凡之路。",孔悠月虚伪本性被识破遭驱逐，东伯雪鹰斩断烦恼丝，全篇以天人合一与情感了断收束。
项庞云战东伯雪鹰,玄冰枪法之血雨,设定展开、悟道,修炼、设定、爽点,"东伯雪鹰在雪石城堡练武场练成《玄冰枪法》第二层""血雨""，此招将天地之力利用至极致，枪法速度极快；自述创法者""谷元寒""（寒冰骑士）于超凡极高层次时整理此枪法，东伯雪鹰天人合一后学此招亦费六天。练枪间东伯雪鹰感叹天地自然浩瀚，自己的枪法奥妙与之相比微不足道，生出敬畏。同期，青石携女友姬容下山往仪水城游玩。途中遇一支暗红甲铠骑兵，领头白衣三角眼青年（崔琥）见姬容貌美上前调戏，灰袍骑士（赵老五，流星骑士）认出是雪鹰领人劝崔琥收手，崔琥不愿弱了气势，下令""男的全部杀掉，小美女带走""，灰袍骑士跃下马匹施展青色护体斗气杀来，雪鹰领士兵以破星弩分散反击。青石情急之下手一翻出现一五阶法术卷轴。","东伯雪鹰练成""血雨""枪法并感叹天地浩瀚；弟弟青石在仪水城遭贵族崔琥调戏姬容并下令追杀，被迫掷出五阶法术卷轴保命。"
项庞云战东伯雪鹰,来历？,战斗描写、伏笔埋设,伏笔、战斗,"青石掷出五阶法术卷轴""雷电森林""，九十九道青色雷霆劈下，八道同时劈中流星骑士赵老五将其化为焦炭，一道误中崔琥将其轰成粉碎，暗红甲铠士兵亦被波及毙命，雪鹰领士兵因分散避让无一伤亡。残兵二十余骑逃走，被破星弩追杀逃脱十六人。青石携尸体返回雪石城堡，东伯雪鹰询问吴队长经过，得知对方非仪水城人、无活口、白衣少爷尸体被毁、流星骑士成焦炭，命宗凌三时辰内从遗物查身份，查不出则请龙山楼查。视角转至毁灭山脉边缘第三师团，崔琥之叔（独眼军官、后勤主管）得知侄儿被杀，咬牙切齿要东伯青石、东伯雪鹰及整个雪鹰领陪葬，立即通过帝国军队传讯系统将消息报至青河郡城大哥崔金鹏。另一条线：距第三师团十余里高山上，一只四蹄漆黑、通体雪白的小狼（银月狼王之子，父母均被人类猎杀）遥望军营，一黑袍白发老者出现，问其是否恨人类，赐其白骨权杖之力使其化为五六岁人类孩童之躯，令其称自己为""父亲""，要带其十年后再入人类世界复仇，二人凭空消失。",青石以五阶法术误杀崔琥；崔家独眼军官传讯崔金鹏报丧；黑袍白发老者将丧亲小白狼化为人类孩童，埋下复仇与项庞云真实身份的关键伏笔。
项庞云战东伯雪鹰,血刃酒馆内,人物引入、矛盾展现,人物、冲突,"夜，青河郡城地下世界老大崔金鹏（外号""疯狗""，司家忠犬，出身贫民窟踏尸血上位）于豪奢府邸中因独子崔琥之死癫狂怒杀十二名仆人。其弟""野狼""（狼人族银月骑士）劝杀过去，崔金鹏分析己方仅三名银月级、无把握攻雪鹰领老巢，决定走""血刃酒馆""悬赏之路。血刃酒馆为与位面历史同寿的古老超然势力，发任务赏金自定、自取八成、杀手得两成。崔金鹏裹黑袍持血刃令入酒馆二楼，对紫袍女子提出灭仪水城雪鹰领东伯全族、特别杀东伯青石与东伯雪鹰。紫袍女子据晶球情报（东伯雪鹰十五岁斩银月狼王、阴影豹，血刃酒馆认为其十五岁即银月骑士、近五十万金币花销，三成可能已是称号级）定价三百万金币。崔金鹏仅攒百万金币无力支付。",崔金鹏丧子癫狂，赴血刃酒馆悬赏灭东伯全族，因东伯雪鹰或为称号级而被定价三百万金币，无力支付。
项庞云战东伯雪鹰,杀手,人物引入、悬念设置,人物、伏笔,"崔金鹏无力付三百万，改悬赏仅杀""凶手""东伯青石，紫袍女子定价一日内杀东伯青石需一百万金币（因雪石城堡戒备森严、时间紧、需面对东伯雪鹰）。崔金鹏倾尽百万金币家底成交。血刃酒馆连夜通知青河郡境内三位称号级战力杀手，因任务有东伯雪鹰（可能称号级）作阻，得任务者皆为称号级战力。最终确认杀手为代号""风魔""的称号级战力刺客。视角转至郡城一座院落，风魔（银灰软甲、青铜护心镜、银灰面具、身体经炼金改造+炼金宝物达称号级战力）与三名手下（白发银月法师、两名银月骑士）聚集，风魔劝""大哥""不必亲去，认为二十二岁的称号级不可能。坐主位者乃青河郡第一强者、最可怕公开杀手项庞云（暗红衣袍壮汉、血红色眸子、煞气极重、连司良红在龙山榜上都被其压一头），他表示司良红躲着不出、自己筋骨痒、若东伯雪鹰真是称号级便有""玩物""，定下明早出发往仪水城雪鹰领。","崔金鹏百万金币悬赏杀东伯青石，血刃酒馆派称号级战力刺客风魔执行；青河郡第一强者项庞云主动随行，视东伯雪鹰为难得""玩物""。"
项庞云战东伯雪鹰,威胁,人物心理、伏笔深化,伏笔、情感,"次日清晨，项庞云等五人乘黑色炼金飞舟升空往仪水城，项庞云笑称二十二岁的称号级是""难得一见的玩物""。雪鹰领，东伯雪鹰于雪石山悬崖俯瞰，三名骑士回报：司安楼主称仪水城无贵族少爷暴死消息，已上禀青河郡郡城龙山楼，三天内出结果。东伯雪鹰收司安送来的卷宗，内含姬容情报：姬容父姬五海被家族大伯踢出后寄居母族晏家受歧视，九岁后外出一年获巨富而归，大伯家族与晏家随即破败；龙山楼据蛛丝马迹怀疑姬五海（及妻女）为邪神信徒，确证待查；姬五海一家伪善凶残（如姬容九岁时小乞丐冲撞被仆人折磨致死）。东伯雪鹰判定姬容心机深、善伪装、骨子里凶残，决定令其离开弟弟。下午姬容入城堡探青石，东伯雪鹰于走廊拦住她，点破六年前小乞丐惨死之事，以天人合一心灵力量压迫，限其三日内与青石分手，否则""手段会比你想的更可怕""。",龙山楼查出姬五海一家疑为邪神信徒且伪善凶残；东伯雪鹰以心灵力量威胁姬容三日内与青石分手。
项庞云战东伯雪鹰,分手,情感展现、矛盾爆发,冲突、情感,"姬容辩解无效，东伯雪鹰冷酷命其三日内分手否则""我帮你做到""。姬容权衡后认定无法反抗东伯雪鹰（十五岁灭弯刀盟、今更可怕），决定放弃。姬容找到青石提出分手，称""喜欢上了别人""，又透露是东伯雪鹰调查她、认为她不是好女孩、已下通牒令其离开。青石闯入练武场质问哥哥，东伯雪鹰承认并出示龙山楼卷宗（隐去邪神信徒嫌疑一节）。青石为姬容辩护，认为情报未必全真、即便属实也是姬五海之罪与姬容无关、姬容童年可怜无辜。东伯雪鹰坚持，提出""三年""期限（让白源之赶走姬容、三年内查清姬家虚实，若姬容真好则不阻拦）。青石愤怒拒绝三年之期，痛斥哥哥""自大狂""""太让我失望""，泪奔而出。东伯雪鹰心痛落泪，腰杆弯了，气势尽失，嘱宗凌三天内严控青石不出城堡。夜，东伯雪鹰独坐主楼屋顶饮酒，弟弟伤人话语回响心头。夜幕降临，一艘黑色炼金飞舟已到雪石城堡上空。",姬容被迫与青石分手；青石与哥哥激烈冲突、痛斥哥哥失望；东伯雪鹰心痛落泪；项庞云一行的飞舟已抵雪石城堡上空。
项庞云战东伯雪鹰,潜入,战斗描写、转折高潮,战斗、高潮,"炼金飞舟上，风魔等四人出舱，白发法师以紫杖施加持法术（隔绝气息、扭曲光线），四人跃下飞舟降至城堡主楼旁空地（避主楼警戒法阵），风魔率两银月骑士潜入，白发法师留守。书房内东伯雪鹰看书时以天人合一感知到有人潜入，断定与那贵族少爷家族有关，开门迎敌。风魔上走廊时，东伯雪鹰天地之力笼罩城堡数百米，四人尽被压制，两名银月骑士腿软欲逃。风魔惊骇东伯雪鹰二十二岁即天人合一（称号级），感叹其凭自身力量达成而非外力。东伯雪鹰持长枪现身，一枪快过一枪，第一枪震退风魔，第二枪震其双臂麻木，第三枪刺穿风魔喉咙毙命。东伯雪鹰判断风魔""也有称号级实力""，余下三杀手在其天地之力笼罩下如""小蚂蚁""。",风魔等杀手潜入被东伯雪鹰天人合一之力压制，东伯雪鹰三枪击杀称号级战力刺客风魔，余下三人待毙。
项庞云战东伯雪鹰,降临,人物引入、转折高潮,人物、高潮,"东伯雪鹰审问三名杀手，得知是血刃酒馆任务、不知下达者，遂以三枚飞镖射杀三人（眉心小洞）。飞舟上的项庞云俯瞰目睹风魔被三枪击杀，瞳孔一缩后狂喜，断定东伯雪鹰二十二岁天人合一、有八九成超凡把握，是""难得的玩物""，若龙山楼确认恐被超凡组织邀请，决心杀之。项庞云一跃而下。东伯雪鹰正查看风魔尸体上的青铜护心镜（炼金宝物），忽感高空异动，见暗红衣袍壮汉携血红色气浪如魔神降临，认出是项庞云。东伯雪鹰操纵天地之力与血红色气浪于百米高空碰撞，感知到其中无尽杀意（杀杀杀之声在心中响起），凭坚定心志轻易抗住。宗凌赶来，东伯雪鹰令其照顾青石。项庞云落于内城堡城墙墙垛，血色气浪压趴士兵、令弱者七窍流血。项庞云公开此行是血刃酒馆任务杀东伯青石，调戏东伯雪鹰""乖乖让开，杀了你弟弟我转头就走""。东伯雪鹰冰冷回应""除非我东伯雪鹰死，否则谁都别想伤我弟弟！你项庞云也不行！""青石闻声出来见此幕心酸。项庞云狞笑""那你就去死吧""，自城墙轰然冲出，一道雪白刀光划过长空。",项庞云如魔神降临雪石城堡，公开扬言杀东伯青石；东伯雪鹰以命护弟，双方大战一触即发。
项庞云战东伯雪鹰,交手,战斗描写、矛盾展现,冲突、战斗,"东伯雪鹰长枪上挑硬碰项庞云俯冲怒劈的雪白刀光，炸响产生冲击波，东伯雪鹰双脚陷地至膝，项庞云借反震落地。项庞云左手掷血色飞镖射向城堡主楼上的东伯青石，东伯雪鹰以天地之力气罩阻偏飞镖，飞镖射在距青石三米多远的墙壁上。东伯雪鹰冷嘲项庞云""用我弟弟来影响我，真让我瞧不起""。双方化作幻影交手，项庞云持刀不断进逼欲近身（刀利于近身），东伯雪鹰持枪不断后退维持距离（枪利于距离），交手从城堡内打到城墙外。青石欲追去观战，宗凌、铜三制止，称两位称号级交手误伤可杀银月级，留主楼观望。项庞云嘲东伯雪鹰引他出城堡是怕伤手下，又言风魔等死与自己无关、当杀手就该有死亡觉悟。东伯雪鹰判断项庞云交手中仅稍占上风，自己力量血脉未爆发，按龙山榜推断自己天人合一+练成血雨应入前一千名，与司良红、项庞云差距已很小。项庞云点出东伯雪鹰""力量圆满如一""的枪法大师境界之难得，问其先天人合一还是先力量圆满，东伯雪鹰以""你猜呢""回应。项庞云言""今晚必死无疑""，再度杀来。东伯雪鹰瞬刺三枪（面、心、喉）。此时雪石山法师楼的白源之、孔悠月等众人皆出楼观望。",东伯雪鹰与项庞云正面交锋，项庞云以飞镖射青石被气罩阻偏；双方从城堡内打到城外，实力相近；项庞云点出东伯雪鹰力量圆满如一的枪法大师境界。
项庞云战东伯雪鹰,瞠目结舌,转折高潮、人物心理,情感、高潮,"孔悠月出法师楼，认出交战一方是持银灰长枪、雪花飘飘的东伯雪鹰，震惊其竟是称号级（二十二岁）。孔悠月回想父亲孔海当年要她嫁东伯雪鹰、自己一直视其为偏僻小城武疯子、后转向司家子弟司尘、东伯雪鹰发现其真面目后她满不在乎，如今方知错得多离谱。白源之大法师咆哮认出用刀者是项庞云（青河郡第一强者、比司家老祖还厉害），令众弟子躲入法师楼。白源之招出炼金生物""黑月蜈蚣""，携司尘、孔悠月、姬容飞上高空避战，并欲去雪石城堡接青石同避。白源之与司尘惊叹东伯雪鹰二十二岁能与项庞云厮杀相差无几，断言再过五六年将超越项庞云、司良红成青河郡第一，司尘赞""有望踏入超凡""。孔悠月、姬容皆震撼，姬容意识到雪石城堡最可怕的是东伯雪鹰这个人；孔悠月怅然意识到自己或许错过了人生最重要的机会。项庞云突然爆发，力量速度全面提升，将东伯雪鹰完全压制，轰得其倒飞撞山、踉跄后退。项庞云狞笑称之前只是""陪你玩玩""，现在""该送你去死了""。东伯雪鹰被逼至绝境却毫无惊慌、只剩疯狂兴奋，体表隐现血色气流、生命气息暴涨——力量血脉爆发。一枪横扫百米，项庞云一刀怒劈却被震得连退六步、撞树炸裂，项庞云吃惊自己竟处下风。黑月蜈蚣上的白源之等人与雪石城堡的青石、宗凌、铜三皆难以置信，青石一方激动。",孔悠月等震惊东伯雪鹰是称号级；项庞云爆发压制东伯雪鹰，东伯雪鹰力量血脉爆发反压项庞云，战局逆转。
项庞云战东伯雪鹰,见机不妙,战斗描写、转折高潮,战斗、高潮,东伯雪鹰力量血脉爆发后实力翻倍，长枪如龙连攻，一枪崩劲将项庞云震飞撞山石龟裂，枪枪夺命，项庞云惊骇其实力暴涨之夸张。黑月蜈蚣降雪石城堡接宗凌、铜三、青石上高空避战。青石此时心境已变——目睹哥哥生死危机后，白天对哥哥的怒气尽消，冷静回想后认定姬容同样是一面之词、龙山楼情报更可信，若情报属实则姬容一家令人不寒而栗。黑月蜈蚣刚升高空，形势再变：项庞云体表护身斗气消失、气息更强——他三十年未全力以赴，连司良红都不愿与他真战，今为东伯雪鹰全力以赴，斗气急剧爆发消耗、护身斗气收回体内供应，实力暴涨。东伯雪鹰被轰得连连倒退闪躲，一道白色刀光快如闪电，东伯雪鹰竭力以枪尖变向，刀光扫过周围山石树木整齐切割开。东伯雪鹰感到危机，判断项庞云真正实力远超自己、自己已全力以赴仍不及龙山榜五百名。青石等在高空紧张万分，姬容暗暗期待东伯雪鹰死，孔悠月心态矛盾。东伯雪鹰见弟弟已上高空安全，决意保命逃走，借一次兵器碰撞借力飞窜两三百米远，项庞云狞笑追杀。,项庞云三十年首次全力以赴（斗气秘术爆发），实力暴涨反压东伯雪鹰；东伯雪鹰见弟弟安全后决意逃命，追逐战开始。
项庞云战东伯雪鹰,追逐战,战斗描写、氛围营造,战斗、设定,"东伯雪鹰拼命飞奔，天地之力阻挡身后血红色气浪，项庞云追逐、距离不断缩小。东伯雪鹰奔至雪石山一山崖边，一跃而过半空朝对面大山，项庞云紧追。称号级借天地之力可慢飞但太慢（仅千斤力气），空中不易借力、无法发挥极致，故少在空中交战。双方落对面大山半山腰继续飞窜，东伯雪鹰长枪扫巨石砸向项庞云被其一脚踏过。追过三座大山后，于第四座大山跃出半空交手数十招，双方皆聪明避硬碰硬（硬碰硬项庞云遭反震减速、东伯雪鹰可借力逃），项庞云刀法一转不给硬碰机会，东伯雪鹰枪法或化弧线漩涡或快如闪电使项庞云一时无法得逞。落地后东伯雪鹰变向再逃。项庞云改策略：全力以赴正面压制，即便东伯雪鹰借力逃窜，每次交手自己都有取胜杀机。乱石滩（旁有数千米宽青河）双方再交手数十招，东伯雪鹰寻得机会借反震力踏青河水面飞奔，项庞云追逐。黑月蜈蚣（半音速）上众人紧张观战，白源之称二者""接近超凡""、龙山榜最前者可斩弱小超凡，项庞云五百名应近乎超凡实力。青石自豪又紧张担心且愧疚（此战因他而起）。追逐过百里交手九次后，东伯雪鹰望见前方一座穿透云层的高大巍峨大山——黑风崖，自认""唯一的活命机会就在这""。",东伯雪鹰与项庞云追逐战过百里，于青河水面如履平地；东伯雪鹰奔向绝地黑风崖以求生机。
项庞云战东伯雪鹰,黑风崖上,环境铺陈、战斗描写,战斗、设定,"东伯雪鹰飞速上冲，项庞云追。随风越来越猛、渐呈黑色，项庞云脸色骤变认出是""黑风崖""，明白东伯雪鹰欲借旁边的绝地""黑风渊""求生。黑风渊乃毁灭山脉外数百里的一处绝地，数十万年历史，超凡以下深入者无一活着出来，狂风漩涡可将称号级活活摔死。项庞云疯狂追逐。半山腰两千多米处双方再交手，项庞云占上风但差距未到绝望，东伯雪鹰见生机战意更拼，硬碰硬借力继续上冲。东伯雪鹰终登黑风崖山顶（光秃秃两三百米、寸草不生、黑色狂风呼啸），旁有数千米范围的黑色狂风漩涡通往山渊最深处，称号级在漩涡前亦感弱小。崖上风力数千斤、近崖边过万斤，仅称号级能站稳，银月级会被卷入。东伯雪鹰激项庞云""敢在黑风崖上生死一战吗""，言黑风渊超凡以下深入者皆死、被卷入下坠超音速称号级会摔死。项庞云言已活一百多年、当杀手不怕死，""今天陪你战一场看谁死""，适应狂风后杀来。双方在狂风下搏杀，兵器碰撞反震易致离地被卷入，东伯雪鹰借枪刺地反弹闪躲，项庞云借刀劈山石借力。崖顶出现大量裂痕沟壑，石头抛飞被卷入黑风渊。",东伯雪鹰登上绝地黑风崖，借黑风渊之险与项庞云生死搏杀；双方在狂风下以命相搏，崖顶崩裂。
项庞云战东伯雪鹰,大功劳,转折高潮、设定揭示,揭示、设定、高潮,"黑月蜈蚣悬停云层之上，众人紧张观战。白源之称黑风渊卷入凡人必死、仅超凡能活出。青石急问项庞云为何追哥不放，白源之叹项庞云是疯子、以杀戮为乐、视东伯雪鹰为最好猎物。时间推移，东伯雪鹰行走在生死边缘，故意近崖边让项庞云顾忌。双方一次交手分开，项庞云不甘东伯雪鹰斗气未消耗光，东伯雪鹰兴奋断定项庞云斗气秘术将尽、自己把握住生机（东伯雪鹰消耗体力比斗气爆发更持久）。项庞云不解东伯雪鹰斗气何以比自己多（其斗气修行已超凡以下圆满、法门乃""父亲""所授）。项庞云毫无惊慌，反赞东伯雪鹰二十二岁天人合一+力量圆满如一、实力可入龙山榜前一千、八九成超凡把握，随后狞笑""一个未来的超凡，杀死你这可是大功劳""——身躯膨胀、皮肤现黑色鳞片，化为体长超十米、高六米、有一对鳞甲翅膀、血色眸子的四蹄黑甲异兽（六阶魔兽异种，觉醒太古血脉）。东伯雪鹰惊呆判定其为六阶魔兽异种。揭示项庞云真身：乃第二章小白狼被黑袍白发老者赐人类身躯后化名混入人类世界百余年，此次主动跟来是为杀东伯雪鹰这个""大功劳""（比杀其他称号级十个二十个功劳还大）。四蹄黑甲异兽冲来，东伯雪鹰闪电一刺仅裂鳞甲未穿透（鳞甲叠加需穿两三片），异兽蹄爪怒扑，东伯雪鹰狼狈窜开。判断异兽实力比人身状态更强（龙山榜五百名→约前一百至两百名），三次飞扑后东伯雪鹰躲避不开，长枪横挡仍被蹄爪拍飞倒退，长枪刺入山石一米深才停下。异兽再杀到。","项庞云斗气将尽之际显出六阶魔兽异种真身，实力暴涨碾压东伯雪鹰；揭示项庞云即第二章被黑袍老者赐身的小白狼，杀东伯雪鹰乃为""大功劳""。"
项庞云战东伯雪鹰,超越生命的渴望,转折高潮、情感展现,情感、高潮,"黑月蜈蚣上众人见项庞云化为六阶魔兽异种皆惊呆，司尘呼""六阶魔兽异种""。青石流泪喊""不要""，宗凌、铜三急疯。白源之见异兽有翅膀（六阶飞禽魔兽速度远超黑月蜈蚣半音速），令黑月蜈蚣立即逃命，否则众人皆死。黑月蜈蚣转弯逃窜，青石流泪死盯下方祈求奇迹。崖上，东伯雪鹰从山石拔枪闪躲，异兽翅膀扇动范围极大，一扇将东伯雪鹰拍出黑风崖范围，被黑风漩涡席卷往后飞。异兽冲出黑风崖半空，羽翼一震轻易停住（飞行魔兽天生擅用风、羽翼力量极强，漩涡中央都能硬扛），不再追杀（恐深入漩涡危险增加，且黑风渊足以杀东伯雪鹰），欲转身追杀黑月蜈蚣上众人。东伯雪鹰目光望见远处逃窜的黑月蜈蚣上焦急痛苦的宗叔、铜三、崩溃欲冲出的弟弟青石，青石遥遥伸手喊""哥""。东伯雪鹰瞬间流泪，脑中浮现青石从小到大一幕幕（喊""哥哥抱""""哥哥坏人""""跟你睡""""给你吃一半""""我已经是法师啦""），一股无比强烈意志贯穿灵魂——谁都别想杀弟弟，即便死也要从地狱爬出来。东伯雪鹰怒吼，右手现短矛，全身陡然爆发耀眼火焰（周围半空皆现火焰），短矛被火焰环绕如流星射出。异兽大惊仓促抵挡，短矛噗嗤刺入其胸口、矛尖从后颈冒出。东伯雪鹰连掷第二、第三根短矛，第二根射穿异兽下腹大窟窿，第三根直接射穿异兽头颅脑壳对穿。异兽难以置信，临死确认东伯雪鹰早已力量圆满如一、已达""万物境""——技近乎道之后神而明之、开始参悟天地自然，万物境乃超凡生命对天地自然初有所悟之境，龙山帝国含百岁称号级在内达此境者不足五十人，龙山榜前五十方可掌握，足以斩杀伪超凡。东伯雪鹰六年参悟天地自然+《火焰三段法》感受火焰奥妙+生命最后爆发，终突破至万物境，掌握""火""之奥妙。然火焰力量仅万斤，身体不断后退近漩涡中央（狂风数十万斤无法抵挡），注定陨落。东伯雪鹰望逃窜的黑月蜈蚣，露解脱笑容——弟弟活下来就足够了。狂风席卷，东伯雪鹰微笑看着高空蜈蚣上的亲人，不断坠落。","东伯雪鹰为护弟弟、意志爆发突破万物境，掌握""火""之奥妙，以火焰短矛三连射杀六阶魔兽异种项庞云；自身被卷入黑风渊，微笑坠落。"
项庞云战东伯雪鹰,坠落,转折高潮、悬念设置,伏笔、高潮,"黑月蜈蚣上众人见东伯雪鹰全身火焰、短矛三连射杀魔兽异种，皆愣住后大喜。宗凌反应最快喊快救雪鹰，青石同喊。白源之驾驭黑月蜈蚣俯冲，然东伯雪鹰已被卷入漩涡中央下坠，白源之暗叹来不及、黑月蜈蚣亦不敢靠近。孔悠月心思复杂，姬容眼中却狂热（盼东伯雪鹰死、欲得遗物""献给伟大的神""）。东伯雪鹰见旁坠的异兽尸体，以铁钩绳索甩缠其脖、借力上升落于尸体上，双腿发力+火焰一飞冲天，然漩涡力量太强仅跃五十余米便下降。黑月蜈蚣不敢再靠近，青石、宗凌、铜三焦急无奈。东伯雪鹰身体不受控下降，雄浑喊话弟弟""好好活下去，别让我失望""""就算坠入黑风渊，我也会活着出来""，目光扫过众人见姬容，惊其又近弟弟，强令白源之明日赶姬容出雪石山、禁入一步，白源之应允。东伯雪鹰豪气与白源之约""待我从黑风渊归来定喝一杯""，白源之高声""时刻恭候""。东伯雪鹰不断下降、火焰身影渐模糊，微笑看着弟弟，终完全坠入漩涡深处不可见。青石情绪完全崩溃，凄厉喊""回来，给我回来，我一定听你的话，不会再骂你了，回来啊""。宗凌、铜三流泪抱青石，暗誓照顾好青石，铜三安慰""你哥天资纵横，一定能活着回来""。白源之、司尘感叹东伯雪鹰二十二岁即万物境、龙山帝国一两百年才出一个、足以斩杀伪超凡，可惜刚露锋芒便陨落；又言大战动静传开龙山楼将至、东伯雪鹰将真正出名，只惜已晚。黑风渊中，东伯雪鹰引天地火焰竭力减速仍不断加速突破音速，见下方坠速较慢的异兽尸体，以火焰裹住尸体减速、自身加速追上，于尸体前胸鳞甲夹层发现储物手环（内含宝物、食物、金票珠宝），炼化后未找到卸力辅助之物。东伯雪鹰以飞雪神枪切割下异兽一边鳞甲翅膀（超十米长、五米宽、中空结构、重量一般），刺破鳞甲抓其支撑骨骼撑起翅膀，借气流冲击力减速、与尸体脱离，天地火焰包裹，速度虽减缓仍突破音速，时被旋转风力掀翻再艰难撑起，竭力求生。下降七八千米时，东伯雪鹰透过黑风瞥见约两里外山壁盘踞一头过千米长的类龙黑色生物，金色眸子扫视一眼令其灵魂战栗——明白超凡以下自古深入者必死之故。坠落速度极快，瞬间不见那黑色生物，继续朝更幽深黑暗处坠去（本篇终章）。",东伯雪鹰坠入黑风渊与弟弟诀别，强令驱逐姬容；坠落中以异兽翅膀+火焰竭力减速求生，瞥见渊壁千米黑色巨兽，生死未卜坠入深处，全篇以悬念收束。
初识超凡,落地,环境铺陈、转折高潮,设定、高潮,东伯雪鹰坠入黑风渊过程中借助项庞云魔兽尸体的鳞甲羽翼减速，在离谷底百米处狂风消失得以大幅减速，但仍以超音速砸入山石，左臂胸骨脏腑受伤。他发现谷底远处有散发蒙蒙青光的洞府宫殿及大量黑甲士兵巡逻，黑甲士兵身体为黑雾凝聚、双眸泛红光，非生命亦非魔兽。东伯雪鹰躲入山壁小洞窟养伤，以项庞云储物宝物中的食物充饥。同时雪石城堡方面，龙山楼司安大人深夜赶来询问东伯雪鹰与项庞云下落。,东伯雪鹰坠入黑风渊谷底侥幸生还，发现超凡级洞府宫殿与守卫，黑风渊脱困线正式展开。
初识超凡,一夜过去,人物心理、情节推进,情感,宗凌向司安大人详述东伯雪鹰与项庞云厮杀经过——项庞云暴露魔兽异种真身，东伯雪鹰以万物之火短矛击杀之，自己却被黑风漩涡卷入黑风渊。司安得知东伯雪鹰二十二岁即达万物境，震惊于其绝世天资却陨落。消息连夜上禀至超凡存在。青石在书房悲痛回忆哥哥，驱逐前女友姬容离开雪石山。次日天亮，东伯雪鹰伤势痊愈，观察谷底白昼景象，思虑食物仅够一年，决意寻找生路。,东伯雪鹰万物境实力及陨落消息震动上禀超凡层，东伯雪鹰在谷底决意寻路求生。
初识超凡,痕迹，战斗,环境铺陈、战斗描写,战斗、设定,东伯雪鹰探索谷底，发现两道由兵器劈出的巨大裂缝，从地底深处贯穿至地面，残留惊人锋芒煞气，推断为超凡生命战斗痕迹，由此初窥超凡实力之恐怖。谷底每日有黑甲士兵黑雾凝聚巡逻扫荡，一名黑甲士兵发现东伯雪鹰并追杀，双方交手，东伯雪鹰以力量横扫将其击溃消散。随即洞府宫殿方向一道更强的银眸铠甲守卫化作黑色流光高速飞来，东伯雪鹰无路可逃，跳入脚下巨大裂缝。,东伯雪鹰初见超凡战斗痕迹之威，击杀黑甲士兵后遭更强守卫追杀，被迫跳入地底裂缝求生。
初识超凡,炼金生物,设定展开、悬念设置,伏笔、设定,银眸铠甲守卫未追入裂缝。东伯雪鹰沿地底裂缝飞奔，发现银白晶玉墙壁上有巨大伤口裂缝，进入一座三百多米高、近两里见方的残破大殿。大殿完全封死且空无一物，东伯雪鹰以天地之力查探，发现一处隐藏涟漪区域——内有石床上盘坐一具泛冰蓝色的银袍骸骨（超凡强者遗骸），前有八边形水潭（灵液流转）、两尊金色异兽雕塑（猿猴与大鹏鸟）。东伯雪鹰以银币试探，金色猿猴苏醒开口说话，确认为超凡炼金生物。,东伯雪鹰发现黑风神宫地底大殿中超凡强者遗骸及两尊超凡炼金生物，寻得生路希望。
初识超凡,抓起来,战斗描写、情节推进,战斗,东伯雪鹰试探出炼金生物的攻击界限（侵入涟漪范围才攻击），遂进入界限与金色猿猴交手。炼金生物身体防御极强，长枪仅留白点；猿猴挥锁链、大鹏鸟俯冲配合，二者联手令东伯雪鹰颇为吃力被迫退出界限。东伯雪鹰判断单凭当前实力无法击败二者，决定先修行提升至身体极限再战。同时，仪水城方面龙山楼司安大人派人将疑似邪神信徒的姬容一家全部抓捕。,东伯雪鹰与两尊超凡炼金生物交手受挫，确定需提升实力方能突破；姬容一家被龙山楼抓捕。
初识超凡,超凡强者‘池丘白’,人物引入、设定展开,人物、设定,司家老祖司良红（血妖之躯伪超凡）得知东伯雪鹰之事，处死事情起因者崔金鹏以防超凡震怒时牵连司家。第三天，安阳行省最强超凡生命——长风骑士池丘白（圣级）亲至黑风渊上空，向渊底第一道守护黑龙头颅询问东伯雪鹰下落，黑头颅答有一凡人青年摔下或已死，承诺若见活着便送出。池丘白感叹东伯雪鹰天资绝世却凶多吉少，离去。黑风渊为一位极厉害强者所留洞府宫殿，只有完全击败一切守护的超凡方有资格得宝物传承。,超凡强者池丘白登场亲至黑风渊，揭示黑风渊洞府宫殿传承规则，东伯雪鹰天资受超凡层重视。
初识超凡,父亲母亲,情感展现、人物心理,情感,"东伯雪鹰与项庞云之战的消息传遍青河郡乃至安阳行省。墨阳瑜被关押于东域行省雷潮涯，从侍女口中得知儿子""同归于尽""的噩耗，悲痛欲绝。东伯烈在东香湖炼金作坊苦役时被告知同样消息，呆立失神。长风学院余靖秋闭关出关后听闻东伯雪鹰""陨落""，难以置信。而在黑风神宫地底大殿，东伯雪鹰已闭关修行近五个月，将身体提升至极限，准备再战炼金生物。","东伯雪鹰""陨落""噩耗传至父母及余靖秋，众人悲痛；东伯雪鹰在谷底修行至身体极限准备再战。"
初识超凡,请恕晚辈冒犯,战斗描写、转折高潮,战斗、高潮,东伯雪鹰实力提升后再战金色猿猴与大鹏鸟，力量已与猿猴相差无几。两头炼金生物联手以大鹏鸟纠缠、猿猴锁链阻拦，东伯雪鹰虽占上风却无法突破阻碍。东伯雪鹰悟出炼金生物消耗能量后无法动弹的弱点，遂以长时间持续战斗消耗二者能量——历经十五天反复交手（每次九个时辰、休息三个时辰即恢复），终将两尊超凡炼金生物力量耗尽。东伯雪鹰跪拜超凡骸骨行礼后取其储物手环。,东伯雪鹰以耐力战术耗尽两尊超凡炼金生物能量获胜，获得超凡强者雷真遗物储物手环。
初识超凡,海神宫长老‘雷真’,设定展开、伏笔埋设,伏笔、设定,东伯雪鹰查看银色手环（三十米长宽高的超大型空间），内有黑色星光内甲（圣阶极品护身）、赤红长棍（圣阶下品兵器）、大量源石、书籍等。阅读《天水注》得知超凡之路终点为神灵；阅读无字金箔书，得知骸骨主人身份——海神宫长老雷真，圣级，活一千五百年，闭死关突破半神失败身死。雷真记载了超凡世界诸多信息（薪火世界、魔神会、巫神殿等），并说明所留宝物情况，海洋界石在水潭内。源石为世界本源之石，蕴含初始天地之力，修行极快。,雷真长老身份与超凡世界体系首次系统揭示，东伯雪鹰获得大量超凡宝物与知识。
初识超凡,出去之法,设定展开、悬念设置,伏笔、设定,东伯雪鹰阅读雷真所留地图，得知黑风神宫地底大殿有一隐藏门连接一座大型超凡世界（人类已发现仅九座，极为珍贵，不可暴露）。雷真地图标注两条出路：一为沿谷壁爬出（需躲守卫极难），二为雷真进来之路——地底岩浆河旁山石裂缝，化作水流穿行一千余里抵达黑风神宫墙壁裂缝。东伯雪鹰取走海洋界石及灵液，炼化两尊炼金生物控制符令收为仆从，尝试裂缝通道但因裂缝过窄且需超凡之力穿行而受阻，唯有修行至超凡方能脱困。,黑风神宫连接大型超凡世界的重大秘密揭示，东伯雪鹰确认唯有突破超凡方能脱困。
初识超凡,六年,设定展开、人物心理,情感、设定,东伯雪鹰决定走斗气超凡化之路（最安全稳妥的突破方式），每日吸收天地火焰力量孕养打磨体内斗气实丹。时间流逝，三年后余靖秋28岁跨入称号级法师，加入水源道观将赴薪火世界。东伯雪鹰在谷底孤寂修行六年，面容未改气质超然，逐渐适应孤寂，但发觉自己的枪法存在问题——一味追求刚猛，一鼓作气再而衰三而竭，枪法别扭不对劲。,东伯雪鹰黑风渊六年修行打磨实丹，同时发现自身枪法一味刚猛的缺陷，为悟道埋下伏笔。
初识超凡,万物之水,悟道、转折高潮,修炼、高潮、爽点,东伯雪鹰反思枪法问题，转而修炼至柔的《心意枪法》基本招式，追求刚柔结合。练枪五天后长枪旋转间自然形成水流漩涡——悟出万物之水奥妙。水火互补后枪法连绵不绝，攻击时诡异变幻、防御时引卸力道，火的奥妙也随之蜕变（刚猛为体、阴柔为线）。悟道当夜，东伯雪鹰以提升后的万物火奥妙孕养实丹，实丹表面出现毫光并凝聚出超凡斗气雾气——超凡斗气初生。,东伯雪鹰悟出万物之水奥妙并与万物之火互补，枪法走上自身道路，实丹孕育出超凡斗气。
初识超凡,超凡生命,转折高潮、设定展开,设定、高潮,东伯雪鹰六年即突破超凡，激动万分。超凡斗气逐渐增多吞吸转化称号级斗气，实丹开裂消散，丹田气海尽皆化为火焰红色超凡斗气雾气。超凡斗气继而渗透筋骨皮肉脏腑器官直至头脑，身体全面超凡化——视力隔百里清晰可见、凡俗物质无法伤身、身体可化为液体或粒子状、可飞天遁地（附于天地火焰或水流之力飞行）。东伯雪鹰尽情体验超凡之躯的神奇，两尊炼金生物齐声道贺。,东伯雪鹰正式跨入超凡生命，身体与斗气双重超凡化，飞天遁地能力觉醒。
初识超凡,我回来了,设定展开、情节推进,设定,"东伯雪鹰查探黑风神宫——发现地底大殿隐藏门连接的大型超凡世界入口（意念传递""吾，黑风""，警示未达圣级切勿入内，内有半神土著），因实力不足放弃进入。开启大殿正门见识神宫深处守护力量（两尊圣级巅峰狮子异兽雕塑），确认黑风神宫法阵极强无法攻破。遂收起两尊炼金生物，沿雷真地图裂缝通道化作火焰穿行一千余里，经岩浆河从乌雅火山口飞出，再化水流飞越一千两百里回到雪石城堡上空。",东伯雪鹰查探神宫后确认实力不足，沿雷真通道穿行地底重返人间，回到雪石城堡。
初识超凡,团圆,情感展现、转折高潮,情感、高潮,东伯雪鹰深夜降落雪石城堡，在书房与弟弟青石重逢，青石泪流满面。宗凌、铜三赶来，众人团聚欢庆，城堡上下振奋。东伯雪鹰告知跨入超凡之事（隐瞒黑风神宫秘密通道，谎称从谷底爬出）。仪水城龙山楼游图连夜禀报司安楼主，司安震惊东伯雪鹰从黑风渊活着归来，立即上禀消息并赶赴雪石城堡。,东伯雪鹰与青石、宗凌、铜三团聚，超凡归来消息经龙山楼迅速上禀，东伯家族重燃希望。
初识超凡,传播,情节推进、人物引入,人物,次日清晨，东伯雪鹰在雪石山遇到弟弟老师白源之法师，得知姬容为邪神信徒已被龙山楼抓捕、孔悠月半年前已随司尘法师前往青河郡。东伯雪鹰以超凡斗气威压向司安楼主表明超凡身份，令其震惊不已（二十八岁跨入超凡，媲美池丘白）。东伯雪鹰嘱咐司安将消息传开以吸引各方超凡组织邀请，随后化作火焰飞赴东域行省铎羽郡救母，仅两个时辰即抵达雷潮涯。,东伯雪鹰向龙山楼表明超凡身份并令消息传开，随后飞赴东域行省救母。
初识超凡,母子相见,情感展现、转折高潮,情感、高潮,东伯雪鹰在雷潮涯洞窟中见到白发苍苍、肤色晦暗、沦为废人的母亲墨阳瑜，母子相认泪流满面。东伯雪鹰为母亲洗头、清理紫袍、奉上海洋界石灵液点心，灵液令墨阳瑜伤势大好转机、肤色恢复光彩。墨阳瑜告知法力暴动缘由——得知儿子出事后急切突破银月级失败，法力溃散灵魂受伤。一名守卫闯入被东伯雪鹰无意意志波动震慑摔下雷潮涯。,东伯雪鹰与母亲墨阳瑜重逢，以海洋界石灵液治愈母亲伤势，母子团聚。
初识超凡,他是谁？,矛盾展现、战斗描写,冲突、战斗,雷潮涯守卫集结，银月骑士首领率队准备攻击。东伯雪鹰以万物之水化作水浪横扫将守卫们拍飞（手下留情未杀人），再以火焰斗气化巨掌将银月骑士拍入山石重创。银月骑士惊恐推断来者为超凡生命。洞窟内东伯雪鹰告知母亲自己已跨入超凡，继续以灵液调养母亲身体。随后带母亲飞赴东香湖炼金作坊救父。,东伯雪鹰以超凡之力震慑雷潮涯守卫，救出母亲后飞赴东香湖救父。
初识超凡,恐惧,矛盾爆发、转折高潮,冲突、高潮,东伯雪鹰带母亲飞抵东香湖炼金作坊，以灵魂波动震慑屋顶全部骑士。在法师塔内找到苦役二十年、衣衫破烂的父亲东伯烈，父母相拥而泣。东伯雪鹰告知父亲自己已超凡，东伯烈激动自豪。东伯雪鹰对墨阳家族满腔怒火欲灭族，被父母劝阻勿株连太多。东伯雪鹰飞至高空以超凡威压向整个炼金作坊宣告——自己从黑风渊活着出来，墨阳家族该恐惧了，要求族长墨阳琦前来赔罪，否则后果自负。随后带父母化作火焰流光飞回雪石城堡。,东伯雪鹰救出父亲东伯烈，向墨阳家族下最后通牒要求赔罪，携父母归家。
初识超凡,腥风血雨,矛盾收束、转折高潮,冲突、高潮,墨阳家族族长墨阳琦（伪超凡）震恐，下令为求家族生存必须让东伯雪鹰满意——逼死提议严惩墨阳瑜的阴冷老者墨阳山长老，全面抓捕清算一切算计伤害过东伯烈夫妇者。首恶墨阳辰白被炼金飞舟押送抓获，当晚经刑罚审讯后处死。家族元老们商议平息超凡怒火之策。傍晚东伯雪鹰携父母回到雪石城堡，与宗凌、铜三、青石团聚，安阳行省龙山楼总楼主羿鸿（伪超凡）已在等候。,墨阳家族内部腥风血雨大清洗，墨阳辰白被处死；东伯雪鹰携父母归家，羿鸿楼主来访。
初识超凡,圣和半神,设定展开、设定揭示,揭示、设定,羿鸿向东伯雪鹰系统介绍超凡世界体系：超凡之路分飞天、圣级、半神三大境界；圣榜三十位（池丘白名列第一，掌握空间切割真意，曾击败半神鬼神骑士酆东、击杀土著半神风吼王）、半神榜十位（贺源名列第一，半神巅峰，凝练本尊神心）；巫神殿大长老奥兰掌握生命真意，能将魔兽变化为真正人类躯体，为人类最可怕敌人。如今天下无神灵（龙山大帝已被物质世界排斥离开），半神即最强。,超凡世界圣榜、半神榜及天下顶级强者格局首次系统揭示，巫神殿大长老威胁伏笔埋设。
初识超凡,六大超凡组织,设定展开、伏笔埋设,伏笔、设定,羿鸿介绍人类六大超凡组织——大地神殿（背靠强大神灵，资源最多，有神界特殊法门）、血刃酒馆（背靠神灵，擅长杀戮）、黑白神山（两位超凡法师创立，法师多、超凡兵器法阵强，管理中部六座行省）、云雾城（管理南部四座行省）、水源道观（管理北方五座行省）、海神宫（名义管辖海外及海域）；以及投靠魔神的魔神会。深夜，血刃酒馆黑夜刀魔涂亮（圣榜第十）悄然来访，试探东伯雪鹰实力并交手。,六大超凡组织及魔神会体系完整展开，圣榜高手涂亮深夜来访试探交手。
初识超凡,圣级高手们,战斗描写、人物引入,人物、战斗,"涂亮（圣级巅峰，掌握黑夜真意）压制实力与东伯雪鹰交手，以诡异刀法技巧压制东伯雪鹰。东伯雪鹰以万物之水防御、飞镖近身反击勉强应对。涂亮惊叹东伯雪鹰同时掌握万物水火且水火互补，预言其将来有望掌握水火真意，递出血刃酒馆招揽条件（加五成）后离去。随后大地神殿水神骑士温梁（圣榜第二十一，掌握水之真意）现身，递出大地神殿招揽条件（加五成）后离去。涂亮戏称暗中偷看的温梁为""小水娘""。",血刃酒馆与大地神殿两大圣榜高手先后来访交手招揽，东伯雪鹰实力受圣级高手认可。
初识超凡,尽皆到来,人物引入、转折高潮,人物、高潮,次日，长风骑士池丘白（圣榜第一，水源道观）与左丘骑士谭石（圣榜第六，海神宫）亲至雪石城堡暂居护持。池丘白递出水源道观招揽条件（六百斤源石，足够修至圣级初期），坦言各大组织皆认为东伯雪鹰有望跨入圣级故派出圣榜高手邀请。下午傍晚，云雾城、黑白神山亦分别派圣榜高手到来。六大超凡组织尽皆发出邀请，东伯雪鹰需自行抉择。,六大超凡组织尽皆派遣圣榜高手前来邀请东伯雪鹰，各方对其超凡之路寄予厚望。
初识超凡,加入,转折高潮、设定展开,设定、高潮,"东伯雪鹰征询家人意见后选定加入水源道观（安阳行省出身、池丘白之谊、无过多束缚）。池丘白赠予黑色传讯手环（编号：水源安阳二九）及两个白色手环给家人，讲解传讯规则——意识传递、特殊编号""夏族薪火""求救、传讯无法跨世界传递、超凡世界内无法联系外界故危险。池丘白告诫跨入圣级前禁止进入其他超凡世界。东伯雪鹰计划一月内出发前往水源道观。羿鸿楼主表示青河郡将归东伯家族掌管，龙山楼听凭调遣。",东伯雪鹰选定加入水源道观，获传讯手环，超凡修行路正式开启，青河郡归东伯家族。
初识超凡,青河郡的动荡,矛盾收束、环境铺陈,冲突、设定,东伯雪鹰向家人展示五大酒缸海洋界石灵液并叮嘱严格保密。龙山楼羿鸿在青河郡展开大清洗——郡城城主、城卫军军官等司家势力被连根拔起，龙山楼派人暂时接管，水源道观传令青河郡称号级效忠东伯家族（东伯雪鹰为护法，司良红等为弟子辈）。帝国炼金大工坊内，司尘法师与孔悠月等司家法师被驱逐，孔悠月惶恐不安。东伯烈获世袭侯爵爵位。,龙山楼清洗青河郡司家势力，东伯家族正式掌管青河郡，司家失势孔悠月被逐。
初识超凡,弟弟的决定,人物心理、情节推进,情感,"东伯雪鹰超凡身份消息传遍青河郡，众人欢呼骄傲。司良红率六位称号级前来雪石城堡效忠东伯雪鹰，私下询问孔悠月处置之事，东伯雪鹰答""顺其自然""。青石决意赴长风学院拜超凡法师为师修行法术（因哥哥坠渊时的无力感觉醒），东伯雪鹰赞同并允安排。东伯雪鹰将项庞云遗留的八百多万金票留给父母。墨阳家族族长墨阳琦率众上山赔罪。",青河郡称号级效忠东伯雪鹰，青石决意赴长风学院修行，墨阳家族上山赔罪在即。
初识超凡,出发（本篇终章）,矛盾收束、转折高潮,冲突、高潮,墨阳琦率墨阳家族长老至雪石城堡跪地赔罪，奉上卷宗（家族内部清算：处死5869人、判罪两万余人，约占家族三万人）、一千万金票（约为墨阳家族三分之一家产）、推举墨阳琛（墨阳瑜之兄）任新族长。东伯雪鹰以超凡斗气将跪地众人拍飞，冷言赔罪之虚。墨阳瑜看到父亲死因诸多内幕，心情复杂。东伯雪鹰心中暗许舅舅任族长之安排。数日后，东伯雪鹰在练武场练拳后与母亲吃点心，表达超凡之路的追求决心及不让家人沦落至此的誓言。当天下午，东伯雪鹰告别父母、青石、宗凌、铜三，化作火焰冲天而起，飞向北方天际出发前往水源道观。,墨阳家族跪地赔罪了结旧怨，东伯雪鹰告别家人出发赴水源道观，第四篇《初识超凡》完整落幕。
薪火世界,水源道观,环境铺陈、设定展开,设定,"东伯雪鹰飞越北方大雪原抵达水源道观，道观通体深灰色金属构成，是一件组合类半神器，器灵""龙前辈""""雀前辈""自道观创建时便已存在；公良远（刚跨入圣级）迎接并引领东伯雪鹰入内，介绍道观内称号级凡人及圣级、半神潜修的格局，告知其最重要的任务是选择斗气法门、秘术、超凡兵器和源石；东伯雪鹰先领取六百斤源石，后在斗气阁选定神级火焰斗气法门《星火斗气》。",水源道观半神器及器灵设定登场，东伯雪鹰开始领取超凡资源。
薪火世界,副观主,人物引入、设定展开,人物、设定,"东伯雪鹰偶遇半神榜第九的水源道观副观主晁青（光头干瘦老者，近两千八百六十余岁，掌握""雷神真意""，接近寿命大限）；晁青讲述超凡生死战传统及历史最高纪录（炼狱骑士解离十一场、最近一万年单青艳九场），要求东伯雪鹰为水源道观争光赢个九场十场；晁青一眼看出东伯雪鹰觉醒过太古血脉，指点其去秘术阁三楼最里面书架仔细翻找。",副观主晁青登场，指点东伯雪鹰前往秘术阁三楼寻找与太古血脉相关的法门。
薪火世界,兵器,设定展开、装备获取,奖励、设定,"东伯雪鹰在兵器楼挑选长枪，试遍人阶极品长枪后选定圣阶下品""黑龙枪""（龙血浇灌，枪重一千两百斤）和圣阶下品""流冥靴""（降低空气阻力增灵活性），另选一件人阶极品黑色衣袍；三件合计二百三十六斤源石，超出道观免费八十斤限额，东伯雪鹰以雷真长老所留圣阶下品长棍抵一百斤源石并补六斤源石凑足；公良远感叹东伯雪鹰资源远胜普通超凡。",东伯雪鹰选定黑龙枪、流冥靴等超凡兵器，兵器体系及源石兑换制度展开。
薪火世界,《魔龙力》,设定展开、装备获取,奖励、设定,"东伯雪鹰在秘术阁三楼最里面书架找到两本神界传下的身体修炼法门《光芒卷》（配《光芒琉璃身》，增速度）和《魔龙功》（配《魔龙力》，增力量）；介绍太古血脉二次觉醒的两种方式（身体修炼至圣级巅峰必定觉醒、或靠运气）及身体修炼所需源石的恐怖递增（飞天级中期到巅峰需一千斤、到圣级初期需五万斤）；东伯雪鹰因《魔龙力》契合万物火焰奥妙、提升力量配合天赋""力量爆发""、且利太古血脉二次觉醒而选定《魔龙功》，暂不选斗气秘术。",《魔龙功》/《魔龙力》身体修炼法门选定，为太古血脉二次觉醒及力量提升埋下关键伏笔。
薪火世界,夏都城,环境铺陈、设定展开,设定,"东伯雪鹰随公良远经世界门进入薪火世界夏都城，夏都城为夏族真正都城，中央薪火宫取""薪火相传""之意；公良远讲解薪火世界是夏族抵御魔兽一族神灵、恶魔入侵、异世界种族入侵的退守根基，生活数十亿凡人，六大超凡组织总部镇守凡人世界；东伯雪鹰获分配府邸及上千仆人侍女，女管家许琴登场；安阳行省九位超凡的府邸均在其周围。",薪火世界夏都城及薪火宫设定展开，夏族抵御外敌的底蕴格局揭示。
薪火世界,齐聚,人物引入、情感展现,人物、情感,东伯雪鹰步入府邸，女管家许琴（流星级法师）介绍府邸布局，许琴对这位年轻超凡主人颇感满意；次日长风骑士池丘白设宴接风，安阳行省十位超凡齐聚，分别是池丘白、彭山（妖刀骑士，一千一百余岁）、东伯雪鹰、程灵淑（女法师）、董钰、武夔、宗屠、巴明、子车谷风、海如真（白发老头），其中三位为超凡法师；池丘白展现天生的领袖气质，众人亲切熟络。,安阳行省十位超凡齐聚，池丘白、彭山、程灵淑等关键超凡人物集体登场。
薪火世界,准备,设定展开、悬念设置,伏笔、设定,众超凡闲聊，介绍超凡生死战规则（连续三场休息一个时辰循环、赢场越多对手越强）、贡献点翻倍奖励机制、血刃酒馆悬赏机制（背后有神界势力不可翻脸）、薪火宫法规限制及超凡间的阴险暗算风险；池丘白邀请东伯雪鹰担任长风学院老师被婉拒，海如真、子车谷风争相表示可收东伯雪鹰弟弟东伯青石为徒；薪火宫使者来询，东伯雪鹰定于半年后进行超凡生死战。,超凡生死战规则、贡献点制度、血刃酒馆悬赏机制等核心设定系统展开。
薪火世界,魔龙神印,设定展开、悟道,修炼、设定、爽点,东伯雪鹰在修炼密室以源石修炼《星火斗气》，斗气积累速度大增；翻开《魔龙功》参悟秘术《魔龙力》，第一重魔龙神印由上万根丝线构成立体符印，蕴含万物火焰奥妙的精妙运用；东伯雪鹰领悟到神印是神对万物火焰奥妙的精妙利用，由此启发自己应更精妙地利用万物之水火奥妙完善枪法；薪火宫通知所有超凡半年后东伯雪鹰进行超凡生死战，消息传遍夏都城；余靖秋（称号级法师）得知东伯雪鹰未死且将进行超凡生死战，震惊期待。,魔龙神印设定展开，东伯雪鹰受启发开始参悟枪法完善方向；余靖秋情愫线埋下。
薪火世界,半年潜修,悟道、人物心理,修炼、情感、爽点,"余靖秋在酒馆验证东伯雪鹰消息属实，称号级们对其超凡生死战前景议论纷纷（多数认为年轻经验少难赢多场），余靖秋心中完全倾向东伯雪鹰；东伯雪鹰受彭山点拨""明白奥妙后一次次尝试自然能成""，经无数万次尝试终于一念凝聚出一重魔龙神印，练成《魔龙力》第一重（力量提升两成）；参悟二重魔龙神印五天后发现万物火焰奥妙成就不足难以短时间突破，暂时放弃；转而专心参悟枪法，超凡之路必须自己琢磨参悟，不可过早观看前辈枪法以免走偏。",东伯雪鹰练成《魔龙力》第一重，确立自悟枪法的修行原则。
薪火世界,水火蛟龙杀,悟道、爽点设置,修炼、爽点,"五个月后大雪纷飞，东伯雪鹰受魔龙神印启发，设想将万物之水的旋转力道汇聚后以万物之火瞬间爆发，经三个月尝试终于练成：长枪如出水蛟龙旋转刺出，极阴转极阳化为火焰蛟龙，产生手臂粗细的惊人穿透空气波；此招比万物火枪法强三四成、比万物水枪法也强三四成，实力近乎翻倍；东伯雪鹰命名其为""水火蛟龙杀""；夏都城超凡们纷纷议论即将到来的超凡生死战。","东伯雪鹰创出将水火奥妙融合的第一杀招""水火蛟龙杀""，实力实现质的飞跃。"
薪火世界,生死殿,环境铺陈、人物引入,人物、设定,"龙山历9637年1月18日清晨，安阳行省众超凡陪东伯雪鹰前往薪火宫生死殿；程灵淑透露赌东伯雪鹰赢六场往上（需至少七场才赢）；生死殿中央战斗场约两三里范围布置成山地溪流场景，东边观战区仅容超凡、西边容凡人可容百万人；池丘白带东伯雪鹰拜见观主司空阳（半神榜第五，凝练""本尊神心""）和贺山主（天下第一）；余靖秋也在称号级好友中入座观战。",生死殿场景及观战格局展开，观主司空阳、贺山主等顶级半神登场。
薪火世界,开始,氛围营造、设定展开,设定,"观战半神陆续到场，晁青与""杀神""叶玫（半神榜第十，血刃酒馆大首领，驼背老太太）拌嘴打赌（晁青赌东伯雪鹰赢六场，叶老太太赌赢不了，赌注十万斤源石）；云雾城步城主（半神中最美丽、好强霸气）登场；超凡生死战规则再次说明（前两场为超凡炼金生物、第三场起为超凡土著、须杀死对手才获胜、半神随时救援）；东伯雪鹰穿普通布衣赤脚入场，将兵器架整个收入储物宝物；鼓响后第一场对手即将入场。",晁青与叶玫打赌伏笔埋设，步城主登场，超凡生死战正式开始。
薪火世界,初露手段,战斗描写、爽点设置,战斗、爽点,第一场对手为赤红色大蜥蜴超凡炼金生物（飞天级中期），东伯雪鹰先避让观察后以万物水奥妙枪法轻易挑飞抽飞对手取胜；第二场为黑色大蝎子超凡炼金生物，东伯雪鹰踏水而行展现万物境奥妙，以诡异旋转刺击败对手；西边凡人观战激动，余靖秋觉得东伯雪鹰踏水而行好帅；第三场起为超凡土著，须搏命厮杀。,东伯雪鹰轻松赢下前两场超凡炼金生物，初露万物水奥妙枪法手段。
薪火世界,超凡土着,战斗描写、转折高潮,战斗、高潮,第三场对手为青绿色皮肤、火红眼眸的超凡土著，天赋为雷电速度（速度是东伯雪鹰两倍），刀法粗略但凭速度掌握主动；东伯雪鹰先以万物水防御滴水不漏，故意示弱引诱对手兵器碰撞后以诡异枪法刺伤其肩膀；东伯雪鹰判断其境界低、刀法粗陋，遂施展水浪漩涡笼罩整个战斗场，暗流变幻令对手踉跄速度仅发挥三四成，趁机一枪刺穿其眉心毙命；第一轮三场结束休息一个时辰。,东伯雪鹰以水浪漩涡暗流战术击杀第一名超凡土著，展现水火奥妙结合的暗劲运用。
薪火世界,熟悉的对手,人物引入、悬念设置,人物、伏笔,"超凡们评价东伯雪鹰赢三场仅算正常发挥，介绍超凡生死战成绩与太古血脉天赋的关系（炼狱骑士解离的""炼狱火""、单青艳的血液暴涨天赋等）；介绍斗气分身、下位/中位/上位超凡土著划分；第二轮第四场对手登场，竟是公良远的斗气分身，公良远无奈表示不敢放水将全力阻拦。",第四场对手为公良远斗气分身，超凡土著等级体系及斗气分身设定展开。
薪火世界,截风十五剑,战斗描写、设定展开,战斗、设定,"公良远施展极品秘术""截风十五剑""（纯进攻走极端、一剑比一剑快、威能叠加不能停）；东伯雪鹰以万物水漩涡笼罩战场，公良远以万物风隔绝暗劲；东伯雪鹰被迫正面抵挡连续叠加的剑法，挡至第六剑时被蓄积威能轰飞吐血，但成功挡住；公良远斗气分身因斗气耗尽未能继续进攻，东伯雪鹰赢下第四场；公良远真实实力能施展八剑，仅因薪火宫普通剑未长期孕养且斗气分身残留斗气少才仅施展六剑。","东伯雪鹰艰难挡住""截风十五剑""六剑赢下第四场，极品秘术叠加威能设定展开。"
薪火世界,强大对手,战斗描写、人物心理,情感、战斗,第五场对手为身高近五米的暗红皮肤巨汉超凡土著，持巨盾巨斧，力量圆满如一、盾斧大师、正面碾压流；东伯雪鹰万物水阴柔枪法对堂堂正正碾压无用，被迫以万物火奥妙正面硬碰；双方凶猛碰撞，东伯雪鹰虽弱一筹但兴奋于生死搏杀的磨砺感，在碰撞中寻找破绽；介绍万物境三个层次及境界对实力的根本影响。,第五场巨汉超凡土著正面碾压，东伯雪鹰以万物火硬碰并在生死磨砺中兴奋。
薪火世界,生死战第六场,战斗描写、转折高潮,战斗、高潮,东伯雪鹰以刚柔并济的枪法与巨汉土著缠斗，多次硬碰硬后抓住机会以枪尾（而非枪尖）诡刺，穿透巨斧防御直接贯穿巨汉喉咙制造大碗口洞穿伤口；巨汉生命力强撑两个呼吸后倒地，东伯雪鹰赢下第五场；观战超凡惊叹其攻防兼备、刚柔并济的少见路线；第六场对手登场，为一名身高两米多的青色长发壮硕男子。,东伯雪鹰以枪尾诡刺击杀巨汉土著赢下第五场，刚柔并济路线获超凡们赞叹。
薪火世界,评价,战斗描写、设定展开,战斗、设定,第六场青发男子为中位超凡土著，以可怕寒气冻结水浪、冰封战场、镇压束缚东伯雪鹰（实力仅发挥六七成），体表护体冰层万物水枪法破不开、万物火枪法能破但太直接易防；东伯雪鹰被完全压制，双方搏杀盏茶时间；晁青与叶老太太第二次打赌（叶老太太赌赢不了第八场，晁青赌赢得了，赌注仍十万斤源石）；步城主、贺山主、司空阳评价东伯雪鹰最多第七场第八场必败。,第六场中位超凡土著寒气压制东伯雪鹰，半神们对其成绩做出评价预判。
薪火世界,只是小惊喜,战斗描写、转折高潮,战斗、高潮,"东伯雪鹰被压制盏茶时间后力量血脉爆发，以枪杆绞断青发男子右臂，顺势刺入其胸口、翻手怒劈头颅，三招连击击杀对手赢下第六场；凡人们激动欢呼，余靖秋为之开心；超凡及半神们评价东伯雪鹰水火奥妙结合不错算""小惊喜""，但认为已技穷、最多第七场第八场必败；东伯雪鹰在战斗中发现枪法诸多不完美之处。","东伯雪鹰力量爆发三招击杀中位超凡土著赢下第六场，半神们评价其为""小惊喜""。"
薪火世界,大惊喜,悟道、转折高潮,修炼、高潮、爽点,"第二轮结束休息，东伯雪鹰在偏厅花园参悟枪法，发现爆发力应完全凝聚成一线而非追求声势，火之奥妙突破至万物境第二层次（境界突破致操纵天地力量质变）；完善""水火蛟龙杀""威力大增；东伯雪鹰改变计划为""保九冲十""，期待给超凡们一个大惊喜；第三轮开始，东伯雪鹰信心大增入场。",东伯雪鹰火之奥妙突破至万物境第二层次，计划保九冲十冲击更高成绩。
薪火世界,金光魔孔雀,战斗描写、悬念设置,伏笔、战斗,第七场对手为黑色猿猴超凡炼金生物（力大无穷坚不可摧），东伯雪鹰力量爆发以万物火（万物境第二层次）横扫抽倒取胜，超凡半神们震惊其突破万物境第二层次；第八场对手为金光魔孔雀（超凡魔兽，飞天级巅峰，万物境第一层次），羽毛坚韧、身法飘忽、羽翼利爪厉害；东伯雪鹰万物水枪法速度慢击不中，万物火枪法仅能勉强刺穿羽毛造成轻伤，双方陷入消耗战。,东伯雪鹰赢下第七场暴露万物境第二层次，第八场金光魔孔雀陷入苦战。
薪火世界,水火真意？,转折高潮、设定揭示,揭示、设定、高潮,"东伯雪鹰为节省体力施展杀招""水火蛟龙杀""，一枪刺穿金光魔孔雀腹部重创，随后怒劈其头部毙命，赢下第八场；半神们真正大吃一惊，贺山主判断东伯雪鹰将来有把握悟出""水火真意""（四品真意），甚至有望冲击""阴阳真意""（二品真意，夏族从未有人掌握）；薪火宫宣布第九场为深渊恶魔，因需准备歇息半个时辰；两千三百年未曾进行过第九场。","东伯雪鹰以""水火蛟龙杀""击杀金光魔孔雀赢下第八场，半神们断言其有把握悟出水火真意。"
薪火世界,第九场，恶魔！,氛围营造、悬念设置,伏笔、设定,深渊恶魔登场消息令凡人超凡皆激动疯狂，许多超凡紧急传递消息赶赴生死殿；介绍黑暗深渊与物质界的空间通道联系、恶魔入侵历史、薪火宫长期圈养恶魔供研究、超凡生死战第九场为恶魔已成习俗；晁青赢下第二场赌局得意，提议为东伯雪鹰开启元老会，叶老太太惊讶；安阳行省众超凡激动期待恶魔登场。,深渊恶魔登场前夕氛围营造，晁青提议开启元老会伏笔埋设。
薪火世界,激战恶魔,战斗描写、转折高潮,战斗、高潮,"第九场恶魔拉弗达（四条手臂、深紫鳞甲、紫色弯角）登场，散发恐怖""魔""的气息令凡人恐惧；恶魔为被圈养的新生恶魔，渴望获胜换一千年不被折磨；东伯雪鹰以万物火（第二层次）压制，双方交手数十回合互探虚实；东伯雪鹰借长枪扫岩石反弹力抽飞恶魔，追杀中以""水火蛟龙杀""刺穿其胸膛摧毁心脏；恶魔却迅速恢复，身体收缩变瘦小进入爆发形态（速度灵活性大涨），心脏被毁完全不在乎。",东伯雪鹰与深渊恶魔激战，水火蛟龙杀摧毁心脏却因恶魔恐怖恢复力未能取胜。
薪火世界,沸腾,战斗描写、转折高潮,战斗、高潮,东伯雪鹰全力施展水火蛟龙杀与爆发形态恶魔血战，双方互伤，恶魔伤势更重但恢复力惊人；东伯雪鹰体力消耗过大被迫暴退，恶魔追杀；东伯雪鹰以一记回马枪刺穿恶魔锁骨喉咙，恶魔重伤后因生命力消耗过大被迫恢复正常形态（实力大降）；东伯雪鹰追杀三招刺穿恶魔头颅毙命，赢下第九场；全场沸腾，凡人超凡热血沸腾；半神们讨论水火真意名列四品真意，冰火真意为五品旁支。,东伯雪鹰以回马枪及持续消耗击杀深渊恶魔赢下第九场，全场沸腾，真意品级体系揭示。
薪火世界,第十场,氛围营造、设定展开,设定,"第十场对手为传说中的""神界战兵""，众超凡半神激动期待；介绍超凡生死战越往后对手越珍贵罕见（第九场恶魔、第十场神界战兵、第十一场更了不得、第十二场涉及镇族宝贝），神界战兵是夏族炼金生物、血肉战兵等的源头；东伯雪鹰自知水之奥妙来不及突破第二层次、第十场希望渺茫，仍决定全力享受与神界战兵交手；更多半神以斗气分身赶来观战。",第十场神界战兵登场前夕，神界战兵设定及超凡生死战珍贵对手体系展开。
薪火世界,落幕,转折高潮、人物心理,情感、高潮,神界战兵化身为水流凝聚的男子（背战刀），实力压制极低，称只要东伯雪鹰兵器碰到其身体便算赢；东伯雪鹰全力攻击却被对方一柄刀轻易破解所有枪法、处处压制；东伯雪鹰虽赢不了但享受战斗，借神界战兵发现自己枪法诸多弱点（火奥妙需多重劲道、水奥妙需连绵不绝、水火需真正一体轮转）；体力耗尽后东伯雪鹰认输，神界战兵化作水滴消失；超凡生死战赢九场落幕；晁青向众半神传音提议为东伯雪鹰开启元老会，贺山主赞同。,东伯雪鹰败于神界战兵认输，超凡生死战赢九场落幕，发现枪法完善方向，晁青提议元老会。
薪火世界,元老会表决,转折高潮、设定揭示,揭示、设定、高潮,东伯雪鹰获5110贡献点，与众超凡欢庆；余靖秋在人群中仰望飞行的东伯雪鹰，立志跨入超凡后再相见；夏族元老会在薪火宫元老殿召开，十五位元老齐聚（半神才有资格，大地神殿血刃酒馆半神除外）；晁青提议将东伯雪鹰列为候补元老进行栽培，东郭元老反对（水火真意仅四品，候补元老一般有望三品真意）；贺山主以东伯雪鹰极年轻（仅二十九岁）为由赞同；表决结果九同意六反对，东伯雪鹰列入候补元老名单。,夏族元老会表决通过东伯雪鹰列入候补元老名单，候补元老制度及真意品级体系揭示。
薪火世界,百战秘室,设定展开、转折高潮,设定、高潮,"东伯雪鹰回府邸规划超凡修行岁月（须十年内完成十个生死任务、搜集超凡前辈卷宗学习）；半神宫愚（黄袍老者）降临带东伯雪鹰前往薪火宫，先介绍百战秘室（一百个飞天级巅峰炼金生物围攻，全胜获一万贡献点，六十岁内获胜获十万贡献点，最近十万年无人达成）；后穿过瀑布进入薪火宫内隐藏的赤云山世界；宫愚告知东伯雪鹰因元老会表决名列候补元老，将在此修行上百年乃至更长时间，自称""宫师傅""。",百战秘室及赤云山世界设定展开，东伯雪鹰获候补元老资格入赤云山修行。
薪火世界,赤云山（本篇终章）,设定揭示、转折高潮,揭示、设定、高潮,"宫愚详细讲解候补元老制度（从飞天级超凡中选出有培养价值者全力栽培，一般有望掌握三品真意甚至冲击二品真意）；真意九品体系系统揭示（一品传说如时间真意混洞真意、二品如空间真意阴阳真意、三品如空间切割真意生命真意等）；东伯雪鹰为""例外""（他人冲击三品二品，其仅四品水火真意但把握超九成且年轻）；赤云山世界由夏族先辈""赤云大帝""成神后送回的镇族神器薪火宫承载；司空阳（观主）为师傅，介绍八位师兄师姐（四位领悟空间奥妙、死亡/生命/太阴/时间奥妙各一位），东伯雪鹰为最小师弟，候补元老修行正式开始。",候补元老制度及真意九品体系完整揭示，东伯雪鹰入赤云山与八位师兄师姐共同修行，第五篇完整收官。
超凡的修行岁月,师兄师姐们,人物引入、设定展开,人物、设定,"司空阳观主训诫九位候补元老须成半神方可称夏族脊梁，宣布新来的东伯雪鹰暂居排序第五，资源按排序分配；东伯雪鹰在宫愚主持下与八位师兄师姐认识：司徒鸿（年龄最大）、张鹏、文永安（生命奥妙，声音柔和）、都柔柔（时间奥妙，胖乎乎豪爽）、濮阳波（擅瞬移，活宝）、余风（最帅气）、巫苍（死亡奥妙，沉默花白头发青年）、卓依（太阴之体，对男人有极强吸引力）；濮阳波传音告知卓依觉醒太古血脉拥有""太阴之体""；东伯雪鹰被分配第五竹楼，院内玉石柱显示九人排序及境界任务，东伯雪鹰水火奥妙第一层次排第五。",赤云山九位候补元老集体登场，排序竞争及资源分配制度展开。
超凡的修行岁月,十年,设定展开、情节推进,设定,东伯雪鹰入竹楼阅读赤云山世界修行常识书籍，每十天可享一次龙血、琥岚果、九果灵液（年值约两百斤源石）；介绍候补元老须飞天级、成圣级须离开、赤云山最多待五百年等制度。转眼十年过去，宫愚向司空阳汇报：去年九位超凡接连突破（都柔柔时间奥妙达第二层次排序第一，东伯雪鹰水火奥妙完美结合达第二层次排序第三）；东伯雪鹰半年前竟悟出万物风之奥妙（第一层次），司空阳震怒斥其分心，宫愚已令其暂时放弃风之奥妙专心水火。,赤云山修行资源制度展开，十年间众人境界提升，东伯雪鹰悟出风之奥妙埋下冲突伏笔。
超凡的修行岁月,冲云峰,悟道、人物心理,修炼、情感、爽点,东伯雪鹰在冲云峰峰顶喝酒练枪，感慨父亲东伯烈竟成家族唯一称号级强者（天赋最高）；展示将风之奥妙融入水火奥妙后的枪法——风水火三者相辅相成叠加，变幻莫测威力无穷，连续三枪一枪比一枪猛，比单纯水火奥妙枪法强多了；东伯雪鹰认为水火奥妙太单调缺少灵性变化层次感，风之奥妙正是所需；接到宫愚传讯司空阳观主将来指点，化作流光赶赴竹屋山。,东伯雪鹰将风之奥妙融入水火创出更强枪法，展示其追求枪法极致的修行理念。
超凡的修行岁月,指点,设定展开、战斗描写,战斗、设定,"司空阳观主与宫愚降临竹屋山，司空阳按排序从末位开始逐一指点切磋；介绍十三名血肉战兵陪练（圣级巅峰万物境，夏族先辈仿""神界战兵""创制，称""刀师傅""""剑师傅""等）；濮阳波与刀师傅切磋展现空间奥妙瞬移及刀法空间波纹；余风""阴影空间奥妙""融入阴影偷袭；张鹏""空间刃""（空间波动凝聚利刃）；巫苍死亡奥妙死气碰之必死；司徒鸿空间奥妙万物境第三层次但卡瓶颈近百年被司空阳批评；司空阳对东伯雪鹰比较偏爱（水源道观出身、晁青力推、进步快）。",血肉战兵陪练制度展开，各候补元老奥妙特色及实力逐一展示。
超凡的修行岁月,震怒,战斗描写、矛盾爆发,冲突、战斗,"东伯雪鹰与红发壮汉""锤师傅""切磋，施展将风之奥妙融入水火的枪法（诡异凶猛飘忽，一枪比一枪重），斗气运转极品秘术《火劫七星》，斗气已达飞天级巅峰；众超凡惊叹东伯雪鹰实力仅次于都柔柔；锤师傅勉强挡住。切磋后宫愚脸色难看、司空阳冰冷——宫愚震怒喝斥东伯雪鹰竟将风之奥妙融入水火奥妙，吼声镇压令东伯雪鹰脏腑震动嘴角渗血。",东伯雪鹰融入风之奥妙的枪法暴露，宫愚震怒，矛盾正式爆发。
超凡的修行岁月,痛心愤怒,矛盾爆发、人物心理,冲突、情感,"众超凡吃惊东伯雪鹰竟将风之奥妙完全融入水火；司空阳冰冷质问，痛斥东伯雪鹰""自毁前程""——水火真意坦途已毁，风之奥妙融入后对天地理解到新地步无法退回；东伯雪鹰以炼狱骑士解离（毁灭火焰成神）、天风大帝元山（风+空间成神）、紫雷帝君姚青田（雷电+生命成神）三位""由本心修行成神""的先例反驳，称自己""从未刻意追求水火真意，追求的是枪法极致""""为强大而强大是折磨""；司空阳斥其""愚蠢张狂自大""，痛心晁青力推让其入赤云山却辜负期望。",东伯雪鹰与司空阳修行理念正面对撞，东伯雪鹰阐明追求枪法极致的坚定信念。
超凡的修行岁月,好自为之,矛盾收束、人物心理,冲突、情感,"司空阳提出常留赤云山帮东伯雪鹰定新修行方向，东伯雪鹰拒绝称""受束缚受不了上千年修行""；司空阳宣布新排序：都柔柔第一、文永安第二、巫苍第三、卓依第四、司徒鸿第五、张鹏第六、余风第七、濮阳波第八、东伯雪鹰直接倒数第一；司空阳斥其""浪费夏族资源好自为之""后离去。司徒鸿讥讽不屑，文永安保持距离，卓依懒得再看东伯雪鹰，濮阳波余风张鹏依旧真诚；东伯雪鹰飞回夏都城府邸，喝海洋界石灵液酒梳理思绪。",东伯雪鹰被定排序倒数第一，众人态度分化，司徒鸿嫉妒爆发、卓依势利疏远。
超凡的修行岁月,浩如烟海的卷宗,人物心理、设定展开,情感、设定,"东伯雪鹰自嘲差点被观主吓住，决定将夏族历史上所有半神卷宗全部看完以史为鉴；进入薪火宫夏史阁（书架百米高，金箔书籍为每位超凡卷宗），三千年约二十位半神卷宗须数十年方能看完；三个月后晁青副观主穿拖鞋来夏史阁找东伯雪鹰喝酒，竟不是为训斥其毁掉水火真意之路，而是斥其""不去赤云山世界白不吃灵液果实""""让晁青白费力气力荐""；晁青洒脱表示离死越近越觉修行该肆意，支持东伯雪鹰追求枪法极致，希望死前能看到其创出新真意。",晁青洒脱支持东伯雪鹰，与司空阳态度形成对比，东伯雪鹰开始十五年阅卷宗之路。
超凡的修行岁月,时光,悟道、伏笔深化,伏笔、修炼、爽点,"又过一年，东伯雪鹰阅卷宗越多越喜欢看，从海神宫贺文宫主卷宗中找到关键内容——成神的云海大帝降下世界投影指点贺文宫主：""修行是很私人的，越往后越不能随意指点""""信念越坚定越坚持就走那条路""；东伯雪鹰信念坚定。赤云山世界司徒鸿突破万物境第三层次排序第二；东伯雪鹰、余风、濮阳波、张鹏四人交好议论司徒鸿卓依；安阳行省同年诞生两位新晋超凡：三十岁的袁青及余靖秋。",云海大帝之言为东伯雪鹰信念提供成神先辈背书，袁青余靖秋跨入超凡埋下后续入赤云山伏笔。
超凡的修行岁月,东伯雪鹰和余靖秋,悟道、情感展现,修炼、情感、爽点,"东伯雪鹰在冲云峰练枪，展示六臂三枪幻影手段（水火风三奥妙融合所创，虚实相生用于实战迷惑）；前往池丘白府邸为余靖秋接风，袁青已先到（羞涩清秀三十岁超凡）；余靖秋以绝世美女之姿登场（跨入超凡脱胎换骨，公认夏族最美女超凡），目光落在东伯雪鹰身上，心想""终于也成为超凡能和你并肩站在一起了""。",东伯雪鹰创出幻影手段，余靖秋跨入超凡与东伯雪鹰重逢，情感线正式展开。
超凡的修行岁月,光暗真意,情感展现、设定揭示,情感、揭示、设定,"众超凡揶揄东伯雪鹰与余靖秋""英雄救美""的故事；东伯雪鹰透露水火两种奥妙已万物境第三层次，池丘白断言其二三十年内有望跨入圣级；两个月后袁青超凡生死战，将光暗两种奥妙开始结合（有望三品""光暗真意""），东伯雪鹰判断袁青将进入赤云山世界成为师弟，自嘲自己将排序第十。",袁青展现光暗奥妙结合天赋（三品真意级），东伯雪鹰境界提升至万物境第三层次。
超凡的修行岁月,截然不同,人物引入、矛盾展现,人物、冲突,"袁青赢下六场超凡生死战，安阳行省千年内最年轻三位超凡（东伯雪鹰、袁青、池丘白）出自同一行省引发议论；程灵淑两次赌超凡生死战赢超千斤源石。袁青入赤云山排序第五，东伯雪鹰降至排序第十；司空阳当众再次训斥东伯雪鹰""自断水火真意之路死不悔改""；司徒鸿私下向袁青进谗言令其与东伯雪鹰保持距离，濮阳波冷笑反驳；袁青识破司徒鸿虚伪，认为东伯雪鹰能抗住司空阳压迫需绝对坚定心志，二人截然不同。",袁青入赤云山，司徒鸿虚伪进谗被袁青识破，东伯雪鹰与司徒鸿人品对比鲜明。
超凡的修行岁月,一件镇族神器,核心伏笔、设定揭示,伏笔、揭示、设定,"东伯雪鹰在夏史阁阅卷宗感叹夏族先辈英豪。半年后余靖秋超凡生死战，其绝世美貌令超凡凡人震撼、女超凡嫉妒；战斗中赤袍半神""席云""感应到薪火宫隐秘空间浩瀚波动，薪火宫宫主（黑发老者）及两位半神前往隐秘空间，见到白发老太太""雪前辈""苏醒——""雪前辈""是夏族最强大镇族神器的器灵，正常半神无法使用，苏醒有两种情况：感知威胁或遇到适合的主人。""雪前辈""确认余靖秋为适合的主人（纯净灵魂、冰之力量进化），须成半神方可催发，黑发老者决定次日送余靖秋入赤云山秘密栽培。","夏族最强大镇族神器器灵""雪前辈""苏醒选中余靖秋，核心级伏笔埋设。"
超凡的修行岁月,师妹和师兄,核心伏笔、设定揭示,伏笔、揭示、设定,"介绍镇族神器之恐怖——半神催发可媲美神灵、横扫超凡世界及魔兽一族；夏族元老会秘密决议倾力栽培余靖秋，晁青赠三枚""寒冰地心果""（寒冰世界地底核心灵果，每枚价值超十万斤源石）；因魔兽一族渗透厉害，派神界战兵保护余靖秋，赤云山十位天才资源不及余靖秋一人。余靖秋入赤云山排序第六，由半神法师专门指导；众男超凡惊艳，司徒鸿抛弃卓依转追余靖秋；余靖秋主动喊东伯雪鹰""雪鹰师兄""并肩飞去，令司徒鸿透心凉。",夏族元老会秘密倾力栽培余靖秋计划展开，余靖秋入赤云山与东伯雪鹰并肩。
超凡的修行岁月,并肩,情感展现、人物心理,情感,"濮阳波等揶揄东伯雪鹰与余靖秋凡人时便相识；余靖秋回忆当年东伯雪鹰救命、以为其死时伤心、超凡生死战后十六年埋头研究终成超凡只为并肩；司徒鸿称东伯雪鹰""走岔路自毁前程""欲离间，被濮阳波拆穿其伪装；东伯雪鹰斥司徒鸿""论虚伪赤云山无人能及""；余靖秋邀东伯雪鹰陪其走走，二人并肩飞向冲云峰。",余靖秋对东伯雪鹰的崇拜情感正式展开，司徒鸿虚伪本性再次暴露。
超凡的修行岁月,知己相伴,情感展现、悟道,修炼、情感、爽点,"东伯雪鹰向余靖秋坦言修行理念，余靖秋赞同其选择""六年多没后悔说明路是对的""；东伯雪鹰带余靖秋上冲云峰。一年年过去，东伯雪鹰除阅卷宗外几乎都在冲云峰修行（狂热喜爱从不觉累），余靖秋在旁研究法术模型，二人很少说话却心意相通成为知己；东伯雪鹰展示三身分化六臂三枪幻影，水火风三奥妙万物境第三层次且融合但仍觉""一刺不够纯粹万物合一""；余靖秋作为法师量化后判定东伯雪鹰实力已凌驾赤云山所有人之上。",东伯雪鹰与余靖秋成为修行知己，东伯雪鹰实力暗中已为赤云山第一。
超凡的修行岁月,新的半神,转折高潮、人物引入,人物、高潮,"余靖秋推断东伯雪鹰水火风融合威力像二品真意奥妙。龙山历9661年3月3日池丘白突破半神掌握""空间切割真意""（三品战斗狂猛类），消息震动整个夏族，公认未来天下第一；四位半神（陈宫主、司空阳、池丘白、宫愚）降临赤云山，司空阳令池丘白指点众人半年；池丘白得知东伯雪鹰排序倒数第一后公开否定司空阳""给定修行方向""的做法，称""修行很私人""""若连自由都没有超凡还配叫超凡吗""。",池丘白成半神入赤云山指点，公开支持东伯雪鹰修行理念否定司空阳。
超凡的修行岁月,没法指点你,设定揭示、人物心理,情感、揭示、设定,"池丘白逐一指点空间类奥妙四人：张鹏空间刃""灵性足霸道不足""建议加强霸道；余风阴影空间""沉浸进去更悄无声息""有望掌握阴影空间真意；濮阳波""喜欢瞬移有天赋就全力投入瞬移极致""有望掌握真意；司徒鸿万物境第三层次只差一步，池丘白却称""没法指点你""——断言其""道与心不合""，本性偏阴狠狡猾与堂堂正正碾压类空间裂奥妙不适合，修行路越走越窄，凝练本尊神心更无指望。","池丘白""道与心合""修行理念系统揭示，断言司徒鸿修行路越走越窄。"
超凡的修行岁月,当之无愧的第一,设定揭示、转折高潮,揭示、设定、高潮,"池丘白续断司徒鸿""从万物境第三层次到掌握真意至少需十倍时间""（卡第二层次已超两百年，圣级寿命仅一千五百年根本不够），建议其当苦行者磨练心性或从头再来，司徒鸿皆不接受；司徒鸿癫狂下得罪众人""你们境界都不如我""后破空而去。池丘白指点结束称""其他非空间类奥妙不懂不能乱指点""；私下切磋后池丘白判定东伯雪鹰为赤云山""当之无愧的第一""，赢圣级中期没问题能威胁圣级巅峰，真意很可能是二品。",司徒鸿被池丘白断言无望掌握真意，东伯雪鹰被私下确认为赤云山第一、真意可能为二品。
超凡的修行岁月,一夜听雨,悟道、伏笔深化,伏笔、修炼、爽点,"东伯雪鹰近十五年阅尽夏族所有半神卷宗，雨夜在夏史阁大规模整合梳理，心灵脱胎换骨蜕变——""心之所向便所向披靡""""任何看似矛盾的不同奥妙都能融合因皆属天地自然""；梳理真意品阶体系（三品引力/死亡/太阴/太阳/毁灭/波动，二品大破灭/轮回/时间停止/阴阳/空间/微子，一品极点/混洞/时间）；推断魔神会魔兽一族蛰伏太久（魔神会低调千年、魔兽一族仅奥兰兴风作浪），五百年内大规模战争可能性超七成、一千年超九成；决定以生死任务考验枪法完善真意雏形。",东伯雪鹰十五年阅卷宗心灵蜕变，推断夏族外部威胁将爆发，决定挑战生死任务。
超凡的修行岁月,登山路,环境铺陈、战斗描写,战斗、设定,"东伯雪鹰挑战赤云山特殊生死任务""登山路""（分三段，完成奖励一万贡献点，司徒鸿曾尝试惨败）；介绍登山路三段难度及""天穹牢狱""最高任务（十万贡献点）；登山路第一段白雾弥漫，瘦小暗红色超凡土著擅刺杀以诡异弯刀偷袭，东伯雪鹰枪法诡异飘忽更在其上，一刺风水火三力交织撕裂空间贯穿其眉心毙命；东伯雪鹰觉第一段威胁太低继续前进。",东伯雪鹰挑战登山路任务，第一段轻松击杀刺客超凡土著。
超凡的修行岁月,哪一个是真的？,战斗描写、爽点设置,战斗、爽点,登山路第二段灵魂压迫渐增（司徒鸿走到一半放弃），东伯雪鹰行至半山腰遭两名圣级巅峰超凡土著（青皮肤寒气+红皮肤火焰，天地孕育宁死不降夏族）冰火夹击；对方境界万物境第三层次但擅操纵寒冰火焰，东伯雪鹰身体仅飞天级巅峰无法力抗，被迫靠境界取胜；东伯雪鹰施展六臂三枪再分化三身（共九杆长枪），令两名超凡土著难辨真假，火焰寒气无法摧毁规则奥妙构成的幻影。,登山路第二段两名圣级巅峰冰火超凡土著夹击，东伯雪鹰施展幻影令对手难辨真假。
超凡的修行岁月,规则奥妙,战斗描写、转折高潮,战斗、高潮,"九杆长枪如九条蛟龙同时刺向两名超凡土著要害，三杆长枪穿过盾牌贯穿一名喉咙击杀、另一名紧随倒下；东伯雪鹰感叹对方境界太低空有力量如蠢笨野兽。进入第三段（最后一段）山顶处，遭遇盘膝而坐的瘦小老者（超凡土著，守最后一段），老者称天穹牢狱终会被攻破夏族终将灭亡；东伯雪鹰分化三身六臂九枪，老者散发""水浪真意""（七品真意）波动破解全部幻影；老者化身流光一掌拍击，真意护体挡住枪尖，暗藏冲击力令东伯雪鹰吐血跌地五脏六腑出现裂痕。",东伯雪鹰击杀第二段两名超凡土著，第三段遭遇掌握七品水浪真意的四臂老者，幻影被破解重伤。
超凡的修行岁月,真意雏形,转折高潮、悟道,修炼、高潮、爽点,"四臂老者化身壮硕四手臂形态疯狂拍击，东伯雪鹰改变战术一碰就收诡异莫测不让对方发力，压榨极限发挥枪法极致；四臂老者放弃技巧改用最野蛮疯狂四臂怒拍逼近。东伯雪鹰绝境下唯有进攻，长枪旋转水火风三色奥妙汇聚一点——恍惚间感知虚无世界中缓缓旋转的巨大球体（万物汇聚于一点，一切起始与终结），三奥妙凝聚成模糊的""一点""贯穿一切；东伯雪鹰凭空消失再瞬移出现于四臂老者眼前一尺外，枪尖划过黑线轨迹贯穿其头颅，四臂老者表面无伤却眉心流血倒地，死前喃喃""这是二品真意雏形还是一品真意雏形""。司空阳收到东伯雪鹰完成登山路任务的消息。",东伯雪鹰绝境下悟出真意雏形，穿透空间一击击杀四臂老者完成登山路任务。
超凡的修行岁月,看不懂,悬念设置、人物心理,伏笔、情感,"司空阳收到消息震惊失态，传讯薪火宫器灵确认无误（击杀掌握七品水浪真意的超凡土著），司空阳庆幸""差点毁了他""急赴赤云山；陈宫主、池丘白、宫愚亦赶到登山路山脚。四位半神观看器灵演示的战斗虚影却无法辨认真意品阶——枪尖穿透空间、四臂老者表面无伤不符合空间类真意特征；四臂老者死前疑为二品或一品真意雏形。",四位半神观看战斗虚影无法辨认真意品阶，倾向于二品真意雏形。
超凡的修行岁月,夏族的保护,设定揭示、转折高潮,揭示、设定、高潮,"四位半神结合东伯雪鹰兵器经验秘术均不完美却能完成登山路任务，判定超八成把握为二品真意雏形；司空阳自嘲""差点毁了他""，定东伯雪鹰排序第一，安排保密（对外称三品真意雏形）及保命之物。东伯雪鹰在山顶反思此战经验，自悟真意名为""极点穿透真意""——极点真意旁支，二品，纯粹攻击性，水火风三奥妙相辅相成汇聚为""一点""贯穿一切；极点之下一切尽皆可贯穿。东伯雪鹰仍不满足，欲继续提升进攻及完善其他方面。卓依看到玉石柱排序第一东伯雪鹰完成登山路任务震惊复杂。","东伯雪鹰自悟真意为""极点穿透真意""（二品，极点旁支），四位半神确认定排序第一并保密保护。"
超凡的修行岁月,赠与,装备获取、人物心理,奖励、情感,"卓依震惊复杂感觉与东伯雪鹰已不在一个层次；司徒鸿在夏都城酒楼吹嘘时得知消息又怒又不愿相信。东伯雪鹰飞下山顶遇四位半神，陈宫主问是否二品真意雏形，东伯雪鹰低调称""夏族历史上从未记载的真意雏形，起名穿透真意""；演示后池丘白""一切尽皆穿透""、司空阳""比空间切割真意还霸道""确认二品。陈宫主挪移虚空取出两件镇族之宝：紫雷帝君所炼紫雷护壁戒指（一次性，半神盏茶时间方能摧毁）及云海大帝所留青灰色手环（镇族之宝，自动护主）。",东伯雪鹰演示真意雏形获四位半神确认，陈宫主赠两件镇族之宝保命。
超凡的修行岁月,9661年的冬天（本篇终章）,核心伏笔、悬念设置,伏笔,东伯雪鹰滴血认主两件异宝（飞天级无法催发半神器，此两件为罕见例外）；陈宫主嘱其保密、将来横扫超凡世界魔兽一族；池丘白问百战秘室（六十岁内仅剩一次机会），东伯雪鹰称再修行一段时间后尝试。时间流逝，东伯雪鹰修行无人挑刺，余靖秋相伴，司徒鸿压心底，众人受刺激奋发。龙山历9661年冬，南琴行省无名山峰上空出现通往黑暗深渊的幽深空间裂缝，大量恶魔涌入凡人世界贪婪嗅人类灵魂味道；步城主凭空出现以神器紫色火焰灭杀部分恶魔，但冰蓝色高大恶魔抗衡神器之威逃脱，步城主脸色铁青传讯薪火宫告知所有半神。,东伯雪鹰获两件保命异宝，龙山历9661年冬恶魔大规模入侵南琴行省，第六篇收官战争序幕拉开。
初露峥嵘,踪迹,环境铺陈、悬念设置,伏笔、设定,龙山历9661年冬，东伯雪鹰与余靖秋在夏都城酒楼闲聊，得知恶魔入侵消息——东域行省参甘郡郡城被屠，千万人口无伤口毙命。超凡们震惊不安，池丘白传讯让大家等待消息。整个夏都城超凡们议论纷纷，恶魔踪迹遍布各地，半神霸主们正在四处战斗。,恶魔入侵消息传遍夏都城，参甘郡被屠震惊超凡们。
初露峥嵘,迁移家眷,设定展开、情节推进,设定,薪火宫下令战争紧急时刻：所有半神以下超凡留薪火世界候命；每位超凡可迁移不超过十位凡人家眷入薪火世界。东伯雪鹰定下父母、弟弟、宗叔铜叔等十人名单。安阳行省家眷抵达夏都城，东伯青石携女友戴雅及空元风、戴璐同行。超凡们焦急等待只能依靠半神。,薪火宫下令迁移超凡家眷，东伯雪鹰家人抵达夏都城。
初露峥嵘,一年时间,情节推进、氛围营造,设定,东伯雪鹰与家人团聚，告知恶魔战争恐持续百年。龙山历9662年三月灰鹄骑士庞白被恶魔秃噜乌战死（贺山主与叶老太太联手复仇）；八月烈血骑士梁芳被寒冰恶魔萨卡所杀。截止9662年9月半神级恶魔被斩杀九位后潜藏，恶魔们越来越低调狡猾。,恶魔入侵第一年战况惨烈，两位半神战死，九位半神级恶魔被杀后恶魔龟缩。
初露峥嵘,超凡会议,设定展开、情节推进,设定,薪火宫召开超凡会议，陈宫主宣布恶魔龟缩难以寻找，所有超凡须分散各地凭借天地之力感应寻找恶魔踪迹，发现即上禀由半神击杀。战争预计持续上千年，这一时代超凡注定牺牲。魔神会与恶魔勾结一律杀无赦。三个月后超凡们将离开薪火世界回乡。东伯雪鹰在冲云峰练枪思索极点穿透不适合防御的缺陷。,薪火宫宣布所有超凡分散各地寻找恶魔踪迹，魔神会一律杀无赦。
初露峥嵘,恶魔情报,设定展开、人物心理,情感、设定,陈宫主发放六千余头已发现恶魔的详细情报，按战力分阶：半神级恶魔（半神榜前十战力）、五阶恶魔（圣榜前十）、四阶恶魔（圣榜前十至三十）、三阶恶魔（圣级巅峰）、二阶恶魔（圣级初中期）、一阶恶魔（飞天级）。宫愚师傅召集赤云山候补元老发放一年额度资源；司徒鸿急于突破圣级炫耀，反因突破后无法享用资源而损失一年份。,恶魔分阶情报系统展开，司徒鸿急于突破圣级弄巧成拙。
初露峥嵘,百战秘室的战斗,战斗描写、氛围营造,战斗、设定,东伯雪鹰在离开夏都城前闯百战秘室，进入后面对一百尊超凡炼金生物围攻。炼金生物体表金色纹路彼此勾连形成法阵增幅实力，铺天盖地从各方向围攻。东伯雪鹰分化三个幻影应战，以连绵不绝枪法抵挡十八名炼金生物的同时围攻。余靖秋前一晚与东伯雪鹰约定住到雪石城堡。,东伯雪鹰闯百战秘室面对一百尊超凡炼金生物围攻。
初露峥嵘,需外求,悟道、人物心理,修炼、情感、爽点,东伯雪鹰在围攻中发现极点穿透真意不适合防御和围攻——它是纯粹的点贯穿攻击，缺乏连绵不绝行云流水的意境。经一年多参悟，确认水火风三种奥妙无法同时满足防御和连绵攻击，决定外求第四种奥妙融入。他担心破坏极点穿透真意雏形的平衡，但枪法短板明显不得不突破。在战斗中以身体施展极点穿透穿透空间瞬移。,东伯雪鹰决定外求第四种奥妙完善枪法，极点穿透不适合防御的缺陷明确。
初露峥嵘,跨入圣级,转折高潮、装备获取,奖励、高潮,东伯雪鹰以身体施展极点穿透逐一击败炼金生物赢下百战秘室。陈宫主悄然观战，嘱东伯雪鹰保密十万贡献点奖励，赞其二品真意厉害。东伯雪鹰当晚闭关突破圣级，超凡斗气蜕变。余靖秋被墨阳瑜夫妇当做媳妇看待。弟弟青石及戴璐戴雅姐妹、空元风对东伯雪鹰实力震撼敬佩。,东伯雪鹰赢下百战秘室获十万贡献点，当晚闭关突破圣级超凡。
初露峥嵘,离开夏都城,设定展开、情节推进,设定,东伯雪鹰突破圣级后超凡斗气蜕变可凝聚斗气分身，分化斗气分身镇守雪石城堡。9663年春所有超凡及称号级离开薪火世界，司空阳观主在水源道观主持。东伯雪鹰保留五万贡献点，以其余换取半神器。余靖秋与东伯雪鹰均被安排上半年追杀恶魔。池丘白驾战船送众人回乡。,东伯雪鹰分化斗气分身镇守家族，9663年春超凡们离开薪火世界回乡追杀恶魔。
初露峥嵘,半神器,装备获取、设定展开,奖励、设定,东伯雪鹰在水源道观半神器殿厅换取水火荡云袍（半神阶中品，三万两千贡献点，水火真意波动护体）和星石火云枪（半神阶中品，三万贡献点，神界星石枪尖锋利无匹），另购三座法阵一万七千贡献点，共超支近万。池丘白驾战船送众人回乡，东伯雪鹰余靖秋在青河郡仪水城雪石城堡下船。,东伯雪鹰换取水火荡云袍和星石火云枪两件半神器，回到雪石城堡。
初露峥嵘,家乡,环境铺陈、情感展现,情感、设定,东伯雪鹰回到雪石城堡，白源之法师迎接。余靖秋布好三大法阵保护雪石山顶。东伯雪鹰在晚宴上告知家人三个安全之地：雪石城堡（法阵保护）、长风学院、省城。东伯青石准备回长风学院。次日东伯雪鹰与余靖秋分开各自追杀恶魔。,东伯雪鹰回雪石城堡安顿家人，与余靖秋分开追杀恶魔。
初露峥嵘,遇到孔悠月,人物引入、人物心理,人物、情感,东伯雪鹰易容在仪水城、青河郡城追查恶魔踪迹一个月无收获，恶魔们龟缩不出。在青河郡城酒楼偶遇初恋孔悠月（如今已中年妇人，天阶法师），孔悠月与阴男爵谈省城客栈生意。东伯雪鹰借天地之力观察，心情复杂唏嘘，二人已是两个世界的人。,东伯雪鹰易容追查恶魔无果，偶遇已步入中年的孔悠月。
初露峥嵘,背影,人物心理、情节推进,情感,孔悠月在三楼与阴男爵谈省城客栈生意，因恶魔入侵省城宅价飙升十倍，孔悠月开价三百万金币。孔悠月下楼时看到二楼背对的黑衣青年，认出是东伯雪鹰的背影，紧张忐忑走过去。省城土地因恶魔入侵价格飞涨，凡人贵族富商涌入省城。,孔悠月认出东伯雪鹰背影，省城宅价因恶魔入侵飙升。
初露峥嵘,几枚铜币,矛盾爆发、爽点设置,冲突、爽点,"孔悠月走近发现是陌生面孔（东伯雪鹰易容）失望离去。阴男爵因愤怒欲以""作画""（残害侍女）泄愤，东伯雪鹰以三枚铜币暗器击杀阴男爵、老者、流星级护卫三人，救下被捆绑的侍女。东伯雪鹰用铜币而非超凡手段以隐藏身份，安排侍女躲避飞火商会追查。",东伯雪鹰以铜币击杀残害侍女的阴男爵等人，行侠仗义不暴露超凡身份。
初露峥嵘,大鱼（上）,悬念设置、情节推进,伏笔,飞火商会胖老板发现阴男爵尸体，锁定二楼黑衣青年。商会会长南门信派血手带三套灭神弩伏击东伯雪鹰。东伯雪鹰在五支巷被伏击，但以天地之力裹挟铜币在黑暗中悄无声息击杀所有杀手。东伯雪鹰追踪南门信求援，乘飞禽魔兽离开青河郡。,飞火商会派杀手伏击东伯雪鹰被灭杀，东伯雪鹰追踪南门信求援。
初露峥嵘,大鱼（下）,悬念设置、转折高潮,伏笔、高潮,"东伯雪鹰追踪南门信至一座贵族城堡，发现南门信自称""乙十五""求见""左长老""，态度极为恭敬。东伯雪鹰判断城堡为巫神殿分支、魔神会分支或邪神魔神总坛，极为兴奋——拔掉一个总坛的奖励不亚于击杀一二阶恶魔。南门信见到左长老后获派两名青铜使者回去对付东伯雪鹰。",东伯雪鹰追踪发现飞火商会背后隐藏着一个超凡势力总坛。
初露峥嵘,泼天大祸,矛盾爆发、战斗描写,冲突、战斗,"东伯雪鹰判断城堡为邪神魔神总坛，以""乙十五""嘲讽守卫后踢飞十万斤城门攻入。东伯雪鹰强行操纵天地之力压制城堡内称号级强者，正面横推摧枯拉朽。城堡银袍首领惊恐下令调动青铜使者、白银使者、黄金使者及法阵全力抵抗。左长老斥南门信引来超凡生命惹下泼天大祸。",东伯雪鹰正面横推攻入邪神魔神总坛，南门信惹下泼天大祸。
初露峥嵘,魔化,战斗描写、设定展开,战斗、设定,城堡二十一道魔化高手围攻东伯雪鹰，魔化为凡人以魔神力淬炼身躯变成鳞甲怪物。东伯雪鹰以极点穿透飞镖贯穿法阵能量核心晶球破阵，再以超凡斗气贯穿二十一名魔化者头颅灭杀。魔化设定展开：魔神会超凡修炼魔力可成不死之身，凡人魔化为星辰骑士级别。内城堡空间扭曲，魔神世界投影降临。,东伯雪鹰灭杀二十一名魔化高手，魔神乌云火世界投影降临。
初露峥嵘,魔神降临,设定揭示、悬念设置,伏笔、揭示、设定,魔神乌云火世界投影降临（灰弯角红皮肤黑袍），被世界意志压制在凡人极限。神灵降临两种方式展开：世界投影（消耗神力大、被压制凡人极限）和神灵分身（代价极恐怖、被压制半神极限）。乌云火姿态低调邀东伯雪鹰喝酒谈判，自称普通魔神，在夏族世界十九座行省建十二座总坛。东伯雪鹰明白世界投影无法威胁自己。,魔神乌云火世界投影降临，神灵降临两种方式设定揭示，乌云火邀东伯雪鹰谈判。
初露峥嵘,谈判崩了,矛盾展现、人物心理,冲突、情感,乌云火以两千斤源石利诱东伯雪鹰放过总坛，东伯雪鹰从总坛坛主决死抵抗和魔神降临判断此处有重要之物，拒绝。乌云火加价至三千、五千斤源石被拒，以东伯雪鹰家族威胁。东伯雪鹰以超凡斗气撞击乌云火投影。谈判崩裂，乌云火暗中指令伪装成仆从的恶魔达比希出手杀东伯雪鹰。,乌云火以源石利诱和威胁均被东伯雪鹰拒绝，谈判崩裂，暗中指令恶魔出手。
初露峥嵘,发现恶魔,战斗描写、转折高潮,战斗、高潮,恶魔达比希（胖仆从变身黑鳞红弯角恶魔，持牛角斧）偷袭东伯雪鹰。东伯雪鹰上禀薪火宫同时以极点穿透迎战，星石火云枪与牛角斧正面碰撞，冲击波击杀银袍首领及南门信等凡人。炎泽将军与乌云火约定半个呼吸内杀东伯雪鹰后带其逃离。池丘白收到消息撕裂空间赶来。,恶魔达比希偷袭东伯雪鹰，冲击波击杀凡人，池丘白紧急赶来。
初露峥嵘,厮杀，镇压,战斗描写、设定展开,战斗、设定,东伯雪鹰全力一招仅让达比希退两步，判断其身体太强。达比希怒吼以声波攻击，东伯雪鹰以极点穿透躲避。东伯雪鹰幻化三道身影，以极点穿透刺穿达比希面部炸裂头颅，发现其脑壳太硬无法刺穿。达比希具有不死之身迅速恢复，东伯雪鹰持续攻击将其身体碎裂，以超凡斗气镇压分割恶魔躯体。四阶恶魔中约两成掌握不死之身。,东伯雪鹰与不死之身四阶恶魔达比希激战，以极点穿透镇压碎裂其躯体。
初露峥嵘,尘埃落定,转折高潮、人物心理,情感、高潮,乌云火加价至十万斤源石被东伯雪鹰拒绝，东伯雪鹰确认总坛有极重要之物。乌云火威胁报复家族后消失。池丘白赶到，东伯雪鹰获一万贡献点。东伯雪鹰将乌云火魔神之事告知池丘白，请求池丘白照看。东伯雪鹰操纵天地之力挖地三尺搜查总坛。,东伯雪鹰拒绝乌云火十万斤源石，池丘白赶到，东伯雪鹰搜查总坛。
初露峥嵘,这是什么？,设定揭示、悬念设置,伏笔、揭示、设定,东伯雪鹰以身体碰撞法阵发现隐藏的恶魔浴池（十米范围漆黑色，恶魔头颅雕像，无数触手连接夏族世界空间）。乌云火魔神正在拆卸触手欲转移。池丘白和东伯雪鹰均不认识此物，请晁青副观主鉴别。恶魔将军炎泽得知达比希之死，令五阶以下恶魔遇东伯雪鹰躲避。炎泽联络乌云火魔神。,发现隐藏法阵内的恶魔浴池，炎泽将军令恶魔遇东伯雪鹰躲避。
初露峥嵘,将军,人物引入、伏笔埋设,人物、伏笔,"炎泽将军（紫甲瘦小恶魔，金光眸子）与乌云火联络，乌云火挑拨炎泽除掉东伯雪鹰——东伯雪鹰不到六十岁实力已进圣榜前十，潜力比池丘白更高，三五百年后将是夏族最强存在。炎泽被说动，令手下寻找东伯雪鹰。晁青副观主赶到鉴别恶魔浴池，认出是""魔井""。",乌云火挑拨炎泽将军除掉东伯雪鹰，晁青认出恶魔浴池为魔井。
初露峥嵘,魔井,设定揭示、爽点设置,揭示、爽点、设定,晁青揭示魔井设定：魔神将神力/魔神力低损耗传递到凡人世界的通道，魔神力可魔化凡人、强化身躯、加速修行、迅速恢复。有魔井的邪神魔神势力能排前十，没魔井的根本没法比。乌云火失去魔井信仰将萎缩九成。魔井价值三十万贡献点，陈宫主斗气分身确认。龙山楼赶来收拾，东伯雪鹰以天地之力炸裂百里云雾摆脱乌云火监视。,魔井设定完整揭示，价值三十万贡献点，东伯雪鹰摆脱乌云火监视。
初露峥嵘,怒火,矛盾爆发、情感展现,冲突、情感,乌云火魔神袭击雪石城堡，被法阵困住。东伯雪鹰斗气分身以天地之力形成两个数里范围巨大手掌拍击，乌云火主动溃散投影逃离。东伯雪鹰怒火难消——家人是底线。乌云火发誓报复，寄望炎泽将军杀东伯雪鹰。东伯雪鹰感应到北方出现恐怖邪恶气息——炎泽将军魔力分身出现。,乌云火袭击雪石城堡被法阵困住后溃散逃离，炎泽将军魔力分身现身。
初露峥嵘,北方大地,环境铺陈、人物心理,情感、设定,炎泽将军魔力分身以粒子感知雪石城堡（一千八百九十九人，法阵强大），判断无法闯入放弃灭杀计划。陈宫主告知炎泽为北方五座行省恶魔最高首领、水源道观最大敌人。东伯雪鹰本尊北行寻恶魔无果，在安阳行省最北方雪山感悟大地——风火水皆有灵性，大地承载万物。,炎泽将军探查雪石城堡后离去，东伯雪鹰在北方雪山开始感悟大地奥妙。
初露峥嵘,承载，包容,悟道、转折高潮,修炼、高潮、爽点,"东伯雪鹰在雪山山顶盘膝半月，悟出大地奥妙""承载包容""——一粒粒砂砾汇合成一切的承载。大地奥妙跨入万物境第一层次，后一气呵成提升至万物境第二层次。地火水风四者相互印证融合轻松，未破坏极点穿透真意雏形，威力提升三成。东伯雪鹰在孤独独处中参悟，心灵越加澄明。","东伯雪鹰悟出大地奥妙""承载包容""至万物境第二层次，地火水风融合成功。"
初露峥嵘,星辰,悟道、转折高潮,修炼、高潮、爽点,9665年初，东伯雪鹰在雪石山顶练枪，地火水风浑然一体时感悟到大地完美形态为球体——星辰。大地承载包容万物，最终形成一颗自转的星辰，万物生长其上。星辰是符合天地自然最完美规则的大地形态，每处大地平等，圆满无边缘棱角。,东伯雪鹰感悟到大地完美形态为星辰，为掌握星辰真意奠定基础。
初露峥嵘,暗流,悟道、伏笔埋设,伏笔、修炼、爽点,"东伯雪鹰掌握""星辰真意雏形""（二品），成为夏族史上第一位掌握两门二品真意雏形者。星辰真意防御逆天、力量逆天且自带引力领域，是极平衡的二品真意。东伯雪鹰仍奢望一品真意但知难度极高。魔神会大祭司（黑雾身影）与五位恶魔将军联络，签下深渊誓约。",东伯雪鹰掌握星辰真意雏形，魔神会大祭司与五位恶魔将军签下深渊誓约。
初露峥嵘,占领,设定展开、伏笔埋设,伏笔、设定,魔神会大祭司将八座大型超凡世界、百余座小型超凡世界的记录地图传给五位恶魔将军。恶魔精英队伍（含三位五阶恶魔、六位四阶恶魔及大量三阶恶魔）在炎泽将军魔力分身守护下进入一座小型超凡世界，灭杀所有超凡土著（三个活捉）。恶魔以连心恶魔与外界联系。,恶魔精英队伍占领小型超凡世界灭杀超凡土著，建立老巢。
初露峥嵘,程灵淑,人物引入、矛盾爆发,人物、冲突,9666年6月，五阶恶魔巫琅（红色弯角恶魔，掌握三品空间粉碎真意）魔力分身撕裂空间来到夏族世界，袭击正在行侠仗义的程灵淑。程灵淑上禀薪火宫同时激发保命卷轴，但巫琅以空间粉碎百米范围粉碎一切，程灵淑身体瞬间粉碎战死。,五阶恶魔巫琅魔力分身袭杀程灵淑，空间粉碎真意威力恐怖。
初露峥嵘,做梦去吧！,转折高潮、情感展现,情感、高潮,程灵淑灵魂幸存，巫琅欲囚禁其灵魂，程灵淑毫不犹豫灵魂自爆未被捕获。晁青、池丘白赶到已晚。东伯雪鹰骑马寻恶魔时得知程灵淑战死，悲痛万分飞赴枫城。池丘白循空间波动追到空间夹层失去踪迹。东伯雪鹰在枫城大坑前祭奠，回忆与程灵淑三十年友情。,程灵淑灵魂自爆未被恶魔捕获，东伯雪鹰悲痛赶赴枫城祭奠。
初露峥嵘,无解,设定揭示、氛围营造,揭示、设定,东伯雪鹰等祭奠程灵淑。夏族元老会推断恶魔精英占领超凡小型世界，魔神会提供地图。半神级生命无法进入超凡小型世界，神界战兵也被算作半神级被排斥。圣级超凡带半神级法术卷轴也破不了恶魔军团法阵——近乎无解。陈宫主痛言这一时代超凡注定牺牲。,夏族元老会确认恶魔占领超凡小型世界，半神无法进入，近乎无解。
初露峥嵘,进攻超凡小型世界,矛盾爆发、人物心理,冲突、情感,夏族派六位圣榜前列超凡斗气分身携带宝物攻打恶魔老巢，贺山主步城主亲自护送。六位超凡在超凡小型世界内破解法阵一个多时辰，陷入法阵无法前进，被迫消耗所有宝物仍未破最外围法阵。贺山主步城主幻想破灭。步城主痛言以历史参照超凡将死去超过八成。,夏族六位圣榜超凡攻打恶魔老巢彻底失败，连最外围法阵都未破掉。
初露峥嵘,无心插柳柳成荫,悟道、转折高潮,修炼、高潮、爽点,"东伯雪鹰在雪石山参悟幻象真意，融入大地奥妙后发现大地成为最主要部分，超越水火风。参悟中意外掌握""虚界真意雏形""（二品）——地火水风四者构成虚界雏形，可改天换地形成幻术。虚界真意是幻术源头，攻击力弱但自身可隐藏虚界敌人找不到真身。东伯雪鹰成为夏族史上第一位掌握三种二品真意雏形者，严格保密。",东伯雪鹰意外掌握虚界真意雏形，成为第三门二品真意雏形。
初露峥嵘,等得起,人物心理、伏笔深化,伏笔、情感,攻打超凡小型世界失败消息传开。陈宫主传讯东伯雪鹰隐忍等待掌握完整真意后以力破法——二品真意进攻方面威力极强，可远距离正面破阵。东伯雪鹰在仪水城与余靖秋聊天，得知五阶恶魔已查出二十九位，最强者基尔罗掌握两种三品真意。陈宫主嘱东伯雪鹰十年内掌握完整真意，夏族等得起。,陈宫主嘱东伯雪鹰隐忍十年掌握完整真意后以力破法破阵。
初露峥嵘,这一天，到来！,转折高潮、悟道,修炼、高潮、爽点,"龙山历9680年夏，东伯雪鹰在湖边钓鱼时豁然开朗掌握完整""极点穿透真意""——看到世界万物背后的运转规则奥妙，百里范围内一切皆在攻击范围。以一片落叶穿透百里巨石，规则奥妙实质化显现。威力媲美资深半神，一拳可让百里城池化作废墟。东伯雪鹰通知陈宫主已掌握完整真意。",龙山历9680年夏东伯雪鹰掌握完整极点穿透真意，威力媲美资深半神。
初露峥嵘,我需要半年时间,人物心理、情节推进,情感,陈宫主狂喜，东伯雪鹰要求半年准备时间（实为再掌握星辰真意）。东伯雪鹰在湖边击杀一头弱小恶魔解救被囚灵魂——恶魔狩猎人类灵魂献给将军和五阶恶魔。东伯雪鹰看到化作死地的村庄，愤怒不甘但只能忍耐。半年内夏族超凡已死去两成。,东伯雪鹰要求半年准备时间，期间击杀弱小恶魔解救被囚灵魂。
初露峥嵘,遭遇,矛盾展现、悬念设置,伏笔、冲突,"东伯雪鹰掌握极点穿透真意两个月后掌握星辰真意（比预料快）。在路上救少女雁菡，遇桂家队伍中潜伏的恶魔大胖子。大胖子以""毁灭风漩""法术检测东伯雪鹰实力，东伯雪鹰以天地之力破法暴露称号级。大胖子上禀发现疑似超凡，炎泽将军魔力分身赶来。",东伯雪鹰掌握星辰真意，行侠仗义引出潜伏恶魔和炎泽将军魔力分身。
初露峥嵘,镇族之宝？,战斗描写、设定揭示,战斗、揭示、设定,炎泽将军魔力分身撕裂空间出现，直扑东伯雪鹰。东伯雪鹰手腕上镇族之宝手环化作青灰色气流包裹住炎泽——陈宫主揭示手环实为神界战兵，最擅长守护。池丘白、晁青、司空阳赶到空间夹层围攻炎泽魔力分身。神界战兵设定展开：神界战兵有自身智慧，半神级巅峰实力，材质非凡连神都难毁。,镇族之宝手环（神界战兵）保护东伯雪鹰抵挡炎泽将军，三半神围攻。
初露峥嵘,手指一弹,战斗描写、爽点设置,战斗、爽点,潜伏的大胖子恶魔仓皇逃窜，东伯雪鹰手指一弹以极点穿透真意远程击杀——一缕超凡斗气穿透空间出现在十里外击中恶魔，身体完全分解成基本粒子。池丘白等三半神追击炎泽魔力分身，炎泽以三品粒子真意（三重境）提前察觉逃走。东伯雪鹰安排龙山楼处理桂家事务，保护少女雁菡。,东伯雪鹰以极点穿透真意远程击杀逃逸恶魔，炎泽魔力分身逃走。
初露峥嵘,行动开始！,转折高潮、情节推进,高潮,炎泽将军灵魂受损，判断有神界战兵保护无法杀东伯雪鹰，放弃除掉计划。9680年12月东伯雪鹰向贺山主、司空阳、池丘白公开掌握二品真意，四人联手攻打五座超凡小型世界恶魔巢穴。东伯雪鹰以极点穿透撕裂空间通道赶到无名山峰，贺山主等在外等候。东伯雪鹰独自进入超凡小型世界，三位半神在空间夹层守候。,东伯雪鹰向三半神公开掌握二品真意，开始攻打超凡小型世界恶魔巢穴。
初露峥嵘,恶魔宫殿,环境铺陈、悬念设置,伏笔、设定,东伯雪鹰独自进入第一座超凡小型世界，以星辰真意感应发现九千里外的空间寂静区域（恶魔巢穴）。极点穿透真意可强行穿透三十里法阵，东伯雪鹰两次极点穿透穿入法阵内部六十里处，出现在恶魔宫殿豪奢大厅内，一名恶魔正在呼呼大睡。,东伯雪鹰进入超凡小型世界，以极点穿透两次穿入法阵内部到达恶魔宫殿。
初露峥嵘,杀！,战斗描写、转折高潮,战斗、高潮,东伯雪鹰施展星辰真意引力领域，百里范围内恐怖引力降临——恶魔宫殿崩解，弱小恶魔头颅内部化为浆糊当场毙命，尸体被吸引飞向东伯雪鹰。连心恶魔也瞬间毙命未及通知。仅五名拥有不死之身的恶魔（两五阶三四阶）幸存。东伯雪鹰以星辰真意护体抵挡飞来的尸体和杂物，收取超凡材料。,东伯雪鹰以引力领域一招灭杀所有弱小恶魔含连心恶魔，仅五名不死之身恶魔幸存。
初露峥嵘,这就是极点穿透（上）,战斗描写、爽点设置,战斗、爽点,五名恶魔围攻东伯雪鹰。东伯雪鹰以极点穿透瞬移到侧方，施展大范围极点穿透攻击——火红色超凡斗气成扇形横推，三名四阶恶魔身体粒子被持续摧毁至死。东伯雪鹰再以极点穿透瞬移到黑衣恶魔前，第二枪以极点穿透穿透空间和半神器黑暗神衣双重阻碍，枪尖出现在黑衣恶魔体内。,东伯雪鹰以大范围极点穿透灭杀三名四阶恶魔，刺破半神器黑暗神衣。
初露峥嵘,这就是极点穿透（下）,战斗描写、情感展现,情感、战斗,东伯雪鹰以极点穿透穿透虚空击杀瞬移逃跑的巫琅（杀程灵淑者），每恢复一次就刺一枪直至生命力耗尽。再灭黑衣恶魔。东伯雪鹰情绪沸腾——为程灵淑、宗屠、巴明等亡友报仇。极点穿透比瞬移更快，可穿透空间波动。东伯雪鹰走出超凡小型世界告知三半神未暴露。,东伯雪鹰以极点穿透穿透虚空击杀巫琅和黑衣恶魔，为亡友报仇。
初露峥嵘,成功的喜悦,转折高潮、情感展现,情感、高潮,第一座恶魔巢穴攻破成功且未暴露。陈宫主狂喜激动。东伯雪鹰等赶往第二座超凡小型世界。贺山主感叹夏族因有甘愿牺牲的超凡才能成为凡人世界主人。东伯雪鹰在第二座也顺利攻破，一名五阶恶魔撕裂空间逃窜被池丘白等三半神守株待兔击杀。赶往第三座——最强五阶恶魔基尔罗所在。,前两座恶魔巢穴顺利攻破且未暴露，赶往第三座基尔罗所在巢穴。
初露峥嵘,时空神殿,设定揭示、悬念设置,伏笔、揭示、设定,最强五阶恶魔基尔罗（金甲暗红鳞片，掌握两种三品真意，金煌真意达二重境，实力媲美资深半神）在恶魔宫殿静修。时空神殿突然介入——五道身影凭空出现（俊美青年烈火、红袍女子红叶、黑色金属男子、魅魔少女、新人刀魔），时空神殿将保护基尔罗设计为困难级任务：在东伯雪鹰追杀下保基尔罗存活一天并送入凡人世界。,时空神殿介入，派轮回者小队保护基尔罗，任务目标对抗东伯雪鹰。
初露峥嵘,联手,设定展开、情节推进,设定,烈火透露任务提示：东伯雪鹰掌握极点穿透真意。时空神殿轮回者设定展开——行走亿万世界磨练筛选，每次任务如生死轮回。轮回者队伍与基尔罗交手后表明身份，基尔罗接受联手。红袍女子已布下阻止空间穿透的法阵。东伯雪鹰摧毁第二座巢穴后进入第三座超凡小型世界。,时空神殿轮回者与基尔罗联手，东伯雪鹰进入第三座超凡小型世界。
初露峥嵘,攻打！,战斗描写、悬念设置,伏笔、战斗,东伯雪鹰进入第三座超凡小型世界，发现法阵克制极点穿透且被提前发现。连心恶魔通知恶魔将军——两座巢穴已被灭。五位恶魔将军震惊下令剩余巢穴撤退。东伯雪鹰判断被针对，决定正面以极点穿透远程攻击法阵——食指中指持续射出一缕缕超凡斗气，每一击威能达资深半神层次。,东伯雪鹰发现被针对，正面以极点穿透远程摧毁法阵，恶魔将军下令撤退。
初露峥嵘,震动（上）,情感展现、氛围营造,情感、设定,消息传开，晁青等夏族半神得知东伯雪鹰掌握二品真意激动万分——夏族将无敌一个时代。步城主等三位半神也被派去支援。恶魔将军和魔神会寄希望于时空神殿轮回者。法阵被摧毁过半摇摇欲坠。,夏族半神们得知东伯雪鹰掌握二品真意激动万分，法阵即将崩溃。
初露峥嵘,震动（下）,人物心理、悬念设置,伏笔、情感,基尔罗观察东伯雪鹰攻击心惊——极点穿透真意比他的金煌真意更强。烈火（掌握二品波动空间真意，由四种三品真意进化）嫉妒东伯雪鹰在凡人世界穷破旮旯却掌握二品真意。时空神殿传奇故事展开：一名普通飞天级轮回者被神界大能发现潜力，三十年掌握一品开天真意。法阵崩溃，东伯雪鹰杀入。,基尔罗和烈火震惊于东伯雪鹰实力，法阵崩溃东伯雪鹰杀入。
初露峥嵘,战,战斗描写、转折高潮,战斗、高潮,东伯雪鹰以引力领域一招灭杀弱小恶魔，仅剩基尔罗等五名恶魔和五名时空神殿轮回者。金属族男子因身体太重在引力下丧失威胁。东伯雪鹰识破时空神殿身份。时空神殿执行第二计划：红袍女子以九根巨大长藤+波动空间镇压+八块寒冰圆盘（半神巅峰级法术卷轴）围攻。,东伯雪鹰引力领域灭杀弱小恶魔，时空神殿执行第二计划围攻。
初露峥嵘,第二计划,战斗描写、人物心理,情感、战斗,东伯雪鹰以引力排斥力阻挡九根长藤，但被波动空间镇压（彩光包裹如凡人在水中实力降两成）。烈火以黑色火焰斗气远攻、魅魔射箭、金属族男子甩短矛、红袍女子操纵八块寒冰圆盘围杀。东伯雪鹰以星辰真意护体硬抗十二道黑色火焰斗气，拼死挡下八块寒冰圆盘，受轻伤吐血。,时空神殿以波动空间镇压和八块寒冰圆盘围攻，东伯雪鹰拼死挡下受轻伤。
初露峥嵘,幻域？,战斗描写、悟道,修炼、战斗、爽点,东伯雪鹰冲向阵盘被阻，以极点穿透三枪刺穿基尔罗头颅。魅魔少女以幻域真意（四品）将东伯雪鹰精神拽入幻域。东伯雪鹰伪装惊慌四处攻击，实则冷静观察幻域真意——虚界真意是幻域的终极形态，简陋的幻域对他是个笑话。东伯雪鹰从魅魔的幻域真意中发现虚界真意最后所欠缺的部分。,魅魔以幻域真意将东伯雪鹰精神拽入幻域，东伯雪鹰借机参悟虚界真意。
初露峥嵘,虚界真意,转折高潮、战斗描写,战斗、高潮,东伯雪鹰掌握完整虚界真意，身体进入虚界——行走在虚幻世界中可攻击真实世界敌人，真实世界敌人无法伤他。东伯雪鹰从虚界中刺出一枪，极点穿透刺穿烈火护体真意刺穿其头颅当场毙命。时空神殿判定任务难度提升为噩梦级（十死无生）。红袍女子和烈火因灵魂造诣高才摆脱虚界束缚，但烈火已死。,东伯雪鹰掌握完整虚界真意行走虚界，一枪刺杀烈火，任务难度升至噩梦级。
初露峥嵘,一个不留,战斗描写、爽点设置,战斗、爽点,红袍女子以红色令符（神器换取的保命令符）放弃任务被时空神殿裹挟离去。东伯雪鹰行走虚界，以极点穿透逐一灭杀魅魔少女、金属族男子、新人刀魔（人类不死之身）、基尔罗等所有敌人——每恢复一次就摧毁一次直至生命力耗尽。时空神殿邀请东伯雪鹰加入。,东伯雪鹰行走虚界逐一灭杀所有敌人，红袍女子放弃任务逃离，时空神殿邀请东伯雪鹰。
初露峥嵘,我拒绝（本篇终章）,转折高潮、情感展现,情感、高潮,东伯雪鹰拒绝时空神殿邀请——时空神殿以银令神使、金令神使（最高待遇，身死可保护灵魂复活）利诱，东伯雪鹰因需要自由和时间陪伴家人而拒绝。东伯雪鹰走出超凡小型世界与六位半神汇合，剩余两座巢穴恶魔已撤退。东伯雪鹰回到雪石城堡，余靖秋含泪紧抱东伯雪鹰。东伯雪鹰追求的是守护爱的家人，而非追求实力成神——修行是为更好守护，本篇完整收官。,东伯雪鹰拒绝时空神殿邀请回到雪石城堡与余靖秋团聚，全篇收官。
黑风神宫,紧巴巴,设定展开、情节推进,设定,东伯雪鹰铲除三座恶魔巢穴后三天入薪火宫，陈宫主告知其因掌握二品真意地位等同元老，赐金箔书籍记载夏族诸多隐秘（神界先辈降世界投影等）；陈宫主为东伯雪鹰定两百万贡献点（铲除恶魔巢穴功劳一百万+奖励一百万），因夏族源石紧巴巴（库藏仅三百多万斤）而扭捏犹豫是否兑换源石，东伯雪鹰拒绝兑换，因自己准备闯黑风神宫及横扫连接的大型超凡世界自行挖源石。,东伯雪鹰获两百万贡献点及夏族隐秘书籍，拒绝兑换源石决定自行挖掘。
黑风神宫,再见黑龙,设定揭示、伏笔深化,伏笔、揭示、设定,"东伯雪鹰将神界战兵暂借余靖秋师妹使用，陈宫主透露余靖秋将来成半神后可执掌夏族""最强镇族神器""（雪前辈），实力将力压所有半神媲美神，且暗中已送其伪装神界战兵护身；东伯雪鹰询问黑风神宫及主人，陈宫主介绍黑风老祖是近百万年最强半神法师（镇压一个时代，实力胜过贺山主），掌握三品真意却因""疯狂之事""实力再度提升（涉及夏族隐秘语焉不详），神宫宝藏不凡但强取可能引起自毁手段；东伯雪鹰购近两万贡献点宝物分赠家人后，与余靖秋飞赴黑风崖，在黑风渊上方遭遇五十年前曾瞥过自己一眼的半神级炼金生物黑龙。","余靖秋将执掌最强镇族神器隐秘揭示，黑风老祖""疯狂之事""伏笔深化，东伯雪鹰再遇黑龙。"
黑风神宫,战黑龙,战斗描写、爽点设置,战斗、爽点,"黑龙千米长庞大身躯显现，力量达半神巅峰级，俯冲咬向东伯雪鹰；东伯雪鹰施展星辰真意之""引力领域""笼罩黑龙，因黑龙体型庞大受排斥力远超人类半神，被狠狠顶在黑风渊山壁上无法挣脱，认输；东伯雪鹰收引力领域，黑龙不服称引力真意刚好克制自己，提醒神宫内其他守护更危险；余靖秋惊诧东伯雪鹰何时掌握引力真意（外界仅知其穿透真意）。",东伯雪鹰以引力领域一招击败半神巅峰级黑龙，引力真意克制大体型生物的设定展现。
黑风神宫,探索进入,环境铺陈、设定展开,设定,"东伯雪鹰俯冲入黑风渊，引力领域将黑甲士兵将领尽皆粉碎化作黑雾，降落于谷底当年坠坑处；黑龙善意提醒神宫内白雾存在死亡危机、见机不妙即高呼""认输""保命；东伯雪鹰以星辰真意巨掌推开百米高殿门，见殿内白雾弥漫；黑风神宫法阵竟能阻挡引力探查及极点穿透，东伯雪鹰惊叹黑风老祖镇压一个时代的强大；青灰色手环（神界战兵）传音提醒周围有特殊存在窥伺。",东伯雪鹰进入黑风神宫正殿，神宫法阵阻挡引力及极点穿透探查，神界战兵预警。
黑风神宫,守门的,战斗描写、设定揭示,战斗、揭示、设定,"白雾凝聚成猿猴模样""雾雷""（手持双雾气弯刀、雷电眸子），速度极快与东伯雪鹰以快对快，极点穿透枪法与其刀法千百次碰撞；雾雷一分为四围攻，东伯雪鹰以星辰真意枪法（包容万物、如行云流水）挡住四猿围攻，扫飞三猿后以极点穿透刺穿第四猿身躯（雾气凝聚聚散无常杀不死）；雾雷自诞生八百万年首次在圣级超凡手上""输""过，劝东伯雪鹰放弃称神宫内其他守护个个更强。",东伯雪鹰击败守门神界战兵雾雷，雾雷八百万年首次败于圣级超凡，劝其放弃。
黑风神宫,消失了？,战斗描写、转折高潮,战斗、高潮,"东伯雪鹰进入廊道下青色阶梯，墙角隐藏的灰色衣袍男子""刀客""（五影老五，半神巅峰级力量+空间奥妙）以双短棍连击，东伯雪鹰硬挡一棍即双手发麻、第三棍抽中腹部致六根骨头断裂吐血；青甲守卫出手震退刀客，刀客称要通过其守护须靠自身实力否则违背主人规矩；东伯雪鹰因正面实力差距太大，凭虚界真意消失无踪进入虚界，刀客大惊找不到其踪迹；东伯雪鹰在虚界戏谑拍刀客脑袋，漫步虚界畅通无阻深入神宫观察重重阻碍及更强大生物。",东伯雪鹰被五影老五刀客碾压受伤，被迫祭出虚界真意消失无踪，虚界中神宫法阵无法阻挡。
黑风神宫,黄金人和黑色老鼠,人物引入、设定揭示,人物、揭示、设定,"五影之首黄金人""金魔""（泛金光眼眸、无形威压、擅长进攻）召集五影商议找不到东伯雪鹰之事；东伯雪鹰在虚界观察判断五影一个比一个强，金魔压迫感甚至在青甲守卫之上，神宫内共计七尊神界战兵（雾雷+五影+最深处一个）；金魔去见掌管神宫的黑色老鼠""比墨""（半米高、乌溜溜眼睛、主人最信任），比墨感应到东伯雪鹰就在旁边；东伯雪鹰现身，比墨推断其至少掌握两门二品真意（一门诡异莫测），称其为夏族有史以来最逆天超凡；东伯雪鹰询问是否算成功，比墨判定其凭借真实实力突破重重阻碍算成功。",五影之首金魔及掌管神宫的黑色老鼠比墨登场，比墨判定东伯雪鹰闯宫成功。
黑风神宫,宝藏,设定揭示、伏笔埋设,伏笔、揭示、设定,比墨告知黑风老祖宝物不在神宫而在一座完全封闭的大型超凡世界地底深处（生长于凡人世界外层皱褶内，与空间夹层不相连，唯一出口为世界之门，仅人类超凡可进出）；宝物特殊除肉眼外其他方法探查不到，打开钥匙在比墨处；黑风老祖当年因与上一代薪火宫宫主出现分歧大吵一架，宝物未留薪火宫；比墨给东伯雪鹰八边形墨黑色符牌钥匙及立体地图（黑水湖泊构建），提醒大型世界半神土著有强有弱不可小觑；东伯雪鹰提及地底大殿曾遭破坏有战斗痕迹，比墨确认曾发生恐怖大战。,宝藏位于封闭大型超凡世界地底，世界之门设定及封闭大型世界格局揭示，黑风老祖与宫主分歧伏笔埋设。
黑风神宫,解决恶魔的方法,设定揭示、伏笔深化,伏笔、揭示、设定,比墨讲述黑风老祖在接近寿命大限时不甘心死去，在大型超凡世界进行实验，培育出恐怖存在不及被反杀，从大型世界退至黑风神宫地底大殿借助重重法阵最强实力拼死解决恐怖存在，战后很快死去；东伯雪鹰暗叹成神之难，决定以斗气分身进入大型世界虚界探查（斗气分身境界与本尊一致可行走虚界）；东伯雪鹰出神宫告知黑龙及雾雷保密，牵余靖秋手回雪石城堡；雪石城堡地底秘室内红袍斗气分身戴青灰色手环进入虚界，一两秒抵达黑风神宫地底大殿，以超凡斗气激活殿壁显现百米高世界之门，进入大型超凡世界。,黑风老祖实验培育恐怖存在反被追杀的隐秘揭示，东伯雪鹰斗气分身经世界之门进入大型超凡世界。
黑风神宫,查探大型世界,环境铺陈、设定展开,设定,红袍东伯雪鹰在虚界贴地飞行，虚界映照真实可控制千里范围（直径千里球体），发现超凡材料众多（搜集价值超三万斤源石）；发现雷泽半神（身高数十米巨人沉睡引动千里雷泽，半神榜前十实力，中位天赋靠前甚至上位天赋，身躯力量半神巅峰）未察觉虚界中的东伯雪鹰；又发现蓝皮肤男子（资深半神层次）贴至十米亦未察觉；东伯雪鹰推断较弱的半神及神界战兵均发现不了虚界中的自己，期盼恶魔将军也发现不了；发现地底三百多里深处源石矿脉。,虚界探查能力验证成功，大型超凡世界半神土著无法察觉虚界中的东伯雪鹰，发现源石矿藏。
黑风神宫,铲除！,装备获取、伏笔埋设,伏笔、奖励,东伯雪鹰安排青甲守卫挖掘180万斤源石（留110万斤保世界不崩塌，三千年可恢复），计划近期将大型世界及寻找恶魔将军计划告知陈宫主；东伯雪鹰推算夏族所有源石总量不到五千万斤，三千年能挖出两千万斤已谢天谢地，贺山主、司空阳等凝聚神心者所需源石更多；同时魔神会总部海边城堡内，巫神殿大长老奥兰（半神榜第三）联系魔神会大祭司（黑雾身影），提议巫神殿与魔神会联手立即铲除东伯雪鹰（威胁巫神与大魔神计划），大祭司拒绝称未获大魔神命令不会傻乎乎拼命，奥兰愤怒离去。,东伯雪鹰挖180万斤源石，巫神殿与魔神会密谋铲除东伯雪鹰被大祭司拒绝。
黑风神宫,规则失效,悬念设置、伏笔深化,伏笔,"东伯雪鹰在虚界中按地图标识至湖泊地底三百里处找不到宝物，怀疑宝物令虚界无法映照（虚界映照现实是天地自然基本规则之一，让规则失效超越神灵能力）；进入真实世界以天地之力轰击泥土岩石（隔绝十里范围声音波动），发现普通布袋（三尺长）竟令虚界映照失效；布袋表面浮现墨黑色符纹无法解开，需钥匙；东伯雪鹰将布袋收入储物宝物（储物空间内也""看不见""它）；斗气分身携布袋经世界之门返回黑风神宫封闭静室，本尊放下钥匙后离开（防备万一），斗气分身以八边形墨绿色符牌钥匙打开布袋。",黑风老祖布袋令虚界映照规则失效，东伯雪鹰极度戒备在黑风神宫封闭静室以钥匙打开。
黑风神宫,百万年前坠落之物,设定揭示、核心伏笔,伏笔、揭示、设定,"布袋内仅暗金色手环和晶球两件物品；晶球放出黑风老祖影像（黑色长发老者、霸道冷厉），称能得到留言者实力应与自己接近、是这一时代夏族最强半神；黑风老祖揭示隐秘：东侯历56005年（一百一十万年前）一道火红光芒穿透物质界一切阻碍坠入夏族世界，坠落波及十万里范围致死两位超凡含一名半神；神界、黑暗深渊派遣半神最顶尖强者（部分比黑风老祖更强）及时空神殿轮回者一批批赶来探查，死伤惨重十个难活一个；坠落的宝物是一座被称作""红石山""的山峰，黑风老祖认为其可能造成夏族世界破灭。",红石山隐秘揭示——一百一十万年前坠落物超越时空规则，神界深渊半神顶尖强者探查死伤惨重。
黑风神宫,生物尸骸,设定揭示、伏笔深化,伏笔、揭示、设定,"黑风老祖影像继续揭示红石山在地底十万里极深处，超越时空规则、大小无法描述；黑风老祖要求带神器再入红石山被薪火宫宫主拒绝，甚至以五影（五件神界战兵）交换神器亦遭拒，怒斥宫主目光短浅；黑风老祖在大型超凡世界从未知生物尸骸取物质培育特殊生命反被追杀，借此证明红石山威胁极大；黑风老祖将宝物交给后来者，嘱咐生物尸骸切切小心不可乱来；东伯雪鹰炼化暗金色手环（储物空间五百米长宽高），内含160万斤源石、三具未知生物尸骸（百米长四蹄异兽、三米高十二弯角人形鳞甲、六米高六弯角反关节人形，气息恐怖可能比神更强大）、七块神界战兵符令及炼金生物符令；东伯雪鹰决定暂不给超凡法师实验尸骸；七尊神界战兵恭敬拜见""主人""。",黑风老祖与宫主因神器分歧真相揭示，东伯雪鹰获340万斤源石、三具生物尸骸、七尊神界战兵效忠。
黑风神宫,濮阳波,人物引入、情感展现,人物、情感,"七尊神界战兵自我介绍：比墨（黑色老鼠，最擅长防御）、金魔（五影之首，正面进攻最强，近乎天地规则极限）、圣童（五影老二，平衡型）、柔美人（五影老三，擅长魅惑刺杀）、战将（五影老四，正面强攻）、刀客（五影老五）、雾雷（最弱）；五影因材料含""神界影木""天生可永远生活在阴影空间；东伯雪鹰令七尊战兵及炼金生物打扫神宫带走可带之物，黑龙及炼金生物因名气大须留镇黑风渊迷惑外界（短则数十年长则数百年）；东伯雪鹰收起战兵及炼金生物回雪石山，安排战兵分派保护家人及弟弟青石；晚饭时噩耗传来——濮阳波战死于春阳城，东伯雪鹰与余靖秋震惊悲痛，东伯雪鹰撕裂空间携余靖秋赴春阳城。",七尊神界战兵实力及特长揭示，黑龙留镇，濮阳波战死噩耗传来东伯雪鹰悲痛赴春阳城。
黑风神宫,开始行动,人物心理、情节推进,情感,春阳城（明沙行省沙漠绿洲城池）街道旁百米大坑，贺山主及鬼神骑士酆东（黑白神山副山主）已在场；贺山主、酆东判断濮阳波最擅长瞬移却被瞬间灭杀连兵器宝物未留，疑为厉害的五阶恶魔一招灭杀；东伯雪鹰暗誓明天即去寻找恶魔将军；司空阳、宫愚、池丘白接连赶来悼念，众半神将愤怒压心底明白恶魔将军不解决战争未结束；第二天清晨东伯雪鹰先赴水源道观验证虚界探查——晁副观主钓鱼悠闲未察觉，司空阳观主（凝聚本尊神心）山顶盘膝而坐亦未察觉，东伯雪鹰惊喜确认虚界真意探查之逆天。,悼念濮阳波，东伯雪鹰验证虚界探查能力——司空阳、晁青均未察觉虚界中的自己。
黑风神宫,地毯式搜索,人物心理、悬念设置,伏笔、情感,"东伯雪鹰赴黑白神山验证，贺山主（天下第一法师，身旁黑白月轮神器）转头朝东伯雪鹰方向皱眉疑惑，隐约感知到数百里外有强者潜藏但模模糊糊；东伯雪鹰判断贺山主本尊神心倾向领域类故能感应，司空阳倾向霸道进攻故未感应；东伯雪鹰以""闭关十年""为掩护对家人保密，余靖秋传音追问得知是类似铲除恶魔巢穴的重要探查任务；东伯雪鹰安排比墨保护弟弟青石、雾雷及五影老二至老五驻守雪石城堡、自身带金魔及青甲守卫行动；地底三百里虚界中每天五个时辰飞行搜索一个时辰休息吞噬源石（预计五年内吸收两百万斤源石提升至圣级中期）；三个月后发现山腹深处岩浆湖上庞然大物建筑，刑房内锁链绑缚的正是""已战死""的濮阳波。",贺山主隐约感知虚界中的东伯雪鹰，东伯雪鹰以闭关为掩护地毯式搜索恶魔将军三个月后发现濮阳波被囚。
黑风神宫,得意,矛盾展现、人物心理,冲突、情感,"佝偻老者念咒激活濮阳波皮肤符纹令其痛苦哀嚎求死不降；灰袍男子（散去黑雾露出阴冷面孔，正是赤云山师兄司徒鸿）第三次来折磨濮阳波，得意称在赤云山时濮阳波一直与其作对；司徒鸿因池丘白断言其无望掌握真意、实力可能被五阶恶魔魔力分身所杀而投靠魔神会，计划数十年抓一个夏族天才数百年抓十个；司徒鸿以""将冬也骗来""威胁劝降被濮阳波怒骂；司徒鸿称魔神会刑罚上百年全来一遍，身体灵魂都不会浪费；司徒鸿称除大祭司外无人知其叛徒身份不可能暴露，遗憾被囚的不是东伯雪鹰；虚界中黑衣东伯雪鹰双眸冰冷目睹一切。",叛徒司徒鸿投靠魔神会折磨劝降濮阳波，东伯雪鹰虚界中目睹其邪恶面目。
黑风神宫,发现（本篇终章）,转折高潮、核心伏笔,伏笔、高潮,东伯雪鹰将整座堡垒笼罩探查——暗红色扁平状堡垒直径五百里高十里，六个锋利尖角，比黑风神宫大太多；在血色殿厅发现魔神会大祭司真身为夏族元老席云（赤色衣袍赤色眉毛，受陈宫主器重执掌薪火宫部分区域，上次铲除恶魔巢穴曾在外支援），其麾下有白袍少女神界战兵；席云静修时撤去黑暗魔力露出真容，体表浮现鳞甲头顶长出两根尖角（黑暗魔力成就魔躯）；东伯雪鹰又发现秘室中央青铜棺材（二十米长六米宽，十三根锁链固定半空），内躺八米高暗红鳞甲人形生物缓慢呼吸（身份不明）；堡垒内有神器、大量半神器、恐怖法阵（部分比黑风神宫还强）、大魔神魔井（神灵在凡人世界传播信仰的依仗，魔神头像散发恐怖威压）；东伯雪鹰确认此处即传说中隐藏无数时代的魔神会总部，这一足以记录进夏族史册的重大发现终被掌握虚界真意的东伯雪鹰所获。,东伯雪鹰发现魔神会总部，确认大祭司为席云，发现大魔神魔井及青铜棺材不明生物，魔神会总部这一传说终被揭开。
划破长空,事情重大,情节推进、悬念设置,伏笔,"东伯雪鹰发现魔神会总部后冷静思考对策，决定找陈宫主面谈而非独自行动；红袍斗气分身向余靖秋告别说明将长期在虚界中无法联系；随后赶往薪火宫面见陈宫主，先告知自己掌握了第二种二品真意（虚界真意）可探查恶魔将军，再低声说出""我发现了魔神会总部""。",东伯雪鹰将发现魔神会总部的重大消息告知陈宫主，篇局开启。
划破长空,岁月,情节推进、设定展开,设定,陈宫主得知魔神会总部位置后狂喜，东伯雪鹰汇报发现大祭司席云、大魔神魔井、神器、神界战兵等；二人商定慢慢探查叛徒、等时机成熟再收网。东伯雪鹰以斗气分身监视魔神会总部、本尊满天下飞行探查；探查第五个月发现赤甲魅魔、第十一个月发现紫甲恶魔炎泽、一年三个月发现山脉恶魔、两年一个月查完陆地发现三位恶魔将军，随后转入海洋探查。,东伯雪鹰六年探查陆续发现三位恶魔将军，监视魔神会总部叛徒。
划破长空,大魔神分身,设定揭示、转折高潮,揭示、设定、高潮,"探查三年九个月，东伯雪鹰监视魔神会总部发现席云修炼魔躯（境界不及三祭司）；席云进入封闭秘室查看被十三根锁链固定的青铜棺材，白袍少女（神界战兵）称""大魔神分身孕育良好""，约六年多后需换药液。东伯雪鹰震惊得知青铜棺材内八米高暗红鳞甲人形躯体为大魔神即将降临的""神之分身""肉体，推测巫神与大魔神的计划针对夏族，决定在肉身培育成之前毁掉它。东伯雪鹰与陈宫主商定六年后动手。",大魔神分身肉体设定揭示，东伯雪鹰与陈宫主定下六年后毁掉分身之计。
划破长空,不死之身,悟道、设定展开,修炼、设定、爽点,"探查三年十一个月，东伯雪鹰在海岛郡城发现一名落寞白发老者（雕刻女子木像），两贵族子弟戏弄老者反被水流穿过虚影而自食其果；老者感应到千里外虚界中东伯雪鹰的存在但东伯雪鹰未发现老者。探查第五年，东伯雪鹰在海岛沙滩以《魔龙功》吞噬大量源石，身体突破至圣级中期，获得""不死之身""——心脏碎裂可瞬间愈合、粒子层面破碎亦可恢复（但消耗生机），自知如今三大真意加不死之身，半神榜最顶尖者也难杀死自己。",东伯雪鹰身体突破至圣级中期获不死之身，神秘落寞老者（异界来客）伏笔埋设。
划破长空,收网,情节推进、悬念设置,伏笔,"东伯雪鹰思考二次觉醒太古血脉（圣级中期约一成希望），提及星辰真意三重境可成""星辰不灭体""。探查五年九个月发现第四位阴影恶魔，三个月后发现最后一位寒冰恶魔拉尔夫（上位恶魔，夏族情报中最强），五位恶魔将军全部找到且均未察觉。东伯雪鹰传讯陈宫主""可以动手了""，陈宫主下令""今天就收网""。",五位恶魔将军全部探查完毕，夏族收网行动正式启动。
划破长空,倾巢出动,设定展开、情节推进,设定,陈宫主部署五路围杀：贺山主率晁青、臧诺副山主、鬼神骑士酆东及古树守卫杀紫甲恶魔；太叔宫主率海神宫两位半神及一尊神界战兵杀寒冰恶魔；司空阳、池丘白及一尊神界战兵杀赤甲魅魔；步城主率淳圆副城主及一尊神界战兵杀山脉恶魔；三位半神及一尊神界战兵杀阴影恶魔。夏族六尊神界战兵调用五尊，近大半半神出动。东伯雪鹰不参战，感应到空间波动知战斗开始。,夏族倾巢出动分五路围杀五位恶魔将军，力量配置完全克制对手。
划破长空,恶魔将军们的绝望,战斗描写、转折高潮,战斗、高潮,"太叔宫主执""镇海混元棍""及海神王冠在海洋上压制寒冰恶魔拉尔夫，拉尔夫爆发天赋缩小形态仍被神界战兵束缚；紫甲恶魔炎泽被贺山主黑白弯月、古树守卫、晁青、臧诺围攻；司空阳以金光掌拍碎赤甲魅魔；阴影恶魔被法阵摧毁；山脉恶魔被步城主等活捉。五位恶魔将军皆不甘质问""怎么发现我的""，均得不到回答。",五位恶魔将军四死一活捉，夏族压倒性围杀成功（寒冰恶魔尚在抵抗）。
划破长空,意外发生,转折高潮、悬念设置,伏笔、高潮,东伯雪鹰两千里外观战，阴影恶魔、赤甲魅魔已被斩杀，山脉恶魔被活捉，紫甲恶魔身死。寒冰恶魔拉尔夫被太叔宫主围攻濒死之际，一名暗红甲铠牛角头盔神秘人（持血色弯刀神器）从空间裂缝出现，一刀破法阵、压制太叔宫主，救走拉尔夫。太叔宫主判断此人实力比贺山主还强一截，应是魔神会强者。,暗红甲铠神秘人（三祭司）登场救走寒冰恶魔，实力堪称天下第一。
划破长空,这就足够了,人物心理、情感展现,情感,"东伯雪鹰忌惮暗红甲铠神秘人身份不明及大魔神巫神谋划。陈宫主安慰称会查神秘人身份。东伯雪鹰赴薪火宫地下空间庆贺，众半神（多为斗气分身）围观被捆缚的山脉恶魔；席云斗气分身也在场伪装；晁青感慨大限前能见恶魔祸患解决；司空阳等追问如何发现恶魔将军，陈宫主以保密搪塞。东伯雪鹰与晁青看着山脉恶魔，感慨""夏族更强大了，这就足够了""。",夏族半神庆贺大胜，东伯雪鹰立下首功却未公开，虚界真意仍保密。
划破长空,大麻烦,伏笔深化、悬念设置,伏笔,"魔兽一族最高领袖奥兰大长老（居树海世界）得知找不到东伯雪鹰（疑似闭关）；三祭司联系奥兰询问东伯雪鹰下落。三祭司与拉尔夫在幽暗山谷面见大魔神头颅虚影，拉尔夫臣服大魔神。大魔神推断五位恶魔将军被东伯雪鹰发现（六年闭关实为探查），最担心东伯雪鹰已发现魔神会总部——""如果发现了，那就有了大麻烦了""。",大魔神推断东伯雪鹰是发现恶魔将军的关键，担忧魔神会总部已暴露。
划破长空,魔神会总部内的行动,情节推进、悬念设置,伏笔,大魔神命三祭司立即赴总部装作正常进入，暗中传讯大祭司，夺走青铜棺材即逃；大祭司则带魔井等物同时撤离。东伯雪鹰虚界监视总部已六年，发现叛徒升至九位（半神仍只席云一人），内疚濮阳波受刑六年仍坚韧不低头。三祭司经空间之门进入总部，以大魔神告知的六次换药时间数字（一一五九二十三三十五）取信席云，约定行动。,大魔神命三祭司夺青铜棺材、大祭司带魔井撤离，东伯雪鹰监视发现三祭司进入。
划破长空,我已有安排,转折高潮、战斗描写,战斗、高潮,"三祭司进入封闭秘室抓住青铜棺材拔出十三根锁链，扛棺材冲向空间之门。东伯雪鹰警觉后瞬移至空间之门，以极点穿透一枪刺碎阵盘摧毁空间之门。三祭司拔出血色弯刀，东伯雪鹰放出青甲守卫（雾气束缚）和变肤色的黄金人（黑色魁梧男子）迎战；黄金人一拳有半神榜前三实力，与血色弯刀硬碰。三祭司被两尊神界战兵纠缠，命大祭司开启堡垒顶部通道，扛棺材一飞冲天逃出。东伯雪鹰传讯陈宫主，陈宫主回应""我已有安排""。",东伯雪鹰摧毁空间之门阻断三祭司最佳逃路，两尊神界战兵纠缠三祭司。
划破长空,丁九战船,转折高潮、设定揭示,揭示、设定、高潮,陈宫主在薪火宫地下空间当众灭杀席云斗气分身，宣布席云是大祭司，命所有半神赶往魔神会总部。东伯雪鹰追出堡垒，三祭司瞬移逃，东伯雪鹰极点穿透追击却被三祭司挥刀逼退（极点穿透首次吃瘪）。陈宫主驾驭丁九战船降临——夏族镇族最顶尖神器之一，云海大帝所送的神界制式战船，可封锁万里空间、凝固极点穿透。三祭司被困，东伯雪鹰大喜。,陈宫主亮出丁九战船封锁万里，三祭司被困无法瞬移逃脱。
划破长空,一只手,转折高潮、战斗描写,战斗、高潮,"三祭司急求大魔神，大魔神令其使用""影令""保命令牌虚化加速逃（速度飙至一秒八百里）。东伯雪鹰收起战兵进入虚界瞬移追赶。陈宫主操纵丁九战船施展雷电法阵——直径三千里的雷电球体凝聚成一个点在三祭司身上爆炸，炸飞三祭司和青铜棺材。三祭司（不死之身+神器甲铠）受伤苏醒后飞向抛飞的青铜棺材，大魔神头颅虚影催促。一只手从虚无中伸出抓住青铜棺材拽入虚界——东伯雪鹰夺走分身肉体，大魔神疯狂嚎叫。",丁九战船雷电爆炸轰飞青铜棺材，东伯雪鹰从虚界出手夺走大魔神分身肉体。
划破长空,功劳,情感展现、人物心理,情感,东伯雪鹰夺棺材后入丁九战船交陈宫主，随即第一时间返回魔神会总部刑罚秘室救出濮阳波（皮包骨头、灵魂受损），贺山主施救修复。陈宫主向贺山主公开东伯雪鹰掌握虚界真意（另一种二品真意）、发现恶魔将军和魔神会总部、夺大魔神分身的全部功劳。东伯雪鹰率四尊神界战兵再入魔神会总部内部破坏。贺山主惊叹东伯雪鹰的惊人功劳。,东伯雪鹰救出濮阳波，陈宫主向贺山主公开东伯雪鹰全部功劳。
划破长空,巫神和大魔神,战斗描写、伏笔深化,伏笔、战斗,东伯雪鹰率六尊神界战兵在魔神会总部内部击杀大祭司席云（连一个呼吸都未撑住），黑色黄金人一脚粉碎大魔神头颅雕像，破坏大量历代法阵（最外层初始法阵无法破坏）。东伯雪鹰收走大祭司储物戒指（内含灯模样神器，无法使用）。东伯雪鹰送濮阳波回去。树海世界中，三祭司见大魔神头颅虚影与巫神金袍虚影对峙——巫神斥责大魔神丢失分身肉体无用，大魔神称夏族有恐怖秘密需重新签订誓约。,六尊神界战兵击杀大祭司席云，巫神与大魔神因分身肉体被毁而起争执。
划破长空,誓约,伏笔深化、转折高潮,伏笔、高潮,"大魔神以""夏族恐怖秘密""要挟巫神重新签订誓约，承诺再次培育分身、计划推迟五十年。二者签订金色誓约后，大魔神告知巫神失败原因是东伯雪鹰掌握""虚界真意""（或阴影真意）——可隐藏另一世界探查真实世界，探查到恶魔将军和魔神会总部。巫神大魔神定下铲除东伯雪鹰计划，三时辰内凑齐宝物（含时空神殿轮回者送达的特殊宝物）。明沙行省夷风郡城，东伯雪鹰与濮阳波、余风、张鹏、袁青、余靖秋、冬欢聚，忽感五百里外强大气息穿透空间靠近。",巫神大魔神重新签订誓约计划推迟五十年，定下铲除东伯雪鹰计划并凑齐宝物。
划破长空,杀东伯雪鹰,战斗描写、转折高潮,战斗、高潮,"东伯雪鹰瞬移出城以极点穿透斗气逼出空间穿梭中的来敌——奥兰大长老（半神榜第三）、青魇王（半神榜第四）、紫发女子三位强者。奥兰长老以宝物笼罩隔绝周围两百里范围（封禁隔绝世界），东伯雪鹰虚界感应被压缩至两百里内无法穿透屏障。余靖秋等超凡震惊传讯陈宫主。奥兰长老在屏障外布置法阵。东伯雪鹰认出紫发女子为""蜘蛛女皇""——魔兽一族极罕见的天赋型魔兽皇者，天赋足以名列半神榜前五。东伯雪鹰故意拖延时间。",奥兰长老、青魇王、蜘蛛女皇三大强者以封禁隔绝世界宝物围杀东伯雪鹰。
划破长空,他就是东伯雪鹰,转折高潮、设定揭示,揭示、设定、高潮,"丁九战船上夏族半神庆贺攻破魔神会总部，晁青因极度亢奋凝聚本尊神心（夏族第三位），陈宫主告知晁青""红石山""存在。陈宫主向全体半神公开东伯雪鹰身份及全部功劳——发现恶魔将军、魔神会总部、夺大魔神分身肉体，夏族半神由疑惑转为自豪。东伯雪鹰求救传讯到达，陈宫主暴怒下令全力救援，丁九战船撕裂空间赶赴夷风城。",陈宫主公开东伯雪鹰全部功劳，晁青凝聚本尊神心，东伯雪鹰求救传讯到达。
划破长空,巫神的佩剑,战斗描写、设定揭示,战斗、揭示、设定,丁九战船赶到，陈宫主怒吼。奥兰长老法力分身在外维持法阵，本尊进入封禁范围。奥兰长老取出巫神的佩剑（黑色长剑，剑身血斑，散发哀嚎），撕裂神秘卷轴加持其上——巫神剑威压凝固真实世界及虚界，东伯雪鹰无法瞬移。东伯雪鹰放黄金人、青甲守卫迎战；青魇王（凝聚本尊神心）推空间压迫黄金人，蜘蛛女皇丝线缠绕，奥兰长老亦放出一尊神界战兵。巫神剑直接飞入虚界追杀东伯雪鹰。,奥兰长老祭出巫神剑（可入虚界追杀），三强者加神界战兵围杀东伯雪鹰。
划破长空,绝望和不舍,战斗描写、人物心理,情感、战斗,东伯雪鹰以虚界分身抵挡巫神剑无效，星石火云枪被撞开，巫神剑刺穿青甲守卫甲铠（削弱五成）后刺在紫雷护壁上（陈宫主所赠紫雷帝君炼制的护身戒指，可媲美紫雷帝君全力一招）。巫神剑每剑消耗紫雷护壁，东伯雪鹰绝望中传讯陈宫主留下遗言。陈宫主癫狂咆哮一定要救东伯雪鹰。余靖秋等在远处焦急观望。,东伯雪鹰靠紫雷护壁硬抗巫神剑，绝望中留下遗言，陈宫主发誓救援。
划破长空,异界来客,人物引入、转折高潮,人物、高潮,"陈宫主请异界来客""梅山主人""（第4章落寞白发老者）出手破阵，条件是给红石山全部情报。梅山主人瞬息赶到夷风城外，观察法阵后判断夏族加自己需一盏茶时间破阵。梅山主人揭示封禁隔绝世界是神的手段，东伯雪鹰遭四位强者（奥兰长老、青魇王、蜘蛛女皇、神界战兵）围杀。陈宫主以红石山情报为代价请梅山主人尽力。东伯雪鹰在虚界中仍被巫神剑追杀硬抗。",异界来客梅山主人以红石山情报为条件出手破阵，预估需一盏茶时间。
划破长空,库藏,人物心理、装备获取,奖励、情感,"东伯雪鹰在虚界竭力抵挡巫神剑，释放深渊魔焰瓶（魔神会库藏攻击宝物）被青魇王轻易挡下。护体紫雷耗尽后，东伯雪鹰从魔神会库藏中筛选护体宝物（仅六件），青甲守卫提醒东伯雪鹰换半神器衣袍——全封闭软衣袍防刺穿但不防冲击力，固定甲铠防冲击力但有缝隙，二者在巫神剑前都必死。青甲守卫建议寻找能兼顾削弱冲击力和全封闭的""植物类护甲""等特殊甲铠，东伯雪鹰在库藏中筛选。",东伯雪鹰护体宝物将尽，青甲守卫指点寻找兼顾防御与全封闭的特殊甲铠。
划破长空,刺入,战斗描写、转折高潮,战斗、高潮,"东伯雪鹰选中金色""流金类甲铠""（流动金属贴身全封闭，兼具软甲铠与固定甲铠优点），换上后继续硬抗。夏族破阵已破八座（共十二座），司空阳执九龙火神甲狂攻。护体宝物全部耗尽后，巫神剑刺穿青甲守卫和流金甲铠刺入东伯雪鹰体内——但威力已尽，残余威力毁不掉身体。然而巫神剑拔出时""巫神之毒""瞬间弥漫全身每一粒子乃至丹田气海，东伯雪鹰疼痛至灵魂战栗，竭力保持清醒以防脱离虚界。奥兰长老感应到巫神剑刺中东伯雪鹰，狂喜。",巫神剑刺入东伯雪鹰体内，巫神之毒渗透全身粒子层面，东伯雪鹰剧痛中竭力保持清醒。
划破长空,坠落,转折高潮、人物心理,情感、高潮,奥兰长老震惊东伯雪鹰未死（有不死之身），连续七剑令巫神之毒浓度达极致，东伯雪鹰不死之身恢复力渐跟不上，消耗潜藏生命力。夏族破阵至第十座、第十一座。最后一座乌云雷电法阵被梅山主人引动雷电爆发而破。奥兰长老收巫神剑，众人乘深青色飞舟逃逸（一秒六百里）。封禁隔绝消失，东伯雪鹰从虚界出现（穿金色甲铠），远远望见余靖秋身影后精神一松、剧痛席卷、失去意识，从半空坠落。夏族半神们疯狂涌上。,夏族破开十二座法阵，魔兽一方逃逸，东伯雪鹰见余靖秋后昏迷坠落。
划破长空,救治,人物心理、情感展现,情感,"青甲守卫抱东伯雪鹰落地，贺山主查探发现巫毒渗透粒子层面与身体合为一体，法力斗气均无法驱逐，唯有""粒子层面剖析操纵""（神的领域）方可解，贺山主束手无策。梅山主人查探亦无能为力，判断东伯雪鹰不死之身最多再撑一个时辰，建议求夏族先辈神灵。陈宫主率众回薪火宫，余靖秋眼睛通红跟去。东伯雪鹰斗气分身因本尊灵魂剧痛而消散，雪石城堡书房仅留遗言传讯手环。梅山主人暗叹夏族先辈无""界神""级存在，救东伯雪鹰希望渺茫。",贺山主与梅山主人均无法解巫毒，东伯雪鹰仅剩一个时辰，须求夏族先辈神灵。
划破长空,夏族先辈降临,设定揭示、转折高潮,揭示、设定、高潮,"丁九战船入薪火宫，陈宫主率夏族元老半神及余靖秋进入供奉夏族先辈神灵雕像的大殿（五十二位活着的最强神灵有空间标记）。陈宫主先请最强三位之一的云海大帝，云海大帝称巫毒非其专长，指点找紫雷帝君（夏族先辈最强三位之一，已被血刃神廷吸纳，精通药道，以三品神心成神）。紫雷帝君感应后降""世界投影""（付出不小代价），以紫色电光探查东伯雪鹰。",夏族先辈紫雷帝君降世界投影亲自查探东伯雪鹰所中巫毒。
划破长空,救,设定揭示、情感展现,情感、揭示、设定,"紫雷帝君辨认出巫毒为""鬼六怨""（巫神成神后最大成就，巫神剑漫长孕养自带），告知救治代价（送药液等同送一件神器）及后果：东伯雪鹰需长期服药、理论寿命两百年（实际可能不足百年）、身体斗气无法修行、太古血脉不可能觉醒、日夜承受剧痛难以参悟天地。完全解毒需送一份药相当于一百件神器，夏族全部神灵倾尽宝物都不够。夏族半神们一致决定""救""——陈宫主、贺山主、太叔宫主、晁青等纷纷表态""超凡为夏族战死，夏族不可愧对任何一个超凡""。",紫雷帝君揭示鬼六怨巫毒及救治代价，夏族半神一致决定不惜代价救东伯雪鹰。
划破长空,醒来,人物心理、情感展现,情感,"紫雷帝君准备药液，与陈宫主传音讨论巫神大魔神谋划（占领夏族世界独占红石山，巫神有未知后手）。东伯雪鹰服""苦百回""解药后醒来，感知身体与斗气无法修行、巫毒疼痛被药液压制但将随药液消耗而恢复。陈宫主告知全部实情，东伯雪鹰坦然接受（""凡人一生不过百年，我都活了大几十年了，还能再活一两百年，又有什么不满足的""）。东伯雪鹰走出屋门，见阳光下的余靖秋。","东伯雪鹰醒来得知自身沦为""废人""，坦然接受命运，见到余靖秋。"
划破长空,结婚吧,情感展现、悟道,修炼、情感、爽点,"东伯雪鹰与余靖秋在薪火宫赤云山世界并肩散步，试修行极点穿透真意——仅半个时辰后巫毒疼痛加剧至无法静心。东伯雪鹰自评一天只有半个时辰能修行（效率也低很多）。又走一个时辰后东伯雪鹰身体不由自主发抖、脸色苍白。余靖秋心疼，忽然说""雪鹰师兄，我们结婚吧""。东伯雪鹰一愣，余靖秋表示要一直陪他走遍天涯。二人决定后天结婚。",东伯雪鹰试修行仅能维持半个时辰，余靖秋主动求婚，二人决定成婚。
划破长空,尽皆知晓,伏笔深化、情感展现,伏笔、情感,东伯雪鹰与余靖秋向陈宫主贺山主告辞，定后天回雪石城堡大婚一切从简。贺山主连夜改造克制空间封锁的宝物（银白色球体，激发可令周围百里空间碎裂）赠东伯雪鹰。东伯雪鹰中巫毒及大婚消息传遍夏族，超凡们议论惋惜（有心思阴暗者妄图追余靖秋，被大婚消息打碎希望）。树海世界中，巫神与大魔神确认东伯雪鹰不足为虑（苦百回无法根治、再活一两百年），决定暂不再出手（代价太高且夏族有防备），巫神称红石山势在必得。,东伯雪鹰中巫毒及大婚消息传遍夏族，巫神大魔神决定暂不再对付东伯雪鹰。
划破长空,因为喜欢，所以我为之痴迷,人物心理、悟道,修炼、情感、爽点,"东伯雪鹰独自蜷缩熬过第一天巫毒剧痛（药液耗尽后疼痛攀升至极致），一整天未昏迷，按时喝解药后如获新生。东伯雪鹰将魔神会总部所得宝物全部交还夏族（自认无法修行留之无用），获陈宫主赠五朵""超凡七叶花""（安全超凡化药物，给家人用）。东伯雪鹰与余靖秋回雪石城堡，见父母墨阳瑜、东伯烈，未告知中巫毒之事。东伯雪鹰独自在少年时练枪的练武场尽情练枪，纯粹因喜欢而练，不用想真意，赤子之心。",东伯雪鹰熬过第一天巫毒剧痛，交还宝物，回雪石城堡纯粹因喜欢而练枪。
划破长空,明悟,悟道、转折高潮,修炼、高潮、爽点,"东伯雪鹰练枪五个半时辰（远超参悟真意的半个时辰），余靖秋惊讶。东伯雪鹰明悟：练枪法只需追求枪法更完美，不需耗费心力推演真意，真意只是枪法的附带；因巫毒疼痛无法思考太多，反而凭借本能练枪，竟意外将星辰真意和极点穿透真意的部分奥妙融合使用，枪法威力提升一丝——""或许这样，是一条不一样的路""。东伯雪鹰确立""追求枪法，真意随便""的修行方向，每天可练枪五六个时辰。次日清晨雪石城堡张灯结彩，超凡们陆续到来贺喜。","东伯雪鹰明悟""追求枪法而非真意""的修行方向，意外融合两种真意奥妙。"
划破长空,大婚（本篇终章）,情感展现、转折高潮,情感、高潮,东伯雪鹰与余靖秋大婚，各方超凡（海神宫谭石已晋半神、池丘白、赤云山同门卓依等）前来贺喜，一切从简。池丘白感慨有情人相伴胜却无数；卓依对东伯雪鹰心思复杂但遗憾未果。夏族半神多为斗气分身到场。大婚结束后晁青最后告别——将进入红石山搏命成神，东伯雪鹰预祝其功成。东伯雪鹰在雪石城堡待三个月安排妥当（给父母超凡七叶花），与余靖秋骑踏雪马浪迹天涯。,东伯雪鹰与余靖秋大婚，晁青告别入红石山，二人浪迹天涯，第九篇完整收官。
百年后,酒楼老板,环境铺陈、人物心理,情感、设定,"百年时间过去，东伯雪鹰对夏族凡人已成传说。东伯雪鹰与余靖秋在大陆东南方白江城开东渔酒楼生活十五年，东伯雪鹰以画画为乐（画中蕴含枪法感悟，卖出五幅分别被陈宫主、贺山主、袁青等买去），认识银发老者""老仇""等朋友。鬼六怨巫毒经百年折磨，解药""苦百回""效果越来越弱，一个时辰需服药一次，疼痛时时刻刻折磨，东伯雪鹰以意志压制身体抽搐。府邸有白雾猿猴变化的管家""雾雷""（星辰级高手）、神界战兵""刀客""（五影之五）随行。东伯雪鹰在府邸北院免费教邻里孩子基础枪法。陈宫主到访。",百年后东伯雪鹰在白江城开酒楼隐居，受鬼六怨巫毒折磨日益加重，以画画教枪法度日。
百年后,惭愧惭愧,人物引入、矛盾展现,人物、冲突,"陈宫主（黑发老者）到访，与东伯雪鹰、余靖秋叙旧，介绍百年间夏族超凡变化：余靖秋因神器""雪前辈""栽培成圣级巅峰法师名列圣榜第九，袁青掌握三品""光暗真意""二重境名列圣榜第二，东伯雪鹰仍列圣榜第一（要求下榜未果）。大徒弟隆天云带称号级骑士""赤焰骑士""沙虎上门，隆天云已与东伯雪鹰一刀两断称其""东伯兄""，三徒弟叶青怒斥隆天云忘恩负义（隆天云拿师妹嫁妆钱喝花酒被责罚后翻脸）。陈宫主笑东伯雪鹰教徒弟不行，东伯雪鹰惭愧。",陈宫主到访引出夏族百年变化，大徒弟隆天云忘恩负义带人上门，三徒弟叶青忠心护师。
百年后,滚出去,矛盾爆发、爽点设置,冲突、爽点,"赤焰骑士沙虎（白江郡前三称号骑士）欲收叶青为徒兼女婿，以酒楼开不下去威胁。叶青拒绝，称师傅待其恩重如山、东渔酒楼已是其家。陈宫主暗讽沙虎口气大（巫神和大魔神都杀不了东伯雪鹰）。东伯雪鹰吩咐雾雷教训沙虎，雾雷化白雾手掌将沙虎拍得五体投地吐血百下，沙虎惊恐求饶得知雾雷只是""最弱仆从""。隆天云见势跪地喊""师傅我错了""，东伯雪鹰怒喝""滚出去""，一挥衣袖将沙虎、隆天云等一群人瞬移至赤焰堡。沙虎态度大变令女儿小琪带叶青来赤焰堡、将隆天云扔出。",雾雷出手蹂躏沙虎，东伯雪鹰一挥衣袖瞬移众人，隆天云无耻跪地求饶被逐。
百年后,消息,设定展开、情节推进,设定,"东伯雪鹰向徒弟们坦白真名""东伯雪鹰""，徒弟们不知其威名。东伯雪鹰与陈宫主、余靖秋入客厅，陈宫主道出来意：红石山。红石山位于夏族世界地底十万里极深处，自神界降临后神界强大存在曾派遣半神队伍进入；因巫神和大魔神谋划被知晓，近期将接连有异界来客带神器降临。大地神殿已有一支队伍降临，陈宫主已请其带东伯雪鹰一起去红石山。陈宫主劝东伯雪鹰趁还能战斗时去红石山搏解毒生机，再拖下去连搏的机会都没了。",陈宫主告知红石山消息及异界来客形势，劝东伯雪鹰去红石山解毒。
百年后,决定,转折高潮、情感展现,情感、高潮,陈宫主详述红石山神奇（包罗万象，黑风老祖所得七尊神界战兵即证明），唯危险极大，晁青百年前进入至今未出（大概率陨落）。大地神殿队伍三位强者最弱都能镇压一个时代，陈宫主已与之交涉，因攻破魔神会总部大地神殿欠人情、夏族红石山情报两因素，对方愿意见东伯雪鹰。余靖秋支持东伯雪鹰去拼（成功可在一起更久、可有孩子）。东伯雪鹰回忆铜叔衰老而死、青石大婚后突破超凡等家族往事。东伯雪鹰决定去红石山搏一线生机，次日独自前往大地神殿总部。,东伯雪鹰在余靖秋支持下决定去红石山，回忆家族往事，次日出发拜访大地神殿队伍。
百年后,东伯雪鹰的拜访,人物引入、设定展开,人物、设定,"梅山主人（落寞老者，自号梅山主人，实为时空神殿传奇轮回者""武皇""，掌握二品真意，曾三次地狱级任务超脱时空神殿束缚）与两位生死同伴（黑衣袍男子、白衣少女）重逢，三人等待进入红石山为梅山主人复活""萍姐""（灵魂被时空神殿带走控制）。大地神殿夏族世界总部花园内，神界派遣的三位半神登场：火红发雄壮男子""博波""（最弱，镇压一个时代实力）、裹衣袍高瘦男子""巴晗""、金甲少年""巫马海""（首领，最强，气息幽暗带毁灭之意）。三人议论东伯雪鹰实力太弱是大拖累，最终目的是索要神级卷轴。东伯雪鹰到访。",梅山主人（武皇）身份及其同伴登场，大地神殿三位神界半神博波、巴晗、巫马海登场并图谋神级卷轴。
百年后,偷走果子,矛盾展现、设定揭示,冲突、揭示、设定,东伯雪鹰拜访大地神殿三位半神。博波考验东伯雪鹰：在其面前石头上放一青色果子，若东伯雪鹰能在博波阻拦下拿走果子则有资格同行。东伯雪鹰以虚界真意（二重境）凭空取走果子，博波及巴晗未察觉，唯独金甲少年巫马海感应到虚界分身出手波动。巫马海赞叹虚界真意不愧是论刺杀最恐怖的二品真意，判断东伯雪鹰虚界真意达二重境（未到三重境，否则二品真意半神无法发现）。东伯雪鹰公开自己掌握的是虚界真意（非阴影真意）。,东伯雪鹰通过偷果子考验，虚界真意二重境令巫马海赞叹，博波巴晗未能察觉。
百年后,太高估我了,矛盾爆发、人物心理,冲突、情感,"巫马海指出东伯雪鹰中巫毒无斗气无法跨入半神、无法使用神器，攻击太弱。巴晗要求东伯雪鹰当探子探查红石山，东伯雪鹰拒绝送死式探查。巫马海最终图穷匕见索要十份神级卷轴（后降至五份），声称这是带东伯雪鹰同行的条件。东伯雪鹰怒拒（夏族正面临巫神大魔神威胁，不可能向夏族要神级卷轴，一份都不行），称""将死之人不值五份神级卷轴""，告辞离去。三位半神议论东伯雪鹰不怕死，最终目的（神级卷轴）落空。东伯雪鹰决定一个人闯红石山。",大地神殿队伍索要五份神级卷轴被东伯雪鹰怒拒，东伯雪鹰决定独闯红石山。
百年后,一枪灭杀,情节推进、设定展开,设定,东伯雪鹰回东渔酒楼告知余靖秋遭拒经过，嘱托陈宫主勿送神级卷轴给外来者（陈宫主表示五份神级卷轴需元老会及先辈神灵同意）。东伯雪鹰在府邸北院教枪法时，八千里外一恶魔变化小贩欲屠戮一六千人大村落，东伯雪鹰仰身一枪甩出，长枪虚影凭空出现刺中恶魔眉心，恶魔身体完全粉碎化作虚无（连骨骼鳞片储物宝物都粉碎）。陈宫主传讯：血刃酒馆队伍首领主动提出愿意带东伯雪鹰去红石山。,东伯雪鹰虚界出枪一枪灭杀远处恶魔，陈宫主传讯血刃酒馆队伍愿带东伯雪鹰。
百年后,睚眦欲裂,人物引入、氛围营造,人物、设定,"东伯雪鹰前往血刃酒馆总部拜访。血刃酒馆队伍首领""辰九""（青袍中年人，气息收敛，因亡妻亦死于巫毒而同情东伯雪鹰）及手下""老贼""（山羊胡子老者，幻象真意本尊神心，三品）、""福叔""（光头黄袍老者）登场。辰九释放气息，东伯雪鹰感应到八条凶龙咆哮（阴极阳生）。同时，一座郡城遭屠戮：一名瘦弱老者（诺诺安鬼仆）以水晶球释放无形力量令全城凡人疯魔自相残杀，灵魂被吸入水晶球。鬼神骑士酆东（黑白神山，冷酷沉默）赶到，睚眦欲裂，持长戟刺向水晶球。",血刃酒馆队伍首领辰九登场，同时黑暗深渊鬼仆屠戮一郡城千万凡人，酆东赶到怒战。
百年后,如牲畜,战斗描写、转折高潮,战斗、高潮,"酆东以长戟刺穿瘦弱老者身体，发现其为恶鬼魂体（酆东真意能伤之）。老者背后显现诺诺安头颅虚影威胁，酆东不退，长戟连击令老者身体虚化消散，打碎水晶球释放冤魂归天。诺诺安头颅虚影消散。酆东将消息上禀陈宫主。东伯雪鹰在血刃酒馆庭院与辰九交谈时收到消息：安阳行省等多地大规模杀戮，死过亿凡人，超凡都迷失心性，酆东发现上禀。辰九提醒黑暗深渊队伍最危险，恶魔天赋媲美神器，这支队伍是筛选出的最顶尖存在。东伯雪鹰赶赴被屠戮郡城，目睹满城尸体，愤怒发寒：""在你们眼中，我夏族就真的仿佛牲畜一样吗？""",酆东杀诺诺安鬼仆，夏族多地被屠戮过亿凡人，东伯雪鹰目睹死城愤怒痛心。
百年后,黑暗深渊的队伍,人物引入、设定揭示,人物、揭示、设定,"陈宫主确认屠戮来自黑暗深渊，敌人名""诺诺安""，队伍位置未找到。东伯雪鹰将辰九的提醒告知陈宫主。黑暗深渊队伍现身：高山之巅""诺诺安""（黑袍白骨干瘦老者，绿光眼眸）搜集六亿人类灵魂；火山岩浆湖中""库蒙将军""（银色无毛巨人，炼狱大恶魔出身，修秘术将身体修炼成强横魔体，粒子真意本尊神心）；荒原木屋中""尤兰领主""（裹白布赤脚黑皮肤青年，以半神身份成领主，实力媲美魔神，被大魔神威胁逼迫才来红石山）。尤兰吞食一亿人类灵魂水晶球，称物质界人类灵魂为""绝顶美味""，决定去黑白神山找酆东算账。",黑暗深渊三大强者诺诺安、库蒙将军、尤兰领主登场，尤兰吞食人类灵魂后决定攻黑白神山。
百年后,陨落,矛盾爆发、转折高潮,冲突、高潮,"东伯雪鹰行走虚界寻找黑暗深渊队伍。尤兰领主率诺诺安、库蒙将军来到黑白神山，贺山主、臧诺副山主、酆东、陈宫主分身迎战。尤兰索要三十份神级卷轴，手臂暴涨如天柱、浮现金色符纹，轻易刺穿黑白神山镇山法阵（镇压一个时代强者都破不开），在时间减速下抓住酆东，逼其赔罪求饶磕头。酆东宁死不低头：""面对异族，只有战死的夏族超凡，没有跪下求饶的夏族超凡！""尤兰一掌捏碎酆东身体所在空间，酆东至死怒目，陨落。尤兰继续威胁夏族交三十份神级卷轴。",尤兰领主轻易破黑白神山法阵、捏死酆东，索要三十份神级卷轴，酆东宁死不跪陨落。
百年后,九龙火神甲,设定展开、氛围营造,设定,"丁九战船（神界战船）调集夏族半神赶赴黑白神山，三个呼吸抵达。贺山主演示酆东被杀场景，众半神悲愤。尤兰领主拥有""时间减速真意""（时间类真意在超凡阶段逆天，成神后威力大减），夏族神级卷轴需操纵引领，时间减速下难以奏效。司空阳穿夏族镇族神器""九龙火神甲""出战（威能达神级，但规则奥妙仅四品神心，故仅镇压一个时代实力），如一轮太阳。尤兰称九龙火神甲比他的神器珍贵得多，可惜用的人太弱。陈宫主与贺山主准备以神晶（神力结晶）激发丁九战船神级一击，寻找致命一击机会。",丁九战船调集半神，时间减速真意克制夏族手段，司空阳穿九龙火神甲出战，准备神晶一击。
百年后,那一击,战斗描写、转折高潮,战斗、高潮,诺诺安化百名恶鬼缠住司空阳（九龙火神甲防御无敌，诺诺安万鬼怨嚎叫被甲抵御）。陈宫主下令动手，贺山主引导神晶力量激发丁九战船法阵，一道深蓝色雷电霹雳（神级一击）瞬间杀至尤兰领主面前。尤兰以时间减速真意令深蓝色大蛇速度变慢，身体幻灭躲过（差之一线），大蛇轰入地底千余里。夏族半神不甘。尤兰嘲讽夏族消耗一枚神晶。东伯雪鹰行走虚界寻找队伍，收到陈宫主及超凡们传讯得知黑白神山已交手、酆东被杀，撕裂空间赶赴黑白神山，途中喝苦百回解药压制疼痛。,丁九战船神晶一击被尤兰时间减速躲过，东伯雪鹰得知战况后撕裂空间赶赴黑白神山。
百年后,我也是夏族超凡,转折高潮、人物心理,情感、高潮,"司空阳返回丁九战船，夏族半神束手无策，神级卷轴无克制时间减速的。尤兰给夏族两个选择：交出所有宝物死拼、或交三十份神级卷轴；十个呼吸内不选则屠尽夏族凡人。夏族半神急如焚。东伯雪鹰撕裂空间赶到，陈宫主急令其进战船，东伯雪鹰称""我也是夏族超凡""拒绝躲避，飞至尤兰领主前质问其屠戮夏族如牲畜、杀酆东、索要神级卷轴。尤兰伸手欲杀东伯雪鹰，东伯雪鹰手持星石火云枪凭空消失入虚界，尤兰无法感应。东伯雪鹰声音响彻天地，称诺诺安第一个死。",东伯雪鹰赶到黑白神山，拒绝躲避，质问尤兰后入虚界消失，宣告杀诺诺安。
百年后,实力,战斗描写、设定揭示,战斗、揭示、设定,东伯雪鹰将尤兰领主三人精神拽入虚界幻域（万里白雾），三人摆脱束缚。尤兰体表真意波动粉碎白雾，判断东伯雪鹰虚界真意二重境。东伯雪鹰请陈宫主封禁周围万里空间。一杆长枪从虚界刺入诺诺安头颅，诺诺安万鬼嚎叫循枪渗透进虚界，威力锐减九成，被东伯雪鹰护体星辰真意抵御。诺诺安身体炸裂化上百恶鬼分散，东伯雪鹰一枪一个灭杀恶鬼分身。司空阳惊叹东伯雪鹰极点穿透真意能破坏诺诺安不死之身。尤兰领主判断东伯雪鹰极点穿透二重境巅峰有二品真意三重境破坏力，且虚界真意配合极点穿透是让任何敌人惊颤的真意配合。,东伯雪鹰虚界出枪一枪个灭杀诺诺安恶鬼分身，极点穿透+虚界真意配合压制诺诺安。
百年后,致命弱点,战斗描写、设定揭示,战斗、揭示、设定,"尤兰领主分析东伯雪鹰致命弱点：极点穿透、虚界均不擅长防御，又无斗气，灵魂攻击可杀之。诺诺安以神器""绿光眼睛""释放上万恶鬼汇聚成""万鬼之体""（九根黑角巨鬼，意识混乱无法控制）。尤兰以时间减速辅助诺诺安。诺诺安死亡嚎叫（三品死亡真意本尊神心+万鬼之体）形成黑色波纹侵袭东伯雪鹰，威力衰减九成后又被星辰真意护体完全抵御（东伯雪鹰受百年巫毒折磨心灵意志淬炼极强）。东伯雪鹰连刺五六十枪，诺诺安万鬼之体能量损耗、身体缩小，惊恐绝望。",诺诺安以万鬼之体死亡嚎叫灵魂攻击东伯雪鹰，被星辰真意护体抵御，东伯雪鹰连刺令其绝望。
百年后,天下第一,战斗描写、转折高潮,战斗、高潮,库蒙将军求尤兰救人，尤兰不愿耗保命手段。诺诺安绝望中意志动摇，万鬼意志反噬，万鬼之体轰然自爆（神级威能），冲击波被库蒙将军银色身体挡下。东伯雪鹰从虚界出手抓走诺诺安遗物（神器绿光眼睛、储物戒指内大量冤魂水晶球）。夏族半神激动，贺山主判定东伯雪鹰已达镇压一个时代实力、夏族第一强者。大地神殿、血刃酒馆、梅山主人、剑皇四支队伍感应到爆炸波动赶来观战。东伯雪鹰清点五支队伍到来。,诺诺安万鬼之体自爆陨落，东伯雪鹰取走遗物，四支队伍赶来观战，夏族认定东伯雪鹰为第一强者。
百年后,杀机凛冽,氛围营造、矛盾展现,冲突、设定,"五支队伍齐聚黑白神山。金衣青年""剑皇""（时空神殿轮回者佼佼者）认出梅山主人（武皇）为旧识。尤兰领主继续威胁夏族交神级卷轴。大魔神头颅虚影（战盔暗黄眼眸，界神级存在）出现，称诺诺安死无关紧要，警告尤兰任务失败必死（深渊誓约束缚）。东伯雪鹰得知大地神殿队伍曾瞧不上自己、血刃酒馆已收自己。东伯雪鹰捏碎诺诺安储物戒指中冤魂水晶球令冤魂解脱，尤兰称吃了一亿人类灵魂。东伯雪鹰怒火中烧，宣称要杀第二个目标，消失入虚界。",五支队伍齐聚，大魔神虚影警告尤兰，东伯雪鹰释放冤魂后宣告杀第二个目标。
百年后,库蒙将军,战斗描写、设定揭示,战斗、揭示、设定,库蒙将军化为两千米银色巨人（威压达神级，体型变大防御变弱）。尤兰以时间减速辅助。东伯雪鹰虚界出枪刺巨人后脑，巨人转身一掌拍击长枪（粒子真意本尊神心，神级威能），力量传递进虚界被大幅削弱，东伯雪鹰以星辰真意护体（力量防御最强）轻松抗住。双方厮杀，库蒙被刺中二三十次身体塌陷，无奈缩小回三米银色人（防御最强状态），东伯雪鹰再刺其脖颈刺穿，伤口自然流动恢复，攻击伤不了其魔体分毫。库蒙魔体：变大威能升防御降，缩小防御极强。,库蒙将军化为巨人迎战，东伯雪鹰星辰真意抗住其攻击，库蒙缩小回防御最强状态令东伯雪鹰伤不了其魔体。
百年后,东伯雪鹰的杀招,转折高潮、核心伏笔,伏笔、高潮,"东伯雪鹰连刺数次伤不了库蒙魔体。各方观战评价：辰九称东伯雪鹰极点穿透二重境巅峰，若到三重境或能用神器就能杀库蒙；梅山主人、剑皇等推测东伯雪鹰或有护体真意或异宝。尤兰继续威胁夏族，十个呼吸倒计时。数到""九""时，东伯雪鹰施展秘技""星辰陨灭击""——长枪从虚无出现，仿佛巨大星辰膨胀爆发后急剧塌陷收缩成一个""点""（一切之初始与终极），一枪刺入库蒙将军眉心，库蒙全身如砂砾瞬间完全粉碎化作虚无，一击毙命。东伯雪鹰从虚界走出收走库蒙遗物，宣告只剩尤兰领主一个。","东伯雪鹰施展自创秘技""星辰陨灭击""一枪灭杀库蒙将军，震慑全场，宣告杀尤兰领主。"
百年后,神级,设定揭示、转折高潮,揭示、设定、高潮,夏族半神震惊，判定东伯雪鹰仅凭真意（无斗气无神器）发挥出神灵实力，规则奥妙比库蒙、诺诺安（三品神心）更高，媲美新晋神灵。贺山主称东伯雪鹰境界上比新晋神灵有优势，只是无神力神之领域。大地神殿队伍巫马海后悔赶跑东伯雪鹰（两神灵级联手将质变）。梅山主人、剑皇等时空神殿轮回者联想到传说。东伯雪鹰与尤兰领主对峙，尤兰称自己拥有媲美魔神的实力。,各方判定东伯雪鹰实力达神灵层次，巫马海后悔错过东伯雪鹰，东伯雪鹰与尤兰对峙。
百年后,秘技,战斗描写、设定揭示,战斗、揭示、设定,"尤兰领主突然双掌暴涨攻击东伯雪鹰残影。东伯雪鹰虚界出枪刺尤兰背后，""星辰陨灭击""带恐怖引力变化（媲美引力真意三重境巅峰），尤兰险之又险两指挡住枪尖。梅山主人、剑皇等看出东伯雪鹰施展的是""秘技""（战斗秘术，只能自创，一万个二品真意超凡中才有一个能自创秘技，威力暴涨）。秘技设定系统揭示：秘术分可传授学习的常规秘术（固化神印）与只能自创的战斗秘术（秘技，一直在变化无固定神印）。辰九称若东伯雪鹰真意到三重境凭秘技恐能斩杀神灵。东伯雪鹰与尤兰领主持续激战，尤兰全神贯注防守每次都能挡住。","东伯雪鹰与尤兰领主激战，秘技""星辰陨灭击""被梅山主人、剑皇等识破，秘技设定系统揭示。"
百年后,尤兰领主的死亡危机,战斗描写、转折高潮,战斗、高潮,"剑皇称东伯雪鹰秘技融两种真意为一体，威力媲美极点穿透三重境巅峰。巫马海等评价东伯雪鹰境界与最顶尖半神相当。真意品级体系系统揭示（四品到三品数十比一，三品到二品上万比一，二品到一品百万比一，一品真意诞生比一品神心更难）。辰九称东伯雪鹰与尤兰难分胜负，若尤兰屠戮凡人辰九将出手联手。东伯雪鹰虚界内决定最后一搏：虚界分身太弱无法靠近尤兰，""星辰陨灭击""杀不了尤兰，请陈宫主配合丁九战船再来一击（消耗一枚神晶）。东伯雪鹰在枪尖抹上自身鬼六怨巫毒（削弱版）。尤兰决定用保命神级卷轴威胁夏族。",东伯雪鹰请丁九战船配合神晶一击，在枪尖抹巫毒，准备最后一搏；真意品级体系揭示。
百年后,逃命,转折高潮、氛围营造,设定、高潮,丁九战船神晶一击深蓝色大蛇杀至，尤兰以时间减速+魔体最快速度勉强躲过，东伯雪鹰长枪紧随其后刺中尤兰眉心头颅，头颅完全塌陷化作虚无。尤兰魔体（媲美魔神，变大可达三百里）脖子以下完好，暴退重生新头颅。东伯雪鹰枪尖鬼六怨巫毒渗透尤兰魔体及体内魔海，剧痛令尤兰灵魂战栗。尤兰判断巫毒为削弱版（魔体可抗侵蚀，但修行黑暗魔力减慢五成，最致命是疼痛无法绝对专注）。尤兰撕裂保命神级卷轴（血色流光护体）逃命。东伯雪鹰虚界追击，九枪刺中尤兰被血光抗住。尤兰飞出封禁空间撕裂空间通道遁逃，东伯雪鹰虚界追入空间通道继续攻击，发现通道通往红石山方向。,东伯雪鹰神晶一击配合长枪刺中尤兰眉心，巫毒令尤兰剧痛，尤兰撕裂保命卷轴逃命往红石山。
百年后,初见红石山,环境铺陈、设定展开,设定,东伯雪鹰深入地底三万里（无形规则开始影响虚界，星辰真意轻松抗住）。尤兰进入一片岩浆世界后凭空消失（红石山任何探测手段无效，除眼睛看）。东伯雪鹰进入真实世界岩浆中，看到前方一米直径黑暗虚空，中心有一个比粒子还小的点，注视后急剧变大成无边无际的红石山（一叶一世界）。尤兰登上红石山石板路（炽热火焰碰了必死），进入暗黑色大门（红石山内部），大门关闭。辰九称尤兰至少在红石山内待三年。五支队伍约定一月后进入（需配置带下来的原材料药剂）。陈宫主称丁九战船会守一月防止尤兰返回。东伯雪鹰返回白江城，收到陈宫主红石山详细情报。东伯雪鹰漫步白江城街道时，时空神殿威能降临，时间静止。,东伯雪鹰初见红石山（一叶一世界），尤兰逃入红石山内部，五支队伍约定一月后进入，时空神殿降临。
百年后,时空神殿的再次邀请,转折高潮、人物心理,情感、高潮,时空神殿器灵（雄浑声音，隶属时空岛，与血刃神廷并列最顶尖势力）第二次邀请东伯雪鹰加入（不会再有第三次）。承诺：立即解毒、二次觉醒太古血脉、踏入半神重新掌握斗气、成金令神使、赠两件神器。器灵警告：夏族面对巫神（物质世界领主）和大魔神（高深界神）几乎九成九战败灭族，大地神殿可能放弃信仰。东伯雪鹰提出要求：战争爆发时时空神殿通知其立即中止任务返回。器灵拒绝（不会时时刻刻盯着夏族世界，东伯雪鹰没资格要求）。东伯雪鹰问能否将神器换成宝物留夏族供感应，器灵称物质界阻碍无法感应，但可在时空神殿兑换分身法（一百件神器，金令神使特权）。东伯雪鹰因无法保证夏族战争时参战，拒绝加入，选择去红石山冒险。时空神殿退去。,时空神殿第二次邀请东伯雪鹰，因无法保证战争时返回被东伯雪鹰拒绝，东伯雪鹰选择红石山。
百年后,离别（本篇终章）,情感展现、转折高潮,情感、高潮,东伯雪鹰将东渔酒楼交给叶青，赠一葫芦果酒（嘱每天喝一两），嘱叶青成超凡时再见，若有急事找龙山楼联系。东伯雪鹰与余靖秋回雪石城堡（东伯家族祖屋，防御接近水源道观）告别父母（东伯烈、墨阳瑜）、弟弟青石（青石婚后第二天突破超凡，子女孙子众多，二儿子东伯风是花花公子有六十多孩子），未说红石山之事（保密）。东伯雪鹰与余靖秋到薪火宫见陈宫主本尊，交出诺诺安、库曼战利品（含两件神器，有大魔神手段暂时无法用，需夏族诞生神灵以神力磨炼化），安排六尊神界战兵（最强两尊将来守护夏族，较弱四尊守护家族），告知时空神殿第二次邀请被拒及巫神大魔神灭族警告。东伯雪鹰决定带青甲守卫进红石山。夫妻二人至地底十万里红石山入口，五支队伍齐聚（剑皇最后到），东伯雪鹰告别余靖秋，十三道身影飞入黑暗虚空进入红石山。余靖秋盼其归来。,东伯雪鹰告别叶青、家人、夏族，安排后事，带青甲守卫与五支队伍进入红石山，第十篇完整收官。
红石山,何为领主？,设定展开、人物心理,情感、设定,"辰九向东伯雪鹰介绍飞剑山庄（半神数百、神灵两位），及他为何冒险进红石山（飞剑山庄面临覆灭威胁，攀上界神存在大腿）。辰九解释""物质界领主""概念：神灵在万年寿命内达到神级巅峰并炼化凡人世界世界之心，即可永远生活该世界，几乎不死；巫神就是一位界神级领主，物质界规则排斥极强，神灵无法降临，时空神殿也只能送超凡进入。东伯雪鹰感慨夏族从未有谁成为领主。四人踏上红石山石板路，通过暗黑色大门进入，看到广阔岛屿外的无尽星空。",辰九解释物质界领主概念及巫神的不死特性，东伯雪鹰等四支队伍进入红石山内部。
红石山,浮空岛,环境铺陈、设定展开,设定,进入红石山内部，星空变化蕴含高深规则奥妙，观看会眩晕，闯荡时不能再看。浮空岛布置精致（小桥流水、石板路、树林山峰、各色建筑、石雕），红石山主人曾居住于此。最危险的是遍布岛屿超十万尊石雕守卫，每一尊都有镇压一个时代实力，彼此一心、发现一个即全部知晓，速度较慢才有一线生机。石雕守卫靠眼睛看透一切伪装隐藏，虚界也躲不掉。东伯雪鹰目标是通过浮空岛和陨石桥得到解药；辰九等四支队伍目标是通过连天藤进入更高一层空间（九死一生）。四支队伍约定保持万万里距离分头行动，巫马海队伍先出发。,浮空岛环境及石雕守卫设定展开，四支队伍分头闯荡，东伯雪鹰目标解毒。
红石山,第一个战死者,情节推进、战斗描写,战斗,东伯雪鹰行走虚界探查，万里范围一切动静可见。巫马海队伍冲最前，剑皇队伍第二（远距离扫荡），梅山主人队伍第三（空间扭曲令石雕守卫目光看不到），东伯雪鹰队伍最后。辰九以龙影远距离消灭危险。陨石桥桥头聚集五万石雕守卫堵死千里范围。巫马海队伍爆发金光两秒穿过千里战斗区冲上陨石桥，但博波战死（斗气分身溃散通知各方）。剑皇队伍也冲过。东伯雪鹰观察到冲桥靠速度硬闯。,四支队伍闯浮空岛，巫马海队伍博波战死，桥头五万石雕守卫靠速度硬闯。
红石山,唯我真意,设定揭示、战斗描写,战斗、揭示、设定,东伯雪鹰虚界分身可化为虚界一部分不被发现。剑皇队伍冲桥时龙龟虚影半秒崩塌，剑光璀璨杀出，五秒冲上陨石桥，但妖媚妇人血薇战死（时空神殿轮回者，剑皇凡人时期的大姐，感情极深）。剑皇在夏族世界斗气分身处痛哭跪地。梅山主人队伍以唯我真意（纯粹身体类真意，身体强横超尤兰魔体、库蒙魔体）配合空间真意、神甲，硬抗石雕守卫，全活通过陨石桥。东伯雪鹰队伍以九尊虚界分身+三十六尊幻象分身（老贼幻象真意本尊神心，分身可切换本尊，百米内切换）吸引敌人，辰九显现八条手臂（唯我真意配合八龙真意），东伯雪鹰施展星辰陨灭击，冲向陨石桥。,唯我真意设定揭示，梅山主人全活通过，东伯雪鹰队伍以分身战术冲桥。
红石山,踏上陨石桥,战斗描写、转折高潮,战斗、高潮,东伯雪鹰施展星辰真意引力领域（三品真意三重境效果）排斥石雕守卫，虚界分身、幻象分身主动吸引敌人。石雕守卫醒悟分身之物后转向攻击本尊，东伯雪鹰队伍已冲出五百里。辰九显现八条灰色金属手臂（唯我真意配合八龙真意，近战极强，在尤兰领主、梅山主人之上），东伯雪鹰长枪补漏。老贼被石雕守卫刺穿胸膛后幻象分身切换本尊（百米内切换）。东伯雪鹰队伍成功踏上陨石桥第一块巨大陨石，三支队伍惊叹辰九实力（血刃酒馆高层选中不凡）。,东伯雪鹰队伍冲过石雕守卫群踏上陨石桥，辰九八臂实力展现，老贼幻象分身切换保命。
红石山,神界生物,设定展开、氛围营造,设定,四支队伍在陨石桥第一块陨石上。辰九揭示陨石桥两处危险：中央盘踞神界生物飞翼毒蝎（神灵培育的杀戮生物），尽头是银甲刀客。飞翼毒蝎按外来者派出队伍，一人面对一头神级+十头普通飞翼毒蝎，速度极快（普通一秒六百里，神级一秒千里），靠速度闯过即可不需击杀。陨石桥上亿里，前半程黑色陨石后半程白色陨石。东伯雪鹰队伍最先闯（轮换），东伯雪鹰完全进入虚界（神级飞翼毒蝎威力太大）。银甲刀客为一对一，媲美新晋神灵的神级神界战兵，掌握太阴神心三品，力量速度在尤兰、辰九之上。,陨石桥危险设定（飞翼毒蝎、银甲刀客），东伯雪鹰队伍最先闯飞翼毒蝎群。
红石山,活着，就还有希望,战斗描写、情感展现,情感、战斗,"东伯雪鹰队伍分两组应对飞翼毒蝎：辰九带福叔+虚界分身+幻象分身，东伯雪鹰带老贼+幻象分身。东伯雪鹰入虚界引两头神级飞翼毒蝎追入（虚界内速度减至六七百里），轻松抵挡冲过。老贼靠幻象分身切换避过。辰九八臂正面硬抗两头神级飞翼毒蝎，福叔金光护体+盾牌抵挡，安全通过。梅山主人队伍全活通过。剑皇队伍高大壮汉天岚被神级飞翼毒蝎蝎尾刺中背部，毒性爆发被啃食殆尽战死，剑皇痛失两位同伴（血薇死于浮空岛、天岚死于陨石桥），梅山主人劝慰""只要活着，一切都有希望""。",东伯雪鹰队伍全活通过飞翼毒蝎群，剑皇队伍天岚战死，剑皇连失两位同伴。
红石山,桥的尽头,人物引入、设定展开,人物、设定,剑皇受打击强忍悲痛，梅山主人、辰九感叹时空神殿如养蛊般逼迫轮回者。巫马海队伍最后通过飞翼毒蝎群（速度快、攻击带毁灭性，双手各一柄刀，速度第一）。四支队伍飞向陨石桥尽头的银甲刀客。陨石桥旁黑暗虚空有汹涌暗流，神器都会被碾压粉碎，必须沿陨石桥通过。银甲刀客一对一都很难，掌握太阴神心三品，太阴刀光如残月、寒气可冻结虚界。辰九担心福叔和老贼（银甲刀客刀光太快，百米内十个八个幻象分身都可斩杀）。四名银甲刀客并肩而立，一名进入虚界追杀东伯雪鹰。,巫马海速度第一展现，银甲刀客太阴神心设定，四名刀客迎战东伯雪鹰队伍。
红石山,继续前进,战斗描写、转折高潮,战斗、高潮,东伯雪鹰施展星辰陨灭击（枪尖漩涡引力）刺中银甲刀客胸膛，刀客踉跄（承认枪法奥妙在其刀法之上）。辰九八臂纠缠银甲刀客（八龙真意类似生死真意变种，招招死亡含生机）。三名银甲刀客转向攻击福叔，老贼幻象分身迷惑无效。福叔盾牌被劈飞，绝望之际老贼本尊挡刀，身体被恐怖力量冲击抛飞。福叔抱着老贼逃出陨石桥，辰九也逃出。老贼身体崩解湮灭战死（认为福叔是超凡法师对辰九更有用）。梅山主人队伍分开通过全活，剑皇独自通过，巫马海队伍巴晗战死。四支队伍仅梅山主人完好、东伯雪鹰辰九损失一人、巫马海剑皇只剩一人。八人朝连天藤走去。,老贼为救福叔本尊挡刀战死，四支队伍损失惨重，八人继续前进。
红石山,连天藤下求解药,转折高潮、设定展开,设定、高潮,"八人来到连天藤底部。连天藤化身奚薇（绿发女子，界神级生物化身）现身，告知可通过基本考验者得一份礼物（兵器、宝物、秘术、修行洞天等）。巫马海等七人皆选择观看""开天辟地""印记（大能者开辟新世界时规则奥妙外显的参悟机会）。东伯雪鹰请求鬼六怨巫毒解药，奚薇称鬼六怨巫毒为神级巅峰巫毒，即便削弱版解药也远超礼物价值，无法给予。",奚薇登场，七人选择开天辟地，东伯雪鹰求解毒被拒（解药价值远超礼物极限）。
红石山,巨大的惊喜,转折高潮、伏笔埋设,伏笔、高潮,东伯雪鹰请求其他解毒办法，奚薇称其他办法价值更超解药。东伯雪鹰陷入绝望，准备启动备用计划（在第一、二藤叶世界修行突破三重境再冒险）。奚薇建议东伯雪鹰选择修行洞天，提及夏族百年前一位快到寿命大限的超凡选择修行洞天后成功开辟神海成神。东伯雪鹰震惊——晁青成神了！,东伯雪鹰解毒彻底无望，但奚薇透露晁青成神的重大消息，东伯雪鹰震惊。
红石山,晁青成神,设定揭示、伏笔深化,伏笔、揭示、设定,东伯雪鹰确认晁青身份后狂喜——夏族终于有了一位神灵，可操纵丁九战船，巫神大魔神灭族谋划有了抵抗力量。奚薇称晁青成神后即出红石山回归夏族。东伯雪鹰推断晁青故意隐匿（夏族半神中有魔神会叛徒，晁青未告诉任何人包括陈宫主，隐藏杀招威力才够大）。东伯雪鹰选择观看开天辟地。夏族世界，晁青（白发老头钓鱼）以神之领域感应凡人世界，曾暗中观看黑白神山之战，欣慰东伯雪鹰实力不亚于成神的他，期待东伯雪鹰在红石山一飞冲天。,晁青成神并隐匿于夏族世界（重大伏笔），东伯雪鹰选择开天辟地，晁青暗中期待东伯雪鹰。
红石山,开天辟地,悟道、设定展开,修炼、设定、爽点,"辰九追问东伯雪鹰解毒情况，得知无法解毒。众人讨论红石山礼物价值不高（开天辟地、修行洞天对红石山无损失）。众人轮流进入峡谷观看开天辟地印记（半个时辰一人）。东伯雪鹰最后一个进入，看到崖壁凹坑（巨大手指印），精神感应后""看到""红发红袍老者（红石山主人）一手指点出开辟新世界的场景——极点、时间、空间、天地初始能量、火光、植物、虫兽等规则奥妙外显。东伯雪鹰感悟极点穿透、星辰、虚意与真正天地规则的巨大差距，沉迷参悟，手指如枪尖挥动验证。",东伯雪鹰观看开天辟地印记，感悟极点穿透等真意与真正天地规则的差距。
红石山,突破，三重境,悟道、转折高潮,修炼、高潮、爽点,"东伯雪鹰在参悟中受巫毒疼痛影响加剧，仍不愿停下验证灵感。感到天地规则浩瀚、自己过去感悟沧海一粟。半个时辰后被黑袍老者强行挪移回连天藤底部。东伯雪鹰告知辰九""震撼""。众人修行三天消化感悟。东伯雪鹰在虚界练枪法，极点穿透真意突破至三重境，枪法明显提升。星辰、虚界真意仍差些感觉。三天后八人沿连天藤主干飞九天抵达第一藤叶世界，奚薇告知五片藤叶为真正筛选考验，通过可成为护法弟子。需抵达藤叶中央长藤前往第二藤叶。",东伯雪鹰极点穿透突破至三重境，八人抵达第一藤叶世界开始真正考验。
红石山,奇遇和危机,设定展开、矛盾展现,冲突、设定,辰九拒绝巫马海、剑皇组队请求（队伍人多危险更大、有神级卷轴）。巫马海、剑皇各自单独行动。东伯雪鹰、辰九、福叔三人降落于第一藤叶世界边缘。辰九指出第一藤叶世界奇遇越大危险越大，远处银灰色金字塔（七阶星塔，可买神级巅峰奴隶）。福叔施展空间之眸神级卷轴（神级巅峰空间法术，专精探查），东伯雪鹰虚界分身探路。三人朝中央长藤前进。隐藏空间内，尤兰领主早一个月进入，在核心长藤旁数十里外埋伏等待，设下杀局。,辰九拒绝组队，三人以空间之眸+虚界探查前进，尤兰领主埋伏设杀局。
红石山,躲不掉,氛围营造、伏笔深化,伏笔、设定,六天飞行遭十五次袭击（福叔空间之眸远距离发现），安全度过。离核心长藤只剩三十多万里时，三人撞入移动隐藏奇遇空间——密封舱室，有肥胖战士雕塑（神界战兵，半神级）和黑色金属箱，雕塑穿防御甲铠神器+持狼牙棒神器。东伯雪鹰虚界分身取箱子时惊动雕塑，一根深青色触手从虚无中伸出抽向辰九。尤兰领主在核心长藤旁的隐藏空间中等待，操控大树探查到东伯雪鹰三人位置。,三人进入移动隐藏奇遇，遭遇虚界生物偷袭，尤兰领主暗中窥伺。
红石山,虚界生物,战斗描写、设定揭示,战斗、揭示、设定,"辰九一拳黑龙与触手碰撞，阴毒力量传递。东伯雪鹰入虚界发现八爪虚界生物（章鱼形，八触手，血色眼眸，力量速度达神级，规则奥妙较弱）。东伯雪鹰极点穿透三重境速度一秒千里，星辰陨灭击一枪刺塌八爪生物头颅（生命力强，头颅重生）。连刺十二枪将八爪虚界生物完全湮灭。辰九捆缚肥胖战士雕塑。东伯雪鹰炼化战兵符令（神界战兵""屠双""），获得狼牙棒神器+防御甲铠神器。辰九炼化甲铠神器。巫马海在第一藤叶世界战死（斗气分身溃散）。",东伯雪鹰击杀八爪虚界生物获两件神器+神界战兵屠双，巫马海战死。
红石山,埋伏,矛盾爆发、氛围营造,冲突、设定,辰九得知巫马海战死（无法使用神级卷轴、无空间之眸、无虚界分身探查，战斗过多）。东伯雪鹰炼化战兵符令、辰九炼化防御甲铠神器。三人离开奇遇舱室继续前进。尤兰领主在隐藏空间中看到三人赶来，召唤核心长藤左侧山腹中的一百三十九头八爪虚界生物，追杀四蹄异兽朝东伯雪鹰方向冲来。尤兰领主撕裂神级卷轴，金色丝线笼罩万里范围缠绕三人。东伯雪鹰虚界发现一百三十九头八爪虚界生物杀来。,尤兰领主设杀局，以神级卷轴金色丝线束缚三人，引一百三十九头八爪虚界生物围杀。
红石山,绝望,矛盾爆发、氛围营造,冲突、设定,尤兰领主冲上核心长藤安全区（踏上长藤即通过第一藤叶考验不再遭攻击）。东伯雪鹰三人受金色丝线束缚速度大减，无法甩脱一百三十九头八爪虚界生物。辰九令福叔捏碎符牌离开，将神级卷轴防御加持给东伯雪鹰。福叔施展神级卷轴控制法阵束缚虚界生物（一百三十九头分散仅减半成速度），无效后捏碎符牌离开红石山。东伯雪鹰、辰九被围攻，辰九八臂抵挡，东伯雪鹰引力领域+枪法，一条触手突破防御抽中东伯雪鹰背部，神级力量将其抛飞。,尤兰领主逃上长藤安全区，福叔捏碎符牌离开，东伯雪鹰辰九被一百三十九头八爪生物围攻陷入绝境。
红石山,求生,转折高潮、核心伏笔,伏笔、高潮,东伯雪鹰被抛飞后进入虚界，在枪刃上划手抹上鬼六怨巫毒血液。枪尖刺中触手令八爪生物疼痛嚎叫、触手收缩。东伯雪鹰逐头刺中一百一十头，令其疼痛影响战斗，但八爪生物逐渐适应。辰九被过百根触手完全包裹捆缚拽入虚界。东伯雪鹰被迫疯狂推演星辰真意和虚界真意，回忆开天辟地场景。想到广袤厚重大地时，星辰真意陡然凝实突破至三重境，引力领域威力暴增，围攻八爪生物速度锐减。,东伯雪鹰以巫毒血液令八爪生物疼痛，生死关头星辰真意突破至三重境，引力领域暴增。
红石山,直捣老巢,转折高潮、战斗描写,战斗、高潮,"星辰真意突破后引力领域排斥所有八爪生物（速度再降两三成），星辰陨灭击一枪毙命一头（毁灭奥妙传递全身化作飞灰）。东伯雪鹰连杀多头，八爪生物四散逃窜，释放辰九。尤兰领主震惊，沿核心长藤逃向第二藤叶世界。东伯雪鹰、辰九追杀不及。东伯雪鹰虚界分身探查八爪生物老巢（山腹，共一百五十五头剩余），发现山腹角落漂浮晶玉。东伯雪鹰炼化晶玉后获得""血蔓花""——连天藤伴生植物，天生神级植物生命种子，炼化后可培育（百年达神级，千年神级中期，万年神级后期，十万年神级巅峰），可换三五个神级巅峰奴隶。",东伯雪鹰星辰陨灭击杀退八爪生物救辰九，尤兰逃窜，东伯雪鹰获得血蔓花种子。
红石山,植物生命,装备获取、伏笔埋设,伏笔、奖励,东伯雪鹰炼化血蔓花种子，绿藤生长出红花，化作藤蔓护腕缠绕手腕。辰九称血蔓花可换三五个神级巅峰奴隶（炼化后植物生命绝对忠诚，价值比奴隶高），惋惜东伯雪鹰已炼化无法换解药。东伯雪鹰决定若事不可为会捏碎符牌离开（血蔓花得带出去）。辰九透露情报：战争应在二十年后爆发（辰九与界神誓约要求二十年内进入红石山）。二人沿核心长藤飞八天抵达第二藤叶世界，未追到尤兰领主。,东伯雪鹰炼化血蔓花获神级植物生命，辰九透露战争二十年后爆发的情报。
红石山,大峡谷,环境铺陈、设定展开,设定,奚薇介绍第二藤叶世界规矩：群山中有巡山兽，每个超凡必遭一头巡山兽袭击，停留超十天遭两头、超一个月遭五头，能活过五头则不再有危险。东伯雪鹰星辰真意三重境引力领域可克制巡山兽。二人进入贯穿群山的大峡谷（长约九百万里），追上梅山主人队伍（梅山主人同伴山轩、燕清已捏碎符牌离开）。东伯雪鹰得知尤兰领主在后面，决定在大峡谷修行等他入网。二人选崖壁上火山口图案（毁灭极点韵味）参悟，时间流速九倍区域修行。,第二藤叶世界巡山兽规矩，尤兰领主在后方，二人选崖壁图案参悟修行等尤兰入网。
红石山,巡山之威,战斗描写、设定揭示,战斗、揭示、设定,尤兰领主在峡谷后段参悟崖壁刀术剑术图案（时空结合秘技，渴望创出秘技）。东伯雪鹰、辰九沉迷崖壁火山口图案参悟极点穿透。两头巡山兽（金石铸就，十余米长，一秒两千里）从背后崖壁扑出。东伯雪鹰引力领域令其减速（一秒五六百里），入虚界。辰九被一头撞击吐血（神器甲铠+唯我之躯仍吐血）。两头巡山兽联手指向虚界东伯雪鹰，双双入虚界。东伯雪鹰引力领域+枪法抵挡，辰九传音联手。巡山兽为法阵凝聚，受攻击累计到一定程度自然溃散。,两头巡山兽袭击，辰九被撞吐血，巡山兽入虚界围攻东伯雪鹰。
红石山,如痴如狂,悟道、氛围营造,修炼、设定、爽点,东伯雪鹰在虚界以灵活性躲避两头巡山兽（一秒三四百里），枪法刺击腹部蹄爪，星辰陨灭击在实战中逐渐完善。盏茶时间后两头巡山兽自然溃散。东伯雪鹰评估虚界两头勉强、真实世界两头吃力。二人继续沿大峡谷参悟崖壁。第八天遇到梅山主人（同伴已离开）。大峡谷第十一天，二人发现崖壁上一道巨大刀痕（白色上方、黑暗下方、中央一道刀痕），蕴含极点、星辰、虚界一切规则奥妙，媲美开天辟地印记之感。二人如痴如狂在十五倍时间流速区域参悟。白发童颜老者俯瞰二人。,东伯雪鹰击退巡山兽，发现崖壁刀痕蕴含一切规则奥妙，二人如痴如狂参悟，白发老者出现。
红石山,虚无之体,悟道、转折高潮,修炼、高潮、爽点,"东伯雪鹰参悟刀痕后悟出""一刀分天地、分阴阳、分真实虚幻""，九尊虚界分身融入本尊，本尊虚幻透明消失入虚界。东伯雪鹰身体完全粒子化，与半径十万里虚界融为一体——""虚无之体""（虚界真意三重境特有能力，规则奥妙形成的不死之身，攻击需攻击整个虚界）。星辰不灭体（需斗气强化身体）因巫毒无法修炼，虚无之体不受巫毒影响。四头巡山兽来袭，东伯雪鹰释放三十六尊虚界分身（半神巅峰战力），本尊随意切换各处如瞬移，轻松击溃四头巡山兽。辰九感叹东伯雪鹰实力已超越众人。",东伯雪鹰虚界真意突破三重境，悟得虚无之体（不死之身），轻松击退四头巡山兽。
红石山,因和果,氛围营造、矛盾展现,冲突、设定,"二人继续沿大峡谷前进参悟各处崖壁。一个月期限，尤兰领主在后段发现崖壁刀痕，懊恼只参悟半个时辰（十五倍加速七个时辰）就被迫赶路（否则遭五头巡山兽）。尤兰对东伯雪鹰、辰九越加厌恶，决心成为护法弟子后报复夏族。东伯雪鹰虚界探查到尤兰领主在九万里外高速赶来，二人设伏。东伯雪鹰带辰九进入虚界（辰九无法在虚界战斗），从虚无中走出拦住尤兰领主。东伯雪鹰宣告""有因就有果，你今天会死在大峡谷""。",尤兰领主懊恼错过刀痕参悟，东伯雪鹰虚界发现尤兰，二人设伏拦杀。
红石山,尤兰之死,战斗描写、转折高潮,战斗、高潮,尤兰领主以能使用神级卷轴为由求饶（东伯雪鹰、辰九、梅山主人、剑皇都是超凡骑士无法使用），辰九犹豫。东伯雪鹰说服辰九（历史上无靠神级卷轴成为护法弟子的，尤兰留终是祸患）。东伯雪鹰出手，三十六尊虚界分身围困尤兰，引力领域减速，星辰陨灭击一枪刺穿尤兰左胸口（魔体分裂分离，毁灭半片躯体）。尤兰魔体分合随心，东伯雪鹰连刺数枪，尤兰绝望求饶无效，最后一枪刺穿头颅，身体完全湮灭。遗落半透明手套和储物手环。东伯雪鹰击杀尤兰领主。,东伯雪鹰以三十六虚界分身围杀尤兰领主，尤兰魔体分合无用，被一枪刺穿头颅毙命。
红石山,十八年,悟道、情节推进,修炼、爽点,东伯雪鹰在大峡谷参悟崖壁刀痕，外界一年大峡谷内度过十八年。巫毒加重（半个时辰需喝两次解药）。血蔓花在百倍时间加速处成长近突破神级（东伯雪鹰令其等进入夏族世界再突破，因外来者成神会被世界意志排斥无法进入）。东伯雪鹰找到辰九，二人飞九天抵达第三藤叶世界。第三藤叶世界有两座擂台：一座三名穿肚兜孩童（各持两柄大锤），一座一名肥胖巨汉呼呼大睡。剑皇、梅山主人困于此。梅山主人靠空间真意赢孩童输巨汉，剑皇两场皆输。辰九试肥胖巨汉被一巴掌抽飞。,东伯雪鹰大峡谷修行十八年，抵达第三藤叶世界，剑皇梅山主人困于两座擂台。
红石山,擂台战,战斗描写、转折高潮,战斗、高潮,辰九上孩童擂台，八臂对三个孩童六个大锤（速度超快、配合精妙如精密机械）。辰九唯我真意+八龙真意近战技巧胜出（硬抗十几锤，神器甲铠+唯我之躯）。辰九试肥胖巨汉被一巴掌拍飞。东伯雪鹰上孩童擂台，一枪星辰陨灭击（漩涡引力+旋转轨迹）刺杀一名孩童，入虚界连杀两名孩童（枪法速度令众人惊叹）。东伯雪鹰上肥胖巨汉擂台，肥胖巨汉开口说话（之前瞧不起剑皇等三人），东伯雪鹰一枪被巨汉手掌挡住。辰九认出肥胖巨汉为血刃神廷黑铁炮军退役成员。,辰九赢孩童输巨汉，东伯雪鹰两场皆胜（孩童三枪、巨汉开战），肥胖巨汉身份揭示。
红石山,黑铁炮军,设定揭示、战斗描写,战斗、揭示、设定,辰九解释黑铁炮军（血刃神廷震慑疆域的军队，最普通成员都是神级巅峰，身体经秘术改造，肥胖高壮体型，披超重型甲铠，破坏力超寻常神级巅峰）。肥胖巨汉意识为黑铁炮军退役成员，实力被法阵压制。东伯雪鹰三十七尊虚界分身围攻肥胖巨汉，本尊在分身间切换，四面八方出枪。肥胖巨汉全力防御，久守必破，东伯雪鹰一枪刺穿甲铠入腹部（仅一寸深，身体坚韧）。肥胖巨汉脱甲爆发黑色符纹（最后反扑），三十六尊虚界分身同时围攻，本尊九枪刺入，肥胖巨汉消散。东伯雪鹰通过第三藤叶世界。,黑铁炮军设定揭示，东伯雪鹰以虚界分身围杀肥胖巨汉，通过第三藤叶世界。
红石山,终分离,情感展现、转折高潮,情感、高潮,东伯雪鹰通过第三藤叶世界，与辰九、梅山主人、剑皇告别。辰九感慨东伯雪鹰实力超越众人，梅山主人、剑皇心情复杂。东伯雪鹰独自飞向第四藤叶世界，三人被阻挡于第三藤叶世界。东伯雪鹰与辰九性情相投，面冷心热，值得相交。东伯雪鹰一飞冲天朝第四藤叶世界方向飞去。,东伯雪鹰通过第三藤叶世界，与辰九、梅山主人、剑皇告别，独自前往第四藤叶世界。
红石山,第四藤叶世界,设定展开、氛围营造,设定,东伯雪鹰独自飞九天抵达第四藤叶世界。奚薇介绍第四藤叶世界为血色战台（仿造神界血战台），一入血战台只有一方能活着出来。规则：三批对手分批加入，一个时间沙后第二批、再一个时间沙后第三批，要么三批全死、要么东伯雪鹰死。东伯雪鹰进入血色战台（长宽万里，弥漫煞气），周围出现无形空间屏障隔绝一切。第一批对手九头独角金瞳异兽（银白毛、金色独角、金色双眸）凝聚出现。东伯雪鹰入虚界，星辰陨灭击一枪刺入独角金瞳兽腹部。,第四藤叶世界血色战台规则（三批对手），东伯雪鹰迎战第一批九头独角金瞳兽。
红石山,血色战台,战斗描写、转折高潮,战斗、高潮,东伯雪鹰一枪崩解一头独角金瞳兽，八头入虚界联合围攻。东伯雪鹰引力领域+星辰陨灭击连杀多头，七头围攻时虚界分身切换百米外出枪。独角金瞳兽分散逃窜，东伯雪鹰以三十六虚界分身+白雾迷惑，本尊虚无之态潜行逐一击杀。第一时间沙内解决第一批。第二批六名深蓝人（深蓝铠甲、面具、水之波动，速度在东伯雪鹰之上，虚界内无阻碍）凝聚出现，水流形态围攻。,东伯雪鹰击杀第一批九头独角金瞳兽，第二批六名深蓝人出现（虚界无阻碍、速度更快）。
红石山,微子真意,战斗描写、设定揭示,战斗、揭示、设定,东伯雪鹰示敌以弱（放慢星辰陨灭击速度），令深蓝人轻敌，趁机以虚界分身变幻位置突袭，连杀四名深蓝人。深蓝人警觉逃窜，东伯雪鹰以虚无之态潜行追杀剩余两名。第三批三名狩猎者（瘦小精瘦、一米五高、长臂利爪、深青色皮肤、破布缠腰）出现。东伯雪鹰认出对手——狩猎者掌握二品微子神心（微子真意，粒子真意更高一层），物质防御在微子神心攻击下完全无效，克制东伯雪鹰。三名狩猎者身影模糊逼近。,东伯雪鹰示敌以弱杀第二批深蓝人，第三批狩猎者出现（微子神心克制东伯雪鹰）。
红石山,老祖,战斗描写、转折高潮,战斗、高潮,"狩猎者微子神心可穿行真实与虚界、速度一秒一千六百里（在东伯雪鹰之上）。东伯雪鹰引力领域无效，主动出击一枪被利爪挡住。三十六虚界分身被微子神心波动全灭。东伯雪鹰以虚无之体与血色战台虚界合一（万里范围），狩猎者攻击虚界令东伯雪鹰生命力损耗万分之一/轮。东伯雪鹰冷静寻找时机偷袭，生命力损耗过半后终于一枪刺入一名狩猎者，崩解击杀。再损耗一成击杀第二名。一对一搏杀击杀最后一名。白发童颜老者与奚薇俯瞰观战，称东伯雪鹰""好苗子""。",东伯雪鹰以虚无之体抗狩猎者攻击，冷静偷袭逐一击杀三名狩猎者，通过第四藤叶世界。
红石山,第五藤叶世界,环境铺陈、氛围营造,设定,"东伯雪鹰通过第四藤叶世界后激动怒吼。飞八天抵达第五藤叶世界（空间最顶部）。奚薇介绍第五藤叶世界规则：藤叶上空无一物，碰触藤叶后听不见、看不见、感知不到外物，需在藤叶上生活三年，活下来即胜成为护法弟子，活不下来灵魂意识崩溃身死。第五藤叶世界为""死关""，考验内心。东伯雪鹰俯冲降落，双脚碰触藤叶后一片漆黑寂静，只剩心跳和巫毒疼痛。东伯雪鹰从小习惯孤独（八岁独自练枪、黑风神宫六年、百年巫毒折磨），一年平静度过。梅山主人抵达第五藤叶世界。","第五藤叶世界""死关""规则（三年绝对枯寂），东伯雪鹰一年平静度过，梅山主人抵达。"
红石山,刹那世界（本篇终章）,转折高潮、核心伏笔,伏笔、高潮,"东伯雪鹰在绝对枯寂中度过两年半，面部表情渐显狰狞。三年期满最后一刹那，灵魂意识被拖入""刹那世界""虚幻世界（外界仅一刹那，虚幻世界内从新生到老死，记忆被蒙蔽）。东伯雪鹰化为穷山村孤儿""雪鹰""，砍柴打猎为生，救了断腿女子""仙女""（徐灵，容貌与余靖秋一模一样），带她出山成亲。徐家反对，雪鹰被关地牢下毒。徐灵被迫出嫁，雪鹰逃出地牢，侍卫以长枪刺来时，雪鹰抓住长枪自然施展精妙枪法，觉醒记忆——""刹那世界终究只是虚幻，还是最熟悉的长枪让我觉醒""。虚幻世界崩塌，东伯雪鹰灵魂意识回归，闯过第五藤叶世界，成为红石山护法弟子。""世界没变，我变了，而我将改变世界。""",东伯雪鹰在刹那世界中以长枪觉醒，闯过第五藤叶世界死关，成为红石山护法弟子，第十一篇完整收官。
拜师出山,拜师,设定展开、人物引入,人物、设定,"东伯雪鹰闯过连天藤第五片藤叶考验，即将成为红石山护法弟子，牵挂辰九、剑皇等同伴。绿发女子奚薇（红石山器灵之一）现身恭贺，告知梅山主人因突破""空间神心境""（二品神心，可立即开辟神海成神）也闯至第五藤叶，辰九、剑皇仍困于第三藤叶。奚薇对东伯雪鹰态度远优于其他三人，认为其天赋极高，若培养得当有望冲刺一品真意。奚薇带东伯雪鹰穿过空间膜壁进入大地层（百万里岩石泥土），连天藤贯穿其中往上生长。突破大地层后抵达一片十亿里范围的大地（生活无数生命，神级过亿计，受物质界排斥无法离开红石山），继续沿连天藤往上飞，穿过六层云层后抵达白雾茫茫的空间，看到悬浮的美丽岛屿""红尘岛""（过十万里范围，有山脉瀑布建筑，空无一人冷冷清清）。红尘岛乃护法弟子至亲传弟子的修行之地，圣主死后弟子们均下界。华美男子""红石""（红石山神器器灵）现身，赞叹东伯雪鹰天赋，称鬼六怨巫毒为小事，带东伯雪鹰去拜师圣主。",东伯雪鹰闯过连天藤成为护法弟子，奚薇带其穿过大地层抵达红尘岛，红石器灵登场赞叹其天赋。
拜师出山,《万劫混元经》,设定展开、伏笔埋设,伏笔、设定,"红石带东伯雪鹰进入楼阁，屋内蒲团上方挂红袍红发老者画像即圣主（自号""红尘""，气息比星空还浩瀚）。东伯雪鹰跪拜圣主画像。红石、奚薇讲述圣主生平：圣主喜游历无数世界，遇到看不惯的常出手，不忍超凡埋没故大开红石山收无数弟子；因与一位神界大能起冲突中暗算身死（奚薇崇拜圣主性子不隐忍，红石叹过刚易折）。护法弟子待遇：一套神器、任选一门界神级秘术、任选清单内一宝物。东伯雪鹰看清单（10万神晶、界神级秘术传承、赤火蚁巢等），询问异界队伍目的。奚薇解释界神们派遣超凡进红石山为的是界神级秘术（大能们创造，让界神实力大增），护法弟子任选的秘术必须自己学无法外泄，清单内可选一份秘术传承送他人（圣主此举让护法弟子可从界神换取宝物，名声极好）。红石建议东伯雪鹰选择红石山十八门界神级秘术中保命第一的《万劫混元经》（圣主老友所创，入门即解鬼六怨巫毒，入门后新晋神灵伤不了丝毫），因虚无之体方可入门（其余十七门东伯雪鹰境界无法入门）。",东伯雪鹰跪拜圣主画像，了解圣主生平及护法弟子待遇，红石推荐保命第一的《万劫混元经》。
拜师出山,解毒,转折高潮、设定揭示,揭示、设定、高潮,"东伯雪鹰决定选择《万劫混元经》（保命最重要，且仅此门可入门）。红石、奚薇带其前往传承处，途经峡谷（留有开天辟地印记等诸多印记，弟子可观看）。来到一座森林中突然出现的湖泊，湖中央有一通体黑色雕像（飘散长发男子，双眸有无尽神采），乃《万劫混元经》创造者凝聚神力形成的大成法身""万劫混元身""。东伯雪鹰靠近雕像两米时，一股波动透过雕像眼睛射入东伯雪鹰眼睛，大量讯息涌入脑海。东伯雪鹰情不自禁在血刃神帝（血刃神廷最高统治者）见证下立誓（雕像自带誓约阵法），血刃神帝略微查探后退去。《万劫混元经》共九层，修炼出的身体在神界称法身""万劫混元身""，大成后一个呼吸可毁掉夏族世界大小的世界，大能者都难毁此法身。东伯雪鹰仅接收到最开篇及第一层内容。东伯雪鹰以虚无之体（身体化作无数粒子与虚界融为一体）观想神印修炼，渗透进粒子更深层次的微子构成（粒子由微子构成，故粒子真意为三品、微子真意为二品）。微子结构变化后不容巫毒盘踞，鬼六怨巫毒被排挤出每一个粒子，皮肤坚韧飙升百倍千倍，骨骼可打造神器，身体远超尤兰领主魔体无数倍。",东伯雪鹰接受《万劫混元经》传承，修炼万劫混元体入门，微子结构蜕变排出巫毒，身体脱胎换骨远超新晋神灵。
拜师出山,夏族的胜算,设定揭示、人物心理,情感、揭示、设定,东伯雪鹰万劫混元体初步入门后感知大增（可听声波感知千里范围一切，如神的感觉），万劫混元身虽仅第一层却比寻常神体强很多。东伯雪鹰握掌可压缩空气引发轰鸣，轻易捏死尤兰领主级别存在，寻常新晋神灵禁不住随意一握。太古血脉已被万劫混元体超越（远超一切太古血脉及恶魔血脉）。东伯雪鹰向奚薇、红石请教如何选清单宝物以抵挡巫神大魔神灭族威胁。奚薇坦言夏族原本毫无胜算，现在有东伯雪鹰有希望固守薪火世界。巫神大魔神真正忌惮的是大地神殿（夏族信仰归属大地神殿，大地神殿有沉睡肉身可供界神降临，可能是三重天界神，能在第一时间摧毁空间通道）。,东伯雪鹰感知万劫混元体恐怖力量，向奚薇红石请教选宝物策略，得知夏族唯一胜算是固守薪火世界。
拜师出山,巫神的最大依仗,设定揭示、伏笔深化,伏笔、揭示、设定,奚薇详述巫神大魔神最大依仗：神之分身仅能逗留三千年（代价太大），真正依仗是稳定空间通道。巫神为物质界领主（完全炼化一座凡人世界），可从神界携带资源进入物质界；物质界领主常找寻临近凡人世界打通稳定空间通道，以占领的世界为跳板源源不断派遣手下和资源。巫神在红石山坠落夏族世界百万年间应已占领一两座临近凡人世界，正建造连接夏族世界的稳定通道，通道一成则大量战争堡垒、战船、兵器瞬间涌入，以根基扩散横扫一切，永远占领夏族世界（资源无需经时空神殿运输）。奚薇建议东伯雪鹰固守薪火世界（换十万神晶加固），等东伯雪鹰成神甚至炼化夏族世界世界之心成为领主（万年内）即可反败为胜。东伯雪鹰不甘放弃整个夏族世界，询问如何更强大——奚薇答：成为红石山内门弟子。,奚薇揭示巫神最大依仗是稳定空间通道，建议固守薪火世界等待东伯雪鹰成神或炼化世界之心，指出成为内门弟子是更强之路。
拜师出山,安排,设定展开、情节推进,设定,奚薇介绍圣主弟子等级：护法弟子（最低）、内门弟子、亲传弟子（最高，需一品真意超凡或万年内掌握一品神心）。圣主共收三位亲传弟子（一位一品真意、一位万年内一品神心、一位破例收的），圣主已死无法再破例。红石带东伯雪鹰看内门弟子两大考验：问心路（三段石阶路，考验内心，超凡走过第一段即达门槛）和登云塔（九层塔楼，超凡级战斗，通过第六层即达门槛），两者皆需符合方可成为内门弟子。红石制定方案：若战争爆发时仍为护法弟子，则换十万神晶购买宝物，其中三万神晶购买神尸培育血蔓花（植物生命，体型庞大生命力极强，适合战争武器，三万神晶的神尸足够血蔓花生长至神级后期，十年到神级中期、三十年到神级后期）。东伯雪鹰安排血蔓花（绿叶红花红皮肤女娃娃）赴夏族世界仪水城雪石城堡找余靖秋。红石以红石山材料加持传讯宝物（一百神晶，隔绝一切规则探查）。东伯雪鹰被嘱不可离开红石山（令时空神殿无法查探其生死实力）。余靖秋在雪石城堡等待四年多，焦急不安。,东伯雪鹰了解内门弟子考验条件，安排血蔓花赴夏族世界找余靖秋，以传讯宝物与夏族联系但不可离开红石山。
拜师出山,夫妻的传讯,情感展现、情节推进,情感,血蔓花撕裂空间抵达雪石城堡，白雾猿猴（雾雷）阻拦，血蔓花自称东伯雪鹰仆从。余靖秋能量分身出面，血蔓花跪拜主母，以星石火云枪为信物（东伯雪鹰已解毒生出斗气可选更好兵器），赠红色戒指（传讯宝物）。余靖秋炼化戒指后与东伯雪鹰对话，得知东伯雪鹰成功成为护法弟子、巫毒已祛除、梅山主人预计也能成护法弟子。东伯雪鹰嘱托余靖秋办事：十五年后战争爆发、血蔓花需购买神尸培育、送八千神晶宝物给夏族顶尖半神修行（望诞生一两个神灵）。余靖秋赴薪火世界见陈宫主，告知战争十五年后爆发及巫神是物质界领主等信息，交出东伯雪鹰送出的灵果灵液宝物。陈宫主开始安排分配，夏族大迁移加速，薪火世界有限只能先迁移人才，夏族世界因大迁移开始混乱。,东伯雪鹰通过血蔓花传讯余靖秋，告知成功解毒及战争情报，余靖秋转告陈宫主，夏族加速大迁移。
拜师出山,修行洞天,设定展开、环境铺陈,设定,"东伯雪鹰进入护法弟子的修行洞天（自成空间），静室成八边形，顶部锥形有无数金色神纹，镶嵌十八枚碧玉心（神界寒冰星球深处凝结）、九枚淡金色龙髓珠（神级巅峰神龙才有）、一块血红色血玉（黑暗深渊血海深渊海底玉石，价值超五十万神晶），静室造价超三百万神晶。修行洞天可时间加速（十倍、百倍、千倍、万倍），万倍时天地规则扭曲混乱无法修行，百倍内可正常研究秘术，突破瓶颈需正常时间流速。东伯雪鹰选择一杆神阶下品长枪""玄乌枪""（玄乌生物骨头炼制，韧性好）。东伯雪鹰开始走问心路，踏第一级石阶即感虚弱弥漫全身及灵魂，越走越疲倦，最终意识被淹没摔倒（近八百米高度），陷入深层睡眠。东伯雪鹰醒来后发现问心路第一段才走一半。",东伯雪鹰进入修行洞天了解时间加速限制，首次走问心路被疲倦感击败摔倒，发现第一段仅走一半。
拜师出山,两位界神,人物引入、设定揭示,人物、揭示、设定,"东伯雪鹰多次走问心路，每次进步少许（第六次比第一次多走二十级）。远处半空有四道身影观看：奚薇、红石、厚袍青年、猩红披风少年。厚袍青年赞叹东伯雪鹰进步快，猩红披风少年称万劫混元体滋养灵魂，十年内灵魂强两倍，通过第一段没问题。两位界神讨论带东伯雪鹰离开红石山需洞天宝物（能携带生灵隔绝物质界探查），红石山是唯一一件洞天宝物（圣主所有），认主条件是亲传弟子且界神。厚袍青年排行第二""戈白""，猩红披风少年排行第七""贺飞云""，为红石山内除奚薇外仅有的两位界神，百万年前圣主身死时正在红石山内修行被困。提及慧明大师兄（三大亲传弟子之首，近似大能，在神界绽放光芒比圣主还耀眼，有望成大能但受信仰束缚）。东伯雪鹰转去登云塔，第一层白胡子老者（背负两柄剑）以""定""字定住空间逼出东伯雪鹰极点穿透，白胡子老者掌握空间神心（至少两门二品神心），剑光交错诡异莫测，东伯雪鹰以万劫混元体硬抗剑光（刺入体内也仅微微一震），但战斗技巧被完全压制。",两位界神戈白、贺飞云登场观看东伯雪鹰修行，东伯雪鹰闯登云塔第一层，万劫混元体硬抗白胡子老者剑光但战斗技巧被压制。
拜师出山,成神,战斗描写、转折高潮,战斗、高潮,东伯雪鹰决定以万劫混元体的力量速度优势近身搏杀，一秒两千里速度爆发，无数枪影连绵不绝笼罩白胡子老者。白胡子老者被迫后退，但以空间变幻拉开距离。东伯雪鹰故意以长枪横扫（神器可长短变化），抽打白胡子老者身体令其吐血。东伯雪鹰得势不饶人，无视白胡子老者攻击（万劫混元体无视），尽情狂攻极点穿透与星辰真意交替及关键时施展星辰陨灭击。白胡子老者认输，东伯雪鹰通过第一层。第二层白胡子老者持深青色长棍，力量媲美玄金天罗体入门（力量占优），东伯雪鹰全方面被压制（力量速度不行、战斗技巧不行、虚界分身变幻被横扫笼罩），脑袋被连砸数十棍犯晕，但皮未破头发未掉。白胡子老者称东伯雪鹰境界太低（万劫混元体保命逆天但赢不了）。东伯雪鹰走出登云塔颇为兴奋（可随时与高手交手发现枪法缺陷）。同时，夏族世界地底深处血蔓花吸收神尸后蜕变，开辟神海的波动以血蔓花为中心散发，半空显现巨大海洋虚影（万里范围），整个夏族世界超凡都感应到一位神灵诞生。,东伯雪鹰以万劫混元体力量优势通过登云塔第一层，第二层被全方面压制，同时血蔓花在夏族世界开辟神海成神。
拜师出山,巫神大魔神的烦恼,矛盾展现、人物心理,冲突、情感,"半空巨大海洋（万里范围）令凡人震惊，超凡们惊慌猜测谁成神。晁青（伪装凡人的夏族土著，红石山内成神后悄悄回来）也吃惊。陈宫主斗气分身出面安抚，余靖秋传讯告知成神者为东伯雪鹰送出的植物生命血蔓花，陈宫主告知众超凡""是夏族，暂保密""，夏族大喜。树海世界堡垒内（半球形，通体符纹，坚固防御超丁九战船），血色湖泊中躺巨大暗红鳞甲人形肉身（大魔神神之分身肉身，缓慢呼吸），旁有大魔神头颅虚影和金袍男子巫神。大魔神达尔豪为二重天大魔神。巫神愤怒责怪大魔神当初太自大被毁肉体致战争推迟五十年。大魔神反驳东伯雪鹰进步太快（有巫毒影响都和尤兰领主不相上下，无巫毒更恐怖）。二人讨论：金袍巫神判断东伯雪鹰若成神威胁极大（三门二品真意成神超越寻常二品神心神灵，有望炼化世界之心成领主），但觉得可能性较低（太年轻凝结二品神心不易），又不能用排除法排除。决定透过时空神殿查探成神者身份。",血蔓花成神震动夏族及巫神大魔神，巫神大魔神烦恼成神者是否为东伯雪鹰，决定透过时空神殿查探。
拜师出山,九年后,设定揭示、情节推进,揭示、设定,"大魔神达尔豪在其领地有时空神殿，询问成神者身份需三万神晶、东伯雪鹰实力需十万神晶。巫神觉得东伯雪鹰实力要价太低不合常理（时空神殿一贯黑），猜测成神者可能不是东伯雪鹰。二人花十三万神晶购买两份情报：成神者为植物生命血蔓花（东伯雪鹰从红石山送出），东伯雪鹰实力情报为数年前黑白神山时展露的（三门二品真意二重境巅峰+秘技），之后进入红石山未出来实力无法预知。巫神大魔神松口气，判断东伯雪鹰境界才二重境巅峰离成神遥远（时间加速区域对感悟天地规则有影响，四年多进步有限）。九年过去，辰九突破""唯我神心""成为护法弟子，与奚薇穿过世界膜壁抵达红尘岛。辰九与梅山主人重逢喜悦（五支队伍首领有三人成功：梅山主人、辰九、东伯雪鹰）。辰九选择身体类界神级秘术《星河秘藏》（身体化作无边星河，保命不如万劫混元经但其他方面胜出）。辰九、梅山主人在问心路旁见到东伯雪鹰（已走过第一段走在第二段），梅山主人赞叹东伯雪鹰解除巫毒后进步快，多次交手都被完全压制。",巫神大魔神花十三万神晶查明成神者为血蔓花，东伯雪鹰实力仍为二重境巅峰。九年后辰九成护法弟子抵达红尘岛，与梅山主人、东伯雪鹰重逢。
拜师出山,功成,转折高潮、悟道,修炼、高潮、爽点,辰九、梅山主人各学一门界神级秘术后留在红尘岛修行（计划二十年期满前离开，需为界神带回秘术传承）。辰九掌握唯我神心选《星河秘藏》（唯我神心才勉强入门）。东伯雪鹰实力迅猛提升（三门真意不断提升，离神心境有距离），而辰九梅山主人掌握神心后实力提升极难（需参悟其他真意神心境融入本尊神心，终极目标一品神心）。红尘岛修行十一年，东伯雪鹰创出完整枪法秘技（最后两招完善），三门真意从初入三重境提升至三重境巅峰（几乎进无可进，再进一步需神心境），但任何一门都无掌握神心预感。东伯雪鹰每天走问心路十次（已过第一段走第二段），前往登云塔挑战第六层（已困住三年多）。登云塔第六层白胡子老者持黑色细剑（无鞘内敛），以波纹秘技笼罩每一处（真实、阴影、虚界、粒子尽皆渗透，震荡之力令尤兰领主级都会身体崩溃，寻常新晋神灵被轻易灭杀）。东伯雪鹰凭万劫混元体轻易抵挡波纹，凭空消失隐匿虚界，白胡子老者震惊以为东伯雪鹰掌握虚界神心。东伯雪鹰称刚完善虚界真意秘技（非神心境），信心大增（赢的希望至少大三成）。,东伯雪鹰红尘岛修行十一年，三门真意达三重境巅峰创出完整枪法秘技，闯登云塔第六层以虚界真意秘技隐匿令白胡子老者震惊。
拜师出山,内门弟子,战斗描写、转折高潮,战斗、高潮,"东伯雪鹰在登云塔第六层施展虚界真意秘技，两杆长枪从两个方向刺出（皆带星辰陨灭场景），一真一假（虚界分身凝聚至本尊三成实力可硬抗领域秘技）。白胡子老者以黑色细剑化波纹同时挡两杆长枪，挡下一杆粉碎另一杆。东伯雪鹰秘技""凝真""详解：真也是虚（虚无之体，虚界真意三重境）、虚也是真（虚界分身完全映照本尊，虚界真身，虚界神心境），东伯雪鹰将虚界分身凝聚至本尊三成实力。东伯雪鹰再以两杆长枪同时施展极点穿透（极点滚动穿透场景），穿梭更深层次能量层面碰撞，一杆长枪穿透防御刺入白胡子老者胸膛。白胡子老者认输，称东伯雪鹰以快对快、快幻结合正面击败他，三门真意未达神心境却达内门弟子门槛，超凡时也不如他。东伯雪鹰通过第六层成为内门弟子。红石、奚薇、戈白、贺飞云得知东伯雪鹰成内门弟子，戈白（厚袍青年，隐藏在普通庄园研究神印）、贺飞云（猩红披风少年，隐藏在剑道宗门当长老）瞬间出现在登云塔前迎接小师弟。红石介绍两位为红石山内门弟子（百万年前圣主身死时正在红石山内修行被困，因界神无法出物质界红石山）。","东伯雪鹰以虚界真意秘技""凝真""配合极点穿透击败登云塔第六层白胡子老者，成为内门弟子，两位界神师兄戈白、贺飞云正式登场迎接。"
拜师出山,夫妻团聚,情感展现、设定展开,情感、设定,戈白（内门排行第二）、贺飞云（排行第七）自我介绍，东伯雪鹰排行第三十七。戈白讲述圣主身死时将红石山扔进物质界保护弟子（物质界排斥神灵以上存在，但红石山为洞天宝物可隔绝物质界探查）。戈白讲述活太久的风险：一亿年、十亿年、百亿年，若无足够内心境界会受不了（沉默、癫狂、本尊神心溃散、自我毁灭），有些界神甚至封印记忆投胎搏新人生（但无实力可能魂飞魄散）。真正活着的内门弟子算上东伯雪鹰仅十二位。贺飞云告知内门弟子可带一名家眷进红石山修行（护法弟子不可，亲传弟子可带多人但红尘岛同时最多三人）。东伯雪鹰请红石将妻子余靖秋挪移进来。薪火世界夏都城（人口五千万，大多住赤云山世界等薪火宫空间内），余靖秋已突破半神（得东伯雪鹰送来的灵果灵液帮助，天赋不亚于袁青、池丘白），袁青也突破半神。余靖秋留法力分身在薪火世界，本尊撕裂空间到地底十万里红石山旁黑暗虚空，被红石山力量裹住消失，出现在红尘岛与东伯雪鹰团聚。,东伯雪鹰得知内门弟子待遇及活太久的风险，余靖秋突破半神后被挪移进红尘岛与东伯雪鹰夫妻团聚。
拜师出山,《大混洞真力》,设定展开、装备获取,奖励、设定,余靖秋感受东伯雪鹰万劫混元体的雄浑力量，得知东伯雪鹰已成为内门弟子。东伯雪鹰带余靖秋参观内门弟子修行洞天（静室造价五千万神晶，亲传弟子条件更好），余靖秋可使用修行洞天、登云塔、问心路、传承印记峡谷等（但得不到界神级秘术及珍贵宝物）。余靖秋法力分身每年回红石山补充法力。夫妻二人因万劫混元体后想要孩子更难（血脉遗传下来实力极强，远超太古生命恶魔子嗣）。红石告知内门弟子待遇：再任选一门界神级秘术、清单任选一宝物（可选一百万神晶，为护法弟子十倍）、一套界神器（换五十万神晶）、一杆血炼神兵（神阶极品，可培育至界神阶极品，价值五百万神晶，内门弟子最珍贵礼物）。东伯雪鹰选长枪（尺寸按星石火云枪）。戈白分析巫神为一品神心界神，大魔神境界更高，东伯雪鹰三门真意神心境仍与巫神有差距。贺飞云建议东伯雪鹰以力量优势放大（力量不受压制，受凡人世界钟爱），选斗气神力类界神级秘术《大混洞真力》（极端超强力量，以力破法），因星辰真意三重境巅峰有希望入门。,东伯雪鹰获内门弟子待遇详解，两位师兄建议兼修斗气神力类界神级秘术《大混洞真力》以力量优势对抗巫神大魔神。
拜师出山,秘技'混洞碾压',悟道、装备获取,修炼、奖励、爽点,"戈白解释《大混洞真力》与另一门斗气神力类秘术《玄罡星辰力》（倾向防御）的对比，东伯雪鹰已有万劫混元体防御足够，需更强力量故选《大混洞真力》。东伯雪鹰在隐秘洞窟内接受传承（悬浮水滴射黑光入眉心），立血刃神帝见证誓约。《大混洞真力》共六层，将斗气神力经复杂转化成更强特殊力量（如泥土烧成砖块、点石成金），大成后每一滴真力水滴内含一座混洞（重量不亚于凡人世界），无数水滴构成大混洞真力，一丝余波可令星辰化为齑粉，吹口气都能灭杀无数神灵。东伯雪鹰将《大混洞真力》与自己的秘技彼此映照，将原""星辰转""改名""混洞碾压""。红尘岛第十三年，东伯雪鹰练成《大混洞真力》第一层：丹田气海超凡斗气凝聚成暗红色水滴（十六滴后干涸），红尘岛天地力量涌入转化为一滴滴暗红色水滴汇聚成水流，随意一击有神级后期威力，催发饮血枪配合秘技威能可媲美神级巅峰。红石送来血炼神兵长枪炼成（黑色枪杆有黑色火焰，枪尖有金光，枪杆枪尖内有东伯雪鹰血液灌入的脉络），东伯雪鹰感到灵魂共鸣。",东伯雪鹰接受《大混洞真力》传承，练成第一层后一击有神级后期威力，血炼神兵长枪炼成。
拜师出山,二师兄的要求,装备获取、伏笔埋设,伏笔、奖励,"东伯雪鹰为血炼神兵长枪命名""饮血枪""（蕴含杀意，祝战争时饮尽敌人之血）。红石提醒饮血枪为神阶极品血炼神兵，催发对灵魂有负担（感到头痛欲裂时须歇息），东伯雪鹰灵魂强大可连续使用约半个时辰，余靖秋一刻时间即须歇息。东伯雪鹰计划正常战斗不催发饮血枪，关键时刻以大混洞真力催发暴增威力出奇效。红尘岛第十三年东伯雪鹰练成《大混洞真力》第一层后，戈白以清单图纸（东伯雪鹰任选一宝物）换取亲自炼制价值超两百万神晶的战争堡垒，另赠百万神晶购买其他宝物。贺飞云拿出详细战争方案卷轴（攻守退路等多方面准备充分）。戈白坦言大魔神二重天、巫神物质界领主财富不亚于两位师兄，可在神界尽情挑选战争兵器，不敢说必胜但有获胜可能。方案核心：能摧毁空间通道最好，失败则退守薪火世界，东伯雪鹰回红石山修行努力万年内炼化世界之心。","东伯雪鹰命名血炼神兵""饮血枪""，戈白以图纸换战争堡垒并赠百万神晶，贺飞云提供详细战争方案。"
拜师出山,战争渐近,矛盾展现、情感展现,冲突、情感,戈白分析战败后果：夏族困守薪火世界（永远无法再诞生天才甚至无法成神），东伯雪鹰万年内炼化世界心很难（需神级巅峰接近界神境界），炼化不了则永远呆红石山或去神界。东伯雪鹰提议主动攻破树海世界摧毁堡垒，戈白否决（树海世界被空间神器完全炼化与堡垒一体，攻击威力被分散削弱至整个夏族世界，除非正面轰破神器或摧毁凡人世界）。东伯雪鹰询问能否培育神之分身请两位界神降临参战，戈白称需夏族土著肉身培育过百年来不及。东伯雪鹰询问分身法，戈白称圣主规矩未成界神或一品真意禁止修行（灵魂一分为二致修行悟性天资全面下降，炼化世界之心可能性急剧降低）。东伯雪鹰在红尘岛继续修行，余靖秋法力分身每年回红石山补充法力并带去大量宝物巩固薪火世界。红尘岛第十五年，东伯雪鹰夫妻为辰九、梅山主人送行（二十年期满，巫神大魔神随时发动战争）。辰九嘱东伯雪鹰保命为先（成神去神界，大能后可从时光长河复活死者），告知飞剑山庄在血刃神廷天星府合水星域赤神星。梅山主人估计也会进入血刃神廷疆域。二人被红石送出红石山。东伯雪鹰期待拖越久越好（望达神心境，血蔓花更强）。,东伯雪鹰得知主动进攻和分身法均不可行，辰九梅山主人离别离开红石山，东伯雪鹰继续修行期待拖延时间。
拜师出山,动手,矛盾爆发、氛围营造,冲突、设定,东伯雪鹰入红石山二十三年后，巫神大魔神准备动手。树海世界堡垒内，大魔神头颅虚影与金袍巫神讨论：窝海家族（波羽帝国顶尖大家族，大地神殿背后归属波羽帝国）已签誓约（将夏族世界信仰送给窝海家族）。大魔神曾与窝海家族老家伙（三重天界神）一战败北（原本以为对方仅二重天界神）。大地神殿窝海家族搞定，其他势力无神之分身。巫神准备两份大礼：一是巫毒（魔兽一族超凡姜水法师携带进入夏都城薪火宫，释放后超凡无法调动斗气法力、凡人必死，无法催发薪火宫神器）；二是灭魔级神火雷（价值十万神晶，时空神殿运输费一万神晶，威力达神级巅峰一击，在夏都城爆发可灭凡人及大部分超凡）。薪火宫内一名伪装为普通飞天级超凡法师的魔兽一族奸细（魔兽被奥兰大长老弄出人类肉身潜伏夏族），取出黑色瓶子倾倒绿色巫毒液，气息无声无味散发，超凡中毒无法调动斗气法力。该奸细期待人类灭绝魔兽一族占领夏族世界。,巫神大魔神与窝海家族达成协议，准备巫毒和灭魔级神火雷两份大礼，魔兽奸细在薪火宫释放巫毒。
拜师出山,神火雷,矛盾爆发、转折高潮,冲突、高潮,薪火宫庭院空间凝固，巫毒无法传递。陈宫主法力分身率五道身影赶到，定住黑色瓶子，拍击姜水法师。姜水法师（魔兽一族奸细）自称非叛徒乃魔兽一族死敌，化作深蓝色大鸟后自爆。陈宫主等冷漠俯瞰（魔兽一族出手最狠）。树海世界内大魔神笑夏族早有防备（凝固空间巫毒无法传递），巫神称另有准备：灭魔级神火雷（价值十万神晶，灭魔级威力媲美神级巅峰全力一击）。夏都城外半空一名魔兽一族女性超凡（携带神火雷，心甘情愿主动要求）引爆银色球体，深红色威能爆发，该女性超凡瞬间湮灭，红光雷光幅散，周围空间碎裂，薪火宫广场地面粉碎。薪火宫深处隐秘空间内黑袍陈宫主控制大局，薪火宫（经东伯雪鹰两次加固共花二十万神晶）转移引导力量至夏族世界，一秒内湮灭光球。红尘岛上东伯雪鹰得知巫毒及灭魔级神火雷消息，冷声道巫神先巫毒后硬的，真够看得起夏族。,巫毒被陈宫主凝固空间化解，灭魔级神火雷被加固后的薪火宫转移力量化解，东伯雪鹰得知消息。
拜师出山,神之分身，降临,转折高潮、氛围营造,设定、高潮,东伯雪鹰称只能等待准备充分（树海世界被炼化无比稳固无法反攻），拖越久越有利。夏都城超凡们因爆炸被轻易压制而自信（不知真相）。又两年过去（东伯雪鹰入红石山第二十五年），大魔神神之分身肉身培育完成（两万年培育），大魔神达尔豪（二重天界神）降临神之分身（血红色模糊虚影钻入八米高人形肉身，生出两根弯角、瘦削面部、鳞甲变化，全身腾绕血红色火焰，被物质界规则压制为半神极限但杀新晋神灵轻松）。巫神分身同时降临（金袍男子，阴冷邪恶，一品神心界神，修行漫长岁月才突破）。大魔神分身称曾花五十万神晶问时空神殿东伯雪鹰实力，仅得知东伯雪鹰还活着、实力完全不明。巫神判断东伯雪鹰修行时间短不足为虑。二人驾驭百米深红色小型战船悄然出树海世界进空间夹层，穿透膜壁至夏族世界沙漠（荒无人烟），数秒内安置并激发临时设备。灰色光柱冲天，上空被撕裂出狰狞空间通道，贯穿夏族世界内外层膜壁连接遥远凡人世界。晁青（海边渔船上脏兮兮老头，夏族土著红石山内成神后悄悄返回伪装凡人）感应到空间波动，首次取出传讯手环联系陈宫主。,大魔神神之分身降临，巫神分身同时降临，二人在沙漠激发空间通道贯穿夏族世界膜壁，晁青首次联系夏族。
拜师出山,战争爆发（本篇终章）,矛盾爆发、转折高潮,冲突、高潮,薪火宫敲响九声浩劫鼓（代表浩劫降临，夏族历史上曾被迫退守薪火世界，凡人被屠戮吞吃，此次严重性远超往昔）。东伯青石紧张不安（不知哥哥去向），东伯烈、墨阳瑜、宗凌震惊。超凡们（濮阳波、卓依师姐、公良远等）焦急无插手资格。陈宫主令所有夏族半神依次进入丁九战船不同舱室（防奸细）。贺山主（三品神心，半神榜第一，未开辟神海）、池丘白（三品真意三重境巅峰，半神榜第二）、司空阳（穿九龙火神甲）、太叔宫主、步城主、新晋半神袁青等尽皆飞向丁九战船，余靖秋未出现。丁九战船破空而去。神界：紫雷帝君（血刃神廷底层药师，夏族先辈神灵）感应到战争开始，牵挂家乡但能力有限；云海长老（天剑宗，神级巅峰，夏族先辈神灵）在收徒时遥望物质界方向牵挂家乡；赤火帝君（夏族三位神级巅峰之一，冒险队伍中抱刀颓废男子）感叹来不及冒险。红尘岛上东伯雪鹰收到血蔓花传讯（感应到空间波动，外层膜壁被贯穿），余靖秋几秒后告知战争爆发。东伯雪鹰牵余靖秋手飞至庭院高空，请红石前辈送出。红石、奚薇、戈白、贺飞云嘱东伯雪鹰小心（顶不住就回红石山，万年寿命内炼化世界心一样赢）。红石一挥手，东伯雪鹰、余靖秋被挪移至夏族世界参战，第十二篇完整收官。,薪火宫九声浩劫鼓响，夏族半神乘丁九战船出击，神界夏族先辈牵挂家乡，东伯雪鹰带余靖秋出红石山参战，第十二篇收官。
决战,雪鹰现身,环境铺陈、设定展开,设定,"晁青（已成神，神级初期）驾驭丁九战船赶赴夏族世界西部沙漠，看到巫神大魔神建立的六芒星灰色堡垒（占地万里、高过千里），堡垒飞出十八艘丙九战船，天空中出现十八座海洋虚影（十八位同时成神）。堡垒内巫神分身、大魔神分身自认胜券在握。东伯雪鹰与余靖秋撕裂空间通道赶到，挥手放出一座通体金色万里高的庞大金字塔——""星塔""（十二阶星塔，价值超两百万神晶），蒙蒙光罩笼罩周围十万里自成一个小型世界。巫神、大魔神震惊。",东伯雪鹰从红石山归来，放出十二阶星塔笼罩十万里自成世界，震惊巫神大魔神。
决战,血蔓花,设定揭示、人物心理,情感、揭示、设定,"巫神、大魔神震惊于十二阶星塔的存在，猜测是红石山内界神帮东伯雪鹰（戈白炼制）。星塔内东伯雪鹰与众半神投影商议，告知能搏一搏——摧毁堡垒毁掉空间通道即赢，输了退守薪火世界。余靖秋在红尘岛琢磨星塔法阵八百年，最适合操纵星塔，东伯雪鹰安排贺山主与余靖秋轮换操纵（星塔最奢侈运转一年二十万神晶，存放六十万神晶可维持三年）。沙漠上一株庞大植物""血蔓花""（神级中期植物生命，配神兵花费三十万神晶，星塔辅助达神级后期）摇曳登场。巫神大魔神判断血蔓花境界低威胁不大。",巫神大魔神震惊星塔，东伯雪鹰部署星塔操纵（余靖秋、贺山主轮换），血蔓花登场。
决战,交锋,矛盾展现、设定展开,冲突、设定,巫神派十八位新晋神灵驾丙九战船试探血蔓花。星塔内东伯雪鹰向贺山主解释星塔作用：自成世界压制敌方、提升己方、形成稳固世界膜壁敌方无法破开，但消耗巨大。余靖秋操纵星塔一年仅十二万神晶（红尘岛五百年研究+戈白指点），贺山主先达到一年十五万神晶目标。血蔓花与十八艘丙九战船交手，战船奈何不了血蔓花、血蔓花也追不上战船。东伯雪鹰令血蔓花进攻堡垒试探。双方都很谨慎互相摸底。,星塔压制敌方提升己方，血蔓花与丙九战船互不能胜，双方谨慎试探。
决战,绝世超凡,人物引入、设定展开,人物、设定,"空间通道走出银色面具男子""尤平长老""（神界奇兰国主亲传弟子，掌握两种二品神心+自创秘技，巫神花一百五十万神晶+一艘乙九战船聘请，拖近百年才定下誓约）。尤平开辟神海（近十万里范围，远超寻常神灵），驾耀眼火红色乙九战船出战（乙九战船比丙九高一个级别，甲乙丙丁四级制式战船）。乙九战船法阵爆发耀眼火焰席卷万里，血蔓花被完全压制退入地底。东伯雪鹰一迈步离开星塔，赤手空拳出现在沙漠上空。巫神大魔神发现东伯雪鹰未成神却直接出来。",绝世超凡尤平长老登场（奇兰国主亲传弟子），驾乙九战船以火焰压制血蔓花，东伯雪鹰赤手空拳出星塔迎战。
决战,东伯雪鹰初显实力,战斗描写、设定揭示,战斗、揭示、设定,"东伯雪鹰手持黑色饮血枪面对乙九战船。尤平长老先后施展四种法阵攻击：火焰（幅散千里）、无形波纹（三四成渗虚界）、法阵图绞杀、上百条火龙围攻。东伯雪鹰时而虚幻入虚界时而真实，万劫混元体（红石山保命第一的界神级秘术《万劫混元经》第一层）轻松硬抗一切攻击毫发无伤。巫神大魔神震惊，判断东伯雪鹰修行了界神级保命秘术。夏族超凡们从担忧变为激动自豪。东伯雪鹰无视乙九战船朝堡垒走去，尤平长老愤怒收起战船现身，自报身份""奇兰帝国国主亲传弟子尤平""。",东伯雪鹰以万劫混元体硬抗乙九战船四种法阵攻击毫发无伤，震惊双方，夏族超凡自豪。
决战,搏杀,战斗描写、设定揭示,战斗、揭示、设定,"尤平长老施展神之领域（波纹领域），以极快速度（顺波纹遁行）从不同方位出刀。东伯雪鹰施展枪法秘技""大地""（防御枪法）挡住连续上百刀。尤平长老双手握刀高举如黑色太阳爆炸，一记秘技刀法速度极快令东伯雪鹰来不及挡，被劈入沙漠地底吐血（东伯雪鹰确定威力可承受选择硬抗未暴露虚界秘技）。东伯雪鹰以攻对攻，大混洞真力令其一举一动有神级后期威能，秘技""星辰陨灭击""达近乎神级巅峰威能，尤平长老不敢硬抗。双方搏杀半个时辰，东伯雪鹰偶尔中刀吐血（实为内腑震动伪装受伤，迷惑巫神大魔神），目的是磨练枪法。东伯雪鹰发现对方招式已习惯，决定结束。","尤平长老以速度压制东伯雪鹰，东伯雪鹰以秘技""大地""防御、伪装受伤磨练枪法半个时辰。"
决战,逃到神界,转折高潮、战斗描写,战斗、高潮,"东伯雪鹰大混洞真力涌入饮血枪催发血炼神兵（此前一直未催发仅当普通兵器用），施展自创秘技""混洞碾压""（完全倾向于力量碾压的杀招，耗费数百年研究大混洞真力奥妙所创），一击抽打尤平长老战刀压胸、力量旋转传递体内令其身体碎裂。尤平长老体内生命力量损耗七成（有神阶极品甲铠护体才未一招毙命），惊恐中顺物质界对成神者的排斥瞬间消失逃回神界。东伯雪鹰和巫神大魔神均一愣，巫神反应过来愤怒大骂""废物""。东伯雪鹰判断尤平逃回神界后朝堡垒杀去。","东伯雪鹰催发饮血枪施展秘技""混洞碾压""一击打爆尤平长老，尤平顺排斥逃回神界。"
决战,我来对付他,人物心理、情节推进,情感,尤平长老在神界广袤星空中后怕，感慨东伯雪鹰虽未成神却秘技不亚于自己，虽战败但保住乙九战船不算太亏（誓约偏向他，战败无生命之危）。夏族世界中东伯雪鹰判断尤平逃回神界，夏族超凡们惊喜。巫神大魔神焦急，大魔神（半神极限威能）的攻击伤不了东伯雪鹰、东伯雪鹰的枪法威能达神级巅峰稍微擦到他们就灰飞烟灭。巫神决定自己用巫毒出手对付东伯雪鹰，大魔神去询问黑暗深渊的朋友想办法。东伯雪鹰朝堡垒飞去时，堡垒顶部通道飞出一道流光。,尤平长老逃回神界保住战船，巫神决定以巫毒出手，大魔神去深渊求助，东伯雪鹰杀向堡垒。
决战,九蛇,人物引入、设定展开,人物、设定,"流光是一艘船首有九个蛇头的战船——""九蛇战船""（巫神本体为魔兽九头蛇，以毒出名，万年内炼化世界之心成物质界领主，战船专门定制）。巫神分身驾九蛇战船出战（掌握一品神心，境界远超东伯雪鹰）。九蛇战船先以群攻法阵（灰色利刃狂风扫荡千里）被东伯雪鹰万劫混元体硬抗；再射出八根蛇头长矛（神级巅峰威能，类似""混洞""感觉），东伯雪鹰因研究""混洞碾压""最多、敏锐感应到威胁以长枪一一击飞。巫神嫌弃战船法阵太简单（一品神心境界操纵法阵绰绰有余但法阵靠神晶催发无法更复杂）。巫神收起战船现身，称要亲自动手。",巫神分身驾九蛇战船出战，群攻和蛇矛攻击均被东伯雪鹰挡下，巫神现身准备亲自动手。
决战,战巫神,战斗描写、设定揭示,战斗、揭示、设定,"东伯雪鹰施展""混洞碾压""攻击巫神，巫神以一品神心境界令时间空间万物模糊、自身唯一清晰真实（一品神心窥伺天地规则最本质核心），无视东伯雪鹰攻击（似处不同空间），手掌穿入东伯雪鹰体内爆发攻击。万劫混元体巍峨不可撼动，巫神攻击仅半神极限威能无法伤东伯雪鹰。巫神再施""万物归虚""模糊一切，右手插入东伯雪鹰胸膛注入三种巫毒（绿光、黑气、紫色纹路三种神级巫毒），数秒后被东伯雪鹰一口吐出。巫神认为巫毒失败，愤怒退回堡垒。东伯雪鹰受刺激深感境界差距巨大（若无物质界规则压制一招即死）。",巫神以一品神心境界令一切模糊无视东伯雪鹰攻击，三次巫毒攻击均被东伯雪鹰吐出，境界差距极大。
决战,深渊君主,情节推进、设定揭示,揭示、设定,"巫神分身败退回堡垒，东伯雪鹰信心上升朝堡垒杀去。星塔内夏族超凡们激动，讨论东伯雪鹰或能炼化世界之心带领夏族进入新时代。巫神百万年谋划（占领临近凡人世界为跳板打通夏族世界通道），损失巨大，大魔神让其冷静。大魔神去拜访其效忠的""深渊君主""（四重天界神，近乎大能者，大魔神为其麾下）请教对策。东伯雪鹰以""混洞碾压""秘技抽打堡垒（威能浩荡上千里，直指""混洞""意味），堡垒震颤但法阵卸去三成力。巫神三千根空间柱支撑，预计能撑一两个月。",巫神大魔神焦急，大魔神去拜访深渊君主求对策，东伯雪鹰以秘技猛攻堡垒。
决战,攻打堡垒,战斗描写、设定揭示,战斗、揭示、设定,"东伯雪鹰抽打堡垒小半时辰，空间柱法阵接连碎裂但巫神不断补充。东伯雪鹰歇息后祭出二师兄戈白炼制的十五艘梭状神甲战船（晁青、司空阳、池丘白等十五位半神各自驾驭），战船施展黑色磨盘法阵（据二品""磨盘神心""创出，神级巅峰威能，针对堡垒空间柱），十五个磨盘靠在堡垒外壁缓慢旋转碾压。空间柱法阵加速碎裂。大魔神传令蛰伏叛徒动手（因夏族谨慎各人分开行动找不到破坏机会）。同时大魔神在黑暗深渊金色宫殿群向深渊君主汇报，君主指出最好办法是""困住东伯雪鹰""（有方法但代价不小）。",十五艘梭状战船以黑色磨盘法阵加速摧毁堡垒空间柱，深渊君主指出困住东伯雪鹰之法。
决战,我是魔兽，你是人类,转折高潮、人物心理,情感、高潮,叛徒动手——裴山（海外小组织首领，为寿命背叛）和袁青各驾战船攻击友军。东伯雪鹰早有防备，每艘战船内藏灭限级神火雷（神级极限层次，一万神晶一颗），叛徒无法操纵战船后战船主动开启舱门，神火雷爆炸摧毁一座分堡、灭杀裴山。巫神分身抢走袁青，袁青揭露身份——魔兽一族天才（父母被人类所杀），此前巫神围杀东伯雪鹰致其中巫毒即为袁青透露消息。东伯雪鹰沉默，恨意消散大半（双方各为族群）。巫神将袁青送回自己世界栽培。大魔神告知巫神有对付东伯雪鹰的办法了（代价很大）。,叛徒裴山、袁青身份揭露，神火雷炸毁分堡灭裴山，袁青是魔兽一族被巫神带走，大魔神称有办法困住东伯雪鹰。
决战,巫陀罗圣花,设定揭示、氛围营造,揭示、设定,"巫神大魔神等十几天后，大魔神从深渊君主处获得""巫陀罗圣花""种子（代价超过此前一切付出），计划困住东伯雪鹰后一年内将夏族世界建成超级大堡垒、培育毒虫（两三百年培育至神级巅峰数十只围攻东伯雪鹰）。十六天后大魔神夜间现身，穿狰狞黑色甲铠（含黑暗深渊最恐怖诅咒），体表燃烧血红色火焰，周围天地变漆黑。大魔神称甲铠诅咒可杀东伯雪鹰（东伯雪鹰认为歪道威胁不大）。大魔神施展""封""令周围一片漆黑。","大魔神获得""巫陀罗圣花""种子，现身穿诅咒甲铠，施展""封""困住东伯雪鹰。"
决战,封禁东伯雪鹰,转折高潮、氛围营造,设定、高潮,"大魔神化身万千（成千上万身影穿东伯雪鹰身体，诅咒无效），后施""封""令东伯雪鹰一切感应失效（虚界、引力、极点穿透、星塔世界之力均无法感知），一朵约三千里范围的黑色花朵""巫陀罗圣花""将东伯雪鹰包裹困住。花瓣半透明有神纹流转，轻易卸去东伯雪鹰攻击力。星塔内夏族超凡们惊呆，余靖秋焦急。十三艘梭状战船飞出攻击黑色花朵无效。东伯雪鹰令众人回星塔听他安排。大魔神称巫陀罗圣花比堡垒稳固得多，东伯雪鹰无法破开。",大魔神以巫陀罗圣花将东伯雪鹰困于三千里黑色花朵内，一切攻击无效，东伯雪鹰被困。
决战,唯一的办法,人物心理、设定揭示,情感、揭示、设定,"东伯雪鹰第一次发现局势脱离控制——战前预想只有""获胜""或""战败退守""两种结果，如今出现第三种""被困无法去红石山""。大魔神预测会培育虫兽围攻让东伯雪鹰无法修行。巫神吹奏乐器""灵魂之音""声波钻入东伯雪鹰灵魂干扰修行。东伯雪鹰联系红石山师兄们，戈白师兄分析：巫陀罗圣花是神晶神力催发法阵，防御有限，小师弟实力提升就有希望破开。东伯雪鹰斗气分身带十三枚神火雷攻击黑色花朵，九成九威力被卸去丝毫无损。东伯雪鹰确定唯一办法是尽快提升实力突破神心境。",东伯雪鹰被困脱控，灵魂之音干扰修行，神火雷攻击无效，唯一办法是提升实力突破神心境。
决战,池丘白之死,转折高潮、情感展现,情感、高潮,"东伯雪鹰安排晁青、池丘白也琢磨星塔法阵分担操纵压力。困住东伯雪鹰半年后，大魔神执行""加速星塔崩溃计划""——介绍其手下""池丘白""（暗红甲铠牛角头盔）。池丘白实为魔神会三祭司、大魔神手下，掌握二品""大破灭真意""（公开的""空间切割真意""仅为其分支），大魔神以其妻子灵魂要挟其修行分身法潜伏。大魔神命池丘白谎称突破三品神心操纵星塔内部破坏，池丘白在大魔神放松警惕时一掌刺入大魔神胸膛试图刺杀。大魔神愤怒抓走池丘白灵魂（因深渊誓约池丘白无法自爆）。池丘白怒吼：在知道大魔神要灭夏族那天起就不可能再服从。东伯雪鹰斗气分身收到池丘白遗信（自承魔神会三祭司身份、夏族罪人），赶到时池丘白肉身灵魂已逝。",池丘白身份揭露（魔神会三祭司，掌握大破灭真意），刺杀大魔神未遂灵魂被抓，留信自承罪人后死去。
决战,地狱沉沦,情感展现、氛围营造,情感、设定,"东伯雪鹰痛心池丘白之死（如兄长般照顾他）。夏族超凡们悼念池丘白，惋惜其灵魂被大魔神抓走永远折磨。余靖秋理解池丘白（若东伯雪鹰灵魂被引至深渊，她也会做同样选择）。黑暗深渊中大魔神达尔豪将池丘白灵魂囚于水晶球中遭受地狱火焰灼烧，同时鞭刑池丘白妻子""小希""的灵魂，让池丘白永远看着挚爱受折磨却无法交流。两年过去，东伯雪鹰斗气分身消散，本尊被困巫陀罗圣花内每日疯狂练枪，巫神吹奏灵魂之音干扰，三门真意均未突破神心境，焦急如当初梅山主人、剑皇、辰九被困瓶颈。",池丘白灵魂被大魔神永远折磨（连同妻子），东伯雪鹰两年未突破，练枪如疯魔。
决战,五年,情感展现、人物心理,情感,"贺山主发现余靖秋操纵星塔神晶消耗持续下降（仅为开始时一半），怀疑其不顾灵魂受损强行操纵。东伯雪鹰质问余靖秋，余靖秋起初否认后承认，称灵魂受损后悟性反而提升。东伯雪鹰要求她停下，余靖秋以死相逼拒绝（""你不让我操纵，我会立即自杀""），坚持为救东伯雪鹰和夏族牺牲灵魂。余靖秋灵魂不断逸散，悟性却越发空灵。五年过去，东伯雪鹰三门真意仍未突破，看妻子越发苍白焦急自责。深夜月光下东伯雪鹰身体后方显现巨大黑色星球虚影——星辰神心突破。",余靖秋不顾灵魂受损强行操纵星塔以死相逼不肯停，五年后东伯雪鹰突破星辰神心。
决战,接连突破,悟道、转折高潮,修炼、高潮、爽点,"东伯雪鹰掌握星辰神心（二品神心境），秘技""大地""""混洞碾压""可完善，但施展后仍未能破开巫陀罗圣花。大魔神巫神松口气（仅二品神心境破不了）。东伯雪鹰成神无益（大混洞真力胜神力、万劫混元身胜神体、星塔胜神之领域），《大混洞真力》第二层太难练不成，决定继续突破极点穿透、虚界真意。星塔内余靖秋灵魂受损过半仍全力操纵，六十万神晶五年仍剩余（其功劳）。东伯雪鹰参悟五个多月后突破极点穿透神心（黑暗虚空中庞大球体碾压穿透一切）。",东伯雪鹰突破星辰神心但未破困，再过五个多月突破极点穿透神心，余靖秋灵魂受损过半仍坚持。
决战,万劫混元身,悟道、转折高潮,修炼、高潮、爽点,"巫神大魔神震惊东伯雪鹰接连突破（正常兼修多门真意者不会接连突破，但东伯雪鹰三门真意同出地火水风一源、相互印证故相差不远）。东伯雪鹰以""星辰陨灭击""（融合两门神心）攻击巫陀罗圣花，穿透性攻击方面圣花较擅长，仍未能破开。三个月后东伯雪鹰突破虚界神心（动静最小），虚界映照整个夏族世界，感应到""世界之心""（无形之物，世界运转核心，距炼化只差一步）。东伯雪鹰参悟《万劫混元经》第二层神印（每个粒子内部开辟小型虚界），仅半个时辰参悟完成，开始修炼。粒子质变，身体翻天覆地变化，引动百万里天地之力漩涡遮蔽夏族世界小半天空，夏族超凡、巫神大魔神均震撼。",东伯雪鹰突破虚界神心感应世界之心，参悟修炼《万劫混元经》第二层万劫混元身进阶，引动百万里天地漩涡。
决战,赢了！,转折高潮、战斗描写,战斗、高潮,"万劫混元身第二层进阶完成，东伯雪鹰感觉全身澎湃力量。以进阶后实力施展""混洞碾压""（完善到极高地步），调动虚界映照整个夏族世界的少许世界之力，长枪千里长八枪怒劈，巫陀罗圣花花瓣间部件碎裂、上百片花瓣崩飞，东伯雪鹰冲出。随手一击扫荡红色叶子，世界之力无孔不入灭杀巫神分身、大魔神分身（仅半神极限威能无法抗世界之力）。东伯雪鹰飞至堡垒一击炸裂（空间柱法阵全碎，堡垒分成主堡和五个分堡抛飞），稳定空间通道崩塌。星塔内夏族超凡们激动落泪，晁青喊出""我们赢了，夏族赢了""。夏族历史翻开新篇章。",东伯雪鹰以万劫混元身第二层+世界之力八枪破开巫陀罗圣花，灭杀巫神大魔神分身摧毁堡垒，夏族获胜。
决战,输得不冤,人物心理、设定揭示,情感、揭示、设定,"巫神本尊（物质界领主，在其魔兽世界圣地）平静接受失败（损失虽大但有的是崛起机会），感叹东伯雪鹰修行仅两百余年后即掌握三种二品神心+一整套秘技，是神界都罕见的绝世超凡，虚界神心有望百年内炼化世界之心成为物质界领主，""输得不冤""。大魔神达尔豪在黑暗深渊暴怒咆哮（积攒漫长岁月的神晶几乎耗尽），恨池丘白叛徒（若其破坏星塔缩短维持时间则他们能赢），发誓永远折磨池丘白。东伯雪鹰进入星塔告知胜利，众人庆功，东伯雪鹰去陪余靖秋。余靖秋灵魂伤势重但笑容幸福。",巫神平静接受失败感叹东伯雪鹰天赋，大魔神暴怒发誓折磨池丘白，东伯雪鹰陪余靖秋。
决战,灵魂逸散,转折高潮、情感展现,情感、高潮,东伯雪鹰与余靖秋说将来炼化世界之心后安心要孩子。余靖秋称困了想睡，一闭眼立即陷入昏迷。东伯雪鹰面色大变，灵魂力量探入妻子识海发现灵魂虚幻、不断逸散（灵魂本源近乎耗尽，残余不到一成）。东伯雪鹰紧急抱妻子瞬移至红石山（极点穿透神心一穿梭十万里）。红石前辈将余靖秋时间流速降至百万分之一。戈白、贺飞云、奚薇查看后震惊——余靖秋灵魂虚弱到不足一成且不断逸散，无法自行恢复。东伯雪鹰恳求师兄们想办法。陈宫主得知后决定去找紫雷帝君帮忙。,余靖秋昏迷后灵魂开始逸散（不足一成），东伯雪鹰紧急送红石山，师兄们确认无法自行恢复。
决战,救治,设定揭示、情感展现,情感、揭示、设定,"戈白师兄指出救治只有两种办法：一、请大能者出手（能从时光长河复活）；二、寻""再造灵魂""奇珍（界神修复本尊神心用，四重天界神都罕有，买都买不到）。红石前辈已将余靖秋时间流速降至百万分之一（红石山极限），理论上能撑百万年、运气不好千年内崩塌。飞云师兄指出可行办法——求时空神殿（探查亿万世界最擅长寻找宝物，再造灵魂奇珍最多）。飞云师兄给一块黑色符牌（出红石山也能保持百万分之一时间流速，仅维持三年）。东伯雪鹰抱妻子出红石山，地表草原上紫雷帝君降临世界投影查看，确认灵魂伤势重到无法救治。东伯雪鹰请紫雷帝君联系时空神殿。",救治之法仅两种（大能者出手或再造灵魂奇珍），红石前辈控时间流速百万分之一，紫雷帝君确认无法救治，东伯雪鹰求时空神殿。
决战,连根拔起,转折高潮、设定揭示,揭示、设定、高潮,"夏族先辈神灵们愤怒于大地神殿在战争中袖手旁观，决定驱逐大地神殿信仰。陈宫主公开信宣布摧毁所有大地神殿、永远禁止大地神殿传播信仰，龙山楼行动抓走神殿成员、囚禁狂信者。大地神殿总部地底秘室冰封的神之分身肉身（二十米光头雄壮男子""窝海界神""，三重天界神，隐居神界波羽帝国）被唤醒降临。窝海界神自信境界之高超凡碰不到他。草原上时空神殿降临，器灵称东伯雪鹰主动加入自然不拒绝。东伯雪鹰请求时空神殿救妻子。",夏族驱逐大地神殿信仰，窝海界神神之分身降临，时空神殿降临东伯雪鹰求救妻子。
决战,滚！,转折高潮、情感展现,情感、高潮,"时空神殿器灵拒绝东伯雪鹰（再造灵魂奇珍四重天界神都难有，东伯雪鹰潜力不够不值得付出，浩瀚波动退去）。东伯雪鹰愣住，自嘲太自大。回忆与余靖秋的种种往事（初见、爆炸中护她、赤云山修行、中巫毒后妻子陪伴、婚后行走天涯开酒楼开武馆、战争中妻子拼命操纵星塔）。东伯雪鹰蹲在妻子旁泪流满面。窝海界神降临，威胁夏族恢复大地神殿信仰否则动手。东伯雪鹰问其有无再造灵魂奇珍，窝海界神称连奇兰国主都没有。东伯雪鹰一声""滚""怒喝，以世界之力笼罩窝海界神，其分身分解崩裂化作虚无，仅剩大斧抛飞。东伯雪鹰抱起妻子离去。","时空神殿拒绝救余靖秋，东伯雪鹰回忆往事悲痛，一声""滚""以世界之力灭杀窝海界神分身。"
决战,柳暗花明,转折高潮、氛围营造,设定、高潮,"夏族超凡们感叹东伯雪鹰一声叱喝灭杀神之分身，却救不了妻子。东伯雪鹰抱妻子至雪石山顶诀别，称将送她去红石山，自己继续修行变强（或成四重天界神请大能者从时光长河复活她）。红石山红尘岛一位白发童颜老祖（大能者，红尘圣主故交，奚薇和红石称其""老祖""）降临。老祖评价东伯雪鹰潜力虽差些（非一品真意超凡）但至情至性值得帮，且红尘圣主已死东伯雪鹰作为内门弟子值得栽培。老祖降临世界投影出现在雪石山顶东伯雪鹰身旁（连世界之力都未能察觉其出现）。东伯雪鹰肉眼发现后震撼行礼，老祖称""你我有缘，特来结下一因果""，暗示愿意救余靖秋。",东伯雪鹰抱妻子诀别，红石山大能者白发老祖降临，评价东伯雪鹰至情至性愿出手相救。
决战,生一堆娃（本篇终章）,情感展现、转折高潮,情感、高潮,"东伯雪鹰激动道谢。老祖说明条件：一、东伯雪鹰付出一半灵魂本源给妻子（成界神时间推迟十倍百倍，甚至可能成不了界神）；二、将来持金色符令信物为老祖做一件事。东伯雪鹰毫不犹豫答应（万劫混元体第二层灵魂比初修时强数倍，损失一半不比战争初期弱）。老祖建议东伯雪鹰千余年后参加血刃神廷盛事有望拜入大能者门下（红尘圣主已死不拒绝，大能者指点直指本质）。老祖以金色大门法门将东伯雪鹰一半灵魂本源转化为玄妙力量注入余靖秋体内，历时近半个时辰，本尊抵挡天地规则反噬。老祖离去，余靖秋苏醒。东伯雪鹰激动落泪""死什么死，你还要给我生一堆娃呢""。第十三篇完整收官。",老祖以一半灵魂本源救治余靖秋，东伯雪鹰付出代价并承诺将来做事，余靖秋苏醒，全篇收官。
一品真意,地火水风,悟道、情感展现,修炼、情感、爽点,东伯雪鹰抱住被救活的妻子余靖秋，告知是一位至少四重天界神甚至大能者的前辈出手相救。陈宫主、司空阳在夏都城外府邸欲请东伯烈、墨阳瑜、东伯青石、宗凌来陪东伯雪鹰走出妻子受伤的打击，东伯雪鹰与余靖秋完好归来。夏都城举行浩大庆功宴，陈宫主高声宣告夏族永无祸患、东伯雪鹰将炼化世界之心。贺山主提议东伯雪鹰建帝国当永远帝皇，东伯雪鹰拒绝，让元老会管理。庆功宴后东伯雪鹰带妻子回雪石山，看野草上的露珠悟出地火水风以生命气息为纽带轮转构成世界万物的奥妙。,东伯雪鹰救活妻子后参加庆功宴，在雪石山观野草悟出地火水风以生命气息轮转构成世界的奥妙。
一品真意,悟,悟道、设定揭示,修炼、揭示、设定、爽点,"东伯雪鹰站在雪石山顶，意识与天地最本质规则融合，悟出传说中的一品真意""世界真意""（一品真意一重境即媲美二品真意三重境），可调动世界之力，真实世界、虚界、阴影世界乃至世界缝隙皆无秘密。一品真意与二品真意差距如天堑。余靖秋在旁建竹楼陪修。陈宫主来访询问魔兽一族处置（树海世界残余、毁灭山脉及海洋大量魔兽），余靖秋称待雪鹰修行结束告知。东伯雪鹰修行一路通畅：当天悟出世界真意，十五天达二重境，一年九个月达三重境。达到三重境后可清晰窥伺世界之心本质，凭空消失进入世界之心。","东伯雪鹰悟出一品真意""世界真意""，一年九个月达三重境，进入世界之心空间。"
一品真意,世界之心,设定展开、设定揭示,揭示、设定,世界之心是夏族世界最神秘空间，仅本土生命达足够境界方可进入，大能者世界投影也会被排斥。东伯雪鹰以世界真意三重境境界灵魂力量三天渗透炼化整个世界之心，烙印灵魂烙印。炼化刹那仿佛化身为夏族世界，看到外界无尽虚空中亿万凡人世界缓缓转动，太阳月亮在两极，黑暗深渊在中央。东伯雪鹰看到更高层次的物质界规则海洋，震撼于自身渺小，收敛灵魂。东伯雪鹰掌控夏族世界所有世界之力及天地规则，在夏族世界内无敌，四重天界神都威胁不到他，仅大能者能隔空间降攻击。东伯雪鹰观看红石山，精神碰触器灵红石，红石震惊其炼化世界之心。,东伯雪鹰三天炼化世界之心成为物质界领主，在夏族世界无敌，与器灵红石碰触。
一品真意,红尘圣主的命令,设定揭示、转折高潮,揭示、设定、高潮,"东伯雪鹰告知红石自己掌握一品真意，红石震惊急令其来红石山并保密。东伯雪鹰斗气分身入红石山，红石辨认出""世界真意""，称一品真意超凡几乎注定成为神界一方霸主（最差三重天界神，正常四重天界神，少数成大能者），大能者会抢着收徒。红石山大师兄""慧明""即一品真意超凡，如今四重天界神近乎媲美大能者。按红尘圣主命令，一品真意超凡可为亲传弟子，东伯雪鹰成为红石山新一任主人，可调用所有资源。",东伯雪鹰暴露一品真意于器灵红石，成为红石山新任主人，红石揭示一品真意超凡注定一方霸主。
一品真意,晚辈谨记,设定揭示、伏笔埋设,伏笔、揭示、设定,"东伯雪鹰命红石称其""东伯""。红石叮嘱不可对任何人（含生死兄弟、妻子）暴露一品真意，一旦传开敌对势力会灭杀；不可提杀红尘圣主的大能者名字（会生感应），不知其名因果最弱；大能者不屑对付小人物，但一品真意超凡是被默认可暗中铲除的。红石揭示时空神殿不会轻易时光倒流（消耗大），血刃神廷、时空岛、万神殿约定一品真意禁止强行抓走最多邀请且不得暴露。红石告知救妻者为红尘圣主生死好友大能者""赤火老祖""，常居太阳星修行。赤火老祖波动降临，东伯雪鹰躬身""晚辈谨记""。红石提及赤火老祖让东伯雪鹰千余年后参加血刃神廷""神廷万花宴""有望拜大能者门下。",红石叮嘱保密一品真意，揭示赤火老祖身份，提及神廷万花宴可拜大能者。
一品真意,雪鹰的修行,设定展开、情节推进,设定,"红石详述神廷万花宴：血刃神廷陛下召大能者开盛宴，拿珍贵""万花真果""供食用；选拔神级最强一百位后辈参加，前一百名必拜大能者门下；每一千万年举行一次，参加者修行不超一千一百万年。东伯雪鹰此次万花宴距今一千五百年。红石指导修行规划：本尊修世界神心，分身选其他神心凝聚本尊神心；掌握一门一品神心为一重天界神，两门融合为二重天，三门为三重天，四门为四重天。东伯雪鹰定下四门一品神心目标：世界、混洞、极点、时空。红石建议参悟界神级秘术助悟一品神心。东伯雪鹰挑选界神级秘术《星渊极火》（对应极点，黑暗深渊存在与赤火老祖交流后所创）。红石提及连天藤第三藤叶世界剑皇仍卡关。",红石详述万花宴规则，指导东伯雪鹰修行规划（本尊世界、分身星辰、目标四门一品神心），挑选界神级秘术。
一品真意,剑皇的命运,人物心理、伏笔深化,伏笔、情感,东伯雪鹰解释以世界神心含空间神心为基础进化时空神心。红石赞叹。东伯雪鹰选定三门界神级秘术（大混洞真力对应混洞、万劫混元体对应世界、星渊极火对应极点），时空类暂搁。东伯雪鹰观看连天藤第三藤叶世界，剑皇（金衣青年）掌握剑之神心仍输给肥胖巨汉，卡关多年，夏族可能灭族仍不放弃。东伯雪鹰叹时空神殿轮回者可怜，请红石暗中帮剑皇通过（红石山内红石无敌，可悄无声息）。红石培育分身胚胎需两年。东伯雪鹰定分身以星辰神心凝聚本尊神心先成神。,东伯雪鹰定四门一品神心目标，选三门界神级秘术，请红石暗助剑皇过关，准备修分身法。
一品真意,成神,悟道、设定揭示,修炼、揭示、设定、爽点,两年后红尘岛亲传弟子修行洞天内，东伯雪鹰修分身法，灵魂一分为二投入胚胎，胚胎内身体修行万劫混元身第二层。分身成婴后迅速生长与本尊一模一样（白衣本尊、星蓝衣袍分身），二者灵魂肉身无区别。红石称最多一本尊一分身（血刃神帝有三大身体的秘术不外传）。分身两天灵魂恢复圆满，在夏族世界苍茫草原以星辰神心凝结本尊神心，开辟神海（超凡斗气转化为火焰神力），神海上空现十万里海洋虚影。夏族超凡震撼，陈宫主传讯确认东伯雪鹰成神。夏族议论称号（东伯大帝、雪鹰大帝、东伯帝君）。魔兽一族奥兰大长老等绝望。,东伯雪鹰修分身法成功，分身以星辰神心开辟神海成神，夏族议论称号。
一品真意,东伯帝君,人物心理、设定展开,情感、设定,"奥兰大长老悲凉认定魔兽一族败了。黑暗深渊大魔神达尔豪得知东伯雪鹰成神，判断其长则千万年短则百万年有望成一重天界神，二重天界神则难。东伯雪鹰在雪石城堡开庆贺宴，司空阳惊叹其成神后无神力气息（实为本尊未成神）。司空阳再劝当皇帝被拒，定称号""东伯帝君""。红石山内东伯雪鹰分身见两位界神师兄戈白、贺飞云，谎称选星辰神心是为炼化世界之心更有把握，隐瞒一品真意。师兄们劝其成界神再去神界，东伯雪鹰称赤火老祖让其千余年后参加万花宴。师兄感慨一品真意超凡几乎注定四重天界神。","东伯雪鹰获称号""东伯帝君""，对两位师兄隐瞒一品真意，师兄感慨一品真意超凡注定四重天界神。"
一品真意,寿命大限的到来,情感展现、转折高潮,情感、高潮,东伯雪鹰珍惜生活安静修行悟世界真意。五百余年后，父亲东伯烈寿命大限将至，东伯烈临终遗言称一生无憾、最骄傲有东伯雪鹰这个儿子，笑后气息急速衰弱断绝。母亲墨阳瑜一个多月后去世，宗凌半年后去世。东伯雪鹰请器灵红石重塑三人肉身（正常肉身非超凡之躯），送入红石山内世界继续修行，望其踏踏实实修行。父母宗叔斗志昂扬。战争结束后六百五十年，东伯雪鹰心生触动进入世界之心空间。,东伯烈、墨阳瑜、宗凌先后寿终，红石重塑肉身送入红石山内世界修行，六百五十年后东伯雪鹰再入世界之心。
一品真意,夏族的第一位界神,悟道、转折高潮,修炼、高潮、爽点,"世界之心空间内，东伯雪鹰一天一夜梳理天地规则，悟出""世界规则""，一弹指现万千气泡各含混沌世界，威能可灭绝夏族所有生命。东伯雪鹰境界不亚于巫神。东伯雪鹰出世界之心，一步行至夏族世界各处。红石遮掩下，东伯雪鹰在红尘岛以世界神心规则奥妙融合灵魂，开辟上亿里神海（一品神心神海刚诞生即上亿里），吸收神晶九天充满神力，神海衍变为内世界（亿里范围，无空气，规则不完善，唯大能者内世界可完美繁衍生命）。东伯雪鹰成一重天界神，夏族历史上第一位界神。",东伯雪鹰悟出世界规则，掌握世界神心，开辟上亿里神海成界神，为夏族第一位界神。
一品真意,消息公开,设定揭示、情节推进,揭示、设定,红石称一品真意超凡成界神最无难度，二重天以上每步艰辛；一亿个二品神心成神者无一进化一品神心成界神。东伯雪鹰炼化红石山（真神器级洞天宝物）。东伯雪鹰对外宣布炼化世界之心，夏族超凡欢腾，夏族诞生物质界领主。消息经邪神魔神信徒传至黑暗深渊、神界，大势力欲招揽。巫神得知后称与预计差不多，炼化世界之心容易成界神难，传音袁青告知东伯雪鹰成领主。袁青冷冷称神界再相遇。东伯雪鹰为保密一品真意拖至今日才宣布，准备解决魔兽一族取回黄金人。,东伯雪鹰炼化红石山，对外宣布炼化世界之心成物质界领主，夏族欢腾，巫神、袁青得知。
一品真意,有了？,矛盾收束、转折高潮,冲突、高潮,"东伯雪鹰精神笼罩树海世界，拆毁魔兽一族半球形堡垒。奥兰大长老率众走出，求饶者近半（含蜘蛛女皇）。东兰长老认输。东伯雪鹰决断：魔兽超凡全部得死，普通魔兽饶过。魔兽超凡全部无声分解消散。东伯雪鹰取回黄金人（金魔），五影汇聚。东伯雪鹰成为物质界领主解决魔兽威胁，夏族世界更稳妥。解决魔兽一年半后，余靖秋告知东伯雪鹰""有了""，应该是两个。",东伯雪鹰灭杀魔兽一族全部超凡取回黄金人，一年半后余靖秋告知有孕（双胞胎）。
一品真意,五百年,情感展现、人物心理,情感,"东伯雪鹰狂喜将当父亲。怀胎十月，余靖秋诞下双胞胎：男孩东伯玉、女孩东伯青瑶。夏族好友来贺。东伯雪鹰本尊成界神后修成万劫混元身第四层（仅与红石知晓）。孩子九个月大时东伯玉顽皮从山崖尿尿淋村民，东伯雪鹰现身管教无效。孩子渐长，少年即达半神，成年后力量媲美神灵。贺山主、司空阳等老去死去，东伯雪鹰暗中送灵魂入红石山重塑肉身。东伯雪鹰潜修为万花宴准备。转眼孩子出生五百年后，晁青传讯""东伯，速来夏皇城""。",东伯玉、东伯青瑶出生，东伯雪鹰修成万劫混元身第四层，夏族半神老去死去东伯雪鹰暗中送红石山，五百年后晁青急召。
一品真意,求救,情节推进、悬念设置,伏笔,东伯雪鹰至夏皇城，紫雷帝君雕像求救：云海大帝所在天剑宗被黑骨山山主（一重天界神）暗算，宗主身死，云海被活捉押至天象星域冰铁星做苦力开矿，神力封禁。紫雷帝君加入血刃神廷只是底层无法救，求东伯雪鹰。东伯雪鹰允诺。紫雷建议东伯雪鹰派神力分身去神界买分身法。东伯雪鹰对晁青、余靖秋谎称将先得 分身法再救云海（实已修分身）。余靖秋称成神后修分身法同去神界。东伯雪鹰分身操纵夏族世界排斥自己送往神界，抵达安海府星空。,紫雷帝君求救云海大帝被押冰铁星做苦力，东伯雪鹰分身赴神界救援。
一品真意,进入神界,环境铺陈、设定展开,设定,神界血刃神廷占三成疆域，划十九府，每府府主为四重天界神或大能者。东伯雪鹰在安海府境内。两天后找到生命星球巫阊星，经空间通道法阵至南霆星域南霆城（上亿里雷霆城池），花三十神晶至天象星域天象城购情报，又两神晶至暗曲星，六天抵达冰铁星。冰铁星为黑骨山占领的矿物星球（引力极强，冰铁矿珍贵），堡垒笼罩矿脉，大门有貘娄兽（神界生物，神级中近乎无敌）看守。堡垒内矿工被压榨鞭刑，云海大帝麻木绝望。东伯雪鹰在星空推演后降临冰铁星。,东伯雪鹰经法阵赶路抵达冰铁星，了解堡垒防御及云海大帝境况，开始行动。
一品真意,出手,战斗描写、爽点设置,战斗、爽点,"冰铁星堡垒第七统领（紫鳞男子，大蛇成神）得知东伯雪鹰闯入，自信黑骨山势力。东伯雪鹰降临地表，紫鳞男子头颅虚影询问，东伯雪鹰答""报仇""。貘娄兽醒来咆哮，东伯雪鹰持火红长枪迎战，一枪抽打貘娄兽右巴掌扭曲断裂，第二枪劈打头颅凹陷倒下毙命。堡垒内统领等瞠目结舌，紫鳞男子急禀黑骨山山主。",东伯雪鹰虚界真身一照面两枪灭杀貘娄兽，震慑黑骨山守卫，统领急禀山主。
一品真意,一路闯,战斗描写、设定揭示,战斗、揭示、设定,"黑骨山山主令杀东伯雪鹰。紫鳞男子令借堡垒地利围攻。东伯雪鹰以万劫混元身第三层力量（达界神门槛）抽飞堡垒正门，闯入。五名银甲守卫围攻，东伯雪鹰施展秘技""混洞碾压""（参悟千年，长枪横扫周围塌陷，黑色星辰虚影旋转）一瞬杀三名守卫，两名逃窜。东伯雪鹰一路摧枯拉朽，第一层、第二层被攻破，三十名看守死大半。紫鳞男子期待第三层界神法阵。东伯雪鹰遇银白冰龙（法阵凝聚生命，力量略胜貘娄兽）。","东伯雪鹰以万劫混元身第三层力量和秘技""混洞碾压""一路攻破堡垒层，遇法阵冰龙。"
一品真意,见猎心喜,战斗描写、悟道,修炼、战斗、爽点,"东伯雪鹰以""混洞碾压""迎战银白冰龙，被震退撞墙（万劫混元身保命强）。紫鳞男子期待冰龙杀东伯雪鹰。东伯雪鹰见猎心喜，以秘技""星辰陨灭击""（极点穿透+星辰神心结合，穿透性绝对优势）刺穿冰龙龙爪，连刺令冰龙处处裂痕，最终""混洞碾压""正面击碎冰龙。紫鳞男子震惊又一门秘技（混合秘技）。东伯雪鹰继续深入，至一巨大洞穴（三条岔道），紫鳞男子期待其进入最强法阵。","东伯雪鹰以""星辰陨灭击""破冰龙龙爪，""混洞碾压""击碎冰龙，闯至最强法阵洞穴。"
一品真意,地动山摇,转折高潮、伏笔揭示,伏笔、揭示、高潮,洞穴十里范围内浮现黑色纹路法阵（黑骨山山主心血布置的最强杀阵），十里范围猛然塌陷收缩为黑点，东伯雪鹰虚界真身被湮灭。黑点爆发，恐怖威力炸毁堡垒上部，整个冰铁星震颤。紫鳞男子大笑入侵者已死。随即东伯雪鹰虚界真身再现，紫鳞男子震惊。星空虚界内东伯雪鹰真身感叹法阵厉害，庆幸派出的是虚界真身（虚界神心特有，实力与本尊一致，摧毁可重生）。紫鳞男子推断东伯雪鹰掌握虚界神心。地面忽然震颤，冰铁星碎裂，恐怖气息从星辰内部爆发，东伯雪鹰真身战栗心颤。,黑骨山最强法阵灭东伯雪鹰虚界真身，虚界真身重生令黑骨山震惊，冰铁星碎裂恐怖气息爆发。
一品真意,大船内,转折高潮、人物引入,人物、高潮,冰铁星完全碎裂，矿工看守者散落星辰碎片。一只百米金色老鼠现形，目光一扫亿万里定住一切（连星辰停止自转），东伯雪鹰真身亦无法动弹。金色老鼠化为白袍胖乎乎男子（翘胡须），称自己被法阵爆发提前上亿年唤醒。白袍男子逆转时光查看战斗场景，一招手将东伯雪鹰真身挪移至身旁。东伯雪鹰行礼，判断对方非大能者但实力碾压自己。白袍男子将所有矿工挪移至一艘金银色大船舱室内，问东伯雪鹰要救谁。,金色老鼠化白袍胖乎乎男子（三重天界神），定住亿万里，逆转时光查战斗，将东伯雪鹰真身及矿工挪移至大船。
一品真意,白沙城主,人物引入、设定揭示,人物、揭示、设定,"白袍男子解除所有矿工封禁，挪移走其他矿工仅留云海大帝。白袍男子称自己刚睡醒心情不错才帮忙，但东伯雪鹰攻打堡垒提前上亿年唤醒他犯了大错。白袍男子一眼看出东伯雪鹰修行仅两千年，掌握界神级秘术、多种二品神心神级巅峰、多种秘技含混合秘技，判断其万年内有望掌握一品神心成界神，万花宴上九成九被大能者收徒。白袍男子自称""白沙""，安海府白沙城主，让东伯雪鹰喊大哥。东伯雪鹰恍然：白沙城主曾为血刃神帝记名弟子，偷吃大能者献给神帝的""世界沙心果""被逐出门下，却因此突破成三重天界神超三十亿年，安海府前十存在。",白沙城主（三重天界神）解除矿工封禁，识破东伯雪鹰年轻天赋，与东伯雪鹰结交，东伯雪鹰喊大哥。
一品真意,进吴山城,环境铺陈、情节推进,设定,白沙城主送东伯雪鹰至吴山星域吴山城参加万花宴星域初选。白沙城主称府城筛选时将去观战。东伯雪鹰与云海大帝至吴山城外（城墙高千万里），云海震惊于星域飞舟（最低千万神晶，三重天界神或背景恐怖者方买得起）。云海得知东伯雪鹰修分身法救自己痛心焦急，东伯雪鹰称主要原因是参加万花宴。二人飞向吴山城。,白沙城主送东伯雪鹰至吴山城，云海震惊于星域飞舟，痛心东伯雪鹰为救自己修分身法。
一品真意,触怒,矛盾展现、氛围营造,冲突、设定,"东伯雪鹰与云海入吴山城。城内街道上空，九条黑鳞异兽拉豪奢车辇，车辇上三角眼青发男子（飞云湖少主金梅阳）持烙心鞭随意抽打路人。东伯雪鹰认出烙心鞭（灵魂疼痛胜鬼六怨巫毒）。云海拉东伯雪鹰快走。金梅阳发现东伯雪鹰看其一眼无敬畏恐惧甚至带不喜，触怒暴怒，挥烙心鞭抽向东伯雪鹰。东伯雪鹰拉云海以极点穿透奥妙闪避，鞭抽街道无损（神纹）。金梅阳怒喝""抓住他打到死""，两名黑衣侍者其一化黑雾笼罩东伯雪鹰。",飞云湖少主金梅阳嚣张抽打路人，因东伯雪鹰看其一眼无敬畏而触怒，挥鞭抽打并令手下抓人。
一品真意,飞云湖少主,矛盾爆发、爽点设置,冲突、爽点,"云海急劝逃。黑衣侍者化黑雾冻结东伯雪鹰成冰雕，东伯雪鹰一巴掌抽飞黑衣侍者。另一东伯雪鹰（虚界身体）现于车辇旁抽飞第二名黑衣侍者。金梅阳激发车辇法阵护体光膜，令十一名手下（两黑衣侍者+九黑鳞异兽化人）杀东伯雪鹰。东伯雪鹰以""混洞碾压""横扫逼退十一人，一枪""星辰陨灭击""刺穿光膜掐住金梅阳脖子。金梅阳惊恐求饶，称父亲飞云湖主人是界神、与星域巡守是好友、自己有阶位在身。东伯雪鹰假装惊愕威胁同死。血刃神廷士兵乐看热闹。",东伯雪鹰虚界身体反击，一枪刺穿车辇护体法阵掐住金梅阳，金梅阳求饶亮出界神父亲背景。
一品真意,怒抽,爽点设置、矛盾收束,冲突、爽点,金梅阳惊恐求饶。东伯雪鹰真身拉云海入虚界逃往血刃域。东伯雪鹰虚界身体拎金梅阳故意绕路拖延（真身已安全），飞至血刃域（禁厮斗，三重天界神方敢乱来）。东伯雪鹰令金梅阳交出烙心鞭，以其鞭反怒抽金梅阳二十余鞭（不死只重伤，不算违背神廷法规）。金甲统领率三十巡守军团士兵赶到，金梅阳求救。,东伯雪鹰真身带云海逃入血刃域，虚界身体拎金梅阳至血刃域以烙心鞭反怒抽二十余鞭，巡守军团赶到。
一品真意,界神,战斗描写、转折高潮,战斗、高潮,金甲统领率三十士兵（军队法阵一体，神级极限实力）围攻东伯雪鹰，东伯雪鹰以长枪挡住三十锁链，砸飞士兵。东伯雪鹰冲向金梅阳，金甲统领拔战刀拦截，东伯雪鹰以引力吸引战刀一枪扫飞金甲统领，再以烙心鞭抽金梅阳。士兵联手仍非对手。金甲统领判断东伯雪鹰狡猾不杀人不违法规。飞云湖主人（青色浓密胡须魁梧男子，一重天界神）投影降临，识破东伯雪鹰为虚界身体，斥子闭嘴，客气放行。,东伯雪鹰击败巡守军团三十士兵及金甲统领，飞云湖主人投影降临识破虚界身体，客气放行。
一品真意,小有名气（本篇终章）,氛围营造、悬念设置,伏笔、设定,"东伯雪鹰虚界身体消散。飞云湖主人与吴山星域巡守（瘦削男子界神）交谈，巡守判断东伯雪鹰修行不超五千年、实力极高、有界神级秘术，推测为强大存在弟子。黑骨山山主欲购东伯雪鹰身份情报需五十万神晶（近乎其四分之一身家），因太贵及身份可疑放弃。东伯雪鹰与云海在血刃域洞府潜修。""东伯""之名在吴山城流传（怒抽飞云湖少主、蹂躏巡守军团一队、飞云湖主人亲自降临微笑交谈），小有名气。万花宴临近，整个血刃神廷疆域骚动。离星域预选仅三天，本篇终。",飞云湖主人与巡守判断东伯雪鹰背景深厚，黑骨山山主因情报太贵放弃追查，东伯雪鹰在吴山城小有名气，万花宴星域预选临近。
神界新人,殿下,环境铺陈、人物引入,人物、设定,"东伯雪鹰与同伴云海在吴山城观看神廷万花宴报名盛况，神界第一大盛事即将开始。一名朴素老者率先走上金光通道报名参战，宫殿内将领告知需神级极限实力方有望活命。东伯雪鹰观察报名者中一名煞气极重的半张面具红发男子。随后东伯雪鹰踏上金光通道报名，因当街烙心鞭怒抽飞云湖少主而颇有名气，获符牌编号五二八。殿厅内一名白衣俊美青年在星域巡守关巡守、美妇人（二重天界神桑夫人）陪同下到来，美妇人实力远超星域巡守却只是其手下，白衣青年自称""第七梅雨""。","东伯雪鹰在吴山城报名参加神廷万花宴星域预选，煞气极重的红发男子""血云""与背景非凡的白衣青年""第七梅雨""登场。"
神界新人,星域预选,设定展开、情节推进,设定,"白衣俊美青年""第七梅雨""性格冰冷孤傲。赤红甲铠将领记录各参战者名号：红发男子名""血云""，白衣青年名""第七梅雨""，东伯雪鹰名号""东伯""。次日星域预选开始，关巡守主持，高台上还有驻守军团将军""屠将军""（黑袍老者，神级巅峰）及飞云湖主人金飞云等界神。关巡守宣布规则：在一时间沙内击败""凶巫战兵""即通过预选。战台浮起，约十二米高棕色毛发人形生物""凶巫战兵""登场，第一位参战者裂枭上台。",星域预选规则与凶巫战兵登场，吴山星域两大巨头关巡守、屠将军及众界神就位观战。
神界新人,凶巫战兵，战！,战斗描写、设定揭示,战斗、揭示、设定,裂枭以速度与凶巫战兵周旋，凶巫战兵分解为十二尊分身后围攻，裂枭认输。苍秋以自创秘技（二品空间神心）一根长棍击败凶巫战兵成为第一个通过预选者。红发男子血云以凶戾刀法逐个击破十二分身通过预选。第七梅雨殿下仅十五剑正面击败凶巫战兵最强形态，唯一未等其分解即正面灭杀，惊艳全场。东伯雪鹰被喊名出战。,苍秋、血云、第七梅雨先后通过星域预选，第七梅雨十五剑正面击败凶巫战兵最强形态最为耀眼。
神界新人,初显身手,战斗描写、爽点设置,战斗、爽点,"东伯雪鹰踏上战台，面对凶巫战兵不退反进，以黑色长枪施展秘技""混洞碾压""（融合星辰真意与极点穿透真意，结合界神级秘术大混洞真力），一枪怒劈令凶巫战兵整个身体直接炸裂。一招击败凶巫战兵，令高台上界神们及无数观战者震惊。飞云湖少主金梅阳脸色铁青。",东伯雪鹰一招击败凶巫战兵通过星域预选，展现大混洞真力与混洞碾压秘技的恐怖力量。
神界新人,东伯小友,人物心理、设定揭示,情感、揭示、设定,"东伯雪鹰一招击败凶巫战兵引发轰动，无数观战者激动。金梅阳意识到东伯雪鹰之前戏耍自己。东伯雪鹰被引领至高台就座，与第七梅雨殿下相邻。关巡守、屠将军等两大巨头及界神们纷纷夸赞示好。飞云湖主人金飞云厚脸皮示好。第七梅雨主动与东伯雪鹰交谈，赞其枪法厉害，二人互称""梅雨兄""""东伯兄""。桑夫人询问东伯雪鹰是否为物质界领主，众人目光齐聚。",东伯雪鹰获吴山星域两大巨头及界神们示好，与第七梅雨互为知己，身份引出物质界领主之问。
神界新人,羡慕,设定展开、人物心理,情感、设定,东伯雪鹰坦然承认是物质界领主，全场震惊羡慕。关巡守、屠将军等界神们感叹物质界领主有超级护身符——大能者以下不可杀。东伯雪鹰解释修行分身法参战的原因：修行已达瓶颈离界神仅差一步，不愿等一千万年下一届万花宴。星域预选历时十二天结束，吴山星域共十六位通过预选。关巡守带通过者至府邸居住一年，一年后一同前往府城。,东伯雪鹰物质界领主身份曝光，全场羡慕其不可杀之身，解释修行分身法参战原因。
神界新人,靖秋成神,转折高潮、情感展现,情感、高潮,"云海将东伯雪鹰通过预选的消息传遍夏族先辈神灵，紫雷帝君、赤火帝君等纷纷激动决定前往府城观战。夏族世界内，东伯雪鹰本尊感慨故人越来越少，陈宫主等早已被接引重塑肉身送入红石山世界。余靖秋告知已掌握二品神心""元寒神心""（寒冰之终极，有望进化至混沌神心），当晚突破成神。余靖秋修行分身法后分身赴神界吴山城与东伯雪鹰团聚。",余靖秋掌握元寒神心突破成神，修行分身法后分身赶赴神界与东伯雪鹰团聚。
神界新人,前往府城,设定展开、情节推进,设定,"东伯雪鹰与余靖秋在巡守府邸度过轻松时光，东伯雪鹰偶尔与第七梅雨切磋。东伯雪鹰在静室参悟混洞神心，对""大混洞真力""有新感悟，将体内暗红色水滴转化为更沉重暗沉近乎黑色的水滴，大混洞真力第二层练成，力量媲美一重天界神正常水准。半个多月后，关巡守率队经空间传送阵前往安海府城，众人惊叹于府城的巍峨。",东伯雪鹰大混洞真力第二层练成，力量媲美一重天界神，随队前往安海府城。
神界新人,夏族神灵齐聚,人物引入、设定展开,人物、设定,安海府城城墙上法阵威能弥漫，府主一念即可引动。关巡守叮嘱众人在府城低调。东伯雪鹰等入住血刃域洞府。夏族先辈神灵们纷纷赶到安海府城：赤火帝君、紫雷帝君、龙山大帝等齐聚东伯雪鹰洞府喝酒叙旧。安海府主宫殿偏殿内，安海府主（和蔼老者，安海府最强者）、白沙城主（胖乎乎白袍男子）、戎海王（黑色金属族）、毒郢界神（黄袍女子，擅用毒）、琴军主（银甲女子）、墨云城主等齐聚。白沙城主力挺东伯雪鹰能通过府城之战。,夏族神灵齐聚安海府城，安海府诸强者登场，白沙城主力挺东伯雪鹰。
神界新人,神廷使者,设定展开、人物引入,人物、设定,毒郢界神曾让四重天界神普藏帝君中毒吃苦头。摩雪国主（四重天界神，神界一方霸主，曾与大能者交手不败）来访，与安海府主并坐高位，介绍其七女儿参加万花宴——正是伪装男子的第七梅雨。血刃神廷派来的白衣使者抵达主持府城之战。神廷使者送来府城之战时间与规矩：三轮筛选——排序战（约三万两千名选前一千名）、擂台战（一千名选两百五十名）、生存战（两百五十名选一百名），最终一百名代表安海府前往神廷参加神廷之战。,摩雪国主身份揭晓为第七梅雨之父，神廷使者主持府城之战，三轮筛选规则公布。
神界新人,府城之战，开始,氛围营造、情节推进,设定,夏族神灵们讨论排序战不公开。三天后府城之战开始，关巡守率十六位通过预选者出发。白沙城主传音鼓励东伯雪鹰。东伯雪鹰认出高台上的摩雪国主。神廷使者宣布排序战开始：将一千名神级高手送入巨大卷轴世界中，根据杀敌成就定排名，前一千名通过，禁止使用界神器等特殊宝物。,府城之战排序战开始，神级高手被分批送入卷轴世界杀敌定排名。
神界新人,赌注,矛盾展现、设定揭示,冲突、揭示、设定,卷轴世界内战斗惨烈，死亡率极高。第十批后吴山星域七位被送入含红发男子血云（重伤通过）。第十二批东伯雪鹰与第七梅雨一同被送入。高台上安海府主、摩雪国主等八位大能者/界神就东伯雪鹰、第七梅雨、葬（元牙大能者内门弟子）三人设赌，白沙城主赌东伯，琴军主赌第七梅雨，墨云城主、戎海王、神廷使者、安海府主赌葬，摩雪国主赌自己女儿。,排序战进行中，高台八位就东伯雪鹰、第七梅雨、葬三人设赌局。
神界新人,实力,战斗描写、设定揭示,战斗、揭示、设定,卷轴世界内，东伯雪鹰本尊与虚界真身联手杀敌，黑衣人实力逐渐增强至界神门槛。东伯雪鹰施展大混洞真力配合混洞碾压暴力碾压。高台上观战者评价：戎海王赞东伯雪鹰虚界真身杀敌速度与第七梅雨并驾齐驱；葬施展杀戮刀法后杀敌速度超越二人；第七梅雨剑术完美自成领域。安海府主评价第七梅雨比葬还厉害。,排序战中东伯雪鹰、葬、第七梅雨三人各展实力，第七梅雨剑术被安海府主评价最高。
神界新人,接连出来,转折高潮、设定揭示,揭示、设定、高潮,葬在第一次受伤时即主动认输（自信杀敌成就远超他人）。高台上评价东伯雪鹰力量秘技已达瓶颈。第七梅雨剑术完美，拥有至少四种界神级秘术，超越葬的成就。安海府主、摩雪国主感叹第七梅雨天赋悟性媲美摩雪国主大女儿。摩雪国主与安海府主传音谈论封印记忆投胎之险及四重天界神寿命极限。,葬主动认输，第七梅雨成就超越葬和东伯雪鹰，安海府主与摩雪国主感叹修行之难。
神界新人,最后一个,转折高潮、爽点设置,爽点、高潮,东伯雪鹰在极限压迫下施展多种秘技：星辰陨灭击、群星等，杀敌成就超越葬。高台上众强者震惊东伯雪鹰掌握四门二品神心及多门秘技。东伯雪鹰以万劫混元身硬抗黑衣人攻击，最终成为最后一个出来的参战者。白沙城主通赢赌局大喜。葬冷眼旁观认为东伯雪鹰杀敌成就未必高。,东伯雪鹰施展多门秘技杀敌成就超越葬，成为第十二批最后一个出来者，白沙城主通赢赌局。
神界新人,等待,人物心理、情节推进,情感,"夏族神灵们在洞府等待排序战结果，赤火帝君告诫众人府城内要低调。东伯雪鹰偶尔陪靖秋与夏族神灵，大多时间静修完善""混洞碾压""。三天后排名公布，夏族众神灵紧张等待。",排序战结束等待排名公布，赤火帝君告诫府城低调，东伯雪鹰静修参悟。
神界新人,排名,氛围营造、转折高潮,设定、高潮,血色卷轴缓缓展开公布排名，从第一千名开始。吴山星域前九百多名均无名字，众人焦急。第九名揭晓为吴山星域第七梅雨。第三名为洞涯星域九舍，第二名为宫梳星域醉孤客。最后一个名字——第一名，吴山星域，东伯。全场轰动。红发男子血云未入前一千名，黯然离去。,排序战排名公布，东伯雪鹰名列第一，第七梅雨第九，醉孤客第二，九舍第三。
神界新人,第一,爽点设置、人物心理,情感、爽点,东伯雪鹰排序战第一引发轰动，关巡守等界神纷纷道贺。第七梅雨向东伯雪鹰道贺，余靖秋传音吃醋称第七梅雨像女子。红发男子血云不甘离去，誓言超越东伯雪鹰与第七梅雨。排序战第一至一千名情报传开，东伯雪鹰修行仅两千三百余年令安海府各处震撼。各星域巡守、界神乃至豪奢家族子弟纷纷关注。,东伯雪鹰排序战第一名扬安海府，修行仅两千三百余年的情报传开引发轰动。
神界新人,邀请,人物引入、设定展开,人物、设定,"安海府主并非人类而是龙族异种，其子""二殿下""仅一重天界神但热衷权力经营。二殿下邀请排序战前十赴宴。情报显示东伯雪鹰为物质界领主、第七梅雨为摩雪国主七女儿、醉孤客为大能者""羽公""亲传弟子。二殿下意在拉拢将来在安海府身居高位的潜力人才。东伯雪鹰携余靖秋乘豪奢车辇赴宴。",安海府二殿下邀请排序战前十赴宴，三大潜力人才背景揭示，东伯雪鹰携妻子赴宴。
神界新人,宴会,环境铺陈、矛盾展现,冲突、设定,东伯雪鹰与余靖秋抵达龙氏家族宫殿赴宴，殿外十名界神守卫。第七梅雨在座。二殿下以信仰石餐盘（值十万神晶）赠排序前十。豪门家族子弟栾七（西墉军主独子）与郢将军（银袍青年，毒郢界神侄子）设美姬战赌局，郢将军败后不爽，目光锁定东伯雪鹰与余靖秋。,二殿下宴请排序前十，以信仰石餐盘为礼，郢将军赌战失败后将目标转向东伯雪鹰。
神界新人,翻脸,矛盾爆发、转折高潮,冲突、高潮,郢将军将战败紫衣美姬送给东伯雪鹰，随即要求东伯雪鹰将妻子余靖秋送给他。东伯雪鹰脸色铁青，栾七传音告知郢将军背景（父亲三重天界神为陛下近身侍卫，姑姑毒郢界神），二殿下传音劝东伯雪鹰隐忍。东伯雪鹰虚界身体凭空出现在郢将军身旁，连扇十几巴掌令其吐血飞出。郢将军手下灰袍老者（一重天界神）出手，被二殿下管家苍淳（三重天界神，苍氏家族子弟）领域压制。,郢将军欲夺余靖秋，东伯雪鹰虚界身体连扇郢将军巴掌，二殿下出手压制冲突。
神界新人,看透,人物心理、设定揭示,情感、揭示、设定,"二殿下正面压制郢将军并称""帮你""，同时揭示东伯雪鹰为物质界领主——夫妻本尊在物质界，分身自爆可轻易恢复，若无法参加神廷万花宴，郢将军将首当其冲受罚，甚至牵连其父其姑姑。郢将军发愣后传讯姑姑毒郢界神。东伯雪鹰暗暗佩服二殿下手腕——正面压制还让对方念好。东伯雪鹰早已看透：在场最不愿自己出事的就是二殿下。",二殿下以物质界领主身份揭示震慑郢将军，东伯雪鹰看透二殿下心思。
神界新人,怒火,矛盾爆发、转折高潮,冲突、高潮,"毒郢界神接到侄儿传讯后赶到宴会大殿，无视二殿下阻止，以三重天界神威压笼罩东伯雪鹰与余靖秋，声称要带走余靖秋给侄儿当玩物。东伯雪鹰怒火中烧，本欲请大能""赤火老祖""出手。关键时刻，无数白沙汇聚为白沙城主现身，救下余靖秋，硬顶毒郢界神。",毒郢界神亲至欲强行带走余靖秋，白沙城主现身出手保护东伯雪鹰夫妻。
神界新人,疯魔,矛盾收束、设定揭示,冲突、揭示、设定,"白沙城主以秘技""湮灭白沙""（领域类秘技，三重天界神中最顶尖）逼退毒郢界神。毒郢界神带郢将军离去，将其镇压在殿厅中。白沙城主带东伯雪鹰夫妻离开宴会，嘱托东伯雪鹰小心毒郢界神——她本性自私翻脸无情，将来有机会一定下手。东伯雪鹰将杀机深藏。白沙城主揭示疯魔之神灵/界神无法以常理推知。",白沙城主以湮灭白沙逼退毒郢界神，嘱托东伯雪鹰小心毒郢界神报复。
神界新人,三年后,设定展开、人物心理,情感、设定,三年间东伯雪鹰参悟混洞神心及其他秘技。擂台战开始，安海府主、摩雪国主等高台上观战。毒郢界神与白沙城主等仍就东伯雪鹰打嘴仗。第一场擂台战东伯雪鹰对阎风（排序第一千名），东伯雪鹰一招大混洞真力令阎风认输。醉孤客一剑毙命对手，九舍以无数分身一招灭杀对手。,三年后擂台战开始，东伯雪鹰、醉孤客、九舍均轻松获胜，九舍展露挑衅意味。
神界新人,各显手段,战斗描写、设定揭示,战斗、揭示、设定,"醉孤客剑法朴素至极却有开天辟地威力，东伯雪鹰与第七梅雨都感到威胁，第七梅雨判断其随时可能掌握一品神心""开天神心""。九舍以无数分身挥掌怒劈令对手所在区域湮灭，连认输都来不及。九舍向东伯雪鹰、醉孤客挑衅。",醉孤客剑法有开天神心韵味，九舍展露无量神心雏形实力最强，向前三挑衅。
神界新人,针锋相对,矛盾展现、设定揭示,冲突、揭示、设定,擂台战后续多为认输结束。白沙城主设赌局赌东伯雪鹰生存战排名：第一一赔一，第二一赔二，第三及往后一赔五。戎海王、墨云城主、琴军主、神廷使者各押第二与第三及往后五百万神晶（不赔或大赚），毒郢界神押第三及往后一千万神晶。安海府主、摩雪国主传音判断九舍第一、醉孤客第二、东伯第三。,白沙城主设生存战赌局通赌东伯雪鹰第一，毒郢界神等五位押注东伯雪鹰非第一。
神界新人,白沙城主的礼物,核心伏笔、情感展现,伏笔、情感,"擂台战结束。白沙城主送东伯雪鹰神界奇珍""石花冷云露""（价值两百万神晶），称排序战赌局赢太多不在乎。白沙城主坦白生存战赌局——若东伯雪鹰第三及更低将输一亿神晶。东伯雪鹰决定倾尽全力帮白沙城主赢赌局，服下石花冷云露后灵魂空灵，三年间参悟完善多门秘技。生存战开始，两百五十名神级高手被送入球形牢笼。",白沙城主送石花冷云露并坦白生存战赌局，东伯雪鹰服下奇珍决定倾尽全力。
神界新人,牢笼内,战斗描写、设定展开,战斗、设定,生存战规则：在球形牢笼内活的越久排名越高，最后活着的一百名前往神廷。牢笼内每息时间诞生一头黑鳞异兽，杀戮速度不及诞生速度则异兽越来越多越来越强。东伯雪鹰以虚界身体施展大混洞真力一枪灭杀异兽。醉孤客以剑光切割，九舍以挥掌灭杀。排名靠后的高手逐渐认输或战死。,生存战开始，东伯雪鹰、醉孤客、九舍轻松应对，排名靠后者逐渐被淘汰。
神界新人,府主的推测,设定揭示、人物心理,情感、揭示、设定,安海府主、摩雪国主传音讨论：醉孤客剑法有开天神心韵味，短则一两天长则千年定能掌握一品神心；东伯雪鹰四门二品神心都差些，但潜力最高，未经大能指点；九舍实力最强但修行近六百万年太久。二人判断生存战结果：九舍第一、醉孤客第二、东伯第三。白沙城主赌局恐怕输惨。,安海府主与摩雪国主判断东伯潜力最高但生存战将第三，白沙城主赌局恐输。
神界新人,隐藏的绝招,转折高潮、核心伏笔,伏笔、高潮,"葬认输获第二十五名。第七梅雨认输获第七名。醉孤客认输获第三。东伯雪鹰在极限困境下施展虚界秘技""凝真""——凭空出现四名星蓝衣袍东伯雪鹰（本尊+三尊虚界身体），四尊联手围攻异兽。安海府主、摩雪国主震惊，判断东伯雪鹰虚界神心成就最高，随时可能进化至世界神心。白沙城主赌局逆转。","东伯雪鹰施展虚界秘技""凝真""显现三尊虚界身体（共四尊），实力暴涨逆转赌局。"
神界新人,磕磕绊绊,转折高潮、设定揭示,揭示、设定、高潮,醉孤客认输获第三，毒郢界神输掉一千万神晶。九舍杀异兽越来越慢。摩雪国主、安海府主感叹东伯雪鹰走弯路——虚界神心应沿领域方向进化至世界神心，而非钻研偏僻的虚界真身，但有大能指点万年内成一品神心把握很大。郢将军在观战时再次疯魔被手下带走。,醉孤客认输第三，东伯雪鹰虚界秘技被评价为走弯路但潜力极高，郢将军再次疯魔。
神界新人,无量,转折高潮、设定揭示,揭示、设定、高潮,"九舍施展隐藏的一品神心""无量神心""——无数手掌虚影汇聚成金色巨掌一招灭杀异兽，全场震惊。安海府主、摩雪国主早已发现九舍秘技蕴含无量神心奥妙。无量神心极罕见偏僻，代表天地世界特殊本质。东伯雪鹰判断无法匹敌一品神心，主动认输获第二名。九舍获生存战第一。",九舍施展一品神心无量神心获生存战第一，东伯雪鹰第二名，一品神心体系揭示。
神界新人,拜谁为师？,设定展开、伏笔埋设,伏笔、设定,生存战结束，神廷使者回禀情报。白沙城主等讨论东伯雪鹰将拜哪位大能者。血刃神廷疆域十九府各选一百名共一千九百名参加神廷之战。一位黑袍黑发老者（大能者）收到全十九府情报，看中东伯雪鹰等两三个，最喜东伯雪鹰。大能者体系揭示：血刃神帝最强，三祖次之（毁灭君主、庞依、竹山府主），再下十九位大能者。东伯雪鹰希望拜神帝或三祖门下。第七梅雨来访。,神廷之战前情报整理，大能者体系与三祖揭示，有大能者暗中看中东伯雪鹰。
神界新人,前往神廷,人物心理、设定展开,情感、设定,"第七梅雨带东伯雪鹰见其父摩雪国主。摩雪国主指点东伯雪鹰两天——主要是星辰神心方面的秘技，并建议东伯雪鹰拜师首选竹山府主（活了五千亿年的四重天界神，实力比一般大能者强），其次毁灭君主，最后庞依。摩雪国主自称""结个因果""。三年后安海府主驾驭星域飞舟带众人前往神廷。慧明大师兄（白衣光头青年，四重天界神）与赤火老祖也抵达神廷。",摩雪国主指点东伯雪鹰并建议拜师首选竹山府主，众人前往神廷，慧明与赤火老祖到来。
神界新人,慧明大师兄,人物引入、设定展开,人物、设定,神廷为血刃神帝亲建，法阵可毙大能者。东伯雪鹰等入住神廷洞府。慧明大师兄来访——他是红尘圣主的一品真意超凡弟子，如今四重天界神，常居远尘寺。慧明告知杀死红尘圣主的仇敌是时空岛大能，非血刃神廷之人。二人以屏蔽宝物隔绝探查交谈。东伯雪鹰得知参加神廷之战的一千九百位中有五位掌握一品神心。,慧明大师兄来访，红尘圣主仇敌为时空岛大能，神廷之战对手情报揭示。
神界新人,万花宴召开,环境铺陈、设定展开,设定,万花宴召开，血刃神帝高坐主位，身旁三位深渊主宰级存在（体型庞大者、金色甲铠冷峻男子、雍容华贵女子）及近百大能者、四重天界神。大能者们闲聊叙旧。血刃神帝宣布神廷之战开始——意识降临，最安全。四重天界神血色甲铠将军引动法阵，东伯雪鹰等一千九百位意识被挪移至连绵群山中。神廷之战规则：根据斩杀毒虫数量定排名，前一百位列席万花宴享用万花真果。,万花宴召开，血刃神帝及大能者、深渊主宰齐聚，神廷之战以意识降临方式开始。
神界新人,神廷之战,战斗描写、设定展开,战斗、设定,群山中每座高山孕育毒虫，东伯雪鹰本尊藏身虚界，三尊虚界身体围攻毒虫。同高山还有瘦小剑客与持弓巨汉虢邪（竹山府排名第十九）。虢邪三箭偷袭仅留裂痕，东伯雪鹰三尊虚界身体全力围攻杀死毒虫耗费十息。血色榜单显示东伯雪鹰排第六十五。神廷内众人观战，夏族神灵们激动。,神廷之战开始，东伯雪鹰以虚界身体围攻毒虫，虢邪等高手亦难以一招灭杀。
神界新人,单独行动,战斗描写、人物心理,情感、战斗,东伯雪鹰单独行动避免被围杀，排名逐渐提升。一群八名神级高手围攻东伯雪鹰，其中灰袍人掌握微子神心能发现东伯雪鹰虚界真身，东伯雪鹰凭虚界身体变幻逃遁。毒虫诞生速度递增，东伯雪鹰排名从第六十五升至第十五、第十一。九舍因暴露一品神心后人人躲避，却暗中偷袭东伯雪鹰。神帝下令送出三十道血杀神兵。,东伯雪鹰单独行动排名升至第十一，九舍偷袭未遂，血杀神兵即将降临。
神界新人,偷袭,转折高潮、战斗描写,战斗、高潮,九舍悄然逼近东伯雪鹰，以金色巨掌覆盖整座高山范围碾压，东伯雪鹰凭万劫混元身第三层硬抗后逃窜数十座高山。九舍仅掌握一品神心未开辟内世界，领域攻击对个体较弱，万劫混元身保命极强故未死。神廷之战淘汰至三百余位，血刃神帝下令送出三十道血杀神兵——碰之必死，即便掌握一品神心。,九舍偷袭东伯雪鹰未遂，万劫混元身硬抗一品神心领域，血杀神兵降临。
神界新人,神兵降临,战斗描写、转折高潮,战斗、高潮,三十件血杀神兵降临群山，距离最近的多为排名靠后者。黑甲男子夺得血杀神兵后遭围攻，一招灭杀毒虫。东伯雪鹰凭虚界身体不怕血杀神兵的特性逼近争夺。十一名神级高手联手阻挡东伯雪鹰。黑甲男子将神兵扔远引开追杀。东伯雪鹰虚界身体追上从血色弯刀男子手中抢夺——三尊虚界身体各持血色长枪，令其他高手无法分辨真假纷纷退去。,血杀神兵降临引发血腥争夺，东伯雪鹰凭虚界身体不怕神兵的特性夺得血杀神兵。
神界新人,血腥争夺,战斗描写、爽点设置,战斗、爽点,"东伯雪鹰三尊虚界身体各持血色长枪（真假难辨），十一名神级高手无法抵挡纷纷退去。青衣女子""沉青""能以音波发现东伯雪鹰真身，被东伯雪鹰虚界身体围攻击杀淘汰。争夺血杀神兵过程中超过八十位神级高手殒命。白沙城主赞叹东伯雪鹰虚界身体配合血杀神兵的绝配。",东伯雪鹰击杀沉青后夺稳血杀神兵，三尊虚界身体各持血色长枪真假难辨威慑全场。
神界新人,霸凶老祖,人物引入、伏笔埋设,人物、伏笔,"大能者""霸凶老祖""（神界五凶之一，曾为竹山府主坐骑，竹山府主指点后成大能者）看中东伯雪鹰重情重义的品性，请竹山府主帮忙——若东伯雪鹰拜其门下，请允许进入紫竹海修行。竹山府主答应。三祖均不打算收徒：竹山府主重视自身修行，庞依修行法未完善，毁灭君主不提。血刃神帝手中出现血色令牌。",霸凶老祖请竹山府主帮忙争夺东伯雪鹰为徒，三祖均不收徒，神帝出手收徒。
神界新人,落幕（上）,战斗描写、转折高潮,战斗、高潮,天河府排序第一的万鸠带两名同伴围住东伯雪鹰，要求一对一决战以吸引大能者注意。万鸠施展出近乎完美的刀法（自成一世界，近乎掌握世界神心与开天神心），配合领域秘技镇压东伯雪鹰速度。东伯雪鹰四尊身体（本尊+三尊虚界身体）联手却处下风。万鸠故意诱惑东伯雪鹰拼命以寻找灭杀本尊的机会。,万鸠以近乎完美的刀法和领域秘技压制东伯雪鹰，意图一对一击杀以吸引大能者。
神界新人,落幕（下）,转折高潮、爽点设置,爽点、高潮,东伯雪鹰四尊身体拼命反扑，虚界身体不顾防御破坏万鸠刀法，寻到破绽一枪刺杀万鸠真身。万鸠意识被淘汰。东伯雪鹰排名升至第八至第十徘徊。九舍再次追杀东伯雪鹰，东伯雪鹰逃窜中被九僵府越君（掌握一品神心者）偷袭淘汰。九舍与越君交手亦败。东伯雪鹰最终排名第十一。神廷之战结束，大能者开始赐令牌。,东伯雪鹰寻机反杀万鸠后被越君偷袭淘汰，最终排名第十一，大能者开始赐令牌收徒。
神界新人,赐予令牌,转折高潮、设定揭示,揭示、设定、高潮,"东伯雪鹰获大能者""古藏帝君""（血刃神帝亲传弟子，低调潜修）赐令牌。第七梅雨获""漩母帝君""（护短大能者，姐姐北玄宫主曾一怒斩杀三位大能者）赐令牌。九舍获""羽公""赐令牌为内门弟子，随即对醉孤客（羽公亲传弟子）低眉顺眼。东伯雪鹰又接连收到洞鹄老祖、乾瞿帝君、左宫主、霸凶老祖令牌共五块。三祖均未赐令牌。",东伯雪鹰收五块令牌，第七梅雨拜漩母帝君，九舍拜羽公为内门弟子，三祖不收徒。
神界新人,三祖不收,设定揭示、人物心理,情感、揭示、设定,第七梅雨向东伯雪鹰坦白女子身份。霸凶老祖令牌讯息最长，狠贬其他四位大能者并诱惑东伯雪鹰拜其门下。三祖均不收徒。东伯雪鹰等待三祖令牌未果。血刃神帝手中出现血色令牌——万花宴上大能者们惊诧，猜测神帝要收徒。,东伯雪鹰等待三祖令牌未果，霸凶老祖最诚意，血刃神帝亲出手收徒引发惊诧。
神界新人,神帝的心思,转折高潮、核心伏笔,伏笔、高潮,血刃神帝赐血色令牌给东伯雪鹰。神帝回忆往事：微末时为修行离开挚爱，归来时妻子垂垂老矣，不惜一切助其成一重天界神，终因心境不足本尊神心溃散而死，无法复活。东伯雪鹰与妻子相伴的经历触动了神帝。万花宴上大能者们惊叹神帝收徒。慧明大师兄与赤火老祖喜悦。,血刃神帝因东伯雪鹰重情重义的经历触动而收徒，神帝往事揭示。
神界新人,拜师,转折高潮、情感展现,情感、高潮,"东伯雪鹰感应血色令牌讯息——""你可愿拜在我血刃门下，为我门下内门弟子？""东伯雪鹰拜入血刃神帝门下。红石山内戈白师兄、贺飞云师兄、器灵红石、奚薇、余靖秋得知后震惊欢喜。前一百位神级高手入万花宴殿厅分批跪拜师尊。东伯雪鹰最后一个入内，独自跪拜血刃神帝。",东伯雪鹰拜入血刃神帝门下为内门弟子，红石山众人欢喜，前一百位分批拜师。
神界新人,万花真果,设定展开、情感展现,情感、设定,万花宴上享用万花真果——红通通果实令灵魂渴望，滋养灵魂以万年计。漩母帝君将万花真果让给第七梅雨。东伯雪鹰感受到万花宴上大能者、四重天界神、神级高手之间严格的等级差距。东伯雪鹰拜师神帝后豪气万丈，决心抓住机会。万花宴在血刃神帝宣布下结束。,万花宴享用万花真果滋养灵魂，东伯雪鹰感受等级差距后决心抓住拜师神帝之机。
神界新人,绝学,设定展开、伏笔埋设,伏笔、设定,"慧明大师兄来访，赠东伯雪鹰一枚万花真果。慧明告知神帝教徒严格——吩咐之事须尽快完美做好，失望两三次便不再管。锁界塔每一层蕴含一门秘术，多门秘术结合构成""绝学""，大能者都渴望。竹山府主活了五千亿年与绝学有关。藏书屋蕴含绝学《山界》，青君曾仗之一拳重伤庞依。慧明嘱托东伯雪鹰在锁界塔好好学。",慧明大师兄揭示锁界塔绝学体系、藏书屋《山界》绝学及神帝教徒严格规矩。
神界新人,千年,设定展开、转折高潮,设定、高潮,东伯雪鹰搬迁至殷石别院。宫风师姐（三重天界神，管理别院）引东伯雪鹰见神帝。血刃神帝以眼眸传讯方式灌入大量指点——世界神心与混洞神心两部分，并赐两块锁界塔令牌（第九十五层、第三百五十一层），供东伯雪鹰降临修行。神帝与肩上黑鸟交谈，判断东伯雪鹰千年内可掌握一品神心，安排每年一份九果持续千年。,血刃神帝初次召见赐两块锁界塔令牌及详细指点，安排每年九果持续千年。
神界新人,进锁界塔,设定展开、战斗描写,战斗、设定,东伯雪鹰进入锁界塔第三百五十一层世界——意识降临，广袤世界中有百万计雕塑战士。雕塑战士苏醒后围攻东伯雪鹰，实力远超东伯雪鹰，一招即令虚界身体溃散，三呼吸灭杀东伯雪鹰。东伯雪鹰发现大石上有图案秘术，且雕塑战士施展的正是该秘术。东伯雪鹰兴奋再战。,东伯雪鹰进入锁界塔第三百五十一层世界修行，雕塑战士实力远超自己，发现秘术图案。
神界新人,秘术,设定揭示、悟道,修炼、揭示、设定、爽点,"东伯雪鹰反复进入锁界塔修行，从大石上搜集全第三百五十一层秘术（有混洞神心韵味），第九十五层秘术（有世界神心韵味，擅长束缚）。东伯雪鹰本尊在红石山参悟第九十五层秘术——无数气流纵横上亿里，与自创领域秘技""世界牢狱""方向不同。东伯雪鹰刻意在锁界塔伪装学习缓慢，隐藏世界神心秘密，因红尘圣主仇敌在时空岛。",东伯雪鹰搜集锁界塔两层秘术，本尊在红石山参悟，刻意伪装学习进度隐藏一品真意秘密。
神界新人,锁链,悟道、设定揭示,修炼、揭示、设定、爽点,"东伯雪鹰将第九十五层秘术练成——体内界神力转化为黑色球体，连接成无数黑色锁链。东伯雪鹰命名此秘术为""世界锁链""，擅长束缚。将世界锁链与自创领域秘技""世界牢狱""结合，创出新版""世界牢狱""——一重天界神陷入只能发挥两三成实力。东伯雪鹰猜测白沙城主的""湮灭白沙""亦是结合锁界塔秘术创出。宫风师姐催促东伯雪鹰修行进度。血刃神帝在宇宙铜炉前参悟""毁灭""一道。","东伯雪鹰练成""世界锁链""秘术，结合自创""世界牢狱""威力大增，神帝参悟宇宙铜炉。"
神界新人,劳役,人物心理、氛围营造,情感、设定,东伯雪鹰拜师千年未掌握一品神心，血刃神帝失望不再关注。宫风师姐态度转冷，取消东伯雪鹰免劳役待遇，夏族神灵们在别院被侍卫轰出隔壁园子。东伯雪鹰被安排执行劳役砍树。砍树时东伯雪鹰心神宁静，感悟到一张一弛对修行有帮助。神帝在宇宙铜炉前不再关心东伯雪鹰，黑鸟叹息。,东伯雪鹰因千年未突破被神帝失望，被安排执行劳役砍树，砍树中反而心境宁静。
神界新人,混洞神心,悟道、转折高潮,修炼、高潮、爽点,"东伯雪鹰拜师三千三百年，在群山中以长枪刺树练枪十年后心有所悟，领悟混洞神心""绝对极端、彻底毁灭""的本质——与世界神心""平衡包容""截然不同方向。突破刹那，世界神心与混洞神心自然融合为完美一体。余靖秋、龙山大帝、赤火帝君远远观看激动。血刃神廷器灵通知神帝，神帝感应发现东伯雪鹰本尊神心已突破——二重天界神。",东伯雪鹰在练枪中领悟混洞神心，世界神心与混洞神心融合，突破为二重天界神。
神界新人,二重天界神（本篇终章）,转折高潮、核心伏笔,伏笔、高潮,血刃神帝时光回溯查探东伯雪鹰全部经历，发现其九百年成一重天界神、五千年成二重天界神（含时间加速六百年），虽未破记录但已媲美一品真意超凡中前列。神帝最满意东伯雪鹰至情至性、不骄不躁、有耐心、隐藏一品真意秘密不将希望寄托他人的品性。黑鸟对比历史上最快记录：青君三百年一重天、绝灭帝君两千九百年二重天（后死）、飞雪庄主五万三千年三重天、时空岛主十八万年四重天。神帝召见东伯雪鹰，宫风师姐前往传令。东伯雪鹰内世界衍变需大量神晶，准备回洞府静室修炼出界神力。全篇以宫风传令召见收尾。,神帝时光回溯发现东伯雪鹰一品真意超凡身份及惊人修行速度，对其品性极为满意，召见东伯雪鹰。
监察使,亲传弟子,人物引入、设定展开,人物、设定,"宫风师姐（三重天界神，掌管殷石别院琐事）带东伯雪鹰去见血刃神帝，因东伯雪鹰摇头而恼怒。血刃神帝在宁静园子中，肩膀黑鸟称东伯雪鹰""隐藏的挺深""。血刃神帝微笑（令宫风震惊，神帝素来冷漠），赞东伯雪鹰九百年掌握一品神心、天资卓绝却隐忍至突破二重天界神才泄露，耐心与谨慎俱佳（血刃神帝自身最出名的两大优点），以绝灭帝君（两千九百年成二重天界神，太疯魔少谨慎耐心葬送性命）为反面教材提点。血刃神帝收东伯雪鹰为亲传弟子（当今唯一界神亲传弟子，地位仅次于陛下），宫风震惊后立刻改口喊""拜见师兄""。宫风退下后满心不安，担忧被赶出殷石别院后家族势力受打击。血刃神帝告知亲传弟子可获一套绝学，与青君的《山界》同层次，以世界神心为引领统领其他神心，但需通过考验——杀殷石别院旁群山囚牢中的一名囚犯。",血刃神帝收东伯雪鹰为亲传弟子，赞其耐心谨慎，提出杀囚犯的绝学考验。
监察使,囚犯（上）,设定展开、情节推进,设定,血刃神帝给东伯雪鹰符牌（催发可进入囚牢），取东伯雪鹰血液（小湖泊量）为亲传弟子打造血炼神兵，东伯雪鹰选长枪（因修行分身法需两件）。血刃神帝让东伯雪鹰杀囚犯后得绝学再来见。黑鸟嘀咕东伯雪鹰倒霉拜这个师尊，血刃神帝认为天资高者更得磨砺。殷石别院洞府内，夏族众神灵（云海大帝、赤火帝君、天海帝君、龙山大帝等）和余靖秋看到神帝赐下满厅奇珍异宝（万花真果十枚等），黑袍老者（气息完全收敛，血刃神廷隐藏高手）宣布东伯雪鹰成亲传弟子，众人瞠目结舌。东伯雪鹰公开已突破二重天界神，众人震惊后欢庆摆宴，东伯雪鹰将宝物分送夏族众神灵（每人十万神晶宝物）。东伯雪鹰闭关衍变体内世界。宫风犹豫后去洞府欲向东伯雪鹰赔礼，龙山大帝在门口拦阻称殿下闭关不见，宫风强忍离去。,血刃神帝取血打造血炼神兵，赐大量宝物，东伯雪鹰公开二重天界神身份，宫风欲赔礼被拒。
监察使,囚犯（下）,设定揭示、矛盾展现,冲突、揭示、设定,"东伯雪鹰识海内灵魂小人（本尊神心）调动神海，以内世界衍变（扩张至十亿里范围，用一亿神晶），万劫混元身提升至第四层，大混洞真力第三层。东伯雪鹰出关，收血炼神兵""赤云枪""（界神阶上品，血刃神帝亲自炼制，进入内世界地底受火红色界神力孕养）。东伯雪鹰独自前往群山囚牢，派世界分身（星蓝衣袍）持符牌穿过法阵涟漪进入幽暗区域，见到被两条锁链捆缚的囚犯——深渊恶魔一族的""大魔神""（额两尖角，全身黑色鳞甲，利爪，猩红眼眸）。大魔神一声叱喝""滚""，恐怖声波震碎星蓝衣袍世界分身，符牌险些跌落。东伯雪鹰真身在法阵外目瞪口呆，判断囚犯绝对三重天界神且不一般，师尊可能要逼他到三重天界神才能得绝学。",东伯雪鹰闭关提升万劫混元身等，收赤云枪，首次试探囚犯被一声怒喝震碎世界分身，判断囚犯实力极强。
监察使,放肆,设定展开、矛盾展现,冲突、设定,"东伯雪鹰决定全力以赴，红石山本尊百倍时间加速修行（万劫混元身、大混洞真力、锁界塔秘术、自创秘技）。黑衣东伯雪鹰从群山飞回殷石别院后门，内门弟子、记名弟子们（一重天二重天界神为主，两名三重天界神为首）恭敬迎接""东伯师兄""，准备宴席贺喜。东伯雪鹰在殿厅主位入座，妻子余靖秋在侧。同门弟子纷纷送礼（记名弟子昊惠界神送溟黄神石两块价值五百万神晶等），余靖秋传音笑言师弟师妹礼物重将来求帮忙。宫风最后送五件宝物近一亿神晶（寒星石、恶魔之心等），怕被撵出殷石别院。黑袍老者奉命宣布宫风不再担任殷石别院管事，宫风面色狰狞质问东伯雪鹰是否告状，东伯雪鹰承认并称其冒犯亲传弟子当严惩，判一百鞭子。",东伯雪鹰百倍加速修行，回殷石别院受同门恭贺送礼，宫风被免去管事之职并被判一百鞭子。
监察使,血海魔身,战斗描写、设定揭示,战斗、揭示、设定,"四名三重天界神侍卫围住宫风拉下去受鞭刑（痛彻灵魂）。东伯雪鹰更重视实力，本尊和分身分别在红石山和殷石别院百倍加速修行三千年（外界三十年）：万劫混元身第五层（保命质变）、大混洞真力第四层、锁界塔两门秘术——""锁链术""（领域类，世界牢狱）与""大力术""（力量类，比大混洞真力强一倍多，大混洞真力因此放弃）。东伯雪鹰再赴囚牢，大魔神怒吼声波被锁链术抵挡衰减、万劫混元身第五层身体抗住。东伯雪鹰召九尊星蓝衣袍世界身体（共十位）持长枪围攻。大魔神被锁链束缚仍冷笑不挡，九杆长枪刺中鳞甲仅留白痕，赤云枪以世界奥妙刺入大魔神体内却被""血海魔身""（身如血海，刺鳞甲与刺体内无区别）排出。东伯雪鹰施穿透性最强秘技刺碎大魔神胸口鳞甲，大魔神惊愕（被囚禁界神力被封禁、本尊神心被压制，只能靠身体近身搏杀，粒子粉碎才消耗能量）。九尊世界身体围攻，大魔神生出六条手臂（共八臂）耗费生命力，八臂抵挡滴水不漏。东伯雪鹰陷入困境。","东伯雪鹰闭关三千年提升秘术，二攻囚犯，大魔神修""血海魔身""刺体内外无区别，东伯雪鹰刺碎鳞甲但大魔神生出八臂防御滴水不漏。"
监察使,倾尽全力,战斗描写、转折高潮,战斗、高潮,"九尊世界身体长枪被大魔神八臂随意拍挡（世界身体无血炼神兵伤不了大魔神），赤云枪被大魔神四臂全力防御变向。大魔神被锁链影响、世界身体长枪抽打身形不稳，赤云枪趁机刺中后背鳞甲粉碎。大魔神分出三臂防赤云枪，五臂挡世界身体。九尊世界身体同时施展威能最强秘技（浩荡世界压迫），合力媲美三重天界神威能，将大魔神抽飞七八米被锁链拽停，赤云枪趁机再刺后背。大魔神愤怒生出六臂（共八臂），八臂轻易挡下九杆长枪。东伯雪鹰拼尽全力，大魔神凭规则奥妙精妙挡下赤云枪，世界牢狱锁链被大魔神随手震碎。东伯雪鹰自问""我还能怎么办""。",东伯雪鹰与九尊世界身体全力围攻大魔神，赤云枪刺伤其鳞甲，大魔神八臂防御滴水不漏，东伯雪鹰陷入困境。
监察使,打磨,设定揭示、人物心理,情感、揭示、设定,大魔神八臂随意拍挡世界身体，赤云枪也被挡。大魔神告知多生六臂消耗生命力近半，但维持只需极少生命力，血海魔身撑一亿年不难。东伯雪鹰沉默后转身离去（知道一亿年自己早成四重天界神）。血刃神帝与黑鸟在隐秘地底大殿宇宙铜炉前观看，黑鸟称师尊太狠逼到三重天界神才得绝学，血刃神帝称天赋高者傲气得磨一磨（血刃神帝自身千亿年万亿年参悟宇宙铜炉不骄不躁）。东伯雪鹰回殷石别院，决定创更厉害秘技让世界身体也能威胁大魔神。东伯雪鹰陪妻子余靖秋吃喝闲聊，余靖秋提议让儿女东伯玉、东伯青瑶分身进神界闯荡（红石山内已无敌），东伯雪鹰答应对付完囚犯后将戈白、贺飞云送出物质界一并将儿女送出。东伯雪鹰劝余靖秋修行不可懈怠（神级巅峰一亿年左右本尊神心溃散），余靖秋称本尊在红石山修行分身体察天地。东伯雪鹰在静室参悟锁链术、大力术根本神印，欲创更厉害秘技，红石山本尊亦参悟极点神心。,大魔神维持八臂可撑一亿年，东伯雪鹰暂退，血刃神帝有意磨砺其心性，东伯雪鹰参悟秘术欲创更强秘技。
监察使,三攻囚犯,战斗描写、转折高潮,战斗、高潮,"转眼千年过去（东伯雪鹰成亲传弟子已千年），神界各方传闻血刃神帝收亲传""东伯""五千年成二重天界神。东伯雪鹰第三次赴囚牢，锁链术威力大增令大魔神初发力未能挣脱。九尊世界身体持长枪围攻，力量令大魔神被轰退移动步伐卸力（不再能原地硬扛）。赤云枪趁机刺中大魔神背部，鳞甲粉碎出现大窟窿。大魔神分三臂防赤云枪、五臂挡世界身体。东伯雪鹰施展最后杀招——枪法""毁灭""（一切破灭场景，代表毁灭），大魔神感到威胁，分四臂全力以赴防赤云枪变向，但九杆长枪中有五杆刺中大魔神，身体粉碎出现血窟窿。大魔神惊怒""世界真身也能伤我""。十个东伯雪鹰狂攻，大魔神鳞甲粉碎、肌肉撕裂、骨头断裂，伤势极重。大魔神不甘心东伯雪鹰才二重天界神就悟出毁灭秘技。","东伯雪鹰三攻囚犯，锁链术大增、世界身体力量令大魔神后退，枪法""毁灭""令大魔神重伤，大魔神惊怒。"
监察使,《太皓》绝学,设定揭示、转折高潮,揭示、设定、高潮,"大魔神被围攻伤势越来越重，生命力消耗殆尽，六臂开始崩溃。东伯雪鹰创出枪法""毁灭""：参悟锁链术神印三千多年完善世界牢狱、大力术神印六千年创""天地破""力量秘技、参悟天地规则中世界毁灭→混洞塌陷→极点的三阶段（极点神心未悟出但有触动），近九万年（时间加速十万年）创出代表天地毁灭的一招。赤云枪沿大魔神头上伤口刺入头颅，大魔神气息消散陨落。东伯雪鹰自评枪法""毁灭""粗陋，悟出极点神心才有基本框架，成四重天界神触类旁通才圆满。大魔神尸体旁地面升起塔形台阶十余米，最上方显现白色球体（通体白耀眼，无形锋芒切割周围空间有无数裂痕），东伯雪鹰感到本能压迫恐惧。血刃神帝声音命东伯雪鹰上台握住白色球体，东伯雪鹰沿台阶上去（锋芒随靠近收敛），伸手握住。恐怖力量冲入体内，体表出现白色甲铠般流光，脑海被庞大讯息淹没：""《太皓》，至阳至刚，无坚不摧，无物不破……""","东伯雪鹰以枪法""毁灭""击杀大魔神，获授血刃神帝绝学《太皓》（至阳至刚，无坚不摧），白色球体传讯入脑。"
监察使,自立门户,设定展开、情节推进,设定,"识海内白色光球有无数花纹流转，观看如物质界规则运转。《太皓》绝学共分六篇，一重天界神修行第一篇，二重天界神修行第二篇，每篇分四转（一转入门、二转小成、三转大成、四转圆满），修行极难，能到大成就很厉害（古藏帝君有绝学未名列三祖，青君修绝学堪称血刃神帝之下最强者）。东伯雪鹰在囚牢内修行一夜，用九颗""金煞晶""（血刃神帝赐予，含金煞锋芒之力，仅够第二篇修行圆满），第一篇轻松练成，第二篇前两转轻松、第三转折腾一夜未成。太皓之力纵横交错锋利无比（三重天界神都感威胁），一拳之威匹敌三重天界神（练成三转即可在三重天界神中称雄），越阶而战是绝学正常表现。黑鸟催促东伯雪鹰去见师尊。血刃神帝问修行情况，东伯雪鹰称第二篇三转差一点。血刃神帝称东伯雪鹰悟性高多花时间三转可成，既是得了《太皓》绝学，也是该离开自立门户的时候了。",东伯雪鹰修行《太皓》绝学，一夜练成第一篇及第二篇前两转，太皓之力令三重天界神感威胁，血刃神帝令其自立门户。
监察使,得授'监察使',设定展开、转折高潮,设定、高潮,"血刃神帝眼眸射虚影流光传道——极点神心（源头、初始、终极、""一""）与时空神心感悟及成大能提醒，东伯雪鹰二重天界神本尊神心强仅停滞一两秒恢复清醒。血刃神帝嘱托不可吸收信仰（因果缠身难超脱），授东伯雪鹰""安海府东域监察使""官阶第三阶位（仅安海府主高于他，正常四重天界神才获此阶位），有权招募亲卫军四千额度（二等军团级），战船甲铠及军需官随行。军需官曲丞界神（二重天界神，和气）拜见，携战船五艘、甲铠五千套，告知亲卫军将接受""青龙军""秘术改造（较厉害的改造），士兵身体达神级极限、穿甲铠达界神门槛实力，但催发甲铠神纹最低需神级后期。东伯雪鹰带余靖秋、曲丞、夏族众神灵乘星域飞舟离开殷石别院。物质界外白衣东伯雪鹰界神力分身出现，东伯玉、东伯青瑶、戈白、贺飞云、奚薇随行，众人进入神界。",血刃神帝传极点神心时空神心感悟，授东伯雪鹰安海府东域监察使（第三阶位），赐亲卫军四千（青龙军秘术改造），东伯雪鹰一行赴神界。
监察使,物质界意志,设定揭示、环境铺陈,揭示、设定,"戈白师兄看到星域飞舟（价值上亿神晶）羡慕，贺飞云撇嘴。白衣东伯雪鹰回归物质界时出现意外——""物质界意志""降临笼罩（物质界规则森严有本能，排斥外来者包容土著，黑暗深渊亦有深渊意志）。物质界威能渗透红石山，命东伯雪鹰放开封锁，东伯雪鹰乖乖遵从。物质界威能将戈白、贺飞云两道身影扔出红石山——""除物质界领主，界神禁止进入物质界""（物质界领主携带的洞天宝物进物质界，内部禁止携带界神，物质界意志会查探）。戈白、贺飞云本尊分身都被扔出（红石山自成洞天有时间加速珍贵静室）。东伯雪鹰解释红尘师尊当年扔出红石山时红石山无主人故物质界威能无法进入。东伯雪鹰邀两位师兄随他去东域城，戈白需法阵材料东伯雪鹰答应帮忙。安海府东域城（规模仅次于府城，蜿蜒河流长万亿里环绕），城门口八位三重天界神（莫军主为首）、一百多位二重天界神迎接监察使，莫军主称各方势力几乎到齐。唯独毒郢界神没来（与东伯雪鹰有仇怨，曾欲抢走余靖秋给侄子蹂躏）。众三重天界神谈笑毒郢界神有自知之明。远处虚空中毒郢界神（黄袍女子）与兄长郢古良界神（银袍男子，陛下的近身侍卫）暗中观望，郢古良劝妹妹化解仇怨，毒郢界神不甘心。星域飞舟抵达。",物质界意志降临查探红石山，戈白贺飞云被扔出（界神禁入物质界洞天），东伯雪鹰一行抵达东域城受迎接，毒郢界神不来与兄长暗中观望。
监察使,监察使到来,人物引入、矛盾展现,人物、冲突,"东伯雪鹰等站在船头，发现毒郢界神没来。东伯雪鹰回忆当年毒郢界神霸道抓走余靖秋，自己愤怒欲联系赤火老祖拜师大能出手，幸大哥白沙城主出手阻拦。对郢将军（疯魔）怒意不及对毒郢界神重。东伯雪鹰收起星域飞舟，莫军主等迎接。东伯雪鹰一开口说""经常麻烦军主""，让莫军主感到这位监察使要""真的监察""。东伯雪鹰点名毒郢界神没到，毒郢界神手下称主人闭关不知晓。东伯雪鹰进城。毒郢界神与郢古良在城外虚空观望，郢古良劝妹妹算了吧（东伯雪鹰是陛下亲传、自身潜力强，那些官员不愿得罪将来四重天界神），毒郢界神不甘心称自己第五阶位神廷一员他能奈我何。接风宴宾客众多礼物堆成山。宴会后东伯雪鹰回监察使府邸，吩咐曲丞界神从明天起招募亲卫（最低神级巅峰，界神数量不限），让奚薇帮忙购买金煞晶和灰烬魔骨。","东伯雪鹰就任监察使，莫军主感到其要""真的监察""，毒郢界神不来且不甘心，东伯雪鹰开始招募亲卫、购买修行材料。"
监察使,赔礼,矛盾展现、人物心理,冲突、情感,东伯雪鹰让奚薇购买金煞晶三十八颗（修行《太皓》第三篇所需）与灰烬魔骨（罕见，一斤五千万神晶）。戈白、贺飞云担任闲散门客，帮忙查探投奔界神。东伯雪鹰招募亲卫成效好，第一天就有十几个一重天界神和一位二重天界神来投奔。东伯玉告知父亲外面热闹（亲卫军二等军团最底层士兵阶位十阶，待遇及得上寻常三级军团统领）。莫军主、郢古良界神来访赔礼。郢古良（银袍男子，脸上奇特花纹，脾性好，与妹妹毒郢完全不同）向东伯雪鹰赔礼，称妹妹戾气太重、儿子（郢将军）已疯魔神心溃散而死，当初白沙城主出手及时未造成太恶劣结果，希望有缓和余地。东伯雪鹰称没白沙城主早不死不休。,东伯雪鹰购买修行材料招募亲卫，郢古良来赔礼称妹妹戾气重，东伯雪鹰态度强硬称没白沙城主早不死不休。
监察使,关注,矛盾爆发、转折高潮,冲突、高潮,东伯雪鹰提两个条件：一，二十斤灰烬魔骨（价值十亿神晶，限万年内凑齐）；二，毒郢界神三天内跪监察使府邸门前万年。郢古良苦笑条件等于没说（二十斤灰烬魔骨四重天界神都伤筋动骨，毒郢脾气不可能跪）。东伯雪鹰称三天内不跪就别谈，送客。莫军主传音称毒郢界神不太可能答应。万魔窟（毒郢界神老巢，悬浮星空庞大高山，黑雾翻滚无数毒蛇，安海府巫毒最强者），毒郢界神（巨大尾巴蜿蜒）大怒拒绝跪万年和二十斤灰烬魔骨，称杀了她也不可能做到，要和东伯雪鹰斗。郢古良劝无果。消息传出，各方势力关注，三天已满毒郢界神没出现。一个月过去监察使府邸无动静，各方疑惑，毒郢界神纳闷东伯雪鹰什么手段都没有。白沙城主（白袍胖乎乎男子）来见东伯雪鹰，称早看毒郢不顺眼，愿帮忙出手。东伯雪鹰称对付毒郢已定好，时机未到。白沙城主请东伯雪鹰将来帮其重回师尊门下（当年偷吃世界沙心果被逐出），东伯雪鹰答应。,东伯雪鹰提苛刻条件（二十斤灰烬魔骨+跪万年），毒郢界神拒绝，各方关注一个月无动静，白沙城主来访愿帮忙并请东伯雪鹰助其重归师尊门下。
监察使,投奔,人物引入、伏笔埋设,人物、伏笔,"东伯雪鹰称对付毒郢已谋划好不急，白沙城主感慨东伯雪鹰招募二重天界神已有三位（自己麾下仅八位）。戈白带黝黑男子""百里商""（二重天界神）来投奔，百里商称行走神界冒险二十亿年倦了找安稳之地。白沙城主感慨投奔者看东伯雪鹰前途非凡。百里商进入洞府后屏退侍从，布置黑色界神力法阵隔绝探查，戴混淆时空吊坠，取出木盒内黑色球体（有凹凸不平纹路）——""遗迹至宝""，苍雍国主不惜代价让界神送死也要得到的宝物。百里商是遗迹崩溃时逃出的最走运者，一路逃窜从时空岛疆域到血刃神廷疆域，悄然加入东伯雪鹰麾下（苍雍国主找不到）。百里商灌入界神力，黑色球体映照出复杂立体图案，痴迷参悟，但三万余年未破解奥秘。",白沙城主来访感慨，百里商（真名商乙）投奔东伯雪鹰，携遗迹至宝（黑色球体）藏匿，苍雍国主追查中。
监察使,三转功成,转折高潮、设定展开,设定、高潮,东伯雪鹰任监察使三个多月，各方势力嘀咕他奈何不了毒郢。东伯雪鹰在静室修行（九颗金煞晶金色流光飞入鼻孔，与界神力混合化作太皓之力），三个多月（红石山本尊百倍加速）终于《太皓》第二篇三转功成，太皓之力更加纯粹沉重锋利，与身体每一粒子完全结合。东伯雪鹰召集亲卫军出发——百里商统领、九麒统领率两千余青甲士兵集结。东伯雪鹰带余靖秋、东伯玉、东伯青瑶、奚薇等，留戈白、贺飞云守府邸。东伯雪鹰率亲卫军直赴东燎军驻地，莫军主迎接。东伯雪鹰称要执行监察使职责——监察。东伯雪鹰查万魔窟掌控三十二座星域信仰之力搜集记录，莫军主命人搬来三个箱子卷轴，东伯雪鹰火红色界神力瞬间查遍。东伯雪鹰发现万魔窟上交信仰之力数量极少。,东伯雪鹰《太皓》第二篇三转功成，率亲卫军赴东燎军驻地查万魔窟信仰之力记录，发现上交极少。
监察使,兵临万魔窟,设定揭示、矛盾爆发,冲突、揭示、设定,"血刃神廷对疆域星辰让生命信奉神灵，安放神像凝聚信仰之力，界神势力负责收集上供（信仰之力比神晶珍贵，促进修行质变，除目标成大能者外几乎都吸收）。万魔窟三十二座星域搜集信仰之力才那么些，莫军主称三十二座星域经常遭神灵偷窃信仰之力、发生大规模战争人口锐减，每个星辰采集名单都有记录。莫军主无法一一查看（广袤浩瀚星辰无数，时光回溯不现实）。万魔窟仗郢古良在神廷，莫军主睁一只闭一只眼。东伯雪鹰带走记录木箱，率亲卫军乘星域飞舟赴万魔窟。万魔窟（庞大高山，黑雾翻滚无数毒蛇，上亿神灵，五位二重天界神）。毒郢界神带矮小同伴（洞枭界神）、一群界神出来，青甲士兵飞出列阵。东伯雪鹰要求交出百万采集人员，毒郢界神称""都死了""（巫毒外泄），东伯雪鹰不信（百万神灵全死太荒唐）。东伯雪鹰下令百里商统领抓捕毒郢界神押解送神廷，万魔窟神灵不得反抗。",信仰之力体系揭示，万魔窟上交极少（仗郢古良），东伯雪鹰兵临万魔窟要求交出百万采集人员，毒郢称全死了，东伯雪鹰下令抓捕。
监察使,动手！,战斗描写、转折高潮,战斗、高潮,矮小男子洞枭界神（黑衣，奉主人武辰帝君之命）喝止，武辰帝君乃四重天界神，师尊竹山府主。东伯雪鹰问武辰帝君一定要掺和？洞枭称给主人面子。东伯雪鹰命百里商动手，百里统领持大斧率千名士兵军阵合一（威达三重天界神层次），斧头撕裂长空出现毒郢界神面前。毒郢界神体型巨大化（巨大尾巴，毒叉戟，万魔窟黑雾法阵加持实力大增），尾巴抽退千名亲卫军。百里商传音毒郢界神近战极强（老巢法阵加持，三重天界神顶尖），一支亲卫军对付不了。毒郢界神称自己是第五阶位神廷一员，东伯雪鹰无权抓她。东伯雪鹰右手伸出，手掌暴涨百万里（万劫混元身第六层，太皓之力白色流光环绕），一掌将毒郢界神拍进万魔窟大山（巨大手掌印，山石碎裂），在场所有人震撼。,洞枭界神（武辰帝君手下）阻拦，亲卫军奈何不了毒郢界神（老巢法阵加持），东伯雪鹰手臂暴涨百万里一掌将毒郢拍进大山，震慑全场。
监察使,强悍，恐怖！,战斗描写、设定揭示,战斗、揭示、设定,东伯雪鹰体型千万里（持赤云枪），《太皓》第二篇三转练成在三重天界神中称雄（力量速度超越三重天界神，弥补规则奥妙弱点）。毒郢界神重新凝聚（黑雾转移），持毒叉戟，不再硬碰硬靠规则奥妙周旋，但兵器擦一下就被震飞。东伯雪鹰太皓之力擅近身战，比白沙城主还强。洞枭界神被迫出手帮毒郢界神（手持黑刀），二人联手被东伯雪鹰完全压制，万魔窟不断崩塌碎裂法阵被破坏。东伯雪鹰召九尊世界身体（共十位，千万里高），世界牢狱白色锋芒锁链缠绕。洞枭界神拉着毒郢界神施展时空类秘术逃窜。东伯雪鹰一挥手星域飞舟出现（穿梭时空通道最快），十位东伯雪鹰落飞舟追击。万魔窟上亿神灵、亲卫军等惊叹东伯雪鹰强悍。,东伯雪鹰太皓之力近身战压制毒郢界神与洞枭界神，召九尊世界身体围困，二人时空秘术逃窜，东伯雪鹰驾飞舟追击。
监察使,人证不算证据,转折高潮、矛盾爆发,冲突、高潮,"毒郢界神、洞枭界神从时空通道出来，被十个东伯雪鹰围困分隔，无数白色流光锁链缠绕。洞枭界神称武辰帝君要保护毒郢界神，问东伯雪鹰要和武辰帝君为敌？东伯雪鹰称就算和武辰帝君为敌也不在乎（自身天骄级、神帝亲传、物质界领主）。洞枭界神承认无计可施。东伯雪鹰要毒郢界神去神廷受查证，毒郢界神宁死不去（一旦查证破绽被发现，惩罚恐怖，出来后东伯雪鹰已成四重天界神）。毒郢界神称东伯雪鹰境界不够封禁不了本尊神心，无权杀第五阶位三重天界神，杀她违神廷法规。东伯雪鹰赤云枪一枪贯穿毒郢界神身体，九尊世界身体同时攻击不留情，毒郢界神身体炸裂，本尊神心被一枪轰灭，当场身死（无万魔窟法阵加持被碾压）。东伯雪鹰称有混淆时空宝物无法时光回溯查证，没有证据证明是他杀的。洞枭界神称""没看到""、""人证不算证据""，被东伯雪鹰放走。",东伯雪鹰一枪灭杀毒郢界神本尊神心当场身死，以混淆时空宝物无法查证无证据，洞枭界神被放走。
监察使,《万毒录》,设定揭示、伏笔埋设,伏笔、揭示、设定,"东伯雪鹰收走毒郢界神遗物（毒叉戟血炼神兵、储物戒指内大量材料），发现宝物""依旧有主之物""——毒郢界神还有分身活着。毒郢界神另一分身（在乾云山武辰帝君处）大怒心疼损失一半宝物（毒叉戟、巫毒材料等积攒无数年）。武辰帝君（邋遢男子）赶到，称来不及救、没办法抢夺东伯雪鹰已收起的宝物。毒郢界神献上《万毒录》残篇（巫毒至高传承残篇，毒郢界神巫毒高成就的奇遇来源），武辰帝君称在乾云山内必保她无恙。武辰帝君离去后，毒郢界神暗恨。万魔窟外上亿神灵战战兢兢，东伯雪鹰乘飞舟返回，百里商统领奉命搜查万魔窟，东伯雪鹰用太皓之力强行抹掉毒郢界神储物戒指力量。",毒郢界神有分身存活损失一半宝物，献《万毒录》残篇给武辰帝君求庇护，东伯雪鹰令百里商搜查万魔窟。
监察使,名气,人物引入、氛围营造,人物、设定,东伯雪鹰查毒郢界神储物戒指（无数瓶瓶罐罐珍奇材料，神晶信仰石少），因当时十杆长枪围攻没给毒郢界神释放巫毒机会。东伯玉崇拜父亲指点修行。百里商统领禀报万魔窟百万搜集信仰之力的神级真的全死了（毒郢界神混淆时空屏蔽探查，殿门关闭百万神灵再无消息），东伯雪鹰脸色铁青（赔礼失败次日就杀人毁证据，真毒辣）。消息传遍安海府——东伯雪鹰一己之力蹂躏毒郢界神和洞枭界神，毒郢界神一分身被杀。安海府主（和蔼老者）夸赞，少年侍从淳化称毒郢界神一分身早去乾云山找武辰帝君。安海府主分析武辰帝君痴迷超脱，毒郢献宝物（浮界花等）求庇护，为超脱什么不敢做。安海府主称东伯雪鹰得绝学，十万年应成三重天界神。白沙城主、乌军主、丛尸王等惊诧，白沙城主赶赴东域城。,万魔窟百万神灵全被毒郢界神灭口，东伯雪鹰名震安海府，安海府主分析武辰帝君为超脱庇护毒郢，白沙城主赶来。
监察使,抓！,情节推进、转折高潮,高潮,"东伯雪鹰率亲卫军回东域城，莫军主热情迎接。东伯雪鹰告知毒郢界神将百万人员全杀混淆时空无足够证据。莫军主第一次旗帜鲜明站在东伯雪鹰这边。东伯雪鹰悄然去时空神殿（安海府东域最核心城池），负责人羽云界神（二重天界神）无比恭敬。东伯雪鹰花三千万神晶请时空神殿查探""阳白星域""所有生命星辰最近一次信仰之力搜集情报（时光回溯，时空神殿乃时空岛主炼制最强时空兵器），盏茶时间即得。东伯雪鹰发现万魔窟仅上交三成信仰之力。时空神殿负责人羽云感叹东伯雪鹰落入血刃神廷可惜。时空岛主曾关注东伯雪鹰（三次纠葛：第一次拒绝、第二次因担心夏族放弃、第三次主动要加入救妻被拒）。东伯雪鹰将情报送血刃神廷，官员们通过派一等军团分队赴乾云山抓捕毒郢界神。",东伯雪鹰花三千万神晶从时空神殿购阳白星域信仰之力确凿证据（仅上交三成），送神廷派一等军团抓捕毒郢界神。
监察使,浮界花,设定揭示、转折高潮,揭示、设定、高潮,"乾云山（武辰帝君居处，连绵群山漂浮星空），毒郢界神在静室观看奇异树枝泡液体末端绿色气泡（参悟巫毒），越加疯魔修行想突破四重天界神。武辰帝君分身冲入静室告知神廷一等军团分队已到，带毒郢界神瞬间穿梭消失。乾云山外，一等军团分队（千名界神，深青色甲铠青色雷霆，十个分队联手可对付大能者）从星域飞舟飞出。武辰帝君分身（邋遢男子）挡路，施展紫色火焰（皮肤泛紫色晶莹，星空被灼烧粒子化），""小剑界""无数剑光飞出击退士兵。武辰帝君分身转头就走，称毒郢已离开。神廷分队搜索无果回去复命。乾云山山腹内，武辰帝君真身观看池子内""浮界花""（鲜艳诡异红色花朵，有人脸，《万毒录》残篇生长，蕴含天地世界规则自成世界），三条超脱路：浮界花、《万毒录》残篇、剑界典籍、火狱世界身。毒郢界神被剥夺阶位通缉捉拿。东伯雪鹰与白沙城主聊天时得知消息。",武辰帝君分身击退神廷一等军团分队救走毒郢，真身在乾云山参悟浮界花（三条超脱路），毒郢界神被通缉。
监察使,三万年,环境铺陈、伏笔深化,伏笔、设定,白沙城主感慨东伯雪鹰够狠花三千万神晶，分析一般小额度贪墨不会派一等军团，是东伯雪鹰出面官员们才迅速通过。各方势力真正干净少，毒郢贪墨太多。毒郢界神被通缉后不足为虑（无阶位谁都能杀她，不敢进血刃神廷疆域）。东伯雪鹰不将毒郢放在心上，更牵挂长风骑士池丘白（引领他入超凡，死时难受，大魔神折磨囚禁，希望大魔神折磨更久些以便救援，何等可笑无奈）。需达四重天界神顶尖实力才能闯黑暗深渊（深渊意志杀戮吞噬血腥，深渊君主最低四重天界神）。毒郢界神在黑色宫殿群偏僻院落后悔不已，当初若逼东伯雪鹰自爆来不及参加万花宴就好了，时间越久差距越大，抱着成四重天界神的一线希望。三万年过去，夏族世界沧海桑田（红石山世界历练常见），东伯雪鹰在安海府影响力越来越大（白沙城主、乌军主、丛尸王等拜访切磋），东伯玉、东伯青瑶成安海府数一数二大势力子弟（安海府主门下二殿下等都客气招待），二人修行勤奋成神级巅峰（父母不让吸收信仰石，千万年内成不了界神再吸收）。东伯雪鹰《太皓》第二篇四转圆满功成（三重天界神中堪称无敌，较弱四重天界神面前能撑两三招），持续参悟极点神心（隔着一层纱）。,毒郢被通缉不足为虑，东伯雪鹰牵挂池丘白需四重天顶尖才能闯深渊，三万年过去影响力大增，《太皓》四转圆满，参悟极点神心隔纱。
监察使,风云渐起,伏笔深化、氛围营造,伏笔、设定,"东域城豪奢酒楼内，青袍人（苍雍国主手下牟逍界神）与灰袍人监视监察使府邸，确认""商乙""化名百里商投奔东伯雪鹰门下。苍雍国主透过因果追查逃出遗迹的界神，已找到三百九十五位无至宝，百里商是又一个。苍雍国主不愿轻易得罪东伯雪鹰（亲传弟子、有绝学、将来四重天界神称霸），但必须筛选每个逃出界神。百里商回洞府闭关，取出黑色球体灌入界神力映照复杂立体图案参悟，三万余年用尽办法（炼化、感应、蛮力）都无法破解黑色球体奥秘（无法破坏、撼动、炼化，只能映照图案），焦急万分。东伯雪鹰在地底封闭幽暗殿厅参悟枪法""毁灭""更完美与极点神心（世界崩塌、混洞塌陷、极点显现等毁灭场景），极点穿透走极端，极点神心是绝对统一平衡一切的初始和终极，摸到那层纱却把握不住。东伯雪鹰出关得知有客来访等了两天。",苍雍国主手下确认百里商身份但不敢轻易动手，百里商三万年无法破解遗迹至宝奥秘，东伯雪鹰参悟极点神心隔纱。
监察使,使者,人物引入、矛盾展现,人物、冲突,"东伯雪鹰接待龙俞殿下（安海府主二殿下，黑袍青年，一重天界神，靠人脉保持影响力）与苍雍国主手下牟逍界神（青袍人，三重天界神）。龙俞引荐牟逍，牟逍称奉苍雍国主之命来见东伯雪鹰。牟逍告知""商乙界神""（百里商）与苍雍国主有仇怨，苍雍国主不惜因果追踪找到他化名百里商投靠东伯雪鹰门下，请东伯雪鹰行个方便将其逐出亲卫军，苍雍国主会记人情。东伯雪鹰问什么仇怨，牟逍称私仇国主没说。东伯雪鹰称百里商三万余年勤勤恳恳无犯错，若查证是阴险小人自然逐出，若冤枉的不可能看他死。牟逍逼迫，东伯雪鹰目光一寒""你在逼我？""称""拿苍雍国主压我？真是笑话！""送客。龙俞劝东伯雪鹰小心苍雍国主杀心重。东伯雪鹰与余靖秋分析苍雍国主四重天界神和百里商二重天界神有什么仇怨说不清（苍雍国主三个子女无危险），余靖秋称恐怕有不愿公开的秘密。东伯雪鹰召百里商来见。",苍雍国主派牟逍经龙俞引荐见东伯雪鹰要求逐出百里商，东伯雪鹰拒绝，称拿苍雍国主压他是笑话，召百里商来见。
监察使,先礼后兵,矛盾展现、伏笔深化,伏笔、冲突,"百里商在静室参悟黑色球体，被侍卫召去见东伯雪鹰。东伯雪鹰直接称呼""商乙界神""，百里商大惊（身份暴露？遗迹至宝会被抢？）但迅速恢复冷静（东伯雪鹰若知至宝早动手不会废话）。百里商承认身份，称苍雍国主将他等界神抓去逼迫进入遗迹送死，遗迹崩溃后逃出恢复自由，苍雍国主追来。东伯雪鹰问苍雍国主为何不惜因果追杀，百里商称可能因知道遗迹秘密（提供星图）。东伯雪鹰嘱托百里商从今天起别出监察使府邸，苍雍国主手下在外面盯着，若有分身最好分散开。百里商暗惊（东伯雪鹰什么意思？知道分身？），但决定不到绝望时刻不暴露遗迹至宝。东伯雪鹰与余靖秋分析百里商提供遗迹星图但叙述太少，余靖秋建议加大巡逻查探。苍雍帝国，苍雍国主（高大身影，背部骨刺扇形排列，光秃脑袋无毛发，非人族出身）得知东伯雪鹰拒绝，派参突界神（裹黑袍面孔模糊，擅长刺杀杀戮，修《阴影无量》秘术）暗中出手杀商乙，称无意和东伯雪鹰为敌。",东伯雪鹰识破百里商身份商乙，百里商隐瞒遗迹至宝，苍雍国主派参突界神暗中刺杀百里商。
监察使,潜入刺杀,战斗描写、转折高潮,战斗、高潮,"百里商焦急不出洞府。一个多月过去，亲卫军加强巡逻未发现苍雍国主的人。参突界神修《阴影无量》（血刃神帝三大手段之一""阴影""的外传秘术，血刃神帝擅长刺杀建造血刃酒馆为杀手服务），将阴影雾气渗透进一名红衣侍女体内（与侍女一体潜入监察使府邸，法阵发现不了）。参突界神从侍女阴影中凝聚成人形，出现在百里商面前。百里商惊恐传讯东伯雪鹰求救。参突界神妖异绿光笼罩百里商，百里商身体迅速湮灭。参突界神发现百里商还有分身在静室，阴影覆盖整座洞府，数十个黑袍身影同时出现，阴影雾气萦绕百里商脑袋折磨逼问""东西在不在你这""。百里商称不在。参突界神感应到东伯雪鹰杀来，""你竟然让东伯雪鹰过来？找死！""百里商身体炸裂化作灰烬。一道阴影雾气裹住百里商一切物品迅速潜逃。东伯雪鹰从地底殿厅冲出。",参突界神以阴影秘术潜入监察使府邸刺杀百里商本尊，再入静室灭分身，裹走百里商一切物品（含遗迹至宝黑色球体）潜逃。
监察使,领域,战斗描写、设定揭示,战斗、揭示、设定,"东伯雪鹰一飞冲天到百里商洞府上方，怒喝""给我留下""。参突界神阴影雾气飞出洞府升空，称别无冒犯之意现在就走。亲卫军集结、余靖秋等出来但帮不上忙。东伯雪鹰判断参突界神擅长阴影刺杀，是苍雍国主麾下十二三重天界神中排前三者。参突界神称监察使府邸法阵被引动无法施展""无量域""，需冲出府邸区域。东伯雪鹰瞬间到参突界神上方，参突化上万道阴影飞向不同方向。东伯雪鹰施展""世界牢狱""（太皓之力凝聚白色锁链，四转圆满境速度如光），无数锁链缠绕每一个阴影，其他阴影消散，真身被束缚。参突界神震惊（除了刺杀正面搏杀也是三重天界神顶尖，竟然差点无法挣脱），东伯雪鹰领域秘技比白沙城主湮灭白沙还厉害。参突界神挣脱后以妖异绿色刀光砍碎锁链，但被密集锁链经常缠住，露出丑陋灰白面孔泛绿光真容。参突界神求饶称苍雍国主不愿和东伯雪鹰为敌，愿赔礼。东伯雪鹰称苍雍国主太嚣张，派手下潜入府邸杀亲卫统领，明天就敢对付他亲人。",东伯雪鹰以四转圆满世界牢狱领域秘技困住参突界神，参突界神震惊领域秘技比白沙城主还厉害，求饶称愿赔礼。
监察使,求饶,矛盾爆发、转折高潮,冲突、高潮,"参突界神（丑陋灰白面孔挤出笑容）称本尊在国主身边可传话，东伯雪鹰和苍雍国主都是一方霸主何必结怨，愿暂居府邸等赔礼。东伯雪鹰称苍雍国主若容易赔礼就不会派人潜入府邸。参突界神本尊去见苍雍国主（白色王座，骨刺背），国主命参突先确定商乙是否得到遗迹至宝。参突界神分身在监察使府邸高空探查商乙遗物，发现木盒内黑色球体（凹凸不平纹路）——与苍雍国主给过的画卷一模一样，遗迹至宝竟然在商乙界神这！参突界神又激动又紧张，谎称国主愿奉上十斤灰烬魔骨赔礼（睁眼说瞎话拖延时间保住遗迹至宝送到国主手里）。东伯雪鹰不信（苍雍国主没那么怕他、参突非国主亲口所言、杀亲卫统领须服众、最重要的是不给苍雍国主点教训没法服众），召九尊世界身体施展枪法""毁灭""围攻参突界神。参突界神化无数阴影气流逃窜被一次次湮灭，最终分身被完全灭杀。东伯雪鹰收走参突界神遗物（含黑色球体）。苍雍国主得知遗迹至宝在东伯雪鹰手中，眼眸满是寒意。",参突界神发现遗迹至宝在百里商处，谎称十斤灰烬魔骨赔礼拖延，东伯雪鹰不信灭杀参突分身得遗迹至宝，苍雍国主得知至宝在东伯雪鹰手中。
监察使,发现,伏笔深化、转折高潮,伏笔、高潮,"苍雍国主（参突界神本尊禀报后）怒极，参突界神告退。苍雍国主独坐王座低沉笑，兴奋激动期待——遗迹至宝竟然在东伯雪鹰手里（原本以为不存在），这件宝物得手实力将大增、匹敌大能、超脱希望增加、可去更危险地方探索。苍雍国主决定亲自出手，计划布法阵封禁万亿里挡安海府主救援，一招解决东伯雪鹰，不杀（杀物质界领主分身不算真正死亡，神帝更无理由出手）只强行擒下封禁本尊神心夺宝物，不逼太狠留缓和余地。东伯雪鹰在监察使府邸告知手下百里商被刺杀身死、参突界神分身被灭。东伯雪鹰与余靖秋分析苍雍国主杀心重，但百里商已死参突仅死分身，事情应到此为止（预料不到遗迹至宝已到东伯雪鹰手中）。东伯雪鹰查参突遗物时发现黑色球体（凹凸不平纹路，窥伺到广袤星空玄妙感），闭关探查。东域城外虚空中，苍雍国主（骨刺男）乘星域飞舟出现，界神领域笼罩整个东域城：""我的宝贝，我来了。""",苍雍国主得知遗迹至宝在东伯雪鹰手中决定亲自出手（布法阵封禁、不杀只擒夺宝），东伯雪鹰发现黑色球体是神秘宝物闭关探查，苍雍国主抵达东域城。
监察使,出手,战斗描写、转折高潮,战斗、高潮,"苍雍国主灰色气流缠绕住传送阵士兵、废传送阵阵基，一迈步到东域城上空，无数灰色气流在东域城四面八方构成庞大封禁法阵，扔出两个阵盘为阵眼（挡安海府主一会儿）。四重天界神领域笼罩东域城（比东域城还大），城内神灵未察觉。余靖秋（深蓝衣袍，湖泊边煮果酒）发现苍雍国主布置法阵，一飞冲天到高空——银发白衣女子（戴银色面具，银发到脚跟，寒气冻结千亿里范围虚空），气息却是神级（实为余靖秋分身，秘术收敛气息，化名""玄女殿下""）。苍雍国主疑惑（恐怖速度和威胁感应像四重天界神，气息却是神级）。银发白衣女子劝苍雍国主离去。苍雍国主体型暴涨庞大抓过去，银发白衣女子无数冰冷剑光迎战，苍雍国主踉跄退一步。苍雍国主认出是""殿下""（从三重天突破到四重天的女子），拔出背后两根骨刺疯狂杀来，称新晋四重天无血炼神兵无界神领域挡不住。监察使府邸地底殿厅内，东伯雪鹰灌入界神力到黑色球体，凹凸纹路放出光芒映照无比玄妙立体图案，东伯雪鹰震撼沉浸参悟，身体背后显现""极点""球体虚影——悟出极点神心，突破三重天界神（创造神界深渊历史最快记录，三万九千年，超越飞雪庄主五万三千年）。",苍雍国主布封禁法阵废传送阵攻东域城，余靖秋分身（化名玄女，银发白衣戴面具女子）出手抵挡，东伯雪鹰参悟黑色球体悟出极点神心突破三重天界神。
监察使,吃我一枪,战斗描写、转折高潮,战斗、高潮,"东伯雪鹰识海本尊神心更加凝实，内世界从十亿里扩展为百亿里（极点神心统领万物规律，井然有序）。东伯雪鹰收起金煞晶灰烬魔骨黑色球体，修行《太皓》第三篇（第一转轻松、第二转一天多悟明，三转需万年琢磨）。东伯雪鹰感应到狂暴冲击波，收起修行冲出。东域城无数神灵看到高空中苍雍国主（身高十亿里，双手骨刺撕裂天地）与银发白衣女子（无数剑光结法阵攻击）激战。东伯雪鹰一飞冲天穿梭虚空到战场附近（法阵范围内无法穿梭）。苍雍国主界神领域镇压东伯雪鹰无法凝聚世界身体（论世界操纵东伯雪鹰不如苍雍国主，四重天触类旁通掌握多种一品神心）。东伯雪鹰持赤云枪""先吃我一枪""，长枪暴涨纵横上亿里刺向苍雍国主，威势之强已达四重天界神层次，苍雍国主色变挥骨刺迎击。东伯雪鹰注意到银发白衣女子（余靖秋刻意收敛气息变化身形衣服头发，东伯雪鹰未认出是自己妻子）。",东伯雪鹰突破三重天界神内世界百亿里，修行《太皓》第三篇，感应到战斗冲出，苍雍国主界神领域压制无法凝聚世界身体，东伯雪鹰持赤云枪一枪刺向苍雍国主（达四重天界神威势）。
监察使,退去（本篇终章）,转折高潮、情感展现,情感、高潮,"苍雍国主骨刺与赤云枪碰撞，东伯雪鹰被震踉跄。银发白衣女子传音提醒东伯雪鹰苍雍国主攻击阴险擅长渗透侵蚀衰亡湮灭，同时操纵剑光帮忙攻击。东伯雪鹰冷笑称苍雍国主手下一个分身就拼命？苍雍国主称东伯雪鹰杀了他手下。东伯雪鹰太皓之力才二转之境只能勉强支撑，施展枪法""毁灭""（一切塌陷毁灭化作极点，恐怖穿透力），苍雍国主色变双手骨刺化圆圈涟漪抵挡。东伯雪鹰枪法越来越纯熟，加上银发白衣女子无数剑光围攻，二者联手令苍雍国主一时间奈何不得（苍雍国主判断一对一能赢但联手赢不了一个时辰）。苍雍国主疑惑""玄女殿下""怎么冒出来这么巧。远处星域飞舟出现，安海府主（和蔼老者，龙形虚影，近乎大能的实力）赶到。苍雍国主见势不妙毫不犹豫退去（收阵盘驾飞舟进入时空通道），传音东伯雪鹰称过些时日前来赔礼道歉。东伯雪鹰一怔（自己在苍雍国主面前处于下风，还来赔礼？参突界神被灭为一分身就亲自来，现在赢不了还赔礼？想到黑色球体——见招拆招）。安海府主惊叹东伯雪鹰成三重天界神仅三万九千年（超越飞雪庄主五万三千年记录），称消息传开东伯雪鹰名字将传遍神界深渊，创造记录者过去都很惊艳（青君、绝灭帝君、飞雪庄主、时空岛主，最弱飞雪庄主也是三祖层次）。苍雍国主退去是因为东伯雪鹰创造记录，请帮手都请不到，自己也不愿得罪太狠。安海府主离开后，东伯雪鹰降落到监察使府邸湖边，余靖秋沿廊道走来面带笑意。东伯雪鹰握住妻子的手，沿湖边走，心情跌宕起伏复杂。东伯雪鹰转头看向妻子：""靖秋，那个银发女子，是你吧！""（本篇终）","东伯雪鹰与""玄女""（余靖秋分身）联手逼退苍雍国主，安海府主赶到，苍雍国主退去传音赔礼，东伯雪鹰创造三重天界神最快记录名震神界深渊，最终识破银发白衣女子即妻子余靖秋，第十六篇完整收官。"
纵横,妻子身份,设定揭示、情感展现,情感、揭示、设定,"余靖秋被东伯雪鹰识破""玄女""身份后坦白前世——她是摩雪国主大女儿""星剑玄女""，成神时觉醒前世记忆。前世在一处古老遗迹中走运得到《心剑图》残篇（第五份即最后一份），而金霄老祖（神界五凶排名第二，和三祖层次交手能轻易逃命）耗费数千亿年集齐前四份即将补齐完整绝学却被摘桃子，怒火滔天要搜魂。摩雪国主请大能者出面调解无果，连余靖秋前世师尊（大能者）都不敢出面阻挡，余靖秋只能选择投胎转世避劫。余靖秋维持神级分身就是怕金霄老祖察觉转世成功再杀来。东伯雪鹰不嫌弃反而高兴（堂堂星剑玄女多少界神爱慕），余靖秋松口气。摩雪国主曾暗中指点东伯雪鹰（万花宴时连续两天）正是因知他是女婿。第七梅雨是余靖秋亲妹妹。","余靖秋坦白前世身份为摩雪国主大女儿""星剑玄女""，因得《心剑图》残篇得罪金霄老祖投胎转世避劫，东伯雪鹰不嫌弃。"
纵横,名传各方,氛围营造、伏笔埋设,伏笔、设定,东伯雪鹰分析金霄老祖最出名的是逃命，若得完整《心剑图》实力可大增达三祖层次，不会轻易饶余靖秋。夫妻二人本尊都在物质界，金霄老祖也杀不死，余靖秋转世后因果大减、成四重天界神可隔绝因果感应，暂不惧金霄老祖但也不想应付。东伯雪鹰劝余靖秋尽快提升闭关不现身。苍雍国主回宫廷内焦急权衡——东伯雪鹰三万九千年成三重天界神破记录（超越飞雪庄主五万三千年），潜力惊人，找帮手都找不到，不愿得罪狠了，决定低头赔礼换回遗迹至宝。东伯雪鹰成三重天界神消息传遍血刃神廷、时空岛、万神殿乃至黑暗深渊。黑暗深渊极深底部一层世界的庞大存在（体型横贯一层世界，鼻孔气息充斥整个死寂世界）感叹血刃神帝运气好、时空岛蠢货没能得手，称若培养好东伯雪鹰或许是个好帮手。血刃神廷地底殿厅宇宙铜炉前，血刃神帝（无黑鸟）得知东伯雪鹰成三重天界神。,夫妻不惧金霄老祖但暂不公开身份，苍雍国主决定低头赔礼换遗迹至宝，东伯雪鹰成三重天界神消息传遍神界深渊各方，黑暗深渊庞大存在与血刃神帝均有反应。
纵横,送礼,转折高潮、设定展开,设定、高潮,"血刃神帝得知东伯雪鹰成三重天界神微微一笑（三万九千年比当年自己快多了），器灵称比主人修行快的很多但大多已湮灭，血刃神帝期许爱徒""希望他能一直走下去""。东伯雪鹰与余靖秋在荒芜星空切磋，余靖秋突破四重天界神后冰霜剑力（汲取《心剑图》残篇规则奥妙）大增，弥漫上亿里如冰霜海洋，九尊世界身体被完全压制粉碎，东伯雪鹰认输。余靖秋实力不亚于苍雍国主。东伯雪鹰指点女儿东伯青瑶修行时，血刃神帝传音告诫""切勿骄纵，修行也是修心""""收好处便是因果""。半月后九僵府主（金发老者）来访送六斤灰烬魔骨，东伯雪鹰拒白送（因果）称愿买。天河府主也来访。",血刃神帝告诫东伯雪鹰勿骄纵勿收因果，余靖秋四重天界神冰霜剑力压制东伯雪鹰，九僵府主等四重天界神来访送礼被东伯雪鹰拒白送。
纵横,毒郢的末路,转折高潮、矛盾收束,冲突、高潮,"一个月内三十五位四重天界神来拜访（多带灰烬魔骨），东伯雪鹰只愿以五千万神晶一斤买五斤（不算因果，有点交情），最先赶来五位各买一斤。大能者们未拜访，仅赤火老祖（太阳星小院白发童颜老者）远距离祝贺，称当年救余靖秋因果待东伯雪鹰成大能者后偿还。东伯雪鹰成三重天界神三个多月后，神界与黑暗深渊交界处，一只巨大黑色手掌降临抓毒郢界神两分身（古老四重天界神借助因果细查三个月确定两身体踪迹同时出手），毒郢绝望。同一时间苍雍国主赴东域城拜访东伯雪鹰，东伯雪鹰直言苍雍国主""所求不小""，苍雍国主承认所求为黑色球体。",三十五位四重天界神来访东伯雪鹰只买五斤灰烬魔骨，赤火老祖远距离祝贺，毒郢界神两分身被古老四重天界神擒住，苍雍国主来访承认求黑色球体。
纵横,器具,设定揭示、转折高潮,揭示、设定、高潮,"苍雍国主布界神领域隔绝探查，东伯雪鹰展示黑色球体后苍雍国主双眼放光，坦白黑色球体乃孕养虫兽的""器具""，内藏""流光虫""虫卵（传说中三重天界神培育出的成熟流光虫可匹敌大能者，擅长速度、护主、正面战斗匹敌大能者）。苍雍国主出价十斤灰烬魔骨+两头篪暝兽（三重天界神战力虫兽，可作子女护卫）+愿立誓约将来出手三次（损失分身不退缩）。东伯雪鹰不满足，额外索要培养虫兽的传承之物（黑色书籍）。苍雍国主犹豫（传承之物极珍贵可一次次传承）后答应，东伯雪鹰要求立誓约由师尊血刃神帝见证。",苍雍国主坦白黑色球体为孕养虫兽器具内藏流光虫卵（成熟可匹敌大能者），出十斤灰烬魔骨+两头篪暝兽+誓约三次出手，东伯雪鹰额外索要培养虫兽传承之物。
纵横,《黑虫经》,设定揭示、装备获取,奖励、揭示、设定,"苍雍国主与东伯雪鹰立誓约（不可为敌），血刃神帝感应到誓约称这传承是""第五《虫经》""（阵图方面极高深有借鉴之效），神帝陛下瞧不上这门旁门之道。苍雍国主开启黑色球体（凹凸纹路放光显现立体阵图后分裂开），露出晶莹光卵内水样光芒的流光虫虫卵，东伯雪鹰感到心悸判断培育成熟后恐不止匹敌大能者。苍雍国主离去（急回去培育虫兽）。东伯雪鹰与余靖秋参悟传承——名为《黑虫经》，黑色书籍漂浮识海本尊神心前，无数阵图（黑暗、毁灭、生命、阴柔、诡谲、霸道无所不包），越往后越复杂玄妙，部分阵图超越黑色球体映照阵图。东伯雪鹰发现枪法""毁灭""稚嫩之处（阵图中有代表""毁灭""的阵图），世界牢狱秘技融入阵图领悟。半月后被魔焰帝君来访打断。","苍雍国主立誓约后开启器具取流光虫卵离去，东伯雪鹰得《黑虫经》（完整培养虫兽法门含无数阵图），参悟后发现枪法""毁灭""稚嫩处并融入阵图领悟完善秘技。"
纵横,解脱,矛盾收束、情感展现,冲突、情感,"魔焰帝君（全身黑色毛发血红眼眸，近乎大能者的强大四重天界神）来访送毒郢界神两分身（锁链捆缚）结善果，称认定东伯雪鹰将来成大能者是三祖级数，只求将来帮忙。魔焰帝君借助因果花数月才抓住毒郢两分身（必须一起抓），另搜出《万毒录》残篇（巫毒至高传承残篇，可借鉴超脱之法）。东伯雪鹰拒收《万毒录》残篇（巫毒一道研究草石万物对修行无用且只是残篇），只收毒郢界神。毒郢界神两分身被捆缚本尊神心被封禁，求东伯雪鹰杀她（怕被折磨千万年亿年）。东伯雪鹰称""你我恩怨就此了结""，一指两道白色流光斩杀毒郢两分身体内本尊神心，毒郢脸上露出一丝解脱色。东伯雪鹰感叹成王败寇，当初若非白沙城主出手、自己是一品真意超凡、妻子余靖秋实力比毒郢更强，后果不堪设想。",魔焰帝君擒毒郢界神两分身献给东伯雪鹰，东伯雪鹰拒收《万毒录》残篇，当场斩杀毒郢两分身了结恩怨，感叹成王败寇。
纵横,大事件（上）,环境铺陈、伏笔深化,伏笔、设定,"岁月流逝，东伯雪鹰在安海府威势越重，""龙氏家族""与""东伯家族""并列最高。东伯玉、东伯青瑶成神级巅峰但不太听母亲余靖秋指点（觉得母亲只是神级巅峰），东伯雪鹰无奈（儿女不知母亲是四重天界神）。东伯雪鹰《太皓》第三篇达三转之境实力大增，自创秘技""黑暗世界""（多姿多彩无所不包）、""世界牢狱""（温柔如水却恐怖），但仍被妻子压制只能自保。余靖秋炼制血炼神兵（巨剑分化九柄细剑）参悟《心剑图》残篇威势极强。摩雪国主在寒冰星辰藏匿宝物后，另一分身在湖心岛遗迹被五位强者（狱龙皇、枯树老母、九阳宫主、红浮女皇、泽诺君王）围攻。摩雪国主心生畅快——用快本尊神心溃散的老命为女儿搏未来。余靖秋从秘室急入告知东伯雪鹰""父亲出事了""。",东伯雪鹰威势日重但儿女不听母亲指点，《太皓》第三篇三转成仍被妻压制，摩雪国主分身在湖心岛遗迹遭五位强者围攻，余靖秋告知父亲出事。
纵横,大事件（下）,设定揭示、矛盾爆发,冲突、揭示、设定,"余靖秋告知父亲留守帝国分身被杀（五位围攻：三位大能者狱龙皇、枯树老母、九阳宫主+两位极强四重天界神红浮女皇、泽诺君王，泽诺君王是黑暗深渊熔岩巨人）。九阳宫主是时空岛主亲传弟子有绝学实力接近三祖。摩雪国主因临近本尊神心溃散，决定投胎前闯极危险古老遗迹""湖心岛遗迹""（神界诞生之初就存在，连神帝时空岛主都无法真正探索明白，自成规则与外界隔绝，灵魂无法离开无法投胎转世）。摩雪国主与九阳宫主等同行时发现一件真神器（古朴神剑，知女儿钻研剑术故不愿放弃）带宝逃窜，遭五人追杀，一分身被灭，另一分身藏匿真神器后逃入湖心岛极深处。真神器（大能者""真神""所用，蕴含完整天地规则拥有毁天灭地之威，炼制极难数量极少，大能者十有八九都没有）令九阳宫主等发疯。余靖秋告知父亲藏匿真神器地点，东伯雪鹰决定赴湖心岛遗迹冒险。",摩雪国主闯湖心岛遗迹夺真神器遭九阳宫主等五位围杀（一分身被灭），遗迹自成规则无法投胎，东伯雪鹰决定赴湖心岛冒险救岳父。
纵横,传话,转折高潮、情节推进,高潮,东伯雪鹰与余靖秋取摩雪国主藏于寒冰星辰的洞天宝物（砂砾状隔绝一切探查），余靖秋撕裂漂浮千里寒冰层取冰晶碎粒。东伯雪鹰提议赴湖心岛遗迹（本尊在物质界不怕死、自身陷入瓶颈需磨砺意志斗志消退）。第七梅雨（已成一重天界神）在师尊漩母帝君门下焦急不安，漩母帝君不愿插手（牵扯强者太多尤其九阳宫主）。摩雪帝国风雨飘摇周边帝国渗透（背后有大能者示意），五殿下禾雪界神悲愤。东伯雪鹰联系十余位周边国主公开传话——摩雪国主对东伯雪鹰有指点修行之恩，要保摩雪帝国。各方四重天界神给面子罢手（不愿为小事得罪东伯雪鹰），连九阳宫主、枯树老母等也未再做什么。第七梅雨得知东伯雪鹰公开传话保摩雪帝国心生感激（不知东伯雪鹰是她大姐夫）。,东伯雪鹰取摩雪国主藏匿洞天宝物，公开传话保摩雪帝国（各方给面子罢手），第七梅雨感激东伯雪鹰（不知是其大姐夫）。
纵横,湖心岛,环境铺陈、设定展开,设定,东伯雪鹰夫妻乘星域飞舟赴湖心岛遗迹（万神殿疆域边缘）。湖心岛遗迹为无比庞大银白水球（直径十八万九千亿里），核心岛屿在水球最中央，神界诞生之初就存在，连神帝时空岛主都无法掌握。夫妻二人收飞舟穿过虚空逼近，体表涌动力量（东伯雪鹰太皓之力，余靖秋紫色流光——四重天后转修《紫霞光》界神级秘术配合剑术隐藏身份）。进入水球内部感觉冰冷渗透，银白水流极重（每滴比星辰重），界神领域无法施展。东伯雪鹰太皓之力可幅散两百万里（余靖秋紫霞光仅十余里），余靖秋感叹绝学厉害。夫妻二人小心飞行前进，东伯雪鹰回忆湖心岛情报（最外围水流危险较低但仍有能灭杀三祖层次的危险，内部连神帝都望而却步）。东伯雪鹰太皓之力感应到圆润堂堂正正碾压而来的力量——暗流。,东伯雪鹰夫妻进入湖心岛遗迹银白水球（直径十八万九千亿里），水流极重界神领域无法施展，太皓之力可幅散两百万里探路，感应到暗流逼近。
纵横,陨石府邸,环境铺陈、伏笔埋设,伏笔、设定,"暗流冲击力太强（正常四重天界神扛不住被裹挟身不由己），东伯雪鹰带妻子拼命逃窜（湖心岛内飞行速度慢无法穿梭虚空）。东伯雪鹰发现一颗湖心岛陨石（万里直径漆黑色有沟壑纹路如玄妙古朴法阵，上亿颗陨石构成庞大法阵庇护湖心岛，坚不可摧至今无办法破坏），夫妻冲入陨石表面沟壑纹路（峡谷深十多里）躲避暗流余波。东伯雪鹰发现峡谷深处有一座府邸（修行者府邸，半开门残破）。夫妻进入府邸（法阵隔绝水流，空荡荡），殿厅墙壁上有三种字迹。最左边""真]界神""（四重天，困于此建府邸参悟派分身进湖心岛寻机缘，东伯雪鹰余靖秋均未听说过，应未成大能者）。中间""辰羽田""（也困于四重天境）。",东伯雪鹰夫妻躲避暗流冲入湖心岛陨石（万里直径坚不可摧上亿颗构成法阵）沟壑，发现峡谷深处一座残破府邸，墙壁有三位前辈留言。
纵横,天云帝君,设定揭示、伏笔深化,伏笔、揭示、设定,"辰羽田留言：湖心岛上亿颗陨石通体由""劫灭石精""构成（丝毫不亚于灰烬魔骨的珍奇材料，一斤六千万神晶，坚不可摧，大灾劫地方有望诞生粉末状），湖心岛陨石非自然诞生而是创造者以匪夷所思手段布恐怖法阵汲取天地力量凭空凝聚生成劫灭石精（受天地孕养损失会再生），故湖心岛遗迹从神界诞生至今完好无损。最右边留言为""天云帝君""——物质界一品真意超凡，得神秘绝学被万神殿主二度拜师收徒，两门绝学相辅相成战力超强，四重天界神时正面击杀大能者。挚爱女子""秋岚""（四重天界神）死在血刃神廷三祖之一""毁灭君主""（神帝师尊）手里，天云帝君满腔仇恨与毁灭君主厮杀（分身战死多次从物质界重新孕育再杀出）。毁灭君主胆怯求徒弟神帝给""因果业火花""暗算天云帝君（无尽因果转嫁其身）。天云帝君在陨石府邸窥伺陨石法阵核心参悟多年，留言后誓死一搏（不成功便是死），在陨石内法阵核心建亭子。东伯雪鹰感叹天云帝君道心坚定却最终失败。",辰羽田留言揭示陨石为劫灭石精构成（法阵凭空凝聚再生），天云帝君留言揭示其与毁灭君主仇恨被因果业火花暗算，在陨石法阵核心建亭子誓死一搏。
纵横,未低头,情感展现、悟道,修炼、情感、爽点,东伯雪鹰夫妻出府邸，东伯雪鹰太皓之力包裹整个陨石探查，发现陨石表层八处较明显裂痕（漫长岁月水流冲击所致）。夫妻联手剥落两处劫灭石精原石（第一处余靖秋九柄细剑剑阵弄断十二斤重，第二处夫妻联手），价值七八亿神晶（东伯雪鹰收下当礼物）。其余六处裂痕弄不断。夫妻入陨石深处大峡谷，钻入阵图缝隙潜入三千多里进入千里空洞，中央亭子内有天云帝君尸体（盘膝而坐抬头看眼前光球阵图，银色红色二色构成上亿节点不断运转）。天云帝君死后两千亿年意志仍与身体融 terror久久不散，恐怖意志让东伯雪鹰色变。天云帝君死时都未闭眼未低头，双眸有强烈渴望盯着阵图。东伯雪鹰被触动——明白自己拜师后求道之心不够强、缺少锋芒如刀的意志，与天云帝君差距甚远。东伯雪鹰盘膝坐下闭眼修行。,东伯雪鹰夫妻剥落两处劫灭石精原石（二十多斤），发现天云帝君尸体死时未闭眼未低头意志两千年不散，东伯雪鹰被触动明白自身求道之心不够强。
纵横,十一年,悟道、环境铺陈,修炼、设定、爽点,"东伯雪鹰盘膝半个时辰后睁眼光芒锐利，称""心如镜子需常常拂拭警醒""，明白自己求道之心不如天云帝君（天云帝君经历百亿年磨砺）。东伯雪鹰参悟光球阵图（上亿颗星辰运转构成浩瀚法阵，比物质界规则还多霸道正面碾压之感，蕴含恐怖""毁灭""意境，超越师尊血刃神帝的毁灭气息）。东伯雪鹰沉浸参悟""毁灭""一面，一个多月后被余靖秋唤醒——本尊神心被法阵恐怖杀机所伤（分身和红石山本尊都受伤流鼻血），不能再参悟（法阵不亚于物质界运转规则）。余靖秋留界神力分身参悟。东伯雪鹰为天云帝君尸体建坟地入土为安。夫妻穿越水层历经十一年（紫剑鱼群追杀、暗流多次、根据水流涌动速度判断暗流靠近），终于接近核心岛屿。湖心岛通体银白被冰霜覆盖（上万亿里广），寒气让夫妻发颤。余靖秋称来得巧（冰霜期相对安全），需在湖心岛变炽热前救走父亲（湖心岛温度变化极冷至极热，极热时危险急剧暴增大能者也不愿进入）。","东伯雪鹰参悟陨石法阵""毁灭""一面被杀机所伤（分身本尊都受伤），为天云帝君建坟，夫妻穿越水层历时十一年抵达冰霜覆盖的湖心岛。"
纵横,初入洞窟,人物引入、氛围营造,人物、设定,"东伯雪鹰夫妻在冰冷湖心岛高速飞行，远处两道流光飞来——犰玉帝君（胖乎乎紫袍头上两根触角，近乎大能者实力与慧明大师兄相当）与甫琼国主（黑袍冷酷中年人背黑色大尺），主动来结交东伯雪鹰。东伯雪鹰介绍余靖秋为""好友九剑女皇""。犰玉帝君修秘术双眼可看透虚妄擅长探查危险。东伯雪鹰选择从偏僻洞窟进入（较安全洞窟有九阳宫主等戒备），犰玉、甫琼本想劝走但为结交东伯雪鹰决定同行（拼掉一分身换将来尊者级提携）。犰玉帝君探路发现岔道内有冰雕（赤红眼睛盯着岔路口）。四人离开后冰雕碎裂露出黑甲独角黄毛魁梧战士（苏醒称不急杀慢慢来），融入岩壁消失。犰玉帝君发现三处危险（东伯雪鹰夫妻未发现一处），感应到力量急速靠近，带众人高速逃窜（六十万里每秒）。黑甲四蹄生物从山壁内直线追来。",犰玉帝君、甫琼国主加入东伯雪鹰队伍从偏僻洞窟进入，冰雕苏醒黑甲独角战士暗中窥伺，犰玉帝君探路发现危险带众人逃窜遭黑甲四蹄生物追击。
纵横,苏醒的老家伙们,设定揭示、战斗描写,战斗、揭示、设定,"山腹深处一尊尊寒冰雕塑碎裂，黑甲战士、飞禽、走兽、蛟龙等苏醒，彼此寒暄（沉睡漫长岁月苏醒后开心）。黑甲生物们称多亏""主人""（湖心岛创造者）让他们一直活到现在（无法超脱成大能按理早该死），但已很久没感应到主人存在。他们感应到东伯雪鹰等四人逃窜，决定不急着动手（让入侵者觉得区域安全，将来更多入侵者进入他们能多苏醒）。黑甲小鸟称四人太弱（三个四重天界神+一个三重天界神）。洞窟内四蹄黑甲生物扑杀，东伯雪鹰施展三大秘技之""生命""（世界万物美丽绚烂，灵性韧性变幻莫测，一枪变幻三百二十种发力）震退它但伤不了（防御无敌）。甫琼国主黑色大尺抽打也伤不了。犰玉帝君一脚踹退四蹄黑甲生物，它放弃追杀融入山壁。犰玉帝君警告周围还有更恐怖杀机，若无依仗尽早放弃。东伯雪鹰称继续前进由自己指路（朝真神器方向），犰玉、甫琼猜测东伯雪鹰有秘宝藏图。大批黑甲生物暗中窥伺不急动手。","湖心岛黑甲守卫苏醒（称""主人""让他们存活但久未感应主人），东伯雪鹰施展秘技""生命""伤不了防御无敌的黑甲生物，犰玉帝君警告周围更恐怖杀机。"
纵横,血火之门,氛围营造、矛盾爆发,冲突、设定,"黑甲蛟龙疑惑东伯雪鹰朝""血火之门""前进（当年他们四重天界神时都知道血火之门不敢闯）。黑甲生物们烦恼——若四人全死在血火之门，外界会认为区域太危险将来无人进入他们得继续沉睡。决定追杀逼他们改道（前三千万里岔道改道避开血火之门）。东伯雪鹰四人遭大能者战力的黑甲魁梧战士（持大斧）阻拦，厮杀中甫琼国主吐血。犰玉帝君传音建议逃到岔道，东伯雪鹰夫妻坚持沿这条通道（改道与真神器方向相反），甫琼国主也认为黑甲怪物故意逼入岔道可能有陷阱。四人冲破阻拦继续逃窜，黑甲魁梧战士未再追（称在帮他们别死太快，他们要送死就算了）。四人歇息（甫琼、余靖秋伤重，犰玉最滑溜无伤，东伯雪鹰太皓之力擅长近战伤轻）。继续前进路途安全多了，偶尔黑甲怪物袭击。前方出现空荡山腹，地面上有方圆百万里血色圆盘（刀剑图案血色纹路，平放的门），散发无尽杀机血腥气息（比三祖还可怕）。山腹两侧两排过百个冰雕。犰玉帝君传音小心冰雕绕开圆盘。四人飞过刹那，过百个冰雕表层冰块龟裂露出睁开的眼睛。",黑甲生物决定逼东伯雪鹰改道避开血火之门，四人遭大能者战力黑甲魁梧战士阻拦后冲破，抵达血色圆盘（血火之门）山腹，过百冰雕苏醒。
纵横,危急！,战斗描写、转折高潮,战斗、高潮,"上百个血色甲铠战士注视带来恐怖意识波动冲击东伯雪鹰本尊神心（耳朵轰鸣心跳加速血液混乱双眼看不清），余靖秋、甫琼国主同样本尊神心摇摇欲坠。犰玉帝君怒吼（特殊黑色波纹降低意识冲击）让三人稍好。四位血色甲铠战士飞起围堵（两后两前）。东伯雪鹰施展""牢狱""束缚但对付血色甲铠战士太弱。妖娆女性战士眉心竖眼射红光冻住余靖秋九柄细剑星图。持刀重瞳瘦削战士万千刀影（每个都真实）瞬间将甫琼国主身体分裂成万千份，妖娆女子红光冻住甫琼碎片使其粉碎湮灭——甫琼国主当场毙命。金色拳头砸向犰玉帝君，黑色毛发战士袭击东伯雪鹰。犰玉帝君怒吼黑色波纹（小型混洞）冲击四名血色甲铠战士使其微怔。犰玉帝君传音""快逃我不是对手""裹挟东伯雪鹰余靖秋逃窜。最高大血色甲铠战士金色拳头（无数神纹流转威势恐怖）堵住逃跑路。",上百血色甲铠战士意识波动冲击众人本尊神心，甫琼国主被持刀战士万千刀影粉碎后红光湮灭当场毙命，犰玉帝君怒吼掩护东伯雪鹰余靖秋逃窜。
纵横,战死，朋友,战斗描写、情感展现,情感、战斗,"金色拳头碾压过来，余靖秋九柄细剑化星空漩涡冲击，东伯雪鹰""牢狱""干扰+""生命""抵挡（不敢""毁灭""硬碰），犰玉帝君化四蹄异兽（两根软触角）低头撞击。金色拳头与异兽头颅正面撞击，犰玉帝君身体崩塌碎裂后化黑色水流重新凝聚异兽（保命秘术""黑水真身""力量丝毫无损）。血色甲铠战士称需联手除掉犰玉帝君（正面战力接近大能者，保命秘术极高境界正常大能者都难杀）。持刀男子站在一旁不再出手（不屑以多欺少）。犰玉帝君化水流裹挟东伯雪鹰余靖秋逃窜，金色拳头屡次炸裂其身体，妖娆女子绿光爪子渗透绿色丝线。十余次交锋后犰玉帝君带二人冲出血火之门山腹逃窜，四名血色甲铠战士未追杀（持刀男子若全力阻拦犰玉帝君逃不掉但他没出手）。犰玉帝君停下恢复人形，称已中巫毒（妖娆女子擅长巫毒）快扛不住，将他和甫琼的宝物托付东伯雪雪鹰带出。犰玉帝君问东伯雪鹰""算朋友了吧""，东伯雪鹰称""能有犰玉兄这样的朋友也是我运气""。犰玉帝君哈哈大笑中身体崩解消散。东伯雪鹰夫妻心情难受，只剩两人。","犰玉帝君化四蹄异兽""黑水真身""保命秘术带东伯雪鹰夫妻冲出血火之门，中巫毒后将宝物托付东伯雪鹰，大笑中战死消散，只剩东伯雪鹰夫妻。"
纵横,多足兽,战斗描写、人物心理,情感、战斗,"余靖秋质疑进入湖心岛遗迹太盲目，东伯雪鹰称已到此想再多无用（偏僻洞穴避九阳宫主等戒备）。东伯雪鹰收起犰玉帝君宝物继续出发。山腹狭小空间内黑甲蛟龙与黑甲多足兽商议——黑甲多足兽出手（实力不会让东伯雪鹰恐惧），黑甲蛟龙称东伯雪鹰太弱若它出手会吓坏他们。黑甲多足兽从山壁窜出袭击，东伯雪鹰太皓之力笼罩，赤云枪一掀将其掀起翻滚，黑甲多足兽数十蹄爪抓山壁稳住，全身释放耀眼金光。东伯雪鹰施展最强杀招""毁灭""（三枪蓄积：第一枪普普通通蓄积，第二枪空间扭曲，第三枪枪尖绝对虚无黑暗周围刺眼光芒——汲取湖心岛古老法阵皮毛重新悟出，本尊红石山百倍加速十一年完善），枪尖刺中黑甲多足兽头颅。黑甲多足兽称""三重天界神竟能弄疼我？可惜大能者都杀不了我""。东伯雪鹰心凉（最强杀招无用）。黑甲多足兽数十蹄爪六十万里每秒扑杀，余靖秋剑阵图也伤不了它。夫妻相视逃都逃不掉（速度差太多）。","黑甲多足兽出手袭击，东伯雪鹰施展完善后的""毁灭""秘技（汲取湖心岛法阵皮毛）只能弄疼它伤不了，夫妻速度不及逃不掉。"
纵横,赌对了,转折高潮、人物心理,情感、高潮,"东伯雪鹰让余靖秋快逃（自己擅长近战领域秘技能纠缠，余靖秋被近身就死，两人都死没意义），余靖秋果断逃跑（前世记忆果断，都是分身死要有价值）。东伯雪鹰与黑甲多足兽搏杀（""生命""秘技纠缠），后高速逃窜沿原路返回方向（避开妻子方向保妻子）。黑甲多足兽追杀（速度远超东伯雪鹰一次次追上搏杀）。东伯雪鹰伤口迅速愈合，对""生命""秘技越加有体会。东伯雪鹰逃回血火之门山腹（血色圆盘、过百血色甲铠战士），黑甲多足兽停下观看。东伯雪鹰降落叶血色圆盘上，血色甲铠战士稍收敛注视。东伯雪鹰猜测验证——上次路过四对四（三强一弱对应队伍三强一弱），甫琼死后持刀战士不再出手（三对三），推测血火之门筛选考验是根据闯入者实力派对手。东伯雪鹰单独回来应是一对一。一名瘦小血色甲铠战士""巢乌""飞落圆盘。高瘦女子问东伯雪鹰是否闯血火之门，东伯雪鹰问闯血火之门规矩。","东伯雪鹰让余靖秋逃走，自己沿原路逃回血火之门验证猜测（血色甲铠战士按闯入者实力派对手），瘦小战士""巢乌""飞落圆盘一对一。"
纵横,再战血火之门,设定揭示、战斗描写,战斗、揭示、设定,高瘦女子解释血火之门是湖心岛主人专为外来者建造，来拜访者求宝一律让其闯血火之门（重重危险，闯过越多好处越多），开启前需经筛选考验（击败面前对手，认输或轰出血火之门范围算赢）。血色圆盘射红光罩住上方区域（红光后湖心岛遗迹压制消失，界神领域可施展世界之力可调动——公平筛选）。巢乌六臂各持弧形弯刀杀来，东伯雪鹰瞬移数十万里外（世界为我我为世界，世界范围内无处不在）。巢乌封禁空间，东伯雪鹰调动世界之力凝聚九尊星蓝衣袍世界身体围攻（千变万化枪法+太皓之力纠缠）。巢乌六臂刀光劈碎世界身体（防御无敌世界身体枪法伤不了），但世界身体散了又凝聚。巢乌爆发（身影模糊时空扭曲强行穿行），目标东伯雪鹰真身，东伯雪鹰瞬移躲避。妖娆女子称躲不算赢。东伯雪鹰默默观看巢乌刀法盏茶时间（红石山本尊百倍加速参悟推算），终于心中有定计，赤云枪一挑划诡异弧线刺出。,高瘦女子揭示血火之门筛选考验规则（击败对手认输或轰出范围），东伯雪鹰在红光区可施展界神领域世界身体，九尊世界身体围攻巢乌，观看盏茶后出枪。
纵横,湖心岛的宾客,转折高潮、装备获取,奖励、高潮,"东伯雪鹰出枪，九尊世界身体同时出枪。第一枪普普通通蓄积，第二枪空间扭曲引巢乌警觉，第三枪爆发（十个耀眼""太阳星""——汲取湖心岛古老法阵皮毛重悟的""毁灭""秘技，可刺劈扫钻无固定招式）。九杆长枪围攻后赤云枪（枪杆绝对黑暗周围爆发威能）抽打巢乌，巢乌被轰出血火之门范围撞击山壁。巢乌虽毫发无伤但输了（被轰出范围即败）。高瘦女子夸赞""已超越三重天界神境界，有四重天界神味道""。东伯雪鹰通过筛选考验成湖心岛宾客，获血色符牌（""墨""字符）。巢乌称宾客身份是最大奖励——普通区域任意行走不受攻击，只有重地禁止擅闯（无意闯入驱逐，反抗才击杀）。东伯雪鹰大喜。血色圆盘分开露出恐怖通道（扭曲虚空+十八道血色纹路如无数生命嚎叫），东伯雪鹰产生跪伏恐惧（比面对神帝还恐惧），连忙放弃闯血火之门。高瘦女子称以后实力更强可再来闯。东伯雪鹰确认普通区域不受攻击后高速赶往妻子方向，第一次有信心带妻子安然离开甚至救岳父。","东伯雪鹰以""毁灭""秘技轰出巢乌通过筛选，成湖心岛宾客（普通区域免遭攻击）获""墨""符牌，放弃闯血火之门（通道恐怖），高速赶往妻子方向。"
纵横,父亲'摩雪国主',情感展现、情节推进,情感,余靖秋激动（以为只剩她活着），告知已拿到真神器。东伯雪鹰赶到后决定先将妻子送到湖心岛外（真神器不可有失），详细说明血火之门及宾客身份好处。余靖秋赞同（她跟着无帮助）。东伯雪鹰将妻子收入内世界，沿原路返程（偏僻路避九阳宫主等封锁探查）。冲出洞口后余靖秋出现，东伯雪鹰将犰玉帝君宝物及劫灭石精放妻子处（赤云枪、墨字符牌随身）。余靖秋在湖心岛外围高山深处建冰屋隔绝规则探查隐居。东伯雪鹰深入湖心岛接应岳父，余靖秋联系父亲。摩雪国主（黑袍白发白胡须老者）借因果感应确定九阳宫主等方位（一片混沌区域隔绝探查），称从未如此深入湖心岛（情报无记载，三祖甚至真神主宰才敢深入）。摩雪国主得知女儿已得真神器、东伯雪鹰来接应，称太危险让两个小娃娃别折腾赶紧离开。,东伯雪鹰将妻子及真神器送至湖心岛外围冰屋隐居，独自深入接应岳父，摩雪国主称自己太深入湖心岛（情报无记载）让东伯雪鹰别折腾。
纵横,寒冰层下的灰袍男子,伏笔埋设、装备获取,伏笔、奖励,"余靖秋传讯告知父亲血火之门及宾客身份（无意闯重地仅驱逐反抗才击杀），摩雪国主明白宾客身份何等重要，心生生的渴望（有女婿帮助或许能逃出去投胎转世搏一搏）。摩雪国主告知大概位置（太深入只能透过因果感应确定，逃窜时进过极危险地方九死一生，来的路东伯雪鹰不能沿同样路线）。东伯雪鹰在湖心岛内无袭击轻松飞行（宾客身份），一个月后与摩雪国主距离缩至五百亿里。东伯雪鹰轰碎冰层发现黑色廊壁有朴素纹路（越深入越有建筑但被冰封）。东伯雪鹰发现冰层中有一灰袍男子盘膝而坐（未穿甲铠，第一个未穿甲铠的）。东伯雪鹰以太皓之力震碎上百米厚冰层不伤灰袍男子，发现其已死本尊神心没了，但肌肉筋骨脏腑器官强大恐怖（绝对是大能者且身体修行极高境界）。东伯雪鹰不认识这位神界大能者（历史上未记载）。灰袍男子手腕有赤红色手环（唯一宝物），东伯雪鹰取下炼化——发现是可封存敌人入""时空""的界神器（内有古老法阵洞天宝物红石山都不如它）。东伯雪鹰意识渗透手环内部时空（近百层，一层存放物品）。",东伯雪鹰深入湖心岛无袭击（宾客身份），发现冰层中未穿甲铠的灰袍男子尸体（未记载的大能者），取赤红手环（时空类界神器可封存敌人）。
纵横,留言,伏笔埋设、设定揭示,伏笔、揭示、设定,"东伯雪鹰从手环取出四件特殊物品：一柄斧头、一块锋利残片、一条黑色长鞭、一本金色书籍。斧头和长鞭都是界神阶极品兵器（炼制手法相似，与赤红手环都有时空韵味，炼制者极精通时空——整个神界深渊最精通时空的是时空岛主）。锋利残片暗红色古朴花纹散发浩瀚宁静气息（猜是真神器残片，看不出用途）。金色书籍意识感应后涌入讯息——""我，尘云尊者""，赤红手环、斧头、长鞭都是自炼兵器（材料所限仅界神器），残片是偶然得之未发现用途，赠后来者礼物，求一事：若碰到""清原尊者""将书籍赠与他，碰不到就算了。""清原，你所求我之事我已办妥，只可惜小瞧湖心岛危险无缘再见甚憾！""留言后是三百二十五份极高深阵图。东伯雪鹰思忖""尘云尊者""""清原尊者""应是尊者级存在（普通真神、真神尊者、真神主宰三层次），但都没听过（整个神界深渊尊者级不算多）。东伯雪鹰为灰袍男子尸体建坟入土为安，感叹疑似真神尊者级存在都死在这（本尊分身尽灭，湖心岛有灭杀分身本尊之法），湖心岛危险恐怕还在师尊他们之上，物质界保护并非绝对。东伯雪鹰继续前进，与摩雪国主距离越来越近（三百亿、一百亿、五十亿、十亿里）。摩雪国主在冰封广场等待，看到东伯雪鹰降落后咧嘴笑喊""乖女婿""，东伯雪鹰行礼""拜见岳父大人""。","东伯雪鹰从灰袍男子手环取四件宝物，金色书籍留言揭示其为""尘云尊者""（求将书籍赠""清原尊者""，附三百二十五阵图），建坟后继续前进终与摩雪国主汇合。"
纵横,进入（本篇终）,转折高潮、悬念设置,伏笔、高潮,"摩雪国主越看东伯雪鹰越喜欢，称当初万花宴时只道女儿投胎成功有人要了，虽不满神级小子但看潜力不错也就不在乎。摩雪国主分析——湖心岛极深处九阳宫主等难抓住他，可一旦返程外围危险越来越低对九阳宫主等不值一提，联合围堵逃出去希望很低，怕连累东伯雪鹰身份被发现结仇怨。东伯雪鹰称不怕，摩雪国主也不再矫情。东伯雪鹰指路（来时已探明最顺畅路线），二人高速飞行（摩雪国主带东伯雪鹰速度六十万里每秒）。九阳宫主（冷漠青年）透过因果感应摩雪国主方位（混沌模糊区域），发现摩雪国主高速移动朝外逃，即动追杀。枯树老母（拄拐杖老太太）分出九个分身（头发化灰褐色树根断裂成灰袍老太太）沿岔道堵截。九阳宫主等发现摩雪国主逃太快未遭攻击，下令全力朝外围堵。一个月后东伯雪鹰摩雪国主距出口不远（三两天），但九阳宫主等疯狂堵截。摩雪国主称逃不掉让东伯雪鹰走别被连累。东伯雪鹰称还有一办法，将摩雪国主收入内世界，独自钻入空间漩涡（唯一能拼的办法——宾客擅闯重地不至于直接被击杀）。九阳宫主赶到看到东伯雪鹰（称对其有好感，问过赤火老祖知东伯雪鹰曾献一半灵魂救妻子），劝东伯雪鹰别帮摩雪国主（真神器谁阻杀谁）。狱龙皇也赶到未发现摩雪国主。九阳宫主判断摩雪国主在东伯雪鹰内世界内。东伯雪鹰称""有些事没办法""钻入空间漩涡消失。九阳宫主皱眉（空间漩涡通往重要或危险地方）。东伯雪鹰落广袤大地，抬头见庞大如大山的金甲巨人盘膝而坐睁开眼俯瞰。东伯雪鹰尴尬称无意闯入敢问这是什么地方。（本篇终）",东伯雪鹰与摩雪国主汇合返程遭九阳宫主等围堵，将岳父收入内世界独自钻入空间漩涡（宾客擅闯重地不至于直接被击杀），九阳宫主劝阻无果，东伯雪鹰落广袤大地见金甲巨人，第十七篇完整收官。
归来,打了再说,矛盾爆发、战斗描写,冲突、战斗,"东伯雪鹰擅闯毁灭洞天，金甲巨人（面容斧凿嘴唇厚，威压远超赤火老祖摩雪国主，接近九阳宫主）警告此乃毁灭洞天不可擅闯。金甲巨人肩上黑甲猿猴（瘦小猿猴模样，持深紫色长棍）瞬间扑来一棍砸下，东伯雪鹰以赤云枪抵挡被碾压抽飞数十万里，双手骨折胸口凹陷吐血。猿猴连续一棍棍抽打蹂躏东伯雪鹰（未下杀手仅戏弄），最后一棍戳胸膛坠落地面砸出大坑。摩雪国主在内世界提醒猿猴没下杀手只是戏弄。金甲巨人缩小至百米高度走来，称猿猴""乌猴子""手痒可陪他练。东伯雪鹰请求被送至湖心岛最外围或送出湖心岛，猿猴称毁灭洞天空间通道只连湖心岛内部不连外围。东伯雪鹰坦承外面有大敌需躲一躲或有办法尽快离开，猿猴称除非加入毁灭军团。",东伯雪鹰擅闯毁灭洞天遭黑甲猿猴以深紫色长棍碾压殴打蹂躏，请求躲避或离开，猿猴称除非加入毁灭军团。
归来,耻辱,设定展开、设定揭示,揭示、设定,猿猴称加入毁灭军团即可长留洞天。金甲巨人指出加入有好处也有麻烦且非随意可加。猿猴怪叫通知众人，八名黑甲强者、三名金甲队长（金甲气息更强）聚集，等级分明。紫金甲铠黑色披风男子（统领，双眸红光蕴血海，披风冻结时空，威压不亚于三祖）降临，称东伯雪鹰三重天界神挺年轻。金甲丑陋老者告知在场者皆四重天界神，毁灭军团乃湖心岛主人麾下对外征战军团，士兵考验极苛刻，如今黑甲士兵仅八位、金甲队长仅三位、统领仅一位，皆四重天界神战死或本尊神心溃散死后回到湖心岛永生永世非生非死。统领曾以四重天界神之身斩杀尊者级分身（自称仅一分身），自述因追求力量惑乱道心永无法超脱，称毁灭军团十二人个个是耻辱。统领告知加入毁灭军团弊端：死后尸体若未毁则被湖心岛控制永受控制（成大能者超脱方可断绝），好处：士兵有特殊绝学与真神器。统领认为东伯雪鹰天赋不错但太年轻经历太少成不了士兵。问东伯雪鹰是否仍想加入。,紫金甲铠统领（四重天界神，不亚于三祖）现身介绍毁灭军团——湖心岛主人麾下对外征战军团，士兵皆四重天界神有绝学与真神器，死后被湖心岛控制永生永死，统领以自身追求力量惑乱道心为戒告诫境界才是根本。
归来,我加入,设定揭示、转折高潮,揭示、设定、高潮,"东伯雪鹰毅然称""我加入""。统领带东伯雪鹰等飞往石柱区。东伯雪鹰问真神有哪些来尝试加入，提及血刃神帝、青君。统领称血刃神帝乃真神主宰中最巅峰者（本宇宙纪元最强），毁灭军团对血刃神帝无吸引力不会来加入。统领透露宇宙有纪元轮替——草木枯荣、星辰陨灭，神界深渊物质界亦有诞生与毁灭，统称一个宇宙，宇宙同样有破灭与新生。东伯雪鹰震撼判断可信度极高（庞依乃神界诞生最早期生物，湖心岛遗迹传说中神界诞生初即存在）。飞至上百根古老石柱处，统领称本宇宙纪元仅庞依一人成功加入并成为队长，东伯雪鹰是第一个来尝试的界神。猿猴解释界神几乎不知晓成为湖心岛宾客的办法（真神不告知），东伯雪鹰因救岳父走偏僻洞穴无意中发现血火之门。统领再次告诫""境界才是根本""。三重考验开始，第一重：选一根石柱，万年内将石柱传授的最顶尖界神级秘术修至第七层即通过，否则驱逐。东伯雪鹰随便选一根，石柱亮起金色字符。",东伯雪鹰决意加入毁灭军团，统领揭示宇宙纪元轮替之说（神界深渊物质界有诞生与毁灭），本宇宙纪元仅庞依成功加入，东伯雪鹰开始第一重考验——万年内修成石柱传授秘术第七层。
归来,庞依,设定展开、人物引入,人物、设定,"统领告知感应石柱可得修行法，练成一层传一层，万年时限后飞走。东伯雪鹰感应石柱金色字符得《十方灭世火》——共十层，第一至三层神级修行，第四至七层界神级修行，第八层真神，第九层尊者级，第十层主宰级大圆满；修行法为内世界孕育灭世火焰莲花。东伯雪鹰评价比《太皓》差一线（第七层正常四重天界神才练成，威力勉强算《太皓》第三篇四转境）。黑甲士兵、金甲队长议论均认为东伯雪鹰不可能万年内练成第七层（三重天界神修四重天界神秘术太难）。场景转至血刃神廷疆域，白袍青年子昊宫主（大能者，庞依弟子）向师尊庞依告退。庞依（神界五凶之首，如今低调温和，投靠血刃神廷钻研自创修行法）指点子昊心太傲难开辟自己的道。庞依坐枯树下心如止水，实力深不可测（一念可灭杀大能者），称""力量终究是旁枝末节""""我的修行法终于快成了""。统领传讯庞依告知东伯雪鹰加入毁灭军团，庞依称""先追逐力量沉迷力量，最后超脱于力量，反而是好事""。统领觉得越加看不透庞依（暴戾→温和→内心冷漠，力量心境境界皆超越自己）。",东伯雪鹰得《十方灭世火》（十层，第七层四重天界神才练成），众人认为不可能通过；庞依（神界五凶之首，如今温和低调钻研自创修行法）实力深不可测，称东伯雪鹰加入毁灭军团先追逐力量后超脱于力量是好事。
归来,功成四转,转折高潮、设定展开,设定、高潮,"《十方灭世火》前六层东伯雪鹰一气呵成（本身境界高、绝学达三转境、参悟过湖心岛上亿陨石法阵完善枪法""毁灭""，根基扎实），第七层成天堑，千年无果。东伯雪鹰研究《太皓》第三篇第四转、尘云尊者书籍阵图、湖心岛守护法阵奥妙寻求突破（他山之石可以攻玉）。千年后体内世界太皓之力蜕变为四转境（每丝太皓之力有令四重天界神色变的锋芒），《太皓》推升至四转境。摩雪国主赞叹太皓之力霸道蛮横无坚不摧，单论体内力量远超自己。东伯雪鹰称四转功成实力应与犰玉帝君相当（近乎大能者水准），但境界仍差岳父一截（三重天与四重天差距太大）。东伯雪鹰忧虑无法通过考验则被驱逐落入九阳宫主手中，岳父也救不了。摩雪国主称真神器绝不给九阳宫主（真神器极罕见，留给女儿靖秋与东伯雪鹰参悟修行有大帮助），现已靖秋手中。东伯雪鹰请教岳父，摩雪国主指点""以点破面""——从世界神心、极点神心、混洞神心三个角度分别剖析《十方灭世火》奥妙，修行难度会降低。东伯雪鹰顿悟。","东伯雪鹰《十方灭世火》前六层一气呵成第七层遇天堑，千年间将《太皓》推升至四转境（近乎大能者水准），摩雪国主指点""以点破面""从三门神心角度剖析秘术奥妙。"
归来,封禁本尊神心,转折高潮、设定揭示,揭示、设定、高潮,东伯雪鹰以世界神心角度剖析火焰莲花阵图（原复杂奥妙简化为世界神心巢穴孕育之用），换角度即找出规律。毁灭洞天内三千年过去，黑甲士兵、金甲队长议论东伯雪鹰无头绪。湖心岛最外围余靖秋（白衣，双膝放深青色长剑真神器）等待多年参悟炼化真神器（炼化极难，真神器内部如世界之心，规则奥妙形成深青色剑形充满杀意攻击性，比寻常天地规则更复杂；攻击真神器需天地规则改变+极高材质+极难炼制，故比洞天宝物稀有）。余靖秋境界不够未能完全炼化（刚成四重天界神不久，触类旁通但感悟神心不多，底蕴差摩雪国主等老家伙）。九阳宫主盘膝坐冰块上抚摸墨玉女人雕刻（被锁链扣），绝望找不到自己的道，渴望真神器开辟道路。东伯雪鹰练成《十方灭世火》第七层（淡紫色火焰），通知统领准备第二重考验。黑甲士兵、金甲队长震惊（矮老头吞斧兑现赌注）。统领以威能笼罩东伯雪鹰强行封禁本尊神心（太皓之力无法调动，意识波动无法外放，如凡人般视力听力极度衰弱），开始第二重考验。,东伯雪鹰以世界神心角度剖析秘术三千年练成第七层，统领封禁其本尊神心（太皓之力无法调动），余靖秋炼化真神器进展、九阳宫主渴望真神器开辟道路，第二重考验开始。
归来,靠身体的力量,设定揭示、战斗描写,战斗、揭示、设定,"东伯雪鹰被封禁本尊神心后只能靠身体力量飞行（速度大减仅近二十万里每秒，天地规则极限六十万里每秒）。猿猴评价身体太弱，称毁灭军团战士最擅长身体，绝学都修炼身体故防御极强。东伯雪鹰飞行时全身肌肉筋骨震动引起天地规则变化（世界神心无阻力、极点神心超高速）。一行人降落至连绵群山峰顶战台，统领告知第二重考验规则：战台上敌人源源不断出现且越来越强，需一直战斗直至敌人主动退去即获胜，败了或死了或被轰出战台范围均失败。东伯雪鹰持赤云枪站战台中央，战台浮现黑色神纹光罩凝聚黑色人形生物（面具赤手空拳），东伯雪鹰一枪刺喉解决。第二名黑色人持长刀更强，东伯雪鹰以秘技""生命""（循世界万物奥妙发自内心天马行空）三枪解决。前后各一名黑色人（持长棍、持盾牌弯刀）围攻，盾牌暴涨遮大半战台，东伯雪鹰以世界间隙卸力仍被震退三步。猿猴高声指点要懂得发挥身体力量。",东伯雪鹰被封禁本尊神心仅靠身体力量，在战台上对抗源源不断越来越强的黑色人，猿猴指点要懂得发挥身体力量，东伯雪鹰对身体力量利用拙劣。
归来,力量爆发,悟道、战斗描写,修炼、战斗、爽点,东伯雪鹰明白第二重考验是考验身体力量发挥，故意拖延不杀对手以琢磨身体力量。红石山白衣东伯雪鹰万倍时间加速研究身体粒子爆发力量——每个粒子内含混沌世界有数十倍潜力，但无法分心操纵无数粒子。东伯雪鹰钻研如何不分心操控粒子而爆发更强力量，体表爆发冲击波（红石山器灵镇压），试验三倍四倍五倍六倍（半个时辰达五倍，一天多达六倍，再提升极缓慢）。毁灭洞天战台上白衣东伯雪鹰一天多对应黑衣东伯雪鹰不到一个呼吸，东伯雪鹰力量爆发飙升三倍后迅速解决两名黑色人（毒蛇探路刺胸、怒劈长棍刺眉心）。黑甲士兵、金甲队长、统领惊讶东伯雪鹰悟性高（估计有分身时间加速研究），夸赞能这么快提升很厉害，不知东伯雪鹰是本宇宙纪元成三重天界神修行时间最短者。,东伯雪鹰红石山本尊万倍加速研究身体粒子爆发力量提升至六倍，战台上力量爆发飙升三倍迅速解决黑色人，毁灭军团众人惊讶其悟性。
归来,最后的考验,转折高潮、人物心理,情感、高潮,"东伯雪鹰在十八名黑色人围攻下艰难支撑，身体力量完全爆发枪法秘技达极限，黑色人实力已强到无法斩杀。黑色人继续增加至二十一名、二十五名、三十名、三十六名，各施手段兵器各异，东伯雪鹰完全蒙了仅凭不服输本能拼（用身体抗不致命攻击）。三十六名黑色人忽然全部停下退去溃散，东伯雪鹰获胜。统领称此为""较为容易""的第二重考验，考验的是斗志（压力逐渐增加，心理压力大于真实战斗压力，主动放弃代表斗志不够旺盛）。东伯雪鹰感激当年中鬼六怨巫毒百年折磨磨砺的意志深入骨子里。统领告知第三重考验才是真的难，极优秀真神们几乎都倒在最后一重，仅庞依通过——万年内凭自身意志破除本尊神心封禁，任何他人不可帮忙。东伯雪鹰惊愕，统领称根据实力封禁强度不同（三重天界神封禁不算太夸张，但本尊神心不算强、修行岁月短意志磨砺少）。东伯雪鹰想到天云帝君死去漫长岁月意志仍存留。场景转至血刃神廷，血刃神帝与深渊主宰商谈后送走，黑鸟提及东伯雪鹰进入湖心岛救摩雪国主遭九阳宫主追杀暂消失。血刃神帝目光穿越湖心岛遗迹阻碍进入毁灭洞天，知东伯雪鹰尝试加入毁灭军团，称若成功升阶位给实权官职。",东伯雪鹰撑过三十六名黑色人围攻通过第二重考验（考验斗志），统领告知第三重考验为万年内凭意志破除本尊神心封禁（仅庞依通过），血刃神帝暗中关注东伯雪鹰。
归来,意志！,悟道、设定揭示,修炼、揭示、设定、爽点,"东伯雪鹰请教摩雪国主修心之法。摩雪国主称意志提升有两方向：境界提升（本尊神心更强意志更强）与修心（心境不同意志不同）。东伯雪鹰境界提升则考验封禁会跟着提升，故只能修心。摩雪国主展示本尊神心（微小摩雪国主通体半透明面色安详全身释放光芒），称修心达极高境界本尊神心通体宛如琉璃可释放光芒即""意志之光""。摩雪国主指点修心六要：无困惑、无忧虑、无有畏惧、心境空灵、一往无前、心念唯一。摩雪国主自述得知女儿成四重天界神、女婿是神帝亲传弟子后无困惑担忧才前往湖心岛遗迹，无惧危险反而主动钻入危险先得真神器（越是怕死得宝可能越低）。东伯雪鹰感叹六要单条都难全部做到更难。摩雪国主称修心只能自己体会谁也帮不了。东伯雪鹰念叨六要，无困惑无畏惧连高高在上的界神都难做到。",摩雪国主指点修心六要（无困惑、无忧虑、无有畏惧、心境空灵、一往无前、心念唯一），本尊神心通体琉璃放光芒即意志之光，东伯雪鹰只能自行体会。
归来,世界如此精彩,悟道、伏笔埋设,伏笔、修炼、爽点,"东伯雪鹰思索六要——一往无前心念唯一对不难（凡人少年时长期练枪即如此天赋），无有畏惧对再厉害强者抱敬畏不恐惧、死亡都不惧何须恐惧，最难是无困惑与无忧虑。东伯雪鹰牵挂夏族、儿女、妻子安危、好友长风大哥在黑暗深渊受罪，忧虑万年内能否破封禁，困惑神界深渊物质界诸多未知（师尊未告知湖心岛遗迹秘辛，红尘圣主已死器灵红石所知有限，余靖秋前世仅三重天界神，摩雪国主非大能者知道秘辛太少）。东伯雪鹰行走毁灭洞天问本心，红石山白衣东伯雪鹰行走人间欲从其他生灵际遇寻触动。五千余年过去，东伯雪鹰在一座高山山腰发现三色花朵（鲜艳欲滴香味迷人生机勃勃），仰头大笑顿悟——""世界如此精彩充满无数未知需要探索发现，若处处都知晓不再有秘密则太无聊""，一切未知是世界对生灵的赐予，生命的征程。东伯雪鹰无困惑，本尊神心顺畅许多意志更强大，对湖心岛充满好奇而非惊惧。山下洞穴传出低沉怒吼，东伯雪鹰飞去发现被锁链捆缚的全身赤红皮肤红胡子红眉毛壮汉——火铖尊者（尊者级存在，销声匿迹千亿年）。","东伯雪鹰行走毁灭洞天五千余年问心，发现三色花朵顿悟""世界如此精彩充满未知当探索""破除困惑，本尊神心顺畅意志增强，发现被囚禁的火铖尊者。"
归来,意志破除禁制！,人物引入、转折高潮,人物、高潮,东伯雪鹰认出火铖尊者，火铖尊者称被囚禁一千一百三十四亿年。金甲俊美队长告知东伯雪鹰已通过两重考验，火铖尊者一直求他们将分身送出去但毁灭军团成员无法离开毁灭洞天，东伯雪鹰作为真正生命可自由出入能带火铖尊者分身离开。火铖尊者自述当初一分身入湖心岛惹大麻烦被囚禁，神界本尊因帮好友遭暗算丢命，只剩这一分身被囚无法回去，体内世界孕育新分身但毁灭军团不肯送出。火铖尊者师尊为元初主人（神界深渊最古老主宰，神界诞生后最先成就主宰），与庞依有矛盾故庞依不肯出手救。火铖尊者告知神界五位主宰：时空岛主（阴险）、血刃神帝（霸道强势）、万神殿主（低调）为众人皆知三位，另有元初主人（不在乎疆域名气）、乾合娘娘（神界深渊唯一女性主宰）两位隐藏主宰。黑暗深渊仅三位主宰。血刃神帝正面搏杀最强。火铖尊者求东伯雪鹰考验成功后带分身出去，承诺给大大好处（对血刃神帝有大用）。东伯雪鹰继续行走问心，万年期限将至仅剩一个多月时焦躁影响情绪，忽而坦然接受失败反而放松——不再忧虑（儿女已活数万年、妻子活更久、自己也活太久太风光，不成大能又何妨），感激命运拥有一切。东伯雪鹰识海本尊神心通体变透明绽放光芒——意志之光成。,火铖尊者（尊者级，师尊元初主人）被囚千余亿年求东伯雪鹰带分身出，揭示神界五位主宰，东伯雪鹰万年期限将至坦然接受失败反而破除忧虑，本尊神心通体透明绽放意志之光。
归来,属于我的真神器,转折高潮、装备获取,奖励、高潮,东伯雪鹰本尊神心琉璃放光，意志波动爆发撕裂封禁灰色力量（冰雪融化般消失），意志直接影响现实令数十万里范围湖水表层粉碎消解为虚无。统领、三名金甲队长、八名黑甲士兵赶来欢迎东伯雪鹰加入毁灭军团。统领称东伯雪鹰三重天界神通过考验是第一个，即日起为毁灭军团士兵，成四重天界神可申请队长级、统领级考验。统领带东伯雪鹰去领兵器——庞大宫殿内八条光柱各含一件真神器（三柄刀、一柄剑、一面盾牌、一根长棍、一柄飞刀、一把伞），无长枪。东伯雪鹰感应飞刀（藏刀鞘内，缥缈虚无有虚界感潜藏极深杀意，契合东伯雪鹰虚界真意与毁灭秘技），选定飞刀。统领消散光柱，东伯雪鹰接飞刀尝试感应炼化——进入黑暗虚界（虚界内衍变出真实意味，超出正常天地世界规则范畴），见一点光芒一闪即逝。统领称东伯雪鹰连四重天界神都没到掌握炼化差得远，先收好回去参悟。统领带东伯雪鹰回石柱处，先学完《十方灭世火》完整版（通过考验可得完整版本，之后须立功劳才能修习更多秘术，如今无任务无法立功），随后石柱中央凸起黑色石柱浮现血色字符——毁灭军团士兵绝学。,东伯雪鹰意志爆发撕裂封禁通过第三重考验加入毁灭军团，选真神器飞刀（虚界感潜藏杀意），获士兵绝学（黑色石柱血色字符）。
归来,归来,设定展开、装备获取,奖励、设定,毁灭军团执行湖心岛主人意志征战四方，最无敌军团，士兵个个力大无穷速度超绝防御无敌（湖心岛主人所创绝学）。士兵绝学《灭极玄身》共六层（界神修前四层、真神修第五层、尊者修第六层），修行难度媲美《太皓》四转境。统领赠修行材料（足够修前四层，后续靠功劳换取如今无任务故赠）。红石山白衣东伯雪鹰万倍加速修行，一年多练成《灭极玄身》前三层（第四层需四重天界神）。《灭极玄身》特殊：外物材料凝结护体甲铠，单纯进化身体无需外物；粒子衍化混元世界更稳定能承受冲击爆发力量速度，粒子密度高十倍，承受攻击远胜万劫混元身。红石山本尊体表力量外放连器灵都压制不住红尘岛会崩塌。黑衣东伯雪鹰借统领赠材料修至第三层并炼出护体甲铠（可融入皮肤或完全外显，外显时防御更强一层次）。太皓之力（四转境）与灭极玄身力量相辅相成达更高地步。东伯雪鹰告辞离开，先去帮火铖尊者带走分身（毁灭军团士兵可穿过囚禁法阵）。火铖尊者激动称东伯雪鹰为兄弟，承诺分享湖心岛最大收获。东伯雪鹰从空间漩涡出毁灭洞天入冰冷寒冰通道。九阳宫主感应到东伯雪鹰出现，命枯树老母、泽诺君王、狱龙皇、红浮女皇围住别让他逃。,东伯雪鹰获士兵绝学《灭极玄身》（六层，粒子密度高十倍防御远胜万劫混元身，甲铠可外显），红石山本尊修至第三层，太皓之力与灭极玄身相辅相成，出毁灭洞天遭九阳宫主等围堵。
归来,擒下！,战斗描写、转折高潮,战斗、高潮,枯树老母（拄拐杖老太太）长发化作九根灰褐色树根分别化作九名灰袍老太太分身从不同方向包夹。东伯雪鹰在冰冷寒冰通道不紧张，享受瑰丽世界（万年问心心境纯净空灵）。摩雪国主提醒枯树老母分身最快抵达。枯树老母分身以无数树根触须笼罩欲擒东伯雪鹰，东伯雪鹰左手一挥释放浅紫色火龙（十方灭世火第七层），冰层融化蒸干，火焰克制树根将分身烧得痛呼逃窜（分身近乎大能者实力被克制处于绝对下风）。东伯雪鹰继续前进，泽诺君王（黑暗深渊熔岩巨人，匹敌大能者，力量最大优势）出现以巨大火焰手掌抓来，东伯雪鹰以赤云枪暴涨硬碰硬——灭极玄身+太皓之力力量完全碾压泽诺君王（大手掌出现裂缝，身躯被抽飞撞击冰层）。东伯雪鹰战力直接飙升至大能者层次（三重天界神境界差远但力量速度恐怖完全弥补境界缺陷），毁灭军团士兵绝学乃古老宇宙纪元最恐怖军团所修，泽诺君王与毁灭军团士兵比力量是自取其辱。,东伯雪鹰以十方灭世火烧退枯树老母分身（火焰克制树根），以灭极玄身+太皓之力力量碾压泽诺君王，战力飙升至大能者层次。
归来,火铖尊者,战斗描写、人物引入,人物、战斗,泽诺君王心中滔天巨浪，东伯雪鹰三重天界神匹敌大能者，四重天还得了，将来超脱成大能不难有望成尊者级，态度发生变化（不愿得罪除非有超脱希望宝物）。枯树老母真身（沙哑声音）以灰褐色树根主干围攻（不分触须扛得住火焰，将众多规则奥妙融为一炉），泽诺君王传音小心不可硬碰硬。枯树老母满腔恼怒维护大能者脸面，东伯雪鹰以长枪怒劈（长枪周围黑暗外围无尽光芒），树根直接断裂，长枪碾压至枯树老母面前一招错即处于下风，枯树老母以拐杖全力以赴抵挡仍被击退踉跄（实力相差无几但力量更强横）。枯树老母称无恶意，紫袍巫皇（紫袍罩头紫色神纹金瞳，万神殿大能者，近乎尊者级，巫毒造诣极高改造身体有巫毒之躯，从物质界崛起凡人时自号紫袍）现身称想帮东伯雪鹰躲避九阳追杀。东伯雪鹰拒绝，紫袍巫皇以巫毒令东伯雪鹰眩晕（灭极玄身身体强横比大能者都强保持清醒），东伯雪鹰暴退。九阳宫主赶到，枯树老母称有求于巫皇故站其旁。九阳宫主与紫袍巫皇对峙（二者战力相当，但紫袍巫皇手段多分身强，九阳宫主成功希望不足一成）。东伯雪鹰传音火铖大哥抗不住，火铖尊者现身（全身火焰赤红皮肤红胡红眉如火焰主宰），九阳宫主、紫袍巫皇大惊。火铖尊者称东伯雪鹰是生死兄弟，问他们自己滚还是被打滚。,东伯雪鹰压制枯树老母真身，紫袍巫皇现身欲擒东伯雪鹰抢真神器，九阳宫主与紫袍巫皇对峙，火铖尊者现身（尊者级）震慑二人。
归来,大好处,转折高潮、伏笔埋设,伏笔、高潮,紫袍巫皇行礼称火铖尊者开辟道路已久走得很远双方差距明显就算联手也被轻易碾压。火铖尊者称紫袍巫皇靠自己感悟接近开辟自己的道，紫袍巫皇谦逊称卡瓶颈出来寻机缘。紫袍巫皇带枯树老母离去。火铖尊者怒斥九阳宫主拜在时空岛主门下却与紫袍相当，还抢摩雪国主真神器。九阳宫主低喝东伯雪鹰，东伯雪鹰称摩雪国主有大恩必保（妻子身份未到暴露时因火铖尊者不能永远保护，等成四重天界神才无顾及）。九阳宫主称万花宴指点已还因果，东伯雪鹰称行事全凭内心不能退。火铖尊者怒斥九阳宫主无赖（遗迹探险得宝各凭手段，摩雪拼得真神器是运气，仗实力抢夺成功也就罢了如今实力差得远），九阳宫主咬牙不甘心退去（泽诺君王、狱龙皇亦离去）。火铖尊者遗憾九阳宫主修心有缺陷急功近利越急迫越没希望外力只是辅助。东伯雪鹰接妻子余靖秋，摩雪国主父女团聚含泪（父亲将真神器给女儿且即将投胎转世不舍）。火铖尊者看出摩雪是东伯雪鹰岳父、余靖秋是四重天界神（九阳紫袍不知）。火铖尊者告知大好处——发现湖心岛主人曾居住的古洞府记载（湖心岛主人刻意留给后来纪元生灵的礼物充满危险需足够实力），东伯雪鹰实力太弱不适合掺和。火铖尊者已通知师尊元初主人和血刃神帝，两大派系将联手行动，因东伯雪鹰而促成。血刃神帝传音东伯雪鹰和火铖来神廷见，黑鸟称东伯雪鹰能帮到师尊。,火铖尊者逼退九阳宫主与紫袍巫皇，九阳宫主修心有缺陷急功近利，火铖尊者告知发现湖心岛主人古洞府记载，两大派系（元初主人+血刃神帝）将联手探查，因东伯雪鹰促成，血刃神帝传音召见。
归来,元初主人,人物引入、转折高潮,人物、高潮,摩雪国主与女儿团聚后不急投胎（境界高拖百万年轻松），东伯雪鹰带火铖尊者、余靖秋、摩雪国主穿行湖心岛至山腹空洞，将三人收入内世界，请湖心岛送出——毁灭军团士兵可被挪移出湖水层无需穿越（一刹那出，入则需十一年）。火铖尊者惊叹进出容易，摩雪国主称湖心岛内部还在运行（宇宙大毁灭都毁不掉）。火铖尊者师尊元初主人（朴素衣袍老者如老农气息温和，周围时空天地规则在他面前失效，一步即至）现身。东伯雪鹰、摩雪国主（震惊激动）、余靖秋（不解后摩雪国主传讯告知震惊）恭敬行礼。元初主人称火铖能出多亏东伯雪鹰，邀东伯雪鹰有空去元初世界走走。元初主人乃神界深渊第一位主宰，最孤傲，最早期自号元初道人（第一位开辟掌握自己道者），后开辟元初世界自号元初主人，实力与血刃神帝时空岛主并肩。元初主人归还火铖尊者真神器大斧（当初本尊死后元初主人出手为徒弟拿回），叮嘱火铖只剩一分身在外别太大意。元初主人带众人赴血刃神廷，不足一呼吸即至。东伯雪鹰嘱余靖秋带摩雪国主先去殷石别院洞府住（真神器在血刃神廷最安全可安心参悟）。元初主人带东伯雪鹰、火铖尊者降临血刃神廷核心木屋，血刃神帝（暗红长袍黑鸟在肩）等待。血刃神帝满意东伯雪鹰三重天入毁灭军团修行短，批评太胆大超实力极限是送死。元初主人称多亏东伯小友救出火铖。两位主宰商议同去古洞府。,元初主人（神界深渊第一位主宰最孤傲）亲至归还火铖真神器大斧，携东伯雪鹰等赴血刃神廷见血刃神帝，两位主宰商议联手探查古洞府。
归来,六个人,设定揭示、伏笔埋设,伏笔、揭示、设定,火铖尊者奉上古洞府详细记载灰色画卷。血刃神帝、元初主人赞湖心岛主人乃宇宙诸多纪元最强传说存在（东伯雪鹰此前不知宇宙纪元之说）。血刃神帝称按记载可进六位，各半。元初主人选火铖尊者、紫袍巫皇（万神殿，元初主人曾化身行走物质界指点紫袍巫皇暗中关注其成长欲收徒，紫袍积累浑厚随时可开辟自己的道）。血刃神帝选竹山府主（潜力极大却四重天无法超脱投靠血刃神帝能帮就帮）、古藏帝君（陷入瓶颈卡住再帮一帮）。元初主人最重视血刃神帝（正面搏杀神界第一，亦是神界深渊第一杀手，故最强势其他主宰给面子），看不起万神殿主（太蠢）、时空岛主（只会躲）、乾合娘娘（得退避三舍）。元初主人特立独行连万神殿主都不在乎。两位主宰约定行动日期告辞。火铖尊者嘱东伯雪鹰有事传讯一定最快赶到。元初主人带火铖尊者离去。木屋仅剩血刃神帝、东伯雪鹰、黑鸟。血刃神帝称因东伯雪鹰才得此机会，古藏帝君、竹山府主欠东伯雪鹰人情将来会还；本想带东伯雪鹰入古洞府但连四重天界神都不是帮助不大且太危险。血刃神帝承诺从古洞府选适合好处给东伯雪鹰。血刃神帝称东伯雪鹰跑去湖心岛太悠闲要给重要实权职位。,古洞府六人名额各半——元初主人带火铖尊者、紫袍巫皇（欲收徒），血刃神帝带竹山府主、古藏帝君；东伯雪鹰因此得二人人情；血刃神帝承诺选适合好处给东伯雪鹰，要给其实权职位。
归来,馆主（本篇终章）,转折高潮、悬念设置,伏笔、高潮,血刃神帝告知麾下分两部分：血刃神廷疆域（占神界三成十九府军团驻守，十五阶位，东伯雪鹰此前安海府东域监察使第三阶位）与血刃酒馆（杀手组织遍布神界深渊物质界，按实力定阶位十五阶位）。杀手阶层：侍者级（九阶往下，神级巅峰）、主管级（黑刃主管、影刃主管、血刃主管，九阶到二阶）、血刃馆主级（第一阶位，最低大能者实力，统领一方管理无数杀手），总馆主即血刃神帝。血刃神帝授东伯雪鹰血刃馆主之职，先管安海府、洞鹤府、九僵府三府酒馆（疆域内管理轻松），称大能者不多愿当杀手更少人手极少。血刃神帝赐亲制血刃馆主衣袍（有诸多奇效遮掩行踪）与令牌（散发血刃神帝气息做不得假，持令牌可证明身份地位）。东伯雪鹰问可否入黑暗深渊救生死兄弟（家乡生死兄弟日日夜夜在黑暗深渊受尽折磨几万年）。血刃神帝问可知黑暗深渊特殊之处——黑暗深渊意志引导深渊生命对外征战杀戮，杀外来者得极高赐予（本尊神心洗练更接近黑暗、魔体更强、超脱更容易），外来者如鲜血落鲨鱼群引疯狂围杀，故大能者与深渊大能者交好一般在神界见面。东伯雪鹰称隔绝探查不暴露界神力身份应可躲避深渊意志（如红石山隔绝探查）。血刃神帝称血刃馆主衣袍遮掩行踪有奇效可躲避深渊意志探查，但暴露则只能靠自己，嘱接取黑暗深渊血刃酒馆任务进入不得暴露身份。黑鸟警告黑暗深渊邪恶恐怖深渊强者骨子里是疯子。东伯雪鹰决意越快越好入黑暗深渊（练成灭极玄身有极强自保之力为依仗，长风大哥被困太久不能等成四重天界神怕十万年都不够怕长风大哥撑不住）。（本篇终）,血刃神帝授东伯雪鹰血刃馆主之职管三府酒馆赐衣袍令牌，东伯雪鹰请求入黑暗深渊救池丘白获准，决意越快越好进入（以灭极玄身为自保依仗），第十八篇完整收官。
深渊,准备,设定展开、情节推进,设定,东伯雪鹰前往殷石别院，同门弟子恭敬行礼（东伯雪鹰已有四重天界神实力消息传开，实际已是大能者实力——湖心岛际遇练成《灭极玄身》、《太皓》四转功成）。黑色金属人（战兵傀儡，四重天界神战力）奉血刃神帝命交接事物，传血红戒指（传讯之物，可操纵管理麾下三府范围所有血刃酒馆，发任务传讯调遣人手）。血刃馆主两个条件：一任何客人付出足够代价发布任务必须全力以赴完成（超乎实力上禀师尊）；二每一亿年麾下贡献点至少三亿点（可自己发布任务但结因果）。东伯雪鹰暗忖血刃神帝建杀手组织、时空岛主等担当誓约见证者背后有更高深秘密。东伯雪鹰回洞府告知余靖秋、摩雪国主准备去黑暗深渊救长风大哥池丘白，余靖秋焦急劝阻，东伯雪鹰称等太久怕撑不住、湖心岛实力提升有把握大不了损失一尊分身。余靖秋要同去被拒（东伯雪鹰有伪装之法带她反而不好伪装），摩雪国主劝女儿别去。古藏帝君、竹山府主因果传讯致谢（湖心岛古洞府机缘，全因东伯雪鹰才能去）。第三天东伯雪鹰独自从血刃神廷出发，先回夏族世界再赴黑暗深渊。,东伯雪鹰接管血刃馆主职责（传讯戒指管理三府血刃酒馆），决定赴黑暗深渊救池丘白，古藏帝君竹山府主致谢，独自从夏族世界出发。
深渊,进入,环境铺陈、设定展开,设定,竹山府主在紫竹海竹屋品酒，霸蠢献妗ǜ嬷东伯雪鹰在湖心岛与泽诺君王、枯树老母交手占优势，三重天界神就有大能者战力。竹山府主淡然称神界成三重天界神最快者创造奇迹没什么大不了，赞东伯雪鹰成功加入毁灭军团（考验是湖心岛主人定下，修行潜力极高），猜出东伯雪鹰救火铖尊者定是加入毁灭军团。霸蠢献娣愿东伯雪鹰差点是自己徒弟，竹山府主笑称别耽误东伯雪鹰（实力已接近霸蠢献妗。竹山府主准备闭关（湖心岛古洞府机缘珍贵，与古藏帝君都是需急切突破者，欠东伯雪鹰大人情）。东伯雪鹰在湖心岛事迹渐传大能者中，名气渐大。夏族世界红石山，黑衣东伯雪鹰将飞刀真神器留给本尊参悟炼化（炼化真神器不易、此去深渊太危险未炼化不能带），飞刀适合参悟（神剑规则超出三重天范畴待四重天再参悟）。东伯雪鹰乘漆黑星域飞舟赴黑暗深渊，伪装模样大变（戴狰狞面具、头生两根黑色螺旋尖角、暗红衣袍、散发黑暗毁灭气息——血刃馆主衣袍伪装之效极高）。星域飞舟进入黑暗深渊最表层（扭曲柱形，一层层世界叠加，无底深渊，漆黑幽暗吞噬毁灭），深渊意志扫来被东伯雪鹰上万里范围隔绝。,竹山府主赞东伯雪鹰加入毁灭军团潜力极高，东伯雪鹰留飞刀真神器给本尊，乘伪装星域飞舟进入黑暗深渊最表层。
深渊,深渊世界,环境铺陈、氛围营造,设定,黑暗深渊有陆地海洋参天大树，终年不散黑暗气息滋养土著生灵（一出生拥有强大身躯嗜血杀戮，被称恶魔）。一头瘦小恶魔小心翼翼判断骨龙不在巡守，黑色大船从时空通道飞出散发威势令瘦小恶魔瑟瑟发抖（仅隔十余万里模糊一眼就恐惧笼罩全身，比魔神大人可怕不知多少倍）。另一层深渊世界两名大魔神战争（十六条手臂大魔神vs独眼大魔神），黑色大船自然气息让恶魔们意识混乱坠落，魔神瑟瑟发抖，两大大魔神恐惧（疑是深渊君主或大能者）。东伯雪鹰仅随意看一眼，意志刻意释放可一瞬灭杀两个一重天大魔神。东伯雪鹰不在意每层深渊君主（较前深渊世界君主多四重天界神），真正戒备无所不在的深渊意志（不能被发现身份否则众矢之的）。一层层穿过，第12层深渊世界感到威胁（沉睡庞然大物血色眸子观望目送离开）。第23层深渊世界天朗气清最像人世间（白君王领地，尊者级存在，嗜杀杀戮之道，深渊前五十层唯一尊者级），白君王（银白甲铠俊美男子，喜好和平美食）瞥见黑色大船上暗红衣袍身影辨认为血刃酒馆馆主，懒得管。东伯雪鹰松一口气（路途中唯一能轻易灭杀自己的存在）。目标大魔神达尔豪在第26层深渊世界。,东伯雪鹰一层层穿过深渊世界，恶魔大魔神恐惧，路过第23层白君王领地（尊者级唯一能轻易灭杀自己），抵达第26层达尔豪领地。
深渊,达尔豪的求救,人物引入、矛盾爆发,人物、冲突,东伯雪鹰抵达第26层深渊世界，期待长风大哥还撑着，对达尔豪不心慈手软（当初仅隔无尽空间渗透夏族世界搅得血雨腥风差点灭族）。达尔豪（黑色甲铠，脸型瘦削面孔鳞甲，巨大弯角，血色眸子）在恢弘殿厅受魅魔幻魔伺候享乐，心情极好（已突破三重天界神，在陛下麾下排前列，领地扩张好些大魔神投靠，野心成四重天界神当君主，恐东伯雪鹰报复侥幸突破）。东伯雪鹰一掌（弥漫黑色气流）拍灭达尔豪分身（本尊神心湮灭，摧枯拉朽力量大能者都色变）。达尔豪本尊在万里外石屋潜修欲逃，东伯雪鹰现身（暗红衣袍面具螺旋尖角），达尔豪跪伏求饶愿臣服，同时传讯给深渊君主（金甲男子）。金甲男子（第26层深渊君主）恼怒领地被杀手下不知会，瞬间赶到，见东伯雪鹰暗红衣袍（血刃馆主，大能者战力）脸色一变挤出笑容称在执行任务不打扰，转身逃窜。达尔豪绝望嘶喊陛下。,东伯雪鹰一掌灭达尔豪分身，达尔豪本尊跪伏求饶传讯深渊君主，金甲君主见血刃馆主衣袍狼狈逃窜，达尔豪绝望。
深渊,第一次任务,转折高潮、人物心理,情感、高潮,"达尔豪猜出东伯雪鹰是血刃馆主级杀手（能让陛下逃窜得是大能者实力，馆主级仅次于总馆主血刃神帝），绝望不甘。东伯雪鹰逼问池丘白及其妻子灵魂下落（世界领域覆盖未找到长风灵魂）。达尔豪判断东伯雪鹰是东伯雪鹰请来的（三重天时媲美四重天战力不认为能担任馆主、不认为能伪装生命气息），要东伯雪鹰立深渊意志见证誓约。东伯雪鹰一掌拍碎达尔豪身体（太皓之力保住本尊神心封禁），抓掌心微小本尊神心，冷斥池丘白仅超凡从时光长河复活都不难、辨认识不出来可让东伯殿下送界神力分身。达尔豪一个呼吸时间交代：池丘白意志极强三万年前被送给嚎魔教主（四处搜集意志极强灵魂换好处），池丘白妻子意志普通被折磨死。东伯雪鹰提示自己身份猜错了，捏碎达尔豪本尊神心灭杀（为长风大哥怒、为夏族因魔神会死去的一代代超凡凡人怒）。东伯雪鹰透过血刃酒馆系统发布杀死达尔豪任务并自己接取（自己发布自己接取，干净收尾，血刃酒馆不追查发布者接取者身份），起杀手代号""飞刀""。","东伯雪鹰封禁达尔豪本尊神心逼问，得知池丘白被送给嚎魔教主、池丘白妻子被折磨死，灭杀达尔豪，起代号""飞刀""发布接取任务。"
深渊,池丘白,设定揭示、伏笔埋设,伏笔、揭示、设定,嚎魔教主（黑袍，细密鳞甲脸）在幽暗殿厅骷髅王座上修炼秘术，体表冒出九个虚影（男人女人恶魔异兽，无声嘶喊令空间扭曲），痛苦无比。九大意志中有一个白发男子池丘白（保持清醒，满腔愤怒杀意，在亿万灵魂角逐中存活为最强九大意志之一）。嚎魔教主修炼《血魔卷》（黑暗深渊传说绝学，魔祖六大传承之一，仅下卷出现过被寂灭大帝得到自创绝学成尊者级，黑暗深渊最接近主宰者；嚎魔教主机缘巧合得上卷可入门，真神以下足够修炼，三万年修到最后一步）。血魔身入门极苛刻，需炼化九大最强意志，操之过急本尊神心可能被吞噬（第一次最容易成功）。嚎魔教主期待入门后实力越阶战大能者，将来从寂灭大帝得下卷传承合二为一。东伯雪鹰乘星域飞舟透过血刃酒馆系统购嚎魔教主情报（一千万贡献点，需精通因果之道者查探）：本尊在骷髅海老巢，分身在三首神山遗迹探险。,嚎魔教主修炼《血魔卷》上卷（魔祖六大传承之一），炼化九大意志含池丘白，入门到最后一步；东伯雪鹰花一千万贡献点购嚎魔教主本尊分身情报。
深渊,交出来,矛盾展现、情节推进,冲突,东伯雪鹰得知嚎魔教主分身在三首神山（第40层深渊世界，宇宙大破灭存续遗迹，危险不如湖心岛不可小瞧），进遗迹追踪太难决定去骷髅海老巢。东伯雪鹰对嚎魔教主生敌意（大肆搜集灵魂修炼邪恶秘术，池丘白命运恐怕悲惨）。抵达第三十七层深渊世界（阴冷狂风，骷髅海核心地带巍峨宫殿）。东伯雪鹰释放黑暗毁灭气息+无形意志（本尊神心犹如琉璃内外通彻可放光芒），千万里范围寂静。嚎魔教主在骷髅大殿受魅魔伺候，辨认出血刃馆主衣袍（血刃神帝亲手炼制馆主专属），命令全部滚下，化黑雾穿梭虚空到东伯雪鹰面前客气行礼。东伯雪鹰要带走三万年前从达尔豪处获得的池丘白灵魂。嚎魔教主心惊（怕暴露血魔卷），谎称不知道池丘白、又说灵魂拿去修炼秘术是常有事。东伯雪鹰煞气一显（恐怖意志），要嚎魔教主交出池丘白灵魂或全部残存灵魂供筛选或亲自动手搜查。嚎魔教主拒绝（老巢本尊带血魔卷上卷传承重宝怕被搜查发现），谎称送给大能者，拒绝立深渊誓约。东伯雪鹰召九个世界分身（黑色甲铠灭极玄身，毁灭邪恶气息，世界分身可变万千连兵器都能变）包围嚎魔教主。,东伯雪鹰赴骷髅海逼嚎魔教主交池丘白灵魂，嚎魔教主隐瞒血魔卷谎称送大能者拒立誓约，东伯雪鹰召九世界分身包围。
深渊,杀,战斗描写、转折高潮,战斗、高潮,"嚎魔教主猜东伯雪鹰是东伯雪鹰殿下请来的（炼化池丘白记忆碎片知夏族世界有东伯雪鹰），劝血刃馆主何必为神界的为难他。东伯雪鹰逼问池丘白是否已死，嚎魔教主谎称灵魂消散。东伯雪鹰要其立誓约确定灵魂消散（打算从时光长河复活），嚎魔教主犹豫（池丘白严格来说未真正死去）。东伯雪鹰不再迟疑动手，九世界分身挥长棍（为隐藏身份不用长枪，棍枪共通），每世界身体有太皓之力+灭极玄身力量大破灭之效。嚎魔教主全力以赴身体化模糊血色影子（血魔身入门最后一步），血色影子上九大冤魂咆哮（含池丘白白发男子身影，疯魔恶鬼般充满滔天恨意挣扎）。东伯雪鹰大惊，明白池丘白等九位与嚎魔教主诡异共生状态，要救长风大哥只有杀嚎魔教主从时光长河复活（不杀嚎魔教主池丘白诡异状态没法复活）。十根长棍围攻，嚎魔教主被一根长棍扫中扭曲震颤勉强保命，传音给澄明帝君（隔三层深渊世界的黑暗深渊大能者）求救。嚎魔教主发现东伯雪鹰对周围时空没有压制（境界缺陷），以时空神心穿梭时空遁逃。东伯雪鹰驾星域飞舟追击（速度比嚎魔教主快），嘴喷十方灭世火第七层（浅紫色火焰，近乎大能者之威，领域类全覆盖）灼烧嚎魔教主血色影子。九世界分身围攻+火焰灼烧，嚎魔教主拼死挣扎连抗两波攻击起疑（棍法规则奥妙连自己都不如、没封禁时空、堂堂大能者不懂时空神心？推断境界很一般或新晋四重天或很强三重天凭特殊手段有如此战力），大喝""你不是黑暗深渊的大能者，你是东伯雪鹰？""",东伯雪鹰九世界分身围攻嚎魔教主，发现池丘白与嚎魔教主诡异共生，十方灭世火+长棍围攻，嚎魔教主以时空神心遁逃被发现境界缺陷推断出东伯雪鹰身份。
深渊,斩杀！,战斗描写、转折高潮,战斗、高潮,"东伯雪鹰被喊出身份后坦然（暴露就暴露大不了大杀一场），九世界分身兵器从长棍变长枪，真身拿出血炼神兵赤云枪（使用最熟悉兵器实力再涨）。嚎魔教主焦急传音求饶称不公开（深渊意志未知晓东伯雪鹰身份，周围隔绝规则探查），东伯雪鹰杀机滔天不留情（不杀嚎魔教主池丘白无法复活）。十杆长枪威势更凶猛，赤云枪威势强一大截，嚎魔教主再度重创，十方灭世火时时刻刻灼烧伤势加重。东伯雪鹰暗叹境界欠缺（嚎魔教主血色影子仿佛虚无世界牢狱无法束缚，需成四重天界神才能弥补）。远处数万亿里外时空波动，澄明帝君（黑色皮肤恶魔，裹黑色破布，类似尤兰领主）因果传音劝放过嚎魔教主（仅杀一分身何必），穿梭时空赶来。嚎魔教主大喜呼救。东伯雪鹰施展第二枪（威势明显强，空间扭曲），第三枪正是攻击性最强秘技""毁灭""（十杆长枪化作十个耀眼太阳，威势远超之前，完全不亚于资深四重天界神，当初凭此通过血火之门成为湖心岛宾客，困毁灭洞天多年参悟完善提升）。大破灭下嚎魔教主血色影子完全分解破碎当场毙命。澄明帝君进入领域范围（亿万个裹破布黑色皮肤恶魔同时出现，百万里范围大圆坑），怒称来晚了。东伯雪鹰已收嚎魔所有宝物（顶尖四重天界神宝物，请大能者复活长风需代价），淡然称接了任务自然要杀。澄明帝君判断为死去的嚎魔（仅损失分身）与血刃馆主为敌不智，且东伯雪鹰最后斩杀招数霸道方面比他略胜一筹（招式奥妙粗糙些），交手不一定占上风，放弃。东伯雪鹰驾飞舟撕开时空通道离去。三首神山石洞内嚎魔教主本尊（容貌与分身一模一样）心疼滴血（本尊被灭需从头再修血魔卷希望更低，至宝血魔卷上卷原本损失），向深渊意志揭露东伯雪鹰身份（外来者），收起隔绝探测宝物任深渊意志知晓，透过传讯宝物传讯各方。","东伯雪鹰暴露身份后用赤云枪施展枪法""毁灭""三枪斩杀嚎魔教主本尊，收走宝物含血魔卷上卷原本；澄明帝君赶到已晚放弃拦截；嚎魔教主分身向深渊意志揭露东伯雪鹰身份并传讯各方。"
深渊,传遍神界深渊,氛围营造、伏笔深化,伏笔、设定,嚎魔教主传讯各方四重天界神及大能者，称东伯雪鹰以血刃馆主身份在深渊第三十七层灭其本尊夺走宝物含血魔卷上卷原本，遭黑暗深渊排斥正在逃窜，以深渊意志起誓真实性。嚎魔教主心疼愤怒（前途无量被毁，第一次失败本尊神心影响第二次希望渺茫，第三次血魔卷记载无人成功），深渊意志引导+血魔卷诱惑怕没几个大能者挡得住。东伯雪鹰抵达第三十八层深渊世界感到深渊意志排斥毁灭杀意（深渊意志本身不轻易出手，除非立誓约降恐怖惩罚，正常只排斥引导深渊强者击杀，硬碰硬得师尊级数才能正面抵挡）。剑界君主（第三十八层深渊君主，九个瘦小老者各背细剑，世界造诣极高可调动数万亿里整个一层深渊世界，修炼十亿年有余很年轻）围攻东伯雪鹰（其世界分身东伯雪鹰无法抢夺世界之力凝聚）。东伯雪鹰赤云枪横扫大破灭摧毁六个世界分身（其又凝聚），星域飞舟强行前进。剑界君主得嚎魔教主传讯知血魔卷上卷，眼眸狂热（得到战力飙升将来成大能者实力非同凡响），真身带血炼神兵出发（战力更强）。澄明帝君得知血魔卷上卷消息脸色大变（早知是东伯雪鹰境界比他低太多完全有希望得到血魔卷），疯狂追击。整个黑暗深渊第一时间一大群强者得知，消息传播太广，东伯雪鹰名字迅速传遍神界深渊。,嚎魔教主传讯各方揭露东伯雪鹰身份及血魔卷上卷原本，深渊意志排斥，剑界君主澄明帝君等疯狂追击，血魔卷消息传遍神界深渊。
深渊,围追堵截,伏笔深化、转折高潮,伏笔、高潮,血刃神帝（赤红铜炉前，分身术独步神界深渊三尊身体，本尊观看宇宙铜炉）得消息，黑鸟惊呼东伯雪鹰惹出大事。血刃神帝笑称惊才绝艳者受宇宙钟爱气运汇聚是机遇也是劫难（可能磨练更厉害也可能弄废），乐观其成（自己当初经历比东伯雪鹰危险不知多少）。黑鸟称血魔卷是魔祖六大传承之一（魔祖诸多宇宙纪元中实力仅次于湖心岛主人，湖心岛主人第一魔祖仅次之，魔祖修行杂乱擅长极多，湖心岛主人精纯，相互争斗走到极高地步）。白君王（第二十三层深渊世界，前五十层唯一尊者级）悠闲喝酒得消息，传音寂灭大帝（第一百九十九层深渊世界，紫甲雄壮男子头生黑色弯角手臂龙纹，霸道蛮横出名，黑暗深渊最接近主宰者，凭血魔卷下卷自创绝学成尊者）询问是否想要血魔卷上卷。寂灭大帝称已跨出血魔卷影响走出自己的路不屑，白君王激将（不敢看完整传承怕受影响？），寂灭大帝冷笑称白君王想从他那得下卷借鉴完整传承，约定白君王先得到上卷则交换传承。白君王传令前五十层君主联手对付东伯雪鹰（功劳大者赐传承机会），君主们不敢违抗。东伯雪鹰压制剑界君主真身（狡猾身体切换难杀），抵达第三十九层深渊世界感应到三股强大力量（一股原有两股进来）：红衣魅魔君主（无量身无数身影）、山岭恶魔君主（大能者，金属般岩石体表）、绿色雾气幻影君主，后方澄明帝君、剑界君主追来。东伯雪鹰发愣不知血魔卷何物，得火铖尊者传讯（焦急关心但身陷古洞府无法来救）。,血刃神帝乐观其成视东伯雪鹰劫难为磨练，白君王与寂灭大帝约定交换血魔卷传承，白君王传令前五十层君主联手，东伯雪鹰遭多方强者围堵。
深渊,拼出一条生路来！,战斗描写、转折高潮,战斗、高潮,"东伯雪鹰明白血魔卷上卷原本（绝学原本价值极高可一次次传承，从师尊学太皓仅传承原本在师尊那）诱惑力极大，交出去也会被没立功者顺手解决得深渊意志奖励，决定拼出一条生路。体表浮现黑色甲铠（《灭极玄身》第三层，毁灭军团士兵模样）。绿色雾气幻影君主迷幻之术渗透东伯雪鹰被强大意志破除（神心如琉璃，毁灭军团考验比最初艰难得多），冲击三位四重天界神君主神心。山岭君主（大能者，巨大拳头如天地刑罚）正面砸来，东伯雪鹰赤云枪怒抽拳面又抽胸膛，山岭君主被正面抽飞（力量出名的大能者被正面压制，太皓之力+灭极玄身擅力量速度）。星域飞舟撕裂时空高速飞行，东伯雪鹰黑甲持赤云枪暴烈凶悍正面碾压，三位四重天界神君主无法正面阻挡。澄明帝君无数身影（单手持刀刀法高手，境界完虐东伯雪鹰）围攻，刀法劈在黑甲上连痕迹都没留下（防御无敌，经甲铠削弱残余力量对强横身体无法影响）。东伯雪鹰长枪横扫消散大量身影，澄明帝君真身遁逃。""挡我者死""怒喝伴随意志传递烙印空间千万年上亿年都能听到。澄明帝君传音联手牵制拖住（白君王定不亏待），山岭君主应和，五位拼命出手但小心不想葬送性命。东伯雪鹰焦急（被拖越久生机越渺茫，顶尖大能者甚至尊者级都会赶到，尊者级一招解决自己）。","东伯雪鹰穿灭极玄身第三层黑甲正面碾压，抽飞山岭君主，硬抗澄明帝君刀法毫发无损，""挡我者死""怒喝烙印空间，五位君主联手牵制。"
深渊,逃命计划,情节推进、转折高潮,高潮,东伯雪鹰凭力量优势驾星域飞舟冲到第四十层深渊世界，十一位深渊君主汇聚（追来的+深层堵截的）。东伯雪鹰判断灭极玄身第三层防御无敌仅相对一般大能者，敌人实力太强黑甲不一定扛得住。生机在三首神山（第四十层，三个恶魔头颅入口各万亿里高，宇宙大破灭存续古老遗迹）。东伯雪鹰不往外逃的原因：白君王（第二十三层尊者级翻手灭自己）、逻魔主（虽非尊者级但能在尊者级面前保命杀招极强，和九阳宫主紫袍巫皇比占上风）在外逃路上无法应对，三十多层深渊世界单单这两位就无望。逃向三首神山原因：近（第四十层离第三十七层近）；古老遗迹大能者不敢肆意追捕自己保命强有望活下来。东伯雪鹰驾飞舟朝最近入口飞近（神山占近半区域），七位近身围攻君主中三位大能者（普通水准）东伯雪鹰还扛得住。东伯雪鹰用身体硬抗节省时间，从山羊恶魔头颅耳朵孔洞钻入三首神山。追杀君主们进入孔洞范围感无形压制（领域无法施展、世界之力无法调动、时空无法穿梭），速度大减。白君王穿行时空（前进速度比星域飞舟快，但一层层前进仍需时间，他的道擅长战斗不擅长赶路），抵达第三十五层，得知东伯雪鹰朝三首神山冲，称其有自知之明（一开始就朝第四十层逃，清楚只有三首神山有一线生机），暗道毁灭军团士兵实力可怕（三重天就这样）。白君王到三首神山也追不上。三首神山内，东伯雪鹰储物手环内暗红色锋利残片（湖心岛冰封尊者尸体遗物之一，尊者级存在未发现用途，东伯雪鹰也没摸透）震颤受无形力量吸引。,东伯雪鹰冲到第四十层逃入三首神山（唯一生路），君主们被压制减速，白君王追不上，东伯雪鹰残片受三首神山无形力量召唤。
深渊,狼狈,人物心理、伏笔埋设,伏笔、情感,东伯雪鹰将残片召唤抛之脑后（活不了命所有物品包括血魔卷都被夺走，寻宝找死）。追杀君主们借因果感应锁定东伯雪鹰大概方位（周围千万里混沌模糊有隔绝探查宝物），随时间推移围捕君主数量增加甚至尊者级可能到来。东伯雪鹰得血魔卷上卷消息在神界也越传越广（血刃神帝火铖尊者等顶层存在渐传大能者四重天界神）。夏族世界红石山内世界酒楼，余靖秋陪白衣东伯雪鹰吃佳肴，担忧东伯雪鹰被追杀（听说很多深渊君主前往三首神山甚至寂灭大帝出发）。东伯雪鹰轻笑称大不了损失一尊分身（赤云枪可惜师尊亲炼），血魔卷上卷感应过太过血腥邪恶不适合自己（无欲则刚，有完整太皓灭极玄身不像四重天大能者疯狂）。余靖秋问有把握逃出吗，东伯雪鹰称身陷三首神山源源不断君主围捕谁敢说有把握，只一拼而已。竹山府主在紫竹海竹屋（法阵激发）全力推演辅助古洞府分身，得东伯雪鹰麻烦消息，嗤笑所谓宇宙钟爱（自己曾经历知道太苦，卡在最关键瓶颈无法超脱），因果传音东伯雪鹰愿出手相救（欠湖心岛机缘大人情）。东伯雪鹰婉拒（白君王魔鸢尊者已到，寂灭大帝关注，竹山府主只有把握应付白君王，魔鸢尊者围攻或可拼一拼，寂灭大帝出手毫无希望；且竹山府主出手黑暗深渊尊者会觉得轻易救出是奇耻大辱或有其他尊者出手）。竹山府主断绝传讯。东伯雪鹰吐血狼狈逃命（岐海皇追杀速度比一般大能者快但比东伯雪鹰慢一丝丝），暗叹形势越来越恶劣。,东伯雪鹰婉拒竹山府主相救（尊者级太多救不出），余靖秋担忧东伯雪鹰轻笑大不了损失分身，东伯雪鹰被岐海皇追杀吐血狼狈逃命。
深渊,恶魔漩涡,环境铺陈、转折高潮,设定、高潮,东伯雪鹰逃进三首神山一个时辰逃命难度急剧增加（岐海皇第八十五层君主追来，速度比东伯雪鹰慢些还能甩脱）。东伯雪鹰想找地方藏血魔卷上卷原本（学岳父藏真神器），但三首神山通道坚韧坚不可摧，深渊君主释放界神力大肆碾压扫荡能轻易扫出（湖心岛冰层可伪装冰晶且大能者不敢大肆破坏，三首神山危险程度低大能者敢地毯式搜索）。聚集三首神山已有两位尊者级（白君王、魔鸢尊者）、一百二十五位深渊君主沿不同岔道堵截。东伯雪鹰黑甲有裂缝体内骨头粉碎迅速愈合（野摩追杀，腰间裹皮裙巨人持巨斧，速度与东伯雪鹰相当，大能者顶尖实力和九阳宫主紫袍巫皇接近，进攻狂猛防御极强）。野摩巨斧劈东伯雪鹰抛飞黑甲裂缝身体碎裂（太皓之力裹挟顺势逃命），野摩想要血魔卷原本与寂灭大帝交换得全本借此跨入尊者级。东伯雪鹰看到前方千亿里直径巨大孔洞（恶魔漩涡入口，无尽狂风被吞吸产生强烈漩涡，三首神山最危险处连尊者级都受威胁），毫不犹豫顺吞吸加速冲入。野摩停在孔洞入口（里面危险连他都可能丧命），分化真神力分身钻入。孔洞内风越来越大时空扭曲，东伯雪鹰被裹挟飞行速度飙升（偶尔一次穿行十亿里百亿里不敢加速无法控制身形），沿途有岔道口。东伯雪鹰掠过十五个岔道口，在第十六个亮光岔道口（百亿里直径入口）控制力量冲入，狂风消失阻力大增，进入一片昏暗世界（天空昏沉，地面光滑平整砂砾如沙漠无凸起，约两千亿里直径除入口无其他出口）。,东伯雪鹰被野摩追杀冲入恶魔漩涡（三首神山最危险处），在第十六个岔道口进入昏暗砂砾大地世界（祁水世界），野摩不敢进只派分身。
深渊,蛰伏,设定揭示、人物心理,情感、揭示、设定,东伯雪鹰探查砂砾大地（约两千多亿里直径除入口无出口），降落踩出脚印。太皓之力排挤砂砾（直径上亿里深坑），越深砂砾越粗大不规则（灰白色），六万里深见一根一亿六千万里长断裂残破黑色骨头（表层碎末为粗大砂砾）。东伯雪鹰想收起骨头收入洞天宝物（杀嚎魔教主本尊得到炼化），却无法收起（天地无形力量束缚骨头与世界成一体），放下后骨头沉陷底部。底部为暗红色厚膜，太皓之力勉强刺入一手指深度，收回力量后裂缝立即愈合，赤云枪勉强刺入百米深收回后愈合。东伯雪鹰将《血魔卷》上卷原本（血色书籍如无尽血海邪恶血腥诱惑）藏在储物宝物内裹隔绝探查宝物伪装暗红色皮膜模样，赤云枪刺出百米深裂缝将宝物扔入，收回长枪裂缝愈合。天空下雨（雨水贯穿太皓之力滴落黑甲嗤嗤作响受损，骨骸表面破损粉末因雨水分解），积水迅速上涨一米深。东伯雪鹰穿积水层钻入砂砾层六万里深到暗红色厚膜（积水未渗透），赤云枪怒刺百米深顺势钻入，又深入二十米无法继续（越深越坚韧）。东伯雪鹰取出嚎魔教主洞天宝物变化暗红色厚膜物质模样，自己消失进入洞天宝物，厚膜合拢包裹微小物质。洞天宝物隔绝千万里范围区域（核心在三百万里外），尊者级要一处处深入厚膜内部千万里范围找不容易。东伯雪鹰吩咐器灵断绝嚎魔信仰，随意找片草地百万里范围隔绝修行，暗道看是自己先成四重天界神还是他们先找到自己。红石山本尊同步闭关不成四重天界神不出关（在三首神山的分身被抓住只能怪运气，该做的都做了，实力弱在外闯荡太累，安心修炼四重天界神）。,东伯雪鹰发现祁水世界砂砾为古老骨骸被雨水分解，底部暗红色厚膜坚韧；将血魔卷上卷原本藏厚膜百米深处，自己躲入洞天宝物隔绝千万里范围闭关，本尊同步闭关不成四重天不出关。
深渊,放弃,人物心理、设定揭示,情感、揭示、设定,白君王进入祁水世界（已成千米深汪洋），借因果感应确定东伯雪鹰在千万里混沌模糊区域内。白君王体表血煞气流隔绝雨水，汹涌血煞气流弥漫千万里范围包裹一切水流砂砾大地，积水汇成巨大水球，砂砾大地六万里深被包裹悬浮露出暗红色厚膜。白君王念头一动水球震颤每一滴水粉碎判断无东伯雪鹰，挥手抛走水球。砂砾大地血煞气流侵袭粉碎成细微碎粒（连坚韧黑色骨骸碎片都断裂粉碎），判断无东伯雪鹰抛走碎粒。白君王尝试朝厚膜一压（血煞气压下百米范围凹陷六十米），右一伸出现一柄剑简单怒劈摧毁百米范围厚膜一百五十米深度（东伯雪鹰长枪沿一点刺入多次仅一百二十米，以普通真神实力推测尊者不知开辟道路何等特殊）。白君王判断东伯雪鹰能深入百米须一击达此深度才有把握，千万里范围得漫长岁月。血魔卷上卷对白君王诱惑力太小（尊者级有绝学在身，完整绝学诱惑力都很低除非特殊绝学如毁灭军团最强防御绝学，血魔卷最多借鉴窥伺魔祖手段或传授弟子），不愿不辞辛苦一处处轰开（耗费上亿年）。白君王出三首神山到云层上悠闲喝酒，领域覆盖整个深渊世界（东伯雪鹰从三首神山出来逃不掉）。魔鸢尊者（黑袍鸟头人双眸金光）出现，白君王称血魔卷在祁水世界想要尽管去（白君王一招探百米厚膜，魔鸢尊者不擅搏杀一次恐探一米范围）。魔鸢尊者称不值得也放弃。,白君王亲入祁水世界搜索，一剑摧毁百米范围厚膜一百五十米深，但千万里范围需漫长岁月，血魔卷诱惑力太低放弃；魔鸢尊者也放弃。
深渊,岁月,设定展开、伏笔深化,伏笔、设定,东伯雪鹰在洞天宝物世界盘膝坐草原上，面前三件物品（赤红手环、黑色长鞭、大斧，湖心岛冰封尊者尸体遗留极品界神器，时空方面极擅长，以炼制真神器为目标材质所限仅极品界神器）。赤红手环擅长困敌（时空运用超出时空神心范畴），长鞭攻击引导周围时空形成领域束缚缠绕，大斧最霸道（时空断层威势恐怖）。东伯雪鹰潜心琢磨三件界神器钻研时空一道（结合师尊时空神心指点印证）。祁水世界对深渊君主们很危险，极个别实力极强者进来探索面对千万里厚膜放弃（探索速度更慢上亿年只能探索很小一片，以东伯雪鹰修行速度上亿年超脱成大能者都正常），六位深渊君主因古老遗迹本身危险丧命（仅损失分身）。三首神山逐渐平静，君主们大多离开，神界深渊关注降低。十五万年后，殷石别院东伯雪鹰洞府内余靖秋（已炼化真神器神剑，《心剑图》残篇掌握更深，实力接近摩雪国主使用真神器恐摩雪国主都不是对手）、摩雪国主、东伯青瑶（已提前成界神，不使用信仰石）、东伯玉（卡在瓶颈外出闯荡）。余靖秋已知身份不再隐瞒儿女，待东伯雪鹰成四重天归来解决妻子和金霄老祖仇怨。东伯雪鹰修行已超二十一万年（百倍加速），破不了最快成四重天界神记录（时空岛主十八万年多些）。三首神山洞天宝物内，东伯雪鹰站高山手持赤红手环一挥手吞吸连绵山脉入内，十五万年方才能够真正激发内部时空法阵威能（仅一丝未完全掌握）。参悟时周围高山草原扭曲出现不同时间虚影，东伯雪鹰不知不觉已掌握时空神心。,东伯雪鹰闭关参悟三件时空界神器，十五万年后掌握时空神心；祁水世界君主们放弃搜索；余靖秋炼化真神器实力大进；东伯青瑶成界神。
深渊,四重天,悟道、转折高潮,修炼、高潮、爽点,"东伯雪鹰站山顶看到时光长河（无数生命沉沦含自己，半个身子在水面能俯视周围生命但被拖拽束缚无法摆脱），掌握时空神心后能看到时光长河（宇宙诞生起存在过的一切生命未超脱者都在其中，修行者追求先超脱时光长河成永恒）。天地规则如琴弦，东伯雪鹰掌握四根琴弦（世界、混洞、极点、时空四种一品神心），四根柱石已能稳稳支撑大桥，触类旁通对其他一品神心有感悟（因果神心已有所感悟，悟出大半很容易如余靖秋悟出大半可借因果感应）。毛线球比喻掌握四根主要毛线理顺整个毛线球容易。东伯雪鹰成四重天界神，但实力出去像岐海皇等极厉害大能者会蹂躏自己（境界是根本，展现靠枪法秘技绝学）。东伯雪鹰选择先修《灭极玄身》第四层（《太皓》第四篇四转境这次出去依旧是个死，九阳宫主紫袍巫皇还差一步；灭极玄身第四层尊者级以下恐怕伤不了自己，灭极玄身也拥有超强力量速度）。太皓修炼能量太皓之力，灭极玄身修炼物质身体甲铠二者截然不同，节约时间二者取其一。灭极玄身第四层难度不亚于太皓四篇四转，追求物质极致对物质规则运用极高，物质最基本构成需内含世界内世界强度影响甲铠强度（体表黑甲看似甲铠实为无数世界构成最坚韧物质）。东伯雪鹰成四重天界神潜心修灭极玄身，外界一无所知。三首神山外云层上白君王喝酒，绿袍妇人（背负神剑，气息内敛，白君王都拘谨的""帝君""）到来告知大事：深渊主宰尼罗（血腥主宰）带绿袍妇人和巫魔与神界血刃神帝、毁灭君主行动，被时空岛主（最奸诈狡猾无孔不入）联合万神殿主、乾合娘娘算计，尼罗主宰分身身死重宝被抢（散发血腥气息的三足鼎疑与魔祖有关），绿袍妇人和巫魔分身战死，毁灭君主战死，血刃神帝以一敌三逃命。乾合娘娘和血刃神帝关系极好竟翻脸（为利益翻脸正常）。尼罗主宰极度愤怒怒骂时空岛主，接下来一段岁月深渊和时空岛或许开战。白君王嗤笑尼罗主宰势力最弱却最暴躁。",东伯雪鹰掌握时空神心突破四重天界神（四种一品神心触类旁通），选择先修灭极玄身第四层；绿袍妇人告知深渊主宰尼罗分身被时空岛主等联手击杀重宝被抢。
深渊,炼化飞刀,设定揭示、悟道,修炼、揭示、设定、爽点,东伯雪鹰修灭极玄身第四层遇难题：物质神心以如今境界触类旁通全力推演掌握不难，但灭极玄身第四层追求物质极致对物质规则运用极高极高，物质最基本构成需内含世界内世界强度影响甲铠强度。物质规则潜心体会，世界奥妙提升靠炼化真神器飞刀。夏族世界红石山白衣东伯雪鹰盘膝坐庭院大树下，身前漂浮鞘内飞刀，意识感应渗透真神器内部规则空间（虚界，能衍变出真实世界的虚界，包容完整世界一切规则世界缝隙阴影世界真实世界等，拥有虚界特有虚幻感笼罩，对世界运用超乎正常天地规则，炼化飞刀能大大提升世界规则运用）。飞刀内除虚界规则外还有极恐怖杀戮规则（一点光芒一穿而过，飞刀为杀死敌人，两种规则都凌驾天地规则之上，故飞刀威力极强）。东伯雪鹰炼化时九成九心思在世界奥妙上偶尔琢磨杀戮规则放松。时间无情，东伯雪鹰在百倍时间下习惯漫长岁月，心思完全在规则奥妙中，触类旁通下天地间大量奥妙不断掌握（掌握所有规则奥妙不代表能将天地规则完整掌握，这是一品真意超凡超脱需逾越的天堑）。成四重天界神八万年后东伯雪鹰炼化真神器飞刀（领悟一丝威能即可施展）。飞刀刀柄黝黑刀刃银白光泽看似普通却蕴含两种凌驾天地规则的道。东伯雪鹰右手一甩飞刀凭空消失，器灵红石察觉不到存在，远处一点光芒闪烁后飞刀入鞘（悄无声息杀敌）。东伯雪鹰明白大能者渴望真神器原因（实力提升+时时刻刻参悟凌驾天地规则的道，飞刀内蕴含两种道）。虽炼化真神器但世界奥妙掌握不够物质奥妙体会中，成四重天界神后十一万年，东伯雪鹰在祁水世界洞天宝物又一次尝试修灭极玄身，恐怖气息冲击草原摧毁高山（百万里范围内被器灵隔绝），裸露皮肤手指筋骨震颤如开天辟地。灭极玄身第四层终于练成：体内每个粒子内含七个混洞运转的混沌世界（七个混洞有大有小彼此吞吸影响密度极高稳定极高），每个粒子威力无穷，身体防御力匹敌万劫混元身第九层。,东伯雪鹰炼化真神器飞刀（虚界道+杀戮道），成四重天界神十一万年后练成灭极玄身第四层（体内每粒子含七混洞混沌世界，防御匹敌万劫混元身第九层）。
深渊,出关,转折高潮、伏笔深化,伏笔、高潮,东伯雪鹰凭毁灭军团统领赠予的前四层修炼珍奇材料一气呵成修圆满灭极玄身第四层。闭关二十六万年出关（祁水世界已成万里深汪洋，黑甲质变太皓之力可隔绝水流，太皓第四篇达三转境）。东伯雪鹰掌握因果神心大半（因果感应），感应到因果线连接本尊（通体漆黑宛如实质，敌人可借因果攻击本尊，但本尊在物质界有规则庇护）、妻子靖秋、儿女东伯玉东伯青瑶、弟弟东伯青石、父母、血刃神帝等，三首神山内九位深渊君主与自己存在因果（因果较轻可判定大概位置）。白君王因果线隐隐震颤，仍在这一层深渊世界三首神山外。东伯雪鹰化作流光朝祁水世界入口飞去（速度比过去快得多），穿过入口进入恶魔漩涡。不急着出去，循残片感应先去瞧瞧吸引残片的是什么（离开黑暗深渊不知多久再来，三首神山内个个被压制只能慢慢飞无太大危险，出去白君王可瞬间穿梭世界到面前）。逻魔主（深青色甲铠男子头生独角暗黄眼眸，黑暗深渊赫赫有名，实力比古藏帝君九阳宫主紫袍巫皇都强大，近乎尊者级，视血魔卷为开辟道路希望）、岐海皇（八爪章鱼独眼，第二十一层君主？其实第八十五层君主，近乎尊者级）等九位君主感应到东伯雪鹰出关。白君王在云层上喝酒称东伯雪鹰终于出来（二十六万年真短）。东伯雪鹰循残片感应进入曲折通道（通道越走越窄从上亿里粗到半米直径身体缩小），发现通道壁上斜插一块暗红色锋利残片（与自己的几乎一模一样，三首神山通道坚不可摧残片竟插进去）。残片飞来与东伯雪鹰手中残片合一为完整暗红色符牌，符牌内讯息传递过来，东伯雪鹰脸色微变（出乎意料与想的不太一样），暗道是福是祸。岐海皇正在逼近，东伯雪鹰沿来时方向迅速飞回（不敢继续前进岔道越走越窄恐死路）。,东伯雪鹰闭关二十六万年出关，掌握因果感应，循残片感应在三首神山通道壁找到另一块残片合一为暗红色符牌（有特殊讯息），岐海皇逼近东伯雪鹰原路返回。
深渊,岐海皇拦截,战斗描写、转折高潮,战斗、高潮,东伯雪鹰超高速穿行曲折通道返回，岐海皇（八触手漂浮独眼，千万里直径通道边缘）守在那。岐海皇认为东伯雪鹰太自大（四重天界神称霸稍微匹敌普通大能者就推测近乎尊者级存在实力可笑，能和岐海皇并列的都是古藏帝君九阳宫主等主宰亲传绝学在身或底蕴深厚如逻魔主紫袍巫皇）。岐海皇八触手出招引起时空变幻形成巨大时空漩涡（引力塌陷形成混洞，遮住整个通道，力量幅散整个通道东伯雪鹰无处可逃）。东伯雪鹰赤云枪暴涨枪尖周围绝对黑暗外耀眼光芒如太阳（如今随意一枪都有超强毁灭威势，经千万年修行炼化真神器飞刀汲取杀戮道经验枪法大幅蜕变，不像之前需三枪蓄势）。长枪强行刺入时空漩涡，超小型混洞破灭引力紊乱漩涡震颤，八触手疯狂围攻。长枪威势与八触手碰撞，岐海皇感觉到极强穿透力汹涌力量压制不住，侧身避让长枪从旁刺过。东伯雪鹰长枪拍击岐海皇头颅，偌大身躯被拍飞撞击通道石壁。岐海皇大惊（东伯雪鹰力量比他还强，太皓第四篇三转境+灭极玄身第四层两大法门结合力量速度更加凶猛，想要力量胜他得同样修擅长力量绝学的大能者如逻魔主）。岐海皇八触手断裂变成八个暗红色恶魔分身（一对弯角反关节膝盖强壮身躯触手尾巴，每个分身和真身接近，真身+八大恶魔分身可变足足八十一个世界分身，最擅长群殴）。东伯雪鹰长枪逼迫两名恶魔退开真身一闪而过甩脱。岐海皇悲愤无奈（东伯雪鹰速度快一倍都不止，时空大世界被一枪摧毁，群殴东伯雪鹰寻缝隙轻易甩脱），八个恶魔分身融入体内化作流光追逐但速度慢太多。,东伯雪鹰一枪摧毁岐海皇时空大世界拍飞岐海皇，甩脱其八大恶魔分身围攻，岐海皇速度慢太多追不上。
深渊,以一敌三（上）,战斗描写、人物心理,情感、战斗,"东伯雪鹰甩掉岐海皇极限速度穿行通道，反思岐海皇时空大世界的不凡（时空和世界结合形成封印世界，实力稍弱无法破坏漩涡就被吞吸镇压困住；赤红手环对时空操纵更了得已凌驾天地规则是开辟出的时空的道，岐海皇虽强未开辟自己的道但将时空和世界结合；岐海皇自创裂变分身了不得，触手肉身变化成分身保持超强实力是特殊身体秘术改造，自身手段无需外求，不像世界分身有敌人夺取世界之力操纵权或古老之地压制的缺陷）。东伯雪鹰暗忖近身搏杀岐海皇境界利用在己之上恐难获胜。距恶魔漩涡两亿多里，东伯雪鹰脸色变（两名深渊君主在恶魔漩涡穿行时一次穿梭时空直接到前方路尽头进入通道）。两名深渊君主为度罗君主（灰袍，虚空法阵造诣，修行五百亿年功成寻机会）和曲覆君主（半透明数十根柔软触角胖乎乎，防御出名）。度罗君主拉曲覆君主（防御保命媲美万劫混元身第九层）同伴，欲牵制东伯雪鹰立功得白君王赐血魔卷上卷甚至全卷传承（四重天层次绝学大成有近乎尊者战力）。东伯雪鹰判断曲覆君主防御保命极高媲美万劫混元身第九层杀不了无视即可，度罗君主没听说厉害。双方距离缩短，东伯雪鹰飞行速度比对方快一倍还多，单手持赤云枪威势狂猛暴烈不将两个普通深渊君主当对手。曲覆君主、度罗君主停下半空，看到千万里外通体黑甲持赤红色长枪身影（灭极玄身第四层练成已算合格毁灭军团士兵让普通真神恐惧，气息暴烈霸道未曾交手就感无形压迫）。曲覆君主称逻魔主当初也盏茶时间才灭其一分身肯定挡得住。东伯雪鹰遥遥传音""两位深渊君主，还请让开道""。",东伯雪鹰反思岐海皇时空大世界与裂变分身的不凡，遭遇度罗君主（虚空法阵）和曲覆君主（防御保命）堵截，东伯雪鹰传音请让道。
深渊,以一敌三（下）,战斗描写、转折高潮,战斗、高潮,"度罗君主体内真神力转化虚无之力笼罩直径上亿里通道形成法阵（无数神纹流转泛金光完全堵住通道不留破绽），曲覆君主化作半透明球体（近千米大无数光芒流转可见曲覆君主面孔）包裹度罗君主。东伯雪鹰赤云枪怒刺法阵仿佛虚无无任何阻碍扫过，施展枪法""毁灭""三枪（第一枪太阳第二枪更猛第三枪大惊失色）法阵依旧虚无。东伯雪鹰艺高人胆大化作流光冲进法阵，场景变成一望无际空间。东伯雪鹰身躯暴涨五千万里高（刻意变大可达万亿里通道直径一亿里再大影响战斗），长枪怒劈虚空法阵随之变大依旧虚不受力。东伯雪鹰体表迸发耀眼白色光芒太皓之力无孔不入急剧暴涨扩散覆盖整个虚空法阵包裹曲覆君主度罗君主，但破坏不了诡异虚空之力（仿佛不存在）。东伯雪鹰沿一个方向高速飞行，虚空法阵不断运转令周围空间挪移飞了一个呼吸时间最终被挪移在原处（如圆飞来飞去飞到原点，度罗君主操纵法阵跟着变化，兵器太皓之力太快超出变化范畴）。东伯雪鹰决定解决法阵操纵者，长枪横扫怒抽半透明球体略微凹陷抗住，再度怒劈球体凹陷抗住。岐海皇追来冲进虚空法阵不受阻碍直奔东伯雪鹰，八触手断裂变八恶魔分身围攻（大斧劈弯刀切等）。东伯雪鹰不管恶魔分身攻击枪法不停狂攻度罗君主，八恶魔分身围攻（近乎尊者级战力）威势狂暴凶猛，东伯雪鹰仅身体肌肉震荡卸力量脚下未移动丝毫更别说受伤（灭极玄身第四层黑甲连尊者级都很难破，八个大能者顶尖水准差好远）。岐海皇大惊失色（绝招八大分身围攻东伯雪鹰不屑抵挡靠身体硬抗连步伐未移）。东伯雪鹰冷看岐海皇，全力狂攻度罗君主，赤云枪施展毁灭每三枪最后一枪爆发恐怖威能刺穿整个球体，曲覆君主艰难包裹度罗君主闪躲逃窜。岐海皇八触手暴涨缠绕东伯雪鹰束缚影响枪法，东伯雪鹰双臂发力挣断触手（断掉触手迅速飞回修复）。曲覆君主半透明身体被多次刺穿，东伯雪鹰长枪连绵不绝躲不掉，最终长枪贯穿半透明身体刺入度罗君主身体，毁灭之意瞬间摧毁度罗君主身体化为齑粉（身体保命远不如曲覆君主）。度罗君主意识陷入黑暗身体湮灭，虚空法阵消散。东伯雪鹰高速飞行抽开阻拦恶魔分身远去。岐海皇遥看不再追杀（东伯雪鹰防御太夸张）。曲覆君主震撼称以一敌三杀度罗消息传出东伯雪鹰定让整个黑暗深渊神界震撼（尊者级以下又出一位了不得的存在）。",东伯雪鹰以一敌三，灭极玄身第四层硬抗岐海皇八大恶魔分身围攻毫发无损，枪法毁灭刺穿曲覆君主身体灭杀度罗君主分身，法阵消散脱困，震撼各方。
深渊,出来,转折高潮、氛围营造,设定、高潮,其他深渊君主透过因果感应发现度罗君主一分身消失东伯雪鹰又逃了，岐海皇曲覆君主都没追。曲覆君主还好声好气回答（东伯雪鹰实力不亚于岐海皇近身搏杀优势更大，以后早避开放别送死），岐海皇冷漠传音称三对一都被杀一个有本事试试。以一敌三杀一大能者分身消息传遍神界深渊，大能者个个咋舌（历史上逆天四重天界神一般也没这么夸张，东伯雪鹰是这一宇宙纪元仅两名毁灭军团成员之一另一是庞依）。殷石别院东伯雪鹰洞府内余靖秋和东伯青瑶谈论修行（东伯玉卡瓶颈外出闯荡），摩雪国主满脸惊喜来称女婿了不得。东伯雪鹰穿行恶魔漩涡一次次穿梭时空，感应逻魔主位置（尊者级以下最厉害，曾月亮星以一敌八两位毙命六位逃窜，不止一次和尊者级正面搏杀后逃窜，最擅长力量估计在东伯雪鹰之上杀招破解不了）。其他几位不敢追杀，仅避开逻魔主轻松多了。东伯雪鹰感慨不知不觉到以一敌多杀大能者层次，以后再进一步就难了（一品真意超凡一气呵成修到四重天界神是实力暴涨最快阶段，东伯雪鹰是佼佼者破最快成三重天记录）。东伯雪鹰轻松避开逻魔主回到祁水世界，扎入水中穿过砂砾大地到底部暗红色厚膜，太皓之力撕裂厚膜钻入深处收回藏匿的储物宝物取出血魔卷上卷原本（血色书籍如滔天血海侵袭本尊神心邪恶血腥）。东伯雪鹰本没打算带原本出去（被杀血魔卷被白君王得到），但两残片结合的符牌有特殊功用（离开深渊的把握），暗道希望别用到它。东伯雪鹰破空飞去，绕开逻魔主，抵达三首神山其中一个恶魔头颅出口（外面就是白君王）。,以一敌三杀度罗消息传遍神界深渊震撼各方，东伯雪鹰避开逻魔主取回血魔卷上卷原本，凭符牌有离开深渊把握，抵达三首神山出口准备面对白君王。
深渊,白君王,人物引入、转折高潮,人物、高潮,东伯雪鹰从恶魔头颅血盆大口飞出，感觉身上一轻（可操纵世界之力可穿梭时空，三首神山内被完全压制只能慢慢飞）。白君王（银白甲铠俊美男子，冷漠看蝼蚁，恶魔中的恶魔嗜杀让恶魔都恐惧）二话不说直接拔剑（真神器）一剑劈来（周围世界凝固来不及闪躲，剑光美轮美奂如彩虹凌驾天地规则之上）。东伯雪鹰来不及防守被劈倒飞撞击三首神山恶魔头颅面孔翻滚跟头，体内血液沸腾喉咙有甜味，胸前被剑劈中位置有线状裂痕（灭极玄身第四层尊者级都很难杀只有最顶尖佼佼者才能做到，白君王随意一剑就伤——白君王是尊者级顶尖存在）。东伯雪鹰判断是否要动用符牌（特殊有帮助也是大麻烦不到最后不愿用）。白君王惊讶一剑未能杀死四重天界神（毁灭军团绝学厉害，他连主宰都不惧统领深渊前五十层，一剑竟没能杀死）。白君王称能受我一剑不死有资格陪喝几杯。二人飞到云层上云桌云椅（俏丽少女倒酒非真正生命）。白君王感叹毁灭军团绝学防御最强，赞东伯雪鹰通过考验。东伯雪鹰称侥幸，白君王称成功就是实力没有侥幸。东伯雪鹰问接不住一剑应该死了吧，白君王称连随手一剑都接不住的蝼蚁没资格坐一起（杀了东伯雪鹰身上没带血魔卷就派人慢慢搜祁水世界百亿年千亿年不算什么）。东伯雪鹰点头（白君王没杀反而坐下谈，一方面自己防御极强非随手捏死蝼蚁，另一方面白君王认为血魔卷藏在祁水世界慢慢找耗费千亿年也正常）。六臂恶魔抓着嚎魔教主本尊走来（分身已死本尊存活本尊神心被封禁），扔给白君王。嚎魔教主惊恐（旁边东伯雪鹰和传说中的白君王），跪伏求饶。白君王知东伯雪鹰为救好友池丘白来深渊，随手一点血色煞气笼罩嚎魔教主眼睛瞪圆身体分解化作虚无（本尊分身尽皆死完全死了，交易诚意）。东伯雪鹰透过因果已找不到嚎魔教主。白君王提出交易：不求血魔卷上卷原本，只要让白君王和寂灭分别接受一次传承，寂灭那边血魔卷下卷原本也让东伯雪鹰接受一次传承，并送东伯雪鹰安然离开黑暗深渊。东伯雪鹰没有犹豫答应。白君王因果传音寂灭过来。,白君王一剑伤东伯雪鹰（灭极玄身第四层仅线状裂痕，白君王为尊者级顶尖），白君王灭嚎魔教主本尊为交易诚意，提出血魔卷传承交易（上下卷互学+送离开深渊），东伯雪鹰答应。
深渊,一场交易,设定揭示、转折高潮,揭示、设定、高潮,东伯雪鹰和白君王喝酒等寂灭大帝。火铖尊者传讯赞东伯雪鹰一对三杀大能者，提醒小心白君王心狠手辣什么都做得出来。东伯雪鹰称正在白君王对面陪喝酒寂灭也过来商谈血魔卷。火铖尊者称寂灭掺和商谈应该不会有诈（寂灭说出去的话死都会遵守，白君王十句只能信一句说翻脸就翻脸）。火铖尊者传大量神界深渊所有强者情报（尊者们秘辛）：主宰以下实力第一为青君、第二为寂灭大帝（毫无争议），紧跟着白君王、竹山府主、苦行者、炼狱大统领、北玄宫主、火铖尊者等实力相当。尊者分三层次：第一层次能和主宰掰手腕（青君、寂灭大帝），第二层次顶尖尊者（白君王、火铖尊者、竹山府主等，庞依以前也是如今难测），第三层次普通尊者（毁灭君主、魔鸢尊者等）。各自行走的道不一样表现实力不一样（有擅长遁逃主宰都难杀死、有攻击超强达主宰层次但缺陷明显如苦行者、有狡诈毒辣嗜杀如白君王）。修行争机缘主宰们彼此不顾一切尊者真正疯狂说杀就杀，顶尖尊者们都想成主宰和大能者一般无矛盾，偶尔牵扯重宝才导致尊者和大能者搏杀（绝学原本大能者一般没资格掌握）。火铖尊者称白君王狡猾猜东伯雪鹰将血魔卷藏起来故交易。寂灭大帝（两根黑色弯角雄壮男子皮肤龙纹如龙缠绕，紫色眸子雷霆涌动，气息让深渊世界震颤）到来，意志冲击东伯雪鹰感应模糊本尊神心震颤变瞎子但坐得很稳（一般大能者都承受不了跪伏）。寂灭大帝赞东伯雪鹰没跪伏（毁灭军团成员能差吗），称白老鬼会送安然离开（有寂灭在白君王不会耍诈）。寂灭大帝称交易：东伯雪鹰血魔卷上卷让寂灭和白君王各学一次，寂灭血魔卷下卷让东伯雪鹰和白君王各学一次，白君王付出最少。白君王称会帮东伯雪鹰从时光长河复活好友池丘白（交易公平）。东伯雪鹰道谢。白君王让东伯雪鹰去祁水世界取血魔卷上卷原本。,火铖尊者传尊者情报（青君第一寂灭第二，尊者三层次），寂灭大帝到来赞东伯雪鹰未跪伏，确认交易内容（血魔卷上下卷互学+复活池丘白+送离开深渊）。
深渊,时光长河,设定揭示、转折高潮,揭示、设定、高潮,寂灭大帝称有他在白老鬼不会耍诈（以后单独和白君王交易要小心警惕）。白君王疑惑东伯雪鹰还没行动，东伯雪鹰自然坐那一翻手手中出现血色书籍（《血魔卷》上卷原本，散发无尽血腥邪恶气息如无尽血海）。白君王寂灭大帝吃惊（都认为东伯雪鹰九成九会藏起来主动权在己，杀了他也得不到绝学原本，竟随身带着是愚蠢自大还是自信）。白君王后悔没全力出手杀东伯雪鹰（杀了原本落手），佩服东伯雪鹰胆色把他都骗过（东伯雪鹰一笑没辩解，若非意外得符牌的确不可能随身带）。寂灭大帝一挥手出现黑色书籍（血魔卷下卷，气息血腥邪恶更浓郁深邃内敛，两本书籍同出一源）。三人分别依次学血魔卷上下卷传承。东伯雪鹰第一次学血魔卷一次性将上下卷尽皆学完（本尊神心更强学习更快），了解血魔卷为魔祖六大传承之一，是非常邪恶绝学（身体转化两种方式：纯粹靠自身对悟性毅力要求极高修炼极痛苦为大道；靠无数鬼魂辅助难度低十倍但越往后越需吞噬灵魂真神往上几乎无望大成。纯粹靠自身力量纯粹，大成生命形态完全改变主宰都无法斩杀，气息不亚邪恶巫毒，实力直逼青君寂灭大帝）。寂灭大帝称血魔卷走身体改造之路全身心走是歪路（魔祖六大化身创六大传承，魔祖本尊包容一切，自创绝学比血魔卷更强），不屑一顾。白君王赞叹寂灭（深渊最接近主宰），心中狂喜（血魔卷与自己开辟的道几乎同出一源，际遇比预料好太多）。寂灭大帝警惕白君王（白君王没靠山却屹立不倒，深渊唯一让寂灭警惕重视的两位是炼狱大统领和白君王，炼狱大统领与炼狱主宰关系匪浅）。白君王收获极大看东伯雪鹰顺眼，起身称从时光长河复活超凡。三人起身看向半空，操纵时空剥开空间露出时光长河（奔腾汹涌遍布浩瀚宇宙神界深渊物质界，每一个生命从出生到死亡未超脱都有记录，如两层楼神界深渊物质界同层时光长河在更深处一层）。东伯雪鹰看到自己在时光长河中体型庞大气息强大（四重天界神中最强之一仅竹山府主可比但不在同一段河流），周围无数沉沦生命。白君王寂灭大帝已超脱上岸在虚空岸边看河流中无数生命。白君王让东伯雪鹰查看过去时空找到池丘白（东伯雪鹰掌握完整时空神心可在时光长河内观看其他沉沦生命和自己）。,东伯雪鹰随身带血魔卷上卷原本令白君王寂灭吃惊，三人互学血魔卷上下卷传承；白君王操纵时空露出时光长河，东伯雪鹰在时光长河中找池丘白记录。
深渊,捞起来,转折高潮、情感展现,情感、高潮,时光长河浩瀚深不可测，东伯雪鹰影子深入河流深处与其他影子交汇混杂，看到无数熟悉生命（项庞云、司良红、铜叔、程灵淑等，生命短暂如小蝌蚪）。东伯雪鹰暗道将来超脱定将铜叔等复活（大多数恐怕难成神成界神可能性极低，寿命短本尊神心溃散而死没法再复活）。东伯雪鹰请白君王一并复活池丘白妻子（池丘白和挚爱感情深，妻子也是超凡很弱）。白君王答应（血魔卷帮助大心情好，复活弱小超凡轻松，复活神灵会犹豫）。东伯雪鹰庞大身体一指，操纵时空力量裹住池丘白和那女子（交汇极多）。东伯雪鹰只能做到裹住无法让他们复活。白君王右手暴涨伸入时光长河，手掌抓住池丘白和女子强行移动到河流最表面（不同深度代表不同时光，最表层代表现在，挪移过程产生阻力，池丘白夫妇体型小小蝌蚪阻力极小白君王轻松）。挪移到河流表面刹那代表活到如今。一位二重天界神（悟出时空神心查看时光长河）看到白君王伸手入河捞生命问在复活生命吗，寂灭大帝看一眼吓得二重天界神放弃查看意识离开。半空中出现两个凝实身影（雪白衣袍男子池丘白冷静、黑衣女子武希面孔扭曲灵魂体震颤），白君王力量渗透武希体内翻看记忆强行封印最后被折磨记忆（操纵弱小超凡灵魂太轻松），武希恢复平静。池丘白武希睁眼恢复清醒看到彼此惊喜万分。池丘白记忆清楚被嚎魔教主修炼秘术折磨后没记忆，武希记忆一直被折磨后面不知道（被封印）。二人看到白君王寂灭大帝东伯雪鹰三股浩瀚气息（生命层次差距太大幸好三人都完全收敛），池丘白认出东伯雪鹰（记忆中最终战争时东伯雪鹰远不如眼前，眼前东伯雪鹰远超大魔神超嚎魔教主）。白君王称已从时光长河复活二人交易差不多，等会送东伯雪鹰离开黑暗深渊。白君王称重塑肉身无需他出手（黑暗深渊力量凝聚肉身对物质界生命不太好），东伯雪鹰称交给自己。白君王说明封印武希部分记忆（随时间逐渐恢复有接受过程影响小），白君王狡诈狠辣该做事尽量做圆满。东伯雪鹰称带池丘白夫妇先离开黑暗深渊其他事去神界慢慢说。池丘白点头眼中感激，拥抱心爱之人（多少年梦寐以求终于做到）。,白君王从时光长河复活池丘白及妻子武希（灵魂体），封印武希被折磨记忆，东伯雪鹰将重塑肉身，池丘白认出东伯雪鹰感激拥抱妻子。
深渊,五方帝君（本篇终章）,转折高潮、情感展现,情感、高潮,"武希疑惑东伯雪鹰身份但明白是因东伯雪鹰才被复活，感受池丘白拥抱微微一笑满心甜蜜。寂灭大帝称白老鬼送他们离开交易结束他也走了，东伯雪鹰道谢（没寂灭掺和不敢信白君王）。寂灭大帝一迈步进入时空通道消失。白君王懒得多说知自己名声不好，喝道走吧。东伯雪鹰一挥手将池丘白夫妇收入洞天法宝，随白君王进入时空通道返程。有白君王护送返程安全（东伯雪鹰如今实力只要非尊者级出手没什么威胁，逻魔主最多压制自己）。穿过黑暗深渊最表层，深渊意志退去，从时空通道走出到神界虚空。白君王称东伯雪鹰从其地盘带走血魔卷上卷原本很不错，但别太得意好好修行尽早从时光长河超脱（无法超脱百亿年寿命，无法超脱的小家伙带走绝学原本将是其耻辱）。东伯雪鹰称无需君王操心（毁灭军团统领说过境界才是根本，东伯雪鹰自身明白不超脱一切成空）。二人告别，白君王回归黑暗深渊，东伯雪鹰踏上星域飞舟穿梭时空。星域飞舟甲板上东伯雪鹰、池丘白、武希（已重塑肉身，重塑肉身对东伯雪鹰举手之劳）。池丘白感慨恢复肉身来到神界还有小希，东伯雪鹰为池丘白开心（长风过去太憋屈被达尔豪刑罚折磨多年又被嚎魔教主修炼血魔卷折磨充满怨气，挚爱武希也被达尔豪折磨死）。池丘白称此恩记在心（恐难以报恩），东伯雪鹰问去夏族世界还是神界（夏族世界有红石山世界可轻易进入）。池丘白选择回夏族世界（和小希离开家乡太久太久）。东伯雪鹰带二人进入夏族世界，武希看繁华广袤世界眼睛很亮称夏族家乡，池丘白也称回来了。东伯雪鹰告别一迈步消失，池丘白武希恢复二人世界飞行高空。东伯雪鹰带真神器飞刀离开夏族世界（如今实力真神器已炼化可随身带）。星域飞舟抵达血刃神廷，东伯雪鹰心情极好（实力翻天覆地变化+圆了心事帮到长风），暗道池丘白天赋极高（超凡时灵魂二分仍掌握二品真意，整个夏族历史除自己和三重天界神转世的靖秋外就算池丘白，自己儿女从小资源好仍比池丘白略差）。东伯雪鹰朝殷石别院赶去，血刃神帝传音召见。木屋院落内暗红长袍血刃神帝一人（黑鸟不在），东伯雪鹰恭敬拜见。血刃神帝赞东伯雪鹰惹出风波不小（以一敌三杀大能者带出血魔卷上卷原本，深渊三大主宰丢脸），称自己关注但不便插手（一旦插手深渊三大主宰也会插手）。血刃神帝赞毁灭军团绝学了得跨入四重天练成便有如此实力，东伯雪鹰实力已达大能者顶尖近乎尊者。血刃神帝称实力强了担更多责任，东伯雪鹰身为血刃馆主负责区域更多些（得血刃酒馆内部系统讯息）。血刃神帝阐述修行路（避免不了争斗不争机缘落入对手手里被甩越来越远，内在重视外在资源也重视，赤红手环等三件宝物助参悟时空神心少阻碍、真神器飞刀助灭极玄身练成更快枪法毁灭威力大增，都是资源）。血刃神帝称麾下大能者除闲散外设有""五方帝君""之位（需近乎尊者实力，倾力栽培，外争斗时为领头者），如今只有两位担任（古藏帝君、北扈殿主，皆近乎尊者实力）。血刃神帝希望东伯雪鹰成为五方帝君第三位（虽仅四重天但实力足够），从今往后血刃神廷大能者在三位率领下与其他势力争斗，担负责任越多得到越多对修行超脱有帮助。东伯雪鹰应道弟子明白。（本篇终）","白君王护送东伯雪鹰离开黑暗深渊，东伯雪鹰带池丘白夫妇回夏族世界后回血刃神廷，血刃神帝召见赞其实力近乎尊者授""五方帝君""第三位（与古藏帝君北扈殿主并列），第十九篇完整收官。"
东伯帝君,宇宙纪元,设定展开、设定揭示,揭示、设定,血刃神帝满意东伯雪鹰这个徒弟（沉稳内敛，自信不骄纵），认为超脱有望将来开辟自己的道。血刃神帝封东伯雪鹰为五方帝君之一，赐封地（血刃神廷疆域内五处奇异之地，藏尸洞和冰原星已有主人——藏尸洞为第二宇宙纪元古战场洞天，内有主宰尸体两具，被古藏帝君挑选；另三处为黑雾海、火神树、雷霆岛）。东伯雪鹰选黑雾海（因最重视世界奥妙，黑雾显幻象与虚界相通，飞刀中有虚界道）。血刃神帝赞世界神心可包容一切规则形成完整天地规则即超脱，提醒不可太追求力量（竹山府主先例），告知东伯雪鹰因果极少（未吸收信仰，悟出因果神心与物质神心不难，无量神心也要不了太久），传大量情报（含竹山府主详细介绍），赐黑雾海法阵之钥（三角形符牌）。,血刃神帝封东伯雪鹰为五方帝君赐封地黑雾海，提醒不可太追求力量，传大量情报与法阵之钥。
东伯帝君,无法超脱的'竹山府主',设定揭示、设定展开,揭示、设定,"血刃神帝告知宇宙纪元概念（宇宙从孕养生命到大破灭为一纪元，生灵太多负担太大则纪元短），当前为第八宇宙纪元，最耀眼的是第三宇宙纪元（诞生湖心岛主人和魔祖）。血刃神帝估东伯雪鹰快则百万年有望超脱。东伯雪鹰阅读情报得知竹山府主无法超脱之因：四重天界神时未掌握完整天地规则就先开辟出""毁灭雷霆之道""有了尊者级战力，开辟道后体型比东伯雪鹰庞大百倍，时光长河束缚力更强，天地规则无法助其摆脱，必须成主宰才能超脱。东伯雪鹰明白不能太执着于力量追求秘技（否则可能像竹山府主一样先开辟道反而麻烦），九阳宫主、紫袍巫皇、逻魔主等尊者多年未成主宰也是此理。",血刃神帝告知宇宙纪元与竹山府主无法超脱之因（四重天开辟道体型庞大百倍，天地规则无法助其摆脱时光长河束缚，须成主宰才能超脱）。
东伯帝君,封地,设定揭示、伏笔埋设,伏笔、揭示、设定,"东伯雪鹰得知另外两个重要情报：一是宇宙中潜藏一股神秘势力（成员无因果线，极为隐蔽，主宰们尽皆知晓，血刃神帝提醒发现无因果线敌人立即通知）；二是元初主人编制的""宇宙神魔榜""（搜集宇宙最强大一百位修行者排名，仅告知榜上强者）。宇宙神魔榜：血刃神帝第一、深渊始祖第二、元初主人第三、炼狱主宰第四、时空岛主第五、万神殿主第六、乾合娘娘第七、庞依第八、血腥主宰第九、青君第十、寂灭大帝第十一。东伯雪鹰尚未上榜。东伯雪鹰回殷石别院告知家人被封五方帝君，东伯玉在外闯荡未归（余靖秋传讯让其直接去黑雾海）。东伯雪鹰带家人赴黑雾海，调动六万亿里世界之力建造大陆（黑雾海占小半范围）、宫殿群、法阵（虚界法阵、时空法阵、物质法阵），建府邸正门""东伯""二字为世界法阵核心。摩雪国主建议举行开府宴会并负责邀请。元初主人传最新宇宙神魔榜给东伯雪鹰。",东伯雪鹰得知无因果线神秘势力情报与宇宙神魔榜排名，赴黑雾海建造封地府邸，摩雪国主建议举行开府宴会。
东伯帝君,宇宙神魔榜,设定展开、人物引入,人物、设定,最新宇宙神魔榜：东伯雪鹰第五十二（比紫袍巫皇第五十略低，比金霄老祖第五十五高，比九阳宫主第五十七高），青君第十、火铖尊者第十七、竹山府主第十八、北玄宫主第十九、逻魔主第四十四、盘狱第四十五、瞎老人第四十六、紫袍巫皇第五十、北扈殿主第五十一、金霄老祖第五十五、狱海魔主第五十六、九阳宫主第五十七。东伯雪鹰猜测排名高因真神器飞刀与逆天防御（元初主人将真神器算入排名，白君王一击仅让甲铠受损）。紫袍巫皇在元初主人门下修行，重视修行之路不重视绝学（多种路线达极致，将来开辟数种道有可能），火铖尊者称东伯雪鹰是毁灭军团成员（除庞依外唯一通过毁灭洞天考验者），紫袍巫皇承认是实力。东伯雪鹰亲自邀请北扈殿主、古藏帝君、竹山府主、火铖尊者等尊者级存在，并因果传音邀请金霄老祖（化解与余靖秋仇怨）。,东伯雪鹰名列宇宙神魔榜第五十二位，紫袍巫皇与火铖尊者讨论其实力，东伯雪鹰亲自邀请各方尊者级存在参加开府宴会，因果传音邀请金霄老祖。
东伯帝君,符牌,人物引入、矛盾展现,人物、冲突,"金霄老祖冷笑东伯雪鹰刚上榜就来找他，东伯雪鹰化解仇怨邀请其参加开府之宴，金霄老祖答应到时一定到。东伯雪鹰邀三祖毁灭君主庞依（血刃神廷一方），邀师尊血刃神帝，神帝称让五师叔（黑鸟师叔）代表到场。东伯雪鹰得知黑鸟是师叔（血刃神帝与黑鸟几乎兄弟关系）。亲卫军及夏族神灵搬迁至黑雾海，时空传送阵安装。东伯玉从时空传送阵出来（奚薇去接他），东伯帝君府正门""东伯""二字让整个府邸如浩瀚世界。东伯雪鹰在地下殿厅持暗红色符牌（冰封尊者级尸体遗留残片与三首神山残片合二为一），完整古朴花纹远超自己境界。",金霄老祖答应参加开府宴会，血刃神帝称让黑鸟五师叔代表到场，东伯玉归来，东伯雪鹰在地下殿厅研究暗红色符牌完整花纹。
东伯帝君,初始之地,设定揭示、伏笔埋设,伏笔、揭示、设定,"符牌传来讯息：一位古老修行者留言，留下三块符牌，每块认主后激发可从宇宙任何一处挪移至""初始之地""（其曾长期居住处），有赠与伴随危机，每次九死一生，死亡则符牌分散。界神境、天地境、开辟境、主宰境各可进入一次。东伯雪鹰分析：留下初始之地者实力远在真神主宰之上（空间挪移超越时空岛主，可从任何古老遗迹强行挪移），但可能只是空间挪移最擅长（湖心岛主人仍为诸多宇宙纪元第一强者），界神境仅一次机会不到紧要关头不用。奚薇传音东伯玉归来，东伯雪鹰出关。东伯雪鹰发现儿子眼睛泛红（买醉三十年），透过血刃酒馆查出是感情之事（万年前在白英星认识白英界神家族女子凤语，三十年前分手），东伯雪鹰夫妇反而开心（修行数十万年总算喜欢上女子了）。","符牌传来""初始之地""讯息（古老修行者留三块符牌，九死一生考验，各境界各进一次），东伯雪鹰查出东伯玉因感情挫折买醉，夫妇反而开心。"
东伯帝君,开府之宴,人物引入、氛围营造,人物、设定,修行者要么早期结为夫妻要么很晚动情（陷入瓶颈无法突破时行走各方寻找机缘，感情历练或为突破机缘）。东伯玉被女子瞧不上因不努力修行分手（好事，磨练）。开府之日，羽公（鹰钩鼻老者大能者）带弟子醉孤客（二重天界神）和九舍（一重天界神，心胸狭隘悲愤）到来，火铖尊者独自到来（无形气息让大能者屏息），猎风神君（胖乎乎男子，兽类成的大能者）带白英界神（二重天界神，看到东伯玉，凤语是其家族，误以为凤语和东伯玉还在一起满心欢喜），金霄老祖（金袍锋利凶戾金色眼眸，目光落在余靖秋身上）到来。,开府之宴，羽公带醉孤客九舍、火铖尊者、猎风神君带白英界神、金霄老祖等大能者一一到来，金霄老祖目光落在余靖秋身上。
东伯帝君,安排,人物引入、情感展现,人物、情感,"东伯雪鹰化解金霄老祖仇怨（金霄老祖称余靖秋""星剑玄女""运气不错有丈夫庇护，余靖秋谢老祖夸赞运气一直很好），约定宴会后私下细谈。安海府主、犰玉帝君、甫琼国主等四重天界神到来。第七梅雨随漩母帝君到来（余靖秋妹妹，万花宴时认出不敢暴露身份，现相认），东伯玉、东伯青瑶喊姨娘。慧明大师兄（光头白袍青年）和赤火老祖（白发童颜老者）到来，东伯雪鹰传音慧明师兄宴会后聊""师傅的仇""（红尘圣主之死与黑魔老祖，道义与因果双重原因），赤火老祖传音有事麻烦东伯雪鹰（宴会后细说）。北扈殿主、古藏帝君到来，竹山府主到来（紫袍男子狭长眼眸，开辟""毁灭雷霆之道""），更让众人大吃一惊的是青君到来（头发凌乱灰袍赤脚，气息温和但让所有人臣服冲动）。",东伯雪鹰化解金霄老祖仇怨，第七梅雨相认，慧明师兄与赤火老祖到来各有事相商，竹山府主与青君先后到来震惊全场。
东伯帝君,五师叔的礼物,人物引入、设定展开,人物、设定,"青君是血刃神帝最骄傲弟子（开辟三条道皆达极致瓶颈，拥有三个身体，麾下十五位大能者投靠，战力媲美主宰，是神界第四股强大势力），三条道结合使青君毫无破绽（比血刃神帝三条道配合还完美），可困杀尊者级存在，力拼主宰。青君重视东伯雪鹰：一为历史上最快成三重天界神（破记录者只要不死绝不平庸），二为除庞依外唯一毁灭军团成员（庞依曾一拳重伤青君，后正面压制血腥主宰，自创修行法即将功成将成主宰，毁灭军团四重天统领推崇庞依）。青君赞余靖秋也是四重天界神，望夫妇超脱寿命永恒。黑鸟""五师叔""到来（无视法阵凭空出现），拔一根黑色羽毛赠东伯雪鹰（用能量接不能用物质接），称来只为吃最好的美食。",青君到来（开辟三条道拥有三个身体战力媲美主宰，重视东伯雪鹰因破记录与毁灭军团身份），黑鸟五师叔赠黑色羽毛。
东伯帝君,黑色羽毛,设定揭示、伏笔深化,伏笔、揭示、设定,东伯雪鹰以肉眼观察黑色羽毛（灭极玄身使眼睛可看透粒子层面），羽毛在视野中变为巨大黑色羽毛陆地，无数黑色细管构成，每条细管内是虚空管道（通往其他区域，管道内隐隐有花纹流转，与初始之地符牌花纹相近，但太模糊看不清）。无数细管构成完整陆地无比稳定（超越法阵的自然之美），让东伯雪鹰在世界奥妙上触动。宴会持续三天，六十八位大能者分散花园中，黑鸟五师叔、青君、竹山府主、火铖尊者、古藏帝君、东伯雪鹰、北扈殿主等靠近，另一边赤火老祖、慧明大师兄、余靖秋、摩雪国主、安海府主等。古藏帝君与青君生疏（火铖尊者暗暗惊奇）。金霄老祖暗中观察东伯雪鹰与青君等关系好，称其大哥庞依比青君还强（庞依琢磨修行法脾气变了好多）。宴会结束后东伯雪鹰去见金霄老祖。,东伯雪鹰观察黑色羽毛发现无数细管构成虚空管道（与符牌花纹相近），宴会三天六十八位大能者参加，古藏帝君与青君生疏，金霄老祖称大哥庞依比青君还强。
东伯帝君,金霄老祖的选择,矛盾收束、转折高潮,冲突、高潮,东伯雪鹰与金霄老祖在后花园单独饮酒，东伯雪鹰指出余靖秋最冤枉（无意得到心剑图残篇被追杀逼至转世投胎），金霄老祖也承认。东伯雪鹰提出各退一步了结仇怨（金霄老祖不得再因这对付帝君府上人，东伯雪鹰也不会因此对付金霄老祖），若不退步则为敌。金霄老祖忌惮东伯雪鹰实力与背景（师尊血刃神帝宇宙神魔榜第一，竹山府主欠人情，火铖尊者生死兄弟），东伯雪鹰忌惮金霄老祖遁逃之术厉害无牵挂发疯头疼。双方都有忌惮，金霄老祖答应了结，约定余靖秋参悟心剑图后交流心得。东伯雪鹰收器灵白骨（灭杀嚎魔教主所得洞天宝物器灵）与血蔓花（已进化至界神期）的礼物清单卷轴，查青君礼物为肉眼看不见的巴掌大人形雕刻（本尊神心可用异宝）。,东伯雪鹰与金霄老祖达成和解（各退一步了结仇怨，交流心剑图参悟心得），双方互有忌惮，东伯雪鹰查礼物清单发现青君赠特殊雕刻。
东伯帝君,黑魔老祖,伏笔深化、设定揭示,伏笔、揭示、设定,东伯雪鹰与慧明师兄、赤火老祖讨论黑魔老祖（杀死红尘圣主凶手）。黑魔老祖狡猾谨慎，东伯雪鹰成神帝亲传后一分身长期居住时空岛（时空岛主老巢，危机重重），丝毫不触怒东伯雪鹰（不招惹、不对付亲人）让其杀心不重，即便如此仍躲时空岛。赤火老祖指出投靠主宰有庇护（一定范围内主宰可瞬间出现），但有付出（担任血刃馆主、搜集材料等任务）。慧明师兄建议暂时放下（东伯雪鹰有牵挂，杀不了黑魔反生后患）。东伯雪鹰明白黑魔丝毫不触怒自己就是让自己杀心不重，若疯狂下可请血刃神帝出手（亲传弟子神帝心有同情可能降低要求）。赤火老祖开口求东伯雪鹰帮忙，称还了当初出手之因果。赤火老祖经常在太阳星修行，太阳星与黑暗深渊、物质界同等存在（越深入越炽热，主宰进最核心都得被烧死）。,黑魔老祖狡猾谨慎躲时空岛丝毫不触怒东伯雪鹰让其杀心不重，东伯雪鹰暂时放弃，赤火老祖开口求帮忙（太阳星修行之事）。
东伯帝君,太阳星,设定展开、伏笔埋设,伏笔、设定,"太阳星、太阴星与物质界、深渊并列但完全走极端攻击性极强（不适合生命生存，表层就足以冻死或烧死四重天界神，主宰深入都得丧命）。太阳星分六层：第一层""太阳海""（火焰液体海洋，大能者才能存活）、第二层""太阳石层""（厚实固体，偶尔一丝火焰大能者都难存活）、第三层""太阳波层""、第四层""虚空黑泥层""、第五层""太阳深潭""、第六层""太阳星核""（最深处，主宰进去瞬间化作飞灰）。赤火老祖原有一颗太阳星核石（指甲尖大约一斤重，太阳星核飞出的碎粒，能庇护身体使火焰伤害大大降低，凭之可坐太阳石层表面感应规则清晰数十倍），三千万年前被墨族二圣之""竹圣者""（宇宙神魔榜第五十三位，近乎尊者级，背后有尊者级兄长叶圣者）袭击灭杀太阳星修行之身夺走。太阳星核石珍贵无比（上千亿年未曾出现一颗，得到者视若珍宝，连尊者乃至主宰都很少交易）。东伯雪鹰答应帮忙弄一颗。",太阳星六层结构揭示，赤火老祖原有一颗太阳星核石被竹圣者夺走，东伯雪鹰答应帮忙弄一颗。
东伯帝君,收徒,人物引入、转折高潮,人物、高潮,赤火老祖坚持宝物一力承担。东伯雪鹰传《血魔卷》上卷给赤火老祖（立誓约，纯粹靠自身修行不用邪恶方法）、摩雪国主（本尊神心溃散不远即将投胎转世，帮助微乎其微）、余靖秋、白沙城主（年龄大了今生不一定成四重天），慧明师兄拒绝（魔祖六大传承之一极为邪恶不适合他，但知道魔祖秘辛——宇宙诸多纪元最了不起两位：湖心岛主人与魔祖）。东伯雪鹰去见火铖尊者，火铖尊者称东伯青瑶要拜他为师（在府邸闲逛时遇到指点过她），东伯雪鹰大喜求之不得。东伯雪鹰请火铖尊者帮忙搜集虚空黑泥（太阳星第四层，火铖尊者擅长火焰之道可轻松进入）。,东伯雪鹰传《血魔卷》上卷给赤火老祖、摩雪国主、余靖秋、白沙城主，慧明师兄拒绝，东伯青瑶拜火铖尊者为师，东伯雪鹰请火铖尊者帮忙搜集虚空黑泥。
东伯帝君,公开搜集,设定展开、情节推进,设定,淬炼太阳星核石三难题：虚空黑泥（火铖尊者去太阳星第四层取两千万斤）、十二种珍材（搜集极难）、高手淬炼（仅血刃神帝、乾合娘娘、涟君星主懂得，涟君星主是乾合娘娘门下唯一尊者，长期炼器极少走动对其他修行者冷漠）。东伯青瑶正式拜师火铖尊者（火铖尊者称被囚禁湖心岛漫长岁月磨出耐心，赠红色珠子化作火红色衣袍护身）。火铖尊者去太阳星取虚空黑泥，东伯雪鹰透过血刃酒馆搜集七种珍材，剩下五种公开搜集，大能者纷纷前来交易（五彩凰血石等，东伯雪鹰奉上价值相当物品交换）。火铖尊者一个月返回带两千万斤虚空黑泥，东伯雪鹰搜集到十种珍材还差两种（七叶石果和碧心草根须）。,淬炼太阳星核石三难题（虚空黑泥、十二珍材、高手淬炼），东伯青瑶拜师火铖尊者，火铖尊者取两千万斤虚空黑泥，东伯雪鹰搜集到十种珍材还差两种。
东伯帝君,查探,设定揭示、伏笔深化,伏笔、揭示、设定,东伯雪鹰查探开府之宴礼物：火铖尊者赠火龙血果酒（闻之即神心震颤，喝一口激发潜能进入半清醒半迷醉参悟状态奇好，一壶价值极高），竹山府主赠圆形阵盘（古老遗迹法阵核心，东伯雪鹰以其为核心布置镇府大阵，对同层次存在也有威慑力），青君赠肉眼看不见的巴掌大人形雕刻（本尊神心可用异宝，给东伯玉），黑鸟师叔赠黑色羽毛最珍贵（无数细管构成浩瀚大陆，每条细管内虚空通道花纹与符牌相近，构成超越法阵的自然之美，身体比灭极玄身强太多，主宰层次都难杀死黑鸟师叔，让东伯雪鹰在世界奥妙上触动）。东伯玉待三百余年后带青君雕刻离开，东伯青瑶在火铖尊者门下修行勤奋。一万六千年后，青袍银发女子（二重天界神）来到东伯帝君府称有珍材奉上。,东伯雪鹰查探礼物（火龙血果酒、阵盘、雕刻、黑色羽毛），黑色羽毛最珍贵让东伯雪鹰在世界奥妙上触动，一万六千年后青袍银发女子来献珍材。
东伯帝君,要求,人物引入、矛盾展现,人物、冲突,"青袍银发女子""淳虞""献碧心草根须（泛碧绿光芒植物根须弯曲如龙蛇有碧龙虚影），求东伯雪鹰杀仇人墨巴界神（三重天界神顶尖，恶魔出身投靠魔龙王麾下，嗜杀凶戾杀戮无数灭绝淳虞亲族）。东伯雪鹰透过血刃酒馆查出墨巴界神一分身长期在魔龙岭（魔龙王老巢），东伯雪鹰念""魔龙王""名字与之产生微小因果，意识透过因果线延伸至魔龙岭（神界偏僻荒芜星域连绵数万亿里山脉），以因果降临化身见魔龙王（宇宙神魔榜第九十五位，盘踞山峰之巅吃美食）。",淳虞献碧心草根须求杀墨巴界神（魔龙王麾下恶魔三重天界神），东伯雪鹰透过因果降临化身见魔龙王。
东伯帝君,权势,转折高潮、矛盾收束,冲突、高潮,"东伯雪鹰告知魔龙王其手下墨巴得罪自己，本想直接杀了但知是魔龙王手下先说一声。魔龙王给面子亲自解决墨巴（一个恶魔而已杀就杀了），墨巴界神被魔龙王一爪拍碎本尊，分身透过因果攻击毙命（神界无庇护，大能者因果攻击可击杀三重天界神，主宰透过因果可近乎灭杀尊者级）。淳虞一杯茶水未喝完即得知墨巴界神已死（时空神殿情报确证）。东伯雪鹰收碧心草根须，还差最后一种七叶石果。六万年后俊朗青年""奇琼""（一重天界神）来献七叶石果求拜师，东伯雪鹰引荐赤火老祖收奇琼为徒（赤火老祖透过因果去取本尊处的七叶石果）。",魔龙王亲自灭杀墨巴界神本尊分身给东伯雪鹰面子，淳虞献碧心草根须，六万年后奇琼献七叶石果求拜师被引荐给赤火老祖。
东伯帝君,出发，涟君星,情节推进、环境铺陈,设定,东伯雪鹰驾星域飞舟赴涟君星（乾合娘娘亲自布置法阵，星辰周围虚空凝固无尽寒气弥漫万亿里，顶尖尊者都不敢擅闯）。涟君星主（雪白衣袍女子赤脚躺巨大树叶上看书籍，气息最自然的尊者级存在）得知东伯雪鹰来为太阳星核石（知其是毁灭军团成员值得一见），得知乾合娘娘、万神殿主、时空岛主联手对付尼罗主宰与血刃神帝（血刃神帝狼狈逃掉颇为震怒），东伯雪鹰不知此事。白袍老者（阵灵）引领东伯雪鹰入涟君星见涟君星主。,东伯雪鹰赴涟君星拜访涟君星主（乾合娘娘门下唯一尊者炼器第一），得知乾合娘娘等三位主宰联手对付血刃神帝与尼罗主宰之事。
东伯帝君,涟君星主,转折高潮、设定展开,设定、高潮,涟君星主提三个条件帮淬炼太阳星核石：一让其徒儿学《血魔卷》上卷（绝学原本极稀罕），二补全一座残缺法阵（破烂布卷上的世界法阵，百亿年期限，补不出则归还太阳星核石，法阵内是残缺世界天穹崩塌化作灰色雾气，火焰霸道凶悍在火铖尊者之上），三欠一人情（不过分时可拒绝，无需誓约，涟君星主信任东伯雪鹰一诺千金）。东伯雪鹰答应三条件，留一千两百万斤虚空黑泥及十二珍材，带破烂布卷离开，心情极好（为报赤火老祖之恩不惜一切）。,涟君星主提三条件（学血魔卷、补全残缺法阵、欠人情）帮淬炼太阳星核石，东伯雪鹰答应，留材料带布卷离开。
东伯帝君,岁月，送别,情感展现、氛围营造,情感、设定,"岁月无情，修行者接近死亡。东伯雪鹰安慰余靖秋（摩雪国主明日转世投胎，余靖秋是父亲第一个女儿被当成宝，父亲去湖心岛为她拼杀到真神器）。第二天送别摩雪国主，东伯玉带紫衣女子""万鹤宫主""（一重天界神）及子孙到来（东伯玉十二万年后遇万鹤宫主结为夫妻，一天内先后悟出极点神心和混沌神心成二重天界神，比姐姐东伯青瑶还快）。池丘白夫妇赶来（池丘白经历黑暗深渊折磨成九大意志之一，复活后八万年成界神三十五万年成二重天界神，拜霸蠢献为亲传弟子）。摩雪国主告别后本尊神心溃散投胎转世，一千年两千年三千年一万年再无消息——转世投胎失败。东伯雪鹰开府六十九万年后（摩雪国主投胎后十八万年），涟君星主传讯太阳星核石淬炼凝聚好。",摩雪国主投胎转世失败身死，东伯玉娶万鹤宫主一天悟两门神心成二重天界神，池丘白拜霸蠢献为徒，涟君星主淬炼好太阳星核石。
东伯帝君,前往太阳星,设定展开、伏笔埋设,伏笔、设定,东伯雪鹰赴涟君星取太阳星核石（指甲尖大小黑黝黝小石子，能影响周围规则——水力量被排斥、温度上升、时空被压制，内部蕴含恐怖力量焚灭太皓之力）。涟君星主称淬炼是秘密（麾下仆从没胆子外泄），但东伯雪鹰曾大肆搜集珍材大能者们会猜测。东伯雪鹰返回黑雾海将太阳星核石给赤火老祖但暂不让他带走（避免暴露——赤火老祖住黑雾海六十余万年突然返回太阳星会让人猜测），决定亲自送太阳星核石去太阳星并也在那修行（有心人认为东伯雪鹰借助太阳星核石修行，真有人动手也可帮忙）。东伯雪鹰驾星域飞舟赴太阳星（太阳星处于不同时空，与时光长河也不在一层，在宇宙极核心一层，光芒照耀宇宙一切之地）。,东伯雪鹰取太阳星核石返回，决定亲自送至太阳星给赤火老祖本尊并在那修行以避免暴露，赴太阳星。
东伯帝君,太阳星上修行,设定展开、伏笔埋设,伏笔、设定,"东伯雪鹰抵达太阳星（庞大无比，火焰冲天，炽热带毁灭与生命力量，规则压迫感窒息，比物质界和黑暗深渊更强）。太阳星表层火焰已液体化为""太阳海""（火焰海洋）。赤火老祖本尊迎接，东伯雪鹰体表太皓之力隔绝太阳海水。赤火老祖凭太阳星核石坐太阳石层表面（感应规则清晰数十倍修行速度大大提升），东伯雪鹰灭极玄身甲铠抵挡太阳石层火焰深入（穿行一天仍在太阳石层内，火焰泛金星逐步提升但甲铠无碍）。东伯雪鹰抵达太阳波层边界（波动让甲铠微颤），深入太阳波层（岩石变软如软泥泛金色泛黑色，甲铠出现微小裂痕需修复，接近修复极限）。东伯雪鹰参悟太阳波（无数不同波动结合扫荡威力增强，代表一条道——大范围领域类攻击性极强，顶尖尊者身体都扛不住），但不刻意钻研（怕开辟道反受其累），参悟整个太阳星运转规则完善世界奥妙。一万三千年后听到太阳深潭两头主宰级生物的吼叫（太阳星第五层，部分规则化身拥有主宰实力）。",东伯雪鹰深入太阳星至太阳波层参悟太阳波与太阳星运转规则，听到太阳深潭主宰级生物吼叫，竹圣者暗中感应到太阳星核石在赤火老祖身上等待东伯雪鹰离开。
东伯帝君,波动威力,伏笔埋设、氛围营造,伏笔、设定,竹圣者持有母祖教赐予的黑色金属（密密麻麻金色文字），献太阳星核石给教主可得丰厚赐予，感到积累越加浑厚有望开辟自己的道。竹圣者透过因果感应确认东伯雪鹰、赤火老祖都在太阳星，决定等东伯雪鹰离开后再杀赤火老祖夺太阳星核石（东伯雪鹰实力太强尊者都难杀时间一拖延火铖尊者等好友会赶到）。东伯雪鹰在太阳波层深处参悟，太阳波让甲铠震颤但能修复（岩石变软朝虚空黑泥转变），不敢继续深入（接近修复极限），参悟太阳波代表一条道但不刻意钻研，专心参悟太阳星运转规则。一万三千年后听到太阳深潭生物吼叫。,竹圣者暗中等待东伯雪鹰离开后杀赤火老祖夺太阳星核石，东伯雪鹰在太阳波层参悟太阳波与太阳星运转规则。
东伯帝君,谁让你弱？,矛盾爆发、战斗描写,冲突、战斗,"东伯雪鹰听到太阳深潭生物吼声后决定返回（在太阳星深处修行需分心修复损伤，回黑雾海静心参悟）。赤火老祖送别。竹圣者感应东伯雪鹰离开，出发杀赤火老祖。东伯雪鹰回黑雾海陪妻子和东伯玉（指点东伯玉剑法，展示太阳波部分奥妙——虚空塌陷汇聚极点迸发虹光）。赤火老祖本尊在太阳星被竹圣者袭击，东伯雪鹰透过因果降临化身阻止，竹圣者嗤笑""抢你的又怎样""""东伯帝君一个有些绝学的小家伙四重天界神而已""，东伯雪鹰称太阳星核石是自己借给赤火老祖的。竹圣者以巨大黑竹手掌（五根黑色竹子充满韧性克制火焰）灭杀赤火老祖本尊（深紫色流光火焰躯体保命但仍被杀），夺走太阳星核石，大笑离去。东伯雪鹰化身消散，杀机闪烁。","竹圣者趁东伯雪鹰离开灭杀赤火老祖本尊夺走太阳星核石，东伯雪鹰化身无法阻止，竹圣者嗤笑""谁让你弱""。"
东伯帝君,七十万年后第一次动手,战斗描写、转折高潮,战斗、高潮,"东伯雪鹰回黑雾海告知余靖秋、东伯玉出事，赤火老祖分身（在黑雾海）懊恼愧疚（太阳星核石被抢将来东伯雪鹰怎么还涟君星主）。东伯雪鹰称是和竹圣者的事（太阳星核石是自己的他竟还抢），一飞冲天赴墨竹大陆。竹圣者在墨竹大陆抚摸黑色竹子心情极好（先后得两颗太阳星核石，再献给教主不知赐予什么），发现东伯雪鹰杀来（火铖尊者没来），嗤笑被怒火充斥头脑傻了。东伯雪鹰七十万年第一次动手，持赤云枪（孕养到界神器极致离真神器差一线），太皓之力奔腾（太皓之力与灭极玄身相辅相成，能量与物质结合力量比三首神山时强许多），九种神心尽皆悟出境界上与大能者无区别只差最后没掌握完整天地规则，七十万年参悟黑色羽毛、破烂布卷悟出世界五大秘技（近乎尊者级存在中极强招式），施展""黑色羽毛大陆镇压""。","东伯雪鹰怒赴墨竹大陆第一次动手，施展世界五大秘技之一""黑色羽毛大陆镇压""，七十万年修行实力远超三首神山时。"
东伯帝君,最强杀招,战斗描写、设定揭示,战斗、揭示、设定,"竹圣者见东伯雪鹰一枪威势（仿佛天柱横亘数千亿里星空，巨大陆地虚影呈诡异羽毛状）感到强烈威胁，躲入法阵（叶圣者布置的镇守法阵，万千气流纵横笼罩）。东伯雪赤云枪一招砸碎法阵（攻击威力比三首神山以一敌三时强一大截，即便弱于逻魔主怕也有八成之威，普通尊者都能硬拼），竹圣者惊怒""兄长布置的法阵怎么可能""。东伯雪鹰再施同一招怒劈，竹圣者红色长棍暴涨变巨大红色竹子无数枝叶弯曲抵挡不住（力量差距太大完全横扫），决定逃命。东伯雪鹰召九尊世界分身（深蓝衣袍），施展""天穹雾牢""（世界五大秘技之一，残缺天地内灰色雾气弥漫令敌陷入泥沼），竹圣者身体化为墨竹之躯（坚韧无比）求救叶圣者。东伯雪鹰判断叶圣者赶来需时间，拔出真神器飞刀（刀柄黝黑刀身泛银白光泽），称""死在我最强的杀招下也是便宜他了""。","东伯雪鹰一招砸碎竹圣者法阵，竹圣者逃命被九尊世界分身围攻，东伯雪鹰施展""天穹雾牢""困住竹圣者，拔出真神器飞刀施展最强杀招。"
东伯帝君,求饶,战斗描写、转折高潮,战斗、高潮,"叶圣者在时空通道赶来（自信短时间杀死竹圣者太难，竹圣者墨竹之躯坚韧）。天穹雾牢内九个世界分身围攻竹圣者（红色长棍无数枝叶抵挡，墨竹之身偶尔裂痕瞬间修复），竹圣者警惕感应东伯雪鹰真身（被灰色雾气阻挡看不见）。东伯雪鹰甩出飞刀（穿行虚界天地消失不见，凌驾天地规则之上，正常世界为一楼虚界天地为二楼），飞刀从虚界天地降临真实世界出现在竹圣者体内，施展""刀尖飘血""（世界五大秘技之一，杀戮道奥妙与世界奥妙结合），竹圣者身躯炸裂粉碎。九大世界分身不断粉碎阻止其合拢（无法合拢就无翻盘机会）。竹圣者化身求饶称愿归还太阳星核石，东伯雪鹰称""别说一颗就算归还两颗也晚了""，以""谁让你弱""回应竹圣者（此前竹圣者对赤火老祖说过同样的话）。","东伯雪鹰以真神器飞刀施展""刀尖飘血""炸碎竹圣者身躯，九大世界分身阻止其合拢，竹圣者求饶被拒，东伯雪鹰以""谁让你弱""回应。"
东伯帝君,信心满满,转折高潮、矛盾爆发,冲突、高潮,竹圣者本尊粉末完全溃散（本尊分身俱灭，时间太短未孕养分身），东伯雪鹰收走其全部珍藏（洞天宝物、储物宝物、兵器等）。竹圣者焦急（和教主有关的珍藏若被东伯雪鹰发现就完了），求叶圣者杀东伯雪鹰夺回宝物。叶圣者信心满满（不知毁灭洞天与东伯雪鹰毁灭军团身份，自认尊者实力对付四重天有把握），传音火铖尊者已出发但穿梭时空比他快三倍多。东伯雪鹰感应叶圣者、火铖尊者都赶来，传音火铖尊者汇合（若叶圣者不出动没必要麻烦，没想到竹圣者仅损失一身体就让叶圣者出动）。东伯雪鹰撕裂时空通道朝火铖尊者靠近（夺回太阳星核石最重要暂无心与叶圣者交手），叶圣者全力追逐（火铖尊者速度太快是穿梭时空六倍多，但从神界另一端赶来路途遥远）。,竹圣者本尊分身俱灭，东伯雪鹰收走全部珍藏，竹圣者求叶圣者杀东伯雪鹰夺回宝物（怕和教主有关珍藏暴露），东伯雪鹰朝火铖尊者汇合。
东伯帝君,做你的美梦去吧！,战斗描写、转折高潮,战斗、高潮,"叶圣者追上东伯雪鹰，以真神器（七片叶子的枝杈）全力出手，东伯雪鹰施展""天穹雾牢""+九大世界分身+赤云枪正面迎战。叶圣者枝杈叶子抽打赤云枪削弱力量，东伯雪鹰仍被震退三步，诡异力量传递到甲铠被灭极玄身阻挡。叶圣者吃惊东伯雪鹰身体能抗（不知白君王一击仅让甲铠受损），转换战斗方式以竹枝叶子构成数千亿里牢笼囚禁东伯雪鹰（隔绝世界之力，真身与世界分身无法切换）。东伯雪鹰拔出飞刀从虚界天地锁定叶圣者甩出，叶圣者提前刹那感应（东伯雪鹰未开辟虚界道靠真神器施展不够隐蔽）高速移动左手挥掌无数叶子环绕，飞刀从虚界降临出现在左前方三尺处刺中叶圣者身体，叶圣者身体炸裂（尊者身体不强横），真神器消散。叶圣者化为七道身影合一，火铖尊者赶到（红色乱发红眉红皮肤沐浴火焰中），叶圣者吹捧东伯雪鹰实力，火铖尊者冷声。叶圣者提出谈判（归还太阳星核石，取回竹圣者珍藏），东伯雪鹰喝道""做你的美梦去吧""。",叶圣者追上东伯雪鹰以真神器囚禁其，东伯雪鹰以飞刀从虚界降临摧毁叶圣者身体，火铖尊者赶到，叶圣者提出谈判被东伯雪鹰拒绝。
东伯帝君,都没了？,矛盾收束、转折高潮,冲突、高潮,叶圣者忌惮飞刀（避不过），承认擒不下东伯雪鹰。东伯雪鹰称不惜代价要叶圣者死不难（背后有青君、血刃神帝等，只是不愿付出太大代价）。叶圣者压下对四重天的歧视，火铖尊者逼叶圣者交出两颗太阳星核石（竹圣者珍藏为赔礼）。叶圣者与竹圣者商议，竹圣者称第一颗太阳星核石早献给教主交易掉了（立誓约不公开身份），身上只有一颗。竹圣者化身血刃神帝见证立誓称第一颗已交易。叶圣者又付出些宝物，竹圣者交出一颗太阳星核石，双方罢休。竹圣者透过传讯宝物向母祖教紫袍女护法禀告：所有宝物都没了（包括搜集的珍材）。护法大惊。,叶圣者忌惮飞刀与火铖尊者被迫谈判，竹圣者称第一颗太阳星核石已交易（立誓），交出一颗太阳星核石及宝物了结，竹圣者向母祖教禀告宝物都没了。
东伯帝君,教主,设定揭示、伏笔深化,伏笔、揭示、设定,"母祖教紫袍女护法""幽护法""（深褐色皮肤金色眼眸无眉毛无头发，无因果线，身体气息远超东伯雪鹰）向教主（獠牙巨汉青褐色皮肤岩石般，微笑令天地欢快温暖）禀告竹圣者之事。教主分析东伯雪鹰有火铖尊者，即便自己出手火铖尊者能撑一两招，时空岛主、血刃神帝、元初主人都会赶到，黑雾海在血刃神廷疆域血刃神帝可瞬间出现，暂不适合动手。教主决定等东伯雪鹰离开血刃神廷疆域身边无顶尖尊者时派护法杀他。竹圣者暴露则灭口（知道太多秘辛），命瘦弱老者（眉毛垂到地面，气息远超尊者级）祭杀竹圣者（来到这一宇宙已暗地里祭杀三位）。瘦弱老者取竹圣者血液（之前投靠时已得手），半个月内竹圣者必死。",母祖教教主得知竹圣者宝物都没了，决定等东伯雪鹰离开血刃神廷疆域再派护法截杀，命瘦弱老者祭杀竹圣者灭口。
东伯帝君,该超脱了,转折高潮、氛围营造,设定、高潮,东伯雪鹰与火铖尊者返回途中，火铖尊者称东伯雪鹰实力能和叶圣者相当，消息传出大能者们会大吃一惊元初主人可能再改宇宙神魔榜。东伯雪鹰称超脱最重要（九种神心悟出境界积累浑厚总是缺最后一步），火铖尊者建议多出去走走寻找刺激。东伯雪鹰回黑雾海将太阳星核石还给赤火老祖，赤火老祖拒绝再带（心理负担——怕再被抢让东伯雪鹰出头），决定去其他遗迹闯闯。东伯雪鹰还回赤火老祖第一次被夺时遗失的血炼神兵等宝物。消息传开（大能者操纵时光回溯查看那一战），青君、血刃神帝、深渊始祖等都知道了东伯雪鹰实力（击杀竹圣者本尊、与叶圣者相当），青君认为东伯雪鹰该超脱了。东伯雪鹰查竹圣者珍藏（三块黑色金属板记录规则奥妙参悟随笔、青铜灯诡异、各种珍材），研究黑色金属板。,赤火老祖拒绝再带太阳星核石去其他遗迹闯荡，东伯雪鹰实力消息传开，查竹圣者珍藏发现黑色金属板（规则奥妙参悟记录）与青铜灯。
东伯帝君,竹圣者之死,转折高潮、伏笔深化,伏笔、高潮,竹圣者在叶圣者老巢等待教主行动，感觉眩晕恶心本尊神心撕裂消散，悄无声息死亡（本尊分身俱灭，时间太短未孕养分身）。叶圣者发现惊骇（无任何敌人气息、战斗痕迹）。时空岛主得知竹圣者死讯（时空神殿器灵监控宇宙各地），亲自去查探（悄无声息出现在叶圣者老巢，以时空操纵能力），查探尸体无发现（除传讯之物稍有特殊外无可疑之物），判断为母祖教灭口（已是第三次）。时空岛主赴血刃神廷告知血刃神帝与深渊始祖（正在饮酒谈笑），血刃神帝召东伯雪鹰来查竹圣者遗物。,竹圣者被母祖教瘦弱老者祭杀悄无声息死亡（本尊分身俱灭），时空岛主查探判断为母祖教灭口（第三次），赴血刃神廷告知血刃神帝。
东伯帝君,召见东伯雪鹰,情节推进、设定揭示,揭示、设定,时空岛主赴血刃神廷木屋院落，告知血刃神帝与深渊始祖竹圣者之死疑为母祖教灭口（悄无声息、无战斗痕迹、本尊神心溃散、叶圣者未发现动静、死时一脸惊骇未及传讯，此前已有两次类似情况）。血刃神帝召东伯雪鹰来查竹圣者遗物（十几天前东伯雪鹰灭竹圣者本尊得诸多珍藏）。东伯雪鹰得火铖尊者、安海府主、余靖秋等传讯询问竹圣者之死，师尊血刃神帝召见。东伯雪鹰赴血刃神廷木屋院落，见到血刃神帝、深渊始祖（胡渣壮汉，黑暗深渊第一位大能者，最平和的主宰）、时空岛主（冷漠不喜，大肆抓捕生命逼迫进行危险任务控制生死，东伯雪鹰最不喜的主宰）。,时空岛主告知血刃神帝竹圣者疑被母祖教灭口，血刃神帝召东伯雪鹰查竹圣者遗物，东伯雪鹰赴血刃神廷见到三位主宰。
东伯帝君,五师叔的来历,设定揭示、伏笔深化,伏笔、揭示、设定,血刃神帝查竹圣者遗物，时空岛主认出黑色金属板为母祖教对宇宙修行体系的参悟记录（母祖教蛰伏暗中学习修行之法实力提升将成祸患），血刃神帝拿走青铜灯（母祖教传教之物），告知东伯雪鹰母祖教来历（来自另一宇宙，修行体系完全不同——不修内世界不参悟规则奥妙，信奉母祖修炼肉身，身体比修行者强太多但规则奥妙太差），提醒以后碰到母祖教要小心可能盯上他。黑鸟五师叔来自另一宇宙（血刃神帝机缘进入一宇宙带回，故无因果线，主人身死后被血刃诱骗来——因贪吃）。时空岛主离开后称血刃关心徒弟。深渊始祖称东伯雪鹰是时空岛主的徒弟（深渊始祖徒弟收复两头神界生物化作初始之地符牌），时空岛主曾在开辟境时进初始之地分身死在里面符牌消失再无机会。,血刃神帝查竹圣者遗物发现母祖教参悟记录与传教青铜灯，揭示母祖教来历（另一宇宙修肉身不修规则奥妙）与黑鸟五师叔来历（另一宇宙血刃神帝带回）。
东伯帝君,使者,矛盾展现、人物引入,人物、冲突,东伯雪鹰回黑雾海闭关修行，计划悟出完整天地规则后以四重天之身去初始之地（不使用天地规则战斗手段谁也不知道）。水魔王（宇宙神魔榜第十三位，掌握两种道皆达极致，性情乖张凶残，曾遭元初主人囚禁三千亿年）派使者（兽人猫脸三重天界神）来要太阳星核石（水魔王修行需研究对立的太阳星核石促进两条道提升），以《一线引》第三篇（湖心岛主人所传绝学之一，六滴金色液体一个宇宙纪元最多五滴，第三篇为真神修行用）一次传承交换。东伯雪鹰拒绝（仅第三篇不能修行也没什么参悟作用，价值相差十倍不止，自己为太阳星核石付出极大代价）。使者威胁，东伯雪鹰将其轰出府邸（血刃神廷疆域水魔王不敢动手）。此后水魔王无后续手段（对血刃神帝敬畏）。竹圣者之死过去两千余年，东伯雪鹰感觉积累浑厚但悟不出天地规则，决定出去行走四方寻找超脱机缘。,水魔王派使者以《一线引》第三篇一次传承换太阳星核石被东伯雪鹰拒绝轰走，东伯雪鹰决定出去行走四方寻找超脱机缘。
东伯帝君,漂泊四方,环境铺陈、伏笔埋设,伏笔、设定,东伯雪鹰行走血刃神廷疆域各处寻找超脱机缘，在云卡星变化为老木匠（容貌衰老如凡人会生病咳嗽），救青衣少年（被哥哥追杀的傀儡皇帝，三年后神灵降临取信仰之力发现信仰被偷会被击杀，背后有邪神控制灵魂），华美衣袍青年（哥哥）带兵追杀，神使（黑袍人）被东伯雪鹰定住，神灵（万里高巍峨身躯）降临被东伯雪鹰缩小至掌心（化灰袍老者做青衣少年仆人），东伯雪鹰给信仰石补亏欠，将青衣少年身体超凡化后离开。东伯雪鹰行走诸多星辰三千年依旧未超脱，决定离开血刃神廷疆域去月亮星（太阳星与太阴星都具有攻击性不适合生存，太阳星狂暴毁灭，月亮星阴险不知不觉冻成雕塑本尊神心冻死）。母祖教教主得知东伯雪鹰出了血刃神廷疆域，决定将珍材拿回来。,东伯雪鹰变化老木匠行走凡俗星辰（云卡星救青衣少年），三千年未超脱，决定离开血刃神廷疆域赴月亮星，母祖教教主决定截杀。
东伯帝君,截杀东伯雪鹰,战斗描写、转折高潮,战斗、高潮,"母祖教教主派""虔护法""（金毛猿猴，护法级高手中排前三，地位媲美青君、寂灭大帝）截杀东伯雪鹰（防御极强顶尖尊者全力一击仅勉强伤他，故需虔护法出手），在东伯雪鹰抵达月亮星前迅速截杀带走宝物。金毛猿猴在时空通道中出现（耀眼金光中模糊身影），一掌挥出毛茸茸巨大手掌仿佛无边无际大陆笼罩一切时空完全凝固（威势远超青君感觉媲美主宰压迫感，东伯雪鹰恐惧——面对白君王一剑都没恐惧），东伯雪鹰激发初始之地符牌凭空消失（传讯血刃神帝：金毛猿猴模样无因果线疑似母祖教高手）。血刃神帝透过因果感应东伯雪鹰位置，紧跟着东伯雪鹰凭空消失因果也消失（血刃神帝判断为""死了""实则逃掉）。",母祖教金毛猿猴截杀东伯雪鹰一掌笼罩天地威势媲美主宰，东伯雪鹰激发初始之地符牌凭空消失因果也消失，传讯血刃神帝。
东伯帝君,这是初始之地？,设定揭示、环境铺陈,揭示、设定,东伯雪鹰抵达初始之地（混沌虚空中数十里小陆地，规则令一切来者变为凡人——力量、视力、听力皆如凡人，感应不到因果，体内太皓之力界神力无法调动，真神器飞刀如普通飞刀，轻轻一划就破皮流血）。白发老头（阵灵非真正生命）迎接，称老祖建此地是为散心回味凡人滋味（主宰来都如凡人，这是规则），感应不到因果是初始之地影响。东伯雪鹰看到远处树木、石屋、花圃草地、溪水木桥、中央三座草屋（枯草泛黄自然美感）。东伯雪鹰无奈变凡人，白发老头称很快会经历九死一生。,东伯雪鹰抵达初始之地变为凡人（规则所定），白发老头迎接，告知将经历九死一生考验。
东伯帝君,洞天内,设定展开、战斗描写,战斗、设定,"白发老头带东伯雪鹰进入大树内洞天世界（实力完全恢复），远处山峰插金色斧头，考验为在""最强界神""阻拦下拔出斧头（不需击败他，他境界仅四重天层次但实力极强——老祖游历诸多宇宙发现的最恐怖界神境存在，复制其身体和记忆，连真神器都能消化，境界方面缺失很大但力量极致速度极致）。白发老头警告千万别被抓住吞入体内（身体构造连真神器都能消化）。破布赤脚男子从寒冰山峰中醒来（紫金色纹路浮现面孔边缘紫金色纹路交缠至眼睛如紫金色眉毛，双眸迸发紫金色光芒，气息暴涨不止一个层次，洞天空间震颤周围诞生微型黑洞被扭曲虚空粉碎），东伯雪鹰感到心底发寒有遇金毛猿猴的错觉。母祖教教主带金毛猿猴返回（血刃神帝出手不得大意），得知东伯雪鹰凭空消失因果也消失，教主称东伯雪鹰身上有不一般珍宝需重视查查。血刃神帝在战场""时光回流""查探，发现金毛猿猴一掌威达主宰层次但境界粗糙，东伯雪鹰凭空消失逃掉，血刃神帝从冰冷的杀机变为咧嘴笑""小瞧了徒弟""。","东伯雪鹰进入洞天世界考验为拔出金色斧头，对手为""最强界神""（境界四重天但力量极致速度极致），母祖教教主与血刃神帝各自查探东伯雪鹰凭空消失之谜。"
东伯帝君,交手,战斗描写、设定揭示,战斗、揭示、设定,"破布赤脚男子化作金色流光直扑（速度比东伯雪鹰快三倍媲美顶尖尊者），控制整个洞天空间东伯雪鹰无法调动世界之力。东伯雪鹰施展""天穹雾牢""，破布男子控制洞天虚空无数寒气显现温度急剧降太皓之力被冻结（雪花蕴含超越太皓之力力量遍布空间，灭极玄身甲铠轻易抵抗）。东伯雪鹰施展""心之界""（五大秘技之一迷幻之术，侵袭灵魂），发现对方有类似本尊神心之物有灵魂但有机缘至宝守护灵魂再无破绽。东伯雪鹰边逃边抵挡，破布男子一拳（化作模糊金光手臂暴涨）轰碎东伯雪鹰""陨石星辰""（五大秘技之一防御，参悟湖心岛亿万陨石法阵创出）防御，东伯雪鹰被砸飞穿山大窟窿但仅气血沸腾（枪法卸去九成力道甲铠护体）。东伯雪鹰朝斧头处靠近，破布男子施展禁术——眉心生第三只眼（紫金色纹路亮起能量汇聚眉心）。","东伯雪鹰与破布男子交手，""天穹雾牢""被寒气冻结，""心之界""无效（对方有至宝守护灵魂），""陨石星辰""防御被一拳击碎但仅气血沸腾，破布男子施展禁术生第三只眼。"
东伯帝君,飞刀还我,战斗描写、转折高潮,战斗、高潮,"破布男子第三只眼瞳孔映照东伯雪鹰，""裂""——虚空撕裂黑色裂缝（洞天极稳定此前战斗没如此大威力），东伯雪鹰勉强扭曲身体逃过（距离千万里攻击突然降临只有虚空被撕裂刹那才能感应）。第三次攻击擦过东伯雪鹰半边身子，左臂及左腰皮肉凭空消失（连灭极玄身甲铠都扛不住），东伯雪鹰被迫使用真神器飞刀（刀尖飘血一击）——飞刀从虚界天地降临出现在破布男子眉心前方，刺入眉心约一寸被死死卡住（紫色血液泛金光），破布男子拔出飞刀吞入肚。东伯雪鹰趁机高速冲向斧头，破布男子第三只眼伤口愈合后再度施展攻击，东伯雪鹰压榨极限速度，虚空裂缝擦过膝盖往下消失，东伯雪鹰抓住斧头拔出山峰（通过考验）。破布男子吐出扭曲满是伤痕的飞刀（半废，内部核心的道还完好但刀体受损较大）。",东伯雪鹰被第三只眼撕裂虚空伤及左臂腰部，被迫使用飞刀（刀尖飘血）刺入破布男子眉心一寸被吞入，东伯雪鹰趁机拔出金色斧头通过考验，飞刀被吐出但严重受损半废。
东伯帝君,野狗,设定揭示、人物引入,人物、揭示、设定,破布男子称能在他手下活命还拔出斧头有点实力，扔还受损飞刀（半废内部核心道还完好但刀体受损），俯冲回寒冰山峰沉睡。白发老头称老祖给他复制了战斗记忆但情感残缺，创造他为研究身体奥妙和给后来者考验。白发老头称来到初始之地的大多第一次就死在里面，四重天界神进来罕见（一般得天地境、开辟境或主宰境），符牌分散宇宙各处得到颇艰难。东伯雪鹰成功拔出斧头有运气成分。白发老头带东伯雪鹰走向三座茅草屋（中央为老祖居处主宰境通过考验可进，左边开辟境通过考验可进，右边为宝库白发老头进去取宝），茅草屋前世界扭曲一层层虚幻世界叠加（真实世界叠加扭曲如虚幻，老祖防护手段）。一条黑狗窜出（老祖炼制守护初始之地实力最强，曾咬掉湖心岛主人一块肉——湖心岛主人曾强行进入初始之地不受规则压制，查看后未取一物离开）。,东伯雪鹰通过考验，白发老头带其走向茅草屋，三座茅草屋层级不同（主宰境、开辟境、宝库），黑狗实力最强曾伤湖心岛主人。
东伯帝君,茅草屋前的顿悟,悟道、转折高潮,修炼、高潮、爽点,"茅草屋前世界扭曲，东伯雪鹰越走越慢（虚幻世界一层层叠加扭曲，比破烂布卷法阵和湖心岛见闻都高得多，虚幻中衍变出的世界与真实世界无区别，沉沦进去永远无法超脱）。东伯雪鹰观看虚幻世界触动（七十万年在世界奥妙上花费精力极多，虚界奥妙与世界奥妙共通），脑海中无数感悟碰撞灵光闪现，闭眼参悟。一年零二个月后，东伯雪鹰悟出——天地规则仿佛枷锁囚笼，唯有突破它开辟出自己的路才能掌握绝对属于自己的力量（可灭杀可镇压不可剥夺），身体若隐若现似幻似真。白发老头醒来发现东伯雪鹰似幻似真与周围虚幻世界一体，判断""开辟境？""不敢确定。",东伯雪鹰在茅草屋前观看虚幻世界触动，参悟一年零二个月，悟出天地规则如囚笼唯有开辟自己的路才能掌握绝对力量，身体似幻似真——疑似开辟境。
东伯帝君,开辟境,悟道、设定揭示,修炼、揭示、设定、爽点,"东伯雪鹰从界神境直接跨入开辟境（此前这一宇宙纪元仅竹山府主一人做到，即便诸多宇宙纪元也屈指可数），悟出""虚界道""（凌驾天地规则之上，构造虚幻天地，攻击者碰不到东伯雪鹰，保命极致，但攻击力弱——有得必有失）。东伯雪鹰境界突破身体似幻似真（敌人攻击碰不到他）。东伯雪鹰担忧先开辟道后超脱难了（须成主宰才能超脱），白发老头称百万年开辟境怕什么（开辟道本尊神心比真神强可活到宇宙纪元破灭，纪元结束前成主宰超脱即可），东伯雪鹰问不成主宰呢（宇宙纪元结束时光长河覆灭所有沉沦生命一同覆灭），问超脱者是否覆灭，白发老头脸色一沉不愿多说。东伯雪鹰坦然许多（百万年开辟境，纪元结束前成主宰超脱即可）。白发老头带东伯雪鹰至茅草屋前，界神境通过考验只能选最低层次宝物，选兵器（攻击方面能提升），白发老头进去取宝。","东伯雪鹰从界神境直接跨入开辟境悟出""虚界道""（凌驾天地规则保命极致但攻击力弱），担忧超脱难，白发老头称纪元结束前成主宰即可，东伯雪鹰选兵器。"
东伯帝君,归来,装备获取、情节推进,奖励,"白发老头取出""血蛇枪""（黑色枪杆暗红色枪头不起眼暗红色花纹，内含主宰境""杀戮道""——非老祖所炼为某主宰炼制落入老祖手里，附""血蛇毒""对弱者致命对强者令血蛇盘踞体内阻碍恢复），东伯雪鹰狂喜（飞刀内含开辟境层次的道，血蛇枪内含主宰境的道，足以让尊者眼馋）。白发老头称开辟境通过考验收获将百倍千倍于这次（让主宰都眼红），但前提活下来。东伯雪鹰参悟虚幻世界五年后离开，白发老头直接送东伯雪鹰至夏族世界雪石城堡（连物质界都能直接送进来）。","东伯雪鹰获得""血蛇枪""（内含主宰境杀戮道附血蛇毒），参悟虚幻世界五年后离开，被白发老头直接送至夏族世界雪石城堡。"
东伯帝君,天地规则,悟道、设定揭示,修炼、揭示、设定、爽点,"东伯雪鹰俯瞰夏族世界百万年变迁（超凡层次数万人百倍于当初，斗气法术人人均可得，被尊为""夏皇""），踏海水行走时以开辟境视角观看整个天地法则运行，九种一品神心迅速融合成完美规则——悟出完整天地规则（之前总是差一点点，去初始之地后跳出天地囚笼反过来悟天地规则就容易多了）。但已开辟虚界道（开辟境），天地规则无法助其摆脱时光长河束缚（时光长河中体型庞大占十分之一，挣扎无效），必须成主宰才能超脱。东伯雪鹰回红尘岛静室修行（尽快将境界转化为实力）。",东伯雪鹰回夏族世界悟出完整天地规则（跳出天地囚笼后反过来悟容易），但已开辟虚界道须成主宰才能超脱，回红尘岛静室修行。
东伯帝君,突飞猛进（本篇终章）,悟道、转折高潮,修炼、高潮、爽点,"东伯雪鹰在红尘岛静室（八十一颗火红色圆球法阵，百倍时间加速），黑衣东伯雪鹰参悟《太皓》和《灭极玄身》（天地规则悟出又开辟虚界道论境界已是尊者境界，第五篇四转和第五层对尊者境界难度低多了），吃红色石头（拳头大）、十八个灰色果实、三十片深红色木片（《灭极玄身》第五层所需珍材，之前七十万年修行中已搜集），体表黑色甲铠进化至第五层（暗光流转），《太皓》第五篇四转之境、《灭极玄身》第五层皆练成（皆需开辟道才能大成），体内远超之前的力量。白衣东伯雪鹰炼化血蛇枪（耗时三百年，主宰境杀戮道炼化难度极高）。东伯雪鹰返回黑雾海，被血刃神帝召见。时空岛主得知东伯雪鹰回归神界（好奇其凭空消失隐藏因果的手段，有了一丝贪婪但忌惮血刃神帝）。东伯雪鹰赴血刃神廷木屋院落，血刃神帝问其凭空消失因果消失的际遇，东伯雪鹰坦白得到初始之地符牌可前往初始之地，血刃神帝称难怪身体气息强大比逻魔主还强（以为初始之地有其他宇宙修行法门）。东伯雪鹰尴尬称身体气息强大非其他法门，""我开辟出自己的道了""。血刃神帝愣住。（本篇终）","东伯雪鹰修行《太皓》第五篇四转、《灭极玄身》第五层皆大成，炼化血蛇枪（耗时三百年），返回黑雾海被血刃神帝召见，坦白得初始之地符牌并告知""我开辟出自己的道了""，血刃神帝愣住，第二十篇完整收官。"
新的三祖,虚空魂液,设定展开、人物引入,人物、设定,"东伯雪鹰向血刃神帝禀报已开辟""虚界道""（不是简单虚界神心，而是浩瀚虚界天地，包容真实世界，行走虚界天地敌人若无强行渗透手段无法从正常天地攻击）。血刃神帝沉默后赞叹而非训斥，称百万年开辟道比竹山快得多，自惭当师傅的。血刃神帝称开辟道是好事，只要宇宙纪元结束前成主宰即可。东伯雪鹰问宇宙纪元结束超脱者能否继续活下去，血刃神帝表情复杂（期待、担忧、不安）未多解释。血刃神帝称虚界道与他的阴影天地很像，都是刺杀暗杀前二的道，其他道如竹山毁灭雷霆、火铖火焰都是正面战斗的道。血刃神帝原准备礼物让东伯雪鹰超脱后开辟道，现在已开辟遂赐礼物，令黑鸟拿出最后一瓶""虚空魂液""（巴掌大黑色瓶子，宇宙内最后一瓶，血刃神帝修行最大危机所得，曾给青君一瓶）。虚空魂液能让灵魂进化强大，血刃神帝已用过对他无用，嘱东伯雪鹰灵魂无法再提升时方可给他人，灵魂最起码达大能层次方可服用，一瓶值十件真神器，其他主宰知道都会抢。",东伯雪鹰向血刃神帝禀报开辟虚界道，血刃神帝赞叹并赐宇宙内最后一瓶虚空魂液（能让灵魂进化强大）。
新的三祖,黑暗深渊的起源,设定揭示、情节推进,揭示、设定,"血刃神帝称东伯雪鹰已达开辟境，寻常遗迹帮助低，有资格进一些地方，传讯给五大遗迹情报：湖心岛遗迹（含剑界、永恒神宫、血火之门、毁灭洞天，重要性依次降低，剑界进去的全死连血刃神帝只坚持几个呼吸）、六道天轮、洞天飞舟、月亮宫、草堂。血刃神帝揭示黑暗深渊是魔祖创造""六道天轮""所成（六道天轮吞噬宇宙黑暗负面能量形成一层层黑暗深渊，最深处隐藏六道天轮，实为六个特殊洞天世界），魔祖麾下""远古恶魔""个个丑陋邪恶凶戾（三首神山即一具远古恶魔尸体），魔祖脾气怪异允许其他宇宙生命进入其遗迹。母祖教进入六道天轮抢夺宝物，任何生命一生最多进三次，尊者们多已用完三次，下三洞天仅巫蛐帝君一位尊者长期镇守。血刃神帝命东伯雪鹰进六道天轮磨练并给母祖教搞破坏（东伯雪鹰修毁灭军团绝学、悟虚界道保命极强）。东伯雪鹰请血刃神帝修复在初始之地受损的真神器飞刀，血刃神帝一盏茶时间不到即修复（黑色火焰融化真神器，取两种石头化为液体涂抹，凭空凝聚法阵），令东伯雪鹰感受宇宙第一强者强大。东伯雪鹰请师尊保密开辟道之事，以血刃馆主衣袍收敛气息伪装四重天界神。",血刃神帝揭示五大遗迹与黑暗深渊起源（魔祖创造六道天轮所成），命东伯雪鹰进下三洞天磨练对付母祖教，修复飞刀，东伯雪鹰伪装四重天界神。
新的三祖,深渊尽头，进入,环境铺陈、情节推进,设定,时空通道内东伯雪鹰驾星域飞舟伪装慢速飞行（虚界天地穿梭时空更快但伪装需要），暗忖母祖教是否偷袭。东伯雪鹰吸收虚空灵液后本尊神心蜕变，识海内本尊神心从婴儿大小长到七八岁孩童大小，推演速度快过十倍（过去百万年推演某种秘技，现在十万年即够）。东伯雪鹰回夏族世界服虚空灵液九成再无法吸收，分身本尊神心一分为二，以虚界道境界加百倍时间加速五天恢复巅峰。东伯雪鹰感慨师兄青君能以尊者匹敌主宰，虚空灵液起了大作用。东伯雪鹰飞出时光通道抵达黑暗深渊，深渊呈柱形一层层叠加。东伯雪鹰穿梭时空直奔深渊最下方最深处六道天轮，底部昏暗浑噩空间扭曲混乱（实力弱者被绞碎），有师尊情报才能安然进入。东伯雪鹰看到庞大无比的六色轮盘（黑、血红、银白、苍青、玄黄、灰），在漩涡中央缓慢旋转，恐怖黑暗毁灭气息弥漫。一股无形力量将东伯雪鹰吞吸进血红色范围。,东伯雪鹰服虚空灵液本尊神心蜕变（推演速度快十倍），穿梭时空抵达黑暗深渊尽头六道天轮，被吞吸入血红色范围。
新的三祖,第一个猎物,环境铺陈、矛盾展现,冲突、设定,"东伯雪鹰穿过血色抵达""血魔洞天""（天空血红色，地面黑色渗鲜血），下三洞天中巫蛐帝君坐镇最紧要的黑雨洞天，血魔洞天与冰雪洞天为母祖教护法盘踞。东伯雪鹰期待母祖教动手。神界隐秘殿厅内银袍老者（母祖教高手）透过因果查探，发现东伯雪鹰在六道天轮血魔洞天，地位较高可直接联系教主，传讯告知。血魔洞天五座石屋住五位母祖教护法，最边缘石屋佝偻男子""蛏云护法""（绿色头发）接教主传讯，教主称东伯雪鹰是厉害的四重天界神有诡异遁逃之术，命蛏云护法以封锁虚空束缚手段束缚他，看是否还会挪移逃走，若擒获无需击杀封禁本尊神心带回查看秘密。蛏云护法融入虚空出发，飞行两天多（境界低只能乖乖飞，教主提供大概位置）。蛏云护法遥遥看到东伯雪鹰飞行，笑其飞行速度慢。东伯雪鹰虚界天地覆盖蛏云护法，连其脸上毛孔都看清，蛏云护法却丝毫不知。",东伯雪鹰进入血魔洞天，母祖教银袍老者发现其行踪，教主命蛏云护法前往抓捕，东伯雪鹰虚界天地已覆盖蛏云护法而对方不知。
新的三祖,初战,战斗描写、转折高潮,战斗、高潮,"东伯雪鹰透过因果传音联系巫蛐帝君（下三洞天另一位同族，黑雨洞天黑水湖泊大石上盘膝坐，深青色华美衣袍中年人，额头两根软触角，双眸泛青色，蒙蒙青色光柱万亿里范围），巫蛐帝君称蛏云护法是母祖教护法中实力普通的，擅长操纵虚空与无数头发束缚困敌，母祖教派他来是想困住东伯雪鹰活捉，并提醒母祖教护法身体极强横（普通护法力量能与巫蛐帝君匹敌，顶尖护法力量远超），但境界太低招式粗糙。东伯雪鹰称境界上差距大，帝君他要动手先陪蛏云护法耍耍。蛏云护法无数绿色头发遁入虚空形成封闭球体包围东伯雪鹰，猛然收缩。东伯雪鹰""震惊""后持血蛇枪（真神器，黑色长枪暗红纹路，含永恒杀戮道，炼化时参悟完善枪法）怒刺，枪尖显世界漩涡（扭曲破碎世界，中央恐怖杀机），以《灭极玄身》第五层大成、《太皓》第五篇大成力量，发丝被撕扯开，长枪贯穿无数发丝刺向蛏云护法。蛏云护法大惊（本自信发丝坚韧），判断东伯雪鹰绝非四重天界神，恐怕已是尊者，恐开辟了某种杀戮道。",东伯雪鹰联系巫蛐帝君了解蛏云护法虚实，蛏云护法以头发球体包围，东伯雪鹰以血蛇枪世界漩涡撕开发丝刺向蛏云护法，蛏云护法判断其为尊者级。
新的三祖,身体,战斗描写、设定揭示,战斗、揭示、设定,蛏云护法右手出现深灰色石棍砸来（虚空塌陷），血蛇枪枪杆如大蛇滑溜，石棍力量仅两三成作用在枪杆（境界差距）。东伯雪鹰感觉枪杆一歪刺偏。蛏云护法大惊（本以为能砸飞长枪），这个宇宙修行者力量弱，东伯雪鹰新晋尊者竟没能碾压他。东伯雪鹰判断正面硬碰硬有望占上风但杀他难，决定发挥境界优势。血蛇枪化作大蛇鬼魅出枪，十余枪后一枪刺穿发丝阻碍刺中蛏云护法腹部，真神器杀戮道刺破坚韧皮肤刺出大血窟窿，但被体内筋膜肌肉抵挡。蛏云护法自信恢复，却发现伤口有异种能量盘踞恢复极慢朝体内渗透（血蛇毒），脸色大变问东伯雪鹰是否懂巫毒。东伯雪鹰评判：力量只有蛏云护法一半，长枪穿透发丝后威力再衰减三四成，正面硬碰硬优势不大。蛏云护法成护法漫长岁月却被新晋小家伙枪法压制。东伯雪鹰喜血蛇毒阴险（身体保命弱些的尊者一刺毙命，身体强者被刺中也难恢复），再度出枪。蛏云护法中枪八次（连喉咙都有窟窿），体内血蛇毒越来越浓郁无法驱逐。蛏云护法仰头咆哮，身体浮现花纹气息暴涨（爆发状态），挥石棍威势暴烈。东伯雪鹰硬碰硬被砸进地面凹坑，判断其力量是之前三倍（达主宰层次），全力一心防守卸力（十分力量只能发挥一分），防御滴水不漏。蛏云护法见伤不了东伯雪鹰且血蛇毒盘踞，身体爆发持续不了多久，转身就逃。东伯雪鹰甩出飞刀。,东伯雪鹰以境界优势枪法压制蛏云护法，血蛇毒令蛏云护法伤口难恢复，蛏云护法爆发力量三倍（达主宰层次）仍杀不了东伯雪鹰，转身就逃，东伯雪鹰甩出飞刀。
新的三祖,母祖教的焦急,战斗描写、矛盾展现,冲突、战斗,飞刀从虚界天地直接出现在蛏云护法眉心前轰击（无防御完全爆发），头颅炸裂但迅速重生，血蛇毒蔓延至下巴。蛏云护法判断飞刀摧毁部分血肉完全湮灭，一击损失百分之一生命之力，身上血窟窿血蛇毒盘踞，挖掉放弃则损失三成生命之力无法维持爆发。蛏云护法慌急，联系教主求救让祸烛大哥来救。母祖教老巢青铜殿厅内獠牙教主（青褐色皮肤裹破布）惊问蛏云护法连逃命都做不到，蛏云护法称东伯雪鹰兵器含巫毒身体只能勉强压制，飞刀从虚无出现来不及抵挡且湮灭生命之力，每次重创影响飞行速度，半个时辰都撑不住。教主立即令同在血魔洞天的另外四位护法（祸烛护法率领）去救蛏云护法（每一位力量都珍贵必须保住）。教主透过时光长河查探，东伯雪鹰体型宽度有整个时光长河十分之一，肯定依旧是四重天界神却开辟出道路（像竹山府主）。教主愤怒焦急，百万年开辟道路。祸烛护法等四位（三男一女）停止炼制药液，化作火焰虹光赶去（需近一天时间）。东伯雪鹰未动用虚界道是有更深谋划，一次次扔出飞刀从虚界天地进入正常天地轰击蛏云护法，蛏云护法肚子炸开身体分裂两截，损失近百分之二生命之力。蛏云护法速度下降恢复平常状态，东伯雪鹰飞行速度反超。东伯雪鹰不知击杀护法意味着什么（以为对方本尊可再修炼回来），但他错了——两个宇宙的区别。,飞刀从虚界天地无征兆轰击蛏云护法令其生命之力不断损耗，蛏云护法求救，教主令祸烛护法等四位去救，东伯雪鹰不知击杀母祖教护法意味着对方永远无法再来修行者宇宙。
新的三祖,心疼,转折高潮、设定揭示,揭示、设定、高潮,"东伯雪鹰逼近，蛏云护法回忆家乡与出发来修行者宇宙的豪情壮志，悲愤绝望（分身死了教内不可能付出大代价再送来，永远无法再来）。东伯雪鹰感到古怪（杀一个分身怎么这么绝望），手中不软，血蛇枪再度刺出，蛏云护法不抵挡任由一枪刺穿身体，身体粉碎湮灭，临死看苍茫血色苍穹道""修行者宇宙，再见，我是没机会再来了""。东伯雪鹰恍然血蛇毒渗透弥漫全身令其崩解湮灭，感慨母祖教护法身体强横爆发力量夸张，若无两门绝学全力防御会被碾压。东伯雪鹰收起蛏云护法遗物，越想越不对劲（修行者宇宙杀分身一般愤怒怒喝，最多心疼兵器宝物）。东伯雪鹰传讯巫蛐帝君询问。祸烛护法等四位火焰虹光停下，灰袍女护法称蛏云死了，碧眼男子冷笑真不值，紫袍老者称新晋尊者就灭了蛏云，祸烛护法咬牙。教主传命四人一同行动杀东伯雪鹰，四人化作火焰虹光赶去。巫蛐帝君吃惊难以置信，告知东伯雪鹰：母祖教出名狡猾珍惜性命，六道天轮下三洞天是他们唯一有优势敢现身处，之前修行者宇宙仅杀死两个护法，东伯雪鹰一人杀其一，此事须告知八位主宰，护法遗物需收好师尊他们要查看。巫蛐帝君将消息传给八位主宰（时空岛主、血刃神帝、万神殿主、乾合娘娘、元初主人、尼罗主宰、炼狱主宰、深渊始祖），主宰们皆震惊（不知东伯雪鹰已开辟道路，百万年开辟道比百万年超脱还吓人）。血刃神帝传音东伯雪鹰称母祖教心疼死，嘱其小心母祖教一群护法来对付。",东伯雪鹰斩杀蛏云护法，巫蛐帝君告知母祖教死一少一（再来代价太大），修行者宇宙至今仅杀三个护法东伯雪鹰杀其一，消息传八位主宰皆震惊，血刃神帝大悦。
新的三祖,远古恶魔,设定揭示、环境铺陈,揭示、设定,东伯雪鹰感受师尊心情极好（其他七位主宰惊诧羡慕嫉妒令神帝畅快），血刃神帝称那些老家伙都被东伯雪鹰吓住，东伯雪鹰谦虚。东伯雪鹰再问母祖教为何心疼分身，血刃神帝解释：母祖教神秘了解少，判断一方面孕养分身没修行者宇宙轻松（不同修行体系），另一方面从他们宇宙来到这代价很大（可能当初教主护法一起行动一起携带过来），某个护法分身死了再孕养分身不可能单独再付出大代价送来，故死掉一个就损失一个。母祖教面对修行者宇宙本处下风，每损失一个实力越弱，护法地位重要死太多教主们须亲自出手那危险更大（血刃神帝他们必全力以赴斩杀教主）。血刃神帝嘱东伯雪鹰最重要的是修行，对付母祖教自有主宰来对付，魔祖实力深不可测六道天轮危险背后有大好处，多在下三洞天走走见识。东伯雪鹰飞行观看血魔洞天（天穹血色地面黑泥渗血），师尊说的没错自己见识少（去过的地方能比六道天轮的只有初始之地和湖心岛，湖心岛只去了毁灭洞天）。东伯雪鹰发现远处连绵大山实为一头沉睡的远古恶魔（人形身躯狗头，体长千亿里，腹部极慢膨胀呼吸以亿年为单位），情报记载下三洞天每个洞天一头远古恶魔（主宰级，上三洞天更强连主宰都处下风）。东伯雪鹰小心屏息行走虚界天地，减少动静别唤醒大家伙。,血刃神帝解释母祖教心疼分身的原因（孕养分身不轻松、再来代价太大死一少一），东伯雪鹰在血魔洞天发现沉睡的远古恶魔（主宰级），小心避让。
新的三祖,囚禁在深坑内,设定揭示、转折高潮,揭示、设定、高潮,东伯雪鹰在虚界天地内飞行（六道天轮压制正常天地无法穿梭虚空，但虚界天地是东伯雪鹰创造掌控可以穿梭虚空，为避免母祖教发现只能慢慢飞）。半空忽然出现气泡包裹住东伯雪鹰，气泡碎裂东伯雪鹰身体连同甲铠一瞬间完全碎裂消失。半个多时辰后祸烛护法率三位同伴赶到，发现远古恶魔，灰袍女护法称东伯雪鹰藏在这若厮杀惊醒远古恶魔麻烦，四位仔细查探千亿里范围找不到东伯雪鹰，祸烛护法判断其陷入血魔洞天某种危险中，后退远点小心盯着。东伯雪鹰身体粉碎神心粉碎后又恢复完好（虚空传送特殊现象，本尊神心未真粉碎），发现自己被囚禁在巨大深坑中，血色液体浸泡，双手双脚被锁链捆缚。血色液体能穿过灭极玄身甲铠（仿佛水流穿过筛子），侵蚀皮膜肌肉筋骨带来难以忍受的剧痛且疼痛加剧。东伯雪鹰进入虚界天地飞行，锁链跟着进入且拽直发出响声，尝试断开手脚无效（锁链无形力量笼罩全身无法断裂）。东伯雪鹰判断魔祖要囚禁谁自己逃不掉，但不知为何囚禁在这（火铖尊者被囚毁灭洞天是触怒湖心岛，自己来血魔洞天没做什么），抬头观察寻找机会。,东伯雪鹰被气泡传送囚禁在深坑中，血色液体穿过灭极玄身甲铠侵蚀身体剧痛，锁链连虚界天地都能跟入无法挣脱，魔祖手段自己逃不掉。
新的三祖,溶血殿,设定展开、转折高潮,设定、高潮,"东伯雪鹰想尽办法无法离开深坑（虚界天地都无法遁逃，力量无法撼动锁链，顶尖尊者也难挣脱）。血色液体侵蚀每一处疼痛达极致后开始下降并有诡异舒爽感。四条锁链忽然解开收回石壁消失。东伯雪鹰收走深坑血色液体研究（能穿透太皓之力界神力灭极玄身甲铠，须借助空间储存）。东伯雪鹰飞出深坑，发现血色雾气中正前方有古老血色殿厅，殿门三古老字符""溶血殿""——三魔殿之一。东伯雪鹰大喜（师尊情报详载六道天轮，下三洞天相对最安全机缘是三魔殿：溶血殿、蚀骨殿、炼心殿分别在血魔洞天、黑雨洞天、冰雪洞天，内有溶血秘术），进入殿厅。殿厅墙壁密密麻麻文字即溶血秘术。光芒汇聚成血袍阴冷男子（器灵），称东伯雪鹰能经受血蚁噬咬有资格进溶血殿（深坑血色液体是血蚁）。血袍阴冷男子脾气坏（魔祖留下器灵），要求东伯雪鹰两重考验：一万年内练成溶血秘术、击败血兽，成功赐三魔殿令牌可前往另外两殿。东伯雪鹰吃惊问不是百万年吗（师尊情报三魔殿秘术百万年内练成），血袍阴冷男子嗤笑称东伯雪鹰是毁灭军团士兵，第三宇宙纪元早直接杀，若非魔祖有吩咐根本不给机会，看到湖心岛混蛋就想杀，一万年练成算成功否则滚。",东伯雪鹰被血蚁噬咬考验后进入溶血殿，血袍阴冷男子（器灵）要求万年内练成溶血秘术再击败血兽，因毁灭军团士兵身份只给一万年（非百万年）。
新的三祖,三大基础秘术,设定揭示、人物心理,情感、揭示、设定,东伯雪鹰心中哭笑不得（魔祖与湖心岛主人早不在，恩怨波及自己冤枉），血袍阴冷男子盘膝坐下不再理会。东伯雪鹰明白器灵遵循魔祖命令权限内找麻烦（百万年降到一万年非仁慈是权限不够），魔祖连其他宇宙生命都给机会。溶血秘术是血液秘术修炼时疼痛异常越接近成功越恐怖，困难在悟性考验与疼痛忍耐力（受巫毒折磨东伯雪鹰深知疼痛下修行难度）。东伯雪鹰开始修炼，体表布满凸起脉络血液奔腾，发现这门秘术对血液操纵厉害，不愧是绝学《万魔真体》基础拆解出的秘术。溶血秘术、蚀骨秘术、炼心秘术三大秘术源自传说中《万魔真体》（魔祖最终悟出创出，令实力匹敌湖心岛主人，需六大传承全修大成开辟六条道皆达主宰境加外力辅助，难度极大，须深入上三洞天得到，三魔殿考验成功得最基础一卷）。东伯雪鹰一修炼就吐血（天地规则奥妙运用，开辟出道路竟修炼岔了），本尊在物质界也吐血。时间流逝，母祖教四位护法在远古恶魔旁守了一千年（蛏云死了药液废了憋屈），东伯雪鹰六千余年疼痛面容扭曲忍不住哼出声。血袍阴冷男子兴奋嗤笑（万魔真体三大基础秘术对悟性要求极高，尊者百万年练成都难，六千年才修一小部分疼痛远未达极致，快大成时才知滋味）。东伯雪鹰忽然恢复平静祥和睁眼，血袍阴冷男子称其修心一般。,溶血秘术是《万魔真体》三大基础秘术之一，东伯雪鹰修炼吐血，六千余年疼痛难忍哼出声，血袍阴冷男子嗤笑，母祖教四位护法守了一千年。
新的三祖,血兽,战斗描写、转折高潮,战斗、高潮,"东伯雪鹰不恼面带微笑，爆发恐怖气息，体表血雾环绕，背后出现庞大奇异爬虫异象（尾巴极长环绕两圈，头颅靠尾巴沉睡）——""虎蛐图腾""，溶血秘术大成后可外放形成此异象（魔祖创造万魔真身从三种奇特生物受触发打根基）。血袍阴冷男子愣住不敢相信东伯雪鹰练成了（刚才 是最后瓶颈关口最疼时哼出声，修心境界高）。东伯雪鹰称运气好侥幸练成。血袍阴冷男子称别高兴太早，第二重考验是正面战斗击败血兽。血袍阴冷男子指向角落，凭空显现一滴黑色血液（金色花纹流转），化作身高十余米通体黑色鳞甲直立行走的异兽（双腿短双爪长粗大，头颅三根弯角，血盆大口，小眼睛凶残狡猾），身体周围释放黑色涟漪波及虚空。东伯雪鹰感到死亡威胁（母祖教蠢货境界低，魔祖培育的血兽境界差不到哪去）。血袍阴冷男子嗤笑湖心岛剑主培养军团，论征战杀戮魔祖最擅长（当初魔祖看好剑主潜力手下留情否则早死）。东伯雪鹰称魔祖比剑主修行更早罢了（初始之地只有剑主能发现并强行进入，魔祖没发现，可见实力差距）。血兽低语称第一次和毁灭军团士兵动手，血袍阴冷男子令其动手。东伯雪鹰持血蛇枪，血兽一道黑色涟漪瞬间划过虚空出现，挥爪子上无数花纹流动恐怖毁灭力量弥漫。东伯雪鹰感觉兵器抵挡会被碾压抽飞，血兽前爪暴涨过十米长，瞬间数十道幻影笼罩威势凶猛，可东伯雪鹰一动不动，爪子仿佛划过虚空碰不到他。血兽与血袍阴冷男子都错愕，东伯雪鹰身体似幻似真，血袍阴冷男子猜测他在另一个天地内。",东伯雪鹰练成溶血秘术显虎蛐图腾异象，第二重考验击败血兽（魔祖培育的战斗生物，黑色涟漪蕴含毁灭力量），东伯雪鹰以虚界天地令血兽攻击落空。
新的三祖,被扔出来了,战斗描写、转折高潮,战斗、高潮,血袍阴冷男子皱眉称东伯雪鹰开辟的道是创造另一个天地，攻击极弱但保命遁逃厉害血兽碰不到。东伯雪鹰嗤笑站这不伤一根头发。血兽停步称一直躲赢不了会被扔出去一辈子没希望再进三魔殿。东伯雪鹰称给机会先进攻现在动手了，凭空完全消失（虚界天地内隐藏对方根本看不见，如飞刀扔出凭空消失）。东伯雪鹰在虚界天地观看正常天地独特（如站在岸边看水下世界），感慨浩瀚宇宙神秘（正常天地仅绝大多数生命生存世界，还有更多特殊之地甚至其他宇宙，初始之地可能类似虚界天地但高不知几个层次，湖心岛主人能发现强行进入初始之地实力差不了多少）。东伯雪鹰先给血兽一刀，飞刀虚界天地一闪到血兽旁进入正常天地进攻，血兽身形移动一爪拍击飞刀翻滚飞去。东伯雪鹰吃惊血兽能发现且抵挡（叶圣者当年发现晚勉强抵挡中招，血兽发现更快实力更强），再扔飞刀发现飞刀进入血兽周围黑色涟漪范围内即被发现（黑色涟漪能感应虚界天地，范围仅十丈）。东伯雪鹰持血蛇枪与血兽保持超过十丈距离，血蛇枪从虚界天地出现攻击（长枪与飞刀本质区别，变化莫测威力大，含永恒杀戮道与血蛇毒，隐蔽性稍差但十丈外血兽感应不到）。第一招擦过前爪缝隙刺中血兽左胸口拳头大血窟窿，血蛇枪化作幻影疯狂攻击。血兽咆哮竭力抵挡吃力（面对变幻莫测枪法，非真正生命战斗招式精妙难提升），偶尔东伯雪鹰被爪子轰中震得踉跄两步（力量顺兵器传递进虚界天地几乎没削弱）。血兽伤口恢复很慢，血窟窿不断添加伤势越来越重（毁灭性加巫毒）。血袍阴冷男子惊愕，持续一个多时辰后血兽身体完全崩解凝聚成一滴黑色血液（气息衰弱）。血袍阴冷男子扔出三魔殿令牌，称东伯雪鹰赢了，强行将其挪移出去。,东伯雪鹰以虚界天地令血兽攻击落空，血蛇枪从虚界天地攻击血兽（十丈外血兽感应不到），血兽伤口难恢复最终崩解，东伯雪鹰得三魔殿令牌被扔出。
新的三祖,四位护法,战斗描写、矛盾爆发,冲突、战斗,"东伯雪鹰发现母祖教四位护法潜藏，装作没察觉小心收敛气息超高速飞行（远古恶魔旁）。祸烛护法狞笑等了六千多年，灰袍女护法称蛏云死药液废都因东伯雪鹰，碧眼男子杀机凛冽，紫袍老者称按之前定下的来。祸烛护法一声令下火焰虹光包裹四位追去。东伯雪鹰爆发《太皓》第五篇《灭极玄身》第五层速度仍远不如火焰虹光，一个时辰后双方距离拉近到百亿里。东伯雪鹰暗忖对方不动手自己只能装没发现，小半个时辰后距离缩小到过亿里。灰袍女护法嗤笑东伯雪鹰稚嫩没察觉。祸烛护法一翻手出现古朴圆形石盘（一圈圈花纹），产生无尽波动弥漫百亿里范围形成封闭世界（有山脉江河）。四位护法现身，东伯雪鹰""震惊""称四位护法联手瞧得起他。灰袍女护法冷声称东伯雪鹰挪移遁逃手段比主宰还厉害，再施展一次否则死了怪不得谁。东伯雪鹰沉默（护法们判断那等逆天遁逃手段是宝物力量有种种限制，东伯雪鹰死了只死分身不敢带宝物进六道天轮）。东伯雪鹰嗤笑称之前一位护法死他手里，你们胆子大敢在远古恶魔旁对付他。祸烛护法称周围世界完全封闭逃不掉，远古恶魔这里战斗动静外面察觉不到，手中出现巨大青色木杖暴涨划过长空碾压空间（封闭百亿里世界震颤出现裂缝）。东伯雪鹰持血蛇枪全力防御，木杖碰触长枪威力一成透过传递身体，东伯雪鹰被砸的朝远处飞砸进大地轰出深窟窿。东伯雪鹰又飞出，称灭极玄身甲铠防御强（第四层抗住白君王一击，第五层更强尊者杀不了最多伤），硬抗也扛得住。东伯雪鹰反击刺向祸烛护法，血蛇枪接近时无形阻力威势下降到三成，刺在暗红皮肤上仅一个白点连皮都没破。东伯雪鹰咋舌（纯粹皮肤抗住），判断祸烛护法太强杀不死。",祸烛护法以圆形石盘形成封闭百亿里世界围困东伯雪鹰，四位护法联手，东伯雪鹰灭极玄身甲铠硬抗祸烛护法木杖一击无伤，但血蛇枪刺不破祸烛护法皮肤。
新的三祖,幻境降临,战斗描写、转折高潮,战斗、高潮,"祸烛护法木杖落在东伯雪鹰身上，东伯雪鹰被抛飞吐血但身体完好甲铠完好。三位护法大惊（以为祸烛护法木杖轰杀十次百次也够），祸烛护法微微皱眉（全力一击没伤对方，禁招估计也不行），传音改策略先困住擒住。四位护法分散包围。东伯雪鹰摸清敌人虚实：祸烛护法强的夸张杀不死放弃，再试另外三个。东伯雪鹰刺向碧眼男子，碧眼男子双手握细长刀（雕刻图案）怒劈（世界被一切为二），东伯雪鹰以攻对攻先刺中碧眼男子身体（无阻力直接刺出碗口大血窟窿），碧眼男子面不改色长刀怒劈东伯雪鹰抛飞离灰袍女护法更近。碧眼男子传音困住他。灰袍女护法身体生长无数绿色枝条弥漫笼罩东伯雪鹰，东伯雪鹰不敢被纠缠（囚禁住躲进虚界天地枝条也跟着进入力量够大可强行拽出），长枪怒刺向灰袍女护法，灰袍女护法无数枝叶环绕形成球体抵挡。东伯雪鹰收枪刺向紫袍老者，碧眼男子传音小心兵器中巫毒难驱除。紫袍老者最不擅近身搏杀但身体强度不亚于东伯雪鹰，体表出现黑色雾气，遥看东伯雪鹰称没得到血液咒杀威力不够，口中念叨，一股诡异无形波动降临笼罩东伯雪鹰（似乎超出这方天地与虚界天地掌控范围，来源于更高层次，未知神秘攻击，非灵魂攻击），遭东伯雪鹰自然生命力影响衰减消失。东伯雪鹰吃惊（师尊说的母祖教诡异咒杀，最好载体是血液千万不能让血液落敌人手里），血蛇枪刺入黑雾阻力极大（仿佛无数生物冲击），威势削弱五成后刺中紫袍老者胸口刺出大窟窿完全刺穿，恢复很慢。东伯雪鹰摸清底细：祸烛护法伤不了，灰袍女护法有枝叶保护不施展虚界道伤不了，碧眼男子身体防御和蛏云护法相当，紫袍老者身体最弱。无数枝叶到了，东伯雪鹰一笑身体似幻似真进入虚界天地，枝叶扑空。东伯雪鹰微微一笑""该我动手了""，虚界天地降临，幻境降临（母祖教护法境界低修心普遍不高，幻术克制；东伯雪鹰在黑雾海参悟幻境开辟虚界道，尊者中幻术前三）。四位护法感觉眼前场景变幻，无形力量开始影响灵魂。","东伯雪鹰摸清四位护法虚实（祸烛护法杀不死、灰袍女护法有枝叶保护、碧眼男子与紫袍老者可伤），施展虚界道""幻境降临""克敌（母祖教修心低幻术克制）。"
新的三祖,损失惨重,转折高潮、战斗描写,战斗、高潮,"幻境降临，碧眼男子（盅蛇护法）一瞬间完全沉沦（灵魂被引入幻境，有挚爱族人新名字""刀九""，完全遗忘自己是谁，生死受操纵）。灰袍女护法修心不错被引入幻境但灵魂没被蒙蔽保持最基本清醒（知自己是母祖教护法被东伯雪鹰引入幻境），操纵无数绿色枝叶保护自己却无法查看周围真实场景，灵魂无法逃离幻境。祸烛护法陷入幻境一刹那，强大灵魂怒吼""破""，体表无形能量波及撕扯幻境迅速支离破碎。紫袍老者最轻松，双眸幽冷充满智慧，一刹那灵魂意志粉碎幻境，连传音祸烛快救他们两个。祸烛护法猛然张口喷出火焰化作一条条火蛇（游走速度远超自身飞行速度）朝灰袍女护法和碧眼男子飞去。东伯雪鹰惊喜幻境效果，碧眼男子灵魂完全蒙蔽想要怎么揉捏就怎么揉捏。东伯雪鹰行走虚界天地下瞬移到碧眼男子身旁，伸手穿过虚界天地进入正常天地抓住碧眼男子收入洞天宝物（灵魂蒙蔽仿佛沉睡一点反抗力都没有）。东伯雪鹰分心操纵幻境让碧眼男子沉沦，又瞬移到灰袍女护法身旁，右手出现锁链捆住灰袍女护法欲拽进虚界天地，但灰袍女护法身体被枝叶包裹严实内部都有枝叶，枝叶疯狂缠绕锁链力量恐怖拽不动。东伯雪鹰让锁链急剧缩小脱离束缚收回虚界天地。祸烛护法施展火焰分身力大无穷强行撕扯开枝叶到女护法旁，无数火焰包裹住灰袍女护法，紫袍老者与祸烛护法汇合被收起，灰袍女护法被火焰保护收起，东伯雪鹰幻境无法再影响她。封闭世界内只剩祸烛护法和虚界天地内的东伯雪鹰。祸烛护法体型魁梧体表无形之力弥漫，称交出盅蛇护法饶你不死，东伯雪鹰声音回荡找不到他。祸烛护法强压怒火问交出盅蛇护法需要什么条件。母祖教进入修行者宇宙以来仅损失两位护法，如今不起眼的东伯雪鹰身上死了蛏云又活捉盅蛇，输太冤（最大原因小瞧东伯雪鹰，他开辟幻术类道路整个修行者宇宙罕见，白君王寂灭大帝水魔王巫蛐帝君乃至主宰时空岛主万神殿主都没开辟幻术类道）。",幻境降临令盅蛇护法完全沉沦被活捉，灰袍女护法保持清醒但被祸烛护法火焰分身救出，祸烛护法与紫袍老者粉碎幻境，东伯雪鹰幻术类道路整个修行者宇宙罕见。
新的三祖,询问,转折高潮、设定揭示,揭示、设定、高潮,"东伯雪鹰与祸烛护法谈判纯粹拖延时间，大半心思在洞天宝物内封禁盅蛇护法灵魂。东伯雪鹰传讯血刃神帝询问如何处置活捉的护法。血刃神帝愣了愣（小徒弟活捉一个母祖教护法，心中本觉得他稚嫩），嘱赶紧询问母祖教一定会立即找到被活捉护法本尊强行让他苏醒。血刃神帝称曾活捉一个母祖教护法刚询问就引起灵魂崩溃（类似誓言惩罚防范手段），问东伯雪鹰想办法询问从他们家乡来到这的宇宙通道在哪，不能太直接。东伯雪鹰在洞天宝物内太皓之力分身凭空出现，透过幻境引导被蒙蔽灵魂轻易操纵，将宇宙星图划分一万份（神界占九成九）一份份传递进对方灵魂。传递到第六千三百四十五份时，碧眼男子灵魂出现无数血色丝线恢复清醒，瞪眼东伯雪鹰。东伯雪鹰称知道这一份星图位置很重要，碧眼男子低吼""没用""无数血色丝线完全切割灵魂溃散身死。东伯雪鹰皱眉母祖教内部严密（封禁灵魂都会自动崩解）。母祖教青铜殿厅内獠牙教主沉默，银袍獠牙青年凭空出现称以最快速度赶去找到盅蛇护法本尊还没来得及唤醒分身就崩解死去，盅蛇主动醒来告知东伯雪鹰知道了一份星图范围（约十个星域）。银袍青年称东伯雪鹰将星图传递进灵魂，重要星图引起崩溃，若稍慢一点就能唤醒盅蛇护法舍弃分身主动崩解。獠牙巨汉叹息东伯雪鹰一个尊者级让他们损失这么大（两位护法加驻地讯息泄露），银袍青年称十个星域范围太大找到几乎不可能，且驻地为宇宙诸多纪元得到的最适合隐藏宝物即便到面前也找不到。獠牙巨汉称从今往后四重天界神都不能有丝毫大意。银袍青年双眸银色流光中仿佛巨大重茧在孕育，低语记住东伯雪鹰这个小家伙。母祖教教主们护法们牢记东伯雪鹰，再也不敢轻视。",东伯雪鹰将宇宙星图分一万份传递进盅蛇护法灵魂，第六千三百四十五份（约十个星域）引起灵魂崩溃身死，母祖教老巢范围暴露，母祖教再也不敢轻视东伯雪鹰。
新的三祖,苏醒的远古恶魔,战斗描写、转折高潮,战斗、高潮,"祸烛护法故作谈判拖延时间，东伯雪鹰冷漠嗤笑手中出现界神器长矛，猛然甩出穿梭虚空抵达数百亿里外沉睡的远古恶魔处（封闭世界封闭正常天地，东伯雪鹰虚界天地母祖教没法封闭）。界神器长矛从虚界天地进入正常天地刺在远古恶魔屁股位置（最凸起最近），远古恶魔仅微微震颤界神器完全分解碎裂，沉睡的远古恶魔缓缓睁眼（黄色瞳孔冰冷无情充满杀机），转头看向封闭世界方向，目光落在藏匿虚界天地的东伯雪鹰身上令其发自心底胆寒。远古恶魔（千亿里庞大）挥动右爪，撕拉开封闭世界抵达东伯雪鹰所在区域，爪子未进入虚界天地但无形力量钻进虚界天地轰击甲铠，东伯雪鹰吐血倒飞本尊神心停滞思维变慢（中招后才恢复思考已被轰飞）。东伯雪鹰瞬移到一千多亿里外停下，远古恶魔遥遥看东伯雪鹰方向却没再追杀（情报不假远古恶魔苏醒后敌我不分攻击一切生命，只在周围千亿里范围攻击，逃离即不追杀），转头看向惊愕中的祸烛护法。东伯雪鹰暗忖远古恶魔力量硬传递进虚界天地就令自己受伤，若无虚界天地正常天地内恐怕被直接灭杀（不愧主宰级，约相当于刚突破较稚嫩的主宰，与青君实力接近）。祸烛护法脸色大变称东伯雪鹰唤醒了远古恶魔，远古恶魔低吼""死""挥爪子。祸烛护法怒吼挥木杖（火蛇缠绕右臂威势更猛，力量达主宰级），但远古恶魔爪子释放无形力量令木杖速度急剧下降完全停滞，爪子挥劈中木杖，祸烛护法身体炸裂化作三道火焰流光分散远处汇聚（脸色惨白）。祸烛护法面前出现一片枯黄叶子（虚空祖树树叶，力量质上比远古恶魔还强大），吞入体内体表蒙蒙枯黄光芒体型暴涨。远古恶魔爪子又一击，祸烛护法挥木杖抵抗，每一击引起百亿里天地破碎，祸烛护法每次被抽飞吐血但身体完好（叶子后防御强一截）。祸烛护法逃到一半还穿古怪银色甲铠（母祖守护圣甲），逃跑近半个时辰后远古恶魔放弃追杀。东伯雪鹰暗叹还以为能一举灭掉三个护法。远古恶魔直立狗头朝天怒吼产生冲击波，随即凭空消失（换地方睡去）。东伯雪鹰判断远古恶魔实力与青君相当甚至境界运用稍差，与师兄们比自己差远了。东伯雪鹰瞬移前往黑雨洞天。",东伯雪鹰甩界神器长矛刺醒远古恶魔，远古恶魔撕裂封闭世界攻击祸烛护法，祸烛护法吃虚空祖树树叶穿母祖守护圣甲苦战逃命，东伯雪鹰判断远古恶魔实力与青君相当。
新的三祖,不可亏待,矛盾收束、转折高潮,冲突、高潮,"祸烛护法降落山顶脸色难看，称用掉一片虚空祖树树叶连母祖守护圣甲威能损失大半没能对付东伯雪鹰还损失这么多。教主传音称与其他教主们商议决定暂时不和东伯雪鹰为敌。祸烛护法不甘心（来到修行者宇宙后最大耻辱，两名护法折损教内重宝损失），称下三洞天有绝对优势可付出更多动用教内宝物。教主称不值得（东伯雪鹰开辟另一个天地又修《灭极玄身》保命极强，远古恶魔都没杀他瞬移千亿里外，护法们境界不擅长根本伤害不到他；谁敢说东伯雪鹰不是血刃神帝故意设下的陷阱，身上可能携血刃神帝赐重宝，遁逃手段或能再施展），即便送宝物进去怕也无用，就算出了六道天轮在正常神界范围教主亲自出手都无把握。祸烛护法只能应命，教主吩咐离他远点无视他。母祖教决定无视东伯雪鹰，修行者宇宙主宰们却一片骚动。深渊始祖、元初主人、乾合娘娘、炼狱主宰等震惊万分（东伯雪鹰先后弄死两名护法），血刃神帝将东伯雪鹰提供的星图拿出来称母祖教老巢宇宙通道位置很可能就在这一片星域范围。主宰们顿时震惊（宇宙通道位置是双方争斗最关键，摧毁通道母祖教无法再派高手过来），漫长岁月找不到如今范围缩小到十个星域。主宰们战意昂扬（他们战死本尊可迅速再修炼分身不怕死，过去有力无处使找不到敌人）。主宰们问血刃神帝东伯雪鹰开辟什么道，血刃神帝答""虚界道""，主宰们恍然（行走虚界天地母祖教难伤又擅长幻境能活捉护法探查讯息）。元初主人称这小子立下大功劳不能亏待，血刃神帝称不可亏待徒弟，时空岛主不愿出太多宝物（论宝物血刃神帝在诸位之上），深渊始祖等附和。血刃神帝称徒弟悟性高但四重天界神就开辟道路太麻烦不成主宰无法超脱，想办法让他成主宰希望更大些。东伯雪鹰行走在虚界天地瞬移，抵达黑雨洞天漩涡通道。",母祖教教主们决定暂时不再与东伯雪鹰为敌（杀他代价太大），主宰们据东伯雪鹰星图缩小母祖教老巢范围至十个星域战意昂扬，元初主人等称不可亏待东伯雪鹰。
新的三祖,收获,设定揭示、人物引入,人物、揭示、设定,"东伯雪鹰没急着去黑雨洞天，盘膝荒原查看两位护法宝物。蛏云护法遗物：深灰色石棍（极沉重材质坚不可摧，炼制粗糙仅可大可小，蛏云护法兵器），其余寒碜（母祖教护法境界低兵器炼制粗糙，身上没几件好宝物，重宝都在祸烛护法身上，约和修行者文明普通大能者相当）。盅蛇护法遗物比蛏云护法多得多：一柄漆黑细长刀（雕刻图案），真神器内含永恒层次的道，无主兵器轻易感应，内含无形刀光一次次切割杀戮——""刀道""（疯狂癫狂杀戮刀道，杀性极重偏执疯魔像黑暗深渊恶魔），东伯雪鹰起名""魔刀""，参悟时警惕（疯狂杀戮刀道试图影响他）。盅蛇护法宝物多（可能击杀过尊者夺来或六道天轮奇遇），最珍贵即永恒层次魔刀。东伯雪鹰收起一切飞向高空漩涡进入黑雨洞天（茫茫连接天地的黑色雨水永远不断绝）。东伯雪鹰持三魔殿令牌感应蚀骨殿在左前方，但先去拜访巫蛐帝君。东伯雪鹰瞬移到黑水湖泊大石旁，巫蛐帝君（深青色华美衣袍中年人，额头两根软触角，双眸泛青色，蒙蒙青色光柱万亿里范围）面带微笑。巫蛐帝君在规则奥妙上达极高层次，擅长两条偏向保命的道（""不死""和""生命""）皆修炼到极致只差最后一步成主宰，一般尊者擅长一种保命道就了不得他擅长两种，主宰都奈何不了他保命能力比大多主宰都强（母祖教曾付出巨大代价完全灭杀他魂飞魄散，很快又在黑雨洞天凭空活过来）。水魔王还能被元初主人囚禁，巫蛐帝君元初主人能否囚禁两说，且他厚道仁善脾气好没有主宰想过对他动手（包括阴险自私的时空岛主）。巫蛐帝君排名青君寂灭之后仅因攻击方面欠缺些。巫蛐帝君称听闻东伯雪鹰又杀一个母祖教护法先后两位了，东伯雪鹰称运气（刚突破整个宇宙不知他真正实力加轻视才成功，再杀一位就难了）。巫蛐帝君称百万年开辟道且虚界道才能让他们意想不到成功，如今除主宰外顶尖尊者也知道东伯雪鹰的事，连寂灭那般冷厉性子都主动询问过，老友们都在谈论东伯雪鹰。",东伯雪鹰查看两位护法遗物（蛏云护法寒碜，盅蛇护法有永恒层次魔刀），进入黑雨洞天拜访巫蛐帝君（擅长不死与生命两条保命道，主宰都奈何不了），巫蛐帝君称顶尖尊者们都在谈论东伯雪鹰。
新的三祖,蚀骨殿,设定展开、人物心理,情感、设定,"东伯雪鹰和巫蛐帝君聊了片刻告辞前往蚀骨殿，循三魔殿令牌感应瞬移到目的地，被气泡包裹传送。眼前黑水湖泊中央柱子支撑一座古老殿厅，殿门三字符""蚀骨殿""。东伯雪鹰迈步进入，殿厅陈旧脏兮兮，墙壁密密麻麻文字即""蚀骨秘术""。无数黑色水滴凝聚成黑衣老者（器灵），称东伯雪鹰是靠令牌进来的毁灭军团士兵，要求万年内练成蚀骨秘术否则滚出去，盘膝角落不再多说。东伯雪鹰看蚀骨秘术，与溶血秘术完全不同方向（修炼骨头也疼痛剧烈），和溶血秘术、炼心秘术都极疼痛（溶血蚀骨针对血液骨头疼到极致影响灵魂，炼心纯粹针对本尊神心），东伯雪鹰纳闷魔祖为何创出如此剧烈疼痛秘术。东伯雪鹰盘膝修行，体表渐渐有骨头刺出肌肉皮肤彼此连接成一体，整个人朝""骨人""变化。骨头断裂啪啪啪体内所有骨头尽皆崩溃（骨头最深层次内部结构崩溃），界神力转化骨头再度孕育恢复。百余年东伯雪鹰体表形成完美骨头甲铠（晶莹宛如一体连头部骨头头盔仅露眼睛）。第一步练成，接下来体表骨头甲铠逐渐腐蚀（石头风吹日晒受侵蚀），疼痛感加剧（第一种蚀骨之法，需经过三千种蚀骨之法都成功秘术才练成，练成对实力一点帮助都没有只能证明对骨头操纵达极高地步）。一天天一年年疼痛加剧东伯雪鹰压抑疼痛修行（知晓三魔殿乃魔祖留给后辈宇宙纪元大机缘才修行，否则无比痛苦对实力无帮助谁会修炼）。东伯雪鹰喉咙低吼面容扭曲身体发颤（修炼到最后关头疼痛极致持续三天），体内骨头尽皆恢复平静，东伯雪鹰松气睁眼练成了。东伯雪鹰体内气息爆发，身体背后出现庞然大物虚影——四蹄长毛兽四个蹄子仿佛天柱""矗兽图腾""。黑衣老者称三千年就练成倒好悟性（早知东伯雪鹰练成溶血秘术不奇怪）。东伯雪鹰心情极好，三大基础秘术已练成其二只剩炼心秘术。东伯雪鹰担心受刁难得到机缘时不公平对待。黑衣老者一挥手气泡包住东伯雪鹰瞬间粉碎消失。",东伯雪鹰持三魔殿令牌进入蚀骨殿，三千年练成蚀骨秘术（三千种蚀骨之法）显矗兽图腾异象，三大基础秘术已练成其二，被扔出。
新的三祖,炼心秘术,设定展开、人物心理,情感、设定,"东伯雪鹰瞬移到黑雨洞天天空黑云漩涡（通往冰雪洞天），进入冰雪洞天（寒风吹雪花飘鹅毛大雪铺雪白，东伯雪鹰感刺骨寒意雪花被太皓之力震荡开去），持三魔殿令牌循感应前进。被气泡传送至炼心殿（积雪笼罩大殿，殿门三字符""炼心殿""）。殿厅内无积雪，墙壁密密麻麻文字即""炼心秘术""。白袍白发白胡子老者（器灵，胡须垂到胸口）出现，称炼心秘术是三大基础秘术中最难的一种，自魔祖创造六道天轮留下三魔殿到如今，得到令牌的不少，前面两种秘术要求虽高却不及炼心秘术，许多能练成前两种的最后的炼心秘术永远练不成。溶血蚀骨也就罢了，炼心炼的是本尊神心炼的是心灵这才是最难的，这是魔祖设下的最重要考验，炼心成了才能得到魔祖留下的机缘。东伯雪鹰称谢了比前两位客气得多。白胡子老者称器灵也有智慧甚至感情，盘膝一旁闭眼不再管东伯雪鹰。东伯雪鹰记下炼心秘术""炼心三劫""。炼心秘术只要本尊神心熬过三劫就练成。第一次进入三魔殿得令牌代表成功一半，最后炼心秘术练成代表剩下的一半（溶血蚀骨有足够时间一次次尝试尊者们几乎都能练成，炼心不同一生都无法练成都很常见）。东伯雪鹰盘膝闭眼开始修行。炼心三劫第一劫""绝望""：本尊神心表面出现锁链缠绕如烙铁碰触神心传来剧痛（直接针对灵魂），东伯雪鹰低吼身体哆嗦瘫倒在地（前两种秘术最后关头都未曾瘫倒），牙齿死咬血丝从嘴里冒出皮肤渗出血珠全身不受控制哆嗦。疼痛急剧提升又迅速下降，东伯雪鹰恢复盘膝坐好。疼痛再度飙升急剧攀升，一次比一次强永无尽头仿佛噩梦。东伯雪鹰心如琉璃无惧无惑摒弃畏惧绝望感，却感到心累心力憔悴疲惫不堪（一鼓作气再而衰三而竭），硬撑着心念唯一（无困惑无忧虑无畏惧心境空灵一往无前心念唯一），甚至灵魂要崩溃感修炼变得机械麻木。不知过多久又一股恐怖疼痛席卷灵魂退去时，东伯雪鹰发现绝望劫修行内容已尽皆练成。东伯雪鹰推算时间才两天（感觉仿佛百万年千万年），完全放松半年才焕然一新无疲惫感，开始第二劫""心动""。","东伯雪鹰进入冰雪洞天炼心殿，白袍白发白胡子老者（器灵）称炼心秘术最难，东伯雪鹰开始修行炼心三劫，两天熬过第一劫""绝望""（疼痛无尽头永无止境心力憔悴），开始第二劫""心动""。"
新的三祖,岁月，发现,人物心理、转折高潮,情感、高潮,"心动劫刚一修炼本尊神心陷入幻境。高山之巅东伯雪鹰身体颤抖疼痛侵袭，一只白皙手放肩上疼痛消失，貌美女子（容貌气质魅惑平生仅见）柔媚称何必折磨自己多陪陪我。东伯雪鹰气劲迸发崩开女子转头就走（疼痛再度加身）。湖边老头垂钓，劝东伯雪鹰放下执着享受悠闲生活。东伯雪鹰反驳：不修炼生命短短百年，修炼可得长生；不修炼靠什么吃喝，修炼可餐风饮露享用美味奇珍；不修炼靠两条腿翻几座山，修炼可飞天遁地看尽世界；不修炼乱兵能让你绝境，修炼可万人敌乃至媲美神魔；不修炼只是浩瀚宇宙不起眼一员，修炼有机会站宇宙巅峰看星辰繁衍兴起覆灭看族群生灭弹指摧毁虚空意志影响无数生死。老者消散。华美殿厅高坐王座下方臣子跪伏祈求劝享受。东伯雪鹰称只懂得享受坐不稳王座。种种美色感情权势美食诱惑勾引，东伯雪鹰冷漠看着（修行到他这等境界很清楚宇宙万物运转没有凭空赐予，要坐稳王座拥滔天权势需付出更多耗尽心血，要享受美食得有资格，即便感情也得有实力守护，宇宙运转规则本就公平），心动劫轻而易举过了。第三劫""岁月""：陷入幻境时间流速与外界不同（如做梦梦中漫长实际刹那），岁月劫没有疼痛加身。自然变成某个主角经历一段生活从头到尾无法反抗无法抉择（如梦中面对诱惑明明内心拒绝却选择接受）。第一个主角寿命漫长从凡人开始经历爱恨情仇修行入魔成魔头，持续十五亿年最后成二重天界神因凶残疯狂被杀。第二个主角更黑暗经历人世间种种悲惨十六岁入魔投靠魔神毁灭世界进入黑暗深渊成强大魔神，凶残狡诈冷厉对谁都不信任活二十三亿年三重天界神时被杀。第三个主角一帆风顺天才般生活无挫折一路修行突飞猛进妻妾成群，活到四重天界神时在无比潇洒生活中老死活一百二十亿年有余。老死刹那东伯雪鹰本尊神心一颤修炼停止，第三劫""岁月""失败（现实中才过去一千一百年，岁月劫中过去百亿年不止），心灵受影响无法继续。东伯雪鹰暗忖岁月本就很神奇漫长岁月中人心一般都会变化，完全化身另一人经历百亿年又怎能够完全无视，甚至有恍惚真实虚幻难以分辨感心灵有苍老感。失败后东伯雪鹰不急着修炼，家乡本尊多陪妻子儿女心境逐渐恢复，不知岁月劫何时是头多少个主角旅程（难怪尊者们许多倒在炼心秘术上）。陪妻子儿女三千年后完全恢复再度尝试，依旧经历三个主角生活失败。失败失败，很快万年时间到。白胡子老者称困在岁月劫了岁月劫真神尊者能通过的也只是一小部分，东伯雪鹰终究太年轻，一挥手气泡将东伯雪鹰送出去。冰雪洞天中东伯雪鹰继续修炼炼心秘术还是失败，渐渐有焦躁情绪。从炼心殿被扔出三万多年后，神界一片星空中朴素衣袍老者元初主人观看星空区域皱眉，传音血刃神帝等称可能发现母祖教老巢了（自从东伯雪鹰给星图后主宰们开始对这一片星图范围详细查探），血刃神帝时空岛主深渊始祖等大喜赶来。",东伯雪鹰轻松过心动劫，岁月劫化身主角经历十五亿年、二十三亿年、一百二十亿年岁月失败（心灵受影响），万年到期被扔出继续修炼仍失败，三万多年后元初主人发现母祖教老巢。
新的三祖,主宰'庞依',转折高潮、设定揭示,揭示、设定、高潮,星空中八位主宰齐聚（元初主人、乾合娘娘、时空岛主、炼狱主宰、尼罗主宰、深渊始祖、万神殿主、血刃神帝），加两位媲美主宰存在——月白色衣袍温和青年庞依与头发凌乱灰袍赤脚男子青君，修行者宇宙站在最巅峰的十位存在全部齐聚。尼罗主宰打趣元初主人活的最久先发现，元初主人称这地方查探数遍这次发现一点不正常仔细琢磨才发现破绽。血刃神帝统领大家（修行最庞杂法阵炼器宇宙第一最适合统领不同方面主宰）。血刃神帝身后虚空裂开出现巨大金色眼睛看向远处区域（黑鸟戒备因血刃神帝几乎毫无还手之力），称他们发现我们正在准备逃窜听我号令。修行者宇宙最顶尖一场大战悄无声息发生。冰雪洞天东伯雪鹰持血蛇枪施展枪法（杀戮气息弥漫），因岁月劫抗不过去暂时放一边修行虚界道及钻研飞刀血蛇枪中杀戮道（最欠缺攻击手段），偶尔参悟魔刀中杀戮刀道。东伯雪鹰透过因果询问火铖尊者，火铖尊者兴奋称庞依成主宰了（师尊元初主人告知）。东伯雪鹰惊叹。庞依未成主宰前宇宙神魔榜排第八比血腥主宰高一位更在青君之上。火铖尊者述经过：主宰们发现母祖教一处重地以为是老巢，八位主宰加庞依青君一同行动攻打，那处重地仅一位教主和两名护法但借助地利硬抗许久，庞依忽然展现超强实力隔着重地诸多防卫施展秘术直接震死两名护法使操纵区域出现破绽一举被攻破，那位教主使用特殊宝物凭空消失，重地被攻下收获很大发现母祖教许多秘密。火铖尊者称庞依能隔着重地重重防护击杀内部护法是血刃神帝他们都做不到的，据说是庞依自创出的新修行法。血刃神帝告知东伯雪鹰星图没错，就在那片星域发现母祖教一处重地，根据法阵判断它和其他两座重地及母祖教老巢形成庞大法阵极为稳固，幸亏庞依施展秘术突然袭杀教主麾下爪牙让法阵运转出现破绽才趁机一举攻破，攻破这座另外两座和老巢失去法阵庇护，根据法阵推断母祖教肯定就在那一片星域内。庞依成主宰消息逐渐传播连普通神灵都知晓。庞依成主宰半年后收一徒弟——慧明（东伯雪鹰大师兄），拜师一天后就超脱成大能者（大肆传播信仰无数因果缠身的四重天界神），轰动各方。谁都猜出与庞依有关，庞依承认即便因果缠身以他修行法也可超脱。大群四重天界神渴望拜入庞依门下，连主宰们开口请庞依帮忙，血刃神帝问雪鹰和竹山是否能借助这修行法超脱，庞依拒绝（他们都开辟出道路帮不了）。东伯雪鹰想办法让妻子余靖秋拜庞依门下。太多强者要拜师，庞依公开称来我这听我三天讲道能悟出的留下悟不出请离开（至今只有慧明入门）。讲道时大群四重天界神乃至三重天二重天界神赶来，尊者乃至主宰都有分身或真神力分身赶来，东伯雪鹰界神力分身聆听，一听就蒙了（庞依修行法需广传信仰借助信仰修炼入门极艰难，在场那么多界神竟没有一个能入门，东伯雪鹰从未吸收信仰之力更无法入门）。庞依修行法风波平息，大家明白超脱并非易事。庞依成主宰一年后，元初主人修改编订最新宇宙神魔榜传给榜上所有强者。,八位主宰加庞依青君攻打母祖教一处重地，庞依隔防护震死两名护法立功成主宰，慧明拜师庞依一天超脱成大能者（庞依修行法可令因果缠身者超脱），庞依公开讲道三天无人能入门，元初主人修订宇宙神魔榜。
新的三祖,新的排名,设定揭示、转折高潮,揭示、设定、高潮,"雪山之巅东伯雪鹰盘膝被积雪堆成雪人全力修行炼心秘术。元初主人声音传来传宇宙神魔榜。东伯雪鹰起身面带笑意称元初主人将排名定这么高（以为尊者中要垫底），连杀两位母祖教护法推高排名。新宇宙神魔榜：第一血刃神帝不可撼动深不可测，第二深渊始祖，第三元初主人（三位位置稳固搏杀交战和这前三位差距明显），第四庞依（新主宰力压时空岛主等五位老家伙直逼前三位），第五炼狱主宰，第六时空岛主，第七万神殿主，第八乾合娘娘，第九血腥主宰。尊者中：第十青君，第十一寂灭大帝，第十二巫蛐帝君，第十三水魔王，第十四白君王，第十五苦行者，第二十五毁灭君主，第三十三东伯帝君，第六十五慧明，第一百霸蠢献。主宰九位，尊者级（算竹山东伯雪鹰）三十六位，最垫底尊者第四十五位。东伯雪鹰排第三十三后面还有十二位尊者（算普通尊者中等层次，单凭虚界道只是保命厉害倒没资格力压十二位古老尊者，能击杀两位母祖教护法证明攻击杀敌不算弱排名高上去）。慧明师兄刚超脱就名列第六十五。许多大能者普通尊者瞠目结舌（东伯雪鹰？），宇宙神魔榜乃元初主人所定不可能犯错，难道东伯雪鹰像竹山府主一样开辟出道？修行才百万年？火铖尊者被问东伯帝君开辟出道了？消息迅速传播尊者们及众多大能者几乎都知晓。与东伯雪鹰有交情的来祝贺。一则言论逐渐传播：""庞依成主宰，血刃神廷三祖少一位，如今新的三祖应该是毁灭君主、竹山府主和东伯帝君。""顶尖的青君火铖尊者巫蛐帝君水魔王等无异议（知东伯雪鹰斩杀两位母祖教护法单凭此战绩名列三祖便足够）。弱些的尊者普通大能者暗暗嘀咕东伯雪鹰偏弱拉低三祖层次。许多四重天界神及更弱界神非常关注（梦寐以求拜三祖门下），质疑东伯雪鹰一个四重天界神也成三祖？修行多久也配当三祖？","元初主人修订宇宙神魔榜，东伯雪鹰名列第三十三（力压十二位尊者），庞依第四，慧明第六十五，""新的三祖""传言传开，顶尖尊者与主宰们认可，界神们质疑东伯雪鹰资格。"
新的三祖,八百万年,人物心理、设定揭示,情感、揭示、设定,界神们觉得东伯雪鹰不配名列三祖（侮辱他们心目中地位极高的三祖），公开讨论时说话小心斟酌。时空岛三位大能者谈笑论道谈到东伯雪鹰：狮子头颅男子问黑魔老祖怕不怕，黑魔老祖笑称怕所以躲在时空岛不敢出去，杀一个红尘圣主两个徒弟慧明东伯雪鹰都越来越厉害（黑魔老祖运气不好）。紫色花纹男子嗤笑红尘两个徒弟都越来越厉害。狮子头颅男子称一个个把东伯雪鹰捧太高，按宇宙神魔榜他比竹山府主毁灭君主弱的多。黑魔老祖微笑称不可小瞧他百万年开辟道说不定将来成主宰，另外两位称黑魔那你就更惨了，黑魔老祖无奈一笑却有从容不迫。关于东伯雪鹰成新三祖之一，实力越强者越能接受，最普通无数界神觉得东伯雪鹰实力差些不够格。东伯雪鹰根本不在意，百万年开辟道又和母祖教交过手，在初始之地看到那个最强界神和能伤湖心岛主人的黑狗，很清楚如今自己境界很浅薄想要走更高站更高（成主宰超脱仅是目标，还想要更厉害像湖心岛主人魔祖甚至初始之地老祖那般境界），外界议论对他仅是个笑话。冰雪洞天潜修转眼八百多万年过去（对东伯雪鹰漫长毕竟之前才修炼百万年，对浩瀚宇宙强大修行者非常短暂）。八百多万年整个神界深渊几乎没变化，无数凡人超凡生命一代代更替，繁衍庞大的东伯家族东伯雪鹰越来越像传说。山顶东伯雪鹰负手而立眼神如刀锋凌厉，炼心秘术岁月劫一次次洗练及修炼规则奥妙体会逐渐明悟中内心磨练仿佛一柄刀越磨越锋利。东伯雪鹰体表散发无形波动，无形黑色雾气迅速弥漫千万里上亿里，周围天地一片漆黑黑雾翻滚环绕东伯雪鹰如统领黑暗的恐怖魔神。千亿里范围庞大黑雾一道光芒闪过如一张纸被切割开（极端凝聚瞬间爆发恐怖威能令尊者忌惮）。东伯雪鹰称八百多万年炼心秘术没练成杀戮道却终于开辟成功（心意一动一道道闪光让千亿里范围一次次被切割成凌乱一块块尽皆化作虚无消散恢复无数雪花飘飘）。杀戮道多谢岁月劫（要么沉沦要么像一柄刀劈开一切阻挡，心意越凝练杀戮道参悟越深入加三件真神器帮助总算成功）。杀戮道弥补攻击方面缺陷（过去靠血蛇枪内含永恒境杀戮道真神器玄妙及血蛇毒加自身力量加持，如今掌握杀戮道血蛇枪飞刀威势都大多了）。杀戮道与虚界道截然不同（为杀戮而存在，极端凝练将所有攻击汇聚一点仿佛一道光线爆发刺穿或切割一切令其湮灭，手段单一攻击威势极强）。两条道好处：彼此辅助（虚界道行走虚界天地偷袭敌人遁逃轻松），对修行帮助（成主宰有两条路线机会大增）。东伯雪鹰之所以一心参悟杀戮道（年少修炼兵器追求极致威力追求杀戮，极点穿透真意是很极端的杀戮手段，三件真神器对杀戮道帮助大）。掌握两条道敢和顶尖尊者斗一斗（顶尖尊者有些仅一条道），当然没法和青君师兄比（青君三条道结合都达极致能和主宰正面搏杀）。,"黑魔老祖等谈论东伯雪鹰成三祖，东伯雪鹰不在意外界议论，八百多万年潜修开辟出""杀戮道""（极端凝练汇聚一点爆发），弥补攻击缺陷，掌握两条道敢与顶尖尊者斗一斗。"
新的三祖,修心三层,转折高潮、设定揭示,揭示、设定、高潮,"东伯雪鹰开辟杀戮道后充满斗志再度尝试炼心秘术，盘膝坐下雪花冻结化作雪人。岁月劫一个又一个人生（黑暗疯狂逍遥自在阴冷邪恶霸道无匹），东伯雪鹰修炼到如今没经历那么多匪夷所思的事却在岁月劫中都经历了，化身主角性子与本性截然不同的扭曲感在漫长岁月中不断努力影响东伯雪鹰（尊者想稳住心境极难）。东伯雪鹰这一次开始经历第九位主角人生（过去那么多年没撑到第九位过）。第九位主角淳朴，二十五岁前过普通凡人日子甚至没进过几次大城，觉醒界神血脉后成超凡生命，各方势力拉拢让他沉醉温柔乡认定那是真爱一次次被利用最终被关押被超凡半神法师准备当实验材料，牢狱中醒悟明白最挚爱三位女子都在骗他，囚牢中另一实验材料无比丑陋女子和他隔牢笼说话，他喜欢上这丑陋女子觉得只有她对他真心。丑陋女子在实验中死了，他崩溃疯了，那天雷电轰隆万里废墟半神级法师当场殒命。从此多了一个疯疯癫癫男子性格乖戾实力强大，时而和凡人女子爱如痴如狂，时而阴谋算计玩弄死敌人，时而暴力一路杀杀杀，性格百变。成四重天界神超脱成大能复活丑陋女子过平静岁月，丑陋女子仅成普通神灵寿命结束本尊神心消散而死，他越加乖戾开辟""刑罚雷电之道""成尊者后来又成主宰。这段岁月超过五百亿年，东伯雪鹰随主角怪异脾气变化心态自己仿佛都变成疯子，幸好抵抗住，最后一段五百亿年岁月有超脱后大能尊者乃至主宰岁月让东伯雪鹰心境遭受更深层次磨砺。岁月劫结束（正常结束修炼到结束）。雪人积雪脱落露出冻结冰层龟裂，东伯雪鹰睁眼双眸有让人胆寒的力量眼前空间被洞穿出现两条裂缝撕裂虚空。东伯雪鹰轻声低语内观本尊神心：识海中仿佛孩童大的东伯雪鹰盘膝而坐通体宛如琉璃，眼睛很亮让人无法直视，本尊神心周围更有一道道锋芒。过去本尊神心普通正常，现在却仿佛一柄刀一柄剑心灵意志显现实质锋芒。东伯雪鹰起身称三大秘术都已练成去炼心殿，当即一飞冲天瞬移。东伯雪鹰借三魔殿令牌再来到炼心殿，白袍白发白胡子老者出现称练成了，让东伯雪鹰看看意志威力。东伯雪鹰双眸迸发无形力量冲击殿厅墙壁微微震颤（魔祖留下的炼心殿能让殿壁震颤可见威力，许多大能者全力一击不过如此）。白胡子老者称心意如刀果真练成（一个四重天界神开辟出道就罢了连炼心秘术也成了）。东伯雪鹰疑惑""心意如刀""。白胡子老者称修心分三层：心如琉璃、心意如刀、我心为天心。东伯雪鹰记下，问第三层我心为天心？白胡子老者称宇宙诸多纪元到如今主宰中都没谁修心达到这一境界，只有湖心岛主人和魔祖先后达到（修心达到这层次单凭意志就能轻易斩杀主宰），从主宰跨出最后一步的倒还有些可心境达到第三层的就两位，所以毁灭军团的小家伙还是先成主宰再说别好高骛远。东伯雪鹰咋舌单凭意志就能斩杀主宰（可见湖心岛主人和魔祖在宇宙诸多纪元中超然地位）。白胡子老者称三大秘术都练成可得魔祖留下机缘，一挥手出现巨大气泡让东伯雪鹰跟他来，气泡粉碎虚空传送。一片混沌中很小陆地仅一座建筑——一座塔。东伯雪鹰与白胡子老者出现在塔楼入口前，白胡子老者朝塔楼内走东伯雪鹰跟随。","东伯雪鹰开辟杀戮道后再度修炼炼心秘术，经历第九位主角（超过五百亿年从凡人到主宰）岁月劫正常结束，修心达第二层""心意如刀""（本尊神心如刀剑心灵意志显实质锋芒），三大秘术皆成，白胡子老者引东伯雪鹰至混沌中古塔得机缘，揭示修心三层（心如琉璃心意如刀我心为天心）。"
新的三祖,古塔内,设定揭示、转折高潮,揭示、设定、高潮,塔楼高十二丈古朴寻常，沿台阶走入内部。塔楼内空荡荡，半空高处悬浮一颗晶莹剔透拇指大绿色晶石放出蒙蒙光芒照耀塔楼内部让东伯雪鹰心安静下来，绿色晶石光芒中无数字符时时刻刻变化。白袍白发老者称通过三魔殿考验可得魔祖留下机缘：一是《万魔真身》第一卷（初始卷，每个通过考验的修行者都能得到），二是宝物（纯粹看运气在魔祖宝库中随意抓一件抓到什么是什么，运气好得一头远古恶魔当仆从都有可能，最低主宰级，不过至今没谁走运抓到远古恶魔）。白胡子老者称这就是万魔真身初始卷，魔祖最强绝学初始卷也是最重要铸就根基一卷，对魔祖那层次这点力量不值一提可对尊者是渴望的绝学，魔祖凭万魔真身让湖心岛剑主都奈何不得。东伯雪鹰静下心努力记忆绿光中无数字符（字符不断变化，随记忆越来越多逐渐明白其中含义，三大基础秘术是初始卷最主要组成部分练成后自然逐渐明悟）。东伯雪鹰看大半个时辰尽皆明悟（字符只是引导学会本质才叫学会，否则记忆再多字符都没用因字符无穷无尽）。东伯雪鹰称初始卷要练成还需外物辅助。白胡子老者称不靠外物单靠能量也可以练成只是多耗费时间。东伯雪鹰撇嘴（靠自己修炼靠体内界神力令身体进化怕是得百亿年，洞天宝物百倍加速外界也过去亿年之久，无法接受，借助外物万年内可成）。白胡子老者指向旁边墙壁凭空出现洞口，称手伸进去抓住什么就是什么纯粹看运气。东伯雪鹰走上前伸手进入洞口（洞口内一片虚无），挥手尝试去抓忽然抓住什么，无形力量将东伯雪鹰排斥出来洞口愈合消失。东伯雪鹰看手中抓着一张黑色纸张柔软，一道讯息传递到脑海，纸张粉碎化作虚无。这是一副庞大星图（有太阳星月亮星黑暗深渊无数星辰甚至湖心岛六道天轮记载），其中一个位置标注出来，根本就是这一宇宙的星图。东伯雪鹰无语（一个宇宙纪元结束都会大破灭过去星图标注的位置如今第八宇宙纪元再来查），幸好月亮星太阳星湖心岛六道天轮一直稳定存在，根据它们位置可推演出星图标注所在地位置。白胡子老者称一张纸运气还真是奇特不知是好是坏，该离开了。气泡出现包住东伯雪鹰碎裂传送。冰雪洞天东伯雪鹰透过因果传音巫蛐帝君称准备离开六道天轮。巫蛐帝君称八百多万年以你的修行岁月在这待这么久让我都惊讶。东伯雪鹰称本没计划待如此之久只为三魔殿机缘，如今练成三大秘术得机缘自然赶紧离开。二者告别（任何生命一生最多进三次，若牵扯母祖教东伯雪鹰愿意再进六道天轮）。东伯雪鹰瞬移到出口（六道天轮每个洞天都有一个出口在幽深地面漩涡中，天空漩涡通另一洞天地面漩涡是离开），俯冲进入黑暗漩涡，再度出现已到六道天轮之外，看到庞大六色轮盘缓缓旋转，直接撕裂时空迅速离去。东伯雪鹰没急着去古塔星图标注位置（福祸难料，面对魔祖留下的地方得准备充分，等万魔真身初始卷练成杀戮道巩固神界事情安排妥当再出发），从黑暗深渊尽头很快赶回黑雾海。东伯雪鹰看远处庞大府邸露出笑容（这次离开太久太久）。,东伯雪鹰在古塔得《万魔真身》初始卷（换血换骨魔祖最强绝学根基）及宝物星图（标注一位置需根据稳定星体推演），告别巫蛐帝君离开六道天轮回黑雾海，不急着去星图标注位置先准备充分。
新的三祖,归来,情感展现、情节推进,情感,黑雾海花园内，东伯雪鹰、余靖秋、东伯青石、墨阳瑜东伯烈夫妇、宗叔、池丘白夫妻、东伯玉夫妻、东伯青瑶、东伯家族后裔优秀子弟、夏族老友晁青贺山主司空阳等齐聚。东伯青瑶称在红石山世界能见父亲可黑雾海八百多万年没见了父亲竟也忍心。东伯雪鹰哈哈一笑称红石山世界经常见。池丘白称东伯雪鹰这次消失够久（如今他已是三重天界神，夏族世界除东伯雪鹰余靖秋外实力最高，甚至余靖秋因转世缘故真正修行时间池丘白远远比她短）。母亲墨阳瑜称来黑雾海好多次一次都没看到你。东伯雪鹰连道是我的错（母亲面前乖乖认错）。八百多万年对其他大能者界神似乎短暂，可对从夏族世界出来的家乡同族人而言太长太长，东伯雪鹰一回来他们得消息后个个从四方赶来，东伯烈夫妇四处漂泊也立即赶来，东伯青石赶来，绝对是一场难得团圆宴。宴会结束后大家三三两两歇息小聚会。东伯雪鹰和余靖秋在府邸散步。余靖秋称还以为东伯雪鹰这次会过了万花宴才回来。东伯雪鹰一愣，余靖秋称神帝陛下举行的万花宴一千万年一次，离新一届万花宴也快了。东伯雪鹰心中感慨（清晰记得走出夏族世界参加万花宴当初白沙老哥帮忙挡住毒郢界神，一路闯荡最终被神帝收入门下，那时刚掌握世界神心甚至不敢暴露防黑魔老祖；转眼已开辟两条道，寻常大能者都不在乎了，连高高在上主宰境也并非不可触摸，只要沿两条道继续前行任何一条道最终成功永恒都能成主宰）。余靖秋称万花宴她得参加东伯雪鹰神帝弟子更得参加，东伯家族后辈早做准备要在万花宴一搏。东伯雪鹰问可有足够惊艳有资格拜大能门下的，余靖秋摇头（东伯家族有机会学到界神级秘术得到好指点星域预选还是有望，足够惊艳的真没有）。东伯雪鹰称万花宴当初参加战斗如今看小辈战斗。东伯雪鹰回黑雾海后透过血刃酒馆及发动关系请诸多好友帮忙搜集《万魔真身》初始卷所需外物（杀了两位母祖教护法财大气粗有底气，等价交换不让对方吃亏，看在他面子上否则即便等价对方都不一定换）。三万年过去血刃酒馆搜集过半外物，又靠众多朋友帮忙三万年搜集齐全（中途青君和苦行者两位顶尖尊者主动帮忙）。苦行者透过因果传音（宇宙神魔榜第十五以力大无穷著称也通过三魔殿考验得万魔真身初始卷），青君师兄传音恭喜称通过三魔殿考验可不容易他当初也费了些周折（东伯雪鹰明白青君师兄也得过）。帝君府邸地下殿厅内专门挖深潭，东伯雪鹰倾倒银色砂砾、黑色血液、泛金光叶子、磨碎粉末等珍奇外物入深潭（依次扔进次序不能乱耗费半个时辰，深潭液体颜色逐渐变成暗红色翻滚散发炽热气息）。东伯雪鹰称就这些外物加起来代价赶得上一件普通真神器（幸好杀死两名母祖教护法否则头疼怎么和别人交换）。东伯雪鹰期待万魔真身初始卷练成后身体进化程度，一迈步进入深潭盘膝坐下开始修行（有外物辅助才能一日千里）。,东伯雪鹰回黑雾海与家人夏族老友团圆（池丘白已成三重天界神），万花宴将至，东伯雪鹰三万年搜集齐《万魔真身》初始卷所需外物（青君苦行者帮忙），在地下深潭开始修行。
新的三祖,功成,转折高潮、设定揭示,揭示、设定、高潮,翻滚的暗红色液体炽热无比不亚于太阳星表面，东伯雪鹰完全无视。东伯雪鹰体内坚韧无比骨头逐渐粉碎，在修心第二层心意如刀的强大意志下强行操纵暗红色液体中力量小心翼翼进入体内融入骨头（每一个粉碎骨头被操纵渗透到极细微处）。《万魔真身》初始卷主要就是换血换骨（全身筋骨血液全部焕然一新有本质进化，之后滋养脏腑肌肉皮肤，魔祖看来血肉类生命最核心本质是骨头和血液，所以三大基础秘术有蚀骨溶血，没有这般匪夷所思操纵之力根本没法修炼），修心境界足够高才能在无比剧烈疼痛下依旧操纵外力融入筋骨血液。东伯雪鹰暗嘀真不是一般的疼（强大意志保持平静不受干扰）。全身骨头变化渐渐表面泛起晶莹光芒（非骨头发出而是其他光线映照），单单换骨持续超过三千年全身筋骨进化成功（骨头坚韧程度比许多极品界神器还夸张，骨头上的筋充满韧性拿出一根都可炼制兵器）。换骨完再换血同样耗费超过三千年（换血完后全身血液每一滴仿佛天地间瑰宝虽是红色血液却隐隐有彩光流转）。筋骨血液成功后接下来相对轻松（让筋骨血液逐渐滋润体内肌肉皮肤脏腑器官逐渐进化，修炼起来最容易最舒服）。深潭暗红色液体水位逐渐下降到最后只剩最底部薄薄一层。东伯雪鹰早就穿上衣服，身体气息汹涌澎湃出现气浪澎湃冲击四面八方让地下殿厅微微震颤（这地下殿厅是东伯雪鹰平常修行地稳固无比，单单散发气浪便能灭杀寻常四重天界神，强大生命自然蕴含的气息，毫不掩饰一举一动简直都是天灾）。东伯雪鹰缓缓呼出一口气在地下殿厅内发出刺耳嘶鸣呼啸冲击各处（将体内残余一丝杂质尽皆吐出，足足吐盏茶时间）。东伯雪鹰感受如今身体体内蕴含匪夷所思力量恢复力爆发速度远超过去，有随手捏死尊者的错觉（只是身体急剧提升产生的错觉，尊者们开辟出道有保命之法）。东伯雪鹰双手抓住深坑两侧岩壁（有法阵庇护极为稳固）要起身，岩壁直接被抓的粉碎（修炼万魔真身初始卷之前全力一击才能勉强做到这步）。东伯雪鹰一伸手出现界神阶上品长棍兵器（舍不得用极品尝试），抓两端用力未炼化的界神器被掰弯曲（再掰下去就断了停手）。东伯雪鹰一双手掌在长棍上全力一搓，长棍震颤扭曲啪的断裂断裂处有粉末流下。东伯雪鹰称太皓之力对帮助已很低了（灭极玄身身体都完全进化只剩甲铠还有用）。东伯雪鹰估测身体应该比母祖教普通护法强，和顶尖护法祸烛护法相比估计有他三成（以境界巨大优势即便不施展杀戮道都能正面搏杀不落下风，虚界道杀戮道都施展甚至能压制祸烛护法，双方拼命估计相当，但自己能耗死对方因虚界天地可一直追着敌人）。东伯雪鹰称如今也匹敌顶尖尊者了（同样的杀戮道同样的兵器攻击，力量提升到新层次攻击威力也达新层次）。东伯雪鹰不骄傲很清楚优势和缺点（万魔真身初始卷让自己拥有强横身体，可境界方面和青君寂灭大帝白君王水魔王等相比太稚嫩，境界再提升将来完全能和他们匹敌甚至和主宰们掰掰手腕，但需要时间，虚界道修行八百多万年离达到极致还差很远）。东伯雪鹰不急不躁慢慢来。黑雾海帝君府陪妻子练枪法很快到万花宴日子。余靖秋称东伯家族竟然一个前往神廷进行最终之战的都没有，东伯玉称我去肯定可惜是二重天界神没法参加，东伯青瑶称万花宴本就是神帝给无数神灵们另一次机会让天赋极高的也有机会出头。东伯雪鹰吩咐出发让东伯玉东伯青瑶跟着母亲，直接撕裂时空，东伯雪鹰和余靖秋并肩带一对儿女飞行时空通道朝血刃神廷赶去。,东伯雪鹰练成《万魔真身》初始卷（换骨换血超三千年，身体质变力量大增随手抓碎法阵岩壁掰断界神器），匹敌顶尖尊者，带余靖秋与儿女赴血刃神廷参加万花宴。
新的三祖,超微型宇宙,设定揭示、转折高潮,揭示、设定、高潮,"东伯雪鹰夫妇带儿女通过时空通道抵达血刃神廷，耳边响起血刃神帝声音""雪鹰你先来我这""。东伯雪鹰让余靖秋带东伯玉东伯青瑶去主殿自己先去见师尊。东伯玉东伯青瑶双眼放光（见神帝啊传说中神界第一强者父亲说见就见）。东伯雪鹰吩咐俩人今天宴会上收敛着点（恐怕主宰都有几位闹出笑话就丢脸）。血刃神廷宁静木屋小院内，暗红衣袍血刃神帝与月白色衣袍庞依随意坐着闲聊。东伯雪鹰恭敬行礼""见过师尊庞依主宰""。庞依眼神温和微笑称神帝这徒弟不一般修行速度突飞猛进百万年开辟虚界道还得到《万魔真身》，算上主宰和尊者这一宇宙纪元得到万魔真身第一卷的屈指可数，若元初主人再编宇宙神魔榜排名怕还得往前挪不少位。血刃神帝满意称也是运气庞依你不就没碰到三魔殿（像竹山府主庞依就没碰到过三魔殿）。庞依称能通过也是实力没碰到三魔殿的尊者中只是一小半，大半都碰到过可通过的又有几个。庞依催促血刃神帝给徒弟宝贝。血刃神帝称东伯雪鹰斩杀两位母祖教护法最重要的从母祖教护法那查探出的星图对整个修行者宇宙有巨大帮助，与其他众多主宰商量过立下如此大功劳不能亏待。血刃神帝一翻手手心出现一颗深银色水滴模样物质""宇宙石心""（深银色液体上无数花纹流转，木屋范围开始扭曲周围显现混沌）。东伯雪鹰惊愕发现感觉不到因果（和师尊的因果和红石山世界本尊的因果和妻子儿女的因果一切因果都无法感知，仅勉强透过灵魂一体联系感应到本尊存在，混沌外的一切都无法感知）。血刃神帝称宇宙石心一旦激发可形成一个超微型宇宙（范围也就这小院大小），和外界完全隔离连因果都无法纠缠你宇宙运转规则都无法感应到你。东伯雪鹰疑惑有用吗。血刃神帝称有用，他有一门分身法可修炼出两个分身（算上本尊三个身体），不过三身体是宇宙运转规则不允许的，即便得到分身法正常也无法练成，必须激发宇宙石心在超微型宇宙内修炼，练成后三个身体已存在打破宇宙运转规则限制（宇宙运转规则不会直接伤害修行者，只要练成它根本没办法）。东伯雪鹰露出喜色。血刃神帝称分身法只有他和青君掌握，本没急着给（对境界要求很高），一来东伯雪鹰立下大功劳二来四重天就开辟道多一分身能让修行速度更快更有希望成主宰超脱。东伯雪鹰感激道谢。血刃神帝将宇宙石心扔给东伯雪鹰（保存好一旦丢失想再炼制不容易，若不是几个老家伙都拿出炼制材料单单师尊凑不齐），轻指一道光芒渗透进东伯雪鹰眉心传分身法讯息。血刃神帝嘱好好参悟无需着急（现在境界对分身法而言低了些），宇宙石心平常别激发（消耗能量非常庞大）。东伯雪鹰明白师尊奖励珍贵性不亚于万魔真身初始卷（初始卷帮助有限成主宰后没有后续法门对实力帮助很弱，可多出一个分身对帮助是持续性的）。血刃神帝吩咐先去万花宴他和其他几位主宰等会儿过去。东伯雪鹰离去。东伯雪鹰行走虚界天地到血刃神廷主殿（巍峨高耸最高处云雾缭绕举行万花宴处），俯瞰主殿最高处最外围坐满一千九百名神级小家伙（规规矩矩坐各自位置面前条案美酒食物），大能者们划过长空逐渐赶到。东伯雪鹰一笑（上一届万花宴自己也是那一千九百名中的一个），俯冲而下朝妻子靖秋及众多大能者汇聚处飞去。","血刃神帝赐东伯雪鹰""宇宙石心""（超微型宇宙与外界完全隔离因果无法纠缠宇宙运转规则无法感应）及分身法（可修炼第三身体需在超微型宇宙内修炼打破宇宙运转规则限制），作为斩杀母祖教护法及探得星图大功劳奖励，东伯雪鹰赴万花宴。"
新的三祖,新的三祖（本篇终）,转折高潮、情感展现,情感、高潮,"主殿最高处云雾缭绕，大能者们四重天界神们三三两两闲聊，条案珍稀美食佳肴侍女们送上，座次安排好。最上方高处四个座位（这一次参加万花宴的主宰有四位），主宰之位下方三个座次（过去三祖坐的），再往外有较明显距离才是其他众多位置。三位大能者议论：主宰之下三个位次，过去有三祖可现在庞依成主宰三祖只剩两位竟还安排三个位次，难道东伯雪鹰成新三祖之一传言是真的？也有大能者称可能是其他某位尊者来参加万花宴（过去北玄宫主巫蛐帝君都曾参加过），非血刃神廷尊者来参加万花宴极罕见。四重天界神们觉得东伯雪鹰坐那可能性较低（神帝陛下做事极为公平没足够实力不可能让东伯帝君做那位置），外面传言和公开承认区别很大。赤火老祖也参加万花宴，暗想是不是太急了等雪鹰实力更强大有让人心服口服的战绩再名列三祖之位不更好，或许是另外某位尊者来参加。余靖秋带儿女抵达，个个面对余靖秋很客气（不管怎样东伯雪鹰比他们强多了）。东伯雪鹰降临落下，妻子靖秋身旁有好几位大能者和四重天界神热情，东伯青瑶东伯玉左观右望兴奋（过去情报记载的大能者如今终于能亲眼看到）。白袍光头青年""慧明师兄""走来，东伯雪鹰喜色迎上去（慧明师兄过去有看破一切超然于一切的气质现在略微内敛可感觉更强烈，连东伯雪鹰这样层次修心境界的都被引导生出亲近感，完全能判断这是慧明师兄自然产生的无形吸引力）。东伯雪鹰称师兄给的感觉越来越像庞依主宰了，慧明师兄称夸过头了我是地面小蚂蚁而师尊仿佛天空中的神龙根本没法比（越是修行越是觉得师尊深不可测）。赤火老祖走过来，东伯雪鹰慧明都很客气（与赤火老祖关系都极近）。赤火老祖称八百多万年不见雪鹰你实力怕是更深不可测了，东伯雪鹰谦虚道到了如今这境界想要提升越来越难。赤火老祖传音称主殿内位次安排除了最高四位主宰位次接下来就是三个位次过去都是三祖坐的，这次到现在也就竹山府主毁灭君主和雪鹰你，没发现还有尊者到来，恐怕真是让你坐那位置。东伯雪鹰皱眉""我去坐？""慧明师兄传音称过去是传言如今神帝陛下却是公开认定你的地位了。远处两道身影走来，华美黑袍老者毁灭君主与紫袍男子竹山府主。东伯雪鹰连迎上去。这一幕吸引主殿内许多大能者界神关注。毁灭君主咧嘴笑称这次来得很早就是想见东伯雪鹰却来这么晚。东伯雪鹰称刚去见了师尊。毁灭君主感慨神帝对东伯雪鹰可重视得很，称东伯雪鹰短短百万年达尊者级如今八百多万年过去实力又大大提升了吧（公开说并未小心传音）。关注这里的大能界神们耳朵竖起来——百万年达尊者级？八百多万年实力大大提升？毁灭君主感慨称恐怕论实力都在我之上了吧（周围大能界神都在听），神帝的两个弟子东伯雪鹰和青君实力成长都太快了，我是眼看着你们一个个突飞猛进把我这老家伙甩在后面啊。大能界神们震惊（实力越强不会轻易说不如对方，毁灭君主以身份地位名声公开说这些承认实力不如东伯雪鹰不至于撒谎）。暗中非议立即少了很多。东伯雪鹰发蒙（毁灭君主这么力捧自己？宁可拿自己当踏脚石捧他东伯雪鹰？）。毁灭君主活太久太久加上弟子身份知道秘辛极多（知道想要以后日子更好得抱紧大腿，徒弟血刃神帝是粗大腿青君也是粗大腿，东伯雪鹰才修炼多久就有这样实力将来媲美青君希望很大甚至成主宰希望都很大，自然得早早拉好关系，脸面算什么等宇宙纪元结束那些蠢货过悲惨日子我依旧逍遥）。东伯雪鹰虽发蒙可毁灭君主如此力捧还是让其生出好感。过了许久，四道身影降临——血刃神帝、炼狱主宰、尼罗主宰、庞依主宰，四位主宰高坐上方主殿内安静下来。血刃神帝俯瞰下方淡然道""都入座吧""。侍女们引领诸位宾客，东伯雪鹰发现自己的位置真的在那最接近主宰的三个位置中。东伯雪鹰、竹山府主、毁灭君主三人在各自侍女引领下朝那三个位置走去，四重天界神们大能者们注意这一幕。哗哗哗在场一个个坐下，东伯雪鹰、竹山府主、毁灭君主在最邻近主宰的位置坐下。这一刻大家都明白血刃神帝真正公开将东伯雪鹰推到了三祖的位置上。东伯雪鹰坐在这位置注意到许多界神大能者们看自己的目光注意到余靖秋脸上的笑容以及自己儿女的兴奋之色，不由露出笑容""坐也就坐了""。这个位置比主宰们位置低些比大能者们位置高，能一眼看到众多大能者四重天界神也能看到最外围那一千九百名神级小家伙。东伯雪鹰一笑""当初我梦想着拜在三祖门下，如今我也名列三祖了""，只觉得命运弄人一切如此有趣。（本篇终）",万花宴上血刃神帝安排三祖之位，毁灭君主当众力捧东伯雪鹰（公开称实力不如东伯雪鹰以身份名声压制非议），东伯雪鹰、毁灭君主、竹山府主入座三祖之位，血刃神帝公开将东伯雪鹰推上三祖之位，东伯雪鹰感慨当初梦想拜三祖门下如今自己名列三祖，第二十一篇完整收官。
黑葫芦,收徒,人物引入、设定展开,人物、设定,万花宴神廷之战开始，一千九百名神级高手意识被挪移进血刃神廷广阔疆域进行最终对决，高空气血色榜单显暂时排名，高手们争前一百名拜大能者弟子。主殿宴会继续，东伯雪鹰与竹山府主、毁灭君主聊天（三人皆开辟道，竹山府主卡开辟境瓶颈五千亿年渴望东伯雪鹰超其成主宰），血刃神帝与另外三位主宰隔音闲聊。血刃神帝要求东伯雪鹰首次坐三祖位置至少收三个徒弟，尼罗主宰、庞依期待东伯雪鹰眼光，竹山府主、毁灭君主称不抢。东伯雪鹰结合血刃酒馆情报及观战，几个呼吸定下三位徒弟。,万花宴神廷之战进行，血刃神帝要求东伯雪鹰至少收三徒，东伯雪鹰结合情报选定三人。
黑葫芦,你将来会后悔的,人物引入、矛盾展现,人物、冲突,"东伯雪鹰炼制三块令牌令界神侍卫送出，点名迦乘、迦云兄弟及魔冲云。迦乘（金袍青年，修行八千年排名第二十七，家族嫡系霸道强势）嫌弃东伯雪鹰仅收内门弟子且未超脱，选左宫主亲传。迦云（白袍青年，家族旁支，排名第九十九）只有一块令牌炼化拜东伯雪鹰。魔冲云（黑衣冷酷孩童，修行三万两千年掌握一品混洞神心排名第三，影魔岛主所创家族子弟）狂喜炼化令牌，影魔岛主传讯嘱其抓住机缘。魔冲云对迦乘未选东伯雪鹰嗤笑""你将来会后悔的""。",迦乘嫌弃东伯雪鹰选左宫主，迦云魔冲云拜东伯雪鹰，魔冲云断言迦乘会后悔。
黑葫芦,传道,设定展开、人物引入,人物、设定,迦乘心中不妙但不认输。拜师仪式，左宫主喜迦乘天资脾性相似（论教徒不服东伯雪鹰）。迦云、魔冲云跪拜东伯雪鹰，迦云懵懂中发现师尊与毁灭君主竹山府主并列。万花宴后影魔岛主主动套近乎东伯雪鹰（魔冲云拜师是其运气），东伯雪鹰携妻子儿女及两徒弟返黑雾海帝君府。东伯雪鹰传道：魔冲云参悟物质神心、世界神心，迦云参悟开天神心、极点神心（与杀戮道有关），一指流光传大量讯息入眉心。提及亲传弟子叶青（物质界所收，神级巅峰潜力有限，修行千万年）。两徒弟天资为东伯雪鹰见过最高。,拜师仪式完成，东伯雪鹰带两徒弟返帝君府传道指点神心，提及亲传弟子叶青。
黑葫芦,星图标注的位置,设定展开、伏笔埋设,伏笔、设定,"东伯雪鹰在帝君府地下殿厅参悟分身法，用宇宙石心（血刃神帝炼制）开辟""超微型宇宙""（仅遮掩宇宙运转规则探查，防御力低，消耗太皓之力极快），界神力分身穿出超微型宇宙膜壁。东伯雪鹰收起宇宙石心参悟分身法（修行者宇宙仅血刃神帝有，修炼极难但帮助比绝学大）。血刃神廷木屋小院，血刃神帝向元初主人索要黑水神铁（当初二人各取一半已用掉），以三块黑水神铁和宇宙铜炉为阵法二极布置""虚空两极法阵""查探宇宙虚空探查母祖教老巢十座星域（数千万年探查遍），元初主人得知血刃神帝摸到更高层次边缘（快突破）慨然赠予。万花宴后十余万年，东伯雪鹰循三魔殿所得魔祖古星图赴虚空河流探查，以六道天轮等不变参照定位时空岛疆域范围内虚空，感知笼罩十万亿里。",东伯雪鹰参悟分身法（宇宙石心开辟超微型宇宙），血刃神帝向元初主人索黑水神铁布虚空两极法阵探查母祖教，东伯雪鹰赴星图标注位置。
黑葫芦,虚空河流,环境铺陈、情节推进,设定,东伯雪鹰感知十万亿里范围发现十五颗荒芜星球、虚空乱石及一条千亿里长百万里宽的虚空河流（宇宙自然孕育天体，世界之力无法探知），判断星图标注位置九成可能在河流内。东伯雪鹰震碎十万亿里范围虚空粒子流排除其他区域（唯河流完好），玉瓶舀水被河流整体性力量阻回。东伯雪鹰亲身进入虚空河流查探，一天两天…一年两年…一百年两百年…五千三百年，永远只发现水流液体，凭借对魔祖的信心坚持。终于发现前方光亮，穿过时空层逼近，到达球体区域（直径百丈），中央深银色球体（头颅大小，散发银白光芒，凌驾虚界天地之上，散发波动冲击身体有压力且有吸引力）。东伯雪鹰持战刀靠近，十丈距离时球体释放波动碰触战刀，恐怖吞吸力量透过战刀将东伯雪鹰超高速拽向球体，球体变大陆地（有无尽人类生存），东伯雪鹰坠入广袤大陆。,东伯雪鹰在虚空河流探查五千三百年发现深银色球体，被吞吸力量拽入球体所化广袤大陆（隐秘世界）。
黑葫芦,降临,环境铺陈、设定揭示,揭示、设定,"东伯雪鹰降临苍澜国山林，发现世界有规则压制（无法瞬移、飞行速度越快压制越强有雷火、飞行高度限九亿八千万里有膜壁、攻击力越强受压制），判断为""大囚笼""，感应因果仍属修行者宇宙一部分。虚界天地受压制仍可扩展上亿里并瞬移。东伯雪鹰以幻术审问苍澜国最强势力黑天神宫黑天宫主（黑袍光头男子，四重天界神层次大魔头）半个时辰，得知天地间最强大势力为古老""崇氏世家""（从天地诞生起统治上千国度，有大能者），因四重天界神灵魂太强幻境清醒会知暴露故灭杀黑天宫主本尊分身。东伯雪鹰赶路万亿里至崇氏世家府邸（法阵比帝君府更强，护卫皆界神），化名""飞雪""自荐为客卿。",东伯雪鹰降临苍澜国发现有规则压制的大囚笼世界，审问灭杀黑天宫主得知崇氏世家，化名飞雪自荐客卿。
黑葫芦,崇氏世家,人物引入、设定展开,人物、设定,崇氏世家守卫（皆界神）称收护卫门客在三万六千年后，东伯雪鹰自荐客卿（地位高，四重天界神才有资格），二长老（须发皆白超脱大能者）安排考验唤醒九魔神。东伯雪鹰自述潜修悟道跨入四重天久无突破，听闻崇氏世家三大绝学（《天水幻体》《雷霆道》《截杀六剑式》）特来学《截杀六剑式》（推断为杀戮道绝学，东伯雪鹰开辟杀戮道一直在寻适合绝学，《太皓》《灭极玄身》因道不契只能修至小成）。二长老称绝学需立大功劳方传，气息经血刃馆主衣袍伪装（万魔真身开辟道后气息太强）。七殿下崇言（八岁孩童，崇氏老祖第七子）兴奋观战。二长老指九尊丈许高三重天巅峰魔神傀儡为考验，东伯雪鹰拔剑（界神阶极品剑，剑枪共通，以杀戮道创剑法媲美顶尖大能者水准）。,东伯雪鹰化名飞雪自荐客卿，二长老安排九魔神傀儡考验，东伯雪鹰为《截杀六剑式》（杀戮道绝学）而来。
黑葫芦,拜师,转折高潮、人物引入,人物、高潮,东伯雪鹰一道血色丝线半空折转三次划过九魔神傀儡脖颈通过考验，二长老及两位客卿两位长老暗惊其实力媲美寻常大能者。七殿下崇言双眼放光要学剑。东伯雪鹰加入崇氏世家一年多，翻阅藏书阁得知天下十二大势力（三大圣地有尊者无主宰、九大世家每个少则两门多则五门绝学），虚界道绝学未听闻，杀戮道绝学有两门（《截杀六剑式》《大灭绝经》）。七殿下崇言一年多一直缠着东伯雪鹰要拜师，东伯雪鹰称需老祖答应。崇氏老祖（紫袍男子，家族最强者开辟道的大能者）被崇言闹得无奈，管家劝说（家族内老祖可亲指点、飞雪剑术境界不亚寻常大能者），崇氏老祖同意崇言拜飞雪客卿为师，传音管家只要教成界神便传《截杀六剑式》。东伯雪鹰意外收徒崇言。,东伯雪鹰一剑击败九魔神通过考验，翻阅藏书阁了解天下势力，收七殿下崇言为徒（老祖条件：教成界神传绝学）。
黑葫芦,千年岁月,环境铺陈、伏笔深化,伏笔、设定,东伯雪鹰收徒崇言（不再称七殿下，只称崇言/小七），磕头拜师。崇氏老祖暗中派高手保护崇言，东伯雪鹰以开辟两条道的尊者认知尽力教导。转眼千年，崇言练成东伯雪鹰所传《追光剑》成神级中期，东伯雪鹰评其万年内成界神吃力需数万年（与三徒弟迦云比受挫折太少）。东伯雪鹰与崇氏老祖论道推测三大圣地有尊者无主宰（若有主宰崇氏老祖早乖乖当孙子），这个世界成主宰难度比外界难十倍不止（无足够强者碰撞、险境磨练、前辈指引）。东伯雪鹰千年蛰伏以了解世界真实一面再做适合举动，不敢小瞧这世界力量。崇言练成《追光剑》但剑招不连贯，东伯雪鹰令再练，忽感有敌对付崇氏世家。,东伯雪鹰教徒崇言千年，崇言成神级中期，东伯雪鹰推测三大圣地有尊者无主宰，忽感有敌来犯。
黑葫芦,无出名战绩,矛盾爆发、战斗描写,冲突、战斗,"崇氏世家高空隐藏天火宫扁平战船金煞火云船，金袍金发盛刑罚使率六位血袍执法使（七位大能者）为抢崇氏老祖所得真神器（开辟道希望）而来。盛刑罚使操纵金煞火云船压制崇氏老祖，六执法使杀三长老（粉碎灭绝）、围攻大长老二长老，四位执法使俯冲下方屠族。酒鬼等客卿战死（仅分身损失）。盛刑罚使情报记飞雪客卿为""四重天界神无出名战绩""。执法使冲杀崇言，东伯雪鹰一迈步挡在徒弟前方，拔剑冷漠道""我是没出名战绩，不过从今天起我就有出名战绩了""。",天火宫七位大能者乘金煞火云船攻崇氏世家抢真神器，屠族杀长老客卿，东伯雪鹰挡在崇言前方准备出手。
黑葫芦,出手,战斗描写、转折高潮,战斗、高潮,"崇言传音劝师傅别管（天火宫迁怒循因果追杀四重天界神），东伯雪鹰令其好好看。东伯雪鹰一道火焰剑光擦过血袍执法使黑色大锤划过身躯，执法使惊愕""怎么可能快到碰不到""身体瞬间炸裂湮灭。盛刑罚使惊下令五位执法使联手围杀。东伯雪鹰主动迎上，一剑切过高个执法使脖颈头颅抛飞身体碎裂湮灭，再一剑绞杀手持战刀执法使。剩下三位执法使分逃，东伯雪鹰速度太快又灭一位，两位逃入金煞火云船。盛刑罚使惊怒（一对一杀执法使都吃力，飞雪客卿太凶残）躲入船内。东伯雪鹰持剑冷看金煞火云船。",东伯雪鹰一剑灭杀执法使，再杀三位执法使，两位逃入金煞火云船，盛刑罚使不敢出战。
黑葫芦,《截杀六剑式》,转折高潮、装备获取,奖励、高潮,盛刑罚使与两位执法使躲船内惊疑飞雪客卿为隐居老怪物（唯两位宫主才有把握杀）。崇氏老祖、大长老热情恭维东伯雪鹰（实力能摧毁崇氏家族），金煞火云船传音威胁崇老鬼交宝物、令飞雪客卿去天火宫请罪。东伯雪鹰嘲讽其胆小躲船内。金煞火云船逃去。崇氏老祖与大长老传音商议不交真神器（开辟道希望），幸有天火宫左宫主关系好右宫主一派所为不会倾尽全力。崇氏世家盛宴感谢东伯雪鹰。宴后崇氏老祖屏退左右，因东伯雪鹰救族大恩主动取出《截杀六剑式》原本（灰色布帛六大剑招有金色光晕），东伯雪鹰感应大量讯息涌入脑海。,天火宫退去，崇氏老祖因东伯雪鹰救族大恩主动取出《截杀六剑式》原本传授。
黑葫芦,目瞪口呆,设定揭示、转折高潮,揭示、设定、高潮,东伯雪鹰确认《截杀六剑式》为杀戮道绝学，前五式初步一看领悟不少迅速学会。核心思维：杀意深藏蛰伏蓄势，关键时刻陡然展露恐怖獠牙一击毙命（与东伯雪鹰杀戮道汇聚威能于一点迸发不同，东伯雪鹰赞叹创造者）。崇氏老祖感应东伯雪鹰恐怖杀意心颤恐惧，判断其对绯火宫主未出全力。东伯雪鹰交还布帛，问重宝为何物，崇氏老祖告知为真神器（天火宫已知非秘密），东伯雪鹰淡然拒绝查看（神界深渊真神器他有三件且两件含永恒道，真神器对开辟道帮助有限）。东伯雪鹰称帮崇氏家族需了解三大圣地，崇氏老祖主动叙说：三大圣地天火宫、须皇国各有两位尊者，魔影府一位尊者，世界共五位尊者，绝学源自古神殿传说。天火宫两位宫主金焰、绯火从时光长河查飞雪客卿，见其体型庞大巍峨（腰粗占时光长河宽度十分之一），判断非同一般。须皇国、魔影府亦从时光长河查看皆目瞪口呆（历史无四重天界神开辟道记录）。,东伯雪鹰确认并迅速学会《截杀六剑式》前五式，崇氏老祖告知真神器及三大圣地势力构成，三大圣地尊者从时光长河见东伯雪鹰庞大体型目瞪口呆。
黑葫芦,驾临,人物引入、矛盾爆发,人物、冲突,五位尊者商讨飞雪客卿异常，猜测与古神殿有关（须皇尊者称飞雪客卿从未进入古神殿），金焰尊者负责摸清底细。东伯雪鹰在崇氏世家庭院参悟《截杀六剑式》第六式（三天练成前五式，第六式耗费两百余年后掌握，外界两年多本尊红石山百倍加速），研究第六式创造之法（如寂灭大帝参悟血魔卷下卷创绝学），学会后杀戮道攻击威力增加数倍。天火宫右宫主绯火宫主（红发男子，尊者级，学火焰之道绝学）亲至崇氏世家，威压令崇氏老祖等心颤。东伯雪鹰平静面对，绯火宫主问其是否帮崇氏家族、与天火宫为敌，东伯雪鹰称无心为敌但天火宫不罢休则 为敌就为敌。绯火宫主猜测东伯雪鹰去过古神殿，东伯雪鹰心动判断古神殿可能为魔祖星图引领目的地。,东伯雪鹰练成《截杀六剑式》第六式杀戮道攻击增数倍，绯火宫主亲至崇氏世家质问，东伯雪鹰判断古神殿可能为星图目的地。
黑葫芦,斩杀,战斗描写、转折高潮,战斗、高潮,"东伯雪鹰问古神殿为何物，绯火宫主嗤笑不肯答，称不恭敬就是张狂。东伯雪鹰称其没事请离开，绯火宫主暴喝一拳火焰流光轰来。东伯雪鹰黑色甲铠拳头硬碰，五成万魔真身力量一拳轰飞绯火宫主（拳碎、右臂骨断、喷血），崇氏老祖等看呆（尊者被四重天界神一拳轰飞）。东伯雪鹰追出，绯火宫主震惊""我是尊者有绝学怎么被一拳轰飞""。东伯雪鹰拔剑（不值得用枪），一道血色剑光切割火焰斩向绯火宫主，截杀剑威势令绯火宫主无法闪躲，黑色木杖挡住仍被震倒飞喷血。东伯雪鹰再降低力量以剑术磨练，第三剑划过绯火宫主身体一分为二。绯火宫主两截身体连接逃窜，东伯雪鹰五成力量剑光呼啸将其身体切割湮灭当场斩杀（仅分身死）。东伯雪鹰收遗物返回。崇氏老祖等意识到飞雪客卿实力足以开辟新圣地。东伯雪鹰再问古神殿，崇氏老祖乖巧告知。",东伯雪鹰五成万魔真身一拳轰飞绯火宫主，以截杀剑第三剑斩杀绯火宫主分身，崇氏老祖告知古神殿传说。
黑葫芦,魔影府主,设定揭示、人物引入,人物、揭示、设定,崇氏老祖屏退左右告知古神殿传说：世界诸多纪元最初始一群人类降临同时古神殿降临，古神殿内修行法门及大量绝学为世界绝学源头（东伯雪鹰推断可能为魔祖所留）；掌握古神殿可成世界最强者统治世界甚至离开进入外界浩瀚宇宙；须皇尊者占领古神殿所在区域建须皇国；崇氏老祖刚进古神殿门槛就被威压镇跪只能趴着退出，连须皇尊者都无法深入。东伯雪鹰判断古神殿可能为魔祖星图引领最终目的地。东伯雪鹰湖边遇魔影府主（黑袍裹身仅露紫色眼睛，唯一能瞬移的尊者，开辟类似虚界天地/阴影天地的手段），魔影府主邀请东伯雪鹰加入魔影府共同统领（八门绝学尽情享用），东伯雪鹰称让我想想吊着胃口。魔影府主离去后三天，东伯雪鹰悄无声息借虚界天地瞬移进入须皇国境内抵达古神殿（普通石头砌成破旧神殿散发恐怖威压，万魔真身抗威压如微风，虚界天地被神殿无形波动镇压无法瞬移入内）。,崇氏老祖告知古神殿传说（绝学源头、可统治世界离开外界），魔影府主邀东伯雪鹰加入被吊胃口，东伯雪鹰潜入古神殿。
黑葫芦,黑色的葫芦,设定揭示、转折高潮,揭示、设定、高潮,东伯雪鹰迈入神殿门槛威压达新层次，青色岩石通道十余里走到尽头石门（闸门需举起）。东伯雪鹰五成力量未托起，逐级提升至九成万魔真身力量才缓慢举起石门（身体气息冲击殿壁轰隆响无法遮掩），石门下方空间涟漪阻挡雾气穿透。须皇尊者（银发老者，世界最古老尊者）感知波动赶来，惊见飞雪客卿举起石门（这一纪元无人能举起）。东伯雪鹰透过空间涟漪见到石门后更恢弘殿厅，中央石头阶梯最高处摆放黑色葫芦（一尺高泛暗红，散发恐怖温度扭曲虚空外围白色雾气），仅看到就让东伯雪鹰发自心底胆寒惊惧（层次差距）。东伯雪鹰感应到须皇尊者到来。石门完全托举卡死，空间涟漪消散，白色雾气冲击出来温度飙升至媲美太阳星表层。,东伯雪鹰九成万魔真身力量举起石门（这一纪元无人能举），见到内殿阶梯最高处黑色葫芦（一尺高泛暗红散发恐怖威能），须皇尊者惊见。
黑葫芦,登上阶梯,转折高潮、战斗描写,战斗、高潮,"须皇尊者试探东伯雪鹰是否外界宇宙而来（东伯雪鹰装不知外界宇宙）。东伯雪鹰走到阶梯下方，一步踩第一级阶梯灵魂轰鸣（心意如刀适应），第二级更强。须皇尊者不阻拦，剑皇尊者（银发帅气青年，须皇国第二位尊者普通尊者层次）赶来。东伯雪鹰逐步登高遭黑色葫芦扭曲虚空冲击及更强灵魂冲击，灭极玄身甲铠削弱加万魔真身强大抗住。须皇尊者见东伯雪鹰快走到尽头，一挥手无数白色丝线席卷，东伯雪鹰拔剑漩涡撕扯。须皇尊者""无界""白色丝线化作黑洞吞吸，东伯雪鹰脚下无法站稳跌出阶梯，翻身挥剑劈黑洞。东伯雪鹰质问须皇尊者阻我，须皇尊者称你不配得黑葫芦，东伯雪鹰寒光称先赶你出去。",东伯雪鹰登阶梯遭灵魂冲击及黑色葫芦虚空冲击，须皇尊者以白色丝线黑洞吞吸阻挠，东伯雪鹰跌出阶梯。
黑葫芦,横扫,战斗描写、转折高潮,战斗、高潮,须皇尊者令徒弟剑皇尊者联手缠住东伯雪鹰。东伯雪鹰万魔真身十成完全爆发，两剑：第一剑轰溃剑皇尊者金色剑光使其身体炸裂，第二剑轰退须皇尊者倒飞出古神殿殿门三百余里。剑皇尊者身体溃散被内殿威压直接镇死（须皇尊者来不及救），仅两剑剑皇尊者死、须皇尊者被轰退。东伯雪鹰见石门卡死无法降下（若降下可安心取黑葫芦），决定杀须皇尊者短时间无人打扰。东伯雪鹰冲出古神殿追杀须皇尊者，须皇尊者逃入皇宫法阵抵挡，东伯雪鹰十二剑撕碎法阵追杀。《截杀六剑式》配合杀戮道剑术攻击强大，万魔真身碾压性力量完全压制须皇尊者，世界规则压制飞行慢逃命难。半盏茶时间须皇尊者身体完全溃散生命力耗尽湮灭而死。须皇尊者传讯魔影府主求援，魔影府主、天火宫两位宫主大惊，魔影府主答应带他们四位同去古神殿。,东伯雪鹰万魔真身十成两剑灭杀剑皇尊者（内殿威压镇死）、轰退须皇尊者，追杀半盏茶斩杀须皇尊者，须皇尊者传讯求援。
黑葫芦,黑葫芦和虚空行者,设定揭示、核心伏笔,伏笔、揭示、设定,"东伯雪鹰感应五位尊者离最近超三万亿里短时间无干扰，入古神殿再登阶梯，无大能者敢破坏（须皇国两尊者之死震慑太大）。东伯雪鹰逐步登高抗灵魂冲击及扭曲虚空冲击，终于走到黑色葫芦最近处。黑色葫芦暗红消失炽热波动消失，飞入东伯雪鹰怀中。东伯雪鹰太皓之力渗透被内部恐怖炽热焚灭。虚空行者虚影显现（银发金角绿皮肤三金尖角人，气息""虚无""浩浩荡荡），告知黑葫芦内火球与太阳星同层次（葫芦内藏一颗太阳星），主宰都没法操纵控制。虚空行者被迫离开家乡一路漂泊路过很多宇宙，炼制六个葫芦扔在六个宇宙设重重考验收徒（虚空行者特殊修行体系，数量极稀少，葫芦为护道之宝）。在魔祖六道天轮内放星图（共十二份），通过三魔殿考验且足够年轻者得星图被允许进入此世界。三重考验：一得黑葫芦（已过），二五年内练成操纵法门，三百万年内炼化黑葫芦（不得求外人），失败黑葫芦回此世界等下一位。虚空行者身影化作无数字符钻入东伯雪鹰眉心。",东伯雪鹰登阶梯得黑葫芦飞入怀中，虚空行者虚影显现告知黑葫芦内含媲美太阳星的火球，设三重考验（得葫芦、五年练成法门、百万年炼化），传操纵法门字符。
黑葫芦,他们到了,设定展开、伏笔埋设,伏笔、设定,"东伯雪鹰识海本尊神心周围金色字符组成完整法门，读一遍悟出十六种法门，每一种尝试操纵黑葫芦皆失败（太皓之力字符被内部恐怖火焰焚灭）。东伯雪鹰明白五年时间不短但法门诡异怎么解读都可，不操纵黑葫芦验证无法判断对错。东伯雪鹰出古神殿，石门卡死无法降下（降下可在内殿安心修行）。黑葫芦器灵（红肚兜胖乎乎孩童，手掌大坐葫芦上）出现，自称护道之宝器灵，告知若通过三重考验没器灵不知传承之地、无法使用护道之宝（层次太高连真神主宰都没法操纵）；五年内没修炼出法门或百万年内没炼化，器灵瞬间消失找不到，也不被允许再进入这世界；石门不降下也是考验（需在尊者破坏下修行）；这个世界产生不了主宰（即便诞生也会被强行排斥），最多遭尊者破坏阻碍；五年时间含时间加速不容取巧。器灵消失，东伯雪鹰收黑葫芦出古神殿。五位尊者（须皇尊者、剑皇尊者、绯火宫主分身重修，金焰宫主、魔影府主）借魔影府主瞬移抵达须皇国国都，见东伯雪鹰站皇宫主殿屋顶微微一笑""你们都来了，五个一个都不少""。",东伯雪鹰参悟法门十六种皆失败，器灵现身告知考验规则（五年含时间加速、百万年炼化、不得求外人），五位尊者齐聚须皇国国都。
黑葫芦,恐吓,矛盾爆发、战斗描写,冲突、战斗,东伯雪鹰站皇宫主殿顶部，五位尊者不安。东伯雪鹰承认已得黑葫芦。魔影府主瞬移入古神殿确认黑葫芦消失回报。五位尊者震撼紧张（历史从未有人得黑葫芦）。金焰宫主问得黑葫芦能否离开进入外界宇宙，东伯雪鹰称是但无法带他人离开（器灵传音禁止带任何生灵离开，除非成新虚空行者）。东伯雪鹰恐吓黑葫芦力量超乎想象可统治世界。须皇尊者提议联手杀东伯雪鹰夺黑葫芦，魔影府主提议共享被拒。五位尊者动手，东伯雪鹰虚界天地瞬移消失，五道枪影从虚无中几乎同时攻击五位尊者（持血蛇枪永恒杀戮道真神器，第一件出现在此世界的永恒道真神器，杀戮道绝学+杀戮道+永恒杀戮道真神器绝配）。剑皇尊者、绯火宫主被刺穿胸膛身体粉碎湮灭（万魔真身全力+血蛇枪余威及巫毒）。金焰宫主（金色火焰身体）中枪有巫毒，须皇尊者（白色丝线抵挡）轻伤，魔影府主遁入魔影世界躲过。东伯雪鹰现身持枪，三尊者发蒙（一照面两尊者死）。东伯雪鹰恐吓他们没希望得黑葫芦，斗下去三大圣地全部破灭。,东伯雪鹰以血蛇枪虚界天地突袭，一枪灭杀剑皇尊者、绯火宫主分身，三尊者惊惧，东伯雪鹰恐吓其罢战。
黑葫芦,三年,人物心理、伏笔深化,伏笔、情感,"三尊者（须皇尊者、金焰宫主、魔影府主）传音商讨，认为东伯雪鹰能瞬移（类似魔影世界手段）正面实力比须皇金焰更强，杀不了他也杀不了他，一旦分开有身死之危。东伯雪鹰称对统领世界无兴趣（若有兴趣早建新圣地），过些时日离开前往外界宇宙（三尊者松气），最多万年离开（收徒弟认真教导一番）。三尊者满意借坡下驴罢战。东伯雪鹰恢复真实容貌，称之前用剑为参悟《截杀六剑式》、最擅长是枪，三尊者面对东伯雪鹰有压力（从头到尾未动用黑葫芦）。三尊者约定最近万年待一起防逐个击破。东伯雪鹰瞬移至大山深处山峰之巅，挥手以竹林建竹屋，地脉移动布上亿里幻境法阵隔绝外界（尊者进入立即被发现）。东伯雪鹰饮果酒心情好（让对方放弃与一开始全力展露实力有关），开始参悟虚空行者所留法门。本尊红石山亦全力参悟。世界暗中形势变化，大能者打听飞雪界神一照面灭两位尊者三尊者妥协，有大能者求见、崇氏世家传音，东伯雪鹰回应闭关别打扰。三年过去，东伯雪鹰悟出数千种法门全部失败，站在山巅悬崖暴雨中焦躁暴虐""到底哪里错了""，恐怖意志凝固雷电湮灭消解，乌云消失露晴朗白天。",三尊者罢战约定万年同住，东伯雪鹰建竹屋法阵闭关参悟法门，三年悟出数千种法门全部失败焦躁。
黑葫芦,掌控黑葫芦,悟道、转折高潮,修炼、高潮、爽点,"东伯雪鹰每失败一次总结经验再参悟，数千次失败心境焦躁，甚至胡乱悟出两千种法门尝试""蒙""全部失败。东伯雪鹰饮果酒心境恢复平静，反思一直浅尝辄止结合字符整体参悟（担心五年太短否定逐字符参悟），决定改变策略盯一个字符彻底参悟。第一字符三个月彻底参悟形成一个法门，操纵黑葫芦失败。第二字符一个月参悟，发现第一字符参悟有错漏修改法门再试失败。第三字符二十天、第四字符十五天…逐字符参悟不断修改法门，虽每次白色字符失败但莫名感觉找到正确道路接近成功。第五十一字符八天参悟完稍作修改，太皓之力凝结字符由白色转为淡金色再转真正金色字符（第一次出现异常），金色字符渗透黑葫芦如钥匙插锁孔，内部法阵运转虚无力量包裹操纵内部媲美太阳星的火球（火球真实体积庞大威能强悍但虚无力量完全包裹无法焚灭）。东伯雪鹰感觉火球沉重压迫本尊神心发颤（层次差距太大），但感觉倾力强行操纵应能调动一丝力量（一丝力量恐能灭杀自己）。器灵红肚兜孩童喜悦出现恭喜悟出操纵法门。",东伯雪鹰改策略逐字符彻底参悟，第五十一字符后形成金色字符成功操纵黑葫芦内部虚无法阵包裹火球，通过第二重考验。
黑葫芦,分别,情感展现、转折高潮,情感、高潮,东伯雪鹰感应黑葫芦法阵浩瀚玄妙比物质界无数世界运转还玄妙、比湖心岛法阵更强，层次太高仅勉强调动一丝力量。东伯雪鹰尝试操纵火球力量，器灵急止（未炼化强行施展本尊神心受反噬万年恢复，修心低则灵魂直接溃散；炼化后是主人不会伤到）。东伯雪鹰问百万年炼化绝非易事。东伯雪鹰回崇氏世家，崇氏世家因飞雪界神威名地位不同（三大圣地不敢欺压）。崇言发愁师傅五年未回可能永别。东伯雪鹰出现书房，令崇言准备明天随其游历世界。师徒二人行走各地一万三千年，东伯雪鹰暗中引导弟子修行，九成九时间放炼化黑葫芦上。崇言终于成界神，东伯雪鹰传其八种一品神心指点及储物手环，告知本名东伯雪鹰来自外界宇宙后瞬移离去。崇言喊师傅已不见。东伯雪鹰手持黑葫芦仍尝试炼化，器灵问准备走了，东伯雪鹰称还有一件事（世界绝学多走了会后悔，外界宇宙绝学稀少）。,东伯雪鹰欲操纵黑葫芦被器灵制止（反噬万年恢复），带崇言游历一万三千年教成界神后告别告知本名，欲离开前收集绝学。
黑葫芦,威势,装备获取、转折高潮,奖励、高潮,器灵告知东伯雪鹰这世界为虚空行者所留，最早一批生命为虚空行者好友族群（好友四重天界神未能超脱身死，死前求虚空行者照顾家乡族人过和平安乐日子），虚空行者挪移好友族群至此世界留修行法门绝学，命令不可带生命离开、孤本绝学不可带走（非孤本可带走，完全学会可自造原本）。东伯雪鹰学成《截杀六剑式》《大灭绝经》可再造原本。东伯雪鹰直接冲入天火宫正殿，五位尊者因果降临化身。东伯雪鹰称徒弟成界神该离开，要走遍三大圣地九大世家学绝学带非孤本原本。金焰宫主怒（后辈学什么），东伯雪鹰称孤本不带走非孤本带一本，金焰宫主松气其他四位表面释然。东伯雪鹰走遍学绝学，练成《截杀六剑式》《大灭绝经》，带五本非孤本绝学原本（共七门半绝学，神界深渊主宰才能拥有这么多）。东伯雪鹰至荒凉沙漠，拔开黑葫芦塞子（炽热令沙漠扭曲融化，保命弱些的普通尊者化为灰烬），施展法门金色字符没入黑葫芦驱动法阵调动火球威能，葫芦口黑色波纹（类似太阳波但被法阵束缚沿一方向冲击，威势足让主宰色变）冲出，撕裂世界膜壁大豁口。东伯雪鹰强忍脑袋剧痛停止法阵堵塞子，冲入豁口，豁口愈合东伯雪鹰消失于这世界。,东伯雪鹰得知世界来历（虚空行者照顾好友族群），走遍学绝学带七门半绝学原本，施展黑葫芦黑色波纹撕裂世界膜壁离开隐秘世界。
黑葫芦,归来，辰九兄弟,情感展现、人物引入,人物、情感,东伯雪鹰从虚空河流飞出，借虚界天地感知找不到藏在河流内的世界。器灵提醒百万年内炼化黑葫芦否则离去，东伯雪鹰本尊神心内黑色气息刺痛（反噬，约万年恢复），器灵警告恢复前不可施展第二次（反噬急剧加重灵魂可能崩塌）。东伯雪鹰撕裂时空通道返程。东伯雪鹰回黑雾海帝君府感应到妻子余靖秋及老朋友辰九。余靖秋在庭院盘膝感受真神器神剑内含的道（东伯雪鹰担心妻子进步缓慢无法超脱，超脱谁也帮不了最终靠己）。余靖秋见东伯雪鹰回来惊喜，东伯雪鹰称收获挺大（足以和主宰硬拼力量，可惜未炼化万年才能施展一次）。东伯雪鹰得知辰九来拜访半年（余靖秋知二人交情深挽留），辰九终于成界神故能坦然来拜见。东伯雪鹰去见千万年未碰面的辰九兄。,东伯雪鹰回神界深渊本尊神心受反噬黑色气息万年恢复，回帝君府见妻子，得知辰九成界神来访半年。
黑葫芦,新的主宰,人物引入、设定揭示,人物、揭示、设定,东伯雪鹰与辰九在洞府院子饮酒叙旧，辰九感慨当年红石山东伯雪鹰修行两百年就赶上他们，如今成三祖之一。辰九称回神界后因差距越来越大想不成界神就一辈子不见，东伯雪鹰提议请大能复活辰九亡妻，辰九拒绝（时间让他不再伤心，感觉妻子在身边在心底，欲自行超脱亲手复活，做不到再请东伯雪鹰帮忙）。辰九问剑皇、梅山主人（时空神殿轮回者，东伯雪鹰称出手相助反而可能害他们）。血刃神帝在虚空两极法阵核心处掌控法阵探查母祖教（数千万年探查遍十座星域，法阵威力恐怖来几个主宰都是送死，缺陷移动缓慢），青君（光头金袍赤脚，气息碾压一切让天地臣服，性情大变）到来告知突破主宰境（一分身进入另一个宇宙有所得），血刃神帝喜（母祖教可能反扑多一分主宰力量）。东伯雪鹰回帝君府告知妻子得七门绝学，余靖秋选一门。东伯雪鹰得知大师兄青君成就主宰大肆发请帖（平常朴素低调如今张扬），带妻子儿女准备贺喜礼物。,东伯雪鹰与辰九叙旧，辰九拒绝复活亡妻欲自行超脱，青君成主宰（一分身进另一宇宙有所得），东伯雪鹰准备赴贺喜盛宴。
黑葫芦,隐藏的实力,人物引入、伏笔埋设,人物、伏笔,东伯雪鹰带妻子儿女赴星山（青君老巢，法阵已改变威势比过去大得多稍逊血刃神廷）。火铖尊者（红发红眉红皮肤壮汉，东伯青瑶师尊，与东伯雪鹰交情极深）接待，告知青君进另一宇宙突破主宰性情变化极大（不知道在那宇宙经历什么）。余靖秋带儿女走开，东伯雪鹰与火铖尊者同行。宾客渐到，乾合娘娘（雍容华贵红衣女子）到来。青君现身（光头华丽金袍赤脚不沾灰尘，浩浩荡荡碾压一切气息，眼神沧桑蕴含神秘），与乾合娘娘对话（庞依刚成主宰不久青君也成，宇宙神魔榜排名又靠后）。血刃神帝（暗红衣袍肩膀黑鸟）到，称望青君压过元初、深渊始祖，乾合娘娘调侃师徒三人占前三。元初主人、时空岛主、深渊始祖、炼狱主宰、庞依等主宰接连到来。东伯雪鹰在远处观察，黑葫芦器灵传音称血刃神帝实力最强（比其他主宰明显强一大截），东伯雪鹰惊讶器灵能判断实力。器灵称根据灵魂气息判定（探查主宰灵魂气息对其非常轻松，灵魂越强实力越强）。,东伯雪鹰赴星山贺喜，见青君性情大变（光头金袍碾压气息），火铖尊者告知青君进另一宇宙变化，黑葫芦器灵称能探查灵魂强弱判断实力。
黑葫芦,另外一种排名,设定揭示、核心伏笔,伏笔、揭示、设定,东伯雪鹰赞同灵魂强弱反映实力（本尊神心为规则奥妙与灵魂结合），但灵魂深藏外人无法探知（血刃馆主衣袍可伪装气息强度）。器灵称青君比元初主人、深渊始祖更强（东伯雪鹰震惊，青君刚突破未创修行法竟能力压），猜测性情大变是否被夺舍（但有本尊分身三身体夺舍难度极大）。器灵称血刃神帝第一（灵魂最强有明显优势，漫长岁月见过主宰中最强），炼狱主宰第二，青君第三（灵魂如耀眼金光霸道强大）。东伯雪鹰发蒙（炼狱主宰直逼血刃神帝，深渊三大主宰地位最高的深渊始祖反而最弱）。十位主宰齐聚入座（最高处十座，其下三十余尊者位，再下大能者位）。血刃神帝传音发现东伯雪鹰灵魂不稳受伤，东伯雪鹰称万年恢复无影响实力，血刃神帝称成不了主宰无法超脱不希望生离死别。盛宴开始，东伯雪鹰低头喝酒心思很乱（刚询问器灵十位主宰灵魂排名：第一血刃神帝、第二炼狱主宰、第三青君、第四元初主人、第五血腥主宰、第六深渊始祖、第七庞依、第八万神殿主、第九时空岛主、第十乾合娘娘，排名与所知讯息对不上：血腥主宰被认为最弱竟第五，炼狱主宰低调竟第二，青君刚突破竟第三）。,黑葫芦器灵告知东伯雪鹰十位主宰灵魂实力排名（血刃第一、炼狱第二、青君第三…血腥第五、深渊始祖第六），东伯雪鹰震惊排名与所知不符。
黑葫芦,青君的实力,氛围营造、伏笔深化,伏笔、设定,盛宴欢腾，三百多位大能者齐聚（含隐世老家伙），界神们激动（有的大能者听都没听过），十大主宰齐聚为崭新阶段。元初主人头疼重定宇宙神魔榜（青君未动手不知深浅），万神殿主、血腥主宰尼罗令青君展露手段。乾合娘娘调侃尼罗垫底。青君伸拳朝虚空轰出，巨大金色拳头耀眼夺目比太阳星还耀眼（错觉因太阳星太远），虚空塌陷湮灭后金色拳头悄无声息消散（无丝毫外泄无余波），东伯雪鹰咋舌。元初主人称需考虑青君庞依排名，庞依称青君更高，青君称庞依创修行法更稳健时间一长会远超自己。血腥主宰尼罗表面吹捧，暗中联系母祖教教主（獠牙巨汉）。母祖教老巢殿厅，獠牙巨汉（青褐色皮肤如岩石，双眸有浩瀚星河，面容丑陋却安抚人心）观看半空显现的虚空两极法阵画面（母祖教无法探查法阵内部看不到血刃神帝）。尼罗主宰传讯称青君略施实力比庞依略强直逼元初主人深渊始祖，突破的是山之道（论力量碰撞修行者宇宙不及母祖教，尼罗能镇压青君但青君保命逃命厉害）。獠牙巨汉称战争渐近没时间让青君再成长，最大心腹大患是血刃神帝，问尼罗真要最终开战。,青君盛宴展露实力一拳塌陷虚空无余波（比庞依略强直逼元初主人深渊始祖，突破山之道），血腥主宰尼罗暗中联系母祖教教主獠牙巨汉商议开战。
黑葫芦,已无退路,矛盾展现、核心伏笔,伏笔、冲突,獠牙巨汉称不是母祖教要开战是血刃神帝修行者宇宙逼他们，虚空两极法阵一处处探查最终会发现母祖教潜藏之地及连接母祖教宇宙的宇宙通道（命脉不惜一切保住），发现则被迫决战。尼罗称现在还不是开战时（对修行者宇宙修行体系掌握不多实力提升不大，搜集珍材资源不多诞生的教主不多），獠牙巨汉称已借助修行者宇宙珍贵材料新诞生三位教主，血刃神帝暗中大肆搜集珍材许多材料难搜集。母祖教家乡宇宙已进入最终崩塌（非纪元轮回），族人苟延残喘修行资源极度缺乏，九位护法境界到教主级却无资源突破，必须占领修行者宇宙立母祖祭坛转变修行体系，族人繁衍受宇宙庇护，超脱者得宇宙保护（宇宙外不适合生存），宇宙通道是母祖赐予最后生机。血刃神帝不允许再拖延，母祖教无退路。尼罗称当初明知身死可能大仍舍弃一切转生（为族群传承）。獠牙巨汉称本来决定最终决战，青君成主宰后尊者中无太逆天存在，计划可改变，过些时日教主们一同商议决定再通知尼罗。星山之巅盛宴，尼罗表面喝酒心中复杂（转世投胎后是修行者宇宙生命灵魂气息不同无法分辨，有些族人可能放弃责任不联系母祖教，竹圣者之类是修行者宇宙原本强者投靠母祖教不知母祖教谋求什么）。血刃神帝与元初主人传音谈论虚空两极法阵逼母祖教现身（两个结果：硬拼一战或放弃离开，血刃神帝称不可侥幸），青君成主宰多一位主宰是好消息，盛宴后要不了多久就是大战（普通大能者尊者无需参战无用，最终靠十位主宰）。东伯雪鹰传音血刃神帝有极重要事禀告。,獠牙巨汉告知母祖教家乡宇宙最终崩塌必须占领修行者宇宙立母祖祭坛，血刃神帝虚空两极法阵逼母祖教现身无退路，东伯雪鹰传音血刃神帝有要事。
黑葫芦,炼化之难,伏笔深化、人物心理,伏笔、情感,血刃神帝传音问何事，东伯雪鹰称彼此传音不会被偷听吧，血刃神帝散发无形波动笼罩东伯雪鹰称绝对没人偷听。东伯雪鹰禀告有奇遇可探查修行者灵魂强弱，悄悄探查十位主宰灵魂排名：第一血刃神帝、第二炼狱主宰、第三青君、第四元初主人、第五血腥主宰、第六深渊始祖、第七庞依、第八万神殿主、第九时空岛主、第十乾合娘娘（黑暗深渊三位主宰炼狱、血腥竟在深渊始祖之上）。血刃神帝沉默（结合已知秘密可推断许多），称藏得真深。东伯雪鹰称天塌有师尊扛着。血刃神帝令可告知元初主人、深渊始祖，其他主宰保密，其他修行者更得保密。盛宴顺利持续三日主宰公开讲道，盛宴结束主宰离去，东伯雪鹰带妻子儿女返程，血刃神帝与元初主人、深渊始祖密谈。东伯雪鹰独行神界深渊各地探查遗迹兼倾力炼化黑葫芦，悟出冰山一角对实力有明显提升但离炼化遥遥无期。东伯雪鹰分析炼化两法：一以力破法强行炼化（实力绝对优势，自己不行），二参悟黑葫芦内部法阵奥妙逐渐炼化（虚无法阵能束缚太阳星何等玄妙），推断虚空行者定下门槛（操纵法阵达一定境界即可炼化，非真参悟到极高境界）。,东伯雪鹰将十位主宰灵魂排名告知血刃神帝（血腥主宰炼狱主宰藏极深），血刃神帝令告知元初主人深渊始祖保密其他，东伯雪鹰独行炼化黑葫芦悟出冰山一角。
黑葫芦,混沌飞舟,设定揭示、核心伏笔,伏笔、揭示、设定,六十余万年过去，东伯雪鹰感压力（百万年炼化期限过大半）。东伯玉最先成三重天界神（东伯青瑶、魔冲云、迦云离三重天也快），东伯青瑶揉弟弟脑袋姐弟情深。东伯雪鹰教徒兼思索黑葫芦法阵，行走神界深渊各地遗迹凡俗世界深渊混乱世界求触动，悟出冰山一角对实力有明显提升但仍未炼化（虚空行者禁止别人帮忙不敢求师尊）。母祖教老巢殿厅，十八位教主齐聚（獠牙巨汉、血腥主宰尼罗化身等三类：巍峨雄壮型、女子型、瘦弱病弱型），獠牙巨汉称家乡宇宙新诞生三位教主暂无法过来由其转达想法。血刃神帝虚空两极法阵数十万年内将探查到母祖教老巢，不能再拖延（可惜再久时间规则奥妙感悟更深、搜集更多资源诞生更多教主，家乡九位护法境界到教主级无资源突破，宇宙崩塌无法搜集）。修行者宇宙主宰实力普遍比教主级略强（操纵规则奥妙更诡异莫测），但修行者宇宙年轻古迹少宝物少，母祖教宇宙苍老遗留宝物多。庞依青君成主宰对母祖教是好事（修行者宇宙无太厉害尊者）。獠牙巨汉称修行者宇宙最珍贵宝物为混沌飞舟（五大遗迹第三洞天飞舟，修行者宇宙不识，比湖心岛遗迹六道天轮珍贵多，圣典记载传说之物），夺取混沌飞舟赢下一半战争。,东伯玉成三重天界神，母祖教十八教主齐聚决定开战（虚空两极法阵逼现），目标夺取混沌飞舟（洞天飞舟，比湖心岛遗迹珍贵）。
黑葫芦,召集,矛盾爆发、转折高潮,冲突、高潮,獠牙巨汉称混沌飞舟有无形规则限制主宰级教主级被排斥无法进入，护法级（尊者级）全方位压制修行者宇宙尊者（庞依青君已成主宰，最强尊者寂灭大帝不及母祖教三位圣护法），九位护法境界到教主级兼修规则奥妙实力进步（三位独辟蹊径为圣护法）。母祖教靠数量靠宝物优势一拼，护法级非常自信，不惜一切代价夺混沌飞舟（赢下一半战争甚至战败可借混沌飞舟离开宇宙活下来）。十八教主个个不惜一切决心（输不起家乡宇宙崩塌无法离开宇宙生存又无混沌飞舟庇护全部灭绝）。东伯雪鹰在帝君府雪地煮酒抚摸黑葫芦感应内部虚无法阵（如凡人仰望星河境界差距太大），六十余万年有收获但离炼化遥遥无期。血刃神帝焦急传音令东伯雪鹰速来洞天飞舟。东伯雪鹰抓黑葫芦一飞冲天传音余靖秋有要事离开，虚界天地撕时空通道半盏茶时间赶到。东伯雪鹰见洞天飞舟（千里长，表面不大内含洞天世界），十大主宰齐聚，十余位尊者（水魔王、火铖尊者等）已到。血刃神帝告知一直怀疑洞天飞舟不凡甚至外来宇宙之物（主宰级无法进入），周围布法阵，母祖教派大军一群教主轰然杀来撕碎法阵送一大群护法进入洞天飞舟（肯定知道秘密甚至知道怎么操纵），担心。,母祖教决定不惜一切夺混沌飞舟，血刃神帝急召东伯雪鹰赴洞天飞舟，十大主宰齐聚，母祖教一群教主护送大群护法进入洞天飞舟。
黑葫芦,三十六道流光（本篇终）,转折高潮、悬念设置,伏笔、高潮,元初主人称尊者时就进过洞天飞舟见识不凡在六道天轮湖心岛遗迹之上（炼制者实力在湖心岛主人魔祖之上，外来宇宙之物），时空岛主称很难从它那得到好处（五大遗迹第三最吝啬），深渊始祖称主宰进不去定第三已看其不凡。万神殿主称母祖教全力以赴送大批护法进去恐怕知道秘密。血刃神帝称洞天飞舟是外来宇宙之物母祖教知道其秘密名气不小，虚空两极法阵逼母祖教急了派大群护法直接杀进去。血腥主宰尼罗急称主宰进不去，血刃神帝称只能派尊者进去，元初主人、深渊始祖、炼狱主宰、乾合娘娘等无计可施。尊者们迅速汇集个个惊讶（十位主宰齐聚大量尊者赶到），东伯雪鹰、竹山府主、毁灭君主聚一起不知何事，毁灭君主称问了好几位老友都不知。东伯雪鹰见远处火铖尊者、白君王、寂灭大帝、巫蛐帝君、涟君星主、叶圣者（有仇怨）等。所有尊者赶到，血刃神帝朗声告知母祖教大批主宰级已进入修行者宇宙，原本战争十位主宰足够尊者参战无用，但母祖教一群主宰级攻破其法阵护送一大群尊者级进入洞天飞舟（很可能知晓洞天飞舟秘密），传递母祖教及洞天飞舟情报。血刃神帝令最终战争属主宰，洞天飞舟内战争靠所有尊者（杀光母祖教所有护法，战死可速修分身再入，不惜一切耗死他们）。寂灭大帝（两根黑色弯角紫眸雷霆涌动，三十六尊者中最强）称会赢。三十六位尊者战意冲天飞向洞天飞舟。十位主宰看着三十六道流光冲入洞天飞舟（修行者宇宙所有尊者级存在），万神殿主称有些悬（庞依青君已成主宰尊者中无匹敌主宰者）。,血刃神帝告知母祖教威胁，令三十六位尊者进洞天飞舟杀光母祖教护法（主宰无法进入），三十六道流光冲入洞天飞舟，本篇完整收官。
血染飞舟,初战,战斗描写、设定展开,战斗、设定,"三十六位尊者穿过洞天飞舟表面涟漪进入内世界（草原丘陵河流无飞禽走兽），寂灭大帝下令停下。东伯雪鹰借虚界天地探查六百亿里外母祖教五十一位护法（含三位圣护法：金毛猿猴、毒钩尾巴女子、持杖壮汉），护法们规则奥妙普遍较弱无一道开辟但力量碾压。三位圣护法感应到探查，决定以绝对实力正面碾压。寂灭大帝安排作战：炼狱大统领、魇君主、东伯雪鹰先后施展幻境，魔凰以领域镇压，北玄宫主借法阵挪移。北玄宫主施展法阵将三十六位尊者瞬移至护法侧方数里内，炼狱大统领率先施展""炼狱轮回""。",三十六位尊者进入洞天飞舟，东伯雪鹰探查母祖教五十一位护法，寂灭大帝安排幻境战术，北玄宫主法阵挪移侧方突袭。
血染飞舟,湮灭,战斗描写、转折高潮,战斗、高潮,"炼狱大统领""炼狱轮回""瞬间灭杀六位护法（本尊分身灵魂燃烧俱灭），魇君主梦魇令两位沉睡，东伯雪鹰虚界幻境令五位沉沦（单论幻境尊者中最强，因虚界道参悟黑葫芦虚无法阵提升至顶尖）。魔凰领域攻击被三位圣护法无形波动抗下。金毛猿猴搏命禁招一巴掌扫向尊者们（威势媲美主宰），寂灭大帝以黑色长棍正面硬抗不处下风。三位圣护法联手围杀寂灭大帝。母祖教教主们观战，得知六位护法本尊分身俱灭，獠牙教主称""为了家乡为了族群而死，死的值得""。",三重幻境灭杀十二位护法（六死六沉睡），金毛猿猴搏命攻击被寂灭大帝硬抗，三位圣护法联手围杀寂灭大帝，六位护法本尊分身俱灭。
血染飞舟,双方的碰撞,战斗描写、矛盾展现,冲突、战斗,洞天飞舟外十位主宰观战（血刃神帝搜集母祖教情报，时空岛主称虚界道搏杀威能太弱）。洞天飞舟内双方疯狂搏命厮杀。寂灭大帝与三位圣护法交手（金毛猿猴力量压制、持杖壮汉木杖碰了就伤、毒钩尾巴女子阴险偷袭），巫蛐帝君（排名仅次于寂灭，青光笼罩不死不灭）加入帮忙。其他尊者与母祖教护法厮杀，母祖教护法擅力量碾压、身体异化、咒杀（需血液毛发骨骼）。修行者一方顶尖尊者数量不及对方一半，普通尊者被横扫。水魔王（身体连元初主人都无法灭杀）、白君王（血色剑法）、苦行者（力量最强近乎主宰级）、炼狱大统领（万魔真身枪法毒辣）、东伯雪鹰（虚界道顶尖攻击诡异莫测）为修行者一方真正具有优势者。,双方惨烈厮杀，巫蛐帝君不死不灭助寂灭大帝，母祖教顶尖护法数量碾压，水魔王白君王苦行者炼狱大统领东伯雪鹰为修行者一方优势战力。
血染飞舟,欣慰,战斗描写、人物心理,情感、战斗,"东伯雪鹰持血蛇枪虚界天地瞬移偷袭，一枪刺穿母祖教顶尖护法头颅（生命力极强迅速恢复），处处救援火铖尊者等。东伯雪鹰判断顶尖护法生命力太强一对一难杀且有同伴援手。毁灭君主受伤血液被干瘦女子所得施展""咒杀""（神秘力量来源于极高层次），毁灭君主失控翻滚，魔凰瞬移救走收入洞天宝物。巫蛐帝君下令撤退，东伯雪鹰虚界天地救下多位尊者。母祖教护法不甘（东伯雪鹰和魔凰滑溜）。母祖教损失：六位本尊分身俱灭加三位被偷袭折损共九位，击杀修行者八位尊者。修行者尊者认同东伯雪鹰实力（虚界道+杀戮道+杀戮道绝学+万魔真身，可水魔王白君王苦行者并列）。巫蛐帝君称初战摸清对方底细，母祖教无法补充战力。血刃神帝欣慰东伯雪鹰实力达顶尖尊者（编宇宙神魔榜应定第十五），时空岛主称攻击仍欠缺。血刃神帝有后手。",东伯雪鹰虚界天地偷袭救援，毁灭君主遭咒杀，巫蛐帝君下令撤退，初战修行者损失八尊者母祖教损失九护法，血刃神帝欣慰东伯雪鹰实力。
血染飞舟,两天,情节推进、伏笔埋设,伏笔,北玄宫主、巫蛐帝君、寂灭大帝出洞天飞舟面见血刃神帝（周围混沌模糊防窥伺），血刃神帝称仅擅长法阵借法阵再斗。母祖教教主们从血腥主宰尼罗得知血刃神帝赐法阵给三位尊者。此后修行者借血刃神帝亲炼法阵（针对母祖教弱点炼制可分离逐个击破）一次次偷袭，母祖教三位圣护法以力破法抗住。两天上百次战斗后母祖教仅剩十九位顶尖护法（普通护法收入洞天宝物），火铖尊者本尊被庞依亲赴湖心岛说通恢复自由。东伯雪鹰唯一一次受伤为毒钩尾巴女子偷袭（虚界天地内威力衰减仅伤）。母祖教仅展露两件宝物（碧绿色晶石、口中喷水流），东伯雪鹰判断母祖教在等待。北玄宫主等三位返回令准备再行动，忽感恐怖气息爆发。,血刃神帝赐法阵给三位尊者，两天上百次战斗母祖教仅剩十九位顶尖护法，母祖教仅展露两件宝物，东伯雪鹰判断母祖教在等待，恐怖气息爆发。
血染飞舟,混沌飞舟的主人还活着？,设定揭示、转折高潮,揭示、设定、高潮,"母祖教毒钩尾巴女子以眼眸塔形法阵探查洞天飞舟核心，触动连绵山脉，邪恶冰冷气息冲天而起令母祖教护法心生恐惧。母祖教护法激动（发现核心），修行者尊者亦赶到。母祖教教主们激动（混沌飞舟为传说之物家乡宇宙圣典记载）。洞天飞舟外主宰们一惊，血刃神帝召北玄宫主面授。地底升起一尊巍峨雕像——穿紫色甲铠银白身体男子，双眸如红色宝石，杀戮无数令所有人惊惧。雕像自称骨祖座下第七圣子""骨乾罗""，受了重伤混沌飞舟停在此宇宙，需要帮助。",毒钩尾巴女子探查触动连绵山脉，邪恶气息冲天，地底升起雕像自称骨祖座下第七圣子骨乾罗，受了重伤需要帮助。
血染飞舟,原来如此,设定揭示、核心伏笔,伏笔、揭示、设定,"东伯雪鹰震惊混沌飞舟主人三个宇宙纪元未死（连湖心岛主人魔祖都早离开）。黑葫芦器灵告知骨乾罗仅主宰级且重伤（灵魂强度接近血刃神帝但实力可能不如，限定主宰级以下进入因重伤无法全力以赴）。骨乾罗以透明水滴融入叶圣者手臂形成银色护铠令其实力飙升（媲美母祖教普通护法），承诺帮手将得到一大桶液体浸泡形成完整甲铠。骨乾罗点破母祖教""母祖修行体系""需立母祖祭坛改变整个宇宙，普通生命尽皆灭绝，修行者宇宙主宰们这才明白母祖教真正目的（血刃神帝""原来如此""一阵后怕）。骨乾罗定规则：红光区域停留超过十个呼吸时间即为选定帮手，令双方继续厮杀。",黑葫芦器灵称骨乾罗仅主宰级重伤，骨乾罗以水滴令叶圣者实力飙升，点破母祖教立母祖祭坛改变宇宙灭绝生命的真正目的。
血染飞舟,疯狂,矛盾爆发、战斗描写,冲突、战斗,"血刃神帝等主宰们感激骨乾罗点破母祖教目的（泛起滔天杀机已无退路），母祖教教主们脸色微变（修行者一方将玩命）。獠牙教主令护法不惜一切掌控混沌飞舟。骨乾罗催促双方厮杀（""弱者死强者生""），点破毒钩尾巴女子防御极强、巫蛐帝君难以击杀。骨乾罗双眸射出红光在前方地面射出百米红光区域，令 whoever停留超过十个呼吸即为选定帮手。母祖教护法俯冲红光区域，修行者尊者借魔凰瞬移尽皆进入。金毛猿猴双眸射金光贯穿五位尊者，东伯雪鹰虚界天地瞬移以血蛇枪刺其眼打断。三位圣护法完全爆发宝物（金毛猿猴双眸金光、毒钩尾巴女子碧绿色晶石、持杖壮汉口中喷水流），仅三个呼吸寂灭大帝被斩杀。东伯雪鹰焦急己方无让尊者发挥主宰级战力的宝物。",骨乾罗定红光区域规则，双方惨烈厮杀，金毛猿猴双眸金光贯穿五尊者，三位圣护法爆发宝物三个呼吸斩杀寂灭大帝。
血染飞舟,我就知道会这样,战斗描写、转折高潮,战斗、高潮,"毒钩尾巴女子凌空立于红光区域内超三个呼吸，东伯雪鹰全力一枪仅令其踉跄三步连皮未破（防御极强卸力厉害）。修行者一方完全被压制。寂灭大帝分身携异宝赶来（曾进入充满死亡的宇宙得异宝可化作黑泥气息因果消失保命极强，此为其不臣服任何主宰的依仗），化作黑色泥流轰出毒钩尾巴女子红光区域。母祖教教主下令杀寂灭大帝，毒钩尾巴女子取出梭状兵器（散发黑暗毁灭气息笼罩封锁空间无法瞬移），紫色光柱先灭巫蛐帝君（不死之身被湮灭）后覆盖黑色泥流，寂灭大帝异宝被夺身死（""果真扛不住，我就知道会这样""）。",毒钩尾巴女子防御极强立于红光区域，寂灭大帝携异宝化作黑泥轰出其红光区域，母祖教梭状兵器灭杀巫蛐帝君和寂灭大帝，异宝被夺。
血染飞舟,泪水,转折高潮、核心伏笔,伏笔、高潮,"寂灭大帝异宝被夺身死，东伯雪鹰传音器灵询问施展黑葫芦骨乾罗是否生波折（器灵称骨乾罗重伤且黑葫芦隐秘主宰级发现不了，提醒仅能施展一次会重伤灵魂）。血刃神帝判断梭状兵器短时间无法再用，令北玄宫主""动手吧""。北玄宫主传音魔凰、竹山府主、火铖尊者、涟君星主等九位尊者（血刃神帝钦点），九位尊者汇聚圆形石盘（源自元初主人宝物血刃神帝参悟改创，九位分别催发），黑暗漩涡笼罩红光区域千里，母祖教顶尖护法身体被撕碎。竹山府主听护法死前怒吼，记忆深处浮现——他本是母祖教顶尖护法""梅护法""，家乡宇宙崩塌沿宇宙通道来此投胎转世，在物质界凡人世界生活修行成神觉醒前世记忆，开辟道后一直未联系母祖教，感觉自己是修行者宇宙一份子，血刃神帝待他极好。竹山府主眼中晶莹瞬间蒸发，右手刺穿涟君星主胸膛化为飞灰——""我终究是母祖教宇宙的，只能选择生我养我的家乡""。",北玄宫主等九位尊者施展黑暗漩涡即将获胜，竹山府主（母祖教梅护法投胎转世）背叛刺杀涟君星主，称只能选择家乡。
血染飞舟,我真是瞎了眼,转折高潮、情感展现,情感、高潮,"血刃神帝惊愕怒喝""叛徒""，元初主人脸色涨红。血刃神帝本尊在紫竹海瞬间斩杀竹山府主本尊（万亿里范围分解湮灭，""你死一万次都不足以谢罪""""我真是瞎了眼""）。洞天飞舟内尊者们愣住不敢相信，东伯雪鹰怒喝（他和竹山府主是仅有的两个四重天界神开辟道者交情很好）。母祖教护法惊喜，毒钩尾巴女子夺走圆形石盘，魔凰带尊者瞬移逃离。仅剩五个呼吸时间。竹山府主分身来到母祖教护法中，金毛猿猴认出""梅二""。火铖尊者怒斥竹山府主，竹山府主称""我本就是母祖教护法，族人要活必须抉择""。炼狱大统领冰冷反驳。北玄宫主一声愤怒叱喝，所有尊者杀过去。",血刃神帝紫竹海斩杀竹山府主本尊，竹山府主分身投靠母祖教护法（金毛猿猴认出梅二），火铖尊者怒斥，尊者们愤怒杀向母祖教护法。
血染飞舟,拔开塞子,转折高潮、悬念设置,伏笔、高潮,"火铖尊者杀向竹山府主，竹山府主冰冷迎上（母祖教体系修行对资源环境要求高，竹山府主转世后未回过家乡身体远不如护法）。金毛猿猴令保护好梅护法。东伯雪鹰、水魔王、炼狱大统领等倾尽全力搏杀，北玄宫主施展法阵辅助。修行者一方绝对弱势（寂灭巫蛐新分身未到，竹山府主投敌增减双方战力）。炼狱大统领被金毛猿猴撕裂，苦行者被毒钩尾巴女子贯穿，火铖尊者被灭杀。巫蛐帝君新身体形成仅保命厉害，寂灭大帝赶来被金毛猿猴双眸金光重创后再度斩杀。八个呼吸时间将九个呼吸，活着尊者仅剩白君王、东伯雪鹰、水魔王、巫蛐帝君、魔凰五位（北玄宫主已被杀）。母祖教护法围绕一圈懒得主动出击。水魔王坐下低垂脑袋，白君王癫狂笑，魔凰冷漠，巫蛐帝君叹息。东伯雪鹰还站着，""我只有一搏之力！我输不起！""左手拿出黑葫芦，右手平静拔开塞子。",修行者一方绝对弱势仅剩五位尊者，东伯雪鹰在绝望中决定最后一搏，拔开黑葫芦塞子。
血染飞舟,先来送死,战斗描写、转折高潮,战斗、高潮,"竹山府主暗暗摇头大局已定。东伯雪鹰拔出塞子，黑色蒙蒙波动（媲美太阳星火球蕴含波动经虚无法阵约束，参悟可开辟道乃至主宰境）以扇形扫荡，母祖教护法来不及反应尽皆粉碎湮灭（竹山府主分身亦灭，""我竟然最终死在东伯雪鹰手里""），三位圣护法多坚持数刹那亦消散。威势在母祖教梭状兵器之上。东伯雪鹰停止法阵塞上塞子，本尊神心黑色气息弥漫（以神心强大还能扛住）。水魔王等四位绝望尊者惊喜。血刃神帝等主宰们惊喜（""没想到雪鹰还有这样的异宝""），元初主人称威势很大不敢硬接（但主宰掌握主宰境道可躲避不觉得威胁性命）。东伯雪鹰去收遗物时，金毛猿猴等四位护法本尊凭空出现——""我们本尊也得来，先来送死，看你葫芦能施展几次""。",东伯雪鹰黑葫芦灭杀全部母祖教护法（含竹山府主分身及三位圣护法），主宰们惊喜，金毛猿猴等四位护法本尊出现先来送死。
血染飞舟,很值得,人物心理、转折高潮,情感、高潮,"东伯雪鹰脸色一白，巫蛐等四位尊者期待奇迹。东伯雪鹰悟到母祖教本尊一直藏着关键时刻致命一击。金毛猿猴等四位挑衅。母祖教教主们心痛（从现在起每死一个护法是真正死去）。主宰们安静（乾合娘娘称不到灭亡前最后疯狂不会本尊分身都送进）。骨乾罗瞧不上黑葫芦（攻击蠢笨缺少变化连普通主宰都杀不死）。东伯雪鹰传音同伴称还能再施展一次（实则仅一次），需逼出更多护法。寂灭大帝、北玄宫主、火铖尊者分身赶来，更多尊者赶来。金毛猿猴等四位扛不住，十六位顶尖护法、两位圣护法被迫出现抵挡。八个呼吸时间过去，东伯雪鹰决定再施黑葫芦。器灵焦急提醒灵魂已重创再施展会崩溃，一死黑葫芦离开第三重考验失败。东伯雪鹰称""一件我炼化认主希望很低的宝物，换取整个族群战争的希望，很值得""，左手拿出黑葫芦，魔凰带尊者瞬移离开。",东伯雪鹰传音同伴称还能再施一次逼出更多护法，器灵警告再施会灵魂崩溃，东伯雪鹰称换取族群战争希望很值得，再度拿出黑葫芦。
血染飞舟,滴血,核心伏笔、设定揭示,伏笔、揭示、设定,"器灵急止令东伯雪鹰滴血认主——第三重考验实为心性考验（器灵百万年观察判断心性是否邪恶，虚空行者一脉开创者为极仁善存在定规矩绝不允许邪恶之辈修行传承），东伯雪鹰六十余万年心性通过考验（对待徒弟老友族群凡俗生命皆好不滥杀无辜）。东伯雪鹰一滴血碰触黑葫芦被吸收，顿感亲切如手脚，清晰感应内部虚无法阵笼罩火球。器灵称尊者境界百万年甚至百亿年都无法凭自身实力炼化黑葫芦，第三重考验考验的是心性。东伯雪鹰借口""顿悟""向同伴解释耽搁时间及可多施展几次，尊者们惊喜又愧疚（以为破坏顿悟）。母祖教金毛猿猴等四位疑惑东伯雪鹰为何没动手，猜测其无法再施展。",器灵揭示第三重考验为心性考验，东伯雪鹰滴血认主炼化黑葫芦通过考验，借口顿悟向同伴解释可多施展几次。
血染飞舟,落幕,战斗描写、转折高潮,战斗、高潮,"东伯雪鹰拔出塞子，黑色蒙蒙波动灭杀金毛猿猴等四位护法（认主后可自如操纵分多方向或成球形防护，不再受反噬）。东伯雪鹰令尊者们逼出更多护法。九位顶尖护法（持杖壮汉为首）被迫出现，又被东伯雪鹰黑葫芦灭杀十七位（持杖壮汉多坚持数刹那）。最后十位护法（毒钩尾巴女子为首）出现，东伯雪鹰称""你们族群要活，我们族群也要活，你们只能死""，再施黑葫芦灭杀九位顶尖护法。毒钩尾巴女子重伤时东伯雪鹰停下黑葫芦令活捉，毒钩尾巴女子自爆身亡。骨乾罗戏谑""一方获胜，另一方全部战死""。",东伯雪鹰认主后自如操纵黑葫芦灭杀全部母祖教护法（金毛猿猴持杖壮汉毒钩尾巴女子等尽灭），毒钩尾巴女子自爆，母祖教护法全部覆灭。
血染飞舟,选定帮手,转折高潮、设定揭示,揭示、设定、高潮,尊者们收母祖教遗物（寂灭大帝异宝归还，真神器归还原主，母祖教宝物待主宰查看）。骨乾罗称尊者们获胜可轻易在红光区域待十个呼吸，将选一人当帮手立古老誓约，承诺机缘超乎想象（尊者都能匹敌主宰）。骨乾罗本欲选东伯雪鹰（灵魂年轻潜力最高悟性最高），因其未超脱（宇宙纪元结束时光长河内生命灭绝会身死，混沌飞舟航行中途死去麻烦）而放弃，改选北玄宫主（最擅长法阵且已超脱）。北玄宫主暗中与血刃神帝传音后答应，骨乾罗将其他尊者挪移扔出混沌飞舟。血刃神帝等主宰们迎上称赞尊者们立大功，寂灭大帝夸赞东伯雪鹰。元初主人称骨乾罗放弃东伯雪鹰因未超脱。血腥主宰尼罗表面夸赞东伯雪鹰，眼神深处隐藏无尽愤怒杀意（族人顶尖护法灭绝且战败获胜希望低）。,骨乾罗选帮手因东伯雪鹰未超脱而放弃，改选北玄宫主，尊者们被扔出混沌飞舟，血腥主宰尼罗暗藏愤怒杀意。
血染飞舟,虚空行者的传承,设定揭示、情感展现,情感、揭示、设定,混沌飞舟封闭，主宰们等北玄宫主。半个时辰后北玄宫主飞出（气息强大许多），血刃神帝查其神心确认骨乾罗留有保护手段（等会儿到神廷细说）。主宰们检查母祖教遗物，恐怖兵器被拿走（需主宰级力量灌输蓄积），其余宝物尊者们分得（母祖教预想失败不愿留太好宝物）。东伯雪鹰回帝君府陪妻子余靖秋饮酒闲聊（余靖秋感叹暗中灾难阴影笼罩若输无数生灵灭绝）。东伯雪鹰称主宰级战争靠师尊他们，有混沌飞舟帮忙获胜希望九成九。器灵提醒东伯雪鹰炼化黑葫芦后去接受虚空行者传承。母祖教教主们得知骨乾罗答应帮助修行者一方面临灭顶之灾，恨东伯雪鹰入骨，獠牙教主令等东伯雪鹰离开血刃神廷疆域时击杀夺取黑葫芦，查探发现东伯雪鹰分身因果消失（实为进入传承之地）。,北玄宫主飞出混沌飞舟血刃神帝查神心，东伯雪鹰回帝君府陪妻子，器灵提醒接受传承，母祖教教主令击杀东伯雪鹰夺取黑葫芦。
血染飞舟,《行者秘藏》,设定展开、核心伏笔,伏笔、设定,"东伯雪鹰陪妻子后撕裂时空通道前往传承之地（星空扭曲分开通道进入后因果消失，与初始之地类似断绝因果）。抵达灰色大地（无边无际蕴藏无尽威能）。盘膝坐下后大地深处波动传入本尊神心，黑色气息（黑葫芦反噬）迅速消融，神心内出现无数灰色丝线形成人形立体阵图——《行者秘藏》第一层。虚空行者一脉为特殊修行体系（一个宇宙不一定找到一个适合者），《行者秘藏》共六十层每十层一个大层次，第十一层相当于主宰级可超脱，无需规则奥妙。银发金角人路过此宇宙发现天愚老祖所创宇宙诞生过湖心岛主人那样的妖孽故留传承。东伯雪鹰引混沌虚空之力修炼，灰色力量侵蚀破坏身体（万魔真身扛不住），阵图吸收转化力量淬炼""兵煞""（混沌虚空极端破坏力量凝聚的攻击手段）。",东伯雪鹰进入传承之地因果消失，本尊神心出现《行者秘藏》第一层阵图，引混沌虚空之力修炼淬炼兵煞。
血染飞舟,化身,设定揭示、悟道,修炼、揭示、设定、爽点,"东伯雪鹰感受混沌虚空力量（极致冰冷及其他破坏性力量，隔重重阻碍降临已大大削弱，混沌虚空极度冰冷足以冻死主宰，虚空行者一脉借此修行）。东伯雪鹰停修思索，器灵建议忘记规则奥妙感受阵图的""美""。东伯雪鹰抛却虚界道杀戮道，自然观看阵图发现其与天地规则虚界道杀戮道共通之处，两年多悟出第一层。再度修炼，身体形成阵图吸收转化灰色力量（破坏修复循环身体渐强），淬炼兵煞。两个多月练成第一层（身体比万魔真身强大得多）。虚空行者一脉手段极少：遁行之术（天生厉害）、强大身体、兵煞。器灵称练成可接受完整传承。灰色大地震颤，东伯雪鹰借虚空遁行术避开，发现灰色大地实为无比庞大灰色人形生物（化身），灰色眼眸比太阳星还大，翻手覆灭宇宙。",东伯雪鹰两年多悟出第一层两个多月练成（身体比万魔真身强），虚空行者三手段（遁行身体兵煞），灰色大地实为庞大化身。
血染飞舟,唯一的徒弟,人物引入、情感展现,人物、情感,"灰色人形生物自称""古亓""（虚空行者名字），第一次收徒不知怎么教，嘱托东伯雪鹰兼修规则奥妙体系（后期极为厉害）、将来可借鉴其他体系、可投靠天愚老祖一派（七星海圣界，天愚老祖和湖心岛剑主坐镇，实力足够会得到指引前往）。古亓称自己参与一场席卷圣界的大战（圣界碎成好几块）重伤逃离进混沌虚空，度过虚弱期保住性命，性子不定四处漂泊，结下几个死仇（实力不亚于自己），告诫东伯雪鹰切勿暴露师徒关系（怕牵连），想知道自己在哪可将来问天愚或湖心岛剑主。古亓化身（灵魂内含完整《行者秘藏》）化作流光融入东伯雪鹰眉心，完整《行者秘藏》融入神心（练成一层自然知晓下一层，与灵魂一体谁都无法剥夺），传承之地小型宇宙空间崩塌，东伯雪鹰出现在时空岛疆域范围星空。东伯雪鹰感慨三位师傅中血刃神帝关系最近、古亓其次、红尘圣主最疏远。母祖教獠牙教主得知东伯雪鹰出现（时空岛疆域范围），眼眸冰冷杀机""终于现身了""。",虚空行者古亓自称第一次收徒，嘱托兼修规则奥妙、投靠天愚一派、勿暴露师徒关系，化身融入东伯雪鹰眉心传完整《行者秘藏》，獠牙教主得知东伯雪鹰现身。
血染飞舟,偷袭,战斗描写、转折高潮,战斗、高潮,五位教主来到獠牙教主处，獠牙教主令在时空岛疆域范围快速攻击（时空岛主时空穿梭最厉害稍慢即抵达，黑葫芦威势大需在东伯雪鹰反应前瞬间毙命）。五位教主联手（可力拼血刃神帝）凭血腥主宰尼罗情报分析有十足把握。东伯雪鹰在时空通道中飞行（修炼《行者秘藏》身躯契合混沌虚空擅长虚空遁行但速度太快怕暴露未用），五位教主偷袭——咒杀（源自崇高地方无形攻击）+锋利长刀带青色雷电+绿色雾气。《行者秘藏》护体令咒杀无效（完整《行者秘藏》对灵魂诸多保护），东伯雪鹰本能进入虚界天地（身体隐隐虚化卸去大半攻击），长刀劈中胸口受伤。五位教主惊呆联手一击仅伤。东伯雪鹰传讯血刃神帝，拔开黑葫芦以认主自如操纵令蒙蒙波动朝四面八方扫荡（上亿里），五位教主受伤躲避（不敢逆黑色波纹靠近葫芦口）。五位教主撤退（主宰们很快到）。血刃神帝追杀教主。,五位教主联手偷袭东伯雪鹰，《行者秘藏》护体咒杀无效仅受伤，东伯雪鹰黑葫芦四面八方扫荡令教主受伤，血刃神帝追杀。
血染飞舟,宇宙通道,设定揭示、情节推进,揭示、设定,血刃神帝追杀教主，东伯雪鹰收起黑葫芦。东伯雪鹰感慨幸亏修炼《行者秘藏》否则一个照面毙命，称灭极玄身甲铠帮助越来越弱（仅士兵级修炼法门）。东伯雪鹰身体隐隐虚化（虚空行者保命之法修行高深后敌人兵器碰触一片虚空）。东伯雪鹰靠近战场，以意志威压震散余波保护一颗生命星辰上的生灵（凡人超凡半神等）。血刃神帝惊叹五位教主联手东伯雪鹰保住分身性命，称保命手段得保密（连竹山都是叛徒自己人都不敢绝对信任）。时空岛主赶到（疆域被偷袭未告知），称血刃神帝半只脚跨入更高一层次（创虚空两极法阵摸到更高层次门槛）连斗的心思都没了。时空岛主发现战斗处隐藏一条小型宇宙通道（黑漆漆圆形洞口百米直径灰蒙蒙雾气翻滚）。,东伯雪鹰以意志威压震散余波保护生命星辰，时空岛主赶到发现战斗处隐藏一条小型宇宙通道。
血染飞舟,风暴之前（本篇终章）,伏笔埋设、悬念设置,伏笔,"时空岛主称宇宙通道可能因战斗动静影响时空形成或早已隐藏。血刃神帝解释宇宙通道分三个层次（最低层次未超脱生命可进出、第二层次真神尊者可进、最高层次主宰可进），此为最低层次价值有限（大型宇宙通道可去其他宇宙，血刃神帝青君炼狱主宰皆去其他宇宙实力大突破）。时空岛主令东伯雪鹰不可参加主宰级战争（那点手段一不小心丢命），血刃神帝称若参加听命令黑葫芦有些帮助。血刃神帝布置法阵隐藏宇宙通道送东伯雪鹰回黑雾海。母祖教教主们决定撕破脸疯狂搜集资源为最终决战做准备（獠牙教主""以宇宙无尽积累所有教主奋死一拼完全有望逆转灭杀所有主宰赢得战争立母祖祭坛""）。血刃神帝与元初主人、深渊始祖密谈分身法传承（已传元初深渊始祖青君），血刃神帝怀疑若有叛徒则是血腥主宰尼罗（最年轻与血刃神帝关系最好），称有叛徒也是好事可利用让母祖教吃大亏。分身法+宇宙石心令每个主宰三个身体整体战力急剧飙升。东伯雪鹰回黑雾海陪妻子湖边散步，决定先探路宇宙通道再带妻子儿女同去。东伯雪鹰回物质界夏族世界将黑葫芦、初始之地符牌、血蛇枪等重要宝物留下，仅带缴获的深紫色木枪，独自飞入宇宙通道。",血刃神帝解释宇宙通道三层次，母祖教疯狂搜集资源备最终决战，血刃神帝怀疑血腥主宰尼罗为叛徒，东伯雪鹰留重要宝物于物质界独自飞入宇宙通道，本篇完整收官。
最强尊者,初临,环境铺陈、设定展开,设定,东伯雪鹰以分身飞入黑漆漆百米直径宇宙通道孔洞，感受到另一宇宙运转规则的温暖力量笼罩，发现该宇宙无排斥极为包容（一般宇宙排斥外来者无法吸收天地之力，极端排外者甚至引导围杀）。东伯雪鹰收敛一切气息躲藏虚界天地内（虚空行者天生擅长收敛气息，比血刃馆主衣袍更厉害）。发现远处荒芜星辰宫殿内一位黑鳞壮汉（真神级，肘部膝盖尖刺暗红面孔黑鳞）独饮等候猎物。东伯雪鹰透过本尊灵魂联系对比两宇宙时间流速，震惊发现为3566倍（家乡一天此宇宙快十年），询问黑葫芦器灵得知：两宇宙时间流速一般在十倍差距内，此宇宙由一位类似天愚老祖、虚空行者古亓的古老存在所创造，刻意维持如此快的时间流速。东伯雪鹰决定低调了解宇宙情况，瞬移离去，黑鳞壮汉仍在等候。,东伯雪鹰分身初临魔山宇宙，发现无排斥且时间流速为家乡3566倍，器灵告知此宇宙由古老存在创造刻意维持快时间流速。
最强尊者,血脉修行体系,设定揭示、设定展开,揭示、设定,东伯雪鹰虚空挪移发现生命星球，翻看一位神级层次记忆不伤对方不令其察觉。发现此宇宙族群人口稀少（少则数十多则数百，大星球过万），婴儿皆超凡生命。东伯雪鹰潜入一颗千万里直径有三重天界神层次的星球，以幻术沉睡青色鳞甲男子（三重天界神）和老者（青色鳞甲，金色双眸，背部棘刺），询问得知最强为三位大帝（凌驾真神之上即虚空神，可肉身行进混沌虚空），王级为真神主宰（数量多），真神家族真神过万计。此宇宙为血脉修行体系（靠血脉觉醒提升实力，父亲强者则子女血脉浓郁，形成超级家族），底层的普通生命几乎都包含顶尖血脉潜力。宇宙已征服八座宇宙（善待原宇宙生命，异族同等对待）。东伯雪鹰将讯息告知器灵，器灵判断血脉源头为创造此宇宙的始祖（背景很硬不好惹），时间流速三千多倍为诞生更多强大子嗣。血脉修行体系突破稍易但难达始祖层次。,东伯雪鹰以幻术审问得知魔山宇宙为血脉修行体系，三大帝级家族（三位虚空神），整体实力比修行者宇宙强数十倍近百倍，器灵判断始祖创造此宇宙。
最强尊者,虚空神家族，邀请,人物引入、情节推进,人物,银甲青鳞男子山丹（真神级，金色眼眸，全身青色鳞片银色铠甲）乘战船抵达，战船无形波动探查发现东伯雪鹰灵魂气息为尊者级。山丹自称是这两个后裔的老祖宗（血脉感应），邀请东伯雪鹰加入三殿下蛟云流麾下。山丹告知三大帝级家族即三大虚空神家族，自己为蛟云家族效劳追随三殿下蛟云流（蛟云大帝三个孩子之一，血脉不凡潜力极高）。魔山宇宙好战弱肉强食，殿下们彼此争斗厮杀虚空神不插手（只要本尊性命不受威胁），甚至暗地推波助澜设局磨练。三殿下招护卫，尊者级可加入，好处是一般得不到的殿下都能轻易赐予，付出仅遇危险时出手保护（三殿下尊者境界遇危险少，上次十余亿年前）。东伯雪鹰问能得到其他宇宙修行体系法门（山丹称多的是），答应试试。山丹带东伯雪鹰乘战船赴三殿下隐居修炼的土黄色星球。,山丹发现东伯雪鹰尊者级实力，邀请其加入三殿下蛟云流麾下护卫，东伯雪鹰为获其他修行体系法门答应加入。
最强尊者,三殿下的赠与,人物引入、装备获取,人物、奖励,三殿下蛟云流（赤红鳞甲覆盖身体，眉心暗红色鳞片，面容白皙，气息内敛柔和）地底看守黑色植物上三颗深绿色果子（黑魔圣果，渴望成熟突破跨入主宰级封王）。蛟云流带护卫到地表迎接东伯雪鹰，安排护卫丛护卫（通体黝黑金属铸就非血肉生命，异族）交手考验。丛护卫吐白色光波穿过东伯雪鹰身体丝毫无伤（虚界天地手段身体在虚无中）。东伯雪鹰以飞镖（母祖教护法战利品，一套十二枚奇异骨头形成坚硬锋利不亚于真神器）经虚界天地到丛护卫胸前贯穿大窟窿。丛护卫认输（身体坚韧仅刺出窟窿）。蛟云流赠东伯雪鹰银白长枪（从父亲炼制宝库偷来，锋芒在血蛇枪之上，内含古老复杂法阵非永恒道/开辟道，另一体系炼制的真神器）、黑色衣袍（坚韧收敛气息）、灰色战船、内含十八个宇宙修行体系法门的晶体（有些体系相似有些截然不同）。东伯雪鹰震撼于十八个宇宙修行体系。,东伯雪鹰击败丛护卫通过考验，三殿下赠银白长枪（锋芒超血蛇枪）、衣袍、战船、内含十八个宇宙修行体系法门的晶体。
最强尊者,十八种宇宙修行体系,设定揭示、悟道,修炼、揭示、设定、爽点,"宴会后东伯雪鹰入洞府，进入黑色圆环内部洞天世界草原潜修。查看三殿下赠物（长枪珍贵不亚于血蛇枪，战船同样珍贵，衣袍坚韧收敛气息，三件宝物在修行者宇宙令绝大多数尊者眼馋）。花费三天看完十八种修行体系，总结出两大类：第一类古老存在留下指引（可修行到极高层次），第二类自然诞生宇宙无指引自摸索（有局限性但经漫长岁月完善）。家乡修行体系乃天愚老祖指引的规则奥妙体系为大道直至终极。发现十八种中有母祖教修行体系（以天地/宇宙为胚胎孕养自身，需立母祖祭坛改造宇宙，信奉虚无缥缈的""母祖""如母亲呵护，前期蠢笨越往后越诡异莫测，将来入混沌虚空也能靠其孕养）。东伯雪鹰将母祖教体系讯息传回血刃神帝（血刃神帝吃惊询问是否母祖教宇宙，东伯雪鹰称是强大宇宙其中含母祖教体系）。能修行的有八种（两种可修至终极：""巫""体系研究万物寻找最深层次秘密、""最强战士修行体系""深层次改造身体让身体如宇宙般强大永远追求终极；六种有缺陷），东伯雪鹰开始尝试八种体系。",东伯雪鹰看完十八种修行体系总结两大类，发现母祖教修行体系传回血刃神帝，开始尝试能修行的八种体系（巫、最强战士等两种可至终极）。
最强尊者,三千万年的修行,悟道、伏笔深化,伏笔、修炼、爽点,"东伯雪鹰参悟""宇宙使者修行体系""（有缺陷，弱小可沟通天地借用力量，强大可沟通宇宙本源掌控部分，最终融入宇宙本源但永远困于该宇宙），百年后成功沟通宇宙本源，宇宙本源的杀戮力量降临身边（对宇宙运转规则最直接探查，对修行规则帮助极大）。东伯雪鹰修炼杀戮类法门《黑暗波纹功》等，请三殿下帮忙搜集宇宙使者体系杀戮道法门绝学（三殿下族内高层不满称无前途，仍帮忙搜集，半月后送来八种绝学原本）。百万年杀戮道达顶尖层次。同时修《行者秘藏》（调引混沌虚空之力降临，凌驾其他体系之上，躲洞天世界修行防被发现）。三千万年过去（家乡不到万年），虚界道达极致瓶颈，《行者秘藏》推升至第六层，实力远超当初三位圣护法及寂灭大帝。地底黑魔圣果成熟（黑黝黝普普通通无特殊），三殿下蛟云流狂热收获三颗黑魔圣果入金色瓶子，迫不及待开始修炼突破主宰。",东伯雪鹰参悟宇宙使者体系让宇宙本源杀戮力量降临修行，百万年杀戮道达顶尖，三千万年《行者秘藏》推至第六层虚界道达极致瓶颈，三殿下黑魔圣果成熟。
最强尊者,保护殿下,矛盾爆发、人物引入,人物、冲突,"东伯雪鹰在洞天世界高山之巅俯瞰，感实力远超三位圣护法及寂灭大帝。忽接传讯""保护殿下""，瞬移出洞天世界。三殿下蛟云流激动赶回宫殿吩咐闭关修炼，刚取黑魔圣果即感应到敌人渗透。大殿下蛟云腾（金甲男子，赤红鳞甲，眉心暗红鳞片，眼神冷漠）带红魔神帝（红发独眼老者，异族主宰，三殿下最敌视大殿下的依仗）及叛徒察云农（高个灰甲护卫，三殿下最信任的贴身护卫，三殿下妻子之兄）来抢黑魔圣果。蛟云流质问谁背叛，察云农主动暴露投靠大殿下。蛟云腾称黑魔圣果已成熟交出来，红魔神帝（主宰）为最大依仗。蛟云流激发层层法阵保护宫殿怒吼拒交，传讯召集所有护卫保护殿下，东伯雪鹰赶到。",大殿下蛟云腾带主宰红魔神帝及叛徒察云农来抢黑魔圣果，三殿下激发法阵拒交，传召护卫保护，东伯雪鹰赶到。
最强尊者,恐怖实力,战斗描写、转折高潮,战斗、高潮,"大殿下护卫们杀机滔天杀向东伯雪鹰等护卫，山丹、丛护卫传音告知是大殿下和主宰红魔神帝，自感必死。东伯雪鹰以六枚飞镖（虚空行者第六层恐怖力量少部分灌输）经虚界天地同时攻击十二位护卫身前，飞镖贯穿胸膛传递杀机无形力量震颤体内，十二位护卫身体如砂砾崩塌湮灭（仅一位从虚无重生黑袍佝偻绿色眸子惊恐）。全场安静，大殿下一共二十余位护卫够杀几次。东伯雪鹰收起飞镖降落宫殿门前，称""有我在没谁能伤得了殿下""。蛟云流震惊震撼。蛟云腾怒称东伯雪鹰太瞧得起自己，红魔神帝独眼平和称东伯雪鹰实力不错尊者中足以称霸无敌，问东伯雪鹰确定要交手。东伯雪鹰压抑兴奋期待，咧嘴笑道""很期待和你一战，我过去还从没和主宰战斗过""。",东伯雪鹰以十二枚飞镖经虚界天地一招灭杀十一位尊者级护卫震慑全场，红魔神帝有兴趣，东伯雪鹰期待与主宰交手。
最强尊者,东伯雪鹰战主宰！,战斗描写、转折高潮,战斗、高潮,"红魔神帝释放规则领域笼罩东伯雪鹰施""领域·分解""，东伯雪鹰体表爆发恐怖气息灰色波动摧毁分解之力，与红魔神帝蒙蒙光芒碰撞，东伯雪鹰规则领域略处下风（偏向虚空）。双方护卫震惊东伯雪鹰尊者竟有规则领域，蛟云腾称身体极强自然产生规则领域（历史记载母祖教规则体系、最强战士规则体系有逆天尊者身体强横自然诞生规则领域）。红魔神帝独眼放光身体变迷幻，出现上百个化身分散包围东伯雪鹰（真身可在化身中切换，化身战力远超寻常尊者），各持大型黑色战刀围攻。东伯雪鹰虚空行者身躯力量速度爆发，银白长枪切割贯穿碾压化身（规则奥妙体系杀戮道极致瓶颈枪法玄妙红魔神帝看不透）。红魔神帝化身全部疯狂涌上，两个化身切换真身一刀切割东伯雪鹰（三殿下赐衣袍切割破皮肤留白痕），东伯雪鹰多次中刀。东伯雪鹰以虚界天地遁藏，每次出枪即遁，红魔神帝除规则领域外无法发现。东伯雪鹰感叹仅凭身体无法获胜，决定施三千万年完善的最强秘术。",东伯雪鹰与红魔神帝交战，规则领域碰撞略处下风，红魔神帝上百化身围攻，东伯雪鹰以虚界天地+虚空遁行双重遁藏偷袭，决定施展最强秘术。
最强尊者,东伯雪鹰的最强秘术,转折高潮、装备获取,奖励、高潮,"东伯雪鹰体表迸发无数血色波动如潮水冲击四面八方，红魔神帝化身在血色波动下身体震颤直接消散（化身身体媲美母祖教顶尖护法却毫无抵抗之力），红魔神帝暴退。血色波动幅散上千里上万里，大殿下及尊者们连暴退。东伯雪鹰施展""杀戮之域""（借鉴宇宙使者体系杀戮之域传说，以杀戮道、波动道结合重新构造完善，三千万年最强秘术），敌人进入即死伤势不断加重且遭束缚不断提升，东伯雪鹰在域内战力提升。理论上主宰最终必死（因魔山宇宙无法掌控宇宙本源之力故原版杀戮之域无法施展，东伯雪鹰以规则奥妙体系角度重构靠规则而非宇宙本源）。东伯雪鹰在杀戮之域内随意挥枪通过波动共鸣在红魔神帝周围形成攻击，挑衅红魔神帝拿出更强实力。红魔神帝独眼变雪白，白色甲铠覆盖，彻骨寒冷覆盖四方（连法阵冻结破碎），压制杀戮之域。东伯雪鹰感寒冷渗透进虚界天地及身体，称""要击败一个主宰，看来真不容易""。","东伯雪鹰施展最强秘术""杀戮之域""（杀戮道+波动道结合重构），红魔神帝化身溃散暴退，红魔神帝独眼变雪白施展最强实力白色甲铠彻骨寒冷压制杀戮之域。"
最强尊者,落幕,战斗描写、转折高潮,战斗、高潮,"红魔神帝一身白色甲铠持巨型战刀直扑东伯雪鹰，东伯雪鹰长枪一转挡住刀刃，体内恐怖力量震得红魔神帝暴退（东伯雪鹰速度受寒冷影响变慢但身体不受影响，虚界道+虚空行者保命能力让不擅长保命的主宰羡慕）。东伯雪鹰凭空消失（虚界天地+虚空遁行双重遁藏，规则领域外红魔神帝无法发现），以规则领域发现时长枪已到面前，枪尖波动撕扯毁掉一切刺在红魔神帝胸口，白色冰甲仅一点破损未刺穿，东伯雪鹰收枪消失。东伯雪鹰施展""兵煞""（虚空行者三大手段之一：身体、虚空遁行、兵煞，吸收混沌虚空之力中身体无法吸收的具极强破坏性力量淬炼凝聚的攻击性特殊力量），黑色毫光覆盖银白长枪流转仿佛时时刻刻切割一切。东伯雪鹰长枪旋转如游龙从虚界天地进入正常天地贯穿规则领域刺向红魔神帝，枪尖覆盖兵煞+血色波动刺穿白色冰甲刺入体内，兵煞爆发+杀戮波动传遍全身。红魔神帝控制寒冰力量冻结保护身体驱逐兵煞，损失近三成生命力。红魔神帝认输逃遁，化身朝四方遁逃，东伯雪鹰杀戮之域追杀部分化身溃散，红魔神帝部分化身冲出法阵范围消失无踪。红魔神帝感丢脸（被尊者击败成名踩着他成名），却心服口服。","东伯雪鹰以""兵煞""覆盖长枪刺穿红魔神帝白色冰甲，一枪损失其近三成生命力，红魔神帝认输化身逃遁，心服口服。"
最强尊者,拿人好处替人办事,转折高潮、人物心理,情感、高潮,"杀戮之域包围大殿下蛟云腾及护卫，蛟云腾称可给十倍百倍好处，东伯雪鹰称""晚了""（已得所需修行体系法门）。三殿下蛟云流喊""别杀他活捉他""，血色浪潮避开大殿下追杀化身。东伯雪鹰以杀戮之域灭杀大殿下其余护卫，只剩察云农及蛟云腾。蛟云腾挑拨东伯雪鹰杀三殿下夺黑魔圣果（血脉修行体系至宝），三殿下脸色煞白。蛟云腾自爆身躯，血色浪潮湮灭爆炸波动。东伯雪鹰消散杀戮之域，留察云农给三殿下自行处置。三殿下带东伯雪鹰入宫殿殿厅饮酒，称东伯雪鹰为兄弟（不再护卫），东伯雪鹰以尊者击败主宰之名将传遍魔山宇宙。东伯雪鹰骨子里有恩报恩（三千万年三殿下帮助不少）。师尊血刃神帝早商定：若有逼迫可将规则奥妙体系法门告知魔山宇宙（最重悟性传出去无妨无前辈指点修炼很难），任务是搜集一切能帮助修行者宇宙的修行体系、法门及其他。",东伯雪鹰灭杀大殿下护卫，蛟云腾自爆，三殿下与东伯雪鹰结为兄弟，东伯雪鹰准备展露实力配合搜集任务。
最强尊者,最终目的,设定揭示、伏笔埋设,伏笔、揭示、设定,"三殿下蛟云流告知东伯雪鹰魔山宇宙对待异族平等乃是始祖命令（血脉后裔不敢违背），宇宙纪元结束后会离开此宇宙投到始祖麾下。秘密：始祖在七星海圣界，七星海圣界是魔山宇宙始祖和另外一位同等存在联手创造（东伯雪鹰震撼，七星海圣界正是天愚老祖、湖心岛主人所在，修行者宇宙修行者最终也要去投靠老祖）。魔山宇宙时间流速快为诞生更多后裔强者，容易连接其他宇宙形成宇宙通道让不同修行体系碰撞。始祖留下""始祖魔山""（非常奇特的修行之地），分核心层（最强主宰及虚空神可进）、内层（九个法阵枢纽九座洞府，最强一位尊者及八位主宰可进）、外层（三十二个法阵阵基三十二座洞府，三十位主宰及两位尊者可进），最多三十九位主宰、三位尊者及虚空神能进。魔山宇宙主宰超两百位，其他宇宙加起来一百多位，尊者过千位，进入始祖魔山约十分之一概率。三位尊者中两位击败过主宰，第三位与主宰不相上下。东伯雪鹰击败红魔神帝有望挑战始祖魔山尊者。东伯雪鹰传音血刃神帝将赴始祖魔山，血刃神帝嘱托两件事：图录和千眼炎虫精血。",三殿下告知魔山宇宙始祖在七星海圣界（与天愚老祖同处），始祖魔山分三层最多三位尊者可进，东伯雪鹰有望挑战，血刃神帝嘱托两件宝物。
最强尊者,虚空神到来,人物引入、转折高潮,人物、高潮,"血刃神帝嘱托东伯雪鹰两件宝物：图录（万物图录）和千眼炎虫精血（急需，完成一件极好两件都做到赢定战争），嘱东伯雪鹰小心（有分身看似安全但虚空神手段超乎想象，始祖魔山来历非凡遵从规矩）。三殿下蛟云流闭关修炼后突破成就主宰（赤红鳞甲升腾红色气浪恐怖气息冲天），东伯雪鹰行礼恭喜。蛟云流称多亏黑魔圣果，要送东伯雪鹰去始祖魔山。忽一道沙哑声音响起，蛟云大帝（全身暗红鳞甲眉心苍白鳞片银色眼眸冰冷，气息超然于整个宇宙运转规则，三大虚空神之一蛟云家族族长）降临。蛟云大帝称三殿下""还算有点用""（难得夸一次），令其必须进入始祖魔山。蛟云大帝知东伯雪鹰击败红魔，称其实力足以去始祖魔山与另外三位尊者比一比，愿去则带其前往。东伯雪鹰答应，蛟云大帝带东伯雪鹰及三殿下消失无踪。",血刃神帝嘱托图录和千眼炎虫精血两件宝物，三殿下突破主宰，蛟云大帝降临亲送东伯雪鹰赴始祖魔山。
最强尊者,始祖魔山,设定展开、装备获取,奖励、设定,蛟云大帝带东伯雪鹰及三殿下到始祖魔山（弥漫黑色雾气巍峨为魔山宇宙中心，周围陨石环绕有无形法阵勾连）。陨石上有灰袍黑鳞老者恶臣主宰（面容丑陋狰狞锋利牙齿）恭迎，蛟云大帝令其安排东伯雪鹰挑战始祖魔山尊者事宜。蛟云大帝给东伯雪鹰一次机会帮忙，东伯雪鹰求千眼炎虫精血和《万物图录》第三卷。蛟云大帝称千眼炎虫精血不可能（珍贵性连虚空神都重视，仅始祖赐予典籍有记载），但答应给《万物图录》全本，带三殿下离去。恶臣主宰告知挑战规矩：先击败入口水傀儡获资格，再挑战第三尊者或第二尊者，获胜取代进入外层，可继续挑战最强尊者胜则进入内层，败一次等百万年才能再挑战。一紫色鳞片有尾巴面容姣好女子主宰送来《万物图录》（圆形金盘），东伯雪鹰感应浩瀚讯息（巫体系研究万物，玄妙程度唯一能与规则奥妙体系媲美）。红袍东伯雪鹰分身携《万物图录》以最快速度赶宇宙通道返家乡交血刃神帝。,蛟云大帝赠《万物图录》全本（千眼炎虫精血不可能），恶臣主宰告知挑战规矩，红袍分身携图录返家乡交血刃神帝。
最强尊者,入山,环境铺陈、伏笔埋设,伏笔、设定,"修行者宇宙血刃神廷木屋小院，红袍东伯雪鹰交《万物图录》给血刃神帝。血刃神帝喜形于色渴望太久（炼器第一法阵第一就因曾得《万物图录》第一卷第二卷，此二宝为突破虚空神所需，摸到虚空神门槛后以一敌五母祖教五位教主受伤）。血刃神帝嘱东伯雪鹰小心始祖魔山。始祖魔山外层洞府，白发女子雪神尊者（第三尊者，冷傲强大为实力不择手段）独饮面色阴沉，不安于东伯雪鹰即将前来挑战（击败过红魔神帝），令傀儡老仆去探查。恶臣主宰带东伯雪鹰到始祖魔山入口，入口旁有""魔山""两黑色字符威压令东伯雪鹰心窒（疑始祖所留）。守山者老太婆（拄拐杖）和怪物傀儡（像猩猩两根长臂头有两根弯角奇异金属炼制）以魔湖之水形成主宰级水傀儡士兵（主宰级但初生不太擅长战斗适合考验尊者）。恶臣主宰称魔湖实力最深不可测，帝君们都不是它对手。观战主宰们俯瞰。",红袍分身送《万物图录》给血刃神帝（喜形于色为突破虚空神所需），东伯雪鹰到始祖魔山入口，守山者以魔湖之水形成主宰级水傀儡为考验。
最强尊者,雪神尊者的战斗方式,战斗描写、转折高潮,战斗、高潮,东伯雪鹰双手抓住银白色水傀儡士兵双手猛然一扯，水傀儡整个身体粉碎化作水流飞回魔湖（湖泊仍不生一丝波澜）。观战主宰们惊叹（仅十一位尊者击败过水傀儡，单靠力量完全击溃前所未有，力量恐怕比主宰都大，有望威胁第一尊者猎殃）。守山人老太婆问东伯雪鹰挑战哪一位尊者，东伯雪鹰选第三尊者（前两位击败过主宰，第三位仅与主宰不相上下，选把握更大者）。怪物傀儡飞去传话。白发女子雪神尊者得知东伯雪鹰获胜，不安赶来。守山人老太婆拐杖砸地浮现古老战台，周围半空显现巨大黑色法阵笼罩战台，规矩：战斗一段时间分不出胜负战台法阵降临重重危险先死的一个战败。雪神尊者上战台即刻全力防御，身体表面凝结无数十二边形冰晶形成大型雕像（不灭圣像，近三米高），任凭东伯雪鹰攻击。观战主宰们笑雪神尊者不要脸（知道攻击敌不过担心丢性命全力以赴防御保护性命，身体防御极强只要杀不了她战台危险降临东伯雪鹰先死她就赢）。蛟云流殿下赶来观战。,东伯雪鹰一招力量撕碎水傀儡获胜获挑战资格，选第三尊者，雪神尊者以不灭圣像冰晶雕像全力防御任凭攻击。
最强尊者,无法应战,战斗描写、转折高潮,战斗、高潮,"蛟云流殿下与恶臣主宰观战，蛟云流称东伯雪鹰攻击极为可怕（红魔神帝防御更强仍被一枪重创）。东伯雪鹰施展枪法狂攻冰晶雕像，雕像肆意乱飞砸战台撞黑色法阵丝毫无损。东伯雪鹰长枪出现黑色毫光（兵煞），枪头怒刺奇异弧线，枪尖一圈血色波动（杀戮道+波动道融入枪法），强行刺穿雕像刺入内部，恐怖血色波动猛然传递，整个雕像爆碎开来。雪神尊者从碎片凝聚而出，传音""我认输""（东伯雪鹰全力蕴含兵煞一招破开不灭圣像）。东伯雪鹰成新的第三尊者进入始祖魔山外层洞府。洞府内绿色气息令人参悟思考速度急剧提升（如服奇珍），不同区域适合修不同体系。始祖魔山有珍贵修行典籍可学不可带走。东伯雪鹰欲挑战第一尊者，傀儡仆从回报第一尊者猎殃正在闭关无法应战（内层闭关为特殊修行梦中修行，闭关结束无法逃避，已闭关五十余万年，短则随时出长则上千万年）。东伯雪鹰在始祖魔山潜修。",东伯雪鹰以兵煞+杀戮道+波动道一枪破开雪神尊者不灭圣像，雪神尊者认输被逐出，东伯雪鹰成第三尊者入外层洞府，第一尊者猎殃闭关无法应战。
最强尊者,道风波,悟道、伏笔深化,伏笔、修炼、爽点,"东伯雪鹰在始祖魔山潜修，翻阅始祖所留珍贵典籍（金色书籍奇异金属铸就古老文字自然传递讯息），其中一部残缺典籍为""天波岛主""所留（对波动理解极高，东伯雪鹰称其若天空星辰自己仅大地上仰望星空凡人）。东伯雪鹰有野心创造将杀戮道、波动道结合的战斗绝学（适合枪法施展，杀戮之域偏领域非战斗），无前辈参照无类似典籍，前方一片迷雾需自创。在始祖魔山六百万年修行（效率极高抵之前三千万年），以杀戮道、波动道基础+典籍滋养+洞府修行效率+悟性，自创绝学《道风波》第一篇（两条道未达永恒故可不断提升，仅第一篇已倾尽心力仗此一篇足以匹敌主宰）。猎殃尊者闭关结束，傀儡女子传话明日一战。东伯雪鹰期待（等了六百万年，实力比刚进始祖魔山强多了）。二殿下蛟云蚕（金甲赤红鳞片女子，实力最强远甩哥哥弟弟，早进始祖魔山）同行赴战台，称猎殃当初一现身即成最强尊者进入内层连她都没进过。战台深绿色，东伯雪鹰与猎殃尊者（棕黄色油亮皮肤银发数十条辫子赤脚背后战刀双眸凌厉）登台，周围浮现黑色法阵笼罩战台。",东伯雪鹰六百万年自创绝学《道风波》第一篇（杀戮道+波动道结合战斗绝学匹敌主宰），猎殃尊者闭关结束应战，二殿下蛟云蚕同行赴战台。
最强尊者,最强尊者,转折高潮、战斗描写,战斗、高潮,"东伯雪鹰施展杀戮之域（血色浪潮汹涌澎湃扑向猎殃尊者，如今杀戮道、波动道都达极致瓶颈杀戮之域更完善威势更恐怖），猎殃尊者感波动渗透体内欲震碎身体且束缚不断加重，判断须速战速决。猎殃尊者体表浮现皮膜气息暴涨，拔背后战刀直扑东伯雪鹰狂猛一刀，东伯雪鹰长枪上挑挡住，体内汹涌力量+奇异波动一阵阵令猎殃尊者体内血液沸腾被震飞吐血（力量竟比猎殃尊者强）。猎殃尊者银发辫子暴涨九十三根缠绕束缚东伯雪鹰（柔软诡异扭曲迅速极快完全束缚）。东伯雪鹰体表出现黑色幽光兵煞，全身发力崩碎银发辫子。猎殃尊者持刀再杀，银发辫子漂浮左右偷袭。东伯雪鹰施展《道风波·双波杀》（黑色兵煞表面两条血色波动环绕旋转如阴阳鱼碰触产生恐怖破坏力），大量兵煞钻入猎殃尊者身体贯穿破坏，密密麻麻血窟窿令其脸色大变攻击动作受影响。东伯雪鹰长枪全身力量灌输+兵煞+双血色波动在枪尖交叉游走刺入猎殃尊者身体，猛地一震胸口大窟窿，体内大量兵煞游走，杀戮之域波动不断渗透伤势加重。猎殃尊者认输，称""正面搏杀我竟然输了，你比我厉害""。东伯雪鹰成始祖魔山最强尊者，在猎殃尊者原傀儡女子仆从带领下朝始祖魔山内层。九座悬浮洞府（百里范围华美洞府为法阵九大枢纽之一），东伯雪鹰飞近洞府正门时听到虚无缥缈声音""呜吉啦""在灵魂响起，陷入沉睡。",东伯雪鹰以杀戮之域+兵煞+《道风波·双波杀》击败猎殃尊者成最强尊者，进入内层洞府时听到美妙声音陷入沉睡。
最强尊者,沉睡,悬念设置、核心伏笔,伏笔,"东伯雪鹰三体同时沉睡（黑衣在始祖魔山内层洞府、红衣在魔山宇宙荒芜星球洞天法宝、白衣在夏族世界红石山红尘岛直接倒地）。余靖秋惊慌喊血刃神帝，血刃神帝化身降临查看，本尊神心触碰即受无形涟漪波及致意识刹那迷失化身溃散（东伯雪鹰肉身达《行者秘藏》第八层威能极强，主宰中一半身体都不如）。血刃神帝召炼狱主宰、元初主人、庞依（灵魂方面最强四位主宰）合力查看，皆受无形涟漪波及化身溃散无法唤醒（已远超他们境界）。炼狱主宰称只能看东伯雪鹰运气。血刃神帝叹息生死难料（陷入沉睡生死任由他人操纵），嘱余靖秋等东伯雪鹰身体留物质界别带出，有事直接找他。一天两天...一年两年...百年千年万年，东伯雪鹰一直沉睡。始祖魔山内层主宰们称东伯雪鹰开始""梦中修行""（内层特有大机遇求都求不来，无法中断必须修行结束才能醒来），猜测第一次梦中修行时间最起码五亿年甚至十亿年（时间越久收获越大）。",东伯雪鹰三体同时陷入沉睡进入梦中修行，血刃神帝及四位最强主宰皆无法唤醒，生死难料，梦中修行时间极长。
最强尊者,战争，开始了（本篇终）,转折高潮、悬念设置,伏笔、高潮,"八万两千年后，夏族世界红石山红尘岛，余靖秋翻看书籍时而看沉睡的东伯雪鹰。火铖尊者化身长居红尘岛探望，絮叨东伯雪鹰进入其他宇宙栽大跟头，催其快醒（和母祖教战争不知何时爆发，一觉睡过去战争结束太不重视）。忽二人脸色一变，战争开始了。修行者宇宙大迁移至湖心岛遗迹（庞依为毁灭军团队长可带大家挪移入内，洞天宝物由血刃神帝提供），神界深渊打的毁天灭地，一座星域近乎小半化作虚无。血腥主宰尼罗叛徒身份暴露。血刃神帝战死不止一次（故意设局以自己死亡埋伏母祖教）。魔山宇宙始祖魔山内层，黑衣东伯雪鹰在梦中厌倦无尽修行战斗（""我都成主宰了怎么还没到尽头""），强烈排斥梦中世界令意识逐渐苏醒，记忆与现实融合清醒。傀儡女子恭贺六亿五千万年（本宇宙纪元尊者中第一，算上主宰排第三）。红衣东伯雪鹰在荒芜星球洞天法宝内亦苏醒。红尘岛屋内，白衣东伯雪鹰睫毛颤动缓缓睁眼，余靖秋又哭又笑。东伯雪鹰帮妻子抹泪称""睡得太久了让你担心了""，问妻子""和母祖教战争还没开始吧？""——本篇完整收官。",母祖教与修行者宇宙战争爆发，血腥主宰尼罗叛徒身份暴露，血刃神帝战死不止一次；八万两千年后东伯雪鹰三体同时苏醒（梦中修行六亿五千万年），问妻子战争是否开始。
主宰,梦中修行的突破,转折高潮、悟道,修炼、高潮、爽点,白衣东伯雪鹰听妻子叙说，得知沉睡八万两千年间母祖教战争已爆发十万年，血腥主宰尼罗本尊分身俱灭，修行者一方占绝对优势但无法彻底灭绝母祖教。东伯雪鹰因果传音血刃神帝报平安，得知须耽搁一两日准备。黑衣东伯雪鹰从始祖魔山内层洞府飞出，感慨一梦六亿五千万年：梦中修行在虚空大陆上忘记身份记忆被蒙蔽，被迫不断修行战斗，以规则奥妙体系入门重新开辟虚界道、杀戮道、波动之道，兼修《行者秘藏》，将《行者秘藏》修行到第十一层成就主宰（虚空行者一脉的主宰，每十层一个大境界，第十层到第十一层是天堑跨越），创出《道风波》第三篇。东伯雪鹰因即将跨入主宰级无法再留始祖魔山内层（主宰被驱逐，再进需前九主宰入内层），将洞府留给其他尊者。东伯雪鹰与三殿下蛟云流在星空告别，托其照顾将来来魔山宇宙修行的亲人徒弟（自己成主宰后无法再通过宇宙通道），约定七星海圣界再见。东伯雪鹰在宇宙通道魔山宇宙一端布置虚界法阵遮掩，黑衣红衣两分身飞入宇宙通道返回修行者宇宙。,东伯雪鹰梦中修行六亿五千万年将《行者秘藏》修到第十一层成就虚空行者一脉主宰，因将跨主宰级离开始祖魔山内层，告别蛟云流托其照顾亲人，返回修行者宇宙。
主宰,再临初始之地,环境铺陈、转折高潮,设定、高潮,白衣东伯雪鹰在红尘岛闭关，黑衣红衣分身降临物质界汇合。黑衣东伯雪鹰持初始之地符牌再临初始之地，规则压制令其视力听力等全方面急剧降低如凡人（天愚老祖所创，湖心岛剑主曾强行进入不受压制）。白发老者告知开辟境考验比界神境高两个大境界（界神境、天地境、开辟境、主宰境四级），这一宇宙纪元无人通过开辟境考验（时空岛主曾在此失败身死）。考验为在寒冰世界中活下来：第一波温度骤降凝结冰晶射来，东伯雪鹰以虚空涟漪粉碎冰晶举重若轻；温度继续下降冰晶数量十倍暴增至铺天盖地，东伯雪鹰施展杀戮之域（血色浪潮）席卷寒冰世界硬抗第一波。白发老者惊骇其开辟境范畴内威能达到如此地步。,东伯雪鹰三体汇合后持符牌再临初始之地，白发老者告知开辟境考验规则，东伯雪鹰以杀戮之域硬抗第一波冰晶袭击。
主宰,茅草屋内,战斗描写、转折高潮,战斗、高潮,"杀戮之域席卷寒冰世界粉碎冰晶，白发老者惊骇东伯雪鹰开辟境范畴威能。第二波生存考验开始，杀戮之域内凝结黑色液体（能在杀戮之域内支撑近一个呼吸），数量不断增多蓄势。东伯雪鹰施展《道风波》第二篇""域""（与杀戮之域结合的杀招，梦中修行将二者结合令杀戮之域威力大增），一举令所有黑色水滴炸裂灭绝。白发老者难以置信（八个宇宙纪元无人开辟境通过考验，此前通过的也没这么霸道）。第三波最后考验，整个寒冰大陆融化化作无尽黑色液体汇成巨大黑色凶兽（仿佛黑色蛟龙，前爪巨大狰狞）飞扑而来。东伯雪鹰施展《道风波》第三篇""灭""，右手暴涨如大斧一掌劈下，黑色凶兽粉碎成无尽黑色液体，温度回升消解。东伯雪鹰通过开辟境考验，询问现在突破主宰境是否仍得老祖赠与，白发老者确认。东伯雪鹰脑海中大量感悟碰撞（《道风波》第四篇有想法），白发老者带其出寒冰世界，指向三座茅草屋（左开辟境可进、中央主宰境可进、右宝库），东伯雪鹰推开左边茅草屋木门进入。","东伯雪鹰施展《道风波》第二篇""域""灭绝黑色水滴、第三篇""灭""劈碎黑色凶兽，通过开辟境三波考验，进入左边茅草屋。"
主宰,紫衣弟子,设定揭示、装备获取,奖励、揭示、设定,"茅草屋内，天愚老祖（驼背老者，耳垂很大，眼神温和）影像显现，告知东伯雪鹰为""太虚天宫""紫衣弟子——太虚天宫是天愚老祖应魔山始祖、瑶光之主之邀在七星海圣界开创的宗派（魔山始祖、瑶光之主开辟七星海圣界），最顶尖势力声名赫赫，极为护短（绝境时可报身份求活命）。紫衣弟子可挑选三门混沌级基础绝学（专精一道的绝学，太虚天宫共一百零九门，比《万魔真身》高级得多），天愚老祖希望后辈借此创出属于自己的绝学。东伯雪鹰炼化紫色衣袍（天愚老祖亲炼坚韧不可摧，全力以赴伤不了丝毫）和紫色令牌（太虚天宫常识及绝学记载），得知金衣弟子（主宰境通过考验）数量比虚空神还少。东伯雪鹰放弃杀戮类（始祖魔山典籍已看过），选《无影天罗》（波动之道领域绝学，透明书籍）、《三千化身》（虚界道绝学，黑色书籍）、《神光经》（专修灵魂，金色书籍），在茅草屋内万倍时间加速开始融合梦中修行感悟。",东伯雪鹰成为太虚天宫紫衣弟子，获紫色衣袍令牌，选三门混沌级基础绝学《无影天罗》《三千化身》《神光经》，在茅草屋万倍加速融合感悟。
主宰,终成主宰,转折高潮、悟道,修炼、高潮、爽点,"东伯雪鹰在茅草屋内融合感悟一百六十年（外界六天），将虚界道两条感悟（梦中修行与真实世界）碰撞融合突破到永恒完美之境跨入主宰境，《道风波》创出第四篇""极点""。东伯雪鹰出关，目光瞬间贯穿物质界看到湖心岛九位主宰，众主宰震惊。血刃神帝告知众主宰东伯雪鹰在魔山宇宙时间流速三千多倍修行数亿年成主宰。青君、庞依、元初主人感叹其天赋（从尊者极限到主宰极难，寂灭大帝至今卡住）。时空岛主表情古怪（看东伯雪鹰不惯如今平起平坐）。东伯雪鹰告知妻子儿女成主宰（修行六亿多年），送他们去魔山宇宙修行（三殿下蛟云流帮忙）。东伯雪鹰直接一迈步走上时光长河岸边超脱（虚空行者主宰本尊神心极强，时光长河体型双腿撑满河流宽度，比一般主宰强得多），灵魂圆满许多（本尊分身合一才是最终圆满）。东伯雪鹰凭空消失去与血刃神帝汇合。",东伯雪鹰融合感悟虚界道突破永恒完美成就主宰，《道风波》创出第四篇，超脱时光长河，灵魂圆满。
主宰,虚界道成主宰？,设定展开、矛盾展现,冲突、设定,东伯雪鹰来到黑色石柱（元辰柱）顶端见血刃神帝和乾合娘娘，石柱法阵层层叠叠阻碍万亿里。血刃神帝问东伯雪鹰哪条道突破，东伯雪鹰答虚界道（严格来说两条体系都跨主宰：规则奥妙虚界道永恒完美、虚空行者体系主宰）。乾合娘娘遗憾杀戮道没突破（虚界道擅长保命潜伏幻术，正面搏杀弱），众主宰关心是因为和母祖教的战争需要正面战力。众主宰化身齐聚贺喜（除已死血腥主宰尼罗外共十位主宰）。元初主人等问哪条道突破，得知虚界道后有些平静有些失望。血刃神帝告知母祖教战争情况：母祖教困守老巢球形堡垒（古朴灰白美丽花纹，能隔绝东伯雪鹰探查），坚固无法攻破，尝试过禁忌力量都伤不了；母祖教宝物远超修行者一方（其宇宙最终崩塌遗迹宝物外泄，历史更悠久）；修行者一方修行体系整体实力更强且有血刃神帝主导步步为营占据绝对优势。,东伯雪鹰告知众主宰虚界道成主宰，众主宰遗憾正面战力不足，血刃神帝介绍母祖教战争情况（母祖教困守坚固堡垒，修行者一方占优但无法攻破）。
主宰,镇守任务,设定展开、伏笔埋设,伏笔、设定,庞依告知母祖教弱势：无法吸收天地力量靠神晶恢复（战死再修分身代价高），修行者一方能量源源不绝战死可速修分身，血刃神帝令众主宰多修分身（每主宰三个身体），母祖教很少发动攻击。血刃神帝告知东伯雪鹰十二元辰柱法阵（据《万物图录》炼制，威势原版五成，材料差些）：围绕母祖教老巢十根已布置，十二根布成可完全困住母祖教；每根元辰柱需主宰镇守防母祖教破坏，缺人手无法布置第十一根。镇守分配：炼狱主宰、青君、元初主人各两分身镇守六处；深渊始祖两分身镇守一处；庞依两分身镇守一处；时空岛主和万神殿主联手镇守一处；血刃神帝镇守第十根并负责布置第十一根（需本尊分身黑鸟五师叔联手，届时乾合娘娘守第十根但守不住）。乾合娘娘正面战斗太弱。血刃神帝希望东伯雪鹰杀戮道成主宰增强正面战力，得知虚界道后众主宰遗憾，但仍试试让东伯雪鹰与乾合娘娘联手镇守。血刃神帝展示母祖教攻击场景（木质战船须木圣舟、宝物威势超主宰级）。血刃神帝强调本尊永远不能参战（怕母祖教诱饵，本尊分身俱灭真死）。东伯雪鹰红衣分身随时待命，乾合娘娘对东伯雪鹰信心不足。,血刃神帝介绍十二元辰柱法阵镇守分配，母祖教弱势但底蕴深，本尊不参战，东伯雪鹰与乾合娘娘联手镇守元辰柱。
主宰,初战,战斗描写、转折高潮,战斗、高潮,东伯雪鹰一尊分身持黑色长枪站元辰柱之巅等候，乾合娘娘隐隐焦急（之前镇守不住），东伯雪鹰冰冷带杀机。母祖教须木圣舟（古朴战船，上亿里长，根须盘结环绕）出现攻击东伯雪鹰所镇元辰柱（其他方向攻不破，唯此有望攻破）。战船超高速飞行撞击元辰柱法阵，威势远超正常主宰。东伯雪鹰体型暴涨上亿里持亿里长枪，施展杀戮之域（血色浪潮）朝战船方向冲击，同时操纵虚空（虚空行者主宰对虚空操纵达惊人地步，在杀戮之域之上）及元辰柱法阵力量辅助。须木圣舟在三亿里处被压制到速度不及之前百分之一。远处观战的元初主人、时空岛主、万神殿主等主宰及黑鸟五师叔、血刃神帝本尊震惊狂喜（单靠领域就压制战船）。乾合娘娘惊叹领域强到单靠领域就能击败自己。,母祖教须木圣舟攻击东伯雪鹰所镇元辰柱，东伯雪鹰以杀戮之域、虚空镇压及元辰柱法阵令战船速度降至百分之一，众主宰震惊。
主宰,血刃神帝的笑容,战斗描写、转折高潮,战斗、高潮,"虚空行者主宰操纵虚空镇压威力数倍于杀戮之域，须木圣舟速度大减。母祖教教主们大惊，决定停下战船攻击击杀东伯雪鹰分身。战船表面无数根须飞出群攻，东伯雪鹰以兵煞（《道风波》第一篇，群攻时可分心操纵上千兵煞）一一挡住，根须被撞击变软。母祖教教主们震惊（领域厉害又能分出上千黑色幽光挡群攻，至今未出枪）。母祖教以船头两条最长根须全力一击（威势恐怖，青君称自己拼尽全力借山之道勉强防住），东伯雪鹰施展《道风波》第四篇""极点""（无数波动汇聚枪尖一点）一枪刺中根须，根须内部力量被震散变软。母祖教教主们心冷（单论力量不如东伯雪鹰，论玄妙更不如，且东伯雪鹰仅一个身体战斗另一分身未现身）。母祖教战船退去。元初主人称东伯雪鹰实力或许在自己之上，青君、炼狱主宰称其与己相当层次（规则奥妙有欠缺但整体实力达最顶尖）。血刃神帝布置元辰柱成功，红衣东伯雪鹰赶赴镇守新元辰柱。血刃神帝脸上笑容浮现，心中疲惫消散""这一场战争，或许要结束了""。","东伯雪鹰以兵煞挡群攻、《道风波》第四篇""极点""一枪破母祖教最强一击，仅一尊分身镇守住元辰柱，实力达最顶尖主宰层次，血刃神帝布置元辰柱成功露出笑容。"
主宰,镇压母祖教,转折高潮、设定展开,设定、高潮,血刃神帝嘱托东伯雪鹰同时镇守两处元辰柱小心（布置最后一根时母祖教必反扑）。血刃神帝在黑鸟五师叔（化作万亿里庞大黑鸟）帮助下两分身全力以赴布置第十二根元辰柱。母祖教须木圣舟（表面流转碧绿光芒）攻击红衣东伯雪鹰所镇新元辰柱，母祖教猜测东伯雪鹰身体强大需外物淬炼只能供一个分身（实则东伯雪鹰修《行者秘藏》以混沌虚空之力为源，本尊两分身都轻松修到第十一层）。红衣东伯雪鹰一杆长枪加虚空操纵及杀戮之域完全抗住母祖教。血刃神帝布置第十二根元辰柱成功，十二元辰柱完全形成。血刃神帝催发法阵，十二元辰柱无数法阵连接，母祖教老巢表面出现透明虚空锁链（无数花纹流动）严严实实包裹堡垒不留缝隙，完全镇压封锁母祖教（东伯雪鹰感应不到母祖教存在）。众主宰欢喜，血刃神帝提醒只赢了一半（母祖教或有拼命手段不可高兴过早）。,红衣东伯雪鹰镇守住新元辰柱抗住母祖教攻击，血刃神帝布置第十二根元辰柱成功，十二元辰柱完全封锁镇压母祖教老巢。
主宰,战争结束了？,矛盾展现、转折高潮,冲突、高潮,众主宰遥看母祖教老巢等待反应。母祖教球形堡垒开启洞口，獠牙教主化身（青褐色皮肤巨汉，赤脚几块破布缠身，眼眸平静如幽海，无任何物品）请求血刃神帝放其出去。血刃神帝查探确认仅化身无威胁，将其挪移出堡。獠牙教主感叹血刃神帝谨慎（胜利后主宰仍镇守元辰岛本尊在湖心岛），佩服其法阵造诣（虚空两极阵扫荡逼出母祖教、元辰柱法阵困住、早早发现血腥主宰叛徒将计就计）。血刃神帝称不赌本尊永远安全，母祖教神晶耗尽必输。獠牙教主告知母祖教护法死绝教主战死许多十万年厮杀输了，请求两条生路：一让骨乾罗混沌飞舟带母祖教离开，二囚禁到宇宙纪元结束由修行者虚空神带走。血刃神帝与众主宰暗中商议。东伯雪鹰感觉一切好快（一觉醒来刚战斗战争就结束）。,獠牙教主化身出堡求和，请求两条生路（混沌飞舟带走或囚禁到纪元结束），血刃神帝与众主宰商议。
主宰,尽在掌控中,核心伏笔、矛盾展现,伏笔、冲突,众主宰商议，内心想铲除母祖教（十万年战争死伤无数），但母祖教或真有鱼死网破手段且宝物有诱惑力。决定给生路：囚禁到宇宙纪元结束由虚空神带走，不让进混沌飞舟（骨乾罗邪恶怕出变数）。暗中，混沌飞舟内骨乾罗巨大雕像与桑丹教主（绿皮肤青年，母祖教较年轻教主，战争早期进入混沌飞舟）交易：桑丹教主立誓约成为骨乾罗仆从（树叶誓约，违背者死），母祖教宝物分两批交付（破元辰柱救出时给第一批，立母祖祭坛获胜后给第二批，最重要宝物留第二批），骨乾罗给母祖教六个守护法阵（混沌虚空遨游所得，九个法阵借六个）并承诺轰破元辰柱法阵。骨乾罗眼红母祖教宝物（有些虚空神层次甚至其他体系），为宝物值得出手。桑丹教主担心骨乾罗得宝物后走人故坚持分两批。血刃神帝与獠牙教主最终商议，獠牙教主称无退路只能希望修行者一方遵守承诺。,众主宰决定给母祖教生路（囚禁到纪元结束），暗中骨乾罗与桑丹教主立誓约交易（宝物分两批换破阵及守护法阵），骨乾罗为宝物背叛修行者一方。
主宰,骨乾罗！！！,矛盾爆发、转折高潮,冲突、高潮,"东伯雪鹰在元辰柱之巅饮酒，遥掷酒壶给远处元辰柱上的青君（虚空穿梭传递），师兄弟边喝边聊。一艘仅千里长的混沌飞舟凭空出现（比须木战船小太多），元初主人脸色大变认出混沌飞舟。骨乾罗声音传出""来玩玩""，一道紫色弧形流光从混沌飞舟发出瞬间穿过空间阻碍轰击元辰柱，元辰柱翻滚，余波扫中元初主人分身使其化作粉末消散——仅一击，元辰柱法阵被破，元初主人分身战死。骨乾罗嗤笑十二元辰柱材料粗劣威势一般（《万物图录》名气大但易得，骨乾罗熟悉故易破）。骨乾罗告知桑丹教主已破法阵。母祖教须木战船飞出与混沌飞舟靠拢交易（第一批宝物换六座法阵），骨乾罗不许其他教主进混沌飞舟。修行者一方又惊又怒（骨乾罗当初承诺帮他们如今翻脸）。母祖教赴宇宙六处之一布第一座灰色祭塔，干瘦老者激发祭塔与母祖感应，宇宙天地之力汹涌混乱，诸多区域出现灰色祭塔虚影。东伯雪鹰称母祖祭坛六座祭塔形成会改变整个宇宙。血刃神帝令动手。",骨乾罗借混沌飞舟一击破元辰柱法阵元初主人分身战死，母祖教与骨乾罗交易后赴宇宙六处之一布第一座祭塔，血刃神帝令动手。
主宰,黑葫芦,战斗描写、核心伏笔,伏笔、战斗,血刃神帝两分身加黑鸟五师叔（化作万亿里庞大黑鸟）联手施展冰火法阵（黑鸟两翅膀各一法阵，冰火汇合爆发毁灭力量）；元初主人、乾合娘娘、青君、万神殿主、庞依五位同时操纵一座法阵（元初主人为主，攻击出现黑漆漆裂缝）；炼狱主宰、东伯雪鹰、深渊始祖、时空岛主各自为战（修行者一方强大宝物太少）。母祖教三重防守：须木战船根须护祭塔、混沌飞舟空间庇护、骨乾罗所给守护法阵。修行者一方攻击勉强轰破根须，混沌飞舟简单庇护就挡住残余，守护法阵未受冲击。骨乾罗嗤笑太高估他们。干瘦老者激发祭塔与母祖感应（无穷无尽力量，教主级如蝼蚁），祭塔爆发更强力量与宇宙内其他灰色祭塔虚影共鸣，天地之力狂暴（神界物质界黑暗深渊超凡生命无法吸收天地之力）。血刃神帝看出守护法阵防御威能还在须木战船、混沌飞舟之上，且与母祖教体系截然不同恐为骨乾罗所出，焦急。东伯雪鹰以虚空行者主宰感应到宇宙各处灰色祭塔，称母祖霸道（母祖祭坛能借母祖力量改变宇宙），决定用黑葫芦。器灵提醒主宰境调动黑葫芦第二层次力量会伤害整个宇宙（太疯狂毁灭整个宇宙都可能）。东伯雪鹰称会小心控制范围。骨乾罗、母祖教不屑黑葫芦（尊者时波动勉强达虚空神层次，连血刃神帝攻击都不如）。东伯雪鹰拔开黑葫芦塞子。,修行者一方攻击无法突破母祖教三重防守，血刃神帝看出守护法阵为骨乾罗所出，东伯雪鹰决定用黑葫芦（主宰境第二层次力量会伤害宇宙）。
主宰,金焰,战斗描写、转折高潮,战斗、高潮,"东伯雪鹰以主宰境调动黑葫芦第二层次力量——太阳金焰（太阳星第五层太阳深潭的液体火焰，主宰碰触瞬间化灰，虚空神也撑不了太久），金色液体光芒从葫芦口飞出冲向第一祭塔。金色光芒瞬间溃散须木战船根须、冲破混沌飞舟空间庇护、半个呼吸粉碎守护法阵，淹没三位母祖教教主（两位操纵法阵及一位激发祭塔的干瘦老者，瞬间化灰）及第一祭塔。须木战船、混沌飞舟不敢靠近。金色光芒克制地包裹祭塔未继续波及。血刃神帝、元初主人等震惊认出""太阳金焰""（太阳星第五层太阳深潭，主宰碰触化灰，虚空神也撑不了太久，诸多纪元前辈记录）。东伯雪鹰以金焰分出通道漫步走到祭塔前，右手暴涨强行拽断祭塔与宇宙内其他灰色祭塔虚影的联系，收入储物宝物。母祖教教主们绝望（六座祭塔不可能都防住黑葫芦）。修行者一方震撼（主宰能大规模操纵太阳金焰，黑葫芦远超想象宝物）。时空岛主嫉妒。骨乾罗震惊认出黑葫芦为护道之宝（不同境界不同威能不同攻击手段，成虚空神还有质变），决定不惜一切夺黑葫芦（拿回去求师尊骨祖简单炼化即可用），将母祖教抛之脑后。东伯雪鹰断绝金焰塞上塞子。器灵提醒小心骨乾罗。骨乾罗从混沌飞舟发出无形波动偷袭。",东伯雪鹰以黑葫芦释放太阳金焰溃散三重防守灭杀三位教主夺走第一祭塔，骨乾罗认出黑葫芦为护道之宝决定不惜一切夺取并偷袭东伯雪鹰。
主宰,新的世界,战斗描写、转折高潮,战斗、高潮,东伯雪鹰来不及操纵黑葫芦躲进虚界天地，骨乾罗透过混沌飞舟发出的无形波动（达虚空神门槛）扫过，强行渗透完整虚界天地但威力锐减至一两成，东伯雪鹰身体虚不受力（虚空行者特性）卸去大半，仅脸色红了下未吐血。骨乾罗难以置信（虚空神门槛攻击未能伤他）。东伯雪鹰拔开黑葫芦以金焰冲击混沌飞舟，混沌飞舟丝毫无损（宇宙纪元破灭都伤不了混沌飞舟，须木战船也伤不了）。东伯雪鹰停止金焰堵塞子。血刃神帝质问骨乾罗背信（当初选择北玄宫主承诺帮忙），骨乾罗称未违反誓约（北玄宫主在飞舟内未伤害她）且嘲承诺可笑。骨乾罗在飞舟内思考对付东伯雪鹰之策，定计拼了。东伯雪鹰在虚界天地警惕，骨乾罗施灵魂攻击（东伯雪鹰有完整《行者秘藏》抵抗），东伯雪鹰拔塞子以少量金焰在体表形成金色球体护体（量少范围小对宇宙伤害低）。骨乾罗疯狂操纵混沌飞舟施展现种种法阵攻击（针对灵魂三种、针对肉体、针对世界强行抹杀），金焰球体在虚无法阵操纵下乖巧形成完美球体保护东伯雪鹰，骨乾罗拼命攻击无法伤东伯雪鹰。血刃神帝遥观混沌飞舟周围显现的一个个法阵图案（非《万物图录》记载而是真正法阵激发），境界接近能看透许多虚实，痴迷其中，脑海中若隐若现的新世界终于展开。,骨乾罗偷袭东伯雪鹰未果（虚界天地加虚空行者身体保命），金焰伤不了混沌飞舟，骨乾罗疯狂施展种种法阵攻击被金焰球体护体挡住，血刃神帝观战法阵痴迷中境界突破。
主宰,虚空神诞生,转折高潮、设定揭示,揭示、设定、高潮,"器灵告知骨乾罗伤势极重为黑葫芦疯狂出手撑不了多久。东伯雪鹰以《行者秘藏》第十一层讯息知晓骨祖（与天愚老祖、湖心岛剑主并列的终极存在）。骨乾罗癫狂不愿接受杀不了东伯雪鹰，忽察觉血刃神帝方向特殊动静。湖心岛中血刃神帝第三身体到来，三体合一（整个宇宙仅此一尊身体），跨入虚空神境界（巫的体系突破，研究万物），释放幽暗领域笼罩约一个星域范围（亿亿里），威能远超主宰。众主宰震撼喜悦（这一纪元诞生虚空神，纪元结束可带他们离开）。时空岛主沉默（差距太大）。骨乾罗大惊（巅峰时借混沌飞舟能和虚空神力拼，如今重伤无法持久）。血刃神帝施冰火两座法阵欲囚禁混沌飞舟。骨乾罗称刚成虚空神就这么强（血刃神帝兼修两大体系：规则奥妙直指本质、巫的研究万物，巫的体系战力比简单体系强不少）。骨乾罗令混沌飞舟化作半透明撕裂宇宙膜壁逃入混沌虚空。血刃神帝称刚突破拦不住混沌飞舟。母祖教须木战船教主们绝望（祭塔被夺可再炼，虚空神诞生注定他们完了），祈求骨乾罗带走被拒。骨乾罗称伤势重不能再停留，不管母祖教。骨乾罗逃离时从混沌飞舟抛出九道流光（九颗黑色球体，内部蕴含极端恐怖毁灭威能，比金焰还狂暴混乱不稳定），称""稍微大意你们这一纪元可就没了""。东伯雪鹰以虚空感应看出九颗球体威能一旦爆发足以让宇宙纪元破灭。血刃神帝令东伯雪鹰用黑葫芦金焰包裹削弱，否则纪元完了。东伯雪鹰顾不得痛恨骨乾罗疯狂拔开黑葫芦塞子。",血刃神帝三体合一突破虚空神境界（巫的体系），骨乾罗重伤逃入混沌虚空时抛出九颗毁灭球体欲毁宇宙纪元，血刃神帝令东伯雪鹰用黑葫芦削弱。
主宰,昏迷的骨乾罗,转折高潮、核心伏笔,伏笔、高潮,"东伯雪鹰疯狂释放黑葫芦金焰，血刃神帝倾全力操纵法阵，众主宰无法阻拦只能眼睁睁看着。母祖教教主们癫狂（大毁灭同归于尽）。初始之地，一条很瘦的黑色野狗趴在草丛中，称""丢主人的脸""凭空消失。无比巨大的黑色狗头出现在虚空中（在另一个层次世界，与主宰们重叠却不碰撞），张开混沌漩涡血盆大口笼罩数个星域，一吸将九道流光席卷进去，已飞出宇宙膜壁裂缝的混沌飞舟也倒飞回来飞进野狗嘴巴。骨乾罗绝望，混沌飞舟被吞吸进去后恐怖波动渗透进来，骨乾罗灵魂一颤陷入昏迷（桑丹教主、北玄宫主也昏迷）。黑色野狗缩小至百余里（很瘦皮包骨头，尾巴甩动），称""太丢脸，被骨乾罗阴了""。血刃神帝主动开口询问（满头雾水，按情报虚空神无法进入其他宇宙内部，除非强如虚空行者古亓）。东伯雪鹰、时空岛主认识黑色野狗（之前见过），感激其出手。黑色野狗赞许血刃神帝成虚空神（初生境，纪元结束有望达合一境，这一纪元达合一境的仅魔祖，剑主更高一等），称东伯雪鹰为太虚天宫弟子竟还有另一强大传承（黑葫芦护道之宝，能炼制者为接近天愚老祖的存在），黑色野狗此前未察觉。黑色野狗吐出三道流光（昏迷的骨乾罗、北玄宫主、桑丹教主），抖醒骨乾罗，骨乾罗睁眼看到黑色野狗吓得惨白。",初始之地黑色野狗（天愚老祖所留傀儡）现身吞吸九颗毁灭球体及混沌飞舟，骨乾罗昏迷被吐出抖醒，黑色野狗赞许血刃神帝成虚空神、东伯雪鹰有两大传承。
主宰,修行路要靠自己,转折高潮、设定揭示,揭示、设定、高潮,"骨乾罗求饶（希望对方忌惮师尊骨祖）。黑色野狗训斥其欲毁天愚老祖所创宇宙纪元""自己找死""。骨乾罗震惊这宇宙是被创造的、黑色野狗是仆从（骨乾罗推断黑色野狗非真正生命而是傀儡，炼制近乎虚空混沌境傀儡比创造宇宙还难，天愚老祖规则奥妙体系终极擅长炼制）。众主宰震惊得知天愚老祖创造宇宙（知道者极少：初始之地黑白老者、虚空行者古亓、极个别通过开辟境考验者如湖心岛剑主，血刃神帝成虚空神后宇宙讯息传递得知，东伯雪鹰通过初始之地考验得知）。血刃神帝传音东伯雪鹰称太虚天宫一员。黑色野狗称修行路要靠自己，混沌飞舟归它（骨乾罗是它杀的飞舟是它抢的），拒绝给众主宰。黑色野狗告知天愚老祖留下它守护宇宙的真相（和母祖教的战争也是磨练，除非母祖教快立下祭坛改变宇宙才出手）。黑色野狗问是否帮解决须木战船，血刃神帝连拒（要母祖教宝物）。黑色野狗离去。血刃神帝灭桑丹教主，令众主宰迁移湖心岛族人，称战争结束，经此一役实力弱小需好好修行。",黑色野狗训斥骨乾罗后吞食之（骨祖威胁无用，太虚天宫不怕骨祖），拒绝给众主宰混沌飞舟（修行路靠自己），告知守护宇宙真相后离去，战争结束。
主宰,黑魔老祖之死,转折高潮、伏笔深化,伏笔、高潮,湖心岛遗迹深处，八位主宰本尊在，东伯雪鹰凭空出现（毁灭军团一员可直接瞬移进）。东伯雪鹰请求放出黑魔老祖（投靠时空岛主，另一分身在其他宇宙）报师仇（红尘圣主之仇）。时空岛主脸色难看（黑魔老祖是其麾下），称堂堂主宰杀大能太欺负小辈，称黑魔老祖另一分身在其他宇宙杀不了。东伯雪鹰以规则领域隔绝一切因果传音传讯（自己规则领域内言出法随），庞依放出黑魔老祖。黑魔老祖看到时空岛主及众主宰和东伯雪鹰，因另一分身在其他宇宙保持冷静。东伯雪鹰以虚界道主宰幻术（修行者宇宙操纵幻境第一）令黑魔老祖陷入幻境，黑魔老祖指虚空怒吼称另一分身不在宇宙杀不了，随即大笑爆炸（分身先自杀，本尊后自杀，隔宇宙斩杀）。炼狱主宰、元初主人赞叹（隔宇宙令黑魔自杀）。时空岛主脸色更难看。庞依带众人出湖心岛迁移族人，公布东伯雪鹰已成主宰（若无东伯雪鹰战争不会这么快结束），众尊者界神大能者年轻小家伙震撼。战争结束恢复宁静，大能者知晓血刃神帝达更高境界。慧明师兄、赤火老祖知黑魔老祖已死解心结。东伯雪鹰暗道已成主宰该做想做的事，但时空岛主反抗会很厉害。,东伯雪鹰以虚界道主宰幻术隔宇宙令黑魔老祖本尊分身先后自杀报师仇，庞依公布东伯雪鹰成主宰，战争结束。
主宰,这一天，终于来了,情感展现、伏笔深化,伏笔、情感,"时空岛主在时空神殿得知器灵禀告：东伯雪鹰强行带走了剑皇、梅山主人等几个轮回者（超凡时认识）并消去灵魂印记。时空岛主冷哼但无可奈何（东伯雪鹰实力最顶尖，用黑葫芦除血刃神帝外无敌，血刃神帝成虚空神谁都不愿得罪，师徒关系）。时空岛主内心深处隐隐显现遥远模糊身影（曾有生命中最重要的人，但一切都是虚假笑话）。东伯雪鹰复活一大批人（剑皇癫狂大笑泪出，梅山主人和挚爱相见泪流）。东伯雪鹰赴母祖教老巢见血刃神帝（球形堡垒被法阵环绕，须木战船已攻破教主全斩杀，堡垒内无生命但血刃神帝打不开也无法炼化）。东伯雪鹰请血刃神帝出面限制时空神殿（强行掳走三品真意超凡控制灵魂生死任务，亿万计生灵被折磨死）。血刃神帝定规：时空神殿从此只能带走死去生命的灵魂（给他们重塑肉身另番旅程）。东伯雪鹰问血刃神帝创建血刃酒馆原因，血刃神帝称一为给杀手行业制定规矩，二为主要原因——日日夜夜无尽因果加身磨砺心境加深毁灭道血刃道体悟。战争后宇宙更和平（有虚空神坐镇），东伯雪鹰送妻子儿女徒弟去魔山宇宙修行（三殿下蛟云流帮忙），女儿东伯青瑶修行九亿余年最先超脱大能，大徒弟魔冲云修行三十余亿年成大能，余靖秋兼修巫的道路但仍未超脱。东伯雪鹰将徒弟崇小七分身带出。余靖秋告知东伯雪鹰""他们快不行了""。东伯雪鹰心颤——父亲东伯烈、母亲墨阳瑜、弟弟东伯青石、宗叔宗凌、铜叔铜三大限将至（神灵寿命约一亿年，借洞天宝物控制时间流速等结伴走）。东伯雪鹰心空荡荡，曾经以为能平静接受，这一刻发现是生命被切割。",东伯雪鹰带走剑皇梅山主人等轮回者，请血刃神帝限制时空神殿（只带走死去生命灵魂），送亲人去魔山宇宙修行（东伯青瑶、魔冲云超脱大能），父母弟弟宗叔铜叔大限将至。
主宰,消散,情感展现、人物心理,情感,"东伯帝君府，东伯雪鹰和余靖秋来到父母住处。东伯青石在门口等候，兄弟俩搂肩搭背进屋。屋内铜三（狮人）、宗凌（蛇人）、墨阳瑜（紫袍雍容）、东伯烈（大笑）正聊得开心。摆放如祖屋雪石城堡长桌，东伯烈和墨阳瑜坐在一起（不入主位）。东伯烈称饭菜是他和阿瑜一起做的，举杯。众人喝酒回忆往昔：宗凌提到雪石城堡，铜三调侃青石小时候非要哥哥陪睡，东伯烈感慨修行难（接引红石山重生多次大量宝物才艰难成神灵，界神无望），墨阳瑜称东伯烈遇绝境喊儿子帮忙丢脸，铜三得意称自己创造了狮人族群。大家聊许久，东伯雪鹰和余靖秋更多倾听。宗凌脸红通通称""这一生值，扛不住了先走""身体开始消散，哗完全消散。铜三喊""等等我""醉醺醺消散。墨阳瑜放下酒杯，东伯烈握住妻子手""很幸运有你陪我""，墨阳瑜""我也是""眼中浓郁爱意。东伯青石笑称""父亲母亲铜叔一起走路上也热闹，哥我们走了别伤心我们真的很开心""。铜三、东伯烈墨阳瑜（握手相视）、东伯青石相继消散。东伯雪鹰端着酒杯默默看着泪花闪烁，一声不吭。热闹的屋内变安静，长桌只剩东伯雪鹰和余靖秋并肩坐，其他位置空荡。余靖秋不知说什么只能默默陪。东伯雪鹰沉默好久脑袋空了，忽然阵痛席卷全身灵魂，余靖秋紧握他的手""你还有我们""。",东伯烈、墨阳瑜、东伯青石、宗凌、铜三在东伯帝君府围长桌吃喝回忆往昔后相继消散，东伯雪鹰默默泪花闪烁，余靖秋握住他的手。
主宰,决定,人物心理、转折高潮,情感、高潮,东伯雪鹰握妻子手，但妻子前世修行很长岁月，魔山宇宙修行超二十亿年仍卡四重天界神无法超脱（不超脱也将灵魂溃散身死）。东伯雪鹰黑衣分身一直在初始之地修行，本尊想办法帮妻子儿子（罕见典籍、宇宙奇珍、暗中引导遗迹闯荡）。转眼东伯雪鹰成主宰十亿年，宇宙神魔榜排名第二（第一血刃神帝、第三炼狱主宰、第四青君）。东伯雪鹰与血刃神帝在血刃神帝炼制的大陆上切磋（纯规则奥妙比拼，禁法阵，不敢全力以赴），东伯雪鹰借助幻境和《三千化身》令血刃神帝吃亏（上次踹跟头），血刃神帝施展血刃之道虚空初生境刀刃球体（血色刀刃环绕如太阳星运转）。东伯雪鹰暗叹虚空神不靠《行者秘藏》难击败（《行者秘藏》推到第二十层，有三门混沌级绝学加始祖魔山典籍）。东伯雪鹰拜托血刃神帝看护亲人，决定离开宇宙进入混沌虚空前往七星海圣界（为帮妻儿超脱寻找宝物，父亲母亲弟弟离去刺激到他）。血刃神帝吃惊（主宰怎么进混沌虚空），东伯雪鹰称有办法（如骨乾罗借混沌飞舟）。血刃神帝问去哪，东伯雪鹰答七星海圣界。血刃神帝称这一纪元还有约一万三千六百亿年，东伯雪鹰称一万亿年内回来。血刃神帝劝其在宇宙内修行到纪元结束（以悟性不亚于魔祖，出去能威胁的很少），东伯雪鹰称为了家人。血刃神帝记忆深处浮现身影（当初因东伯雪鹰和妻子感情触动才破例收徒，妻子灵魂溃散死去，若妻子成四重天界神也会不顾一切帮她超脱），懂得东伯雪鹰心思未阻拦。,东伯雪鹰成主宰十亿年宇宙神魔榜第二，与血刃神帝切磋，决定离开宇宙赴七星海圣界为帮妻儿超脱寻找宝物，血刃神帝理解未阻拦。
主宰,斩杀虚空神？,战斗描写、转折高潮,战斗、高潮,"初始之地茅草屋内，紫衣东伯雪鹰（黑衣分身）潜修十亿年睁眼，出茅草屋见白发老者（守了多久）。东伯雪鹰称要进行主宰级考验。白发老者吃惊提醒：主宰级是最后一层最难得考验，通过则成太虚天宫最核心金衣弟子（七星海圣界金衣弟子固定十位，每十亿年内部挑战，能越阶斩杀虚空神，紫衣弟子过百位）；宇宙内考验为击杀较弱虚空神傀儡（七星海圣界是弟子比拼，初始之地是固定对手）；宇宙内修行资源不如七星海圣界得到好处也弱些故考验难度低些；败了就被驱逐出去。白发老者劝再修行（修行岁月太短）。东伯雪鹰坚持（不管成功失败战后都离开宇宙）。白发老者带东伯雪鹰进入黑色大地空间，介绍""百首吼""（天愚老祖炼制的较弱虚空神傀儡，生活在混沌虚空的生物，三天后可再孕养复活）。百首吼从黑色大地冒出：五彩斑斓密密麻麻长触手，身体中央上百个脑袋各独角独眼血盆大口。上百脑袋同时怒吼周围虚空碎裂。东伯雪鹰以行者秘藏第二十层无视吼叫波动及独眼灵魂冲击（有完整《行者秘藏》传承及《神光经》）。百首吼上百脑袋喷出黑色雾气与黑暗空间融合。东伯雪鹰知晓情报（应诱导喷更多毒雾令其虚弱），但先试试直接斩杀。东伯雪鹰真身悄无声息进入虚界天地施展虚空遁行到百首吼头颅前，一枪刺向独眼，百首吼本能头颅一动刺中面孔（皮肤坚韧破皮少许黑色血液飞溅）。百首吼更狂暴喷毒雾与黑暗领域结合侵蚀毁灭一切，东伯雪鹰伪装化身被溶解消散，领域力量侵入虚界天地。东伯雪鹰暗叹行者秘藏第二十层力量足以威胁虚空神生命但第一枪没用杀招最多伤它，需诱导喷更多毒雾令其虚弱方有望灭杀所有头颅（杀百首吼方法为灭掉所有头颅）。",东伯雪鹰进行主宰级考验，白发老者介绍金衣弟子规则（越阶斩虚空神），东伯雪鹰对战百首吼傀儡首枪试探，确定需诱导喷毒雾虚弱后灭杀所有头颅。
主宰,离开（本篇终）,转折高潮、情感展现,情感、高潮,"东伯雪鹰以行者秘藏第二十层虚空遁行加虚界天地遮掩，百首吼未察觉。百首吼上百脑袋喷毒雾与黑暗领域结合，东伯雪鹰化身被溶解。东伯雪鹰在虚界天地观察，真身偶施化身飞镖偷袭（每次施部分实力防百首吼警觉），勉强破皮令百首吼更狂暴喷更多毒雾。东伯雪鹰以杀戮之域（《无影天罗》波动手段融入令威力暴涨）加虚空力量结合与百首吼黑暗领域碰撞（领域处下风，主宰与虚空神差距大），但成功刺激百首吼喷更多毒雾逐渐虚弱。白发老者吃惊主宰能与虚空神领域碰撞。东伯雪鹰确定能斩杀后爆发施展《道风波》，以恐怖近身搏杀艰难斩杀百首吼一个头颅（百首吼惊醒东伯雪鹰隐藏实力），后密密麻麻触手拼命防护，东伯雪鹰遁行厉害多花时间一次次偷袭袭杀，两天时间（九成时间斩杀头颅）斩杀上百个头颅全部灭杀，百首吼尸体坠落。白发老者称东伯雪鹰赢（但若非考验傀儡全力斩杀命令，正常战斗诱导喷毒雾更难且它会遁逃）。东伯雪鹰自认有了越阶而战实力但还需提高才能达七星海圣界金衣弟子实力。东伯雪鹰进入中央茅草屋（主宰级通过可进，天愚老祖曾居住许久），获金衣弟子身份及好处（大开眼界，重视呵护不亚于虚空行者古亓对传承者），略失望（无帮妻儿超脱之物），选一杆虚空神兵枪。东伯雪鹰告知好友池丘白、火铖尊者、慧明师兄、赤火老祖""远行""未说去哪，告知妻儿真相。东伯玉、余靖秋反对无果（东伯雪鹰脾性劝说不了）。东伯雪鹰在东伯帝君府上空三体合一（离开宇宙需生命圆满，遭混沌虚空规则洗练），血刃神帝在旁送别（知路线图，知金衣弟子有信心）。东伯雪鹰挥手划开宇宙膜壁裂缝，回头看了看妻子儿子女儿，朝家人笑了笑，飞入浩瀚混沌虚空，宇宙膜壁逐渐愈合。余靖秋含泪""我会等你，等你回来""。本篇完整收官。",东伯雪鹰两天斩杀百首吼上百头颅通过主宰级考验成金衣弟子，选虚空神兵枪，三体合一划开宇宙膜壁飞入混沌虚空赴七星海圣界，余靖秋含泪等待。
镇宫绝学,修行的终极,设定展开、环境铺陈,设定,东伯雪鹰飞入混沌虚空，感应混沌虚空运转规则（灵魂绝对圆满生命才能生存，极度冰冷能冻死主宰），作为虚空行者第二十层如鱼得水。东伯雪鹰回望家乡宇宙，根据混沌虚空扩张方向逆向推断古圣界位置（五大圣界之一，传说一切源头，最原始古圣界因修行终极存在大战炸裂仅剩百分之一，碎片形成宇宙及混沌陆地）。东伯雪鹰得太虚天宫金衣弟子身份后获一门镇宫绝学《灭世十三剑》（天愚老祖所创三门之一，杀戮道绝学，第一剑主宰百中无一能学会可越阶战普通虚空神，第二剑太虚天宫史上仅一位主宰掌握，第十三剑足以令圣界支离破碎）。虚空神分初生境、合一境、混沌境三层，之上为修行终极境界宇宙神（体内世界化作宇宙，摧毁宇宙举手之事）。东伯雪鹰超高速遁行九成九心思参悟《灭世十三剑》，预估赶路抵达七星海圣界需超二十亿年。,东伯雪鹰飞入混沌虚空，得镇宫绝学《灭世十三剑》参悟，预估抵达七星海圣界需超二十亿年。
镇宫绝学,虚空廊道,环境铺陈、情节推进,设定,东伯雪鹰混沌虚空赶路五千余万年仍未学会灭世第一剑（悟出大半些许关隘未透），对杀戮道感悟帮助大。前方混沌虚空扭曲塌陷出现彩色光圈虚空廊道（混沌虚空不同区域共鸣塌陷连接，可瞬间穿梭遥远距离，特殊修行体系且极强者才能做到），东伯雪鹰被裹挟进入无法逃脱。虚空廊道崩断，东伯雪鹰随虚空皱褶恢复到陌生混沌虚空区域，家乡宇宙方向已看不到。东伯雪鹰借师尊古亓留下的完整虚空图寻找参照物，发现一座混沌陆地（宇宙禁止外来虚空神进入，混沌陆地不禁止，一般有标注名字），施展《三千化身》分出化身前行探查，真身暗中跟随。,东伯雪鹰赶路五千余万年未学会灭世第一剑，遭遇虚空廊道传送至陌生区域，发现混沌陆地施化身探查。
镇宫绝学,第一次动手,矛盾展现、战斗描写,冲突、战斗,混沌陆地内虚空生物占领奴役吞食修行者，怪物殿厅吞吃笼内界神层次生命。东伯雪鹰化身降临触发警戒法阵，虚空感应笼罩整个混沌陆地发现十六头主宰级虚空生物及一座无法探查的连绵宫殿群。六头主宰级虚空生物现身围攻，一头半透明虚空生物抢先偷袭。东伯雪鹰化身持长枪（枪杆旋转滚滚而出，枪尖黑色幽芒为兵煞，虚空行者一脉最具破坏力攻击性手段）一枪刺出一百二十五个窟窿重创半透明虚空生物，再一枪毙命。东伯雪鹰暗叹灭世第一剑用得太差（枪尖稳定性做不到，瞬间爆发枪尖震颤刺出百二十五个窟窿），首次战斗痛快。连绵宫殿群内黑色鳞片虚空生物（二首领）向大哥请示后飞出殿厅欲吃主宰。,东伯雪鹰化身降临混沌陆地触发警戒，以长枪兵煞一枪灭杀半透明虚空生物，二首领黑色鳞片虚空生物飞出。
镇宫绝学,无尽的黑暗,战斗描写、人物心理,情感、战斗,东伯雪鹰化身继续灭杀虚空生物（一枪一百一十九个窟窿有进步），二首领黑色鳞甲虚空生物（虚空神）现身，黑色波纹轻易压制东伯雪鹰杀戮之域（比百首吼强，正常虚空神实力）。东伯雪鹰虚界天地逼近，长枪刺在鳞甲上仅白点（身体比百首吼强），二首领一爪进入虚界天地粉碎东伯雪鹰化身（化身主动湮灭保灵魂）。五头虚空生物瓜分化身遗物，东伯雪鹰伪装身死麻痹敌人。混沌陆地大能者们（尊者级）遥观绝望（主宰早被囚禁，虚空神对真神完全屠杀）。东伯雪鹰真身借金衣弟子保命符牌（隐匿符牌，普通虚空神几乎不可能发现，混沌境或极少数擅长探查的合一境才能发现）藏于虚界天地，令黑葫芦器灵探查宫殿群。,东伯雪鹰化身被二首领一爪粉碎主动湮灭，大能者们绝望，东伯雪鹰真身借符牌隐藏令器灵探查宫殿群。
镇宫绝学,希望降临,转折高潮、设定揭示,揭示、设定、高潮,"黑葫芦器灵探查宫殿群得知三位虚空神（大首领灵魂最强、二首领三首领接近）及吞噬类修行体系（吞噬一切融入己身，创造者界祖主动公开基础法门，虚空生物多修行此体系）。东伯雪鹰寻得白发青年侍者了解情况（主宰被囚禁不知混沌陆地名字）。东伯雪鹰又寻得被囚禁的黑色乱发男子主宰（锁链束缚封禁实力），得知混沌陆地名为""沉餮大陆""（离东麟圣界最近，约一亿年可抵达），周边超两百座混沌大陆被虚空生物占领，帝君被围攻吞吃。东伯雪鹰承诺拯救。",器灵探查得知三虚空神及吞噬类体系，东伯雪鹰从被囚主宰得知混沌陆地为沉餮大陆离东麟圣界最近。
镇宫绝学,名传太虚天宫,设定展开、情节推进,设定,东伯雪鹰对照虚空图确定位置（沉餮大陆离东麟圣界最近，一亿年可抵达，短时间不敢想回七星海圣界太远）。东麟圣界有三位宇宙神（骨祖、刀皇、虚空始祖）及罗城主（唯一混沌境匹敌宇宙神，曾正面打骨祖狼狈逃命压制虚空始祖）。东伯雪鹰在山脉竹屋用太虚天宫金衣弟子传讯令传讯回太虚天宫发布任务（能量消耗六成需一个多月补充满）。太虚天宫（特殊空间悬浮山峰环绕中央悬浮陆地连绵宫殿群，两位宇宙神天愚老祖剑主坐镇），刑罚殿殿主魔祖（华丽黑袍血色长发，混沌境，初始宇宙出身）接取任务（沉餮大陆等超两百座混沌陆地被虚空生物占领，金衣弟子东伯雪鹰所发布）。,东伯雪鹰确定位置传讯太虚天宫发布任务，刑罚殿殿主魔祖（初始宇宙出身混沌境）接取任务。
镇宫绝学,动手,矛盾爆发、悟道,修炼、冲突、爽点,魔祖接任务后赶赴东麟圣界。东伯雪鹰低调潜修大半心思参悟《灭世十三剑》（规则奥妙一旦领悟化身也能施展），化身在沙漠演练（一枪三十五个窟窿，战斗突破比静修快）。沉餮大陆铁匠青年冬晔界神（三重天界神）被选中当食物，灰袍老者大能者（苟活为报仇）抓捕。瘦高虚空生物在殿厅享受吞吃界神。东伯雪鹰化身一枪二十六个窟窿灭杀瘦高虚空生物（窟窿减少威力暴涨），决定不再隐忍为无数生命出手，眼中滔天杀机。,东伯雪鹰化身枪法进步至二十六个窟窿，灭杀瘦高虚空生物，决定全力杀光虚空生物。
镇宫绝学,感激,转折高潮、战斗描写,战斗、高潮,囚笼内界神们及侍者大能者们激动感激。东伯雪鹰三大化身同时行动（最强战斗力维持数量极限），瞬间斩杀九位主宰级虚空生物（加上之前共十一位），三首领才得到传音。东伯雪鹰化身再袭杀三位虚空生物，三首领杀出，大首领青色闪电灭一化身，东伯雪鹰三化身同时围攻灭杀最后一位主宰级虚空生物（枪法达十二个窟窿，威力暴增十倍）。所有主宰级虚空生物全部灭杀，混沌陆地原住民激动若狂。东伯雪鹰三化身与三虚空神首领对峙。,东伯雪鹰三大化身连斩主宰级虚空生物仅余三首领，枪法达十二个窟窿威力暴增十倍，三化身对峙三虚空神。
镇宫绝学,找不到的真身,战斗描写、人物心理,情感、战斗,三首领轻视东伯雪鹰（主宰越阶杀虚空神是笑话），大首领令动手。二首领黑色波纹、三首领第三只眼灵魂攻击（东伯雪鹰化身意识降临不怕灵魂攻击）。东伯雪鹰化身虚界天地逼近三首领刺枪（三窟窿），攻击大首领被青色闪电灭化身。大首领发现东伯雪鹰自始至终未显真身，化身借虚界天地力量一念形成找不到真身（寻常化身用体内力量凝聚，东伯雪鹰借虚界天地力量凝聚无法循迹找真身）。大首领规则领域黑色雷电横扫未发现，吞噬类体系战斗蠢笨找不到。东伯雪鹰沉浸灭世第一剑感悟（实战验证效率远超静修，一枪三窟窿，离悟出很近）。,东伯雪鹰化身借虚界天地力量凝聚找不到真身，大首领吞噬类体系找不到，东伯雪鹰枪法达三窟窿离灭世第一剑很近。
镇宫绝学,灭世第一剑,悟道、转折高潮,修炼、高潮、爽点,"东伯雪鹰与二首领三首领交手中豁然开朗悟出《灭世十三剑》第一剑（无烟火气无杀戮气息，极致美丽，不复杂杀戮道奇异结合如木炭变钻石）。真身长枪蜻蜓点水点出大窟窿迅速扩张摧毁大半身躯，化身灭杀三首领。二首领逃，大首领救下二首领。东伯雪鹰三化身围攻大首领，大首领金色翅膀匕首羽毛保护腹部。东伯雪鹰真身借虚界天地突袭，枪尖刺穿翅膀贯穿腹部（真身力量匹敌普通虚空神+兵煞+虚空神兵+灭世第一剑），三枪灭杀大首领。大首领死前问来历，东伯雪鹰答""太虚天宫金衣弟子东伯雪鹰""（大首领已听不到）。",东伯雪鹰悟出灭世第一剑，化身灭三首领，真身灭杀大首领（真身力量+兵煞+虚空神兵+灭世第一剑），报出太虚天宫金衣弟子身份。
镇宫绝学,旅途中的战斗,战斗描写、情感展现,情感、战斗,"东伯雪鹰真身追杀逃窜的二首领一枪灭杀，收遗物（洞天宝物、传讯之物、兵器、珍材、傀儡等，大赚一通，将来可换取帮靖秋玉儿之物）。东伯雪鹰向沉餮大陆原住民报名""东伯""，承诺暗中守护十万年后离开（原住民永远铭记东伯前辈传说）。东伯雪鹰在混沌虚空守护十万年未发现来袭者，参悟《道风波》（杀戮道与波动道结合自创绝学）以波动道补充灭世第一剑。六千余年后抵达另一混沌陆地，三化身携兵煞直扑。",东伯雪鹰灭杀二首领收遗物，向沉餮大陆报名承诺守护十万年，参悟道风波，六千余年后赴另一混沌陆地。
镇宫绝学,我叫罗海,人物引入、战斗描写,人物、战斗,"东伯雪鹰化身以波动道探查混沌陆地（化身对虚空操纵弱，波动道大范围探查更适合），发现九位主宰级虚空生物及一位虚空神。三化身灭杀九位主宰级（其中巢穴虚空生物分解上万子体被杀戮之域横扫）。白色毛发四蹄异兽虚空神（金色眸子）现身，施展""火狱""规则领域（蓝色火焰花朵渗透虚界天地，无形力量冰冷入体变炽热，粉碎三化身）。东伯雪鹰真身早躲远遁逃，判断对方为虚空初生境巅峰（规则领域完善，离合一境快），真身受压制只能发挥三四成不敢交手。东伯雪鹰继续赶路派遣化身战斗，斩杀过几位虚空神，虚空神开始躲起来，甚至碰到过虚空合一境（化身刚降临被规则领域活捉，一念消散，《神光经》及行者秘藏庇护抗住灵魂攻击）。三百余万年过去东伯雪鹰名声传播。东伯雪鹰三化身围攻碧绿甲铠黑皮肤人形虚空生物（对虚空操纵不亚于真身，身体内部层叠空间转移威能合一境都难杀），银袍男子罗海（背战刀虚空神）现身，赤手空拳蹂躏后一刀（刀光比灭世第二剑还高一筹）灭杀，自报名""罗海""。",东伯雪鹰化身被白色毛发虚空神规则领域粉碎，判断不敌，继续旅程遇虚空合一境险情，罗海现身一刀灭杀碧绿甲铠虚空生物。
镇宫绝学,震怒,人物引入、设定揭示,人物、揭示、设定,"罗海提议兄弟相称，看到东伯雪鹰真身后震惊其极年轻（罗海修行岁月在虚空神中都算很大，吃苦头成虚空神）。罗海穿梭虚空速度数十倍于东伯雪鹰（行者秘藏二十七八层水准），九百年抵另一混沌陆地。罗海亮出令牌（方块字""罗""，刀光劈开万物），告知罗城主是其父亲（混沌境匹敌宇宙神，境界所有强者中最强，刀皇比其略高其余宇宙神都弱于他，一言既出东麟圣界无人敢违逆）。东伯雪鹰愿疯上一场，二人横扫（罗海赤手空拳灭普通虚空神，极少数才拔刀）。五道合一境虚空生物（触手蹄爪等）在浩瀚混沌陆地喝酒，震怒于二人嚣张路线，决定让二人痛苦嚎叫亿万年，背后高层震怒。",罗海亮出罗城主之子身份，二人结伴横扫混沌陆地，五道合一境虚空生物震怒欲报复。
镇宫绝学,出现了,矛盾爆发、氛围营造,冲突、设定,东伯雪鹰罗海飞冲前方混沌大陆，五道合一境虚空生物早布下超宇宙大小法阵（黑云雷电雨水空气，混沌境巨头炼制核心部件），罗海判断法阵部分为混沌境炼制。五道合一境联手蹄爪攻击（法阵之威加持，威势暴涨，足以粉碎混沌大陆），罗海拔刀抗住（金光保护东伯雪鹰），连续十几次抗住吐血仍完好。五道合一境大惊（初生境怎么这么能抗）。干瘦灰皮肤男子天哭门主（骨祖派系三巨头之一，全身骨头粗壮，虚无眼眸，混沌境）现身，阴冷声音令众人发寒，罗海喉咙发干（混沌境亲至），暗问是否求父亲。,五道合一境布混沌境核心法阵围攻，罗海拔刀抗住保护东伯雪鹰，天哭门主（混沌境）现身令众人发寒。
镇宫绝学,魔祖现身,转折高潮、人物引入,人物、高潮,"天哭门主（混沌境）现身，斥五位手下废物。天哭门主看出罗海身体强及东伯雪鹰修虚空类秘术，一伸手黑色雨滴大手抓住二人，东伯雪鹰受意志压迫说出""太虚天宫金衣弟子东伯雪鹰""，罗海说出""起源大陆""后金光一闪挣脱。天哭门主对""起源大陆""疑惑（从未听说，以为是普通混沌陆地名字），欲将东伯雪鹰关入鬼哭塔十万年折磨（看太虚天宫面子不杀）。太虚天宫刑罚殿殿主魔祖（华丽黑袍血色长发冰冷眼眸，混沌境，初始宇宙出身）现身，一招冻结粉碎五位合一境虚空生物，令两百八十九座混沌陆地虚空生物一律杀无赦。",天哭门主抓住二人，东伯雪鹰报太虚天宫金衣弟子身份，魔祖现身一招灭五位合一境，令所有虚空生物杀无赦。
镇宫绝学,你到了吗？,战斗描写、转折高潮,战斗、高潮,天哭门主与魔祖交手，天哭门主黑色雨水，魔祖寒冰陆地冻结雨水。一掌碰撞（黑色裂缝），双方微退（天哭门主吃惊魔祖万魔真身力量不亚于己，魔祖判断天哭门主邪恶手段多优势不明显）。天哭门主令魔祖离开被拒，魔祖要求废除天哭圣袍（以恐惧怨恨孕养，炼制九成，配合实力增加超五成）。天哭门主不愿放弃天哭圣袍（骨祖出面都不放弃）。骨祖化身降临（白袍白发老者，白骨大地王座），令魔祖带人离开被拒。魔祖六大化身现身（血色影子、魁梧、鳞甲、邪魅等，万魔真身六大化身未完善大成），欲以一敌二。罗海传音父亲求救，罗城主答早到了看热闹。,魔祖与天哭门主交手力量相当，魔祖要求废除天哭圣袍，骨祖化身降临，魔祖六大化身现身欲以一敌二，罗海传讯罗城主。
镇宫绝学,罗城主,转折高潮、核心伏笔,伏笔、高潮,"骨祖化身变真身（气息急剧提升，黑藤斧终极神兵抛给天哭门主，骨祖曾用两根肋骨为核心炼制，终极神兵中排前列）。天哭门主持黑藤斧一斧横扫灭杀魔祖六化身中四个（仅血色影子、黑色液体两化身保命最强存活）。天哭门主直扑魔祖真身。罗城主现身（深蓝色宽松衣袍青年，白骨大地中漫步），操纵时间令所有人停滞（天哭门主魔祖灵魂缓慢思考，东伯雪鹰罗海时间完全静止思维停止）。罗城主境界比天愚老祖、虚空始祖都强（操纵规则奥妙比规则奥妙终极存在还可怕，连古圣界最强存在及古亓都认为罗城主境界最强）。罗城主看向骨祖""老骷髅""问怎么交代。",骨祖真身降临黑藤斧灭魔祖四化身，罗城主现身操纵时间令所有人停滞，境界为所有强者中最强，问骨祖怎么交代。
镇宫绝学,询问,矛盾收束、设定揭示,冲突、揭示、设定,骨祖尴尬站起，罗城主质问（当初答应让骨祖进东麟圣界庇护有条件，天哭门主在混沌虚空屠戮虽不在东麟圣界内但离太近且骨祖化身降临已知却不处理）。骨祖辩解事先不知是天哭门主自作主张，愿付出一千源界石及天哭圣袍。罗城主要求五千源界石（相当于十件护道之宝，源界石为最原始古圣界炸裂本源力量四散所化，对宇宙神都重要）及天哭圣袍做件事便作罢，骨祖心疼答应。时间停滞解除，骨祖令天哭门主交出天哭圣袍（暗中给五千源界石不能明面），天哭门主不甘但骨祖传音解释（罗城主杀他一念之事，保命第一）。天哭门主交出天哭圣袍与骨祖离去。罗城主带罗海离开，魔祖才知罗海是罗城主晚辈。魔祖说剑主曾夸赞过魔祖（剑主是魔祖一生对手），带东伯雪鹰回太虚天宫。东伯雪鹰问罗城主有无让四重天界神超脱的宝物（为亲人）。,罗城主逼骨祖交五千源界石及天哭圣袍，天哭门主交出离去，东伯雪鹰问罗城主四重天界神超脱之法。
镇宫绝学,高不可攀,设定揭示、伏笔埋设,伏笔、揭示、设定,罗城主告知超脱三方法：一五大圣界母祖界母祖孕养胚胎（灵魂进入破壳超脱，缺点绝对忠诚于母祖母祖令自杀都不反抗）；二万古圣界巫祖永恒之心（融入灵魂强行超脱时光长河，巫祖至今仅炼制三颗两颗为亲人好友一颗与刀皇交易斩杀一位宇宙神）；三古圣界圣主源界果树源界果（吃一枚超脱，圣主高傲不愿给外人仅交易过两颗）。永恒之心、源界果无后患。圣主占古圣界隐隐五大圣界混沌虚空最强，母祖界祖实力仅次于圣主前三，巫祖接近母祖界祖。有些宇宙神将亲人封印时光停止也渴望超脱却求之不得。另有辅助修行之物（太虚天宫有记载）。罗海邀东伯雪鹰以后去星辰城找他，罗城主带罗海离开。魔祖带东伯雪鹰扫荡两百多座混沌陆地（三十余年杀超六十位虚空神），抵达东麟圣界边缘，欲请混沌境高手传送回七星海圣界。,罗城主告知超脱三方法（母祖界胚胎、巫祖永恒之心、圣主源界果）皆高不可攀，魔祖带东伯雪鹰扫荡后赴东麟圣界请人传送。
镇宫绝学,沙祖宫,环境铺陈、设定展开,设定,魔祖带东伯雪鹰冲入东麟圣界表层云层（七彩雷电生物游走），东麟圣界太阳星庞大浩瀚（家乡宇宙太阳星远无法相比），规则太强东伯雪鹰受压制（飞行慢、虚界天地笼罩仅千米、无法瞬移，圣界内虚空行者需成虚空神才能极短距离虚空穿梭，合一境极少数能长距离穿梭）。圣界内居民成年一般都成神（寿命悠久），界神数量少无法飞行。魔祖撕裂虚空百丈时空漩涡赶路（圣界内动静大），三万余年抵达沙祖宫（禁止飞行，傀儡守卫足以威胁东伯雪鹰）。沙祖宫外大群修行者（真神、少数虚空神）聚集等待招募弟子（仅一百个名额，十虚空神九十真神，赶来者过万）。,东伯雪鹰入东麟圣界受规则压制，魔祖撕裂时空漩涡三万余年抵沙祖宫，沙祖宫招募弟子竞争激烈。
镇宫绝学,终抵太虚天宫,环境铺陈、人物引入,人物、设定,魔祖威压令沙祖宫外修行者低头（混沌境难得一见）。魔祖解释圣界真正屹立一方势力至少混沌境坐镇（东麟圣界宇宙神势力为骨祖、刀皇、虚空始祖，虚空始祖仅庇护虚空生物及虚空行者，罗城主超然不招弟子，招募弟子的为刀皇、骨祖及数十位混沌境），招募弟子少因需付出资源且防奸细。沙祖（胖乎乎六臂绿色皮肤，古修体系擅长穿梭圣界传送）现身，收十五颗源界石传送魔祖东伯雪鹰（一来一回三十颗源界石，普通混沌飞舟约五十颗源界石）。沙祖双眼光柱笼罩法阵，虚空廊道连接，瞬息抵达七星海圣界（传送有偏差需赶路）。魔祖撕裂时空漩涡半天出，飞行穿过无形涟漪进入太虚天宫特殊空间（悬浮山峰环绕中央悬浮陆地连绵宫殿群最核心耀眼庞大宫殿），东伯雪鹰终抵太虚天宫。,魔祖解释圣界势力格局，沙祖收十五颗源界石传送二人至七星海圣界，东伯雪鹰终抵太虚天宫。
镇宫绝学,初来,设定展开、人物心理,情感、设定,太虚天宫虚空神极少（较弱者外放十二座混沌城震慑一方），真神弟子多竞争激烈。魔祖带东伯雪鹰至愚行岛（金衣弟子居住，十二座洞府按排名，东伯雪鹰居最低第十一座），灰袍中年人傀儡生物（虚空境）为仆从。魔祖告知剑主天愚老祖闭关，排位之战三千余万年后期出关，东伯雪鹰进前二十算成功（十大金衣弟子加曾当过金衣后降紫衣共十九位都能越阶斩虚空神，加约十位接近前十）。东伯雪鹰目标进前十得拂灵心果（太虚天宫独有辅助修行奇珍价值50颗源界石，仅赐新晋金衣弟子第一次进前十者，有价买不到，给靖秋玉儿也好）。东伯雪鹰入洞府（小院三间屋），真神弟子议论金衣弟子东伯雪鹰（魔祖亲自带回，宇宙内部出来，排位战时挑战）。东伯雪鹰前往万象殿（剑主魔祖来太虚天宫皆翻阅万象殿典籍后大进），遇紫衣男子明御。,东伯雪鹰住愚行岛金衣弟子洞府，目标进前十得拂灵心果，前往万象殿遇明御。
镇宫绝学,翻阅,矛盾展现、人物心理,冲突、情感,紫衣弟子明御邀东伯雪鹰切磋赌战，愿压十颗源界石赌东伯雪鹰虚空神兵（上品价值约二三十颗源界石）。东伯雪鹰拒绝（虚空神兵不止十颗源界石），要求二十五颗源界石真神弟子排位战时比试。明御退缩，其他紫衣弟子议论（明御阴险没骗成，东伯雪鹰谨慎，排位战时实力会大进进前二十有可能，现挑战有信心拖到排位战则信心不足）。东伯雪鹰飞向万象殿（木质建筑，黑猫混沌境傀儡生物守门不亚于家乡黑色野狗，前三层可翻看第四层禁入），星辰塔（罗城主炼制六大圣地各一座，牵扯大秘密需闯过第五层知晓）。东伯雪鹰入万象殿翻阅虚界类典籍。,明御欲以十颗源界石赌东伯雪鹰虚空神兵被拒，东伯雪鹰要求二十五颗源界石排位战时比试，入万象殿翻阅典籍。
镇宫绝学,积累,悟道、伏笔深化,伏笔、修炼、爽点,东伯雪鹰在万象殿翻阅虚界道、杀戮道、波动道典籍（普通虚空神、合一境、混沌境乃至天愚老祖剑主及其他规则奥妙高手留下，按珍贵程度分楼层），汲取前辈感悟。银眸女子凤云师姐（上次排名十五，虚空生物天赋，一直没进前十，欲得东伯雪鹰虚空神兵换辅助修行珍宝进前十）欲约战被拒（东伯雪鹰一律要求二十五颗源界石排位战时约战）。东伯雪鹰翻阅三百二十三万年（宇宙内修行无虚空神合一境指点只能自己摸索，卡真神千亿年万亿年常见，剑主魔祖皆来太虚天宫后大进），感悟大量道的讯息，发现前辈记录有矛盾处，需梳理汲取融入自己道中。东伯雪鹰出万象殿赴时光殿。,东伯雪鹰万象殿翻阅三百二十三万年汲取虚界道杀戮道波动道典籍精华，凤云等约战被拒，出万象殿赴时光殿。
镇宫绝学,时光，蜕变,悟道、转折高潮,修炼、高潮、爽点,"时光殿（黑色三角塔，天愚老祖炼制至宝，时空扭曲，百倍加速真神主宰一亿年一颗源界石虚空神五颗合一境二十五颗混沌境一百颗，千倍费用暴涨百倍，万倍混沌境禁止）。东伯雪鹰以金衣弟子一千功绩点（一万功绩点合一源界石，源界石可换功绩点反之不可）最多修行千万年。寒冰星球闭关八千余万年汲取典籍精华，悟出主宰在于""纯""虚空神在于""博大包容平衡""（规则体系，以虚界道为核心融合诸多规则奥妙形成完整体系产生规则领域），对主宰到虚空神再无困惑，但有信心突破却不急（突破后无资格参加真神弟子之战得拂灵心果）。时光殿三亿两千万年（外界三百余万年耗三百二十多功绩点）悟出《行者秘藏》第二十一层阵图、创《道风波》新篇（灭世第一剑与波动道结合），实力进无可进出时光殿。来太虚天宫六百余万年，离真神弟子之战两千八百万年，再入万象殿翻阅其他体系典籍（巫、古修等，应对其他敌人有准备），继续参悟灭世第二剑（功绩点仅剩五百）。",东伯雪鹰时光殿三亿两千万年悟出行者秘藏第二十一层阵图及道风波新篇，悟出主宰到虚空神之理但不急突破，再入万象殿翻阅典籍。
镇宫绝学,初见剑主,人物引入、环境铺陈,人物、设定,真神弟子排位战（太虚天宫仅有大规模内部比试盛会），东伯雪鹰接传讯赴幽界场（上千石柱按上次排名，东伯雪鹰第十一位，后面依次退一位）。东伯雪鹰观前十金衣弟子：第一雨剑客（邋遢男子背剑喝酒）、第二金针老魔（黑色独角绿眉瘦弱男子绿眸凶戾，原号金针老祖被迫改名，与其他金衣弟子有绝对优势），前二与后面差距明显。资格筛选后六百二十三位加一百位共七百二十三位参战。天愚老祖（驼背老者）、剑主（白发男子）及九位混沌境（太虚天宫共十二位混沌境三位不在）、三十一位内殿长老现身，云雾汇聚宝座入座俯瞰。剑主目光落在东伯雪鹰身上（魔祖传音告知同乡小家伙）。,真神弟子排位战开始，东伯雪鹰排第十一位，天愚老祖剑主九位混沌境三十一位内殿长老观战，剑主关注东伯雪鹰。
镇宫绝学,邀战,矛盾展现、伏笔深化,伏笔、冲突,排位战规则（最多挑战比自己高20位，战败三次无挑战机会，被挑战失败不算，赢占据位次败退一位）。排位战持续十年正常。凤云挑战赤师兄（第九金衣弟子，《守界》宇宙级绝学化大锤攻击，身体力量行者秘藏十六七层），凤云红色羽翼飞禽火焰搏杀三时辰败。东伯雪鹰观战半年汲取经验（灭世第二剑困惑有解，师尊血刃神帝主宰境来参战恐进不了前一百）。黑皮肤青年豹枭（上次排名十六曾当金衣弟子，古修眉心金眼雷霆配合雷蛇九剑）邀战东伯雪鹰赌虚空神兵，东伯雪鹰要求二十五颗源界石或等值宝物，豹枭拿得出，东伯雪鹰答应赌战。众弟子议论（豹枭欺负人，东伯雪鹰自大），魔祖剑主饶有兴趣观看不阻止。,排位战规则及盛况，凤云挑战赤师兄败，东伯雪鹰观战半年汲取经验，豹枭邀战赌二十五颗源界石东伯雪鹰答应。
镇宫绝学,对决,战斗描写、转折高潮,战斗、高潮,豹枭青色电蛇群攻被东伯雪鹰《无影天罗》混沌级领域绝术消磨（球形波动领域），豹枭化紫色雷电超高速袭来（东伯雪鹰见过的真神中最快），东伯雪鹰杀戮之域（血色丝线如脉络令波动领域束缚消磨及破坏力急剧提升）束缚。豹枭古修眉心金眼雷霆配合雷蛇九剑威势暴涨（古修本命核心融入宇宙级绝学），东伯雪鹰虚空行者二十层力量完全爆发。天愚老祖笑称东伯雪鹰学其灭世十三剑对手学剑主雷蛇九剑，剑主闭关有五成把握做某事（关系重大一不小心七星海圣界被毁灭，需十成把握时做准备，天愚老祖等这一天等太久）。,豹枭雷蛇九剑配合古修金眼雷霆，东伯雪鹰无影天罗杀戮之域配合灭世第一剑及虚空行者力量对决，天愚老祖剑主谈及剑主闭关五成把握之事。
镇宫绝学,瞠目结舌,转折高潮、战斗描写,战斗、高潮,东伯雪鹰虚空行者二十层身躯力量爆发震飞豹枭（喷血），追杀连续攻击，一枪格开神剑刺中身体开始湮灭，幽界场阵灵保护豹枭头颅。东伯雪鹰赢赌战，豹枭交手环（十二颗源界石及其他物品功绩点共约二十五颗源界石价值，功绩点增三万）。东伯雪鹰挑战第七位金衣弟子奇云（金瞳男子金色翅膀三身化身），东伯雪鹰三化身克制其化身术，奇云认输（庆幸没赌战），东伯雪鹰成第七位金衣弟子正式名列前十。众弟子及太虚天宫高层震惊（宇宙新冒出金衣弟子杀进前十，灵魂气息最年轻）。东伯雪鹰未施展兵煞（怕暴露虚空行者身份，师尊古亓得罪恐怖敌人，天愚老祖剑主知晓即可）。,东伯雪鹰虚空行者力量爆发击败豹枭赢赌战，再击败奇云成第七位金衣弟子名列前十，众高层震惊，东伯雪鹰未施展兵煞保身份。
镇宫绝学,耀眼,转折高潮、战斗描写,战斗、高潮,殿主们夸赞东伯雪鹰，魔祖嘴上说还早（内殿长老何等之难，金衣弟子突破虚空神多为外殿长老）。东伯雪鹰回石柱低调观战汲取经验（排位战为汲取经验，混沌境战斗看不懂真神排位战最适合）。排位战持续八年，东伯雪鹰几次被邀战皆胜。东伯雪鹰挑战第八位狡龙（鳞甲头颅异兽，灭世十三剑化刀法，比拼绝学，狡龙化真身东伯雪鹰爆发虚空行者力量，狡龙重伤认输）。挑战第六位千阙（明黄色衣袍金色长发古琴）艰难获胜。挑战第五位金衣弟子勉强获胜。挑战第四位蛰去蛹（蛹状虚空生物无数爪子，《守界》宇宙级绝化撞击，东伯雪鹰喷血），东伯雪鹰施展灭世第一剑与波动道融合枪法（整个杀戮之域形成庞大漩涡核心为长枪威能蓄积），天愚老祖剑主殿主们眼睛一亮。,东伯雪鹰接连挑战金衣弟子，击败狡龙千阙第五位，挑战第四位蛰去蛹施展灭世第一剑与波动道融合枪法令高层眼前一亮。
镇宫绝学,金针老魔,战斗描写、转折高潮,战斗、高潮,东伯雪鹰灭世第一剑与波动道融合枪法（声势大，杀戮之域漩涡核心长枪）击败蛰去蛹（头颅凹陷认输）。众弟子惊呼（灭世第一剑非最强杀招有更强枪法），殿主们看出东伯雪鹰修改了灭世第一剑融合波动道（修改宇宙级绝学代表看透天愚老祖创造用意且能提升威力，整个太虚天宫仅十余位存在能看出）。剑主称东伯雪鹰年轻多耗费时间有希望主宰级练成灭世第二剑（太虚天宫史上仅一位），天愚老祖称论潜力本批真神弟子第一（规则奥妙造诣仅雨剑客媲美，修行岁月短太多）。金针老魔（排第二，看不出东伯雪鹰枪法玄妙）不爽，飞出邀战欲踩东伯雪鹰。金针老魔额头黑色独角亮起，上百根黑色流光（金针本命辅助兵器）超快围攻东伯雪鹰，东伯雪鹰虚界天地+枪法+杀戮之域仍被八九成威力轰击身体（金衣坚韧，虚空行者虚化转移冲击，残余威能对虚空神层次身躯无威胁）。金针老魔惊东伯雪鹰毫发无伤。,东伯雪鹰击败蛰去蛹，殿主们看出其修改灭世第一剑，剑主天愚老祖赞潜力第一，金针老魔邀战上百金针流光围攻东伯雪鹰毫发无伤。
镇宫绝学,古修,战斗描写、设定揭示,战斗、揭示、设定,东伯雪鹰三化身施展灭世第一剑与波动道融合杀招围攻金针老魔，金针老魔黑色独角（本命核心）施展《残月剑卷》宇宙级绝学震飞三化身。东伯雪鹰真身爆发道风波第九篇杀过去，金针老魔五十道金针护体余五十余道配合独角围攻东伯雪鹰真身（独角残月剑卷完全压制东伯雪鹰枪法，金针流光施混沌级绝学灭三化身）。东伯雪鹰判断赢不了（金针老魔古修本命核心独角威势太强，古修最恐怖之处，圣主为终极存在中最强公认第一）。阵灵判金针老魔胜。金针老魔嗤笑东伯雪鹰，东伯雪鹰无语（同门切磋何必嚣张，金针老魔境界恐排十几名靠古修天赋排第二）。魔祖嗤笑金针老魔蠢货（古修手段只能欺负同层次小家伙，东伯雪鹰潜力高得多，古圣界圣主麾下古修天赋比金针老魔强的多了去了，许多古修宁死不愿投靠圣主代价太大）。东伯雪鹰挑战第三位血臣（金衣胖子），血臣骂金针老魔疯子。,金针老魔独角残月剑卷配合金针流光灭东伯雪鹰三化身压制真身获胜，东伯雪鹰挑战第三位血臣，魔祖嗤笑金针老魔古修天赋只能欺负同层次。
镇宫绝学,落幕，上禀,转折高潮、情感展现,情感、高潮,东伯雪鹰击败血臣上升至第三，挑战第一位雨剑客（修改宇宙级绝学创群攻剑术无数雨滴，更擅长群攻压制金针老魔），东伯雪鹰被压制靠虚界道虚空行者虚化及身体强大硬抗，阵灵判东伯雪鹰战败。排位战持续十二年落幕，魔祖颁发物品（东伯雪鹰得拂灵心果及其他辅助修行之物），掉出十名的金衣弟子交还金衣换紫衣。剑主问天愚老祖领地情况（天愚老祖称控制中，剑主一心修行别分心，越强帮助越大），天愚老祖盼小家伙多崛起几个混沌境太虚天宫底气更足。东伯雪鹰与血臣蛰去蛹千阙狡龙等前排弟子聚会喝酒谈论秘辛（古亓未提及的细微小秘辛），亲近许多。东伯雪鹰入时光殿百倍加速参悟灭世第二剑（不急着突破，主宰级学会灭世第二剑是磨砺，强大了才能得辅助修行之物帮靖秋玉儿，古亓帮好友四重天界神都未超脱让东伯雪鹰有压力）。星球一亿九千万年（外界一百九十万年），时光殿器灵上禀天愚老祖剑主：金衣弟子东伯雪鹰主宰境已悟出灭世第二剑。,东伯雪鹰败于雨剑客排第三得拂灵心果，排位战落幕，入时光殿参悟灭世第二剑，器灵上禀天愚老祖剑主东伯雪鹰主宰境悟出灭世第二剑。
镇宫绝学,虚空神,转折高潮、核心伏笔,伏笔、高潮,"天愚老祖剑主惊喜（主宰境悟出灭世第二剑意味很大希望成就混沌境，上一位做到的是万象殿殿主实力前三比魔祖强，东伯雪鹰比万象殿主当初更年轻）。时光殿器灵再禀东伯雪鹰正突破虚空神（引领混沌虚空之力，虚空行者一脉），天愚老祖剑主惊愕（兼修虚空行者一脉，身体强大原因，未施展兵煞小心）。东伯雪鹰行者秘藏第二十一层突破虚空神（生命本质蜕变，身体粒子朝混沌虚空转化比虚空生物更契合，兵煞更充满锋芒，人虚空一体）。天愚老祖传音询问师尊，东伯雪鹰答""古亓""，天愚老祖惊（古亓比较疯什么都敢做，有大敌，叮嘱千万别对外说是古亓弟子否则一直呆太虚天宫一出去遭袭杀，对外称虚空始祖弟子，主宰境悟灭世第二剑也勿炫耀，看好东伯雪鹰尽快成内殿长老）。东伯雪鹰出时光殿望星辰塔（罗城主炼制，牵扯大秘密需闯过第五层知晓，虚空神才可进入，初生境百亿年内通过第三层成内殿长老，合一境通过第五层成内殿长老）。",天愚老祖剑主惊喜东伯雪鹰主宰境悟灭世第二剑兼修虚空行者突破虚空神，天愚老祖叮嘱勿公开古亓弟子身份（有大敌）对外称虚空始祖弟子，东伯雪鹰望星辰塔。
镇宫绝学,初进星辰塔,设定揭示、战斗描写,战斗、揭示、设定,"东伯雪鹰飞进星辰塔，真神弟子们震惊（东伯雪鹰成虚空神了，下次排位战更有希望进前十）。星辰塔第一层山壁""星辰塔""三字旁瘦小生物雕刻（约一米五贴身甲铠光头），对视时东伯雪鹰战栗看到震撼场景（瘦小生物化黑光瞬杀大群修行者含两位混沌境巨头，兵器甲铠全粉碎，黑光合拢化为瘦小生物冷漠无情感）。东伯雪鹰判断为真（罗城主炼制留假讯息无意义），瘦小生物身份及被杀两位混沌境巨头身份无情报（可能已战死），师尊古亓未告知隐秘（不想坏心境，如圣主几乎和任何终极存在有仇、最原始古圣界打碎、终极存在陨落等）。荒野大地灰色光芒凝聚灰色甲铠战士（三米肩甲弯角蓝皮肤，邪恶力量令天地规则厌弃，瞬移）。东伯雪鹰三化身灭世第二剑（八十一道枪影构阵图）伤不了对方白点，灰色甲铠战士瞬移挥双臂弯刀扫过东伯雪鹰残影，东伯雪鹰真身瞬移近身搏杀（身体力量略处下风），灰色甲铠战士感叹太虚天宫修行者擅长越阶而战。",东伯雪鹰进星辰塔第一层，见瘦小生物雕刻屠戮大群修行者含两混沌境震撼场景，与灰色甲铠战士近身搏杀略处下风。
镇宫绝学,世界演变,悟道、设定揭示,修炼、揭示、设定、爽点,半个时辰后东伯雪鹰战败被阵灵镇压驱逐邪恶力量出星辰塔（三化身灭世第二剑伤不了对方，离正常合一境差少许）。星辰塔闯关层次：第一层需正常合一境实力，第二层顶尖合一境，第三层巅峰合一境（初生境通过第三层比合一境通过第五层更难），第四层更强，第五层混沌境门槛战力（内殿长老灭杀普通合一境成百上千轻易），第六层媲美正常混沌境（太虚天宫如今一个都没有历史上有过），第七层合一境媲美混沌境（六大圣地传说漫长历史仅两位现皆混沌境极恐怖）。东伯雪鹰回时光殿草原星球闭关修行（虚空神肉体孕养灵魂灵魂变强参悟飞跃，虚界道把握最大）。虚界道两亿三千万年突破（体内世界从大陆转变为虚界星球媲美太阳星月亮星大小但威能弱仅初生，虚界规则体系以虚界道为核心融合杀戮道波动道部分奥妙）。杀戮道一亿五千万年突破。波动道十六亿年突破（三条道皆成虚空神境自成规则体系）。闭关二十三亿年掌握灭世第三剑（惊叹主宰境悟第二剑后掌握杀戮规则体系竟耗如此久）。波动道修行吃力（师尊血刃神帝突破也慢），不急时光殿百倍加速从容修行。,东伯雪鹰星辰塔第一层战败，闭关虚界道两亿三千万年突破（体内世界变虚界星球）、杀戮道一亿五千万年、波动道十六亿年皆成虚空神境，掌握灭世第三剑。
镇宫绝学,东伯玉超脱,情感展现、转折高潮,情感、高潮,闭关十六亿年波动道突破虚空神境自成规则体系，闭关二十三亿年掌握灭世第三剑。东伯雪鹰出关闯星辰塔（行者秘藏第二十六层配合灭世第三剑），第一层轻易击杀、第二层胜、第三层战败。回万象殿翻阅虚空神层次典籍参悟，时光殿修行，灭世第三剑后提升极难（杀戮之域更完善对第三层帮助有限），初生境成内殿长老非常难。家乡宇宙母祖教覆灭血刃神帝无敌震慑宇宙，星空残破陨石上东伯玉（破烂衣袍乱发）演练神纹，悟出天地规则（天之骄子，出生即有东伯雪鹰靠山，物质界夏族世界出生父亲就是夏族最强领主，卡神级极限感情挫折蜕变才入界神，数十亿年卡四重天界神，父亲为他和母亲余靖秋离开宇宙进混沌虚空，东伯玉怕父亲死后悔未超脱疯狂修行）。东伯玉在天地规则帮助下飞出时光长河超脱，见母亲余靖秋（喜色，修行岁月比儿子久对超脱快绝望，见儿子超脱充满喜悦），东伯玉内心无多大喜悦更想让父亲知道，余靖秋抬头看星空外宇宙外不知丈夫在哪过得怎样。,东伯雪鹰闯星辰塔第一二层胜第三层败，家乡宇宙东伯玉悟出天地规则超脱时光长河，见母亲余靖秋，内心更想让离开宇宙的父亲知道。
镇宫绝学,内殿长老（本篇终）,转折高潮、悬念设置,伏笔、高潮,"东伯雪鹰闯星辰塔第三层（沙漠世界，上百灰色甲铠生物聚集形成阵法个个实力提升，邪恶力量侵入身体），此次行者秘藏达二十八层。东伯雪鹰未拿虚空神兵，释放兵煞化作深紫色鱼儿（引动规则力量，上千条遮天蔽日），群攻杀招""鱼龙杀""（简化灭世第三剑，以原本意境为根本不断简化尽量简单威能越大越好，创出后大规模群攻）。深紫色鱼儿虚空袭杀（虚空操纵比灰色甲铠生物强大），刺入身体来回穿梭疯狂围攻，十个呼吸后上百灰色甲铠生物消散。东伯雪鹰以虚空神初生境闯过星辰塔第三层。闯第四层（连绵山脉血色甲铠生物），倾尽鱼龙杀围攻+虚空神兵近身全力搏杀仅勉强伤敌，自身遭邪恶血色力量渗透重伤战败（阵灵镇压驱逐）。东伯雪鹰知达瓶颈，闭关五十八亿年（外界五千八百万年耗两万九千功绩点近三颗源界石），初生境内部修炼不能再浪费时间。太虚殿钟声响传遍太虚圣地（极重要大事），内殿长老殿主们赴太虚殿。天愚老祖宣布东伯雪鹰闯过星辰塔第三层成太虚天宫第三十九位内殿长老（初生境通过第三层比合一境通过第五层更难，此前仅一位初生境内殿长老，初生境闯过第三层妖孽达合一境闯第五层绝对轻松）。太虚天宫高层震惊（才五千八百万年从真神主宰成内殿长老，实际修行五十多亿年借时光殿）。天愚老祖赐三道金光，东伯雪鹰成内殿长老定当竭尽全力守护太虚天宫法规及规则奥妙一脉仅有的圣地。第二十六篇至此完整收官。",东伯雪鹰以鱼龙杀（简化灭世第三剑群攻）闯过星辰塔第三层成太虚天宫第三十九位内殿长老，第四层战败，太虚殿钟声宣布高层震惊，本篇完整收官。
驻守混沌城,盘波图,人物引入、设定展开,人物、设定,东伯雪鹰成太虚天宫内殿长老（初生境通过星辰塔第三层），太虚天宫震动，真神弟子、外殿长老、金衣弟子（血臣、千阙师妹、金针老魔等）震撼羡慕，血臣调侃千阙。内殿长老赐三件物品（衣袍、令牌、传讯令），令牌为保命重宝（珍贵性在黑葫芦之上），一次性赐一百万功绩点。东伯雪鹰在万象殿第四层（内殿长老专属）选主修两门宇宙级绝学：《灭世十三剑》（杀戮道，已修行许久）和《盘波图》（波动道孤本，已陨落规则奥妙一脉始祖苍祖所留，太虚天宫唯一波动道宇宙级绝学最擅长探查）。虚界道无宇宙级绝学（规则奥妙一脉达终极仅三位：苍祖、天愚老祖、剑主，无一修行虚界道）。黑猫提醒莫贪多。魔祖在刑罚殿召见，令其在达到合一境前别离开七星海圣界，建议去十二座混沌城之一驻守磨练。,东伯雪鹰成内殿长老获赐三件物品和一百万功绩点，万象殿选《灭世十三剑》《盘波图》主修，魔祖令其驻守混沌城。
驻守混沌城,天水城,环境铺陈、设定展开,设定,东伯雪鹰在太虚天宫又待两千万年，在时光殿修行近二十亿年（消耗一万功绩点）将《灭世十三剑》《盘波图》修至瓶颈。经混沌殿混沌漩涡通道（盏茶时间）抵达天水城（十二座混沌城之一，占地亿里，混沌境化身庇护范围有限）。天水城地位最高为天水殿主化身（平常沉睡），其次长老团（六十一位外殿长老，合一境两位：春戊长老通过星辰塔第四层近乎无敌、乾余长老通过星辰塔第三层巅峰合一境，初生境五十九位），之下执事团。春戊长老、乾余长老热情接待东伯雪鹰（结交未来粗大腿），设宴接风。东伯雪鹰府邸占地千里。,东伯雪鹰在时光殿修行近二十亿年，经混沌漩涡通道抵达天水城，春戊长老乾余长老热情接待。
驻守混沌城,金翼国,情节推进、伏笔埋设,伏笔,东伯雪鹰时而独行走酒楼饭馆吃美食。传讯令牌求救——乙二十九城金翼国遭至少十位普通虚空神大规模吞噬袭击。东伯雪鹰率两位外殿长老、三十位外殿执事（含合一境九麒执事）出发，东伯雪鹰虚空遁行（行者秘藏二十八层，比九麒执事快十倍）一个月抵达（原需一年多）。金翼国（千万里国度）被古圣教暗中渗透，紫发黑袍男子魑云圣使率众制造恐慌传播古圣教（信奉者得庇护），令手下传教半年后潜伏待天水城队伍离去。,金翼国求救，东伯雪鹰率队一个月抵达（原需一年多），金翼国被古圣教渗透，魑云圣使指挥传教。
驻守混沌城,信奉古圣教,矛盾展现、设定展开,冲突、设定,魑云圣使根本不将金翼国主放眼里（实力完全在金翼国主之上，为传教非吞噬）。魔头潜伏偷袭吞噬府邸修行者，护国长老赶到时魔头已逃。古圣教神秘教派传教（信奉得庇护），抓走真神主宰乃至虚空神囚禁牢笼强行烙印古圣印记（无形音波钻入灵魂，臣服者眉心黑色神印）。壮硕男子雷辰（金翼国天才真神主宰，妻子青若天赋更高）硬扛音波不臣服。东伯雪鹰率队抵达金翼国皇宫上空，令激发护国法阵禁止任何人离开，令外殿长老执事按过去方式对付魔头。东伯雪鹰施展《盘波图》无形波动探查（五十余万里范围，与天地正常波动一体悄无声息），金翼国主无法察觉。,古圣教以吞噬魔头制造恐慌传教，囚禁修行者强行烙印印记，雷辰硬扛不臣服，东伯雪鹰令激发护国法阵施展盘波图探查。
驻守混沌城,杀无赦,矛盾爆发、战斗描写,冲突、战斗,东伯雪鹰盘波图探查一抓一个准发现隐藏虚空神，传讯外殿长老抓捕。魑云圣使惊（一个月抵达不可能为春戊长老），令圣徒分三队汇聚逃走（懂瞬移仅三位）。东伯雪鹰追踪虚空穿梭圣徒至核心府邸（普通虚空神十五位、合一境两位、大量主宰被囚），魑云圣使异兽察觉探查。魑云圣使令破法阵逃走，九麒执事率队赶到攻击。东伯雪鹰亮明太虚天宫内殿长老身份，宣布古圣教教徒一律杀无赦，施展鱼龙杀（灭世第三剑简化群攻杀招，上千深紫色鱼儿）笼罩古圣教高手。,东伯雪鹰盘波图探查精准抓捕，追踪至古圣教核心府邸，亮明身份宣布杀无赦，施展鱼龙杀笼罩敌人。
驻守混沌城,逃之夭夭,战斗描写、转折高潮,战斗、高潮,"鱼龙杀深紫色鱼儿穿梭灭杀古圣教众圣徒（蕴含杀戮道毁灭奥妙摧毁躯体），魑云圣使靠兄长赐予护体宝物（黑光）逃过，百余条鱼儿穿梭虚空追杀仍被黑光抵挡。魑云圣使扔出异兽（巅峰合一境，兄长派遣保护，四蹄踏虚空瞬移杀来，周围闪电威势令九麒执事等心惊）。东伯雪鹰轻喝""定""，盘波图无数透明细丝波纹缠绕异兽+鱼龙杀不断钻入体内摧毁，异兽挣扎力急剧衰弱化作虚无。东伯雪鹰以盘波图领域配合鱼龙杀坑杀巅峰合一境异兽（修炼盘波图前需近身搏杀才有望获胜）。魑云圣使以挪移宝物超远距离虚空挪移逃走（超出东伯雪鹰感应范围），东伯雪鹰懊恼让最大一条鱼逃了（斩杀圣使有功绩点奖励）。",东伯雪鹰鱼龙杀灭杀古圣教众圣徒，盘波图配合鱼龙杀坑杀巅峰合一境异兽，魑云圣使以挪移宝物逃走。
驻守混沌城,见东伯长老,矛盾收束、设定揭示,冲突、揭示、设定,东伯雪鹰灭另两处集结地（圣徒自爆六位、活捉三位），共活捉五位虚空神。东伯雪鹰介绍古圣教、母祖教为遍布五大圣界混沌虚空两股极恐怖势力（古圣教背后为独占古圣界的终极存在至强者圣主，母祖教信奉占领母祖界的母祖），灵魂烙印印记则绝对忠诚无法拯救（除非圣主主动收回或古修逆天者小幅度让时光回流）。东伯雪鹰令关押活捉者搜查古圣教踪迹。被囚修行者释放审问。雷辰灵魂感应妻子青若被带离金翼国非常遥远且极快速度虚空穿梭（青若仅主宰无法瞬移，必为强者带走），求见东伯雪鹰告知古圣教圣使位置。,东伯雪鹰灭三处集结地活捉五人，介绍古圣教母祖教来历，雷辰灵魂感应妻子被圣使带走求见东伯雪鹰。
驻守混沌城,追踪,情节推进、伏笔深化,伏笔,独角外殿长老引荐雷辰。雷辰述与妻子青若曾奇遇灵魂蜕变能彼此感应，施展秘术全力感应发现妻子离金翼国非常遥远且极快速度前行（必虚空穿梭，青若主宰无法瞬移），推断被古圣教圣使带走囚禁洞天宝物。东伯雪鹰以虚界规则体系幻术审问雷辰确认无误（雷辰仅主宰轻易陷入幻境）。东伯雪鹰令雷辰修炼分身（半个时辰），带雷辰追踪魑云圣使。经六百余年追踪（魑云圣使故意绕路去甲二十九城），东伯雪鹰被迫施挪移宝物连追踪到甲二十九城，靠传送城池抵达甲三十五城，又虚空穿行十九年，终于发现古圣教重要驻地黑色城池（黑山城，占地十万里）。,东伯雪鹰幻术审问雷辰确认，带其追踪六百余年，发现古圣教重要驻地黑色城池。
驻守混沌城,暴露,设定展开、矛盾展现,冲突、设定,东伯雪鹰知七星海圣界古圣教重要驻点共九十座（太虚天宫地盘约三十座），每座直接和古圣界联系，一个驻点对另一驻点几乎一无所知，摧毁一座是大功劳。东伯雪鹰收雷辰入洞天宝物。黑山城阴暗殿厅内冰霜男子（冰霜甲铠白色鳞片，巅峰合一境上位圣使）、六臂妖娆女子（六臂电光流转，巅峰合一境上位圣使）议论魑云圣使惨状（其兄为古圣教圣者魍冥圣者，混沌境称圣者，或合一境通过星辰塔第六层）。古圣教升上位圣使需实力达巅峰合一境或积攒足够功劳。魑云圣使抵达痛骂东伯长老，冰霜男子告知东伯雪鹰来历（和魔祖剑主同宇宙，来太虚天宫不足亿年成内殿长老）。六臂女子借警戒法阵发现东伯雪鹰在城外窥伺，魑云圣使眼迸杀意。,东伯雪鹰抵黑山城外被警戒法阵发现暴露，冰霜男子六臂女子议论魑云圣使，古圣教圣者需混沌境或合一境通过星辰塔第六层。
驻守混沌城,碾压,战斗描写、转折高潮,战斗、高潮,冰霜男子令迁移圣主雕像（每座驻地需圣主雕像联系古圣界控制修行者，圣主雕像前可强行控制真神主宰乃至心灵弱些的初生境合一境），自己去拖延时间。东伯雪鹰盘波图被城池法阵抵挡。东伯雪鹰亮内殿长老令牌（显现太虚天宫虚影，匹敌混沌境气息），喝令撤法阵。冰霜男子拖延（称炼制重宝化身在炉前），东伯雪鹰以三百鱼龙杀（深紫色鱼儿）+四道灭世第三剑兵煞（神龙般）攻击，冰霜男子冰霜甲铠冰剑抵挡（空间冻结影响波纹细丝和兵煞）。东伯雪鹰瞬移近身，先一枪佯攻再从虚无中超近距离一枪（上品虚空神兵覆盖兵煞+行者秘藏二十八层力量灭世第三剑，威势远超单纯兵煞），撕裂冰霜男子身体，长枪迸发兵煞连续三枪将其湮灭。冰霜男子不敢信自己输给初生境。六臂女子借法阵见冰霜男子战死脸色大变。,东伯雪鹰亮令牌显太虚天宫虚影，以鱼龙杀+灭世第三剑兵煞+瞬移近身枪法一个呼吸内斩杀冰霜男子。
驻守混沌城,拔下黑葫芦的塞子,装备获取、转折高潮,奖励、高潮,地下圣殿中央圣主雕像（黑色玉石雕刻披纱衣双眸平静蕴含奥妙）周围八座雕像虚影，数十位圣使紧急拆卸圣殿（圣殿与圣主雕像一体须拆卸才能带走，合一境才勉强拆卸需时间）。六臂女子怒斥魑云圣使（若两位巅峰合一境同时出现傻子都猜这里极重要）。东伯雪鹰问黑葫芦器灵能否探查城池内部（无形波动阻碍无法探查）。东伯雪鹰攻击法阵未破，一翻手取出黑葫芦拔开塞子。手指大火红色晶球飞出急剧膨胀为万里直径火球（东伯雪鹰在火球内部核心），无数虚空神纹包裹火球完全压制收敛威能（虚空神纹玄妙在火球之上）。虚空法阵渗透法阵弥漫地下圣殿，影响千万里范围凝固虚空。东伯雪鹰惊叹虚空法阵（古亓所布，完全控制媲美太阳星火球，可超远距离虚空大挪移遁逃，混沌境巨头单纯虚空操纵都无法相比）。六臂女子魑云圣使惊恐绝望（虚空被镇压无法挪移）。东伯雪鹰操纵火球猛然下沉（太阳星怒砸，威能混沌境层次），破碎城池法阵。,东伯雪鹰拔开黑葫芦塞子释放万里直径火球，虚空法阵凝固千万里虚空，火球下沉破碎城池法阵。
驻守混沌城,灰飞烟灭,战斗描写、转折高潮,战斗、高潮,"黑色城池圣徒们吓蒙（火球比太阳星还可怕，混沌境力量碾压）。火球急剧缩小砸向地下圣殿，摧枯拉朽撞碎机关禁制，百米直径火球滚入圣殿。火球碾压全部圣使（魑云圣使护体黑光仅停滞一刹那即粉碎，六臂女子冲上亦粉碎），随身物品被虚空操纵保护摄入火球内。东伯雪鹰看圣主雕像（独占古圣界终极存在最强者圣主），操纵火球撞击圣主雕像（雕像和圣殿一体，拆卸部分后全力一击撞飞，双脚连黑色金属，胸口凹痕），收入洞天宝物（须送回太虚天宫摧毁）。火球飞出。黑色城池圣徒因圣主雕像被夺全部肃立口呼圣主身体化作虚无（发自灵魂绝对忠诚赴死）。东伯雪鹰沉默看着一片死寂城池低语""古圣教、母祖教，该杀""。",火球碾压全部圣使，撞飞圣主雕像收入洞天宝物，圣徒因圣主雕像被夺全部赴死，东伯雪鹰感慨古圣教该杀。
驻守混沌城,城池中的相拥,情感展现、转折高潮,情感、高潮,"东伯雪鹰炼化魑云圣使洞天宝物，释放被囚修行者（过半真神主宰小半虚空神，含青若），解除封禁。东伯雪鹰放出雷辰，雷辰青若夫妻团聚相拥。东伯雪鹰思念家乡宇宙妻子余靖秋和儿女（""靖秋，你和玉儿、青瑶还好吗""），决意不断变强带辅助修行之物回去。东伯雪鹰联系魔祖禀报攻破古圣教重要驻地夺得圣主雕像，魔祖再无怀疑降临化身（操纵天地之力凝聚，耽搁时间）。魔祖收圣主雕像（须带回太虚天宫摧毁，坚韧媲美中品虚空神兵，化身解决不了），看圣主雕像胸口凹痕微惊（东伯雪鹰有隐藏手段）。魔祖冻结粉碎黑色城池及地下圣殿大地化作超级大坑，带东伯雪鹰撕裂时空通道离去。",东伯雪鹰释放被囚者，雷辰青若团聚，东伯雪鹰思念家乡妻子，魔祖化身降临收圣主雕像摧毁城池。
驻守混沌城,万界楼,人物引入、核心伏笔,人物、伏笔,古圣界（残余约百分之一仍五大圣界最庞大，中央黑色光芒笼罩全界所有修行者对圣主绝对忠诚，外界传教偷偷摸摸而古圣界人人信徒）。魍冥圣者（紫发青袍男子，混沌境圣者，弟弟即魑云圣使）从湖底飞出悲痛（弟弟求救后身死驻地被毁），发誓为弟弟报仇。魍冥圣者至古圣界黑色宫殿群求金甲男子派圣罚小队铲除东伯雪鹰，被拒（太虚天宫地盘不宜硬拼，东伯雪鹰初生境不足为虑，拼越厉害损失越大）。金甲男子建议找万界楼。万界楼很神秘（五大圣界混沌虚空真正高层才知晓，古圣界因圣主光芒笼罩无万界楼，古圣界外混沌陆地城池有）。万界楼主（终极存在之一，上千座万界楼皆为同一老者，颇为神秘，楼下吃一桌一颗源界石楼上十颗）。万界楼二楼，万界楼主报价：八百源界石派人刺杀（五成把握失败三次结束，目标长期闭关或回太虚天宫无法刺杀）或五千源界石必死。万界楼主称东伯雪鹰背后恐另有势力（灭驻地的手段）。,魍冥圣者悲痛发誓报仇，求圣罚小队被拒，万界楼主报价八百源界石刺杀（五成把握）或五千必死。
驻守混沌城,收获,人物心理、伏笔深化,伏笔、情感,"魍冥圣者问八百源界石派人把握（五成每次），因东伯雪鹰在天水城府邸乃法阵核心不闭关不出则无法刺杀。魍冥圣者选八百源界石（不愿卖兵器凑五千，自身全部宝物仅两千多源界石，卖兵器凑六千多）。天水城东伯雪鹰府邸，东伯雪鹰释放被救修行者（雷辰青若去天水城），东伯雪鹰传音雷辰遇麻烦可来找。东伯雪鹰静室清点攻破驻地收获约三百八十源界石（冰霜男子六十、六臂女子五十、魑云圣使近两百、其他圣使五十多、圣徒二十），加太虚天宫奖励一百万功绩点。七星海阁（七星海圣界最庞大贩卖资源组织，背后太虚天宫始祖岛瑶光圣境三大圣地）送请帖，三千年后""蛏裙盛会""（压轴蛏裙底价一千源界石）。",魍冥圣者付八百源界石雇万界楼刺杀，东伯雪鹰清点收获三百八十源界石，七星海阁邀请蛏裙盛会。
驻守混沌城,可怜的混沌境,伏笔深化、氛围营造,伏笔、设定,东伯雪鹰三千年闭关修行，对《灭世十三剑》《盘波图》感悟渐深（灭世第四剑有望，时光殿修行超七十亿年将灭世第三剑简化为鱼龙杀），打算盛会后回太虚天宫时光殿闭关参悟灭世第四剑。黑厌老祖（混沌境巨头，古圣界完好时期就名声赫赫，比魔祖天哭门主强一截，性子邪异独来独往擅长刺杀）化身扮矮胖男子（黑色花纹暗金眸子）在天水城酒楼守候，东伯雪鹰闭关不出，黑厌老祖守三千年无果（混沌境一亿年不值一提）。东伯雪鹰行者秘藏突破第二十九层。东伯雪鹰半月后赴七星海阁，虚空遁行三十万里刹那抵达（瞬移一次超十五万里）。黑厌老祖刚发现东伯雪鹰就进了七星海阁（戒备森严禁刺杀），气急守候。,东伯雪鹰三千年闭关灭世第四剑有望行者秘藏第二十九层，黑厌老祖化身守三千年无果，东伯雪鹰刹那进七星海阁。
驻守混沌城,盛会,设定展开、转折高潮,设定、高潮,"七星海阁天水城分阁阁主雨奇（太虚天宫弟子，金袍）接待东伯雪鹰，介绍盛会各分阁同时出价。雨奇阁主估价东伯雪鹰宝物三百八十五颗源界石。盛会由明虞星主（瑶光圣境混沌境，七星海阁九位元老之一）虚影主持。前二十一件宝物竞价（合一境傀儡生物底价一百源界石、丹丸等）。第二十二件宝物《黑暗界》绝学孤本（黑色金属书籍，黑暗界主所创，合一境闯过星辰塔第六层匹敌混沌境，底价一百五十源界石）。明虞星主介绍黑暗界主独辟蹊径——纯粹为孕养杀招构建世界，世界力量汇聚一杀招，敌人未近身杀招降临。东伯雪鹰脑海中轰隆灵光乍现（虚界道不擅长战斗一直无头绪，黑暗界""为杀招构建世界""方向触动），决定势在必得，出价一百五十一颗源界石。",七星海阁蛏裙盛会各分阁同时出价，《黑暗界》绝学触动东伯雪鹰虚界道灵光，东伯雪鹰势在必得出价。
驻守混沌城,黑暗界,设定揭示、矛盾爆发,冲突、揭示、设定,雨奇阁主称绝学孤本竞争者少价格不会太高。东伯雪鹰自问虚界道天赋极高却无宇宙级绝学，《黑暗界》让虚界道见曙光。泉缪老祖（混沌境巨头，擅长幻境，隐居混沌虚空）竞价，从一百五十二猛跳两百、两百五十、三百、三百五十（欲镇住对手）。东伯雪鹰每次只多一颗。东伯雪鹰宝物仅三百八十五颗源界石，急请雨奇阁主联系泉缪老祖愿一百五十颗学一次（七星海阁规矩禁止商谈）。东伯雪鹰以两百万功绩点抵押借一百六十颗源界石。东伯雪鹰出价三百五十一，泉缪老祖出价四百，东伯雪鹰出价四百零一。泉缪老祖出价五百（自定极限），东伯雪鹰出价五百零一颗。泉缪老祖放弃（合一境所创绝学对混沌境价值有限），托七星海阁联系东伯雪鹰愿一百五十颗学一次。,东伯雪鹰与泉缪老祖竞价《黑暗界》，功绩点抵押借源界石，以五百零一颗竞得，泉缪老祖托联系学一次。
驻守混沌城,惊艳,悟道、装备获取,修炼、奖励、爽点,"东伯雪鹰紧张等宣布，喜得《黑暗界》（价格高，幸攻破古圣教驻地）。雨奇阁主建议学后可卖原本。泉缪老祖出一百五十颗学一次，东伯雪鹰还价三百颗，经讨价还价定两百三十五颗源界石学一次。压轴蛏裙以三千九百八十二颗源界石成交（东伯雪鹰咋舌疑宇宙神外皮）。地下殿厅传送法阵，《黑暗界》原本传送抵达（东伯雪鹰实付两百六十六颗源界石：卖宝物一百一十九+泉缪老祖两百三十五抵扣）。东伯雪鹰翻开黑色金属书籍，字符钻入脑海。《黑暗界》为未完成绝学：黑暗界主欲创三式（第一式闯第五层、第二式闯第六层、第三式闯第七层），前两式完成第三式未创出便陨落。第一式""黑暗气泡""：构建黑暗世界包裹敌人急剧缩小至极致如泡泡，蕴含一世界力量，一念世界爆炸破灭内部一切灭绝。第二式""天罚之刃""：世界为根基形成天罚之刃从虚幻降临，四面八方一道道天罚之刃，凭此名震五大圣界匹敌混沌境。",东伯雪鹰以两百三十五颗让泉缪老祖学一次实付两百六十六颗得《黑暗界》，了解黑暗界三式（黑暗气泡、天罚之刃，第三式未创出）。
驻守混沌城,七琊香木静室,悟道、伏笔埋设,伏笔、修炼、爽点,"东伯雪鹰沉浸黑暗界绝学（为杀招构建世界想法独特，黑暗界主天纵之才）。虚界道最擅长改造世界（虚界想变什么样就什么样，虚界化真），先虚界构建完美杀招世界再化为真实。东伯雪鹰灵光不断闪现，请雨奇阁主带去最好修行静室。七琊香木静室（源级静室，七琊香木释放自然香味三亿余年，平常时间静止，十万年一颗源界石，法阵殿主级布置）。东伯雪鹰闭关修行黑暗界。黑厌老祖守半月无果放松警惕改一丝念头感应。东伯雪鹰修行七万余年参悟黑暗气泡，发现虚界规则体系不适合（须完美一体），须进化为""虚界之源""（虚界道圆满合一）才能施展。东伯雪鹰离虚界之源越来越近却差最后一步瓶颈。东伯雪鹰决定服拂灵心果（内殿长老终生限额三颗每颗六十万功绩点约五十颗源界石），先尝一口效果极好连全部吃下。",东伯雪鹰在七琊香木静室闭关七万余年参悟黑暗气泡，发现须虚界道合一境（虚界之源），服拂灵心果突破瓶颈。
驻守混沌城,合一,悟道、转折高潮,修炼、高潮、爽点,拂灵心果冰凉传遍全身灵魂，虚界道困惑灵光乍现。合一境为真正强者行列（规则奥妙体系合一境修行久可闯星辰塔第三层，厉害闯第四层，妖孽闯第五层）。东伯雪鹰虚界规则体系合一化为纯粹一点——虚界之源。体内世界如太阳星般庞大星球塌陷缩小（十倍百倍千万倍亿万倍至拳头小于黑点），密度急剧提升匪夷所思（虚界之源规则为核心，无规则则能量爆炸粉身碎骨）。虚界之源为规则奥妙体系终极之源，将来发展成微型混沌宇宙，混沌中开天辟地衍变宇宙则为终极存在宇宙神。灵魂以虚界之源规则架构质变凝实，参悟推演速度急剧提升。东伯雪鹰以虚界道跨入合一境（规则奥妙体系第一次比虚空行者体系更快突破大层次）。拂灵心果能量持续两千三百年，东伯雪鹰继续修行黑暗界第一式（境界足够后参悟轻松许多）。,东伯雪鹰服拂灵心果虚界规则体系合一化为虚界之源跨入合一境，体内世界塌陷至纯粹一点，灵魂质变。
驻守混沌城,出来走走,悟道、转折高潮,修炼、高潮、爽点,"东伯雪鹰参悟黑暗界第一式黑暗气泡，虚幻黑暗世界越来越稳固（黑暗界存在意义为最终破灭，越稳定蕴含能量越强破灭威势越大）。终于练成黑暗气泡（掌握第一式足以闯过星辰塔第五层，合一境真正逆天强者，面对混沌境巨头真身有保命希望，面对巅峰合一境大规模横扫）。东伯雪鹰演练黑暗气泡（虚幻黑暗气泡化为真实急剧缩小炸裂虚空粉碎）。东伯雪鹰分析黑葫芦弱点（拔塞子放火球需刹那时间易被偷袭，威势强但战斗技巧太弱仅一个砸字，遇闯过第五层高手可轻易戏弄），如今境界弥补。拂灵心果能量持续八千年余，东伯雪鹰赶紧参悟行者秘藏（更接近突破），三百年突破第三十层，六百年后拂灵心果能量消耗殆尽（持续共九千年）。东伯雪鹰凑足十万年出关，雨奇阁主震惊东伯雪鹰达合一境（不知已有闯过第五层实力）。东伯雪鹰心情极佳出七星海阁逛街找酒楼。黑厌老祖感应到东伯雪鹰出来冷意""让老祖我等得可够久的""。",东伯雪鹰练成黑暗气泡足以闯过星辰塔第五层，行者秘藏第三十层，十万年出关达合一境，黑厌老祖准备刺杀。
驻守混沌城,领域,战斗描写、转折高潮,战斗、高潮,"黑厌老祖准备后发动，发现东伯雪鹰已达合一境（刚突破境界没转化为实力本不在乎），但东伯雪鹰规则领域按黑暗气泡构造（足以闯过星辰塔第五层，缜密玄妙近乎微型宇宙），黑厌老祖潜入失败被东伯雪鹰发现。东伯雪鹰一声叱喝""谁""，千里范围空间完全静止一片黑暗（黑暗世界笼罩千里镇压一切，东伯雪鹰为帝皇），唯黑厌老祖能移动。东伯雪鹰激发内殿长老令牌护体金光（抵挡混沌境），施展黑暗气泡（虚幻黑暗世界降临真实吞吸天地之力急剧缩小包裹黑厌老祖）。黑厌老祖传音""刚成合一境规则领域缜密玄妙近乎微型宇宙招数足以闯过星辰塔第五层，失败心服口服""后主动消散化身。黑暗气泡破灭无阻力（黑厌老祖未抵抗主动消散）。东伯雪鹰扩张黑暗世界至千万里范围仔细查看无可疑人。天水城护城大阵激发，天水殿主化身苏醒询问。",黑厌老祖刺杀被东伯雪鹰合一境规则领域发现，东伯雪鹰激发令牌护体施展黑暗气泡灭杀黑厌老祖化身（主动消散）。
驻守混沌城,踪迹（本篇终）,转折高潮、悬念设置,伏笔、高潮,"天水城护城大阵完全激发（天愚老祖亲炼混沌境无法遁逃）。天水殿主化身与东伯雪鹰高空并立，东伯雪鹰禀遭刺杀（幸突破合一境否则危险）。天水殿主欲时光回流探查（东伯雪鹰突破前盘波图规则领域仅第三层未必能发现敌人），时空被混乱无法探查。天水殿主令东伯雪鹰速回太虚天宫，已上禀。东伯雪鹰返回太虚天宫太虚殿，天愚老祖、剑主高坐最上方，六位殿主（问天殿主、混沌殿主等）、内殿长老齐聚。天愚老祖令问天殿主探查。问天殿主（银发黑色皮肤，地位特殊，能轻易探查五大圣界混沌虚空任何一处）探查画面（千里范围静止唯东伯雪鹰和敌人能移动），众惊叹东伯雪鹰规则领域厉害。问天殿主称杀手改变容貌气息，据招数判断身份。画面显示东伯雪鹰护体金光+黑暗气泡湮灭矮胖男子（矮胖男子未反抗主动消散），众色变于黑暗气泡威力。天愚老祖问东伯雪鹰能否通过星辰塔第五层，东伯雪鹰禀买下《黑暗界》绝学突破合一境掌握黑暗气泡（另有拂灵心果帮助）。混沌殿主（太虚天宫实力隐隐第一）认出黑暗界主成名招数，赞叹东伯雪鹰十万年跨入合一境掌握如此绝学。问天殿主无法探寻杀手身份（主动消散不留踪迹）。剑主以神纹探查，模糊身影显现老者""万界楼，公平买卖，还望见谅""后消散。天愚老祖、剑主脸色一变""万界老鬼""（万界楼主为终极存在之一，此仇无法报）。东伯雪鹰明白有仇敌花八百源界石雇万界楼刺杀自己。本篇完整收官。",东伯雪鹰返回太虚天宫，问天殿主探查画面混沌殿主认出黑暗气泡，剑主探查得知万界楼所为，东伯雪鹰明白有仇敌雇万界楼刺杀。
我心为天心,好奇,矛盾展现、伏笔深化,伏笔、冲突,太虚天宫聚会分析刺杀东伯雪鹰的幕后主使，万界楼主（唯一分身皆真身的终极存在，已知数千分身分散五大圣界混沌虚空，杀不死无牵挂各方不愿为敌）阻碍秘术查探。东伯雪鹰回想离开家乡宇宙后惹到天哭门主（魔祖排除骨祖），在圣界有仇者极少，杀古圣教成员中魑云圣使（普通合一境却有巅峰合一境异兽跟随宝物最多）最可疑，显现魑云圣使模样。天愚老祖称古圣界无法查（圣主会立即发现宇宙神进去也送命）。魔祖称东伯实力大增刺杀不可能暂且作罢。聚会后混沌殿主（黑发老者，实力极强恐早闯过星辰塔第九层）以一百五十万功绩点购买《黑暗界》绝学翻看（因东伯雪鹰十万年内练成令其好奇），称可帮忙广传消息让老家伙出价学习，建议出价一百五十颗源界石。,太虚天宫分析刺杀主使锁定古圣教魑云圣使，混沌殿主以一百五十万功绩点购买《黑暗界》并帮忙广传消息。
我心为天心,买卖,设定展开、情节推进,设定,混沌殿主赴混沌虚空岩石陆地找岩石身躯强者磨火（同为原始古圣界时代老家伙，体表黑甲铠手臂头部露出岩石瞳孔流火焰），告知太虚天宫东伯雪鹰十万年内成合一境且达星辰塔第五层实力（无时间加速），《黑暗界》世界构造独特可参悟对混沌中开辟宇宙有帮助，邀其来太虚天宫学习（一百五十颗源界石）。东伯雪鹰在万象殿翻阅典籍，混沌殿主传音带《黑暗界》原本至混沌殿院落，见将斧宫主（消瘦白皙双獠牙，魔山始祖血脉后裔中最强，始祖岛最强大混沌境，兼修最强战士体系身体比上品虚空神兵恐怖）。将斧宫主付一百五十颗源界石翻看《黑暗界》原本称有点意思。千余年共五位混沌境巨头学习（混沌殿主信任、世界构造类共通、东伯雪鹰修行太快引好奇）。东伯雪鹰《黑暗界》买卖净赚三百三十四颗源界石外加一百五十万功绩点及绝学原本，决定去闯星辰塔。,混沌殿主推荐磨火等混沌境巨头学习《黑暗界》，五位巨头各付一百五十颗源界石，东伯雪鹰净赚源界石及功绩点。
我心为天心,星辰塔第五层,战斗描写、转折高潮,战斗、高潮,东伯雪鹰闯星辰塔第四层，血色甲铠生物（黑色金属皮肤黑色头发扎百辫独眼）散邪恶波动令山脉花草枯萎，东伯雪鹰规则领域千里阻挡。黑暗气泡一式（万里黑暗世界降临化真实急剧缩小百米爆炸）轻易湮灭血色甲铠生物。进入第五层（通过即混沌境门槛合一境近乎无敌，太虚天宫内殿长老资格），荒野雷电区域血色甲铠四臂银白皮肤强者瞬移逼近（规则领域内速度仍快），东伯雪鹰瞬移避开（近身搏杀远不如黑暗界）。六座黑暗世界一个包一个化为真实急剧缩小，六个黑暗气泡接连炸裂威能重重作用敌人。,东伯雪鹰黑暗气泡一式轻易通过第四层，第五层六重黑暗气泡接连炸裂攻击四臂银白皮肤血色甲铠强者。
我心为天心,秘辛,设定揭示、核心伏笔,伏笔、揭示、设定,"六重黑暗气泡破灭后四臂强者仅剩两臂头颅少半边，东伯雪鹰连续架构超六十座黑暗界终于完全湮灭敌人。东伯雪鹰感慨《黑暗界》弱点明显（近身战麻烦），需提升杀戮道波动道虚空行者体系弥补。天愚老祖现身告知秘辛：原始古圣界规则比今五大圣界更强压制更强，孕育众多终极存在，战斗规模越来越大最终一战令原始古圣界破碎（圣主掀起），无数生命灭绝混沌虚空朝四方扩张至今。混沌虚空边缘诞生""毁灭魔族""（为毁灭而生，气息与正常生命相克，可能是运转规则孕育要毁灭一切或减轻规则压力或重归虚无），星辰塔内敌人即毁灭魔族傀儡（第一至第九层，偶有超越第九层媲美宇宙神者），部分终极存在坐镇虚空边缘抵抗，圣主母祖从不参战（圣主掀起战争却不出力）。",东伯雪鹰六重黑暗气泡耗死第五层敌人，天愚老祖告知原始古圣界破碎、毁灭魔族、星辰塔敌人等秘辛。
我心为天心,前十的物品,设定展开、伏笔埋设,伏笔、设定,天愚老祖告知毁灭魔族是危机也是珍宝（杀死逸散能量对灵魂有助益似源界石，材料罕见珍材如蛏裙盛会蛏裙即九层毁灭魔族皮肤），通过第五层才让知晓秘辛是防实力弱者送死。天愚老祖列出适合四重天界神的前十辅助修行之物：第一赤云榴心约六千源界石、第二古圣九石约三万五千源界石（宇宙神用浪费）、第三沙火祖树叶约五千源界石……第十毁灭魔蛛金丝约两千源界石。东伯雪鹰定下购买两份赤云榴心目标（过万源界石对合一境高不可攀），考虑与古圣教母祖教斗赚源界石，盯上混沌虚空最大陆地九云大陆（原始古圣界较大碎片，七星海圣界二十分之一，两大教派与三大圣界斗最厉害之地）。,天愚老祖列出前十辅助修行之物，东伯雪鹰定下购买两份赤云榴心目标，决定赴九云大陆赚源界石。
我心为天心,远行之前,悟道、转折高潮,修炼、高潮、爽点,东伯雪鹰闯星辰塔第六层败于血色甲铠妖娆女子（九化身真身难辨，一黑暗气泡攻击真身无伤杀到身边即败），决定提升其他方面再远行。闭关一亿八千万年（时光殿百倍加速合一百八十亿年），行者秘藏突破第三十一层虚空行者体系正式跨入合一境（身体蜕变喷彩色虹光），灭世十三剑和盘波图修行到星辰塔第五层战力，灭世第五剑简化为《鱼龙杀》。太虚天宫新一批弟子到来含天水城夫妻雷辰青若（感激东伯雪鹰恩情欲拜访但东伯雪鹰闭关），炎穹等弟子崇拜东伯雪鹰。东伯雪鹰准备充分出关。,东伯雪鹰闯第六层失败，闭关一亿八千万年虚空行者体系跨入合一境，灭世十三剑盘波图达星辰塔第五层战力。
我心为天心,天剑山,环境铺陈、人物引入,人物、设定,东伯雪鹰回凌云峰洞府（仅一傀儡女仆），收殿主送来的寒影飞刀（三千六百柄上品虚空神兵群攻兵器，六十万功绩点，适合《鱼龙杀》）及其他杂物共一百五十万功绩点。接取九云大陆任务，嘱咐女仆外出很久。问天殿主超远距离传送至九云大陆（原始古圣界残片规则压制仅稍弱七星海圣界，气息对灵魂有滋养，淳一法祖隐居禁建传送法阵建十二座城池化身镇守禁混沌境入城）。东伯雪鹰化名飞雪（白发白衣银色面具），虚空中查探遇天剑山战船（九位虚空神一位合一境），红衣女子依紫（天剑山宗主女儿）喝问。,东伯雪鹰收寒影飞刀兵器，问天殿主传送至九云大陆化名飞雪，遇天剑山战船红衣女子依紫。
我心为天心,交出宝物,矛盾爆发、战斗描写,冲突、战斗,东伯雪鹰问彩云大泽方向（借此推断天剑山方向），依紫遥指左后方。东伯雪鹰消失后跟踪战船至天剑山方向。火焰谷三位长老拦截天剑山战船（红色丝网封闭虚空黑雾擒依紫），老者（川叔）雷电撞网未破。东伯雪鹰一剑光破红丝网及黑雾救下众人，三长老胆寒（至少巅峰合一境）。东伯雪鹰令三长老交出所有宝物饶命，三长老连储物手环兵器衣袍都交出。东伯雪鹰收宝物离去（天剑山火焰谷死敌与自己无关，只取宝物）。,火焰谷三长老拦截天剑山战船，东伯雪鹰一剑破阵救下众人，令三长老交出所有宝物后放行。
我心为天心,开始动手,矛盾爆发、战斗描写,冲突、战斗,依紫传讯父亲得知天剑山遭火焰谷偷袭，宗主中银丝牵魂毒处于绝对下风。依紫恳请东伯雪鹰帮忙被拒（东伯雪鹰称三言两语让其冒险不可能，劝依紫离开天剑山要覆灭）。东伯雪鹰以盘波图领域（覆盖三亿里）探查天剑山形势，发现火焰谷副谷主（黑袍牛头强者巅峰合一境）残破殿厅内杀天剑山弟子。东伯雪鹰潜入一剑劈飞副谷主（盘波图星辰塔第五层水准碾压三层），令其陷入虚界幻术，秘术探查其灵魂是否两大教派信徒。,东伯雪鹰以盘波图探查天剑山形势，一剑劈飞火焰谷副谷主并施幻术秘术查探其灵魂。
我心为天心,贪婪？,战斗描写、转折高潮,战斗、高潮,副谷主灵魂浮现绿光烙印确认为母祖信徒，东伯雪鹰连续剑光绞杀粉碎当场毙命。天剑山峰主长老弟子感激，东伯雪鹰收副谷主遗物判断谷主很可能也是母祖信徒。东伯雪鹰远距离秘术查探两位火焰谷合一境（非信徒后脱离幻境）。天剑宗主中银丝牵魂毒越来越深眩晕频繁，传讯请东伯雪鹰出手（女儿依紫称其稍微贪婪夺三长老宝物），愿倾尽宝物感谢价值绝不低于八十颗源界石。东伯雪鹰假装犹豫后答应拼命一搏。,副谷主确认为母祖信徒被斩杀，天剑宗主以不低于八十颗源界石宝物请东伯雪鹰出手对付火焰谷主。
我心为天心,追杀,战斗描写、转折高潮,战斗、高潮,东伯雪鹰伪装星辰塔第四层实力（擅长领域身法剑客），与天剑宗主联手对付火焰谷主（红发高大青年全身火焰如小型太阳）。东伯雪鹰硬碰一拳被震飞喷血（故意伪装），天剑宗主传音提醒火焰谷主攻击狂猛身法精妙欠缺。东伯雪鹰盘波图一成威力束缚火焰谷主，与天剑宗主联合重创其半边身体。火焰谷主求饶（一百颗源界石全部宝物）被拒，下令撤退瞬移遁逃。天剑宗主停下压制魂毒护法。东伯雪鹰以虚空行者合一境优势追上火焰谷主封禁其灵魂，秘术查探其为母祖信徒后湮灭灵魂。,东伯雪鹰伪装第四层实力与天剑宗主联手重创火焰谷主，追杀后封禁灵魂查探为母祖信徒湮灭。
我心为天心,九云帝君的宝藏,设定揭示、装备获取,奖励、揭示、设定,东伯雪鹰回天剑山，天剑宗主请其帮驱银丝牵魂毒（灵魂被银丝完全渗透）。东伯雪鹰半个月驱除魂毒（同时秘术查探天剑宗主非信徒），天剑宗主大喜。东伯雪鹰查火焰谷主遗物得金簪，天剑宗主告知九云帝君宝藏——九云帝君（原始古圣界时期终极存在第二层次，实力比虚空始祖天愚老祖强）死前在九云大陆布置十六座宝藏神塔，扔三十根金簪，凑五根激发传送阵送五位虚空神进宝藏，三天后挪移出，金簪再分散。天剑宗主与上一代火焰谷主同时发现两根金簪，上一代火焰谷主偷袭战败身死藏匿金簪告知徒弟。天剑宗主好友可凑三根金簪联手。,东伯雪鹰帮天剑宗主驱除魂毒得金簪，得知九云帝君宝藏（十六座神塔三十根金簪凑五根传送）。
我心为天心,施展不出？,人物心理、伏笔深化,伏笔、情感,"依紫亲手酿""剑雨""果酒（修行天赋弱勉强虚空神），东伯雪鹰感慨能寿命永恒长伴左右便足够（妻子儿子卡四重天界神连真神都不是是最大心结）。天剑宗主告知在淳御城（淳一法祖建城池化身镇守禁混沌境入城）会面，天剑宗主赶路八千万年东伯雪鹰分开赶路。东伯雪鹰五千万年游历九云大陆，黑暗界第二式""天罚之刃""明明悟透却施展不出（第一式黑暗气泡已修改完善多次），灭世第六剑参悟不少，猜测哪里有问题。东伯雪鹰以时空漩涡赶路三百年抵达淳御城。",东伯雪鹰游历五千万年，黑暗界第二式天罚之刃悟透却施展不出，以时空漩涡赶路三百年抵淳御城。
我心为天心,宝藏神塔,转折高潮、人物引入,人物、高潮,淳御城高手如云（星辰塔五层一位四层十二位三层极多），东伯雪鹰三千万年熟悉城池。天剑宗主传讯汇合，五人在院落大厅聚齐：金袍天剑宗主、黑雾身影（男女难辨尖细声）、双臂极粗雄壮男子（凶戾气息）、宽松灰袍女子（眼眸无形压迫力心灵第三层次）、白袍白发银色面具东伯雪鹰。五人各持金簪激发，金簪飞起形成空间法阵传送至宝藏神塔（白茫茫空间中央千丈高金色神塔）。三天内须得足够宝藏，两种离开方法（飞向白茫茫尽头挪移出或待满三天强行挪移出）。,五人在淳御城汇合各持金簪激发传送阵，抵达九云帝君宝藏神塔（千丈高金色神塔白茫茫空间）。
我心为天心,塔内,装备获取、转折高潮,奖励、高潮,"宝藏神塔分三层（第三层两三件极珍贵宝物），五条虚空阶梯各对应石门（三道屏障后石门通第二层，规则压制不能悬浮须步行）。东伯雪鹰三剑破第一层屏障，坠星宝物（银白刀刃残片极品虚空神兵残片约三十至五十源界石）被雄壮男子夺得。东伯雪鹰第一个冲到石门处攻击令最亮星辰坠落，得""金须天雷木""（手臂粗枯木金色绒须，原始古圣界天雷劈金须神树残留枯木充满生机，可炼兵器创世界炼丹，原始古圣界破碎后无新诞生，现价值三千源界石）。",东伯雪鹰第一个攻击石门令最亮星辰坠落得金须天雷木（价值三千源界石），其他四人眼红。
我心为天心,飞刀,战斗描写、转折高潮,战斗、高潮,"金须天雷木令四人眼红（三千源界石可买比黑葫芦更强护道宝物或星辰塔五层傀儡生物）。黑雾身影（不死城主，古修天赋""众生""可复制十八个本尊共十九身体联手达星辰塔第五层，自号不死因一个活着即再生其他）登东伯雪鹰虚空阶梯索要金须天雷木被拒，分化十九身体施《不死七法盘》（十九身体同时操纵黑暗法阵）。东伯雪鹰施展寒影飞刀（三百柄护体九百柄攻击，《鱼龙杀》灭世第五剑简化），九百柄飞刀紫色流光风暴席卷。不死城主感觉心底发寒碰到对手。",不死城主（十九身体联手星辰塔第五层）索要金须天雷木被拒施《不死七法盘》，东伯雪鹰以九百柄飞刀《鱼龙杀》对攻。
我心为天心,不死七法盘,战斗描写、转折高潮,战斗、高潮,不死城主三座黑暗法阵如齿轮犬牙交错威能叠加（一座一倍两座十倍三座百倍防御），九百柄飞刀轰击未破。不死城主施《不死七法盘》（六法盘，前三座蓄积威能后三座转化为攻击，源自荒废洞府七法盘气息残留推演，理想七法盘可比混沌境巨头），法盘虚影磨灭飞刀威势。东伯雪鹰一千两百柄飞刀全威施展，法盘虚影连绵碾压令东伯雪鹰渐落下风。东伯雪鹰爆发盘波图全威（星辰塔第五层水准）渗透六座黑暗法阵及十九身体束缚，飞刀保持最强威势再度笼罩，法盘虚影支离破碎。不死城主明白非对手。,不死城主六法盘压制东伯雪鹰飞刀，东伯雪鹰爆发盘波图全威束缚法阵及身体，法盘虚影溃散不死城主败退。
我心为天心,图穷匕见,转折高潮、战斗描写,战斗、高潮,不死城主三法盘护身冲下阶梯认输罢手。东伯雪鹰轰破石门进入第二层（荒原百丈高陨石小山，须完全化为粉末才能进第三层），雄壮男子先入。天剑宗主、灰袍女子留第一层谨慎不进。东伯雪鹰研究陨石小山（一般混沌境或星辰塔第六层才能完全粉碎），不死城主随后进入。雄壮男子突然收斧蹬地（力量超东伯雪鹰十倍速度快五成），双臂迸发金光（雕刻毁灭魔族模样八头/臂，兼修最强战士体系），双拳戴兵器拳套怒捣东伯雪鹰。不死城主十九身体再现六法盘（雄壮男子暗中传音联手），图穷匕见要杀东伯雪鹰分金须天雷木。,东伯雪鹰进第二层，雄壮男子（兼修最强战士体系力量速度极强）与不死城主联手突袭东伯雪鹰欲夺金须天雷木。
我心为天心,多层黑暗界,战斗描写、转折高潮,战斗、高潮,东伯雪鹰虚化藏匿虚界天地施盘波图及飞刀，雄壮男子拳头威势恐怖硬抗飞刀皮肤黑光浮现。东伯雪鹰施自创最强杀招《多层黑暗界》（黑暗气泡简化，一百二十层半球形世界同时降临化真实急剧缩小），层层叠叠世界束缚雄壮男子无法前进。一百二十层黑暗界同时毁灭威能尽皆轰击雄壮男子，雄壮男子喷血夹杂内脏碎片耳鼻渗血但皮肤未破（身体坚不可摧体内相对弱）。东伯雪鹰惊叹对方身体防御。不死城主呆滞（之前飞刀轰雄壮男子身体都无视，如今被轰成这样）。雄壮男子称东伯雪鹰隐藏实力，与不死城主咬牙联手唯有一战。,东伯雪鹰施自创最强杀招《多层黑暗界》（一百二十层同时毁灭）重伤雄壮男子，暴露隐藏实力。
我心为天心,算计,转折高潮、人物心理,情感、高潮,东伯雪鹰以多层黑暗界及盘波图联合（飞刀较少用），对不死城主十九身体各罩三层黑暗界（仅五十七层）故意杀不了，周围又施展六十三层黑暗际炫耀不攻击。不死城主绝望（若都攻击自己十九分身抗不住）。东伯雪鹰拔黑葫芦塞子施火球射穿雄壮男子胸膛（盘波图压制无法闪躲体内波及），称杀他也轻松。二人明白东伯雪鹰完全有灭杀他们把握。东伯雪鹰解释第一层隐藏实力是怕他们不敢进第二层，进第二层是因为一人无把握三天摧毁陨石小山需要帮手。二人无奈当苦力，东伯雪鹰承诺帮摧毁陨石小山放生路。东伯雪鹰黑葫芦火球攻陨石小山受空间阻碍无法碰触（须靠自身领悟杀招非外力）。,东伯雪雅以多层黑暗界及黑葫芦火球威慑二人，揭示隐藏实力是为引二人进第二层当苦力摧毁陨石小山。
我心为天心,运气,装备获取、转折高潮,奖励、高潮,"雄壮男子、不死城主当苦力攻击陨石小山（东伯雪雅一百二十层黑暗界化粉末碎石），一天毁两成。东伯雪鹰焦虑（黑暗界第二式施展不出灭世第六剑卡瓶颈心灵未突破），心灵第三境界""我心为天心""突破后灵魂质提升可施三百至五百层黑暗界达星辰塔第六层战力。第二天雄壮男子打穿空洞得黑色甲铠（极品虚空神兵约三百源界石）。第三天不死城主碾压穿超大空洞（直径五十米），得""碧波界神树""（树苗近五十米碧绿树叶，约一千六百源界石，陨石内九件宝物最珍贵）。第三天大半陨石全化粉末，共十件宝物约三千八百源界石加金须天雷木。东伯雪鹰收二人所有宝物后进入第三层空间入口。二人松一口气抓紧三时辰攻击陨石弥补损失。",三天摧毁陨石小山得十件宝物约三千八百源界石（含碧波界神树约一千六百），东伯雪鹰收二人宝物后进第三层。
我心为天心,宝藏第三层,设定揭示、伏笔埋设,伏笔、揭示、设定,第三层殿厅近百米，宝座后殿壁乌云雕刻（法阵威压笼罩殿厅），边缘镶嵌十二颗黑水珠（单颗超三千源界石共超三万六千源界石，数量多有更神奇用途终极存在搜集）。东伯雪鹰飞刀及一百二十层黑暗界攻击乌云雕刻均被无形流光轻易挡住。宝座通体鬼图圣木雕刻（散发邪恶气息，对灵魂有助益，原始古圣界破碎后无出产，价值约五万源界石）。东伯雪鹰力量及黑暗界均无法取走宝座（法阵封禁与殿厅一体）。东伯雪鹰判断须破九云帝君封禁才能取走宝物，混沌境巨头进第三层都带不走。,第三层殿厅有十二颗黑水珠（超三万六千源界石）及鬼图圣木宝座（约五万源界石），均因法阵封禁无法取走。
我心为天心,殿门开,转折高潮、悬念设置,伏笔、高潮,东伯雪鹰恢复冷静（失之我命得之我幸），仔细查看殿厅装饰品及地面石板均无法取走，殿门无法打开。乌云雕刻法阵有迹可循但三时辰内无法悟出破解之法。第一层天剑宗主与灰袍女子相安无事三天期满被挪移出。第二层不死城主仅得一件宝物约两百源界石（亏本），雄壮男子得三件过千源界石，三天期满被挪移出。黑暗中佝偻身影（傀儡）观看东伯雪鹰，称其潜力悟性数一数二（仅剑主可比，剑主来太虚天宫前已混沌境），非圣主手下未被母祖控制。三天期满东伯雪鹰未挪移出，殿门轰隆开启，外面是宽阔廊道（庞大宫殿之前殿厅仅一小部分），远处空旷庭院火红色大鼎（火狱三界鼎）气息威压达天愚老祖剑主层次。,三天期满东伯雪鹰未挪移出殿门开启，见火狱三界鼎（宇宙级秘宝威压达终极存在层次），傀儡暗中观察称其潜力悟性极高。
我心为天心,选中的帮手,设定揭示、核心伏笔,伏笔、揭示、设定,"火狱三界鼎为宇宙级秘宝层次极高。佝偻黑袍男子（傀儡生命）告知：火狱三界鼎来历未知，九云帝君机缘巧合得到未能参透，名字从圣主处得知，是九云帝君陨落主因（圣主得知后索要被拒，一而再针对，最终一战圣主疯狂针对九云帝君重创后陨落）。圣主独占古圣界最强无可争议第一层次，母祖界祖巫祖刀皇魔山始祖九云帝君为第二层次，天愚老祖剑主虚空始祖淳一法祖等大多数宇宙神为第三层次，万界楼主最特殊（分身无数杀不死）。九云帝君留宝藏是为吸引强者选""帮手""对付圣主，十六座宝藏第三层皆传送至此宫殿。东伯雪鹰被选中（潜力悟性最高非古圣教信徒）。条件：杀一位古圣教圣者（混沌境巨头）得一万源界石宝物，杀五十位圣者或古圣教宇宙神得全部宝物（含火狱三界鼎），星辰塔五层十个抵一圣者四层一百个抵一圣者。",傀儡告知火狱三界鼎是九云帝君陨落主因（圣主索要被拒），东伯雪鹰被选为帮手杀古圣教高层换宝物。
我心为天心,随手涂鸦,悟道、伏笔埋设,伏笔、修炼、爽点,"傀儡给东伯雪鹰符牌（九云大陆范围内激发传送至宫殿换宝物，仅一人使用），带其入隐秘修行静室（媲美万象殿，书架大量典籍占三成空间，一蒲团）。静室典籍可学可传授，半年翻阅近半古修类典籍（《解灭之眼》直指宇宙神古修派系双眸射解灭光分解宇宙），东伯雪鹰考虑兼修古修（问天殿主兼修古修能超远距离传送）。东伯雪鹰对黑暗界第二式""天罚之刃""无法施展原因有猜测（与心灵境界有关，典籍记载第三重""涅火""未达心灵第三境界悟透也无法施展，需大慈悲大奉献愿为众生牺牲领悟涅之意）。墙壁图画痕迹多为未完成绝学，东伯雪鹰发现拐角处四幅图（三完整一残缺），尝试琢磨后惊愕发现与虚空行者体系有关联。",东伯雪鹰获符牌及静室典籍参览权，半年翻阅后猜测天罚之刃施展不出与心灵境界有关，发现墙壁四幅图与虚空行者体系有关联。
我心为天心,虚空的构成,悟道、设定揭示,修炼、揭示、设定、爽点,四幅图第一幅图为虚空方面绝学，需对虚空认知极高（东伯雪鹰虚空行者一脉认知超混沌境巨头），与虚空行者体系截然相反——解剖虚空研究最微小构成。东伯雪鹰观察虚空放大（天地之力粒子→粒子间距空荡→黑布→黑色粒子）。参悟六千余万年（借行者秘藏第四十层根基及九云帝君完整第一幅图引领），完全参悟透第一幅图后看到虚空最核心——无数黑色粒子（黑雾凝聚球体中央有黑幽幽孔洞如通道通往未知）层层叠叠形成无边黑布构成虚空。瞬移撕裂时空通道本质皆借助这些黑布，规则奥妙调动的也是黑布。东伯雪鹰感知透过黑色粒子孔洞渗透进去。,东伯雪鹰参悟六千余万年完全悟透第一幅图，看到虚空最微小构成——黑色粒子（黑雾球体中央孔洞）层层叠叠构成虚空核心。
我心为天心,我看到了,悟道、转折高潮,修炼、高潮、爽点,"东伯雪鹰感知透过黑色粒子孔洞进入""更高层世界""（如二维生命仰望三维），可观看整个世界每一处——九云大陆城池、混沌虚空、七星海圣界（距离越远越模糊），连接两个孔洞形成通道即可超远距离穿梭（媲美沙祖问天殿主等古修天赋），宇宙神大多做不到。九云帝君洞府有无形屏障隔绝外界粒子孔洞（沙祖问天殿主等无法进入，傀儡不送出则无法离开），九云帝君虚空造诣超越圣主及虚空始祖。东伯雪鹰被挪移出洞府后找不到洞府位置（九云帝君手段高深完全隐藏），以超远距离传送赴混沌虚空。东伯雪鹰决定回家乡看看亲人。",东伯雪鹰感知透过黑色粒子孔洞看到更高层世界，获超远距离穿梭能力（媲美古修天赋），九云帝君洞府有屏障隔绝无法找到。
我心为天心,回到家乡,情感展现、人物引入,人物、情感,东伯雪鹰以超远距离传送回家乡宇宙（数亿年即归，混沌境巨头赶路需千万年），初始之地黑色野狗（星辰塔第六层实力，法阵加持达第七层）及白发老者感应到东伯雪鹰已合一境内殿长老。东伯雪鹰见血刃神帝（暗红衣袍修行星域），血刃神帝震惊其实力看不透，东伯雪鹰解释遇虚空廊道至东麟圣界近处遇魔祖早抵太虚天宫，时光殿修行数百亿年。约定一月后帝君府盛宴。东伯雪鹰见东伯玉已超脱成一方老祖收徒众多（比修行突破还开心），得知余靖秋未超脱准备沉睡大多时间在洞天世界，东伯青瑶在帝君府主持。,东伯雪鹰以超远距离传送数亿年回家乡宇宙，见血刃神帝约定盛宴，发现东伯玉已超脱成老祖，余靖秋未超脱准备沉睡。
我心为天心,创绝学,悟道、情感展现,修炼、情感、爽点,东伯雪鹰回帝君府见余靖秋（惊喜万分），夫妻散步谈论修行（东伯雪鹰见识超当初剑主，指点触动余靖秋）。东伯雪鹰太虚天宫内部及七星海阁发出求购赤云榴心消息（隐藏身份），第一选择赤云榴心找不到请天愚老祖帮忙，实在不行退而求其次。给余靖秋一百颗源界石服用（灵魂强大稳定寿命延长至少五亿年修行参悟效果极好），源界石对宇宙神都起作用让四重天界神服用很奢侈。东伯雪鹰创二十八本绝学（界神至虚空神阶段，大半比万魔真身强，纯为家乡后辈），放入藏书屋。帝君府盛宴到来，青君、炼狱主宰、庞依、元初主人、时空岛主、深渊始祖等主宰及火铖尊者等熟识参加。,东伯雪鹰见余靖秋给一百颗源界石服用，求购赤云榴心，创二十八本绝学供家乡后辈，帝君府盛宴举行。
我心为天心,求救,转折高潮、矛盾展现,冲突、高潮,盛宴上元初主人突破虚空神（得东伯雪鹰指点），众主宰祝贺，元初主人躬身行礼感谢。众主宰围东伯雪鹰询问修行（波动杀戮虚界虚空最擅长其他方面亦能说观点，主宰们如获至宝打开一扇门）。千余年后东伯雪鹰陪妻子指点修行继续创绝学，血刃神帝翻看藏书屋典籍赞叹（超越自己），赤云榴心仍未找到（一亿年找不到请天愚老祖）。东伯雪鹰接太虚天宫求救任务——魔剑客（刀皇城统领星辰塔五层）被启午宫主（古圣教声名赫赫高手擅长用毒巫修兼古修星辰塔五层）追杀生死一线，任务功绩点三百万。东伯雪鹰接取任务称盏茶时间可抵达。九云大陆魔剑客被追杀（中毒拼命逃窜），启午宫主巫毒余波灭一支部落数千族人。魔剑客向刀皇城求救偏移太远一天时间，绝望中得太虚天宫消息盏茶时间后有高手抵达。,盛宴上元初主人突破虚空神，千余年后东伯雪鹰接救援魔剑客任务（被启午宫主追杀），称盏茶时间可抵达。
我心为天心,斩杀,战斗描写、转折高潮,战斗、高潮,东伯雪鹰一迈步空间扭曲消失（超远距离传送），家乡宇宙到九云大陆瞬间抵达。东伯雪鹰隐瞒超远距离传送能力（合一境掌握此能力闻所未闻，等成混沌境再公开兼修古修不怀疑），拖延盏茶时间后找到魔剑客。东伯雪鹰不隐藏容貌（不长期待九云大陆），施多层黑暗界罩住启午宫主，一百二十层同时爆炸。启午宫主化作鳞片蜥蜴异兽（巫毒改造身体）重伤遁逃，东伯雪鹰循虚空轨迹追杀。启午宫主保命能力厉害若靠自身需追杀半天，东伯雪鹰用黑葫芦火球（星辰塔第六层威能）配合盘波图、多层黑暗界迅速击杀。魔剑客驱毒后感激（启午宫主已死不敢相信如此快），邀东伯雪鹰回住处招待。二人穿梭虚空前行，东伯雪鹰突然叫停皱眉俯瞰下方。,东伯雪鹰以多层黑暗界重伤启午宫主，追杀后以黑葫芦火球迅速击杀，魔剑客感激邀其回住处。
我心为天心,弱小是罪？,情感展现、人物心理,情感,下方山谷部落数万生命全死（灵魂湮灭表面无伤势），启午宫主巫毒余波所致。东伯雪鹰带魔剑客循虚空残留痕迹看多处被波及聚集区（湖边寨子等）全部死亡。东伯雪鹰质问魔剑客逃命时为何不避开部落（大可逃往荒野山林湖泊），魔剑客称弱者为蝼蚁不在意（东伯雪鹰判断其故意经部落或希望隐居大高手出手阻止启午宫主）。魔剑客不满东伯雪鹰针对自己，瞬移离去。东伯雪鹰判断魔剑客为刀皇城核心成员不可轻易杀（刀皇与巫祖界祖母祖相当，东麟七星海六大圣地关系极好近乎铁板一块），且仅认为其冷漠狠辣不该死。东伯雪鹰继续瞬移查看其他被波及处无生命幸存。,东伯雪鹰发现启午宫主追杀魔剑客途中巫毒波及数部落全灭，质问魔剑客为何不避开被反驳为蝼蚁，判断其为刀皇城核心不可杀。
我心为天心,我心为天心（本篇终）,悟道、转折高潮,修炼、高潮、爽点,"东伯雪鹰九云大陆三年行走观察大量弱者被屠戮场景（部落拼杀争奇珍、魔头屠戮聚集区数百万生灵修行邪术），以盘波图镇死一魔头。东伯雪鹰看一虚空神少主归来庇护家族地位提升（一人庇护一族），心境大量思绪涌动——强者独善其身则弱者死光，拥有力量即拥有责任必须站出来庇护弱小（弱小有罪也罪不至死，每个强者从弱小而来）。东伯雪雅回家乡宇宙黑雾海帝君府，意识覆盖宇宙每一处生灵（物质界黑暗深渊神界凡人修行者），""谁都别想毁掉这一切""。黑雾海上空东伯雪鹰体表迸发灵魂光芒凝结法衣（至高无上规则显化，光芒无处不在照耀宇宙每一生灵心灵），余靖秋东伯玉东伯青瑶血刃神帝池丘白火铖尊者及青君元初主人炼狱主宰时空岛主等主宰皆看到，全宇宙一切生灵皆看到。血刃神帝震撼称此为心境第三层""我心为天心""（传说，本宇宙此前仅剑主魔祖两位做到，东伯雪鹰为第三位）。","东伯雪鹰九云大陆三年行走观察弱者被屠戮触动心境，回家乡宇宙黑雾海突破心灵第三境界""我心为天心""法衣加身无量光芒，本宇宙第三位达到此境界。"
古修之始,星辰塔第六层,悟道、设定展开,修炼、设定、爽点,"东伯雪鹰突破心灵第三境界""我心为天心""法衣加身后，灵魂质提升如铁锻造成钢，意志凝练威力大增心力急剧增强。向血刃神帝解释突破源于九云大陆三年行走观察弱者被屠戮的认知——强者从弱小而来，独善其身或肆意屠戮则弱小无生存之望。血刃神帝听了无触动（心境需自悟）。东伯雪鹰赴混沌虚空演练招数，多层黑暗界从一百二十层增至六百层（五倍），量变引起质变威能媲美黑葫芦火球达星辰塔第六层战力。尝试施展黑暗界第二式""天罚之刃""（太虚天宫闭关时已悟透种种奥妙却施展不出，翻九云帝君典籍判定为心境问题）。",东伯雪鹰突破心境后灵魂质提升，混沌虚空演练六百层黑暗界达星辰塔第六层战力，尝试施展天罚之刃。
古修之始,天罚,悟道、转折高潮,修炼、高潮、爽点,"天罚之刃成功施展——虚幻世界中一丝光芒凝聚化作耀眼刀刃从虚幻降临真实，""我心为天心，天心一怒，便是天罚""。天罚之刃镇压一切令规则在一定范围内受压制，玄妙程度匹敌混沌境巨头招数，威能比六百层黑暗界及黑葫芦火球都强，同时施展三道为极限。东伯雪鹰对混沌境产生模糊认知（虚界道凝练为虚界之源，打破虚界之源化作混沌，包含无限可能），虚空行者体系达第四十层再进一步即混沌境。实力媲美较弱混沌境巨头（吞噬类体系第六层实力者），太虚天宫内殿长老中无星辰塔六层者。八千万年后接赤云榴心求购消息（东麟圣界曲母城东麟殿），激动捏碎酒杯。",天罚之刃成功施展（三道为极限）威能镇压一切，东伯雪鹰对混沌境产生模糊认知，八千万年后接赤云榴心求购消息。
古修之始,赤云榴心,情节推进、装备获取,奖励,东伯雪鹰超远距离传送赴东麟圣界曲母城东麟殿（两次传送抵达，第一次偏移第二次精确）。赤红独角颓废中年人（从万古圣界花十万源界石请混沌境巨头传送至东麟圣界）以五千源界石加三件事换赤云榴心：一收万古圣界青鹏门弟子云鹏为徒保万亿年安全提供至合一境资源；二杀魁魔崖两位首领（星辰塔五层，千亿年内）；三庇护青鹏门万亿年不覆灭。东麟殿见证，未完成一件赔一千源界石三件未完成赔三千源界石。东伯雪鹰查情报（万古圣界巫祖界祖各统治一半，界祖统治区域混乱吞噬公开，魁魔崖凶戾青鹏门古修门派有青鹏传承），答应条件承诺一年内抵达青鹏门。,东伯雪鹰赴东麟殿与独角中年人交易，以五千源界石加三件事（收徒云鹏、杀魁魔崖首领、庇护青鹏门）换得赤云榴心。
古修之始,调查,情节推进、设定展开,设定,东麟殿查探云鹏不在青鹏门（青鹏门弟子议论云鹏等被掳走），再花两百颗源界石查探云鹏在万古圣界金食国魔眼神府为奴隶（金食国主为界祖亲传弟子）。东伯雪鹰回乡为余靖秋布置宇宙神炼制神殿（九百源界石），黑色玉瓶装芡易水灵液（一千两百颗源界石维持三亿八千万年），总耗七千一百颗源界石（史上宇宙神混沌境巨头为四重天界神亲人超脱的最佳辅助修行之法）。余靖秋闻赤云榴心清香灵魂轰鸣参悟效率近乎媲美顿悟，吃下赤云榴心（青色能量融入体内灵魂战栗）。东伯雪鹰嘱咐闭关三亿余年珍惜每点时间修行。,东麟殿查探云鹏在金食国魔眼神府为奴隶，东伯雪鹰回乡为余靖秋布置神殿配芡易水灵液及赤云榴心，总耗七千一百颗源界石。
古修之始,云鹏,环境铺陈、人物引入,人物、设定,万古圣界地位独特（应对两大教派与三大圣界站一边，实力五大圣界排第二，界祖实力不亚母祖巫祖手段众多）。界祖巫祖各统治一半互不干涉，巫祖统治区域巫修行体系繁华（苍祖陨落后规则奥妙体系式微天愚老祖建太虚天宫，巫体系全方面战力优于规则奥妙体系）。金食国魔眼神府内云鹏被绿皮肤巨汉鞭打一百鞭（眉心紫色痕迹女子令其跪伏脸贴地），云鹏为青鹏门弟子被抓为奴隶逃不出去，抓住每点时间修行渴望成虚空神恢复自由。东伯雪鹰超远距离传送至金食国外，几步跨千万里至魔眼神府门前（星辰塔第六层战力在五大圣界历史上留名）。,万古圣界界祖巫祖各统治一半，云鹏在魔眼神府为奴隶受鞭打仍坚持修行，东伯雪鹰传送至魔眼神府门前。
古修之始,师徒相见,矛盾爆发、人物引入,人物、冲突,东伯雪鹰以盘波图侵入魔眼神府观察云鹏（乖乖跪伏脸贴地），在酒楼观察数日发现云鹏抓住每点时间修行。血虫尊者（魔眼邪君爱徒，合一境吞噬类，喜吞吃生灵提炼精华融入自身，界祖为最完美躯体连巫祖都无法获胜）在刑罚室舔食云鹏血肉（发现青鹏之血对身有助益）。东伯雪鹰现身粉碎云鹏锁链，云鹏跪拜磕头认师。魔眼邪君（紫袍邪异男子眉心痕迹）现身欲吞吃东伯雪鹰，金食国主（金色头发金色皮肤血盆大口朝天鼻，界祖亲传弟子兼修古修吞噬类星辰塔五层加古修巅峰，实力相当未突破心境时东伯雪鹰）出面，魔眼邪君一口吞食血虫尊者谢罪。金食国主邀东伯雪鹰皇宫宴请。,东伯雪鹰以盘波图观察云鹏后出手救下（血虫尊者正吞食云鹏），金食国主出面魔眼邪君吞食徒弟谢罪，邀东伯雪鹰宴请。
古修之始,安全的地方,人物心理、情节推进,情感,金食国主皇宫宴请东伯雪鹰，东伯雪鹰施展三百六十层黑暗界摧毁皇宫法阵及石雕（金食国主暗惊威能略高于自己绝招，三百六十层摸到星辰塔六层门槛）。双方气氛融洽金食国主真心交友（目光放眼五大圣界混沌虚空）。东伯雪鹰提及青鹏门约定，金食国主吃惊。东伯雪鹰撕裂空间通道带云鹏回乡（金食国主惊叹空间造诣一般混沌境才能做到）。家乡宇宙帝君府东伯雪鹰收云鹏为记名弟子（云鹏为真神，东伯玉东伯青瑶震惊父亲仅收记名弟子），传授门下法规（比太虚天宫更严）。嘱咐儿女带云鹏了解宇宙（家乡宇宙比万古圣界平和万倍），云鹏不适应如此安全热心环境。,东伯雪鹰施展三百六十层黑暗界震慑金食国主，带云鹏回乡收为记名弟子传授法规，嘱咐儿女照顾。
古修之始,太上长老东伯雪鹰,转折高潮、设定展开,设定、高潮,东伯雪鹰赴万古圣界青鹏门，以黑葫芦火球（百万里直径火焰星辰，影响规则运转令法阵崩溃）及盘波图（束缚全门高手含星辰塔四层黄发老者卑宙）震慑，自任太上长老（万古圣界信奉实力青鹏门弟子狂喜跪伏，安全为这片大地修行者渴求）。东伯雪鹰布置三座法阵：盘波图奥妙核心警戒法阵、虚界法阵（陷幻境）、灭世第五剑所创杀阵。传授门主古殇（星辰塔三层）及隐居高手卑宙（星辰塔四层原最强）操纵之法。东伯雪鹰在洞府闭关修行禁止弟子打扰。古殇期待魔头来犯以杀阵发威，卑宙叮嘱弟子勿触怒太上长老。古殇猜测太上长老为青鹏传承而来（青鹏传承烙印山脉永不灭，历史有混沌境巨头观摩）。,东伯雪鹰以黑葫芦火球及盘波图震慑青鹏门自任太上长老，布置三座法阵（警戒、虚界、杀阵）传授操纵之法。
古修之始,魁魔崖首领,矛盾展现、伏笔埋设,伏笔、冲突,"东伯雪鹰回乡通过七星海阁定情报——魁魔崖两位首领离开老巢时通知（老巢有重重保命手段硬闯杀不掉）。魁魔崖两位首领为星辰塔五层实力（黑魁魔全身黑甲铠血色眸子凶名在外，弃湖君身影模糊擅长领域保命）。七百万年过去余靖秋未超脱东伯雪鹰心乱。七星海阁情报传魁魔崖两位首领赴御风城（御风城主星辰塔四层保命极强自号御风城化风遁逃），东伯雪鹰超远距离传送至御风城等三万年。魁魔崖两位首领撕裂空间通道降临（黑魁魔威压波及千里湮灭，弃湖君声音尖利），索要御风城主""石镜""宝物（古修修行关键）。御风城主激发法阵化风遁逃。",东伯雪鹰通过七星海阁情报在御风城截杀魁魔崖两位首领，魁魔崖首领索要御风城主石镜宝物，御风城主化风遁逃。
古修之始,意外,战斗描写、转折高潮,战斗、高潮,东伯雪鹰六百层黑暗界笼罩黑魁魔（降临即笼罩无法躲避），六百层毁灭黑魁魔身体被摧毁大半迅速生长。弃湖君无数半透明丝线缠绕东伯雪鹰被盘波图压制（盘波图略胜弃湖君领域）。东伯雪鹰施三道天罚之刃从三方向斩黑魁魔，黑魁魔激发护体宝物（蒙蒙白光）硬抗三道天罚之刃无损。东伯雪鹰惊（三道天罚之刃连自己虚空行者四十层都得丢命），判断黑魁魔护体宝物来历可疑（一般星辰塔五层买不起两三千源界石护体宝物，第一次硬抗不用可疑为两大教派成员）。三大圣界发现两大教派成员一般杀无赦。,东伯雪鹰六百层黑暗界及三道天罚之刃攻击黑魁魔，黑魁魔激发护体宝物无损，东伯雪鹰判断其为两大教派成员。
古修之始,太虚天宫的惊喜,伏笔深化、转折高潮,伏笔、高潮,东伯雪鹰判断黑魁魔为两大教派成员（太虚天宫情报未发现其护体宝物及背后势力，第一次硬抗不用护体宝物可疑）。弃湖君发愣（不知黑魁魔有护体宝物）后胆寒欲逃，东伯雪鹰三道天罚之刃笼罩弃湖君，弃湖君化水流被斩成截又合流遁逃撕裂空间通道（保命能力极强东伯雪鹰惊叹）。东伯雪鹰不再追（盯黑魁魔）。东伯雪鹰传讯问天殿主上报黑魁魔疑似两大教派成员。问天殿主超远距离观察发现东伯雪鹰掌握天罚之刃达星辰塔第六层实力（比发现两大教派奸细更惊喜，太虚天宫现内殿长老中无星辰塔六层者），上禀天愚老祖。,弃湖君化水遁逃，东伯雪鹰传讯问天殿主上报黑魁魔疑似两大教派成员，问天殿主发现东伯雪鹰达星辰塔第六层实力上禀天愚老祖。
古修之始,威胁,伏笔深化、悬念设置,伏笔,问天殿主上禀天愚老祖东伯雪鹰达星辰塔第六层实力（天愚老祖惊诧开心，虚界道悟性比杀戮道更高，将来成混沌境至少星辰塔八层第九层有望），同时通知界祖门下查探弃湖君。星辰塔实力层次两层差距为横扫屠戮差距（混沌殿主星辰塔九层攻击威能达终极存在层次一招秒杀天哭门主，罗城主以混沌境之身压制多数宇宙神）。太虚天宫及界祖门下遥遥观看等两大教派是否救黑魁魔。黑魁魔护体宝物能量耗尽主动消散殉教（口呼圣主为圣主牺牲为荣耀），确认为古圣教成员。古圣教圣者遥遥观看（不救黑魁魔因太虚天宫界祖门下关注，除非圣主亲临）。魍冥圣者（古圣教较弱圣者星辰塔六层，弟弟被东伯雪鹰所杀）开始拜访教内圣者牵线定计划铲除东伯雪鹰（星辰塔六层天才历史上不少被两大教派暗算）。问天殿主化身赴御风城告知古圣教关注东伯雪鹰实力需小心。,天愚老祖得知东伯雪鹰达星辰塔第六层实力开心，黑魁魔殉教确认为古圣教成员，魍冥圣者开始牵线定计划铲除东伯雪鹰，问天殿主化身赴御风城告知需小心。
古修之始,古修之始,悟道、设定揭示,修炼、揭示、设定、爽点,"问天殿主送天愚老祖赐护身宝物（暂用成混沌境返还，价值超五千源界石），告知界祖门下审问弃湖君后确认非两大教派成员释放（东伯雪鹰将来还得找弃湖君）。东伯雪鹰在万古圣界深山布置警戒法阵（虚界盘波图虚空奥妙构成渗透虚空最核心构成），施启灵术（觉醒术开天术，古修最成熟版本挖掘身体灵魂潜力觉醒天赋）。东伯雪鹰实力太强灵魂身体太强觉醒天赋反而极难，感应距离远超盘波图。觉醒古修天赋——魇术（身体释放诱惑气息灵魂释放气息引导人入幻境，虚界方面天赋体现，无正面战斗能力偏幻境）。选择九云帝君典籍中""朱魇传承""（擅长操纵幻境异兽朱魇，灵魂帮助最大，修行极点可达混沌境，宇宙神中很多自己开辟道路）。",问天殿主送天愚老祖赐护身宝物，东伯雪鹰在万古圣界深山施启灵术觉醒古修天赋魇术，选择九云帝君典籍中朱魇传承修行。
古修之始,超脱，永恒,情感展现、转折高潮,情感、高潮,"东伯雪鹰通过七星海阁搜集朱魇传承修行至合一境极致所需资源花九百余颗源界石（古修重视资源无资源无法突破）。在青鹏门后山太上长老洞府静室修行（家乡宇宙不适合修炼对宇宙有压迫损伤），十年达真神主宰层次灵魂提升近一成。余靖秋传讯东伯雪鹰即归，余靖秋八百万年超脱（赤云榴心能量预计三亿年有余，八百万年即突破），看到最基础天地规则运转。东伯雪鹰超远距离传送归乡，余靖秋从时光长河中飞出庞大女子身影融入体内真正超脱永恒。东伯雪鹰比成宇宙神还满足（父母弟弟宗叔铜叔离去时无法容忍妻子儿女也离去）。余靖秋问赤云榴心价值，东伯雪鹰答""没你高""。",东伯雪鹰朱魇传承十年达真神主宰，余靖秋八百万年超脱永恒从时光长河飞出身影融入体内，东伯雪鹰比成宇宙神还满足。
古修之始,朱魇八变,悟道、设定展开,修炼、设定、爽点,"余靖秋超脱后三十万年，东伯雪鹰在青鹏门洞府修炼朱魇传承，朱魇虚影发出鸣叫波及整个青鹏门。东伯雪鹰达朱魇第四变（合一境），朱魇八变前期基础后期八变（第一变跨虚空神，前三变初生境，中三变合一境，第七八变混沌境，极致为混沌境绝对高手，创造者曾创第九变未成功）。第七变从本质核心改造朱魇蜕变（改变朱魇构成），东伯雪鹰对朱魇幻境世界构成不满意（虚界道成就达星辰塔六层，朱魇潜力极致仅星辰塔五层，可改进幻境世界，改进发生质变即跨混沌境）。灵魂强度提升六成可施五道天罚之刃。余靖秋超脱后十万年开辟""时间之道""（非预期的寒冰之道）。古圣教魍冥圣者请加冥之主（星辰塔九层级数，古圣教寻踪仅次于圣主能看未来）探查东伯雪鹰位置（一百颗源界石），加冥之主施秘术被天愚老祖识破（驼背老者现身""果然不出我所料""），加冥之主认出天愚。",东伯雪鹰达朱魇第四变（合一境）灵魂提升六成可施五道天罚之刃，余靖秋开辟时间之道，加冥之主探查东伯雪鹰位置被天愚老祖识破。
古修之始,惬意的日子,人物心理、伏笔深化,伏笔、情感,天愚老祖为规则奥妙体系领袖，炼器法阵成就极高，寻踪手段能轻易遮蔽加冥之主（宇宙神中过半不及加冥之主寻踪但天愚老祖不在其中）。加冥之主告知魍冥圣者天愚老祖早有准备将遮蔽宝物给东伯雪鹰随身携带，施秘术被发现，建议求圣主出手（魍冥圣者不敢惊扰圣主）或改变计划。母祖教与古圣教不和（母祖希望圣主身死），隐藏身份请巫祖瑶光之主帮忙寻踪会发现天愚老祖遮蔽给面子。东伯雪鹰接天愚老祖传讯知古圣教追查踪迹，靠护身宝物及超远距离传送自信（除非宇宙神亲临否则奈何不了），但超远距离传送不适合暴露（合一境能施展会引起宇宙神关注擒拿探查灵魂记忆）。日子惬意悠闲参悟虚界道行者秘藏盘波图朱魇传承，古圣教无后续动作。五百万年后东伯雪鹰悟出朱魇第六变，传送至青鹏门洞府静室修行（红色晶石黑色木头化作能量），朱魇鸣叫羽翼扇动火红色气流弥漫，眉心凝聚火红色朱魇印记。朱魇传承达合一境极致完全挖掘朱魇潜力，接下来可改变朱魇核心令其蜕变。,加冥之主告知天愚老祖遮蔽识破，东伯雪鹰知古圣教追查靠护身宝物自信，五百万年后悟出朱魇第六变达合一境极致完全挖掘朱魇潜力。
古修之始,黑帝,人物引入、伏笔埋设,人物、伏笔,"东伯雪鹰朱魇传承达第六变（合一境极致），灵魂强度为未古修前三倍可施十道天罚之刃，接下来改变朱魇核心幻境世界构成提升至星辰塔六层级数为巨大成功。万古圣界另一处黑帝城（云层上黑帝宫下方上亿里城池禁魔头吞吃杀戮），黑帝（原始古圣界时期名声赫赫混沌境巨头，星辰塔九层，界祖生死兄弟，古修非吞噬类）修炼四门相辅相成传承（赤红深青耀白玄黑四道气息，玄黑色不稳为最后一门未练成，四门圆满可跨终极之境卡最后瓶颈）。黑帝感应到青鹏门有修炼朱魇传承达六变者（朱魇传承为黑帝所创外界传播八变实有九变，黑帝四门传承之一），三万年穿大半个万古圣界至青鹏门外。天愚老祖宝物遮蔽黑帝无法窥伺东伯雪鹰但传承可感应位置及成就。黑帝挪移青鹏门合一境高手询问太上长老，通过界祖门下情报确认东伯雪鹰身份（太虚天宫弟子），称""我这一脉第三个后辈""（漫长岁月仅三人将朱魇传承修至合一境极致），隐居青鹏门旁山峰观察是否可传另外三门传承。",黑帝（星辰塔九层级祖生死兄弟古修）感应到东伯雪鹰修炼朱魇传承达六变，通过情报确认身份，隐居青鹏门旁观察。
古修之始,实力大进,悟道、转折高潮,修炼、高潮、爽点,黑帝隐居青鹏门旁百万年有余，东伯雪鹰改进朱魇核心幻境世界构成达星辰塔六层实力（朱魇脱胎换骨），黑帝惊叹（另外两个后辈仅星辰塔五层未改进，东伯雪鹰主动改进达六层速度快天资悟性不亚于黑帝）。东伯雪鹰灵魂提升四倍余可施十五道天罚之刃（三道为星辰塔六层，十五道或许有资格冲击星辰塔第七层，六大圣地历史上星辰塔七层仅两位）。朱魇传承靠虚界道积累做到这步，再进须进混沌境。虚界道虚空行者体系（四十层）触摸混沌境，杀戮道灭世第六剑对实力无增进，波动道领域突破有明显帮助。多条道路兼修触摸混沌境认知越深跨混沌境把握越大（星辰塔七层都必定跨混沌境因多条道路兼修）。魍冥圣者化身（改变容貌气息）出现在青鹏门外遥遥看青鹏门眼含杀意。,东伯雪鹰改进朱魇核心达星辰塔六层实力灵魂提升四倍余可施十五道天罚之刃或许有资格冲击星辰塔第七层，魍冥圣者化身出现在青鹏门外。
古修之始,东伯小友,转折高潮、战斗描写,战斗、高潮,"魍冥圣者四处牵线数百万年弄出第二计划（教内勉强同意，寻踪失败后太虚天宫极谨慎东伯雪鹰可能放弃青鹏门，太虚天宫可能将计就计布陷阱）。魍冥圣者化身直扑青鹏门喊""卑宙老贼快出来受死""（紫袍身影劈紫色雷电霹雳法阵摇摇欲坠）。东伯雪鹰在洞府静室听到动静以为卑宙长老敌人，判断威势至少星辰塔五层或许更高，穿天愚老祖赐淡白色衣袍（灵魂护身）出静室。一道黑光从虚无中显现到东伯雪鹰面前（大惊能悄无声息侵入领域），恐怖波动混沌威压笼罩青鹏门（比黑光威胁强十倍百倍）。黑衣女子（黄泉之主，古圣教众圣者最顶尖之一星辰塔九层级数以刺杀偷袭出名，仅化身）被迫显现，黑帝（黑袍男子）走来。黑帝称""有我在你们就别想伤东伯小友分毫""，蓬蓬碾碎魍冥圣者化身及黄泉之主化身。东伯雪鹰愣（今天之前从未见过黑帝）。","魍冥圣者化身及黄泉之主化身偷袭青鹏门，黑帝现身镇压化解碾碎两具化身，称东伯雪鹰为""东伯小友""。"
古修之始,休养生息,伏笔深化、情感展现,伏笔、情感,东伯雪鹰谢黑帝出手（黑帝称东伯雪鹰面对袭击无惊慌早有抵挡手段天愚老祖赐保命之物，借机出手见见面）。黑帝称隐居青鹏门是因为东伯雪鹰（朱魇传承），二人入洞府。青鹏门高层辨认出黑帝身份心颤咋舌（黑帝威名远凌驾寻常混沌境与界祖兄弟相称）。古圣界魍冥圣者脸色难看（辛苦劝说教内高层请黄泉之主出手一次被黑帝插手，黄泉之主化身消散无损失）。古圣教属休养生息阶段（圣主发起战争血雨腥风宇宙神陨落常见，战争结束双方休养生息小规模交手连混沌境巨头陨落罕见），魍冥圣者等机会（战争爆发引些许力量碾压东伯雪鹰）。古亓因胆大妄为坏圣主好事惹圣主暴怒追杀（七星海圣界等地不敢庇护，母祖圣界万古圣界有望抗住，古亓为终极存在境虚空行者逃命极强活到今天，禁止东伯雪鹰公开是其弟子）。黑帝告知朱魇传承为其所创（独一份传承分四门，对外传播八变实有九变），可传授第九变（希望后来者做到自己做不到的终极之境）。,黑帝告知隐居青鹏门因东伯雪鹰修炼朱魇传承，朱魇传承为黑帝所创（独一份传承分四门），可传授第九变。古圣教休养生息魍冥圣者等机会。
古修之始,巴龙,装备获取、悟道,修炼、奖励、爽点,黑帝告知独一份传承分四门相辅相成（朱魇、九蛇、巴龙、山兽，四门兼修合一境达星辰塔七层堪称完美无缺——灵魂强大生命力极强战斗极强身体强度极强逃命极强，四门圆满可跨终极之境），愿再传一门（先集中精力学一门更好，两门达极高境界可再传第三门）。黑帝未索求（困最后瓶颈太久希望后来者做到，不缺宝物靠山纯粹执念，界祖选择吞噬类简单路跨终极存在黑帝选择完美路卡瓶颈）。东伯雪鹰选《巴龙传承》（杀戮倾向，九蛇生命力山兽防御非擅长），震撼四门传承完美一体（兼修虚界波动杀戮虚空行者超远距离传送也算手段多但远不及完美）。东伯雪鹰想到罗城主（混沌境之身压制多数终极存在境界高不可想象似触犯未知禁忌无法突破宇宙神）。黑帝传《朱魇传承》第九变及《巴龙传承》全本飘然而去。东伯雪鹰八百万年将巴龙传承推至合一境极致（杀戮道成就极高一路摧枯拉朽），身体强度提升护甲媲美下品虚空神兵（对进攻无提升但虚空行者身体变强）。决定出去杀弃湖君完成承诺。,黑帝告知四门传承完美一体，传东伯雪鹰朱魇第九变及巴龙传承（杀戮倾向），东伯雪鹰八百万年将巴龙传承推至合一境极致身体强度提升。
古修之始,时来运转,伏笔埋设、人物心理,伏笔、情感,弃湖君被界祖门下释放后搜刮魁魔崖，循印记追杀御风城主得石镜宝物（古修修行关键），参悟数百万年看到跨入混沌境道路，放弃杀戮掠夺一心钻研石镜蛰伏澜沧山脉宫殿（心境不会轻易改变东伯雪鹰估计弃湖君隐忍蛰伏但料错——弃湖君狂热沉浸石镜参悟）。石镜曾名石心残盾鳞片古甲等（古修体系强者手中传递引起血雨腥风，界祖悄然带走改头换面继续送古修手中，此次石镜模样仅流传五位合一境手中名气不大）。东伯雪鹰通过七星海阁情报找到弃湖君澜沧山脉宫殿，以朱魇幻术（星辰塔六层实力，眉心火红色朱魇印记身后朱魇神鸟扇翼火红色气流弥漫）穿过法阵影响宫殿侍从手下（灵魂波动穿过法阵幻境为灵魂攻击），侍从手下浑浑噩噩被席卷进幻境。,弃湖君得石镜宝物参悟数百万年看到混沌境道路蛰伏，东伯雪鹰通过情报找到弃湖君以朱魇幻术穿过法阵影响宫殿侍从。
古修之始,石镜（本篇终）,战斗描写、转折高潮,战斗、高潮,"朱魇幻术影响弃湖君（心境心意如刀层次不停在挣脱幻境陷入幻境中挣扎，心力仅发挥五六成，院子内场景与幻境混淆）。东伯雪鹰轻松破解无操纵者的法阵，一步抵达弃湖君面前。弃湖君挣扎喊""饶""眼睁不开。东伯雪鹰施两千五百层黑暗界（朱魇幻术同时施展时极限，威力远超单一天罚之刃，汇聚内部不波及四方），连续五次击杀弃湖君（弃湖君化水身体极强若非幻境影响可硬抗数十次，第一次重创气息弱，第五次完全湮灭）。东伯雪鹰得弃湖君遗留宝物及石镜（弃湖君受困幻境仍抓石镜），隐隐感觉特殊仔细查看。界祖宫中界祖（五大圣界实力仅次于圣主，吞噬类体系传播者，瘦小深绿衣袍大嘴天真笑容）与黑帝暗中关注，揭示石镜为界祖所传古修宝物（不断传递改头换面送古修手中），黑帝称东伯雪鹰得黑帝一分支传承又得界祖所传之宝或有资格加入""这一门""（界祖嗤笑""就凭这小子""）。",东伯雪鹰以朱魇幻术及两千五百层黑暗界连续五次击杀弃湖君得石镜，界祖宫中界祖与黑帝暗中关注揭示石镜为界祖所传古修宝物。
师傅和徒弟,神奇,装备获取、设定展开,奖励、设定,东伯雪鹰斩杀弃湖君后，弃湖君宫殿法阵尽消，侍从仆人们恢复自由四散飞离。东伯雪鹰在海边沙滩探查石镜——彩色花纹显现，左边花纹据《朱魇传承》进化成彩色花朵（混沌境层次），右边花纹据《巴龙传承》进化成战旗（混沌境层次），二者交汇融合成邪恶黑色花朵（两门古修传承融合为一体）。石镜仅对古修体系有引领推演之能，可补全残缺古修法门甚至创出新法门。东伯雪鹰兼修三大体系（规则奥妙、虚空行者、古修），石镜成为跨入混沌境一大助力。,东伯雪鹰斩杀弃湖君获石镜，石镜能引领推演古修传承融合（朱魇传承与巴龙传承交汇成黑色花朵），为跨入混沌境一大助力。
师傅和徒弟,得罪谁？,悟道、伏笔埋设,伏笔、修炼、爽点,石镜在漫长岁月中以各种模样落入一位位古修手中（界祖暗中操控传递让石镜消失换主），万古圣界内混沌境层次古修超一半得到过。东伯雪鹰游历万古圣界（幽暗大峡谷、冰湖、火焰神山），以石镜引领修炼率先突破杀戮道掌握灭世第六剑，《巴龙传承》进化至媲美《朱魇传承》（身体更强大体表鳞甲防御更了得）。万古圣界沙漠绿洲部落遭红袍老者（星辰塔三层）及十二黑袍人（星辰塔一二层，借宫主令牌）抓捕实验体（三十万），东伯雪鹰现身以盘波图领域捆缚众人，红袍老者咆哮威胁称已上禀宫主。,石镜传递秘辛（界祖暗中操控），东伯雪鹰突破杀戮道掌握灭世第六剑，沙漠绿洲部落遭巫修抓实验体东伯雪鹰出手捆缚众人。
师傅和徒弟,千眼宫主,人物引入、矛盾收束,人物、冲突,东伯雪鹰封禁红袍老者等实力，引诱十二黑袍人进入幻境世界套出背后宫主身份（邪眼宫主）。东伯雪鹰操纵十二块黑色令牌驱除部落数十万子民体内黑雾，族长率众迁移（洞天宝物收族人）。邪眼宫主（披灰袍阴冷男子，邪恶巫修改造身体灵魂，星辰塔五层佼佼者）与白发朴素老者（雷塔主雷炎）乘混沌飞舟到来，雷塔主认出东伯雪鹰（太虚天宫内殿长老，隐隐星辰塔六层，最擅长天罚之刃），邪眼宫主称要给东伯雪鹰教训。,东伯雪鹰驱除部落黑雾，邪眼宫主（星辰塔五层邪恶巫修）与雷塔主（雷炎）到来，邪眼宫主要教训东伯雪鹰。
师傅和徒弟,弱点,战斗描写、转折高潮,战斗、高潮,"东伯雪鹰当邪眼宫主面湮灭红袍老者及十二黑袍人。邪眼宫主双眸飞出两道黑色气流（上百头黑甲虫子），体型暴涨长出六条手臂灰色皮肤遍布眼睛图案，杀向东伯雪鹰。东伯雪鹰身后显现火红色神鸟朱魇，红色气流笼罩邪眼宫主令其陷入幻境挣扎不出（弃湖君都扛不住，邪眼宫主心灵方面还不如弃湖君），波纹细丝束缚毒虫及邪眼宫主封禁灵魂。东伯雪鹰称""战斗并非只看最强的一面，更看弱点，你的心灵就是弱点""。雷塔主赞叹东伯雪鹰合一境幻术第一（星辰塔六层级数合一境极少，东伯雪鹰是其中仅有的幻境超强者）。",东伯雪鹰以朱魇传承幻境瞬间活捉邪眼宫主（心灵为弱点），雷塔主赞叹其为合一境幻术第一。
师傅和徒弟,雷塔主,人物引入、矛盾爆发,人物、冲突,"东伯雪鹰将邪眼宫主收入洞天宝物，雷塔主（雷炎，白发朴素老者）为师弟求情被拒（东伯雪鹰称邪眼宫主先前要剥夺自己宝物折磨自己）。雷塔主为面子决定动手（三大圣界内部约定大势力高层犯错不能直接打杀须交涉判罚，东伯雪鹰不敢直接杀邪眼宫主）。东伯雪鹰直接出狠招施展两千七百层多层黑暗界（极限）罩住雷塔主，雷塔主肉身之强为五大圣界合一境第一，衣袍完好仅脸部皮肉破损露出骨头迅速恢复，称东伯雪鹰这招有星辰塔七层威力但闯第七层扛不住十头毁灭魔族联合。东伯雪鹰施朱魇幻境侵袭雷塔主（心灵第三层次""我心为天心""需分三成心力抵抗）。雷塔主分出四尊图罗巨人（岩石皮肤面孔同雷塔主，力量比本尊更强，个个星辰塔六层）。",雷塔主为师弟出面交手，东伯雪鹰两千七百层多层黑暗界试探雷塔主肉身（五大圣界合一境第一），雷塔主分出四尊图罗巨人迎战。
师傅和徒弟,古亓,战斗描写、转折高潮,战斗、高潮,四尊巨人围攻东伯雪鹰，东伯雪鹰以波纹细丝减速巨人（盘波图威力不够），施十二道天罚之刃（每三道围一巨人）硬抗。雷塔主施展最强杀招《雷炎》（雷电火焰融合绝学，真身速度极快），东伯雪鹰以巴龙之爪（黑色鳞甲手掌，灭世第六剑）正面迎击，屈居下风但无伤势。东伯雪鹰配合天罚之刃（八道挡巨人四道配合本尊）渐渐占据上风，雷塔主暴退收回巨人撕裂空间离去（双方不相上下）。东伯雪鹰从石镜黑色花朵窥伺到虚界道与杀戮道结合奥妙，欲创比灭世第六剑天罚之刃更强招数。此战无旁观者但巫祖门下调查后消息传开，雷炎算不上三大圣界合一境最强。万古圣界深山小院银发金角人古亓（虚空行者一脉两位宇宙神之一）得意于徒弟表现。,东伯雪鹰以巴龙之爪灭世第六剑及天罚之刃与雷塔主最强杀招雷炎近身搏杀渐占上风，雷塔主暴退离去，古亓得意于徒弟。
师傅和徒弟,师傅的礼物,情感展现、设定揭示,情感、揭示、设定,古亓为虚空行者一脉两位宇宙神之一（另一位虚空始祖），东伯雪鹰兼修虚空行者一脉有足够底蕴参悟九云帝君四幅图。古亓传音邀师傅虚空始祖（黑衣绿发紫眸男子，与世界一体）饮酒，称唯一徒弟厉害（三大圣界合一境最厉害）。虚空始祖提醒圣主誓杀古亓（巫祖全力庇护，古亓配合虚空实验）。古亓不在乎逃命，称这辈子走过无数地方见过无数强者连圣主都栽过跟头现在还有厉害徒弟。虚空始祖自责不够强（若再进一步达第二层次可正面硬顶圣主）。东伯雪鹰回太虚天宫交邪眼宫主由魔祖刑罚。东伯雪鹰闯星辰塔第七层斩杀两头毁灭魔族就扛不住（雷炎身体极强更能抗毁灭之力侵蚀），天愚老祖召见。,古亓邀虚空始祖饮酒得意于徒弟，虚空始祖自责不够强无法庇护古亓，东伯雪鹰闯星辰塔第七层仅斩两头毁灭魔族，天愚老祖召见。
师傅和徒弟,聚会,转折高潮、设定揭示,揭示、设定、高潮,天愚老祖给东伯雪鹰银色圆环（古亓所赠礼物），圆环显现古亓影像（称唯一徒弟厉害，等麻烦过去师徒再相见好好喝几杯，保密师徒关系）。圆环储物空间内堆诸多奇珍（价值超六千源界石），古亓判定东伯雪鹰修炼朱魇传承巴龙传承，将两门传承混沌境所需外物购买（天愚老祖对外收购避免暴露），可供修炼至朱魇八变巴龙八转（朱魇九变巴龙九转黑帝仅传得认同者）。古亓在万古圣界（巫祖庇护）。东伯雪鹰去时光殿修行（百倍加速），创融合虚界道杀戮道招数未果但混沌境理解越来越深。星辰殿聚会（刀皇主持，虚空始祖、天愚老祖、魔山始祖、云蛇大帝出席，罗城主不出席），刀皇称星辰大会规矩。,天愚老祖转交古亓礼物（价值超六千源界石朱魇巴龙传承混沌境所需外物），星辰殿聚会五大宇宙神讨论星辰大会。
师傅和徒弟,星辰大会,设定展开、伏笔埋设,伏笔、设定,星辰大会为七星海圣界与东麟圣界联合举行（每万亿年一次，修行两万亿年内达合一境可参加），从广袤圣界找天才修行者拉入阵营栽培（如剑主家乡宇宙一纪元成混沌境）。筛选机制分两种：实力比拼决排名（星辰塔器灵判定前一百），五位高手观看挑选潜力者（各挑二十位共一百）。魔山始祖推荐将斧宫主（星辰塔九层，难得），云蛇大帝推荐清曲岛主（星辰塔七层）被否（天愚老祖、魔山始祖、刀皇反对），改推紫屠岛主通过。五泽蛇祖（虚空神殿）、天光将军（刀皇城）通过。天愚老祖推东伯雪鹰（合一境，闯第七层斩八头毁灭魔族），刀皇、云蛇大帝反对（合一境底蕴差），魔山始祖、虚空始祖同意（三大圣地同意通过）。天光将军不满（合一境并列让他不爽）。,星辰大会五位师傅确定（将斧宫主、紫屠岛主、五泽蛇祖、天光将军、东伯雪鹰），东伯雪鹰以合一境身份担当引起异议。
师傅和徒弟,修行积累,悟道、伏笔埋设,伏笔、修炼、爽点,东伯雪鹰在时光殿修行，混沌境理解越来越深（跨入混沌境板上钉钉只需时间）。混沌境本质为打破合一境极限化作白纸（可孕育无限可能最终孕育宇宙成宇宙神），需大决心大毅力摒弃过去影响。天愚老祖传讯东伯雪鹰担当星辰大会师傅（代表太虚天宫不可丢脸，挑选指点皆为历练）。星辰大会筹备（圣地弟子禁止参加，选散乱各地没得到好栽培的天才，报名提前一年截止）。东伯雪鹰创融合虚界道杀戮道招数未果，闯第七层须创出此招。虚界杀戮波动三道绝学均星辰塔六层，朱魇传承灵魂强大施更多天罚之刃，巴龙传承身体更强大抗毁灭之力更久，仍仅斩八头毁灭魔族。东伯雪鹰出发赴刀皇城。,东伯雪鹰混沌境理解越来越深，天愚老祖嘱其代表太虚天宫当大会师傅，创融合招数未果闯第七层须此招，赴刀皇城。
师傅和徒弟,邢火少主,人物引入、矛盾展现,人物、冲突,东伯雪鹰与问天殿主化身抵达刀皇城（六万八千亿里长宽，两大圣界最大城池，刀皇建造巫祖罗城主出力异宝镇守）。刀皇城安排酋刀统领迎接。东伯雪鹰收参加星辰大会名单（一万六千多）。雪龙酒楼吃美食（雪龙酒雪龙肉等）。酒楼内覆君（朴素青袍散修，合一境）遭打击——道侣倪燕（红衣美貌女子）认定邢火荀一（金袍少年，邢火帝君幼子）为真正挚爱。邢火荀一点破倪燕过往已有四任道侣（算上他第五任，故意勾引骗资源），倪燕栽跟头离去。覆君痛苦称宁愿从未点破。东伯雪鹰角落观察对邢火少主升起兴趣。,东伯雪鹰抵刀皇城，雪龙酒楼偶遇覆君倪燕邢火荀一纠纷，邢火荀一点破倪燕欺骗道侣骗资源，东伯雪鹰对邢火少主升起兴趣。
师傅和徒弟,真真假假,人物心理、伏笔埋设,伏笔、情感,"倪燕（修行一万一千亿年散修）暗暗盘算改换身份。覆君受打击离去（宁愿从未点破），邢火荀一独自喝酒低语""如果是真的""。东伯雪鹰观看一切（早得名单认识三人：覆君修行三千两百亿年散修，倪燕修行一万一千亿年散修狡猾骗资源，邢火荀一修行五千三百亿年邢火帝君幼子十八亿年成合一境但实力提升缓慢）。邢火荀一从未有过道侣只知道修炼却让倪燕栽跟头（伪装比她还厉害）。邢火帝君（黑卷发雄壮男子，霸道冷酷但幼子面前弱化）逼儿子参加星辰大会闯过星辰塔三层，邢火荀一称做不到忘不掉虚幻妻子。邢火帝君后悔当初给儿子定界石（价值上万源界石，内部衍生幻境世界媲美微型宇宙）。",邢火荀一过往秘辛——借定界石修行幻境却在幻境世界爱上女子结为道侣，幻境崩溃妻子消失致心伤，邢火帝君后悔给定界石。
师傅和徒弟,合一境的东伯雪鹰,环境铺陈、设定展开,设定,邢火帝君叹息儿子几乎废了（心伤渗透灵魂外力难救须靠自身，请擅长幻境混沌境巨头及宇宙神皆无效）。星辰大会举行日，东伯雪鹰与问天殿主飞抵会场（千里空间扭转百万里，靠近星辰塔）。高台中央十一座位，心象教主（刀皇城两位星辰塔九层之一，脸型瘦陋气息温和）主持（因将斧宫主来故刀皇城派心象教主）。五位大会师傅位（将斧宫主、紫屠岛主、五泽蛇祖、天光将军、东伯雪鹰），右侧圣地混沌境宾客（问天殿主等），侧边非圣地混沌境（邢火帝君等）。天光将军威压压制东伯雪鹰（东伯雪鹰操纵规则领域阻挡，关系僵）。心象教主叙说星辰大会来历规矩：初选（闯星辰塔排前一百），大会师傅千年观察挑一百（共两百进圣地一般弟子），万年修行（时光加速百万年），决战前五加大会师傅再挑五（共十核心任选圣地加入），公开讲道后落幕。,星辰大会举行，心象教主主持，天光将军威压东伯雪鹰，心象教主叙说大会流程（初选千年观察万年修行决战公开讲道）。
师傅和徒弟,初选排名,转折高潮、人物心理,情感、高潮,普通修行者议论东伯雪鹰合一境当大会师傅（消息闭塞者不知东伯雪鹰崛起）。初选开始，一万六千余天才修行者依次闯星辰塔（器灵加速百倍），五天排定名单。覆君排名一百二十六（差点前一百），倪燕一千九百三十二，邢火荀一三千六百六十三。邢火帝君叹息儿子排名低。普通修行者退场（下次公开决战在一万一千年后）。心象教主嘱五位大会师傅好好挑选。五泽蛇祖冷言东伯雪鹰别丢太虚天宫脸，天光将军似笑非笑。将斧宫主安慰东伯雪鹰（修行者脾性各异），紫屠岛主（紫衣容貌绝美）也称不喜天光将来教训他，心象教主善意一笑。,初选排定名单（覆君一百二十六，邢火荀一三千六百六十三），五泽蛇祖天光将军对东伯雪鹰不善，将斧宫主紫屠岛主心象教主善意。
师傅和徒弟,拜访,人物引入、情节推进,人物,东伯雪鹰观看战斗影像评价天才修行者（闯过星辰塔四层一位苍穹天云，三层三百九十二位，二层四千零十八位）。龙藏帝君（木纳男子，未投靠圣地主动斩毁灭魔族豪爽义气）拜访，请东伯雪鹰帮忙关注沉穷（旧友亲传弟子，旧友已死，排名两千零一但修行仅八百余亿年潜力极高）。东伯雪鹰称沉穷潜力极高就算不来也会被选中。龙藏帝君先后拜访五位大会师傅，将斧宫主直接称会选中沉穷（战斗风格像将斧宫主或收为亲传弟子）。接下来两位混沌境巨头拜访东伯雪鹰（天才修行者潜力远不如沉穷，东伯雪鹰未答应）。邢火帝君来访（星辰塔九层，东伯雪鹰吃惊叫苦，邢火荀一排名太低潜力千名之外）。,龙藏帝君拜访请关注沉穷（潜力极高修行仅八百余亿年），将斧宫主直接选中沉穷，邢火帝君来访东伯雪鹰叫苦。
师傅和徒弟,邢火帝君的请求,情感展现、设定揭示,情感、揭示、设定,邢火帝君请东伯雪鹰帮忙救儿子心伤（病急乱投医，东伯雪鹰为有史以来规则奥妙体系虚界道造诣最高者）。详述邢火荀一过往——兼修血脉修行体系及古修幻境，古修三亿年成虚空神（太妖孽），邢火帝君不惜代价换定界石（价值上万源界石），邢火荀一二十六亿年古修成合一境，却在定界石幻境世界爱上女子结为道侣，幻境崩溃妻子消失致心伤渗透灵魂。东伯雪鹰称定界石不可乱用（幻境世界越真实越危险，幻境主人陷进去对心灵影响大），询问过宇宙神都称外力难救须靠自身。东伯雪鹰答应试试（堂堂邢火帝君为儿子请求无法拒绝），让邢火荀一尽快过来聊聊。,邢火帝君详述邢火荀一定界石心伤过往，请东伯雪鹰（虚界道造诣最高）帮忙救儿子，东伯雪鹰答应试试。
师傅和徒弟,真实生命？,悟道、转折高潮,修炼、高潮、爽点,"邢火帝君告知儿子东伯雪鹰是规则奥妙体系虚界道造诣有史以来最高（古修混沌境巨头无法比，规则奥妙体系直指本质）。邢火荀一拜见东伯雪鹰，东伯雪鹰直接施幻境令其迷失（一个时辰经历千次轮回数百次情劫）。邢火荀一称幻境内忘记过去像做梦醒来梦就醒了，而与妻子相遇是绝对清醒下经历刻在灵魂上（封印记忆无用感情对灵魂影响无法改变，宇宙神称记忆恢复更好须自身蜕变）。东伯雪鹰提出""真实生命""理论——幻境世界生灵有父母亲人种族国家爱恨情仇能修行，他们认为自己是真实的，有生命核心（一点灵光）算特殊真实生命（金属生命也无灵魂有其他生命核心）。邢火荀一眼睛亮了称妻子是真实存在。","东伯雪鹰以""真实生命""理论（幻境世界生灵有生命核心算特殊真实生命）重燃邢火荀一斗志，邢火荀一认为妻子是真实存在。"
师傅和徒弟,至高规则,悟道、伏笔埋设,伏笔、修炼、爽点,东伯雪鹰继续阐述——虚界道达混沌境层次幻境世界媲美定界石，达宇宙神层次施虚幻宇宙化真实宇宙，再进一步虚界道达至高规则层次（混沌虚空规则包容一切宇宙及五大圣界，比宇宙规则更高）可掌控整个混沌虚空让虚幻变真实让妻子重生。东伯雪鹰演示虚幻化真实（金银石头泥土等物从幻境化真实）。邢火荀一跪下求拜师传虚界道（直指本质的虚界道更有把握做到），东伯雪鹰称看潜力再决定，传自创绝学《虚界》前三式（世界之牢星辰塔三层、泡影破灭星辰塔四层、黑暗气泡星辰塔五层），嘱不可懈怠古修。邢火荀一离去，东伯雪鹰感慨其冲天斗志。邢火帝君见儿子眼睛发亮冲天斗志吃惊，邢火荀一催促找时光加速修行之地。,东伯雪鹰阐述虚界道至高规则理论（可让虚幻变真实妻子重生），传《虚界》前三式，邢火荀一重燃斗志催促修行。
师傅和徒弟,良才,悟道、人物心理,修炼、情感、爽点,东伯雪鹰忙碌指点天才修行者（态度好让修行者起好感）。三百年过去，东伯雪鹰对天才修行者潜力有详细判断。邢火荀一求见（意气奋发），称父亲说事事问师傅将来无法指点时难有大突破，故三百年才来。邢火荀一演练虚界道世界之牢（初生境，三百万年刀皇城时光塔万倍加速），东伯雪鹰吃惊。邢火荀一称第二式泡影破灭须虚界道合一境感觉艰难。东伯雪鹰指点十天（直指本质，邢火荀一听得眉飞色舞）。东伯雪鹰判定邢火荀一悟性极高（指点那么多天才修行者中最高），虚界道良才，名单中可给他留一个。,邢火荀一三百年（时光塔万倍加速三百万年）虚界道达初生境掌握世界之牢，东伯雪鹰指点十天判定其悟性最高为虚界道良才。
师傅和徒弟,脸面,矛盾爆发、人物心理,冲突、情感,"巴殒宫主（瘦削男子，黑帝唯一徒弟，混沌境星辰塔七层）拜访东伯雪鹰，请帮忙选中餮闾（散修排名四百零六，修行一万六千亿年，身体被其他强者改造，不改造排名万名外潜力三千名之外）。东伯雪鹰拒绝（挑选看潜力身体改造不算，代表太虚天宫不能丢脸）。巴殒宫主加码两百颗源界石（餮闾定金一百搞定再付五百共六百），东伯雪鹰仍拒绝。巴殒宫主翻脸（称东伯雪鹰得黑帝传承不感恩，合一境没资格称兄道弟）。东伯雪鹰冷声送客（""来人，送客""），巴殒宫主冷笑离去。东伯雪鹰称混沌境星辰塔七层仅比自己高一线，离混沌境快了轻易超越他，敬重黑帝不代表敬重徒弟。",巴殒宫主（黑帝徒弟）请东伯雪鹰选中餮闾（身体改造潜力三千外）被拒，出价两百源界石仍拒，翻脸离去，东伯雪鹰撵客。
师傅和徒弟,名单,转折高潮、悬念设置,伏笔、高潮,"巴殒宫主离去称东伯雪鹰""狂妄无知""，守卫传开议论。东伯雪鹰懒得管（有绝对把握突破混沌境不惧得罪混沌境）。将斧宫主率先交名单（潜力前三百，含沉穷），紫屠岛主第二个，五泽蛇祖第三个，天光将军第四个，东伯雪鹰最后提交。东伯雪鹰赴心象殿拜见心象教主（心象殿万里范围空荡，心象教主盘膝坐如宇宙核心，星辰塔九层造诣不亚于宇宙神）。东伯雪鹰交名单，心象教主见""邢火荀一""皱眉（排名三千六百多潜力五千外），劝东伯雪鹰更改（合一境当大会师傅勉强通过，代表太虚天宫不能丢脸）。东伯雪鹰称无需更改，心象教主名单定下传阅公开。",四位大会师傅先交名单，东伯雪鹰最后交名单含邢火荀一，心象教主劝改被拒，名单定下公开。
师傅和徒弟,问天殿主的愤怒,矛盾展现、人物心理,冲突、情感,名单公开，天才修行者紧张等待。东伯雪鹰选的二十人含邢火荀一。覆君（将斧宫主选中）暗嗤邢火荀一靠父亲背景。邢火荀一激动（东伯雪鹰认可潜力）。倪燕落选离去。将斧宫主、紫屠岛主、天光将军、五泽蛇祖等都认为东伯雪鹰选邢火荀一难看（讨好邢火帝君或被收买）。巴殒宫主嗤笑邢火荀一拿宝物收买东伯雪鹰。问天殿主真正愤怒（东伯雪鹰最大背景是太虚天宫何必讨好邢火帝君，老祖信任他让他当大会师傅却这样报答丢太虚天宫脸）。,名单公开各方反应，将斧宫主等认为东伯雪鹰选邢火荀一难看，问天殿主愤怒认为东伯雪鹰丢太虚天宫脸。
师傅和徒弟,眼光,转折高潮、人物心理,情感、高潮,问天殿主冷面找东伯雪鹰，质问选邢火荀一。东伯雪鹰了然笑称邢火荀一是名单中最好的一个，问天殿主恼怒转疑惑。东伯雪鹰传讯邢火帝君确认邢火荀一仅请教过自己未请教其他四位大会师傅（其他不懂虚界道没必要浪费时间），邢火帝君感激东伯雪鹰救儿子。东伯雪鹰告知问天殿主邢火荀一进步极大，问天殿主不敢信（五千亿年没进步怎一千年进步巨大）。东伯雪鹰让问天殿主以古修天赋查看数十年前邢火荀一请教场景。问天殿主逆转时空看到邢火荀一虚界道达合一境有星辰塔四层实力，惊愕。问天殿主称邢火荀一实力排前三，东伯雪鹰建议告知其他四位，问天殿主拒绝（让流言传播，万年后决战邢火荀一耀眼，证明太虚天宫眼光最高，期待天光将军等吃惊表情）。,东伯雪鹰向问天殿主证明邢火荀一虚界道达合一境星辰塔四层（仅请教自己），问天殿主拒绝告知其他四位，期待万年后决战打脸。
师傅和徒弟,一鸣惊人,战斗描写、转折高潮,战斗、高潮,万年修行后决战日（两百位时光塔百倍加速百万年修行）。问天殿主告知巴殒宫主等暗中议论要看东伯雪鹰笑话。心象教主主持，两百位分五组混战决出前两位（每组四十位战台十万里，激发保命之物即战败）。第一组苍穹天云（星辰塔四层唯一，身体极强）胜出。第三组邢火荀一施展古修幻境（蒙蒙白光笼罩战台近半沦陷）及血脉火焰群攻，仅八位抗住。邢火荀一一战惊人（比苍穹天云还霸道），落选天才修行者震惊（三千六百多名怎比排第一还霸道）。混沌境巨头精神一振，将斧宫主饶有兴趣（万余年提升这么多还是幻境），紫屠岛主称邢火荀一或许比苍穹天云厉害，邢火帝君被混沌境巨头祝贺。,决战邢火荀一施展幻境及火焰群攻一鸣惊人（比苍穹天云还霸道），落选者震惊，混沌境巨头对东伯雪鹰改观。
师傅和徒弟,决战,战斗描写、转折高潮,战斗、高潮,将斧宫主询问邢火荀一短时间提升原因，邢火帝君主动插话称东伯雪鹰虚界道造诣最厉害指点儿子突飞猛进（维护东伯雪鹰）。混沌境巨头们附和（心象教主、将斧宫主、邢火帝君为在场最强三位）。天光将军心中不信但邢火帝君说了也无法。五组筛选结束决出十位，一对一九场战斗定前五。邢火荀一五战全胜（幻境+世界之牢束缚轻易获胜），落选天才修行者惊叹（万余年前星辰塔二层转眼这么厉害，东伯长老指点弟子厉害）。邢火荀一被亢蛹（虚空生物）逼出泡影破灭（连续三招）。最后一场苍穹天云对邢火荀一（之前八战全胜），心象教主等仔细观看。,邢火帝君维护东伯雪鹰称其指点儿子突飞猛进，邢火荀一五战全胜（幻境+世界之牢），最后一场对苍穹天云。
师傅和徒弟,圣主和古亓,核心伏笔、转折高潮,伏笔、高潮,苍穹天云身体极强近战凶猛但身法弱（星辰塔四层巅峰），泡影破灭连续三个叠加损伤其生命力兼束缚，邢火荀一小心不让近身，盏茶时间苍穹天云生命力损耗认输（身法速度是缺点须兼修弥补）。邢火荀一称苍穹天云身体厉害佩服，苍穹天云称输得心服口服。混沌境巨头们都看东伯雪鹰（邢火荀一短时间从三千六百多名到决战第一不可思议）。五泽蛇祖罕见恭喜东伯雪鹰。两百位闯星辰塔（四层三位：邢火荀一、苍穹天云、亢蛹，三层一百六十九位，二层二十八位）。万年后再选五位加决战前五共十位。万古圣界深山小院，古亓被圣主斩杀——圣主容貌蕴含部分混沌虚空至高规则（宇宙神都有孩子看父母的感觉），温和真诚称让古亓重归混沌（阻拦者回归混沌顺从者臣服），黑光蔓延古亓全身化作黑色玉石雕像思维停滞。巫祖赶到未能保住古亓（黑色锁链戒备）。古亓临死前称还好有徒弟了。消息传虚空始祖（心痛自责）及各终极存在。,邢火荀一决战第一，圣主斩杀古亓（冥玉之矛破巫祖法阵），古亓化作黑色玉石雕像，消息传各终极存在。
师傅和徒弟,古亓之死,情感展现、核心伏笔,伏笔、情感,东伯雪鹰在刀皇城指点天才修行者（合一境走极端追求极致）。问天殿主传音让东伯雪鹰速回太虚天宫。天愚老祖召见告知师傅古亓死了（被圣主所杀，消息将传各大圣地高层）。东伯雪鹰愣住脑海轰鸣（虽与古亓仅家乡宇宙继承传承时聊过一次，但很尊敬这位师傅）。回忆古亓化身在家乡宇宙的嗦嗦话语（第一次收徒不知怎么教，传道之恩护道之宝），东伯雪鹰拜师，古亓笑了。上次送礼物留影像（保密师徒关系等麻烦过去再相见喝几杯）。东伯雪鹰难受（茫茫世间发自内心爱护自己当亲人的没几个，其中一个没有了）。天愚老祖叹息（宇宙神陨落惊天动地，二人为好友）。天愚老祖拿出金色方印——古亓知道圣主不会罢休将宝物放虚空始祖处，身死后由唯一徒弟继承，虚空始祖送来。,天愚老祖告知东伯雪鹰古亓被圣主所杀，转交古亓留给东伯雪鹰的金印（宝物由唯一徒弟继承）。
师傅和徒弟,古圣化身,设定揭示、伏笔深化,伏笔、揭示、设定,天愚老祖详述古亓之死——古亓重伤逃亡圣主追杀数次失败（虚空行者生命力强逃亡中恢复，虚空方面虚空始祖第一古亓第二在圣主之上，激发保命之物超远距离虚空挪移逃命），时时刻刻警惕太累请巫祖庇护（巫祖法阵圣主需数呼吸攻破，巫祖能立即赶到）。圣主不惜代价消耗古圣化身本源之力炼制冥玉之矛（一次性兵器）瞬间贯穿巫祖法阵刺入古亓身体当场毙命。古圣化身秘辛——圣主古修天赋令化身成为古圣教信仰核心，将无数信仰转化为混沌虚空本源之力（比宇宙神力更恐怖），化身与本尊实力相当，和古圣界几乎一体（在古圣界内更强无法破坏）。冥玉之矛消耗古圣化身一两成本源之力（圣主积攒很久，须维持至少一半本源之力否则实力下降）。圣主恨极古亓因让其谋划成空（过去舍不得用本源之力现在没耐心隐忍）。东伯雪鹰炼化金印（宇宙级洞天宝物内含诸多奇珍，价值约36万源界石），古亓遗言（成宇宙神第二层次方可公开师徒关系，别想报仇圣主吹口气就灭了你）。东伯雪鹰立誓为师傅报仇。东伯雪鹰取黑黝黝石头（引起空间塌陷）及火红色甲铠（重量极大）交天愚老祖代收（算30万源界石日后购买昂贵宝物抵扣）。问天殿主带东伯雪鹰返刀皇城，混沌境巨头议论古亓之死，东伯雪鹰沉默旁观（他们不知身边便是古亓徒弟）。,天愚老祖详述古亓之死秘辛（古圣化身冥玉之矛），东伯雪鹰继承金印（36万源界石）立誓报仇，两件最珍贵宝物交天愚老祖代收。
师傅和徒弟,黑色的花骨朵,悟道、情感展现,修炼、情感、爽点,古亓陨落震撼混沌境们（隐隐嗅到战争气息，圣主越来越没耐心）。东伯雪鹰回洞府闭关（侍女感觉心情不好）。东伯雪鹰看金印眉宇杀意浓，压下愤怒杀意（给师傅报仇注定遥远）。东伯雪鹰明白懈怠不得，全力参悟虚界道与杀戮道融合杀招须跨入星辰塔第七层（想和圣主掰手腕须对自己够狠，目标宇宙神非混沌境）。单一虚界道或杀戮道推升星辰塔六层为极致，唯有融合方能提升。古亓之死激荡心境（满腔杀戮压制心底，修行时极端冷静），本能略微修改杀招一丝（杀戮更胜更压制内敛），瞬间达到另一类绝对圆满。虚幻世界中央诞生黑色花骨朵（三片叶子带水珠），未降临真实便令圣界运转规则退避（混沌境巨头招数境界才能做到）。东伯雪鹰令其降临真实，温度急剧下降（普通合一境冻死），真正威能一丝未爆发。,东伯雪鹰闭关以古亓之死激荡心境创出虚界道融合杀戮道杀招——黑色花骨朵（毁灭之花），降临真实令圣界规则退避温度骤降。
师傅和徒弟,拜师？,悟道、装备获取,修炼、奖励、爽点,"黑色花骨朵完全形成（温度降至匪夷所惮地步，合一境心颤恐惧）。东伯雪鹰令其盛开——花开三瓣，三片叶子三片黑色花瓣化作三道黑色雾气旋转切割湮灭一切（大毁灭），威能极度内敛（毁灭核心感受大恐怖）。东伯雪鹰称将杀戮完美融入虚界浑然一体，命名为""毁灭之花""（虚界道融合杀戮道绝学，需悟性积累及运气——石镜引领方向，古亓之死心境影响为诱因）。合一境达星辰塔七层（两大圣界历史上仅两位），创出此招为脱胎换骨变化（悟性提升追求规则奥妙美感），将来成混沌境轻轻松松八层乃至八层巅峰。东伯雪鹰暗想再创《虚界》第四式（星辰塔六层兼束缚之效）。东伯雪鹰闭关，天才修行者求见不得其门而入（不知合一境诞生星辰塔七层）。刀皇城邢火帝君洞府，心象教主与天光将军亲自邀请邢火荀一加入刀皇城，邢火荀一直接拒绝（要拜太虚天宫东伯长老为师），天光将军嗤笑东伯雪鹰卡在合一境，心象教主称可收邢火荀一为徒。",东伯雪鹰创出《毁灭之花》（星辰塔七层威力），合一境达星辰塔七层（两大圣界历史第三位），心象教主亲自收徒邢火荀一被拒。
师傅和徒弟,出关,转折高潮、人物心理,情感、高潮,心象教主认定邢火荀一必有特殊原因（心魔心劫），觉得适合自己所创心象法门（合一境遇大挫折心灵更强大），让邢火荀一好好想想。天光将军冷哼。邢火帝君告知儿子心象教主所创心象一脉为特殊修行体系（直指灵魂入门极难，混沌虚空仅心象教主及徒弟九龙帝尊两位，入门成功便跨混沌境），建议拜心象教主兼修虚界道。邢火荀一仍选择拜东伯长老（认定虚界道这条路东伯长老最好师傅）。瑶光圣境、始祖岛也来邀请被婉拒。混沌境巨头议论（拒绝心象教主拜合一境可笑）。东伯雪鹰出关（创《虚界》第四式寒冰地狱，钻研虚空行者体系及盘波图，离大会结束三百年）。问天殿主告知邢火荀一拒绝各圣地及心象教主坚持拜东伯雪鹰为师。东伯雪鹰赴邢火帝君洞府主动邀请邢火荀一到太虚天宫，邢火荀一跪下磕三个响头拜师。,心象教主收徒被拒（心象一脉特殊体系），邢火荀一坚持拜东伯雪鹰，东伯雪鹰出关主动赴邢火帝君洞府收邢火荀一为徒。
师傅和徒弟,公开讲道,设定展开、悬念设置,伏笔、设定,东伯雪鹰主动收徒避免打心象教主脸（邢火荀一选择太虚天宫谁都没话说）。邢火帝君暗惊东伯雪鹰平静收徒（有底气，难道有把握跨混沌境）。东伯雪鹰与邢火荀一谈论虚界道。星辰大会最后阶段，无数修行者赶来听公开讲道。十位决选天才选择圣地（邢火荀一拜太虚天宫，苍穹天云等三位拜刀皇城，将斧宫主三位，紫屠岛主一位，五泽蛇祖两位虚空生物，星辰城无人选）。心象教主请五位大会师傅公开讲道（按实力定顺序，东伯雪鹰第一个，将斧宫主压轴）。东伯雪鹰到战台盘膝坐下，称主要讲幻境和杀戮。巴殒宫主冷笑（修炼巴龙传承最擅长杀戮，要找茬打脸）。,十位天才选择圣地（邢火荀一拜太虚天宫），公开讲道按实力定顺序东伯雪鹰第一个，巴殒宫主准备找茬。
师傅和徒弟,论道,悟道、矛盾爆发,修炼、冲突、爽点,"东伯雪鹰先讲杀戮道（超凡到虚空神不同分支，九个时辰），再讲幻境（九个时辰），高屋建瓴直指本质，修行者突破顿悟常见。第一阶段讲道十八个时辰，指点三百位修行者近十个时辰。第二阶段讲虚空神初生境（杀戮幻境各十二个时辰，指点三百位二十个时辰）。第三阶段讲虚空神合一境。混沌境巨头赞叹（规则奥妙体系论道最擅长，指点普通修行者混沌境都不一定及得上）。巴殒宫主心中不喜（低层次指点许多方面没想过），终于发现合一境杀戮道讲述达星辰塔六层层次的问题。合一境讲道三十个时辰，数万合一境站起来请教。巴殒宫主降落到战台称对杀戮道有认知要辩驳指点。东伯雪鹰称合一境杀戮道根本在于""蓄""（其次方是""发""），巴殒宫主称施展星辰塔六层实力应对让东伯雪鹰明白哪个更重要，东伯雪鹰凭空出现十六根黑色长梭（两端锋利），巴殒宫主右手连鳞甲都没浮现。","东伯雪鹰公开讲道（杀戮道、幻境，规则奥妙体系论道最擅长），巴殒宫主质疑辩驳出手验证（东伯雪鹰称杀戮道根本在于""蓄""）。"
师傅和徒弟,见证历史！,战斗描写、转折高潮,战斗、高潮,东伯雪鹰施十六根黑色长梭（极品虚空神兵，灭世第六剑）连绵攻击巴殒宫主，形成包围圈如世界连绵不绝威势强配合绝妙（创出毁灭之花后对虚界道杀戮道认知更深施展更巧妙，带毁灭之花绝对圆满美感）。巴殒宫主渐落下风被迫双手抵挡，称东伯雪鹰合一境杀戮施到这般地步太精妙。巴殒宫主焦急（输给合一境无法接受），浮现黑色鳞甲（媲美上品虚空神兵）施展星辰塔七层实力拍飞长梭（心象教主等称过了）。东伯雪鹰施七朵毁灭之花（一朵包一朵）罩住巴殒宫主。巴殒宫主不知内敛花骨朵恐怖，破第一朵时花瓣绽放塌陷毁灭撕裂身体鲜血淋漓（东伯雪鹰手下留情仅爆一朵）。巴殒宫主浮鳞甲拼命（黑色鳞甲异兽虚影），破开七朵花骨朵，东伯雪鹰再施七朵。巴殒宫主被困出不去了（体表鳞甲硬抗保命）。东伯雪鹰收招，巴殒宫主一声不吭回座位。八位混沌境巨头站起震惊（星辰塔七层实力，两大圣界历史第三位，原始古圣界至今第九位，见证历史），东伯雪鹰名传混沌虚空。,东伯雪鹰以十六根长梭连绵攻击及七朵毁灭之花压制巴殒宫主（施展星辰塔七层实力及巴龙鳞甲仍被困），展露星辰塔七层实力名传混沌虚空。
师傅和徒弟,关注,转折高潮、人物心理,情感、高潮,东伯雪鹰收七朵毁灭之花，巴殒宫主一声不吭离去（混沌境星辰塔七层垫底，东伯雪鹰成垫脚石，跨混沌境要不了多久达八层巅峰甚至九层）。混沌境巨头传音恭喜东伯雪鹰（姿态放低交好，大多也仅七层）。东伯雪鹰继续讲道，指点三百位合一境十八个时辰。天光将军讲道前罕见对东伯雪鹰笑（过去瞧不上合一境现在态度大变），称混沌境以下讲道敢和东伯雪鹰比的没几个。五位大会师傅依次讲道（东伯雪鹰九天最长，其他五六天，将斧宫主三天最短，规则奥妙体系论道最能说）。星辰大会结束。心象教主传话刀皇及数位宇宙神请东伯雪鹰闯星辰塔。东伯雪鹰答应（第一次数位宇宙神同时关注，进入六大圣地最高层视野）。,巴殒宫主一声不吭离去，混沌境巨头交好东伯雪鹰，天光将军态度大变，星辰大会结束，刀皇及数位宇宙神请东伯雪鹰闯星辰塔。
师傅和徒弟,师傅和徒弟（本篇终）,战斗描写、情感展现,情感、战斗,太虚天宫天愚老祖与剑主并肩饮酒观看（天愚老祖期待太虚天宫多一位星辰塔九层，剑主称说不定能成宇宙神——剑主为传奇，家乡宇宙一纪元成混沌境，太虚天宫翻典籍闭关出来成宇宙神）。数位宇宙神遥遥观看。东伯雪鹰闯刀皇城星辰塔第七层——七朵毁灭之花同时绽放瞬杀八头毁灭魔族，再施一招灭残存两头重伤毁灭魔族，轻易通过（当初耗费很长时间才耗死八头，如今转瞬即灭）。闯第八层败于金甲毁灭魔族（金色甲铠如皮肤，三细长尾巴锋利，两手臂到膝盖，星辰塔七层以上速度太快攻击难罩住，仅数回合被迫放弃）。宇宙神赞许（历史上有两位合一境闯第八层，心象教主瞬间认输，晋仪大帝仗领域防御撑几回合，东伯雪鹰靠攻击撑数回合）。刀皇城湖边小屋，刀皇（金袍）与罗城主（淡灰宽松衣袍）讨论——刀皇竟是罗城主徒弟（六大圣地最大秘密），罗城主称东伯雪鹰有些潜力放入备选，惊讶于东伯雪鹰的平静（风光无限却无激动）。太虚神殿虚空始祖默默关注徒孙东伯雪鹰（欣喜耀眼夺目），思念徒弟古亓（古亓看不到徒孙成就了），低语古亓徒弟东伯雪鹰已是五大圣界最强合一境合一境七层。第三十篇至此完整收官。,东伯雪鹰闯刀皇城星辰塔第七层轻易通过（七朵毁灭之花瞬杀毁灭魔族），第八层败于金甲毁灭魔族，刀皇是罗城主徒弟将东伯雪鹰放入备选，虚空始祖思念古亓关注徒孙。
混沌境,隐忍,环境铺陈、伏笔埋设,伏笔、设定,刀皇城外，邢火帝君（混沌境最巅峰，战力达宇宙神层次）送幼子邢火荀一拜入东伯雪鹰门下。东伯雪鹰、问天殿主带数十位新弟子（含邢火荀一）回太虚天宫。太虚天宫殿主们设盛宴（许多真身赴宴，连虚空边缘抵挡毁灭魔族的两位殿主都赶来），东伯雪鹰合一境七层令太虚天宫振奋。天愚老祖告知东伯雪鹰闭关后将是第十三位殿主，殿主们感慨东伯雪鹰修行速度（合一境七层足以压魔祖一头）。天愚老祖与剑主私下议论：东伯雪鹰或想对付圣主，剑主准备再度闭关，天愚老祖称待剑主有十成把握就是发动之时（届时五大圣地都会支持，拼的七星海圣界崩溃也值）。,邢火荀一拜师东伯雪鹰，太虚天宫殿主盛宴同辈论交，天愚老祖与剑主密议对付圣主。
混沌境,终成混沌境,悟道、转折高潮,修炼、高潮、爽点,"东伯雪鹰闭关一个多月，先以古修朱魇传承第七变跨入混沌境（灵魂质变，化身可主动离开本尊漂泊混沌虚空乃至前往其他圣界），一念感应覆盖大半个圣界（始祖岛勉强感应）。天愚老祖、魔山始祖、万界楼主、混沌殿主等感应到其突破并传音祝贺。混沌殿主称星辰塔九层对东伯雪鹰暂时有些远（成为九层难度与合一境出七层相当）。东伯雪鹰闭关三百余年后虚界道踏入混沌境层次，体内""虚界之源""轰然爆炸衍变为混沌宇宙（微型宇宙，虚界道为根本故称""虚界微型宇宙""）。",东伯雪鹰以朱魇传承第七变先跨入混沌境（灵魂质变），三百余年后虚界道踏入混沌境层次，虚界之源衍变为虚界微型宇宙。
混沌境,靖秋出关,悟道、情感展现,修炼、情感、爽点,"东伯雪鹰以虚界微型宇宙规则重新架构灵魂（古修已突破故提升仅两三成），追求""毁灭之花""那种圆满美感。闭关五百万年有余朱魇传承八变练成（星辰塔七层实力），又三千八百万年创出《毁灭之花》第二式""六瓣境""（六片黑色花瓣六片叶子，三朵同时施展，推测星辰塔八层威力，心力负担大）。朱魇传承令灵魂达同层次混沌境三四倍。闭关一亿九千万年时余靖秋传讯出关，东伯雪鹰超远距离传送回乡。太虚天宫守护法阵器灵（罗城主和巫祖联手炼制）禀告天愚老祖""东伯雪鹰自己离去""，天愚老祖震惊其能超远距离传送（猜测虚空行者或许有虚空类天赋），露出笑容。",东伯雪鹰创出毁灭之花第二式六瓣境（三朵同时施展），余靖秋出关，东伯雪鹰超远距离传送回乡暴露能力，天愚老祖震惊。
混沌境,血刃神帝他们,情感展现、人物引入,人物、情感,东伯雪鹰回乡见余靖秋（已突破真神主宰级，服赤云榴心两亿年），告知赤云榴心真相及自己已混沌境。东伯雪鹰带血刃神帝、元初主人赴太虚天宫修行（太虚天宫重视，用心栽培，巫修一脉典籍众多）。东伯雪鹰留化身长居家乡宇宙，本尊在太虚天宫修行，写直指虚空神的典籍供后辈。东伯雪鹰决定待纪元快结束时送小辈全部离开（家乡宇宙磨砺更有利）。血刃神帝三亿年跨入合一境（星辰塔三层），百亿年后仍星辰塔四层巅峰（兼修巫修天赋更高），期满去驻扎混沌城；元初主人仍初生境；庞依、青君、炼狱君主先后成虚空神送来太虚天宫，均困在初生境。,东伯雪鹰告知余靖秋赤云榴心真相及已混沌境，带血刃神帝元初主人赴太虚天宫，血刃神帝百亿年后星辰塔四层巅峰去驻扎混沌城。
混沌境,九云帝君的四幅图,悟道、设定揭示,修炼、揭示、设定、爽点,"东伯雪鹰感慨家乡宇宙两时代（剑主时代、自己时代）都比不过剑主（家乡宇宙就成混沌境，抵太虚天宫无磨练成宇宙神）。闭关三百亿年有余（史上最长一次），身体变得透明至消失再恢复。九云帝君四幅图：第一幅图掌握虚空构成本质及超远距离传送；第二幅图追求身体""虚化""极致（与混沌虚空本质黑幕融为一体，敌人杀不了自己）；第三幅图追求对虚空操纵极致（操纵黑雾球体分裂，更深了解更高层世界）；第四幅图残图（九云帝君都没创出）。东伯雪鹰将第二三幅图修行到略有所成（大成需宇宙神），行者秘藏推升至四十六层（四十一至五十层代表混沌境）。东伯雪鹰传讯天愚老祖开辟第十三殿。",东伯雪鹰闭关三百亿年修行九云帝君四幅图（第二三幅图略有所成，大成需宇宙神），行者秘藏达四十六层，开辟第十三殿。
混沌境,星辰塔第九层,战斗描写、转折高潮,战斗、高潮,"太虚天宫立第十三殿""虚界殿""（殿主东伯雪鹰），建第十三座混沌城""虚界城""（东伯雪鹰安排化身镇守沉睡）。殿主们邀东伯雪鹰闯星辰塔（心象教主闭关一千三百亿年成八层巅峰，晋仪大帝八十余亿年成八层巅峰，均星辰塔九层）。东伯雪鹰闯第八层：朱魇传承幻境（火红色飞禽红色气流）重创金甲毁灭魔族（上百金属辫子六只眼，十成实力仅发挥一两成），三朵六瓣毁灭之花重伤，六朵重创，九朵一击获胜（八层巅峰水准）。进入第九层：神殿王座及八位雕塑，九头金甲毁灭魔族诞生（气息比第八层强些），""杀""声响起，东伯雪鹰全力以赴。",东伯雪鹰开辟虚界殿建虚界城，闯星辰塔第八层以九朵六瓣毁灭之花获胜，进入第九层面对九头金甲毁灭魔族。
混沌境,对耗之局,战斗描写、转折高潮,战斗、高潮,"第九层九头金甲毁灭魔族防御一体（力量相连），东伯雪鹰施展十九朵六瓣毁灭之花（极限）破其防护伤其身体但迅速恢复。九头魔族放弃身体化作无数金光弥漫战台，以本源""毁灭之力""侵蚀东伯雪鹰（毁灭魔族拼命一招，无防护）。东伯雪鹰体表黑色鳞甲（巴龙传承）加虚化削弱侵蚀，疯狂施展毁灭之花消耗金光。十余个呼吸后东伯雪鹰撑不住被迫放弃（被星辰塔器灵挪移出），残余金光化作六头重伤魔族（三个已死），毁灭之力被消耗七成（再多七八个呼吸即获胜）。东伯雪鹰判定八层巅峰。殿主们赞叹。天愚老祖告知须达九层级数方交""大事""，建议去虚空边缘磨砺。",东伯雪鹰以十九朵毁灭之花与九头魔族本源毁灭之力对耗失败，差七八个呼吸即获胜，判定八层巅峰，天愚老祖建议去虚空边缘磨砺。
混沌境,潜伏,设定揭示、核心伏笔,伏笔、揭示、设定,"天愚老祖告知东伯雪鹰秘辛：五大圣界内竟有毁灭魔族潜伏（约东伯雪鹰家乡宇宙第五纪元时发现），至今发现上百次踪迹（至少15位不同金甲魔族），他们能改变气息伪装成正常修行者，大肆杀戮时才暴露，至今一个没抓住。对外称""吞噬类大魔头""未敢说是毁灭魔族。虚空边缘毁灭魔族数量越多，大规模攻击频率增加，潜入次数也增加。宇宙神靠近他们不现身（能感应宇宙神），混沌境出手有陨落之危（最近陨落十位混沌境中六位被潜伏魔族偷袭所杀，含两位八层巅峰），须找有九层战力且有超远距离传送逃命能力的混沌境追查（此前仅三位：古圣教、母祖教、万界楼主一脉各一）。东伯雪鹰有希望（八层巅峰加超远距离传送）。天愚老祖建议重视保命手段（巴龙九转加虚化加藏身虚幻世界，保命能力前十），届时配大礼。",天愚老祖告知五大圣界内有毁灭魔族潜伏（至少15位金甲魔族，至今一个没抓住），须找九层战力加超远距离传送者追查，东伯雪鹰是最佳人选。
混沌境,吃掉源界石,装备获取、设定展开,奖励、设定,"东伯雪鹰向天愚老祖要十万颗源界石（吃掉，混沌境舍得吃的屈指可数）及一件削弱攻击的秘宝（五万到十万源界石）。天愚老祖推荐巫祖手中的""三彩重云""（八万源界石，巫祖在混沌虚空发现的原始古圣界时期特殊云朵，破碎时异变，巫祖据其特性炼制）。东伯雪鹰炼化三彩重云（白色蓝色金色三彩云团，化作厚白雪白衣袍护体，保命能力前十），同时吃十万颗源界石（十九年吃完，灵魂增强三成，在朱魇九变极强基础上提升三成已极满意）。东伯雪鹰留化身在太虚天宫，本尊穿三彩重云赴虚空堡。",东伯雪鹰吃十万颗源界石（灵魂增强三成），购秘宝三彩重云（八万源界石，巫祖炼制，化厚白衣袍护体），赴虚空堡。
混沌境,虚空堡,环境铺陈、设定展开,设定,"东伯雪鹰超远距离传送至虚空堡（虚空边缘修行者建造的堡垒，常年至少三位宇宙神真身驻扎，化身超十位，混沌境真身超两百位）。虚空堡巨大殿厅内两百余位混沌境化身三三两两论道。东伯雪鹰与太虚天宫五位混沌境（混沌殿主、牵翼殿主、天水殿主等）碰面。毁灭魔族诞生于虚空边缘""迷界走廊""内部（空间错乱如迷宫，宇宙神陷入都迷失，内有巢穴空间孕育毁灭魔族，分灰色甲铠级/血甲级/金甲级）。迷界走廊外围建警戒法阵区域为""外域""，其后封禁虚空区域为""内域""（毁灭魔族只能慢慢飞，修行者可超远距离传送围剿），最尽头为""空间壁垒""（最后防线）。混沌殿主等告知战斗规则（化身探查，真身灭强敌），建议东伯雪鹰也去探索迷界走廊。",东伯雪鹰抵达虚空堡（宇宙神真身驻扎、混沌境化身超两百），了解迷界走廊（孕育毁灭魔族）、外域内域空间壁垒结构及战斗规则。
混沌境,万界楼主一脉,设定揭示、伏笔深化,伏笔、揭示、设定,问天殿主告知探索迷界走廊毁灭巢穴是断根之法（宇宙神化身潜入，问天殿主化身携入定位）。万界楼主及赤眉山主（星辰塔九层）最适合探索（分身无数，化身能超远距离传送，迷失也能传送离开）。万界楼主一脉入门极难，真正修成仅万界楼主和赤眉山主。赤眉山主探索要价极高（一亿年一万源界石，发现血甲巢穴另加一万，金甲巢穴另加二十万），宇宙神们请其十亿年仅发现五座血甲巢穴付十五万源界石后不再请。东伯雪鹰化身能超远距离传送（太虚天宫公开），但决定保密（防万界楼主、圣主等觊觎），独自悄悄探查（发现血甲巢穴留空间标记暂不公开，发现金甲巢穴再公开）。东伯雪鹰猜测万界楼主一脉与九云帝君四幅图绝学有相似之处，或许对更高层世界了解更多。,万界楼主一脉（万界楼主、赤眉山主）最适合探索迷界走廊但要价极高，东伯雪鹰决定保密化身能超远距离传送能力独自探查。
混沌境,迷界走廊,环境铺陈、悟道,修炼、设定、爽点,东伯雪鹰在虚空堡小型洞府静室透过黑雾球体孔洞窥探迷界走廊（仿佛融入混沌虚空边界的巨大蜂巢，密密麻麻无数脉络）。化身（黑袍独角，改变气息）进入迷界走廊，先传送到一封闭成长中空间（膜壁层层叠叠，内部折叠扭曲，大开眼界），再寻找到一处绚烂彩色空间廊道（宽度数百里，扭曲穿行，岔路口九条岔道）。东伯雪鹰赞叹迷界走廊是参悟虚空的圣地（虚空就仿佛砖块被控制形成固定通道），一边行走一边透过孔洞窥探寻找巢穴。半个时辰后窥探到一处邪恶毁灭气息（巢穴），化身直接超远距离传送进入。,东伯雪鹰化身进入迷界走廊（巨大蜂巢结构），赞叹其为参悟虚空的圣地，半个时辰后窥探到第一处巢穴。
混沌境,虚空修行,战斗描写、悟道,修炼、战斗、爽点,东伯雪鹰化身进入巢穴空间（虚空被扭曲成大树形状，生长出灰色蛋，孕育毁灭魔族婴儿），两名灰色甲铠魔族看守发现入侵者。东伯雪鹰大范围施展盘波图领域灭杀两名灰甲魔族及虚空大树和数百个蛋（化身实力仅星辰塔七层）。一金甲魔族带一群血甲魔族追杀，东伯雪鹰高速瞬移逃窜，被追上时迷失进混乱空间（靠超远距离传送离开）。五天后又发现一座灰色甲铠巢穴（近距离窥探确认）。东伯雪鹰更多心思用在修行上（观看迷界走廊虚空特殊，《行者秘藏》再度提升），寻找巢穴只是顺带。虚空堡殿厅画面显示十二支毁灭魔族队伍进入内域，东伯雪鹰等混沌境主动请缨应对。,东伯雪鹰化身灭杀灰甲巢穴后被金甲魔族追杀迷失（靠超远距离传送脱险），更多心思用于修行，虚空堡安排混沌境应对内域魔族。
混沌境,九层初级,战斗描写、转折高潮,战斗、高潮,"东伯雪鹰化身逼近一百位黑甲毁灭魔族队伍（藏有三个金甲魔族），施三朵毁灭之花降临。东伯雪鹰真身现身与混沌殿主（藏洞天宝物内）联手，混沌殿主被迫现身后双手旋转撕扯虚空粉碎黑色星辰（金甲魔族独角所化），三位金甲魔族（一个九层两个八层巅峰）大惊逃窜。东伯雪鹰仅杀两个黑甲魔族（幻境让金甲魔族中招救黑甲时失误）。三位金甲魔族在迷界走廊评定东伯雪鹰威胁度""九层初级""（幻境手段厉害，攻击一般），混沌殿主威胁度""九层上""（修行者一方九层上共五个含两位宇宙神）。东伯雪鹰吸收特殊能量媲美百颗源界石。",东伯雪鹰与混沌殿主联手对付藏有三个金甲魔族的队伍，混沌殿主出手逼退三魔族，东伯雪鹰杀两个黑甲魔族，魔族评定其威胁度九层初级。
混沌境,天赋,设定揭示、核心伏笔,伏笔、揭示、设定,"迷界走廊深处冰雪殿厅，六位宇宙神级""王""（含雪白鳞甲女子""雪蛹""、黑袍年轻人等，两位人类模样）聚集。雪蛹告知第八金甲巢穴第一批金甲魔族中有一个特殊——有""无影天赋""（能真正和虚空最本质黑雾球体融为一体，正常情况无法毁灭身体，隐藏难以寻找，即九云帝君四幅图第二幅图虚化理论最完美极致）。六位王激动前往第八金甲巢穴查看（周围血甲魔族巡查，入口伪装），看到九颗金色蛋卵中最小的一颗偶尔半透明至消失（无影天赋显化）。毁灭魔族实力纯粹靠天赋（金甲级星辰塔七至九层），至今未出现超远距离传送、预言未来、改变过去等逆天天赋，但有修行者没诞生过的""无影天赋""。九云帝君虚化操纵虚空均极致，圣主多次杀他失败，最后一战才重创。第二位无影天赋者五十亿年左右出生。","六位宇宙神级""王""得知第八金甲巢穴孕育出第二位""无影天赋""毁灭魔族（虚化理论极致，和黑雾球体融为一体无法毁灭），五十亿年后出生。"
混沌境,巴龙九转,设定展开、伏笔深化,伏笔、设定,六位王决定驻守第八金甲巢穴保护新无影天赋者（六位联合挡得住宇宙神群攻），联系外界五位王商谈（外界王愿意偶尔回迷界走廊）。无影天赋之前仅扶愆将军一位，靠其才能送王们出去（渗透空间壁垒有细微波动，靠大规模攻击波动掩盖）。十一位王中五位在外伪装身份学习修行法门（钧帝等），六位留守。东伯雪鹰来虚空堡近百亿年，幻境手段厉害，先后斩杀五位金甲魔族及过百血甲魔族（吸收特殊能量媲美两万颗源界石），对朱魇传承幻境世界数次修改（威力提升但非质变）。东伯雪鹰将巴龙传承修炼大成达九转之境（虚空堡近两百亿年征战），虚界道杀戮道境界均足够创造毁灭之花第三式，但创造成功极难。,六位王驻守第八金甲巢穴保护新无影天赋者，东伯雪鹰近百亿年斩杀五位金甲魔族，巴龙传承九转大成，准备创造毁灭之花第三式。
混沌境,金色,悟道、转折高潮,修炼、高潮、爽点,"东伯雪鹰尝试创造毁灭之花第三式（九叶花，九片叶子），屡次失败（无圆满感，连边都没摸到）。东伯雪鹰自评防御达九层级数（巴龙九转加虚化加藏身虚幻世界，加秘宝前三甚至前五），攻击弱（毁灭之花第二式即便三十朵仍不及九层级数金甲魔族）。对比晋仪大帝（古修，成混沌境五百亿年创出九层领域招数）、邢火帝君（攻击手段酷烈霸道）等九层级数强者。东伯雪鹰静心继续钻研。迷界走廊内，金甲魔族""陌古将军""（七层巅峰，三根黑色弯角细密金色鳞甲，地位等同扶愆将军）被紫甲羽翼男子（六位王之一，擅长遁逃）暗中保护，王们等陌古将军磨砺后将他们送出去。东伯雪鹰化身在迷界走廊百亿年寻找到二十六座血甲巢穴（效率比赤眉山主低些），忽然透过孔洞窥探到一座有九颗金色蛋卵的虚空古树——金甲级巢穴。",东伯雪鹰尝试创造毁灭之花第三式屡次失败，防御达九层级数但攻击弱，化身在迷界走廊发现第一座金甲级巢穴（九颗金色蛋卵）。
混沌境,攻击壁垒,转折高潮、设定揭示,揭示、设定、高潮,"东伯雪鹰发现金甲级巢穴（一座巢穴平均出两位""王""，时间越久越多），激动兴奋（修行者一方公开悬赏发现金甲巢穴十万源界石）。东伯雪鹰被虚空古树构成吸引（对虚空利用完美，圣地中的圣地），派第二个化身继续寻找，第一个化身长期在封闭空间静修窥探虚空古树（暂不上禀，等对修行没帮助时再公开）。东伯雪鹰来虚空堡两百一十亿年时，三千个毁灭魔族光点深入内域朝空间壁垒飞去（又一次攻打空间壁垒），十二位宇宙神（巫祖、界祖、刀皇等）真身一个呼吸内赶到虚空堡。古圣界圣主泡浴池遥看迷界走廊方向（称魔族又要潜入，给他的时间越来越少）。天青界赤眉山主（霸占天青界，星辰塔九层最孤傲）观望，期待宇宙神们最终答应他的高价要求。",东伯雪鹰发现金甲级巢穴后派化身长期窥探虚空古树（暂不公开），三千魔族攻打空间壁垒，十二位宇宙神赶赴虚空堡，圣主、赤眉山主各怀心思。
混沌境,宇宙神们,战斗描写、氛围营造,战斗、设定,虚空边缘内域，毁灭魔族早早分化成上百道血色流光四散遁逃（修行者化身难以尽皆击杀）。东伯雪鹰化身施幻境令一道流光沉沦灭杀（非宇宙神携带者）。邢火帝君弹猩红火焰灭一道流光。宇宙神严令混沌境真身禁止参战（炮灰中隐藏宇宙神级主力）。远处毁灭魔族宇宙神（黑色雷霆）与修行者宇宙神们交手。东伯雪鹰透过孔洞远距离窥探：巫祖分化九尊恐怖化身真身战力恐怖，界祖身材瘦小一抓鳞甲血肉塞嘴里吃掉，瑶光之主弹琴琴声悠扬，十二位宇宙神（含巫祖、刀皇、界祖等）完全压着毁灭魔族打。东伯雪鹰感叹自己真身过去战斗余波都能灭了他。,毁灭魔族分化流光遁逃，宇宙神严令混沌境真身禁战，十二位宇宙神（巫祖九化身、界祖吃肉、瑶光之主弹琴）完全压制毁灭魔族主力。
混沌境,魔族的杀戮（上）,矛盾展现、核心伏笔,伏笔、冲突,"天愚老祖告知危机解决（魔族战死或逃回）。东伯雪鹰感慨攻打退去都是魔族主动。虚空堡殿厅十二位宇宙神商议：自称""钧帝""的实力达宇宙神第二层次，毁灭魔族保命厉害厮杀两个多时辰一个都没杀死，魔族变强速度越来越快。界祖指出魔族并未尽全力攻打空间壁垒（怀疑是掩护送王们出去）。迷界走廊五位王（钧帝最强，长长鳞甲尾巴环绕座位）畅饮，钧帝一掌轰空间壁垒时已用无影天赋送三位王出去（陌古将军被波及毫无损伤）。钧帝称所有王都出去过，较长一段时间不急发动战争。三亿年后，七星海圣界玉浅宫主（七层巅峰混沌境，洁白衣袍赤脚）心惊不安，金袍陌古将军带五位金甲魔族（两位九层三位八层巅峰）前来吞吃她及整个城池。",宇宙神们商议魔族未尽全力（疑掩护送王出去），钧帝用无影天赋送三位王出空间壁垒，三亿年后陌古将军带五位金甲魔族吞吃玉浅宫主及城池。
混沌境,魔族的杀戮（下）,矛盾爆发、转折高潮,冲突、高潮,陌古将军心性差（七层巅峰，受毁灭欲望影响），被五位手下劝住一直忍到今天。陌古将军一招活捉玉浅宫主（无数丝线封禁实力），掐脖子舌头包裹吞入腹中（第一次杀混沌境修行者）。陌古将军一张嘴恐怖波动笼罩整个城池，万亿计修行者不受控制飞起被吞吃（五位黑袍人暗中帮忙束缚合一境送入其嘴）。东伯雪鹰化身收到情报震怒杀机凛冽（五万三千亿修行者全被吞吃）。虚空堡宇宙神们收情报，瑶光之主（曾指点过玉浅宫主）问天愚老祖东伯雪鹰何时可去追查。天愚老祖激动告知东伯雪鹰化身被传送进金甲级巢穴（巫祖等震惊），瑶光之主、虚空始祖真身沿东伯雪鹰打开的通道进入。,陌古将军吞吃玉浅宫主及城池五万三千亿修行者，东伯雪鹰化身被传送进金甲级巢穴，瑶光之主、虚空始祖真身进入毁巢。
混沌境,断其根基,转折高潮、核心伏笔,伏笔、高潮,金甲级巢穴空间内仅一位金甲魔族守卫，东伯雪鹰化身出现被守卫发现传讯王们，守卫主动出手追杀东伯雪鹰化身（虚空造诣高拉开距离）。瑶光之主（抚琴，乐曲波动）、虚空始祖（绿发）真身抵达，瑶光之主一出手金色蛋卵化作粉末，虚空古树支撑两个呼吸后崩塌空间崩塌，金甲守卫湮灭，二人虚空大挪移离去。五位王齐聚愤怒（金甲巢穴是王们摇篮，早期毁两座如今又毁一座，剩六座），钧帝命查探是谁发现的（走运还是特殊法门）。虚空堡宇宙神们大喜（很久没这样大胜，断掉一条根时间更充足），决定保密（防魔族迁怒东伯雪鹰），巫祖问东伯雪鹰是运气还是探查法门。,瑶光之主、虚空始祖毁掉金甲级巢穴（金色蛋卵化粉末虚空古树崩塌），五位王愤怒命查探发现者，宇宙神们大喜决定保密。
混沌境,东伯雪鹰的任务,装备获取、情节推进,奖励,"东伯雪鹰对宇宙神们称是靠超远距离传送走运送进金甲巢穴（巫祖等暗叹不能奢望太多）。刀皇给东伯雪鹰十万颗源界石奖励（公开悬赏），东伯雪鹰暗决定再吃掉。东伯雪鹰告知巴龙传承已九转大成。魔山始祖、瑶光之主等告知追查潜伏毁灭魔族任务（魔族狡猾有未知手段逃过封锁，宇宙神追踪不现身，混沌境面对有陨落之危，玉浅宫主都没来得及逃）。巫祖给东伯雪鹰保命秘宝""十二元珠""（十二颗珠子手链，原始古圣界大地深处凝聚的大地精华奇珍，十二层护体神光，巫祖界祖刀皇全力攻破需一两个刹那，仅圣主可瞬间攻破）。东伯雪鹰闭关九年炼化十二元珠及吃十万颗源界石，告别好友超远距离传送离开虚空堡开始追查，安排两大化身在迷界走廊继续探寻。",东伯雪鹰获十万源界石奖励（暗决定吃掉）及保命秘宝十二元珠（巫祖给，十二层护体神光），炼化后开始追查潜伏毁灭魔族。
混沌境,追查,人物心理、情节推进,情感,"东伯雪鹰在万古圣界奚山城酒楼苦思追查策略。情报显示：一定把握认定是潜伏魔族所杀的混沌境仅九位（平均万亿年一位），小势力被吞吃确定是魔族的过百次（未发现的可能数千次），混沌境驻守地戒备森严，魔族偏僻之地可能性更高。东伯雪鹰决定用""最蠢笨办法""——无规律一处处探查，靠超远距离传送前往三大圣界及混沌虚空任何一处，直接一座庞大幻境笼罩（强大魔族应能摆脱幻境，魔族沉沦应暴露）。东伯雪鹰在奚山城施展幻境（奚山老祖七层勉强保持一丝清醒），无果。东麟圣界一国度幻境探查发现古圣教成员（上禀安排高手解决）。东伯雪鹰一处处探查，反倒是古圣教母祖教驻点被发现不少（两大教派纳闷）。转眼二十余亿年过去。","东伯雪鹰决定用""最蠢笨办法""无规律一处处施展幻境笼罩探查，二十余亿年未发现毁灭魔族，反发现古圣教母祖教不少驻点。"
混沌境,发现了！,转折高潮、矛盾爆发,冲突、高潮,"东伯雪鹰行走各地施展幻境（仅百分之一心力，更多心思在修行）。七星海圣界月凤国（现任国主杀前任国主继位，星辰塔四层巅峰，脾性好闭关，身材瘦长狐媚），月凤国主实际上是毁灭魔族中的""王""，偶尔出去活捉一个国度子民回来食用（不留在何蛛丝马迹）。东伯雪鹰超远距离传送到近处再瞬移逼近月凤国，一迈步施展庞大幻境笼罩整个月凤国（所有子民侍女陷入幻境），唯月凤国主未沉沦暴露。月凤国主显出真身（比城池还大的黑幽幽嘴巴，蚕茧怪物头颅上的嘴），一吞吸月凤国覆灭，东伯雪鹰色变""不好，是宇宙神！""。","东伯雪鹰在月凤国施展幻境发现月凤国主未沉沦（实为宇宙神级""王""），月凤国主显真身吞吸覆灭月凤国，东伯雪鹰大惊。"
混沌境,宇宙神,战斗描写、转折高潮,战斗、高潮,月凤国主真身（蚕茧般身体十二只手密密麻麻银色鳞甲）两只银白大手渗透虚幻世界碰触东伯雪鹰。东伯雪鹰激发十二元珠（十二层蒙蒙光罩）和三彩重云（金光蓝色光晕），银白大手仅轰破最外一层光罩。东伯雪鹰感应到怪物真实模样（本能畏惧，有身死危险），靠两件秘宝支撑更多时间，超远距离传送逃命。月凤国主悄无声息离去（暴露后宇宙神即将赶来）。虚空始祖（黑衣绿发）最快赶到（懂超远距离大挪移），慢了一步敌人已逃，下方亿里遭波及无生灵幸存，虚空始祖痛心煞气。月凤国主现身荒芜大地，嘀咕被东伯雪鹰走运发现（猜东伯雪鹰是在修行试验招数）。虚空堡宇宙神们确认潜伏魔族中有宇宙神层次（上次攻打空间壁垒的王出现在七星海圣界，证明空间壁垒挡不住对方）。,东伯雪鹰靠十二元珠和三彩重云挡住宇宙神级月凤国主一击后超远距离传送逃命，虚空始祖赶来慢一步，宇宙神们确认潜伏魔族中有宇宙神且空间壁垒挡不住。
混沌境,摇曳的花朵,悟道、转折高潮,修炼、高潮、爽点,宇宙神们商议弥补漏洞及应对毁灭魔族王者，东伯雪鹰继续追查。潜伏魔族极少（除两位无影天赋将军外，其他都是宇宙神或八层巅峰九层级数金甲魔族，心性强被选中），东伯雪鹰两百余亿年一无所获。东伯雪鹰在一宗派以三十八朵毁灭之花困住一名金甲魔族，另一暗红流光金甲魔族（九层级数）救走同伴后化作兵器撕裂毁灭之花逃窜（身体四散金光飞向四方）。东伯雪鹰懊恼毁灭之花威力不够（三十八朵勉强算九层级数招数，束缚不了九层级数金甲魔族），至今未创出毁灭之花第三式。毁灭魔族高层下令躲起来（东伯雪鹰之后漫长岁月一无所获）。东伯雪鹰行走各地灭杀魔头，一日在一混沌陆地灭杀大魔头后，随手一划虚幻世界内一朵九叶花凝聚形成，感受到发自心灵战栗的美感（如合一境创毁灭之花第一式的绝对美感），知道——成了！,"东伯雪鹰以三十八朵毁灭之花困不住九层级数金甲魔族（被救走同伴），懊恼后终于在一混沌陆地创出毁灭之花第三式""九叶花""（九层级数招数）。"
混沌境,血云塔主,人物引入、悬念设置,人物、伏笔,"东伯雪鹰在冰峰之巅参悟九叶花（一朵花即一座宇宙，部分方面达宇宙神层次，创九叶花是磨练自己对虚界道理解）。东伯雪鹰修行千亿余年终于悟出九层级数招数（此前防御算九层，攻击靠花朵叠加，遇宇宙神纯粹靠秘宝逃命），如今有资格和邢火帝君、心象教主一比。东伯雪鹰继续行走四方，随手斩杀魔头。离开虚空堡过八百亿年，除刚开始发现一次宇宙神魔族和一次金甲魔族外再无所获。万古圣界茫茫沙漠荒山深处一座城堡宫殿下方别有洞天（黑塔连接地表城堡），光头大汉""血云塔主""（九层级数金甲魔族）与老者饮酒作乐，生死塔十八层囚禁数十亿修行者进行生死战（活到第十八层再生死战可离开，实则被血云塔主吃掉）。老者买""金沙毒蛙""（三十二颗源界石）离去。黑衣女子（八层巅峰金甲魔族）迎接血云塔主，血云塔主告诫小心东伯雪鹰追查。",东伯雪鹰创九叶花后继续行走灭魔头，发现万古圣界沙漠荒山下血云塔主（九层级数金甲魔族）的生死塔（十八层囚禁修行者食用）。
混沌境,还想拦我？,矛盾爆发、转折高潮,冲突、高潮,"生死塔第十八层一少年（虚空神初生境）杀老者即将活着离开，血云塔主告知""每一个离开的都被我吃掉""，少年绝望突破合一境逃跑。东伯雪鹰幻境降临，城堡宫殿生死塔所有人及少年陷入幻境，唯血云塔主（光头大汉）和黑衣女子保持清醒。血云塔主带黑衣女子冲出，东伯雪鹰施七朵九叶花（大包小层层叠叠）笼罩整个城堡宫殿困住二魔族。血云塔主全力一拳（彩色漩涡）仅轰破一层花瓣，东伯雪鹰又凝聚新花瓣维持七朵。血云塔主心冷明白在劫难逃（九层级数金甲魔族也逃不掉九叶花封闭）。东伯雪鹰凌空而立向宇宙神们传讯。",东伯雪鹰幻境笼罩血云塔主巢穴，以七朵九叶花困住血云塔主（九层级数）和黑衣女子（八层巅峰），血云塔主全力仅破一层花瓣，东伯雪鹰向宇宙神传讯。
混沌境,能量,转折高潮、装备获取,奖励、高潮,血云塔主显真身（犄角高大魁梧金甲魔族）疯狂轰击黑色花瓣，东伯雪鹰时时刻刻维持七层九叶花。超远距离传送通道形成，两金甲魔族毫不犹豫自杀（灵魂湮灭身体碎裂）。界祖（瘦小绿袍，身体最强横，比毁灭魔族任何王都凶残霸道）从通道走出，称东伯雪鹰吸收的魔族自杀逸散能量滋味不错。东伯雪鹰吸收特殊能量感觉媲美近五万颗源界石（八层巅峰金甲魔族过万颗，九层级金甲魔族带来剩下助力），可惜无材料遗留。巫祖赶到，夸赞东伯雪鹰九叶花新创（混沌境论攻击前十）。毁灭魔族高层震动（折损两位含一位九层级，王们震怒但杀不了东伯雪鹰——行踪诡异、秘宝护身、超远距离遁逃），下令所有金甲魔族躲到极偏僻之地，仅猎食时行动。,两金甲魔族在宇宙神赶来前自杀，东伯雪鹰吸收能量媲美五万颗源界石，界祖巫祖赶到，毁灭魔族高层震动下令金甲魔族全躲到极偏僻之地。
混沌境,爆发前夕,悬念设置、氛围营造,伏笔、设定,"混沌陆地一座宫殿，陌古将军（金衣三角眼，无影天赋）带五位手下隐居，五位手下劝其去极荒芜之地（王们严令），陌古将军不甘但不敢违逆王们。陌古将军吃掉整个混沌陆地亿万生命后与五位手下去荒芜之地藏匿。东伯雪鹰探查再无成果，宇宙神们明白任务已差不多完成（最初目的是确认有无王侵入及空间壁垒是否挡不住）。东伯雪鹰以修行为主。天愚老祖传讯东伯雪鹰速归太虚天宫，十三位殿主（八位真身在虚空堡，五位回太虚天宫）碰面不解。庭院内天愚老祖、剑主、刀皇密议：刀皇亲自坐镇太虚天宫（即便圣主用本源之力秘宝打碎七星海圣界也攻不破），剑主称有十成把握，各方都准备好，剑主决定""便在今日""发动。",陌古将军吃掉混沌陆地亿万生命后躲藏，东伯雪鹰被天愚老祖召回太虚天宫，天愚老祖、剑主、刀皇密议，剑主决定今日发动突破。
混沌境,引动,转折高潮、氛围营造,设定、高潮,"天愚老祖下令殿主及内殿长老要么在虚空堡要么在太虚天宫不可在外。太虚天宫中央陆地上空出现让人心悸的巨大黑光（隐隐有混沌虚空至高规则韵味，东伯雪鹰九层级数也心颤）。天愚老祖、刀皇见剑主成功引动黑光大喜（比预料快）。七星海圣界太虚天宫外半空，巫祖（黑色锁链飞舞）、界祖（瘦小）并肩守卫，魔山始祖、瑶光之主藏匿一旁。界祖赞剑主绝世妖孽（成宇宙神没多久就走到这一步，说不定哪天能和圣主比肩）。古圣界圣主（容貌圣洁中性，混沌虚空至高规则部分显化）盘膝黑石床，感应到黑光脸色微变""好大的胆子，敢来夺我的东西""，借麾下圣者传送通道赶赴太虚天宫。圣主赤脚薄衣虚空挪移一步抵达太虚天宫外。界祖笑迎，巫祖锁链飞舞气息升腾。圣主手持古朴斑驳长矛""阻挡我路的，便该重归混沌""。",剑主引动至高规则黑光（巨大黑光显化），天愚老祖刀皇大喜，巫祖界祖守卫太虚天宫外，圣主震怒赶来手持斑驳长矛。
混沌境,窥探圣主实力,战斗描写、人物心理,情感、战斗,圣主斑驳长矛瞬间甩出轰击太虚天宫入口仅荡起涟漪（刀皇抵挡）。圣主知对方有备而来，身上气息暴涨，圣界上方出现无数灰色雷霆（巨大电蛇），皮肤透明有雷霆游走，长矛环绕灰色雷电。圣主一迈步杀向巫祖（认为更好对付），巫祖九条黑色锁链飞舞将千里空间缩至一里充斥每寸空间撞击长矛，巫祖震退。界祖大笑杀来，圣主数十矛轰界祖头颅（凹陷扭曲变形但丝毫无损恢复正常）。巫祖皮肤飞出上万条黑色锁链令圣界震颤。东伯雪鹰透过孔洞清晰窥探：圣主容貌中性圣洁带至高规则韵味，雷霆环绕手持长矛，以一敌二占明显优势（界祖靠身体硬抗纠缠，巫祖远处酝酿大招被圣主强行轰破），七星海圣界战栗出现裂缝。东伯雪鹰震撼差距太大，杀意迸发（师傅古亓死在圣主手），明白要和圣主为敌首先得成宇宙神。,圣主以灰色雷霆长矛以一敌二占上风（界祖身体硬抗、巫祖酝酿大招被破），东伯雪鹰透过孔洞窥探震撼差距太大，明白须成宇宙神方能与圣主为敌。
混沌境,尘埃落定,转折高潮、核心伏笔,伏笔、高潮,"东伯雪鹰观战判断：圣主专精""雷霆""（一切力量源泉），界祖专精""肉身""（身体比秘宝还恐怖圣主伤不了毫发），巫祖在于""杂""（诸多手段结合但需酝酿时间）。太虚天宫高空巨大黑光陡然坠落融入剑主洞府消失无踪，天愚老祖、刀皇大喜（剑主控制成功，盏茶时间，积累够浑厚）。剑主与刀皇并肩出战，剑主一剑（带煞气剑光纵横天地）与圣主交手数十次（圣主无法获胜），界祖巫祖微笑退到一旁。圣主赞剑主天赋悟性""原始古圣界诞生至今第一""，称其已达宇宙神第二层次不亚于刀皇，若再修行些时日超越界祖母祖也未尝不可能，但出生太晚毁灭魔族越强留给时间不多，希望剑主在大限前达第三层次。圣主转身离去。巫祖等感慨圣主被夺部分力量还能如此平静（上次为泄愤杀古亓，这次放弃了一些谋划）。古圣界圣主嘀咕剑主可能得到过""界心令""。",剑主控制黑光成功，一剑与圣主交手数十次（圣主无法获胜），圣主赞剑主天赋第一已达第二层次后离去，圣主嘀咕剑主可能得到过界心令。
混沌境,界心令,设定揭示、核心伏笔,伏笔、揭示、设定,"东麟圣界酒楼，罗城主（刀皇师傅，混沌境却境界高得离谱，宇宙神第二层次战力，触犯未知禁忌永远无法成宇宙神，六大圣地真正纽带）告知刀皇""界心令""——特殊秘宝，需天赋悟性极高者得到认同方能看见得到，否则在面前都看不见，剑主疑似得到过并使用（故修行突飞猛进）。罗城主独酌称""元""老家伙离去时界心令仅剩五块，如今恐怕更少。天愚老祖撤销禁令（殿主们待太虚天宫数十亿年后），告知剑主突破实力大进媲美刀皇巫祖。消息传开整个混沌虚空震撼。东伯雪鹰继续行走追查毁灭魔族。混沌虚空中陌古将军（金衣三角眼）与青衣男子搏杀，施薄如蝉翼流光切割男子一分为二，自称八层巅峰（王们允许达到八层巅峰可再吃一位混沌境），五位手下称会安排。",罗城主告知刀皇界心令（特殊秘宝需认同方能看见），剑主疑似得到过，天愚老祖撤销禁令，陌古将军达八层巅峰被允许再吃一位混沌境。
混沌境,战利品,矛盾展现、核心伏笔,伏笔、冲突,东伯雪鹰来到卢铭大陆（混沌境巨头卢铭老祖坐镇，极庞大），发现整个大陆生灵全死光一片死寂（陌古将军吃掉卢铭老祖及九成九生命，五位手下吃剩下少许）。东伯雪鹰怒火熊熊继续一处处寻找（极偏僻之地也施展幻境筛选），同时迷界走廊两个化身寻找金甲级巢穴（离开虚空堡至今已发现两座）。火红色大石（数千里，原始古圣界破碎残留）上洞府内，陌古将军与五位手下享受吞吃卢铭老祖的快感，研究战利品（兵器典籍等，找出一门火焰类古修传承典籍）。陌古将军扔物品时发现一处撞击声异常，伸手抓到一个看不见感应不到却摸得着的物品（好像一块牌子），五位手下也好奇。,东伯雪鹰发现卢铭大陆被陌古将军吃光（卢铭老祖及九成九生命），陌古将军研究战利品时发现一个看不见感应不到却摸得着的神秘物品（像一块牌子）。
混沌境,家乡宇宙，纪元终结,情感展现、转折高潮,情感、高潮,陌古将军将神秘物品收进储物宝物（当奇物秘宝，研究不出用途抛之脑后）。家乡宇宙第八纪元最终破灭期（物质界黑暗深渊神界星球逐渐崩塌），东伯雪鹰和余靖秋在混沌飞舟内观看（夫妻拌嘴轻松氛围）。血刃神帝、元初主人、青君等也回来观看。大能者（超脱真神以上数千名）在混沌飞舟等待最终破灭中是否诞生新大能者。东伯雪鹰常在家乡宇宙各处指点四重天界神（希望超脱活命），最终破灭前千余年连续三位四重天界神超脱成真神。家乡宇宙最终大破灭（所有星球虚空世界破碎化作纯粹能量浆糊），混沌飞舟沿撕裂宇宙膜壁飞出，东伯雪鹰带群老乡在混沌虚空飞行数天见识危险后超远距离传送至七星海圣界虚界城。东伯玉、东伯青瑶（规则奥妙体系主宰一级，古修体系虚空神初生境）等安排在虚界城。东伯雪鹰地位越加公认（九层级数混沌境，追杀魔族贡献大），子女修行之旅顺畅。东伯雪鹰渴望成宇宙神，一步步慢慢走着。,家乡宇宙第八纪元终结大破灭，东伯雪鹰带数千大能者乘混沌飞舟超远距离传送至虚界城，东伯雪鹰地位公认渴望成宇宙神。
混沌境,朱魇第十变,悟道、转折高潮,修炼、高潮、爽点,"东伯雪鹰在混沌虚空黑色河流小陆地施展幻境探查（无果），透过孔洞窥探周围上千处有生命的地方（巫修、混沌陆地子民、信母祖教宇宙等）。一座混沌陆地破旧神殿外百万人们祈求""天风大人""拯救（天风老鬼自己逃了），迷雾中庞大身影（魔头）将世界当牲畜吃一批养一批，人们绝望祈求圣主母祖。东伯雪鹰超远距离传送近处再瞬移降临，庞大幻境笼罩陆地周围百倍区域，亿万生灵陷入幻境各有际遇（有些得奇遇传承实力大涨，魔头在幻境中被抹杀），醒后绝大多数遗忘少数记得幻境中师傅前辈高人（""雪鹰老祖""""东伯岛主""""东伯客""）。东伯雪鹰继续行走，施幻境时挑战极限（一念让亿亿万生灵各有际遇丝毫不乱，幻境规则运转如宇宙运转，幻境内修行提升是真实提升，逆天时间加速术）。一日东伯雪鹰施幻境时感受到奇异美感（如创毁灭之花的绝对美感），创出九层级数幻境世界（部分宇宙神境界）。东伯雪鹰立即修改朱魇传承幻境世界构成，朱魇传承质变，一只庞大美丽火红色""朱魇""神鸟显现（翅膀笼罩四面八方，幻境世界内万物生命孕育），创出前所未有的""朱魇第十变""。","东伯雪鹰行走各地幻境灭魔头（幻境内赐奇遇传承），将单纯虚界道提升至九层级数幻境世界，借此创出前所未有的""朱魇第十变""（朱魇神鸟显现）。"
混沌境,大收获，六个毁灭魔族！,转折高潮、矛盾爆发,冲突、高潮,"东伯雪鹰创出朱魇第十变及毁灭之花第三式两大九层级数招数，自信突破宇宙神有望（其他九层级数一般仅一种九层招数）。东伯雪鹰继续行走探查，透过孔洞窥探发现火红色大石洞府内六位""合一境""修行者，三角眼男子（陌古将军）高坐宝座翻看典籍，挥手挪移上千弱小修行者欲吞吃。东伯雪鹰以为又是邪恶魔头，超远距离传送近处再瞬移降临。火红色大石洞府殿厅内，陌古将军正要吞吃上千修行者时，东伯雪鹰九层级数幻境降临（范围浩瀚威力恐怖），六位毁灭魔族中五位（含陌古将军）瞬间沉沦毫无反抗（幻境直接针对灵魂，陌古将军意志弱最大缺点是灵魂），仅一位独角金甲魔族（九层级数心性意志强）保持清醒惊怒大喝""东伯雪鹰""。五位沉沦后无法维持收敛气息秘术，毁灭气息外放遭至高规则排斥，东伯雪鹰大惊""毁灭魔族！""——足足六个，前所未有大收获，苦尽甘来。",东伯雪鹰凭九层级数幻境在火红色大石洞府发现六位毁灭魔族（陌古将军及五位护卫），五位（含陌古将军）瞬间沉沦，仅独角金甲魔族保持清醒，东伯雪鹰大收获。
混沌境,活捉两个,战斗描写、转折高潮,战斗、高潮,独角金甲魔族（九层级数）一挥手收两位同伴入洞天宝物，瞬移扑入殿厅收陌古将军入洞天宝物（东伯雪鹰毁灭之花慢一步）。东伯雪鹰六朵九叶花困住独角魔族，一朵九叶花包裹另两位沉睡魔族。东伯雪鹰身后朱魇神鸟显现红色气息弥漫助幻境冲击独角魔族。独角魔族愤怒绝望（保护陌古将军是任务，幻境恐怖屈指可数金甲魔族能抵抗），承受九叶花不断湮灭诞生袭击身体一次次伤口又愈合。洞天宝物内三位魔族恢复清醒，独角魔族化身告知情况（逃不掉，宇宙神即将赶来），劝自杀（落在修行者手里暴露情报）。两位金甲魔族自杀湮灭，陌古将军不甘施无影天赋逃出洞天宝物，刚碰触外界幻境立即沉沦毫无反抗。独角魔族为不让陌古将军活着落入修行者手中，身体化作无数金光钻入陌古将军身体摧毁其灵魂及身体（鳞甲残留无法毁掉），随后独角魔族主动湮灭。虚空始祖最先赶到，巫祖、刀皇接连赶到，东伯雪鹰称发现六个毁灭魔族死四个活捉两个（一个八层巅峰一个九层级数）。巫祖刀皇惊讶东伯雪鹰幻境如此恐怖（连他们都受影响）。,独角金甲魔族为不让陌古将军落入修行者手中摧毁其灵魂（鳞甲残留），随后自杀，东伯雪鹰活捉两名沉睡金甲魔族，虚空始祖巫祖刀皇赶到惊讶幻境恐怖。
混沌境,鳞甲,装备获取、设定揭示,奖励、揭示、设定,"巫祖传音刀皇：东伯雪鹰若以虚界道成就宇宙神，幻境将更可怕（宇宙神战争中医影响敌人起大作用），针对灵魂手段比心象教主更直接纯粹。巫祖、刀皇走到两名沉睡金甲魔族前（沉睡即绝对沉沦，杀死也甘然受死）。东伯雪鹰被陌古将军遗留的细密金色鳞甲吸引（行者秘藏五十层加九云帝君四幅图二三幅图高深），从中窥伺出""虚化""奥妙——比九云帝君第二幅图更简化直接（至简美）。虚空始祖（黑袍绿发）双眸放光看鳞甲，称其虚化玄妙比行者秘藏简洁太多，请求化身来太虚天宫一同参悟（东伯雪鹰同意，师祖指点帮助更大）。巫祖审问东伯雪鹰两名金甲魔族（灵魂太强强行搜魂会粉碎，东伯雪鹰幻境可引导探出一切）。东伯雪鹰审问出：金甲魔族有各种天赋，""无影天赋""（与空间本质融为一体，攻击除非摧毁空间本质否则伤不了，能轻易穿透空间壁垒），十一位""王""（最强者钧帝），金甲级巢穴不超过十座。巫祖封禁二魔族灵魂交东伯雪鹰关押审问，称会记着功劳不亏待，偶尔派化身来看鳞甲。",东伯雪鹰从陌古将军鳞甲参悟虚化奥妙（比九云帝君第二幅图更至简），审问出无影天赋、十一位王（最强钧帝）、金甲巢穴不超十座，巫祖封禁二魔族灵魂交其关押。
混沌境,界心令，显现（本篇终）,核心伏笔、转折高潮,伏笔、高潮,"巫祖等商议破解虚化手段（九云帝君有破解手段但已死，巫祖绝招可短时间做到但无法大范围封禁空间壁垒），决定针对个体弱点（灵魂弱者中幻境，界祖可瞬间破解虚化）。东伯雪鹰告知审问情报：死的是新诞生八层巅峰陌古将军（意志垫底），另一位无影天赋扶愆将军早成九层级数（心性意志强幻境下恐保持清醒轻易遁逃）。东伯雪鹰灭掉两个无影天赋中的一个，修行者一方窥伺出毁灭魔族实力（十一位王、穿过空间壁垒手段等）。毁灭魔族一方震怒（无影天赋仅剩扶愆将军，金甲魔族被活捉暴露无影天赋），下令绝不轻易发动战争，都待在迷界走廊等第二位无影天赋出生。太虚天宫虚界殿洞府，虚空始祖、巫祖化身、剑主、天愚老祖、魔山始祖化身等宇宙神来参悟鳞甲虚化玄妙（虚化极致很难，鳞甲简化让宇宙神看到希望）。东伯雪鹰回静室查看战利品（倾倒出大量物品含被囚禁修行者），堆成小山。东伯雪鹰发现小山一处虚无仿佛有透明物品撑起（领域无法察觉），走近后透明物品渐渐显现——一块赤红色牌子，上面玄妙字符""界心令""（神秘无比，只有得到认同才能看到得到）。","宇宙神们商议破解虚化手段，毁灭魔族一方震怒下令不轻易发动战争，东伯雪鹰在静室查看战利品时发现透明看不见的赤红色牌子——""界心令""，本篇收官。"
界心令,苏醒,设定揭示、核心伏笔,伏笔、揭示、设定,"东伯雪鹰意识渗透界心令（第三十一篇结尾从毁灭魔族战利品中获得的透明赤红色牌子），界心令瞬间融化钻入灵魂盘踞无法驱逐，传递讯息——界心令为神秘存在""元""所炼制，帮助修行者投胎转世进入与混沌虚空同层次的庞大世界""界心大陆""（底蕴更深，经历过两个不同至高规则源世界，对成宇宙神有莫大帮助）。困于混沌境瓶颈者可激发界心令投胎转世，须成宇宙神方能再次激发返回，一来一回界心令能量消耗殆尽。东伯雪鹰怀疑是阴谋不愿抛弃肉身灵魂冒险（天赋纵横修行岁月短掌握两大九层级数招数对跨入宇宙神有信心），但界心令无法驱逐只能暂且搁置，思索界心大陆与混沌虚空同层次。另一处混沌虚空火海中央原始太阳星辰（原始古圣界时期太阳星，至高规则部分显化代表极度炽热爆裂，宇宙神靠近都被焚化），一无比巨大黑色身影（巨大龟壳岩石鳞甲凶戾头颅）缓缓浮现占据星辰三分之一，化作瘦成皮包骨头拄拐杖的瘦小老者，咳嗽称""谁在一直引动我气息硬是将我弄醒""。",东伯雪鹰意识渗透界心令融入灵魂无法驱逐，得知界心令可投胎转世进入界心大陆；原始太阳星辰中庞大黑色身影（瘦小老者）被引动气息唤醒。
界心令,石前辈,人物引入、设定揭示,人物、揭示、设定,"瘦小老者循引动气息查探到东麟圣界追查毁灭魔族的东伯雪鹰（施展幻境降临合一境国度城池），称""朱魇传承唤醒的我，他将朱魇传承创出了第十变""（四极传承：巴龙传承、朱魇传承、九蛇传承、山兽传承，朱魇主灵魂其他三大主肉身，朱魇为三大传承润滑剂令四者完美合一）。瘦小老者越看越满意（幻境有部分宇宙神意境），一迈步瞬移至东麟圣界（无空间波动，超越沙祖问天殿主等古修超远距离传送）。东伯雪鹰幻境笼罩城池唯独路边酒肆瘦小老者还能吃喝（判断为宇宙神中极高层次），行礼称""前辈""。瘦小老者吃喝后要酒，东伯雪鹰拿出三壶自认为最好的酒。瘦小老者一招手取走东伯雪鹰储物宝物内的石镜（石镜引导东伯雪鹰创出毁灭之花，如今朱魇传承第十变超出石镜引导范围），称石镜是其褪掉的一块鳞片扔掉给更需要者，自称""石""。东伯雪鹰因石镜之恩心存感激称""石前辈""。",瘦小老者（石前辈）因东伯雪鹰朱魇传承第十变而醒，收回石镜（其鳞片），东伯雪鹰判断其为宇宙神中极高层次。
界心令,身份,设定揭示、伏笔埋设,伏笔、揭示、设定,"石前辈好奇东伯雪鹰幻境造诣修行者中第一如何做到，东伯雪鹰称自超凡生命时对幻境虚界有天赋不断磨练万亿年至今。石前辈感慨自己最弱小时仅智慧较低异兽想苟活多些时间，问东伯雪鹰幻境内一切是否真实。东伯雪鹰称幻境内亿万生灵有灵智有自我有经历当然真实，其幻境离真实世界只差半步，施展结束只是让幻境时间停止（不忍灭绝幻内生灵，固定一座庞大幻境每次增加生灵）。石前辈若有所思称""心灵力量很重要，你信你就能成功""，起身称若有缘或许再见，身影消散离去（东伯雪鹰未察觉其离去方式，判断虚空手段超过虚空始祖）。东伯雪鹰化身赴太虚天宫拜见天愚老祖询问石前辈身份（至少界祖母祖级数），天愚老祖从未见过不敢相信（东伯雪鹰幻境造诣不会被蒙蔽）。后询问剑主同样从未听说。东麟圣界荒山顶部，界祖（宽松绿袍瘦小霸气）恭敬躬身向石前辈行礼称""师傅""，石前辈摸界祖脑袋称""你这小魔头大名鼎鼎界祖还和孩子一样""，界祖称永远只是师傅一徒弟。石前辈告知因东伯雪鹰而醒，东伯雪鹰是四极传承中唯一擅长灵魂的，界祖告知东伯雪鹰立过大功从毁灭魔族查出情报。石前辈有意收东伯雪鹰为徒但须试几次再决定。",石前辈身份揭示为界祖师傅（四极传承开创者），有意收东伯雪鹰为徒（唯一灵魂方面擅长的弟子），须试几次再决定。
界心令,赤眉山主,矛盾展现、人物引入,人物、冲突,界祖暗惊师傅慎重（以往留传承随意，这次要试几次），石前辈称东伯雪鹰灵魂造诣甚至超越自己，即便收徒也只能给机缘让他自己闯，感慨自己困于如今这一步隐隐觉得灵魂方面欠缺（自创梦境修行之法挖掘潜力仍突破不了）。石前辈嘱咐界祖好好修行跨出一步方能在混沌虚空最终大毁灭中支撑下来（混沌虚空扩张毁灭魔族越强最终引来大毁灭一切回归虚无）。七星海圣界青雷城（城主星辰塔四层），赤眉山主（赤红色眉毛煞气）半躺酒楼雅间由四美女伺候，卡混沌境极限难受，暗暗期待毁灭魔族越来越多巫祖他们来求他找金甲级巢穴宰巨额源界石吃掉大半助灵魂成就宇宙神。东伯雪鹰瞬移城池上方幻境降临全城，赤眉山主需七成心力抵抗幻境（意志如刀摆脱），东伯雪鹰认出赤眉山主传音解释奉宇宙神之命追查毁灭魔族须突然施幻境防其逃窜。赤眉山主怒喝（以规则领域令周围十万里范围爆炸粉碎尽皆身死），冷厉索要东伯雪鹰赔礼。东伯雪鹰恼怒赤眉山主残暴迁怒无辜（赤眉山主为万界楼主一脉修炼有成者分身找不到杀不死，东伯雪鹰无可奈何忍怒道歉）。,石前辈感慨灵魂欠缺嘱咐界祖修行；赤眉山主因东伯雪鹰幻境笼罩令十万里生命尽灭，索要一万源界石赔礼。
界心令,交手,战斗描写、矛盾爆发,冲突、战斗,东伯雪鹰欲走，赤眉山主化作模糊血光直扑（故意挑衅索要赔礼是为出手一战磨砺突破宇宙神，需极限压迫感的一战）。东伯雪鹰欲瞬移感觉空间凝固无法瞬移高速后退（赤眉山主虚空造诣与东伯雪鹰相差无几速度更快）。东伯雪鹰陡然停下背后现巨大火红色神鸟朱魇（翅膀遮天火红气流弥漫幻境连绵冲击），赤眉山主需八成心力抵抗幻境。赤眉山主甩出半透明圆形轮盘（虚空之轮，极薄与黑雾球体孔洞直径相当无比锋利连虚空都切割黑雾球体都被切割出伤痕，九层级数）。东伯雪鹰施九叶花（毁灭之花，黑色花骨朵笼罩包裹）一层层包裹消耗轮盘威势。赤眉山主双手各一柄轮盘秘宝（因幻境影响八成心力抵抗只能近身战无法施多重虚空之轮），直扑东伯雪鹰肆意切割九叶花。东伯雪鹰连绵不绝施九叶花绽放毁灭，赤眉山主被完全压制杀不出来但九叶花接连毁灭也伤不到他（一对兵器防御擅长虚化造诣比东伯雪鹰还高，东伯雪鹰行者秘藏五十层有九云帝君传承及陌古将军鳞甲帮助虚化极为了得但似乎比赤眉山主差一些）。赤眉山主败了（心底明白幻境也是东伯雪鹰实力一部分且对方没秘宝）。,赤眉山主故意挑衅出手与东伯雪鹰一战（欲磨砺突破宇宙神），被九叶花完全压制但九叶花伤不到其虚化身体，赤眉山主虚化造诣比东伯雪鹰还高。
界心令,震惊,转折高潮、核心伏笔,伏笔、高潮,赤眉山主停下冷看东伯雪鹰（偶尔用兵器抵挡毁灭之威），脑海中对照传承讯息有所得（虚空之轮未达极致若达极致九叶花挡不住）。赤眉山主称东伯雪鹰若没幻境自己轻易击败，东伯雪鹰夸赞赤眉山主虚空手段厉害后超远距离传送离去（数千万里外一战未波及城池）。赤眉山主感应到东伯雪鹰施展超远距离传送的波动，难以置信——这是他们一脉特有的传送术（破界传送术），整个混沌虚空真正算得上传人的只有万界楼主和赤眉山主两位（传承隐秘超越其他一切修行体系，拥有特殊传送术化身都能施展、分身隐藏一切寻踪之术找不到、战斗实力恐怖九层级数最前列）。赤眉山主认为东伯雪鹰可能靠幻境从弟子处搜出基础修行之法推演出破界传送术（或从九云帝君学会，九云帝君死后破界传送术为他们一脉独有），担心东伯雪鹰会找金甲级巢穴坏了其巨额源界石生意（万界楼主已成就宇宙神不抢生意，赤眉山主磨刀霍霍要宰宇宙神们几百万乃至上千万源界石），起杀机。赤眉山主传送至最近万界楼找师兄万界楼主（老者分身呼呼大睡），告知东伯雪鹰会施破界传送术。,赤眉山主发现东伯雪鹰会施破界传送术（他们一脉核心传承），担心坏其金甲级巢穴生意起杀机，找万界楼主师兄商议除掉东伯雪鹰。
界心令,质问,矛盾展现、伏笔深化,伏笔、冲突,万界楼主不敢相信东伯雪鹰能靠基础之法推演出破界传送术（真正靠自己创出的只有他们师傅和九云帝君两位，九云帝君虚空一道成就宇宙神且达第二层次）。万界楼主猜测东伯雪鹰从九云帝君那学会，赤眉山主称从哪学到不重要重要的是九云帝君死后破界传送术是他们一脉独有，若师傅在也会灭东伯雪鹰。万界楼主认同（性子冷厉超然不太愿掺和纷争但破界传送术核心传承须灭口），决定先窥探确认再找机会除掉，命赤眉山主当面质问判断东伯雪鹰是偷学推演还是从九云帝君学会。万界楼主分身多次窥探东伯雪鹰追查毁灭魔族一处处施幻境超远距离传送，十成把握确认是破界传送术。赤眉山主在荒野质问东伯雪鹰（称其手段无耻偷学），东伯雪鹰以古修天赋搪塞（超远距离传送在虚空堡多次施展知晓者极多成为混沌境后兼修古修天赋）。赤眉山主怒喝古修天赋是至高规则赐予不会赐予窥伺混沌虚空之外的破界传送术，提及九云帝君，东伯雪鹰瞬移远远躲开思索（赤眉山主一脉对破界传送术了解极深对混沌虚空之外了解也多）。东伯雪鹰感应到一缕杀机。,万界楼主确认东伯雪鹰会破界传送术决定除掉，赤眉山主当面质问，东伯雪鹰以古修天赋搪塞后感应到杀机。
界心令,万界楼主的刺杀,战斗描写、转折高潮,战斗、高潮,东伯雪鹰规则领域（根据幻境架构，周围十万里无形覆盖仿佛真实世界覆盖一层幻境）感应到敌人爆发，上千个万界楼主分身（一模一样身体仿佛不存在，比东伯雪鹰弱）从不同位置杀入。东伯雪鹰施朱魇第十变（火红色神鸟翅膀扇动幻境一重重波及），万界楼主分身遭侵袭但能轻易抵抗（分出心力抵抗）。上千老者扭曲模糊化为巨大遮天蔽日老者头颅（千万里范围笼罩东伯雪鹰幻境领域）一张嘴无尽黑暗吞向东伯雪鹰。东伯雪鹰施八朵九叶花（汲取毁灭魔族死后能量令灵魂变强可同时施八朵）层层包裹，激发十二元珠手链（十二层蒙蒙光罩）及三彩重云衣袍（金光蓝色光晕）。万界楼主杀招白光穿透虚幻世界及九叶花（九叶花花瓣坚韧但在赤眉山主攻击下都会被切割，万界楼主杀招更强），贯穿十一层九叶花（三层后产生）后仅贯穿最外两层光罩便消散（十二元珠手链坚韧界祖巫祖需一两个刹那才能攻破，万界楼主需更长时间）。东伯雪鹰有破界传送术轻易逃掉，万界楼主明白刺杀失败（两大秘宝庇护幻境超绝巫祖界祖都杀不了唯有圣主能瞬间攻破）。万界楼主现身问破界传送术何处所学，东伯雪鹰称古修天赋，万界楼主称至高规则不可能赐予（但也存在极少可能真的就是古修天赋，至高规则难以琢磨）。东伯雪鹰超远距离传送离去。赤眉山主在远处观看得知师兄失败。,万界楼主上千分身刺杀东伯雪鹰失败，东伯雪鹰两大保命秘宝（十二元珠手链三彩重云衣袍）及八朵九叶花抵御杀招，万界楼主确认杀不了东伯雪鹰（唯有圣主能攻破十二元珠手链）。
界心令,借刀,转折高潮、悬念设置,伏笔、高潮,"赤眉山主急问万界楼主怎会失败（师兄宇宙神第一层次巅峰进攻刺杀手段），万界楼主称东伯雪鹰有两大秘宝在身加幻境超绝巫祖界祖都杀不了，建议赤眉山主成就宇宙神后虚化极致近身刺杀（赤眉山主更擅长虚化近身战）。赤眉山主焦急（东伯雪鹰不死宇宙神们不会求他找金甲级巢穴），决定联系师傅。万界楼主虽也自私冷厉却无太大野心（真可以淡然看混沌虚空幻灭对师弟小心思一笑而过）。赤眉山主联系师傅（鸟头人形透明身影，至高规则退避），告知东伯雪鹰会破界传送术（怀疑靠幻境偷学基础之法推演）。师傅淡然称""要杀你们就杀无需问我""，称在混沌虚空遭压制没办法帮忙。赤眉山主不敢多劝（摸清师傅脾性），恭送师傅。万界楼主消散。赤眉山主孤寂站荒野阴沉思索（师傅遭混沌虚空压制但底蕴深厚真要杀东伯雪鹰有办法只是不愿花代价，破界传送术分身术只是基础赤眉山主都会分身术，九云帝君到死都没推演出分身术），决定利用圣主这把""刀""（圣主疯狂渴望他们一脉传承曾亲自出手斩杀过赤眉山主，用尽手段威逼诱惑无法得到核心传承因核心传承须先练分身术）。东伯雪鹰遭刺杀后传送回太虚天宫反思极多（下令妻儿未得允许暂别离开太虚天宫），虚空始祖巫祖化身在太虚天宫钻研陌古将军鳞甲。","赤眉山主联系师傅不愿出手，决定利用圣主（疯狂渴望他们一脉传承）这把""刀""除掉东伯雪鹰。"
界心令,'圣主'这一把刀,矛盾爆发、核心伏笔,伏笔、冲突,"赤眉山主通过古圣教潜伏在其门下弟子中的探子，故意泄露""东伯雪鹰掌握部分核心传承""消息。古圣教加冥之主（水流化身，九层级数擅长寻踪及预言未来，圣主极重视）得知消息后本尊查探过去（能预言未来也能看到部分过去），判断东伯雪鹰掌握破界传送术为真，万界楼主赤眉山主先后出手要击杀东伯雪鹰，赤眉山主无意间泄露讯息怀疑故意泄露想借古圣教杀东伯雪鹰。加冥之主赴古圣界禀报圣主（赤眉山主和巫祖界祖谈判中若东伯雪鹰会破界传送术则巫祖界祖不会再花巨额源界石请赤眉山主，此为赤眉山主必杀东伯雪鹰的原因）。圣主首次真正重视东伯雪鹰（此前混沌境只略重视黑帝赤眉山主），双眸中无数幻影生灭论寻踪远胜加冥之主（轻易窥探万界楼主刺杀东伯雪鹰场景，唯万界楼主赤眉山主与师傅交谈场景被干扰无法窥伺），判定东伯雪鹰推演出部分核心传承或从九云帝君得到传承（圣主也极想要九云帝君的火狱三界鼎，九云帝君至死不明白怎么使用），起身准备亲自出手。",赤眉山主通过古圣教探子故意泄露消息给加冥之主，加冥之主禀报圣主，圣主首次重视东伯雪鹰决定亲自出手（也觊觎火狱三界鼎）。
界心令,突如其来,转折高潮、战斗描写,战斗、高潮,东伯雪鹰在小城酒肆用餐（追查毁灭魔族无收获习惯没收获，发现美食心情极好）。圣主赤脚披黑色纱衣超远距离传送至近处后悄无声息来到小城（所过之处行人自然避开无人意识到其存在），跨数十万里来到酒肆外。东伯雪鹰规则领域感应极度危险生命本能战栗恐惧，激发两大保命秘宝（十二元珠手链十二层蒙蒙光罩、三彩重云衣袍金光蓝色光晕）。圣主规则领域摧枯拉朽摧毁东伯雪鹰幻境，一股无形力量瞬间贯穿十二层光罩及三彩重云防护（界祖巫祖需一两个刹那攻破，圣主一举手一投足压着界祖巫祖打），东伯雪鹰灵魂被封禁身体灵魂仿佛被冻结（连站起来都来不及，圣主出手之快之凶猛）。圣主拎东伯雪鹰身体经空间扭曲廊道抵达古圣界圣主殿厅。东伯雪鹰发蒙心头冰凉（落在圣主手里古圣界有古圣化身坐镇固若金汤其他宇宙神联合来攻都没用），猜测圣主出手原因（古亓徒弟？九云帝君？万界楼主赤眉山主？），尝试一缕真灵融入界心令能量（感受到混沌虚空之外无边浩瀚及不亚于混沌虚空的恐怖波动），明白一个念头就能激发。,圣主在小城酒肆瞬间封禁东伯雪鹰灵魂活捉至古圣界，东伯雪鹰尝试融入界心令能量明白可激发投胎转世。
界心令,逼迫,矛盾爆发、人物心理,冲突、情感,东伯雪鹰一缕真灵融入界心令赤红色能量（完全融入有跃跃欲试感，感受到混沌虚空之外无边浩瀚及不亚于混沌虚空的恐怖波动），明白一个念头就能激发投胎转世（正常情况都是修行陷入瓶颈太久绝望才抛弃肉身灵魂投胎，回来须成宇宙神）。东伯雪鹰被摔在殿厅靠着殿柱站起（被封禁实力连灵魂都被封禁只能用基础肉体力量，肉体力量伤不到灵魂但借界心令可投胎转世算另一种自杀）。圣主盘膝坐黑石床上俯瞰东伯雪鹰，承诺只要乖乖听话可活下来（不会为一个小家伙违背承诺），称混沌虚空有资格当其对手的没几个潜力最大的是太虚天宫剑主（让圣主吃过一个小亏），东伯雪鹰天赋不错修行极快说不定成宇宙神就这么死太不值。圣主要求东伯雪鹰交出万界楼主赤眉山主一脉部分核心传承（很有兴趣），靠幻境让东伯雪鹰主动叙说没用（东伯雪鹰幻境比圣主还厉害是修行者幻境最强），直接针对灵魂搜查记忆非常蛮横（东伯雪鹰朱魇传承第十变灵魂强度远超其他九层级数混沌境媲美宇宙神，搜魂只会令其魂飞魄散且只得一鳞半爪），故圣主主动劝说承诺一定放。东伯雪鹰故意拖延时间安排后事（化身在太虚天宫虚界殿洞府，决定投胎转世后化身将消散，三座金甲级巢穴已留空间标记，万亿余年追查毁灭魔族才找冰山一角但迷界走廊已探查六七成再来万亿年可遍查）。东伯雪鹰命余靖秋急召东伯玉东伯青瑶回来。,圣主逼迫东伯雪鹰交出破界传送术承诺放其离开，东伯雪鹰故意拖延时间安排后事（化身见余靖秋召儿女）。
界心令,安排,情感展现、人物心理,情感,"东伯玉东伯青瑶赶来（纳闷急召），东伯雪鹰简单嘱咐几句让其退下（不告诉他们真相怕害了他们）。东伯雪鹰传音告知余靖秋""我很快就会魂飞魄散""，余靖秋强压惊慌判断不是撒谎。东伯雪鹰传音称真身落在圣主手里将主动魂飞魄散（否则求生不得求死不能），留储物手环（内含九云帝君四幅图传承中第一幅图因只练成第一幅图其他三幅记载不出、自创绝学《虚界》、三座金甲级巢穴空间标记），称源界石在老祖那宇宙神们应善待妻儿。东伯雪鹰传音将赤眉山主圣主之事经过叙说一遍（嘱咐别告诉玉儿青瑶，赤眉山主有分身术杀不死），告知界心令可投胎转世到另一个和混沌虚空相当的庞大世界将来一定返回（机密将来必要时可告诉老祖）。余靖秋传音称最恨无法替丈夫报仇，东伯雪鹰称等自己回来自己报。古圣界殿厅内，东伯雪鹰喝着美酒对圣主谎称靠幻境从万界楼主赤眉山主弟子处搜出基础修行之法闭关推演出破界传送术（对境界要求不高故混沌境能施展化身也能施展），圣主暗暗惊叹其悟性（若真是自己推演出悟性够妖孽），承认东伯雪鹰若任其成长说不定又是一个剑主。东伯雪鹰称仅推演出破界传送术对虚化有所得分身术一鳞半爪需很长时间（拖延时间已到）。",东伯雪鹰化身见余靖秋交代后事（留储物手环含九云帝君第一幅图绝学及金甲级巢穴标记），告知界心令投胎转世之秘；本尊对圣主谎称偷学推演破界传送术拖延时间。
界心令,魂飞魄散,转折高潮、情感展现,情感、高潮,"东伯雪鹰怕圣主直接搜魂没时间安排，幸好圣主有耐心。圣主称其酒是原始古圣界最早期才有如今喝一杯少一杯，催促东伯雪鹰交出破界传送术（圣主早得万界楼主赤眉山主一脉基础修行之法但推演不出破界传送术分身虚化等手段，还知晓有大破界传送术都眼馋，觉得东伯雪鹰天赋妖孽能推演出自己学会后或能借思路推演出分身等）。圣主承诺放东伯雪鹰离开并赐比身上都好的秘宝（对其他宇宙神重要对圣主不值一提）。东伯雪鹰称相信圣主，同时心中复杂（修行短短万亿年掌握两大九层级数招数若可以根本不会选投胎转世，前途难测界心令是否有阴谋都不知道，但比落在圣主手里是最好的路）。东伯雪鹰默默道""靖秋我一定会回来""""赤眉山主万界楼主这一次是你们在背后暗算""""圣主我师傅的仇我还没报""，激发界心令能量（一念之间，赤红色能量无法驱逐但激发是一念）。赤红色能量包裹一缕纯粹真灵，红光一涨，东伯雪鹰灵魂如砂砾般完全消散化作虚无，赤红色能量消失不见。圣主脸色微变肃然冷漠（封禁东伯雪鹰灵魂下竟自杀成功绝对魂飞魄散无丝毫残留，肉身脸上有笑容手中端酒杯但灵魂气息完全消散），不敢相信又急又怒（眼看到手的破界传送术没了，东伯雪鹰还故意应付讨要美酒戏耍他），推断东伯雪鹰是幻境最强者灵魂方面有特殊秘术被自己封禁都能自杀（从未见过界心令以为红光是秘术异象）。圣主一挥手灰蒙蒙雷霆轰击东伯雪鹰肉身炸成飞灰虚无（十二元珠手链等秘宝物品残留），冷漠称这些修行者愚蠢拼死阻拦他，待执掌混沌虚空定将东伯雪鹰从混沌虚空中召唤出永在刑罚中。赤眉山主化身在古圣界外乱石上借黑雾球体孔洞窥探（圣主都感应不到），见东伯雪鹰低头认输恼怒称其软骨头，随后见东伯雪鹰自杀成功满意消散（虽没受尽刑罚但至少死了）。",东伯雪鹰激发界心令能量一缕真灵投胎转世，灵魂魂飞魄散肉身被圣主轰成飞灰；圣主震惊推断其有灵魂秘术；赤眉山主化身窥探见东伯雪鹰死去满意。
界心令,东伯雪鹰之死,转折高潮、情感展现,情感、高潮,"迷界走廊东伯雪鹰化身溃散（能量回归天地），虚界城（太虚天宫十三座混沌城之一，东伯雪鹰成混沌境后建造化身长期沉睡镇守）化身也溃散。法阵阵灵上禀天愚老祖剑主。天愚老祖剑主瞬移至东伯雪鹰洞府见余靖秋（面前东伯雪鹰微笑化作光芒点点消散，余靖秋心仿佛被撕裂，眼中已有泪水）。余靖秋告知东伯雪鹰被圣主活捉逼迫后有灵魂秘术选择自杀魂飞魄散，递储物手环给天愚老祖。天愚老祖查探手环讯息了解一切（三座金甲级巢穴空间标记、九云帝君第一幅图绝学、破界传送术不可轻传圣主一直想得到），心痛（道不可轻传万界楼主赤眉山主对传承一样密不外传，东伯雪鹰那般谨慎最后还是因破界传送术送命）。天愚老祖将手环递剑主查探。另一处混沌虚空隐秘虚空缝隙神座峰（山腹内金色流光飞来飞去大石周围淡绿色液体流动），石老怪（瘦小老者）找到神座峰（计划给东伯雪鹰机缘中最适合的擅长幻境来此定有大收获），称接下来是""源梦境""（其在那创出梦境修行法原始古圣界破碎后难进需想办法），为这个徒弟花费好大力气（东伯雪鹰尊师重道不是白眼狼，唯一灵魂方面擅长的弟子抱很大期待）。石老怪脸色忽然变了（感应消失）。","东伯雪鹰化身全部溃散，天愚老祖剑主得知东伯雪鹰死讯收储物手环了解遗言；石老怪在神座峰准备机缘时感应到东伯雪鹰""死亡""。"
界心令,石老怪战圣主！,战斗描写、转折高潮,战斗、高潮,"石老怪感应到与东伯雪鹰的感应消失（朱魇传承第十变自然有感应），双眸浮现场景（圣主挥手轰破东伯雪鹰肉身、东伯雪鹰气息湮灭、东伯雪鹰喝酒交谈、圣主活捉东伯雪鹰），眼中迸发恐怖煞气（虽未正式收徒但已内定），体表黑色气流迸发席卷神座峰令其瑟瑟发抖。石老怪凭空消失，再出现于古圣界核心圣殿前方（古圣化身坐镇古圣界几乎一体圣主在此无敌宇宙神们从未敢杀进古圣界）。石老怪一声怒吼""魔崽子给我滚出来""，恐怖波动冲击圣殿轰然破碎（周围数千亿里震颤扭曲出现无数裂痕，无形能量弥漫强行稳定古圣界否则仅一吼古圣界就破碎）。圣主从爆炸圣殿走出（只庇护加冥之主挥手挪移走），皱眉称""石老怪你不在原始太阳星睡觉来我这干什么""（不愿动手想息事宁因明白石老怪何等恐怖）。石老怪体表黑色气流升腾双眸暗黄色光芒（真身浮现庞大黑色虚影巨大龟壳岩石鳞甲凶戾头颅），称""魔崽子你竟然敢杀我徒儿东伯雪鹰""。圣主脸色变（石老怪内定东伯雪鹰为徒未正式收徒故面对东伯雪鹰时未发现特殊，朱魇传承学会的有一大堆没资格称石老怪徒弟），称东伯雪鹰朱魇传承第十变没看出。石老怪称虽觉得这徒弟太仁善太辛苦但非常满意，要为徒弟报仇看圣主修行到什么地步。圣主脸色变称别发疯。古圣化身出现与圣主合二为一倾尽全力（圣主心中发苦清楚整个混沌虚空最忌惮头疼的就是石老怪，万界楼主赤眉山主师傅及罗城主威胁程度都不如石老怪，活捉东伯雪鹰准备好酒最后一场空后悔苦涩无奈）。太虚天宫天愚老祖剑主虚空始祖碰面（虚空始祖拿到手环一看便学会破界传送术打开研究虚空另一扇门但悲凉伤心，发誓拼掉性命杀圣主——师傅古亓及最优秀徒孙东伯雪鹰接连死在圣主之手），决定立即让巫祖刀皇过来用破界传送术及空间标记连毁三座金甲级巢穴不让东伯雪鹰心血白费。","石老怪感应东伯雪鹰""死亡""震怒赴古圣界与圣主激战（圣主古圣化身合二为一倾尽全力）；太虚天宫虚空始祖学会破界传送术发誓杀圣主，决定连毁三座金甲级巢穴。"
界心令,惨烈,战斗描写、转折高潮,战斗、高潮,巫祖界祖刀皇等知晓东伯雪鹰死讯震惊（界祖清楚师傅要收东伯雪鹰为徒），又惊又喜三座金甲级巢穴但叹息。巫祖虚空始祖刀皇三位联手赴迷界走廊（虚空始祖学会破界传送术带路，窥探范围比东伯雪鹰大且清晰，破界传送术施展轻松窥探清晰千倍万倍近距离身临其境）。虚空始祖手持空间标记信物数次破界传送带巫祖刀皇抵三座封闭空间确定金甲级巢穴位置，决定以极快速度连续摧毁三座金甲级巢穴。在金甲级巢穴内，刀皇爆发无尽刀光瞬间摧毁整个巢穴空间（论破坏力刀皇最强如今剑主可与他一比），巫祖防备毁灭魔族王们联手（巫祖刀皇二者联手足以抗衡）。三座金甲级巢穴连续被毁（东伯雪鹰辛苦万亿年寻找留下空间标记，虚空始祖有指引找起来简单，赤眉山主当初那么久都没找到一座东伯雪鹰前后找到四座）。毁灭魔族王者们（包括最强钧帝）震惊发慌（上次被攻破一座就很心疼这次又连续损失三座，仅剩最后两座金甲级巢穴孕育金甲级魔族慢太多，钧帝称越往后巢穴诞生速度越快后期诞生速度夸张杀不尽）。巫祖刀皇虚空始祖返回大功告成（发现三座金甲级巢穴应给东伯雪鹰三十万源界石算在其亲人身上，天愚老祖称不急着给实力弱给宝物非好事会妥善安排）。众宇宙神感应到古圣界方向一股无比恐怖波动（遥远距离都感应到不寒而栗）。古圣界石老怪与圣主打得周围广阔范围支离破碎（古圣界无形能量维持否则早破碎），一道黑色光柱穿透石老怪真身腹部鳞甲从背部龟壳穿透留下巨大窟窿。石老怪化作瘦小老者气息虚弱，圣主脸色难看。圣主称石老怪燃烧古圣化身本源之力伤其本源（石老怪重伤实力只剩四五成奈何不了圣主），告知是赤眉山主故意泄露消息想借他们杀东伯雪鹰（圣主损失太大古圣化身消耗完迁怒赤眉山主，自身杀不了想借石老怪之手——石老怪达到究极之境修行由内而外肉身及对混沌虚空控制极高一念可出现任何一处意志能强行探查过去一切）。,巫祖虚空始祖刀皇连毁三座金甲级巢穴（仅剩两座）；古圣界石老怪与圣主激战，圣主燃烧古圣化身最强一击重伤石老怪本源，告知赤眉山主故意泄露消息。
界心令,赤眉山主之死,战斗描写、转折高潮,战斗、高潮,"石老怪双眸浮现赤眉山主过去场景（化身窥探古圣界外、东伯雪鹰死去得意、故意泄露情报、请万界楼主出手、劝万界楼主出手等），沿赤眉山主这条线将真身化身经历近期大量场景尽皆窥探（窥探比圣主厉害），确认圣主未撒谎（一切赤眉山主推动万界楼主并不热衷）。石老怪看了眼圣主凭空消失。圣主眼中冷色（赤眉山主利用他损失太大杀不了想让石老怪杀——石老怪达到究极之境修行由内而外不求外肉身及对混沌虚空控制极高一念可出现任何一处强大意志能强行探查过去一切追求打破混沌虚空樊笼，圣主追求执掌混沌虚空成为主人；石老怪重伤实力大损威胁不到圣主，圣主古圣化身没了真身丝毫无损）。天青界赤眉山主宫殿内，赤眉山主惬意喝美酒心情极好（利用圣主斩杀东伯雪鹰有成就感，有分身术圣主都杀不了）。石老怪拄拐杖跨过门槛走进殿厅（侍卫一动不动周围空间凝固），赤眉山主感到前所未有恐怖威胁感（不亚于圣主）起身恭敬。石老怪称东伯雪鹰没得罪赤眉山主仅能施破界传送术就要杀他，查探赤眉山主过去发现其极自私甚至对师傅有利用之心（最瞧不起这种修行者不愿收这样的徒弟），就这个蠢货利用圣主贪婪害死自己徒弟。赤眉山主不承认（做的干净），石老怪嘿嘿笑称乖乖受死。石老怪循感应瞬间找到赤眉山主隐藏在混沌虚空深处大陆洞府的分身（师傅加持法阵也无法隐藏，石老怪修行自身强行压制整个混沌虚空一切干扰破开），消失一刹那抓来另一具分身。赤眉山主两大分身求救师傅。鸟头人形透明身影显现（赤眉山主师傅，外来者），认不出石老怪身份（混沌虚空除圣主还有如此厉害存在），求石老怪给薄面饶徒儿一命。石老怪嗤笑称其为""外来者""（在混沌虚空遭压制仅为混沌境），称""如果是元和罗城主来说一声我自然给面子你还让我给面子""。话音刚落，石老怪手中赤眉山主分身直接炸裂，条案后另一分身同样炸裂粉碎化作虚无毙命。",石老怪查探赤眉山主过去确认其害死东伯雪鹰，找出隐藏分身，当着赤眉山主师傅面捏碎两具分身毙命（赤眉山主师傅求情无效）。
界心令,另一个世界（本篇终）,转折高潮、核心伏笔,伏笔、高潮,"赤眉山主师傅（鸟头人形透明身影）恼怒石老怪等他出现后再杀故意打脸（在混沌虚空共收两个徒弟对小徒弟赤眉山主很投脾性喜欢），称石老怪再强也只能在源世界内出不来还瞧不起他（掌握大破界传送术能去其他源世界见识极广学到诸多秘术，同层次存在都交好他交流绝学）。石老怪一声""滚""，恐怖黑色气流爆发碾压粉碎鸟头人形透明身影（仅一具分身，万界楼主师傅也分身无数），称""我的地方还和我摆谱一个外来者罢了""（圣主和石老怪都是混沌虚空内部生命能完美发挥实力，外来者即便境界相当在这个世界实力弱小）。石老怪叹息（发泄怒火后意兴阑珊，为东伯雪鹰准备的诸多机缘一场空白费），称""睡觉去等混沌虚空大破灭时再醒来瞧瞧""，咳嗽两声（圣主不惜一切一击伤到其本源），称魔崽子挺狠本尊丝毫无损但古圣化身消耗殆尽怕是得混沌虚空快大破灭时才会再折腾，一迈步消失。原始太阳星辰庞大黑色身影没入火球内部陷入沉睡（沉睡中修行治疗伤势）。余靖秋告知东伯玉东伯青瑶父亲死在圣主手里（面对圣主没求饶没低头），嘱咐以后好好修行没人遮风挡雨。界祖传音余靖秋（东伯雪鹰本应成为其师弟，师傅已和圣主交手重创圣主并斩杀赤眉山主，以后有麻烦可找界祖），余靖秋疑惑（圣主杀不了的界祖师傅杀了？界祖有师傅？重创圣主？）。经此一役圣主也后悔损失太大很长时间内须蛰伏。混沌虚空中东伯雪鹰消失。东伯雪鹰一缕真灵在界心令能量包裹下穿出混沌虚空抵达外界（感受到碾压性能量涌动恐惧，即便身体还在陷入外界也瞬间湮灭），沿特殊通道高速前进（时间感模糊无法精准判定时间），偶尔感应到媲美混沌虚空的庞大波动迅速掠过。界心令能量缓慢损耗（九成八成七成六成……），东伯雪鹰感应到一股庞大恐怖波动急剧靠近（不是掠过），能量消耗近半确定要抵达界心大陆（感叹""元""前辈实力高深莫测）。一头撞入界心大陆，真灵迅速钻进一个正在孕育中的胚胎（蕴含强大生机，胚胎生机都这么恐怖），意识融入胚胎后一阵轰鸣瞬间失去意识。（本篇完）",石老怪击退赤眉山主师傅后回原始太阳星辰沉睡治疗；东伯雪鹰一缕真灵在界心令能量包裹下穿越混沌虚空外界，抵达界心大陆融入一个正在孕育中的胚胎失去意识。
转世,火烈侯府,环境铺陈、设定展开,设定,界心大陆南云国火烈城（临近黑狱阴海），火烈侯（混沌境巨头）府内偏僻小院，母亲戎星兰（界神，地位低微）怀孕。东伯雪鹰真灵投胎转世成功，灵魂虽弱（神级巅峰）但质不凡（心境第三层次我心为天心，法衣加身控制气息不泄露）。内观自身胚胎肉身（生机媲美界神，手脚俱全为男子），血液粒子内部构成有诸多立体阵图（血脉），八种宇宙神层次血脉皆极微弱（隔很多代），最明显为较弱的虚空类血脉十一种。决定先以血脉修行体系提升实力（磨刀不误砍柴工，血脉修行最高混沌境），再以灵魂强大加速推演参悟。感应界心大陆至高规则（虚界、虚空、杀戮、波动四道，虚空相似度最高），半个多月有了清晰判断。,东伯雪鹰真灵投胎转世至界心大陆南云国火烈侯府母亲戎星兰腹中，内观自身血脉决定主修虚空道路。
转世,胎儿,设定展开、人物心理,情感、设定,东伯雪鹰发现界心大陆至高规则与混沌虚空截然不同（殊途同归，不同源世界修行对突破宇宙神有助益），虚空一道相似度高提升最快。感应外界：戎星兰与女儿应山溪月（青衣女子，真神）抱怨女仆及大夫人，喝府内送来的七辰灵花茶（侯府为每个胎儿准备，大夫人做了手脚药效弱）。东伯雪鹰得知自己是父亲第三百四十个孩子（震惊），母亲在侯府地位很低。大夫人禅玉雁真（红衣女子，虚空神合一境，王侯家族子弟）丈夫应山烈扈（真神主宰，火烈侯第二子，吃喝玩乐）来要宇宙晶。东伯雪鹰决定在胎里慢慢积累，参悟虚空血脉。,东伯雪鹰感应界心大陆规则与混沌虚空不同，得知母亲地位低微及大夫人禅玉雁真情况，决定在胎中慢慢积累。
转世,激发血脉,悟道、伏笔埋设,伏笔、修炼、爽点,东伯雪鹰决定出生时要足够惊艳（天之骄子），选择激发宇宙神层次虚空血脉（十一种虚空血脉中最厉害的）。胎儿渐强跨入界神，灵魂更强修行更快。怀胎第九年成真神，戎星兰激动（认为孩子血脉不凡）。每年七辰灵花茶由冷漠老者监视喝掉（侯府规矩怕孕妇收起来卖）。胎儿成真神气息被冷漠老者发现（戎星兰自身仅界神无法遮掩胎儿气息），戎星兰担心大夫人动手脚但决心拼死护子（侯府对嫡系血脉胎儿重视，动手是大罪）。,东伯雪鹰决定出生即惊艳，激发宇宙神层次虚空血脉，怀胎九年成真神被冷漠老者发现气息。
转世,出生，惊四方,转折高潮、矛盾爆发,冲突、高潮,"禅玉雁真得知戎星兰胎儿九年成真神，表面送礼物（六年），实则命田管事（虚空神初生境）强行灌黑色玉瓶毒液损伤胎儿先天根基（答应帮田管事安排影响时空宝物混淆查探）。田管事以无形力量束缚戎星兰强行灌毒液，应山溪月出手被震飞。东伯雪鹰感应外界，身体急剧缩小斩断与胚胎联系，操纵虚空逼迫提前出生。出生时激发虚空血脉，金色秘纹爆发天地之力漩涡光柱，惊动整个火烈侯府。阵灵传讯""应山烈扈之子出生为虚空神""，消息传至应山氏宗家。",禅玉雁真命田管事强行灌毒液损伤胎儿，东伯雪鹰被迫提前出生即虚空神，惊动火烈侯府及应山氏宗家。
转世,四方云动,人物引入、矛盾展现,人物、冲突,火烈侯府元老们震惊（出生即虚空神为府内首次），火烈侯（红发男子，混沌境巨头）大喜瞬移赶来。应山氏宗家派两位宗家元老（可瞬移）赶来。禅玉雁真得知孩子出生即虚空神惊恐，灭口田管事（身体悄无声息破碎化虚无），努力弥补破绽。侯府成员分六等（仆人第六等，戎星兰因生过孩子第五等，田管事第四等，上三等才有资格代表王侯家族），出生即虚空神获应山金令等同元老（第一等）。,火烈侯及宗家元老赶来，禅玉雁真惊恐灭口田管事弥补破绽，应山雪鹰获应山金令等同元老地位。
转世,怒火,矛盾爆发、转折高潮,冲突、高潮,"两位宗家元老赶到，火烈侯及众元老等待孩子出世。东伯雪鹰从肉球中裂出（唇红齿白孩童，虚空神气息），跪拜母亲（感应到母亲拼命护子）。自名""应山雪鹰""，宗家元老赐应山金令（老祖宗应山老母亲赐，等同元老地位，可翻阅宗家典籍）。东伯雪鹰揭露田管事灌毒液被迫提前出生（怀胎仅十五年，众高层震惊愤怒，时光回溯确认）。火烈侯怒查凶手及抓回应山烈扈（在烟云楼享乐）。",东伯雪鹰出生跪拜母亲自名应山雪鹰，揭露田管事灌毒液被迫提前出生，火烈侯怒查凶手。
转世,父亲应山烈扈,人物引入、环境铺陈,人物、设定,"烟云楼（火烈城最大销金窟）内应山烈扈（真神主宰）与美侍芙儿打情骂俏，烟云楼主人淳御风（胖乎乎男子，淳御卫一之弟）告知应山烈扈之子出生即虚空神。应山烈扈大喜（曾想成为强者但资质不行自暴自弃），传讯禅玉雁真确认。应山烈扈被灰袍老者（田老田易芝，火烈侯客卿）带回族内核心殿厅，听到火烈侯怒喝""将禅玉雁真那毒妇抓来""心颤腿软。",应山烈扈在烟云楼得知儿子出生即虚空神大喜，被带回族内核心殿厅听到火烈侯怒抓禅玉雁真。
转世,雪鹰小公子,矛盾收束、人物引入,人物、冲突,殿厅内火烈侯审问禅玉雁真（剥夺一切身份逐出府，因无确凿证据且顾及禅玉娘娘情面）。宗家元老将禅玉雁真收入洞天宝物带宗家查探灵魂。火烈侯安排护卫首领田易芝田老（灰袍老者，只听东伯雪鹰命令）及一对黑流云晟ê虾谏异兽，合一境气息）。东伯雪鹰获府邸（不亚于元老），去藏书楼翻看典籍了解界心大陆势力分布强者层级。,禅玉雁真被剥夺身份逐出府，东伯雪鹰获田老及黑流云曜诵复兴庞府邸，前往藏书楼了解界心大陆。
转世,界心大陆的底蕴,设定揭示、设定展开,揭示、设定,东伯雪鹰在藏书楼翻看典籍（一翻即讯息传递灵魂），找到介绍界心大陆各国的灰色书籍。界心大陆修行远超混沌虚空：血脉修行体系第一大体系（出生可极强，最优秀出生即合一境），规则奥妙、巫修、古修等体系发达，宇宙神近千位（混沌虚空历史算上陨落仅过三十位），六大古国最强（宇宙神超五百位），南云国为二流国度（四位宇宙神）。元为界心大陆第一强者（两次古国战争均插手停战），建元神宫十层（与星辰塔实力划分一样，多第十层）。合一境极致元神宫七层（借外力可达八层），混沌境极致九层（借外力可达十层力压新晋宇宙神）。,东伯雪鹰从典籍了解界心大陆底蕴（血脉修行第一大体系，宇宙神近千位，元为第一强者建元神宫十层，南云圣宗为十大宗派之一）。
转世,《南云圣十二式》,设定展开、情节推进,设定,东伯雪鹰在藏书楼了解黑魔四国（南云国、火莨、勾雪国、窝枫国，因黑魔大泽而得名），黑魔大泽为界心大陆名气极大的魔头汇聚地（宇宙神近十位），南云国主威名震慑魔头较少为祸。东伯雪鹰决定修行《南云圣十二式》（南云国主所创虚空类绝学，界心大陆十大宗派之一南云圣宗的成名绝学，修行相对简单流传广）。火烈侯带东伯雪鹰赴火烈城南云圣殿，殿主淳御卫一（火烈城两大巨头之一，灰色甲铠高瘦男子）免费传授全卷。,东伯雪鹰了解黑魔四国及黑魔大泽情况，决定修行《南云圣十二式》，火烈侯带其赴南云圣殿获淳御卫一免费传授全卷。
转世,修行,悟道、装备获取,修炼、奖励、爽点,淳御卫一告知南云圣宗传播规矩（先修上卷，合一境才有资格修下卷，需费用十万宇宙晶，天资逆天可免费）。东伯雪鹰因出生天资逆天且觉醒国主虚空血脉获免费传授全卷。翻看黑色书籍接受传承，看到南云国主（瘦小身影）演练完整南云圣十二式（一掌世界化画，一指打破虚空樊笼看到更高层世界），震撼绝学深不可测。淳御卫一说明对外传播为简化版（合一境七层、混沌境九层），完整版需合一境五层申请内门弟子。东伯雪鹰回侯府开始钻研南云圣十二式。,东伯雪鹰获免费传授《南云圣十二式》全卷，看到南云国主演练完整版震撼，回侯府开始钻研修行。
转世,应山老母,人物引入、设定揭示,人物、揭示、设定,应山城应山氏宗家，应山老母（封王，混沌境十层，盘膝坐雪山顶）得知东伯雪鹰被迫提前出生惋惜（若正常孕育数百年血脉更强）。禅玉雁真在幻境法阵中都说不是自己杀的（抹掉修改记忆连自己都信），无确凿证据无法杀（王侯家族子弟需证据或王侯出手）。应山老母因与禅玉娘娘（禅玉氏老祖宗，女性封王三位之一）关系好略留情面，剥夺禅玉雁真一切身份逐出府。应山老母赐孕养血脉灵液及五千万宇宙晶，期待东伯雪鹰成合一境时间判断血脉潜力。东伯雪鹰修行一千五百年练成第三式（元神宫五层实力），决定八千年时突破合一境（不能太快被怀疑投胎转世）。,应山老母因无确凿证据剥夺禅玉雁真身份逐出，赐东伯雪鹰孕养血脉宝物及五千万宇宙晶，东伯雪鹰修行一千五百年练成第三式。
转世,八千年,悟道、人物心理,修炼、情感、爽点,应山烈扈（厚脸皮常来讨好）被田老挡住，转去哄戎星兰（五百万年来一直哄，戎星兰渐渐原谅）。东伯雪鹰躲进虚空神塔（火烈侯府买来专供修行，八根棱形晶柱产生空间乱流）修行。东伯雪鹰修行无瓶颈（简化版最高元神宫九层，两源世界虚空相似，难度相当前世创星辰塔八层招数），虚界道因规则奥妙不同修行缓慢。闭关八千年练成第四式第五式（元神宫六层），掌握瞬移。出关去六真酒楼吃东西。,东伯雪鹰在虚空神塔闭关八千年练成南云圣十二式第四式第五式达元神宫六层，掌握瞬移，出关去六真酒楼。
转世,相遇,矛盾展现、人物引入,人物、冲突,"六真酒楼东伯雪鹰吃东西时感应到远处烟云楼主人淳御风车辇上的肥胖大汉乾干泶（合一境，做见不得光生意）看中街上颜文父女之女颜瑜（真神，灵魂灵光浓郁为药引）。淳御风命合一境侍女抓颜瑜，东伯雪鹰田老出手阻挡（田老轰飞侍女），东伯雪鹰以""我的人""为由不让抢，救下颜瑜当侍女。乾干泶因淳御风不敢得罪火烈侯府未来封侯的雪鹰公子而作罢。东伯雪鹰命田老调查乾干泶。",东伯雪鹰在六真酒楼救下颜瑜当侍女，与烟云楼主人淳御风及肥胖大汉乾干泶冲突。
转世,兵器长枪,装备获取、伏笔埋设,伏笔、奖励,东伯雪鹰带颜瑜逛宝器坊市，在一店铺发现悬浮中央的残缺秘宝长枪（枪杆朴素灰色，枪头深紫色后补凶戾）。东伯雪鹰感应长枪气息一眼看中，拿在手中熟悉感洋溢（前世主修虚界幻境放弃近身战，这一世决定兼修虚空道路再用长枪）。意念渗透枪杆看到庞大黑暗漩涡阶梯不断深入，发现枪杆与枪头不是一体（枪杆价值至少一亿宇宙晶，店铺只开一千万宇宙晶因小地方无人懂虚空）。东伯雪鹰以一千万宇宙晶购得（天阴家族子弟天阴流玉店铺，收购价三百万）。东伯雪鹰回侯府闭关。,东伯雪鹰在宝器坊市以一千万宇宙晶购得残缺秘宝长枪枪杆（实际价值过亿，赤云尊主兵器枪杆），决定这一世再用长枪。
转世,这一世，再用长枪,悟道、装备获取,修炼、奖励、爽点,东伯雪鹰在虚空神塔参悟枪杆，意念渗透看到庞大黑暗漩涡阶梯不断深入，枪杆秘纹蕴含宇宙神层次招数（比南云圣十二式更霸道的虚空运用方向）。东伯雪鹰以深厚底蕴从中悟出领域操纵之法（元神宫七层招数，借枪杆催发达八层），枪杆蕴含招数为宇宙神层次（仅窥破一星半点）。东伯雪鹰决定突破合一境。火烈侯得知东伯雪鹰花一千万买秘宝命人调查（天阴流玉店铺，收购价三百万，十五年前遗迹发现案子），确认没被骗。,东伯雪鹰参悟枪杆悟出领域操纵之法（元神宫七层借枪杆达八层），火烈侯调查确认秘宝购买无骗局。
转世,狂喜,悟道、转折高潮,修炼、高潮、爽点,东伯雪鹰在虚空神塔激发虚空血脉更深层次，身体从初生境跨入合一境（粒子内部构成改变，疯狂吞吸天地之力）。开始修炼南云圣体（《南云圣十二式》附带炼体法门，将身体当秘宝兵器炼制，需大量珍材，六大古国最顶尖炼体法门）。出关后田老震惊八千年成合一境。火烈侯得知大喜（八千年成合一境，比正常出生即初生境千万年成合一境快十倍），传消息给应山老母。,东伯雪鹰激发虚空血脉跨入合一境，开始修炼南云圣体，火烈侯及应山老母大喜。
转世,除掉他,伏笔埋设、矛盾展现,伏笔、冲突,应山老母亲自来火烈侯府（赐五千万宇宙晶孕养血脉灵液），期待东伯雪鹰封王（闯过元神宫九层）。消息传遍南云国各势力。禅玉雁真得知东伯雪鹰八千年成合一境惊恐（几乎肯定封侯，怕记仇杀她）。黑魔大泽黑色弯角魁梧身影（与火烈侯有深仇）得知东伯雪鹰八千年成合一境，命手下乾干泶调动周围十二城人手以最快速度杀应山雪鹰（杀不了火烈侯先除掉未来混沌境）。乾干泶准备刺杀计划（请黑魔大泽杀手年九，预付八百万宇宙晶）。,应山老母亲来赐宝期待封王，黑色弯角魁梧身影命乾干泶刺杀东伯雪鹰，乾干泶请杀手年九准备计划。
转世,湖边飘雨,悟道、氛围营造,修炼、设定、爽点,乾干泶准备刺杀计划（购买毒液邀请杀手），但东伯雪鹰闭关不出（五百万年），乾干泶及背后主人等得傻眼（没耐心的小家伙怎么可能闭关这么久）。东伯雪鹰闭关五百万年，虚空道达混沌境（规则奥妙体系），参悟枪杆悟出领域操纵之法（赤云领域，八层招数借枪杆达九层巅峰），以枪杆参悟出宇宙神层次招数冰山一角。在湖边亭子以细微领域操纵挪移雨滴（田老等人均未察觉），实力已不亚于火烈侯。东伯雪鹰决定对外公开元神宫五层实力去南云国都学完整版南云圣十二式。,东伯雪鹰闭关五百万年虚空道达混沌境，参悟枪杆悟出赤云领域，实力已不亚于火烈侯，决定去国都学完整版。
转世,初入烟云楼,环境铺陈、人物心理,情感、设定,应山烈扈带东伯雪鹰出侯府逛烟云楼（应山烈扈风光得意），淳御风热情迎接。东伯雪鹰在殿厅主位欣赏歌舞，众王侯家族子弟收敛不敢得罪。乾干泶得知东伯雪鹰在烟云楼立即准备行动（等了五百万年终于出来了），调动人手计划万无一失。,应山烈扈带东伯雪鹰逛烟云楼风光得意，乾干泶得知东伯雪鹰出关立即准备刺杀行动。
转世,烟云楼外的刺杀,矛盾爆发、战斗描写,冲突、战斗,乾干泶在附近酒楼与年九（消瘦青年，合一境，短刀）会合等待。东伯雪鹰出烟云楼时感应到乾干泶。年九以六大分身（合一境，古修分身天赋，联手元神宫七层）及两名死士袭击，田易芝及九名亲卫形成银色战阵抵挡。火烈侯化身降临（元神宫六层）。乾干泶吹黑色笛子施放淡绿色音波毒液（六百万宇宙晶，合一境沾染必死），火烈侯化身及暗卫无法隔绝毒液。,年九六大分身及死士袭击东伯雪鹰，乾干泶施放淡绿色音波毒液，火烈侯化身及暗卫无法抵挡。
转世,竟然还有高手？,战斗描写、转折高潮,战斗、高潮,年九为黑魔大泽九头魔蛇（古修分身天赋九个分身，一个活着即再生其他），以六大分身联手元神宫七层攻破田易芝战阵。两条黑流云曜换人形，率领九十八位黑甲军士（火烈军暗卫一队，一直贴身保护东伯雪鹰在洞天宝物内候着）形成战阵（元神宫七层战力，暗卫队长暗金甲铠元神宫五层）。东伯雪鹰平静观察（刺客为古修分身术，单个分身元神宫六层六个合击七层）。乾干泶吹笛施放毒液，东伯雪鹰以赤云领域扭曲虚空将毒液引到乾干泶身边，乾干泶当即毙命。黑衣魔头主人化身遥观震惊（以为应山氏暗中安排高手保护）。,年九六大分身攻破田易芝战阵，火烈军暗卫一队形成战阵抵挡，东伯雪鹰以赤云领域引毒液反杀乾干泶。
转世,疯狂,转折高潮、战斗描写,战斗、高潮,黑衣魔头主人命魔仆巢庆（混沌境层次血肉傀儡，反关节双腿猩猩长臂鳞甲独眼，正常元神宫六层，燃烧可达七层，自爆再增数倍）出手，年九老魔六大分身联手。火烈侯化身被魔仆一爪拍碎（不甘心愤怒歉意）。东伯雪鹰持赤云神枪平静（典籍记载为魔仆巢庆）。应山烈扈状若疯狂要拼死（东伯雪鹰意外父亲愤怒，应山烈扈曾被瞧不起以儿子为骄傲）。东伯雪鹰百万里范围虚空陡然扭曲，灭世场景笼罩所有人。,黑衣魔头主人命魔仆巢庆及年九联手杀东伯雪鹰，火烈侯化身被拍碎，应山烈扈疯狂，东伯雪鹰爆发赤云领域百万里扭曲。
转世,神秘高手？,战斗描写、转折高潮,战斗、高潮,"东伯雪鹰完全爆发赤云领域（第一次完全爆发杀敌），虚空错乱灭杀年九六大分身（每个分身上千次切割直接湮灭）。魔仆巢庆身体强横（混沌境层次傀儡，八层招数无法撕裂），东伯雪鹰以南云圣十二式第十式""烟尘散""（元神宫八层，威力恐怖但简单易破）配合赤云领域让魔仆无防备实实在在承受，一指将魔仆头颅眉心从粒子层面分解消散（八层巅峰）。东伯雪鹰伪装为神秘高手出手（扭曲虚空遮掩手指位置）。应山老母及浮尘侯（青瞳老者，封王）赶到，浮尘侯以青光眸子回溯战斗场景（虚空扭曲区域一片混乱看不清），判断出手者至少九层实力（封王级数），非南云国内高手。",东伯雪鹰以赤云领域灭杀年九六大分身，以烟尘散一指灭杀魔仆巢庆，伪装神秘高手出手，应山老母及浮尘侯判断出手者为封王级数外域高手。
转世,应山氏的怒火,矛盾收束、情节推进,冲突,应山老母命浮尘侯协助火烈侯在火烈城查三天（淳御风等灰色生意链条被扯出，王侯家族子弟帮忙联系年九一律斩杀）。黑衣魔头主人化身潜伏未被发现（仅和手下乾干泶有接触）。东伯雪鹰向应山老母展露元神宫五层实力（南云圣体第五层），请求去国都南云圣宗总宗学完整版南云圣十二式。应山老母同意（国都高手如云修行帮助更大），承诺找老朋友让其成入门弟子。东伯雪鹰被应山老母挪移回侯府。,应山氏在火烈城大查三天抓杀涉事者，东伯雪鹰展露元神宫五层实力，应山老母同意其去国都南云圣宗总宗学完整版。
转世,南云国都,人物引入、装备获取,人物、奖励,应山老母派魔仆血雨（赐名应山子白，黑色衣袍妖异青年，折扇，混沌境魔仆，爆发元神宫八层，唯六大古国夏风古国能炼制，抵六头巢庆价格）护卫东伯雪鹰，赠南云圣令（国主赐予，应山老母仅一块）。东伯雪鹰经传送法阵赴南云国都（比混沌虚空六大圣地刀皇城强十倍百倍），住应山别院（三位宗家元老主持）。在宝器坊市发现樊氏店铺三楼有赤云魔枪枪头（枪尖引起空间波纹），枪杆有挣脱感应。,应山老母派魔仆子白护卫并赠南云圣令，东伯雪鹰赴南云国都住应山别院，在樊氏店铺发现赤云魔枪枪头。
转世,枪的来历,设定揭示、伏笔深化,伏笔、揭示、设定,樊氏（夏风古国三大家族之一，宇宙神数十位，能力压摩天古国）店铺三楼十二件秘宝。胖乎乎老者（混沌境魔仆）介绍云天锤（婆奴尊者第一次古国战争兵器，八十亿宇宙晶镇店之宝）及枪头来历：第一次古国战争之前，樊氏戮天大尊者好友赤云尊主（实力不亚于戮天大尊者）桀骜不驯丢了性命，枪头为赤云魔枪枪头（戮天大尊者确认），五亿宇宙晶（残缺便宜）。东伯雪鹰买不起（共五千多万宇宙晶），请求仔细查看被拒（需封王级数或五亿宇宙晶购买力）。,东伯雪鹰在樊氏店铺得知枪头为赤云尊主兵器赤云魔枪枪头（五亿宇宙晶），买不起且资格不够无法查看。
转世,小家族而已,人物心理、情节推进,情感,"胖乎乎老者调查得知东伯雪鹰为应山氏子弟（小家族），及魔仆子白身份。东伯雪鹰因实力地位购买力均不够无法查看枪头，淡然离去（不生气，等实力强赚到宇宙晶再来买）。东伯雪鹰在南云国都各处行走大半时间在宝器坊市及品尝美食。应山老母安排好南云圣宗入门事宜，东伯雪鹰与魔仆子白赴南云圣宗总宗。山门崖壁""南云""二字散发无尽虚空气息（在南云圣十二式意境之上），澄溟侯（金衣男子）在山门迎接。",东伯雪鹰因资格不够无法查看枪头淡然离去，应山老母安排好入门事宜，东伯雪鹰赴南云圣宗总宗。
转世,入门弟子,设定揭示、情节推进,揭示、设定,南云圣宗入门弟子极难（南云国子民较偏爱，需合一境七层实力，他国更苛刻），十五位混沌境强者审核东伯雪鹰（出生天赋妖孽，五百万年未时间加速，闯过元神宫第五层），应山老母打通关隘全部同意。东伯雪鹰成南云圣宗第三千三百九十二位弟子（自开辟至今总人数，活着的仅数百），获令牌衣袍（不成混沌境就是耻辱）。东伯雪鹰选洞府，进入藏书界（悬浮云雾中山峰洞穴内浩瀚空间，无数典籍，通天柱列绝学换取代价：《三世法》五十万、《分身术》三十万、《大破界传送术》三十万、《五相封禁术》二十万等）。,东伯雪鹰成南云圣宗入门弟子（第三千三百九十二位），进入藏书界翻看无数典籍，通天柱列绝学换取代价。
转世,惊诧,悟道、伏笔埋设,伏笔、修炼、爽点,东伯雪鹰在藏书界两天扫遍所有典籍（虚空类一百九十五本超三十本南云国主所写，虚界幻境类十八本仅两本达宇宙神层次无混沌境十层战力绝学），记下后开始低调修行。三万余年后闯过元神宫六层（实际早达更高实力故意控制），南云圣宗长老们惊诧（五百万年未时间加速）。南云国都浅依晓（月花古国浅依家族主事人，混沌境九层，紫袍女子绣花）及樊天宠（樊氏南云国主事人，混沌境十层）分别派人来请东伯雪鹰赴宴。东伯雪鹰拒绝浅依晓（浅依家族曾暗算应山老母有仇），接受樊飞琪（樊天宠妹妹）代樊天宠邀请。,东伯雪鹰在藏书界翻看大量典籍记下，三万余年闯过元神宫六层惊动长老，拒绝浅依晓接受樊天宠宴请。
转世,浅依家族和樊氏,人物引入、伏笔埋设,人物、伏笔,浅依晓（月花古国浅依家族八位宇宙神，因探寻遗迹暗算应山老母结仇，南云国主插手应山老母忍下）派人请东伯雪鹰被拒。东伯雪鹰等樊天宠邀请（南云国都三大结交高手势力：大皇子、浅依晓、樊天宠），目的为通过樊天宠看枪头。樊飞琪（淡蓝衣袍女子）送帖子，东伯雪鹰接受今晚赴宴。东伯雪鹰计划通过樊天宠结交以便查看枪头内玄妙（赤云神枪绝学不亚于完整南云圣十二式，参悟枪头可轻松三五倍）。,东伯雪鹰拒绝浅依晓邀请（家族仇怨），接受樊天宠宴请，目的为通过樊天宠查看赤云魔枪枪头玄妙。
转世,赴宴,人物引入、战斗描写,人物、战斗,东伯雪鹰赴樊天宠府邸宴请（比火烈侯府庞大），樊天宠（高胖男子，混沌境十层，修炼《撕天力魔真经》身体媲美秘宝，撕天大尊者爱徒）热情招待飞唇兽宴。庞伯客卿门下青年护卫挑战东伯雪鹰（元神宫六层，血影影刀），东伯雪鹰以一指次次点中刀刃最锋芒处破解九次，后以攻击招数化为身法（九个真实身影切割空间九次）一招击败青年护卫。庞伯赞东伯雪鹰悟性不凡（将攻击招数演化为身法超出南云圣十二式本身）。樊天宠开口有麻烦事可找他。,东伯雪鹰赴樊天宠宴请，以一指破解影刀九次后将攻击招数化为身法击败挑战者，樊天宠开口有麻烦事可找他。
转世,身法,战斗描写、转折高潮,战斗、高潮,东伯雪鹰以攻击招数化为身法（九个真实身影切割空间九次）一招击败青年护卫，庞伯及樊天宠赞许（五百万年达此境界且不被招数束缚衍变新招数，将来混沌境九层几乎肯定）。宴会后东伯雪鹰请樊天宠帮忙看樊氏店铺赤云魔枪枪头（残缺秘宝，管事不给看），樊天宠哑然失笑（小事），准东伯雪鹰为樊氏所有店铺贵客可随意查看秘宝（包括云天锤）。东伯雪鹰急不可耐去查看枪头。,东伯雪鹰以攻击招数化为身法击败挑战者，请樊天宠帮忙获准查看赤云魔枪枪头，樊天宠准其为樊氏店铺贵客。
转世,回火烈城,悟道、装备获取,修炼、奖励、爽点,东伯雪鹰在樊氏店铺参悟枪头两个时辰（胖乎乎老者操纵法阵禁制扩张包裹东伯雪鹰）。枪头与枪杆秘纹结合比预想圆满自然，三条漩涡阶梯汇聚为一点（终极汇聚爆发破坏力）。东伯雪鹰推演出两大招数（自身为空间原点操纵周围空间的领域招数，及混乱空间汇聚原点的破坏力攻击招数），秘纹非仅混沌境第十层更高（赤云尊主实力不亚于戮天大尊者）。东伯雪鹰勉强记下部分（秘纹太复杂玄妙）。回火烈城（获典籍及参悟枪头目的已达，火烈城适合尽情修行演练）。,东伯雪鹰参悟枪头两个时辰推演出赤云神枪两大招数（领域及攻击），记下部分秘纹，回火烈城闭关。
转世,东伯雪鹰的震惊,情感展现、装备获取,奖励、情感,东伯雪鹰回火烈城受侯府盛大迎接（闯过元神宫六层，淳御卫一来贺）。应山老母听魔仆子白禀报东伯雪鹰战斗及看枪头之事，若有所思。应山老母亲赴樊氏店铺以三亿宇宙晶（宝物加宇宙晶，卖掉兵器飞云梭）买下枪头赠予东伯雪鹰（封王应不难，努力为后辈）。东伯雪鹰在侯府宴会上接过应山老母储物手环，发现枪头震惊抬头。,应山老母以三亿宇宙晶买下赤云魔枪枪头赠予东伯雪鹰，东伯雪鹰震惊感动。
转世,突破，混沌境,悟道、转折高潮,修炼、高潮、爽点,"东伯雪鹰感念应山老母不求回报的关爱（对后辈子弟的期待），决定不让她失望。将枪头与枪杆融合命名""赤云神枪""（枪杆枪头秘纹融合，周围虚空震荡枪吟声响彻）。意识渗透参悟完整长枪（三条漩涡阶梯汇聚为一点）。突破混沌境（虚空血脉激发，天地之力漩涡黑洞，身体进化蜕变，血脉为混沌境层次虚空血脉，宇宙神层次虚空血脉补充完善，血脉修行道路到头），灵魂急剧强大（混沌境灵魂修行速度快太多）。东伯雪鹰不公开混沌境（计划闭关很久后对外称修行上亿年成混沌境，五百万年太妖孽）。",东伯雪鹰将枪杆枪头融合命名赤云神枪，突破混沌境（血脉修行到头），灵魂急剧强大，不公开混沌境身份。
转世,黑魔大泽的血祭,伏笔埋设、矛盾展现,伏笔、冲突,东伯雪鹰闭关狂热修行赤云神枪（蕴含赤云尊主大半战斗手段，不止两招，比南云圣十二式更丰富），参悟出五大杀招（赤云领域、穿虚空、粉碎虚空、烟尘散、护身法，及未施展的合击之术）。十五亿年后，黑魔大泽三教主之一血魔教主（病态苍白青袍男子，血色虚影）一脉决定血祭南云国火烈城（轮到这一脉，选有绝世天才的小城震慑南云国），消瘦绿发老者（宇宙神，黑色细蛇缠绕）安排。黑色弯角魁梧身影臣午（与火烈侯有灭族之仇，拜血魔教主为老祖）激动（等这一天太久）。,东伯雪鹰闭关十五亿年参悟赤云神枪五大杀招，黑魔大泽血魔教主一脉决定血祭火烈城，臣午激动报仇。
转世,血祭火烈城,矛盾爆发、设定揭示,冲突、揭示、设定,消瘦绿发老者及白云魔主（白袍圣洁男子，混沌境十层，修炼众界古国《十圣卷》之《云之卷》）率二十位混沌境及上万合一境血祭火烈城。消瘦绿发老者以秘宝画卷空间封禁火烈城（破界传送术无法进入，火烈城看不见碰不到进不去独立于界心大陆）。白云魔主主持血祭（黑色瓶子弥漫波动采集灵魂最本源力量），命血幅（阴冷老者混沌境九层）、臣午率混沌境围攻火烈侯，其他混沌境围攻淳御帝君化身，合一境分散杀戮。南云国主在国都以观天镜观战无法插手（与黑魔大泽三教主有默契妥协，破坏默契引发大战），应山老母心痛（应山氏子弟及雪鹰小娃娃在火烈城）。,白云魔主率二十位混沌境及上万合一境空间封禁火烈城血祭，南云国主在国都观天镜观战无法插手。
转世,发现应山雪鹰了！,转折高潮、战斗描写,战斗、高潮,"东伯雪鹰闭关十五亿年出关（田老、魔仆子白、火烈侯急切传音），魔仆子白震惊东伯雪鹰已突破混沌境。东伯雪鹰看到火烈城中央白云魔主盘膝坐半空主持血祭（黑色瓶子弥漫波动采集灵魂本源力量），一处处合一境魔头队伍肆意杀戮。东伯雪鹰明白血祭（南云圣宗杂书记载，黑魔大泽血祭为采集灵魂最本源力量，血祭魔瓶仅阎魔教主等少数宇宙神懂炼制），无尽怒火（母亲姐姐及族人被屠戮）。魔仆子白已收戎星兰应山溪月入洞天宝物（应山烈扈在烟云楼太远来不及）。远处传来""发现应山雪鹰了""的惊喜声。",东伯雪鹰闭关十五亿年出关突破混沌境，看到火烈城遭血祭无尽怒火，魔仆子白已收母亲姐姐入洞天宝物。
转世,初战,战斗描写、转折高潮,战斗、高潮,东伯雪鹰以赤云领域千万里外瞬间灭杀一支百人合一境魔头队伍（魔仆子白震惊千万里外瞬间灭杀）。东伯雪鹰收魔仆子白入洞天宝物（母亲姐姐在其中），连续瞬移灭杀七支百人合一境魔头队伍（一个呼吸时间内足够）。南云国主及众帝君封王在观天镜看到东伯雪鹰出关成混沌境以领域灭杀合一境魔头（应山老母又喜又悲，喜雪鹰没辜负期待悲灭杀合一境小喽喽算什么）。臣午（黑色弯角魁梧身影混沌境九层）率三位混沌境围攻火烈侯，血幅率三位混沌境去杀东伯雪鹰。,东伯雪鹰以赤云领域千万里外瞬间灭杀七支百人合一境魔头队伍，南云国主等观战，血幅率三位混沌境来杀东伯雪鹰。
转世,四杀！,战斗描写、转折高潮,战斗、高潮,"臣午传音火烈侯（揭露灭族之仇：火烈侯追杀魔头时一招火龙天降灭臣午族群仅十余活，臣午进黑魔大泽从底层爬到混沌境九层，让老祖选火烈城血祭报仇）。东伯雪鹰不顾火烈侯传音逃命，继续灭杀魔头队伍。血幅率三位混沌境以规则领域压制（混沌境九层规则领域微型宇宙规则），东伯雪鹰以赤云战法""穿虚空""（九层巅峰）枪影直接出现在金衣青年胸膛（无视战阵攻击弱者），三位混沌境身体粉碎消散。血幅老魔三枪毙命（粉碎虚空九层巅峰借助赤云神枪，枪头直接出现身边一招没挡住）。南云国主一声""好""。",东伯雪鹰以穿虚空无视战阵灭杀三位混沌境，以粉碎虚空三枪毙命血幅老魔，南云国主叫好。
转世,应山雪鹰之名,转折高潮、人物心理,情感、高潮,南云国主及众帝君封王惊叹东伯雪鹰四种手段（破战阵之穿虚空、长枪秘宝、领域操纵、南云圣十二式粉碎虚空），南云国主判定东伯雪鹰最厉害的是领域之术（血幅规则领域完善却无法压制东伯雪鹰操纵虚空，每次虚空操纵太厉害瞬间施展毫无痕迹）。应山老母猜东伯雪鹰得赤云尊主战法（三亿宇宙晶太值）。樊天宠等各方势力观战震惊（东伯雪鹰修炼赤云战法）。黑魔大泽三教主及众魔主震惊。臣午等四位混沌境九层吓逃（血幅率领战阵瞬间被灭）。白云魔主收起血祭魔瓶暂停杀戮。,南云国主等各方势力惊叹东伯雪鹰实力，应山老母猜得赤云尊主战法，臣午等魔头吓逃，白云魔主暂停血祭。
转世,白云魔主战雪鹰公子（上）,战斗描写、转折高潮,战斗、高潮,应山氏族人崇拜雪鹰公子（地位超越火烈侯）。东伯雪鹰收火烈侯及五千火烈军入洞天宝物（在十层级数碰撞中拖后腿），收应山烈扈入洞天宝物。白云魔主率臣午等四位混沌境九层在南云圣殿前等东伯雪鹰。东伯雪鹰瞬移赴战。白云魔主（混沌境十层，《十圣卷》之《云之卷》，能压新晋宇宙神）声称必须杀东伯雪鹰（血祭之日代表黑魔大泽脸面），东伯雪鹰称白云魔主口气大。白云魔主施云雾领域（千万里范围楼阁夷为平地弱小者湮灭），东伯雪鹰以赤云领域对抗。,东伯雪鹰收火烈侯等入洞天宝物，赴南云圣殿前与白云魔主对峙，白云魔主施云雾领域东伯雪鹰以赤云领域对抗。
转世,白云魔主战雪鹰公子（下）,战斗描写、转折高潮,战斗、高潮,赤云领域正面碾压稍弱（《云之卷》以霸道著称），东伯雪鹰以扭转虚空及三道虚空漩涡阶梯护身（万法不沾）硬扛云雾。东伯雪鹰以穿虚空枪头出现在白云魔主眉心（手掌挡住炸裂半个），白云魔主以巨大手掌拍击东伯雪鹰入地底。东伯雪鹰从地底窜出穿虚空刺入白云魔主胸膛（九层巅峰穿虚空更诡异对方没挡住），白云魔主吞吸云雾身体凝实提升威能。东伯雪鹰研究赤云神枪十五亿年悟出五大杀招（赤云领域十层最强，其他九层巅峰，合击之术无分身无法施展），南云圣体才第八层无法修炼秘传两式。白云魔主以硬碰硬轰飞东伯雪鹰吐血，东伯雪鹰以赤云领域扭转虚空一步迈远逃白云魔主吞天炼化。,东伯雪鹰以赤云领域及穿虚空与白云魔主激战（赤云领域十层最强其他九层巅峰），硬碰硬吐血后以赤云领域逃脱吞天炼化。
转世,围攻,战斗描写、转折高潮,战斗、高潮,白云魔主及臣午等四位混沌境九层战阵围攻东伯雪鹰（战阵十层威能）。白发血袍老者以波动灭杀之术（瞬间及身无法闪避）及雷火劈击，臣午以巨斧近身劈，阴冷青年以深绿色大蛇束缚。东伯雪鹰以三道漩涡阶梯护身及虚化（极深领悟削弱九成）抗住，南云圣体八层在十层级数交战中太弱。樊天宠等各方观战判定东伯雪鹰混沌境十层（十五亿年掌握十层招数，南云国有史以来最逆天）。樊氏家族推断东伯雪鹰参悟赤云魔枪悟出赤云战法四大杀法（缺赤云魔体），欲买赤云魔枪。浅依晓震惊（应山氏有两位混沌境十层）。,白云魔主及四位混沌境九层战阵围攻东伯雪鹰（战阵十层威能），东伯雪鹰以虚化及护身法抗住，各方势力判定其混沌境十层。
转世,撤！,转折高潮、矛盾收束,冲突、高潮,东伯雪鹰以穿虚空专攻阴夫老魔（身体最弱，战阵阻碍仅削弱三成），阴夫老魔损伤七成撑不住。白云魔主明白无法取胜（赤云领域一招立于不败之地，赤云尊主以不惧群战虚空领域了得出名）。阴夫老魔等四位混沌境被收入白云魔主洞天宝物。白云魔主联系血魔教主，血魔教主令撤（东伯雪鹰虚空操纵极厉害能缠住白云魔主本尊，化身屠戮东伯雪鹰也会收子民且合一境队伍被杀大半）。白云魔主下令撤退，合一境魔头队伍瞬移汇聚撤退。东伯雪鹰停手持枪站废墟上。白云魔主称血祭败在东伯雪鹰手中，以后有机会交手，消散离去。南云国主笑东伯雪鹰救了火烈城给南云国争脸面。,东伯雪鹰以穿虚空重创阴夫老魔，白云魔主无法取胜奉血魔教主令撤退，东伯雪鹰救火烈城给南云国争脸面。
转世,心意,情感展现、伏笔埋设,伏笔、情感,南云国主及众帝君封王赞叹东伯雪鹰（不借圣体硬是掌握粉碎虚空和界心刀，虚空领域参悟秘宝神枪达十层战力），南云国主有意收徒（贪鹏帝君反应快先恭喜）。东伯雪鹰陪父母姐姐吃喝聊天后独自湖边亭子静思反省一战（心情不好，火烈城死伤极多）。应山老母亲来（不再称小娃娃），告知三天后正式册封封王，及南云国主有意收徒（亲传弟子，至今五个徒弟，拜师立即赐保命最顶尖秘术《分身术》，价值在完整赤云战法之上）。东伯雪鹰心动。,南云国主有意收东伯雪鹰为徒（赐分身术），应山老母亲来告知册封及收徒之事，东伯雪鹰心动。
转世,樊氏的招揽,人物心理、伏笔埋设,伏笔、情感,东伯雪鹰期待分身术（留分身在界心大陆，分身回混沌虚空，两全其美）。应山老母猜樊氏会主动邀请（樊氏海纳百川吸收各方天才，十五亿年混沌境十层夏风古国历史上排前列），建议东伯雪鹰自己决定（国主更大方赐南云圣体十层珍材约二十亿宇宙晶且用心指点；樊氏底蕴更深但规矩森严需靠功劳换取）。东伯雪鹰称拜师国主（樊氏即使拜入也学不到分身术需靠功劳换取时间浪费不起）。应山老母劝见樊氏后再决定。第二天樊天宠来拜访，称樊祖（无敌存在，收徒十五位）愿意收徒。,应山老母建议东伯雪鹰见樊氏后再决定拜师，樊天宠来拜访称樊祖愿意收东伯雪鹰为徒。
转世,樊祖,人物心理、转折高潮,情感、高潮,"樊天宠劝东伯雪鹰拜樊祖（周边国度横着走，南云国主不敢怠慢，通往巅峰秘传绝不外传，南云国主靠走运得两界刀及三世法才有地位）。东伯雪鹰拒绝（为尽快学 分身术及感念应山老母赠枪头），称""老祖错爱了""。樊天宠无奈离去。南云国主得知东伯雪鹰铁了心拜师惊喜（好帮手留在国内）。樊祖观察东伯雪鹰修行场景（包括隐藏实力及虚界幻境达混沌境），判定为元允许的投胎转世外来源世界者（前世或许已是宇宙神），一时兴起收徒被拒便抛之脑后（全凭心情）。",东伯雪鹰拒绝樊祖收徒（为分身术及感念应山老母），南云国主惊喜，樊祖判定其为投胎转世者被拒后抛之脑后。
转世,拜师，赐予,装备获取、设定揭示,奖励、揭示、设定,"东伯雪鹰和应山老母乘九条魔龙车辇（南云国主手笔）赴皇宫静修之地拜师。南云国主（淡黄衣袍瘦小男子，身体与虚空一体）好奇东伯雪鹰选他不选樊祖，东伯雪鹰称想尽快学分身术。南云国主收徒（规矩：不得背叛宗门），赐《分身术》（南云国主初创后经众界古国五祖之一漂泊者完善）及《破界传送术》两本典籍。分身术需先练成秘传""破苍穹""（打破源世界樊笼接触外界更高层世界，汲取外界气息修炼灵魂）。南云国主赐南云圣体十层圆满珍材及黑色魔龙（混沌境九层，十五亿宇宙晶，额外赐予令五位师兄姐震惊）。",东伯雪鹰拜师南云国主获赐《分身术》《破界传送术》、南云圣体十层珍材及黑色魔龙（额外赐予令师兄姐震惊）。
转世,岁月,悟道、设定揭示,修炼、揭示、设定、爽点,"南云国主五位亲传弟子：大师兄贪鹏帝君（宇宙神，南云国主狼狈时追随）、二师兄公良易（混沌境十层）、三师姐鬼郦娘娘（混沌境十层）、四师兄傅凌云及五师兄傅凌霄（混沌境九层，傅尘之子）。东伯雪鹰封王（封号飞雪，九条龙兽拉车辇，周边国度来贺），建飞雪城（法阵加身寻常宇宙神被吊打，建近亿年）。三亿余年后飞雪城建好，东伯雪鹰闭关虚空神塔。南云圣体十层圆满（气息内敛普通，虚化未达极致，南云国主《虚化不灭术》需宇宙神才有望练成），东伯雪鹰仍欲自创虚化极致（参悟陌古将军鳞甲）。练成秘传""破苍穹""（打破樊笼看到更高层世界及另一个源世界，轰碎三颗黑雾球体粒子极微小裂缝逸散神秘气息）。",东伯雪鹰封王建飞雪城，闭关三亿余年南云圣体十层圆满，练成秘传破苍穹打破樊笼看到更高层世界及另一个源世界。
转世,虚界幻境之路,悟道、设定揭示,修炼、揭示、设定、爽点,东伯雪鹰以破苍穹打破樊笼（赤云神枪裂缝更大），借助裂缝逸散的神秘气息运转分身术法门（灵魂秘术吸引神秘气息融入灵魂，灵魂进化有别于源世界生命，不吸收神秘气息宇宙神都无法分身），分化一个金衣分身（界心令能量留于金衣分身，实力更弱不出去征战）。东伯雪鹰一方面钻研虚空道（秘传两式练成，参悟赤云神枪及推演虚化），另一方面过半时间修行虚界幻境（前世创出幻境世界九层招数，今世得十八本典籍创出虚界幻境九层招数，灵魂强度比寻常混沌境极致强三四倍）。混沌境十层虚界幻境秘术绝不外传（仅夏风古国、始祖古国、摩天古国拥有），虚界幻境秘宝极昂贵（十层级数百亿宇宙晶）。,东伯雪鹰练成分身术分化金衣分身（界心令能量留金衣分身），钻研虚空道及虚界幻境两条道路，虚界幻境达混沌境九层。
转世,奉命前往,设定展开、情节推进,设定,虚界幻境十层招数（混沌境十层幻境连应山老母等混沌境十层高手大多都扛不住），混沌境十层秘传仅三大古国拥有（众界古国都没有），虚界幻境秘宝十层级数百亿宇宙晶。东伯雪鹰需秘宝才能施展十层。南云国主召唤东伯雪鹰，命其前往火莨国都帮助曲明侯对抗天剑道（天剑道大肆传播打压南云圣宗，背后有众界古国夏风古国支持），承诺宇宙神不会出手（否则南云国主直接出手），分身留国都最安全。东伯雪鹰带魔龙及曲明侯赴火莨国都。,南云国主命东伯雪鹰赴火莨国都对抗天剑道，承诺宇宙神不出手（否则直接出手），分身留国都最安全。
转世,一张画,战斗描写、转折高潮,战斗、高潮,"火莨国都南云圣殿被天剑道昌苏王（混沌境九层，天剑不灭身十层圆满）率十余合一境堵门叫骂斩杀外门弟子。东伯雪鹰带曲明侯及魔龙到来，昌苏王认出东伯雪鹰称其最好退去。东伯雪鹰以幻境瞬间灭杀昌苏王灵魂（借外力才有九层实力灵魂仅混沌境八层），以南云圣十二式秘传""美如画""将昌苏王及十余名手下化为一张画（法阵庇护挂南云圣殿外墙），幻境手段初现峥嵘。",东伯雪鹰以幻境灭杀昌苏王灵魂，以美如画将昌苏王及手下化为画卷挂南云圣殿外墙，幻境手段初现。
转世,震动,转折高潮、伏笔埋设,伏笔、高潮,南云圣殿高手们及火莨国都各方势力震惊（昌苏王天剑不灭身十层圆满一招化为画）。曲明侯挂画于外墙显眼处法阵庇护（打天剑道脸）。雷霆王莫潮（天剑道两大护道人之一，紫衣冷峻男子，师承众界古国恐怖存在）率众界古国黑袍强者（毒虫）、暗红皮肤弯角男子（樊氏）、水火二使等暗中观战，判断东伯雪鹰施展灵魂手段或特殊秘宝（美如画做不到这步）。南云国主在国都得知东伯雪鹰实力惊住（原本只派三位黑袍高手暗中支援，现令其先歇息）。,火莨国都各方势力震惊东伯雪鹰一招化画，雷霆王莫潮等天剑道一方判断东伯雪鹰有灵魂手段，南云国主惊住令支援高手先歇息。
转世,《五相封禁术》,悟道、设定揭示,修炼、揭示、设定、爽点,南云国主猜测东伯雪鹰用灵魂类手段或特殊秘宝（不强究，徒弟越厉害好事）。东伯雪鹰在火莨南云圣殿闭关修行五相封禁术（南云圣宗最强虚空战斗绝学，五相为天相、地相、暴相、雾相、本相，五相皆小成即混沌境九层，五相合一五相封禁可比破界传送术封禁，配五相珠达十层）。东伯雪鹰凭前世积累（天相前世虚空始祖所走虚空行者一脉、地相迷界走廊万亿年参悟、暴相赤云战法同路、雾相部分美如画相似）练成四相，只差本相（前世看到虚空本相但了解太浅薄）。,东伯雪鹰在火莨闭关修行《五相封禁术》（南云圣宗最强虚空绝学），凭前世积累练成四相只差本相。
转世,酒肆，毒虫,环境铺陈、矛盾展现,冲突、设定,东伯雪鹰虚界幻境进无可进（无秘宝），五相封禁术只差本相，虚化极致更难，修行陷入瓶颈，出南云圣殿逛火莨国都美食美酒。在酒肆遇火莨七皇子及黑魔大泽血魔教主亲传弟子（俊美妖异男子混沌境九层）包场。三只颜色各异毒虫（众界古国噬界大帝一脉，黑袍强者操纵）钻入三名护卫体内操控其走向东伯雪鹰。东伯雪鹰以赤云领域灭杀三名被操控护卫，露三只毒虫（深绿色毒雾虫、黑色力魔虫、若隐若现银色虚空螭虫），毒虫丝毫无损抗住赤云领域镇杀。,东伯雪鹰修行陷入瓶颈出殿逛美食，在酒肆遇三只众界古国毒虫（深绿色毒雾虫、黑色力魔虫、银色虚空螭虫）抗住赤云领域。
转世,奇特毒虫,战斗描写、装备获取,奖励、战斗,"东伯雪鹰以短棍（赤云神枪变化）施""破苍穹""灭杀深绿色毒雾虫，以""穿虚空""（十层级数）连续十九次点中黑色力魔虫令其炸裂。若隐若现银色虚空螭虫（与虚空本质黑雾球体粒子契合，虚化能力不亚于东伯雪鹰，穿虚空仅削弱百分之二威能）抗住攻击。东伯雪鹰以幻境灭杀虚空螭虫意识捉住（暴露幻境手段，但已练成分身术不必太遮掩）。东伯雪鹰以虚空境界观察银色毒虫秘纹（天生与黑雾球体粒子契合，能调动虚空本质卸去攻击，虽未达虚化极致但极可怕），欲研究参悟五相封禁术本相。",东伯雪鹰以破苍穹及穿虚空灭杀两只毒虫，以幻境捉住虚空螭虫（与虚空本质契合调动黑雾球体粒子），欲研究参悟本相。
转世,暗潮,伏笔埋设、矛盾展现,伏笔、冲突,黑袍强者（众界古国，毒虫一道）附在毒虫意识湮灭，摸清东伯雪鹰手段（秘传两式练成、赤云战法参悟出、分身术练成、幻境至少混沌境八层）。天剑道一方商议暗杀计划（五位混沌境十层联手：众界古国黑袍强者、樊氏两位、天剑道两位，针对东伯雪鹰弱点幻境没九层怕也不到），等东伯雪鹰离开南云圣殿再动手（圣殿法阵不利）。东伯雪鹰研究虚空螭虫半月有心得，向南云圣宗情报系统搜集虫兽情报，向樊氏店铺火莨国都分店订购三十八种虚空一脉混沌境极致虫兽尸体（一亿三千万宇宙晶，曲明侯帮忙半天送到）。,黑袍强者摸清东伯雪鹰手段，天剑道商议五位混沌境十层联手暗杀计划，东伯雪鹰订购三十八种虚空虫兽尸体研究。
转世,闭关,悟道、伏笔埋设,伏笔、修炼、爽点,东伯雪鹰在火莨南云圣殿闭关研究三十九种虚空一脉虫兽尸体（含虚空螭虫，界心大陆混沌境极致虚空虫兽所有种类），能调动虚空本质黑雾球体粒子的有二十五种，擅长虚化的有三十七种。东伯雪鹰虚化方面进步很大（接近极致圆满，离最终一丝阻碍，参悟陌古将军鳞甲为根本），五相封禁术本相逐渐提升。天剑道等东伯雪鹰闭关九万年失去耐心，一位宇宙神出手夺走外墙画卷，天剑道又开始挑衅。东伯雪鹰闭关三十多万年，虚化极致接近圆满，本相仍未成，出关散步散心。,东伯雪鹰闭关研究三十九种虚空虫兽尸体，虚化接近极致圆满，本相仍未成，天剑道等九万年失去耐心夺走画卷又挑衅。
转世,淹没,战斗描写、转折高潮,战斗、高潮,天剑道殿内雷霆王莫潮率五位混沌境十层高手（众界古国炽风殿下核心子弟觉醒操纵时光天赋修三世法过去卷、黑袍强者、雨尘行者众界古国漂泊者门下、百战魔神樊楚护樊氏、水火二使天剑道）出发暗杀东伯雪鹰。炽风殿下以时光之域（操纵时光流速）笼罩东伯雪鹰，水火二使以极冷极热十层招数侵袭（身体冰冷僵硬与炽热融化碰撞），东伯雪鹰以赤云战法护身法（三道虚空漩涡阶梯）及虚化抗住。雨尘行者以深青色大锤（悄无声息）及樊楚护以赤铜色巨大手掌（威势滔天）联手重击，东伯雪鹰脑海轰鸣吐血。,天剑道五位混沌境十层高手暗杀东伯雪鹰，炽风殿下时光之域压制，水火二使极冷极热围攻，雨尘行者及樊楚护联手重击东伯雪鹰吐血。
转世,师傅插手,转折高潮、矛盾收束,冲突、高潮,东伯雪鹰传音求救南云国主（空间封禁无法破界传送，但分身留国都可求救）。雨尘行者大锤及樊楚护撕天爪连续攻击，东伯雪鹰以虚化（离极致差一丝）卸去大量攻击但仍受伤（每一轮损耗近一成生命力，十一二轮得殒命）。五位高手连续攻击三轮未能杀死东伯雪鹰（虚化太强），炽风殿下令撤退（南云国主将插手）。南云国主传音东伯雪鹰先歇息，天剑道调动如此多高手他要反击。东伯雪鹰憋屈（从头到尾挨打没来得及反抗，时光之域下动作太慢）。,东伯雪鹰以虚化抗住五位高手三轮攻击，南云国主传音要反击天剑道，东伯雪鹰憋屈从头到尾挨打。
转世,你再说一遍？,悟道、转折高潮,修炼、高潮、爽点,"东伯雪鹰闭关反省（时光之域下无法反抗，炽风殿下众界古国炽氏核心子弟操纵时光天赋）。南云国主第二天派高手杀进天剑道殿摧毁大半法阵（东伯雪鹰得知师傅派出比五位高手更强的高手）。东伯雪鹰继续闭关，虚化离最终极致只差一丝（混沌境太难，仅众界古国夏风古国有法门，南云国主都创不出），五相封禁术不断进步。遭袭三个月后东伯雪鹰练成本相（调动虚空本质黑雾球体粒子流动变幻），五相封禁术小成（五相皆成，混沌境九层不靠外物）。东伯雪鹰传讯南云国主""练成五相封禁术了""，南云国主惊问""你再说一遍""。",东伯雪鹰闭关三个月练成五相封禁术本相（调动黑雾球体粒子），五相封禁术小成，南云国主震惊。
转世,擒拿！,装备获取、转折高潮,奖励、高潮,南云国主分身（黑衣）亲自来确认东伯雪鹰练成五相封禁术（五道光华遮蔽大半静室），感慨樊氏连败五次三族之争（混沌境练成仅摩天古国一位及东伯雪鹰）。南云国主赐五相珠（五颗黑色珠子手链，每颗内含一虚空世界，宇宙神层次秘宝价值约二百亿宇宙晶，早炼制好等练成者）。南云国主将火莨对抗天剑道之事交东伯雪鹰全权负责。东伯雪鹰乘魔龙堵门天剑道殿（赤云领域笼罩外围），挑战天剑道高手。雷霆王莫潮（天剑道两大护道人之一，众界古国记名弟子，剑败石玉魔主闯过十劫桥）应战，东伯雪鹰以五相封禁术一招活捉莫潮（收入五相珠）。,南云国主赐五相珠（宇宙神层次秘宝），东伯雪鹰乘魔龙堵门天剑道殿，以五相封禁术一招活捉雷霆王莫潮。
转世,赎回？,转折高潮、人物心理,情感、高潮,东伯雪鹰一招活捉莫潮令各方围观者目瞪口呆（莫潮声名远播）。天剑道殿内炽风殿下等五位高手震惊（五相封禁术混沌境近乎无敌，一招出空间封禁躲无可躲只能硬挡），封禁空间防东伯雪鹰单独对付一人。东伯雪鹰继续堵门挑衅（莫潮实力一般一招未抗住，天剑道无人敢应战）。南云国主传音东伯雪鹰活捉莫潮为赎回赚宇宙晶，做足姿态继续堵门（天剑道与南云圣宗开始谈判，天剑道进军黑魔四国计划受挫）。,东伯雪鹰一招活捉莫潮各方震惊，天剑道无人敢应战，南云国主传音继续堵门为赎回莫潮赚宇宙晶。
转世,大赚一笔,转折高潮、情节推进,高潮,东伯雪鹰意识降临五相珠关押莫潮的虚空世界（顶尖秘宝封闭空间宇宙神都逃不出），取走莫潮所有宝物（两件混沌境十层秘宝价值十五亿宇宙晶）。天剑国主与南云国主谈判（天剑道进军黑魔四国刚开始便结束，摩天古国境内南云圣宗也获好处，东伯雪鹰若继续堵门天剑道丢脸更大）。天剑国主以八十亿宇宙晶赎回莫潮及两件秘宝（莫潮性命换六十五亿宇宙晶，活捉的好处）。东伯雪鹰回南云国都，南云国主及众帝君封王亲传弟子等候迎接（应山雪鹰大名传遍界心大陆高层）。,东伯雪鹰取走莫潮宝物，天剑国主以八十亿宇宙晶赎回莫潮，东伯雪鹰回南云国都受众高层迎接。
转世,寻秘宝,情节推进、设定展开,设定,南云国主算东伯雪鹰六万功劳（南云圣宗与天剑道斗一直弱势，东伯雪鹰练成五相封禁术令天剑道知难而退功劳极大）。南云国主赐八十亿宇宙晶（赎金），东伯雪鹰以六万功劳再换三十亿宇宙晶（共一百一十亿宇宙晶），欲购虚界幻境秘宝。南云国主得知东伯雪鹰虚界幻境达极致（创出幻境世界九层招数）眼睛一亮（两脉兼修混沌境难寻敌手）。东伯雪鹰离开南云国，一一查看界心大陆公开卖的八件混沌境十层虚界幻境秘宝（一百二十亿到二百亿宇宙晶不等），先赴荼花国看第三件。,南云国主赐东伯雪鹰六万功劳及八十亿宇宙晶，东伯雪鹰换三十亿宇宙晶（共一百一十亿），赴各地查看八件虚界幻境秘宝。
转世,荼花国,环境铺陈、矛盾爆发,冲突、设定,"东伯雪鹰赴荼花国（三流小国，黑狱阴海数十万岛屿组成，群星联盟成员）看虚界幻境秘宝，在酒肆吃美食时遇天柱王阳雄（光头老者，混沌境十层，荼花国两大天柱之一）之女瑕阴女魔（绿衣女子，合一境）率军队围杀巴妥晨（巴妥家族最后核心子弟，封王家族被阳雄灭族，瑕阴欲屠戮酒肆无辜修行者逼巴妥晨交隐藏气息法门）。东伯雪虎以虚空压迫令瑕阴女魔动弹不得，一招炸裂湮灭瑕阴女魔。阳雄降临愤怒吼""谁敢杀我女儿瑕阴""。东伯雪鹰淡然""是我""继续喝酒。",东伯雪鹰在荼花国酒肆击杀瑕阴女魔（欲屠戮无辜修行者），天柱王阳雄愤怒降临。
转世,变脸,人物心理、转折高潮,情感、高潮,"阳雄（光头老者，混沌境十层）认出东伯雪鹰（五相封禁术一招擒莫潮，自己实力最多相当或略不如），滔天杀意瞬间湮灭全身冰冷，瞬间变脸谄媚赔礼（为活命不在乎女儿死）。荼花国主（胖乎乎男子，花朵虚影）降临热情称东伯雪鹰""兄弟""（南云国主背后势力对小国碾压）。巴妥晨跪求东伯雪鹰（错过此次万劫不复），东伯雪鹰带巴妥晨离开（在荼花国不适合待）。",阳雄认出东伯雪鹰瞬间变脸谄媚赔礼，荼花国主热情相待，东伯雪鹰带巴妥晨离开荼花国。
转世,始祖古国,环境铺陈、人物引入,人物、设定,"东伯雪鹰带巴妥晨至夏风国都（律法森严，阳雄不敢来），巴妥晨拜入小宗派修行（苍氏子弟宗主，混沌境十层）。东伯雪鹰赴始祖古国极夜城（两位始祖：永夜始祖擅长炼制魔仆有九大宇宙神魔仆永夜九行者；极夜始祖本体血海生灵性一滴精血能脱胎换骨但绝对忠诚，麾下十五子及众多宇宙神），在极夜宫（界心大陆前五商会势力，信誉与樊氏并列第一）看虚界幻境秘宝""欲望之心""（黑色石头木杖，世界路线及欲望路线两条道路，一百六十亿最低价一百五十亿）。",东伯雪鹰送巴妥晨至夏风国都，赴始祖古国极夜城极夜宫看虚界幻境秘宝欲望之心（两条道路一百五十亿太贵）。
转世,八件秘宝,装备获取、情节推进,奖励,"东伯雪鹰在极夜宫看欲望之心（黑色石头木杖，世界路线及欲望路线，一百六十亿最低一百五十亿），认为两条道路同时施展者极少太贵。东伯雪鹰行走界心大陆查看八件秘宝（冰雪古国等），三个月后最终回荼花国看最后一件""魔心铃""（金色铃铛，""迷""及""世界""两条道路，一百六十亿最低一百五十亿）。东伯雪鹰决定选魔心铃（与欲望心铃都排第一序列，魔心铃还价空间大）。经三个月还价，东伯雪鹰凑一百三十六亿宇宙晶（八十亿赎金加四十亿功劳换加十亿莫潮宝物等加虫兽抵价）购得魔心铃。南云国主传音提醒樊氏来找帮忙千万别直接答应。",东伯雪鹰查看八件秘宝后选魔心铃（迷及世界两条道路），凑一百三十六亿宇宙晶购得，南云国主提醒樊氏来找别直接答应。
转世,入手,装备获取、悟道,修炼、奖励、爽点,东伯雪鹰在荼花国樊氏店铺以一百三十六亿宇宙晶购得魔心铃（管事热情交接），几乎掏光积累（仅剩三亿宇宙晶及两万功劳）。魔心铃两大招数：迷音（九层）及幻境世界（十层），东伯雪鹰因前世创出幻境世界，将世界招数推升到十层级数，迷音悟出八层借魔心铃达九层。两大手段结合（五相封禁术正面碾压，魔心铃灵魂攻击），东伯雪鹰实力大增（横扫混沌境十层，对宇宙神实力大损再面对五相封禁术有望镇压）。东伯雪鹰回南云国飞雪城，南云国主传音樊氏来找别直接答应。,东伯雪鹰以一百三十六亿购得魔心铃（迷音九层幻境世界十层），实力大增（横扫混沌境十层），南云国主传音提醒。
转世,上客卿,人物心理、伏笔埋设,伏笔、情感,"南云国主传音指导东伯雪鹰：若樊天宠来请帮忙，需索要""上客卿""身份及事成后一万大功（火莨主、窝枫国主也仅上客卿，一万大功可换一百亿宇宙晶或绝学秘传）。东伯雪鹰吃惊（混沌境索要上客卿），南云国主称牵扯夏风古国三大家族内部之争，让东伯雪鹰只管提条件他会撮成。东伯雪鹰回飞雪城陪父母姐姐吃喝聊天后闭关钻研魔心铃。三万余年后樊天宠来飞雪城，东伯雪鹰出关迎接。",南云国主指导东伯雪鹰向樊氏索要上客卿身份及一万大功（牵扯三大家族内部之争），东伯雪鹰闭关钻研魔心铃三万余年后樊天宠来。
转世,撕天大尊者,人物引入、转折高潮,人物、高潮,樊天宠来飞雪城请东伯雪鹰参与行动（没生命危险不超千年给十亿宇宙晶），东伯雪鹰提条件需上客卿身份及一万大功。樊天宠震惊（火莨主窝枫国主也仅上客卿，贪鹏帝君也仅客卿），称族内不可能答应，可给客卿身份及两千大功。东伯雪鹰坚持，樊天宠上禀师傅撕天大尊者（樊氏地位极高仅次樊祖几位大尊者之一，善统领主事，创百战魔神）。南云国主与撕天大尊传音谈判（樊氏连败五次三族之争，南云国主透露东伯雪鹰掌握虚界幻境十层招数），撕天大尊心动（五相封禁术配虚界幻境十层混沌境近乎无敌，绝对能胜）答应条件。樊天宠震惊族内答应，带东伯雪鹰赴夏风国都。,东伯雪鹰向樊天宠索要上客卿身份及一万大功，南云国主与撕天大尊谈判（东伯雪鹰掌握虚界幻境十层招数），撕天大尊答应，樊天宠带东伯雪鹰赴夏风国都。
转世,夏风国都,环境铺陈、人物引入,人物、设定,东伯雪鹰随樊天宠赴夏风国都（界心大陆第一大城池，律法森严），在樊氏魔山（连绵山脉范围媲美南云国都）住处与其他四位参加行动高手见面：萨隆王（冰原部落，披厚衣袍瘦小男子，纵横冰原部落击败宇宙神）、樊天云（雪白甲铠男子，樊天宠亲兄弟，樊氏核心子弟前五）、樊烈火（黑披风沉默男子，一刀鲜吃遍天）、樊一迁（青甲瘦弱男子，以力著称）、樊墨竹（少女，剑道直逼夏巫华）、樊三原（朴素灰袍男子，樊祖赐《无相妙法》，樊氏混沌境最强）。樊天云挑衅东伯雪鹰（外在国度者被排挤不甘）。,东伯雪鹰赴夏风国都樊氏魔山，与萨隆王及樊氏三位核心子弟（樊三原、樊墨竹、樊一迁）等五位高手见面，樊天云挑衅。
转世,樊氏的诱惑,设定展开、伏笔埋设,伏笔、设定,东伯雪鹰在樊氏魔山住处三天，了解樊氏客卿体系（门客最低完全遵命、客卿束缚大、上客卿相对自由、客卿长老等同元老仅樊祖能调遣如南云国主）。东伯雪鹰收上客卿身份令牌及卷轴（可换取宝物：巅峰秘宝二十万大功、《无相妙法》三十万大功、《浑源问道》十万大功需虚化极致入门、极夜始祖源血十万大功等）。萨隆王（冰原部落，纵横冰原击败宇宙神，樊氏客卿）与东伯雪鹰互相注意。奎辰君主（撕天大尊者左膀右臂，宇宙神，体表血色火焰）降临带五人去考教。,东伯雪鹰了解樊氏客卿体系及可换取宝物（巅峰秘宝、无相妙法、极夜始祖源血等），收上客卿令牌，奎辰君主降临带五人考教。
转世,飞雪上客卿,人物心理、转折高潮,情感、高潮,奎辰君主带东伯雪鹰等五人赴樊氏魔山禁地（巨大湖泊，湖底有吞云大尊樊祖坐骑吞云兽化身，奎辰君主称大尊）。吞云大尊化身（黑衣男子）声称樊氏连败五次三族之争（夏氏赢三次苍氏赢两次），元留下的源界神殿樊氏五次没进，这一次必须赢。吞云大尊化身考教：樊天云击溃六次化身，樊烈火击溃七次化身（十三刀），萨隆王击溃八次化身（冰原部落炼体恐怖加音波），东伯雪鹰击溃八次化身（五相封禁术一掌灭前七次，第八次连续六掌）。樊天云樊烈火被排挤无话可说。樊三原（樊氏最强混沌境，樊祖赐《无相妙法》）、樊墨竹、樊一迁三位核心子弟不服，樊一迁欲击败东伯雪鹰。,吞云大尊化身考教五人，东伯雪鹰以五相封禁术击溃八次化身（前七次一掌第八次六掌），樊天云樊烈火被排挤，樊一迁欲挑战东伯雪鹰。
转世,樊三原,人物心理、转折高潮,情感、高潮,"樊一迁击败萨隆王（施展禁术，冰原部落庭院范围太小无法躲避），樊一迁挑战东伯雪鹰。东伯雪鹰以魔心铃（迷音九层加幻境世界十层）一招令樊一迁中招沉迷（灵魂抵抗薄弱），一掌拍飞樊一迁脸啃泥。樊一迁出来后茫然""输了，心服口服""离去。樊三原（朴素灰袍男子，樊祖赐《无相妙法》，樊氏混沌境最强）及樊墨竹判断东伯雪鹰悄无声息击败樊一迁（非五相封禁术而是灵魂类秘术不亚于五相封禁术），再无交手之念。东伯雪鹰在宅院静室闭关，樊氏静室法阵能量滋养肉身灵魂（比飞雪城虚空神塔好太多）。",樊一迁击败萨隆王后挑战东伯雪鹰，东伯雪鹰以魔心铃一招令其沉迷脸啃泥，樊三原樊墨竹判断东伯雪鹰有灵魂类秘术不再挑战。
转世,一嘴泥,人物心理、转折高潮,情感、高潮,"樊三原樊墨竹见樊一迁出来茫然（输得心服口服），判断东伯雪鹰悄无声息击败樊一迁（非五相封禁术而是灵魂类秘术不亚于五相封禁术）。樊三原再无交手之念（修行者世界实力为尊被超越则敬重）。东伯雪鹰在宅院静室闭关回忆战斗收获（五相轮转寻找吞云大尊化身弱点），想到虚化法门""轮转""灵光涌现（何必强行融合就该轮转强弱随时变幻），以陌古将军鳞甲秘纹为根本将众多法门积累融为一炉悟出契机。东伯雪鹰悟出虚化极致（九道轮转方能不灭，天地灭而我不灭，除破开源世界樊笼威力伤不了），自创《九转不灭术》（混沌境创出匪夷所思）。悟出后虚空道有稍加修行就能突破宇宙神的感觉，但暂不突破（需参加三族之争）。",东伯雪鹰以魔心铃一招击败樊一迁，闭关回忆五相轮转灵光涌现，以陌古将军鳞甲为根本悟出虚化极致自创《九转不灭术》，暂不突破宇宙神。
转世,虚化极致,悟道、转折高潮,修炼、高潮、爽点,东伯雪鹰自创《九转不灭术》（虚化极致，九道轮转不灭，天地灭而我不灭，除破开源世界樊笼威力伤不了），悟出后虚空道有稍加修行就能突破宇宙神的感觉（五相封禁术加九转不灭术底蕴太浑厚）。东伯雪鹰暂不突破（需参加三族之争，突破就没资格参加），等三族之争结束后立即突破派遣分身返回家乡（思念妻子余靖秋、儿子东伯玉、女儿东伯青瑶）。东伯雪鹰在樊氏静室闭关回忆战斗收获，梵一迁等三位核心子弟不再来打扰。,东伯雪鹰自创九转不灭术（虚化极致）底蕴浑厚稍加修行就能突破宇宙神，暂不突破参加三族之争，思念家乡妻子儿女。
转世,三族之争,环境铺陈、人物引入,人物、设定,三族之争在夏风古国皇宫进行（樊祖、夏皇、苍帝三位无敌存在及众大尊观战）。夏皇（黑色华服男子，气息虚无缥缈如苍天俯瞰万民，夏风古国最高领袖让樊祖苍帝甘心辅佐）。三族之争规矩：三轮比试（第一轮心灵意志、第二轮分组搏杀、第三轮洞天世界考验），金鼎最多家族获胜获进入源界神殿机会（元所留，第二次古国战争争夺最重要宝物之一，夏风古国所得，三位老祖轮流进后给后辈大尊）。樊氏连败五次（夏氏赢三次苍氏赢两次），这次必须赢。夏氏六人（一位宇宙神加五位混沌境）、苍氏六人、樊氏五人（樊三原、樊墨竹、樊一迁、萨隆王、东伯雪鹰）到场。樊祖观察东伯雪鹰（曾拒绝其收徒，好奇其能耐）。,三族之争在夏风古国皇宫进行（樊祖夏皇苍帝观战），三轮比试金鼎最多家族获胜获进源界神殿机会，樊氏连败五次这次必须赢。
转世,接连倒下,转折高潮、人物心理,情感、高潮,第一轮心灵意志比拼（三大宇宙神同时施展幻境、琵琶声、笑声攻击十五位混沌境，抵抗时间越久越好，前三得金鼎）。樊一迁最先倒下（心灵意志偏弱暴戾狂暴），樊墨竹、萨隆王接连倒下。场上剩五位：东伯雪鹰、樊三原、夏法阳（夏氏最强妖孽，心相一道及法阵一道兼修，吞吸两百亿宇宙晶浑源精华）、夏巫华（夏氏绝世妖孽，剑道天赋，夏皇亲传弟子，投胎转世者前世宇宙神）、苍宣（苍氏，心灵圆满）。夏巫华倒下（剑道擅长红尘炼心但灵魂方面差些），樊三原倒下（无相妙法擅长心灵竟没进前三）。场上剩三位：东伯雪鹰、夏法阳、苍宣。,第一轮心灵意志比拼，樊一迁樊墨竹萨隆王夏巫华樊三原接连倒下，场上剩东伯雪鹰、夏法阳、苍宣三位。
转世,绝世天才们,人物心理、转折高潮,情感、高潮,三大宇宙神集中对付东伯雪鹰、夏法阳、苍宣三人。东伯雪鹰以虚界幻境大高手应对幻境最轻松，琵琶声让他沉睡感，笑声让心灵狂躁混乱。苍宣先倒下（蒙元师赐下法门心灵圆满），东伯雪鹰也倒下（三大招数威力提升打破承受极限，心灵世界一片黑暗失去意识）。夏法阳第一（心相一道混沌境极致加法阵一道加两百亿浑源精华），东伯雪鹰第二（虚界幻境混沌境极致加灵魂吸收外界神秘气息），苍宣第三（蒙元师赐法门心灵圆满，入门后勉强可堪造就）。夏氏暂得三金鼎，樊氏两金鼎，苍氏一金鼎。,三大宇宙神集中攻击，苍宣先倒下东伯雪鹰后倒下，夏法阳第一东伯雪鹰第二苍宣第三，夏氏暂得三金鼎樊氏两金鼎苍氏一金鼎。
转世,夏氏赢了,转折高潮、战斗描写,战斗、高潮,第二轮分组搏杀（十五人分五组，每组夏氏樊氏苍氏各一位，胜者得一金鼎）。第一组夏巫华胜萨隆王（萨隆王波动道杀戮道兼身仍败于夏巫华剑道，夏皇挪移萨隆王出战台）。第二组夏程远胜（夏皇所创《大道歌》练成，吟唱无形波动束缚苍乙咏樊三原送出战台，夏氏低调妖孽）。第三组东伯雪鹰、夏法阳、苍郢。东伯雪鹰以魔心铃（迷音加幻境世界）及五相封禁术击败夏法阳（法阵一道造诣不够破不开五相封禁空间，被大手抓出战台），苍郢同时遭东伯雪鹰及夏法阳灵魂招数瞬间沉迷被送出。夏氏连赢两组优势大。,第二轮分组搏杀，夏巫华胜萨隆王，夏程远练成大道歌胜，东伯雪鹰以魔心铃及五相封禁术击败夏法阳，夏氏连赢两组优势大。
转世,欺负人,战斗描写、转折高潮,战斗、高潮,东伯雪鹰以魔心铃（迷音九层加幻境世界十层）同时施灵魂招数令苍郢瞬间沉迷，以五相封禁术（五相珠五道蒙蒙光芒大手掌）抓出夏法阳（法阵一道造诣不够破不开五相封禁空间）。夏法阳败（心相一道法阵一道兼修夏氏混沌境第一，输得不冤）。在场宾客震惊（南云国小家伙击败夏氏最强妖孽）。东伯雪鹰轻松回位（九转不灭术若施展任凭夏法阳施展招数都伤不了，欺负后辈感觉）。东伯雪鹰混沌境已无敌（五相封禁术正面碾压加魔心铃灵魂攻击加九转不灭术虚化极致）。,东伯雪鹰以魔心铃及五相封禁术击败夏法阳（夏氏最强妖孽），混沌境已无敌（五相封禁术加魔心铃加九转不灭术）。
转世,最后一轮,转折高潮、设定揭示,揭示、设定、高潮,第四组苍宣（宣将军）胜（紫色光华领域十层巅峰越来越强，击败樊一迁及夏静芝）。第五组樊墨竹胜。第二轮结束：夏氏赢两组（五金鼎）、樊氏赢两组（四金鼎）、苍氏赢一组（两金鼎）。第三轮最后一轮：十五位混沌境各入一座洞天世界，夏皇降下一波波敌人，击溃第一波得一金鼎依次下去，击溃九波为九金鼎（历史上最厉害仅击溃四波）。樊氏出场顺序：萨隆王、樊三原、应山雪鹰、樊一迁、樊墨竹。奎辰君主急切传音东伯雪鹰希望赢下三波敌人。,第三轮洞天世界考验（击溃一波得一金鼎，历史上最厉害仅四波），樊氏需东伯雪鹰赢下三波敌人，十五人各入洞天世界。
转世,挪移,战斗描写、转折高潮,战斗、高潮,第一波三名银甲士兵（元神宫十层实力），东伯雪鹰以魔心铃瞬间灭杀（银甲士兵意识弱灵魂保护弱）。萨隆王艰难搏杀火焰银甲士兵（冰冥卷被火焰克制）剩两成生命力击溃第一波。十五人中十一人扛过第一波（樊氏五人全过），四位被挪移出。第二波两名银甲士兵（云团束缚加雷霆狂劈，云雷相生），萨隆王、樊墨竹、樊三原等接连被挪移出。东伯雪鹰以五相封禁术及魔心铃轻松灭杀第二波。夏氏夏法阳、夏程远、夏巫华及苍氏苍宣也胜第二波。五位赢下第二波（历史上仅两三个为常态）。,东伯雪鹰以魔心铃及五相封禁术轻松胜前两波，萨隆王等樊氏四人被挪移出，五位赢下第二波（东伯雪鹰、夏法阳、夏程远、夏巫华、苍宣）。
转世,樊祖传音,转折高潮、伏笔埋设,伏笔、高潮,第三波一名银甲士兵施《七色火》（理论比五相封禁术更强，众界古国有宇宙神擅长），东伯雪鹰以魔心铃影响其无法施展完整火焰环，以五相封禁术与七色火焰搏杀艰难获胜。夏巫华被挪移出（剑道不擅长扛雷霆），夏程远被挪移出（大道歌扛不住完整七色火环），夏法阳被挪移出（心相削弱七色火但法阵支离破碎）。东伯雪鹰及苍宣胜第三波。夏氏累计十二金鼎，樊氏需东伯雪鹰赢下第四波才平手。樊祖传音东伯雪鹰：赢下第四波加一万大功，第五波加两万大功（共三万大功）。,第三波七色火，夏氏三位接连被挪移出，东伯雪鹰及苍宣胜第三波，樊祖传音东伯雪鹰赢下第四波加一万大功第五波加两万大功。
转世,落幕（上）,转折高潮、战斗描写,战斗、高潮,东伯雪鹰胜第三波（魔心铃影响七色火不完整，五相封禁术艰难获胜）。苍宣也胜第三波（紫色光华领域十层巅峰护体硬抗完整七色火环，历史上从未出现的最强护体法门，蒙元师赐法门）。第四波金甲士兵施冰冷冻结（时空冻结，宇宙神借助秘宝招数），苍宣一个呼吸被挪移出（伤势极重）。东伯雪鹰以九转不灭术（虚化极致融入虚空本质，冰冷伤不了丝毫），仔细查看敌人招数（冰冷死寂意境），连显化外界身影都消失（虚化极致绝对消失宇宙神都查不出）。,东伯雪鹰以魔心铃及五相封禁术胜第三波，苍宣以紫色光华护体硬抗七色火环胜第三波，第四波冰冷冻结苍宣被挪移出，东伯雪鹰以九转不灭术消失。
转世,落幕（下）,转折高潮、人物心理,情感、高潮,"东伯雪鹰以九转不灭术融入虚空本质，漫步到金甲士兵旁边，以五相封禁术一招灭杀（措手不及来不及抵挡）。从虚无中显现，樊氏众人大喜（撕天大尊敬酒），夏氏苍氏震惊（虚化极致混沌境练成匪夷所思，判定东伯雪鹰为投胎转世者前世极强宇宙神）。夏皇降下第五波两名金甲士兵，东伯雪鹰以赤云神枪附五相封禁术砸灭（一下一个）。东伯雪鹰赢下第五波走出洞天（不必继续出风头），撕天大尊亲自敬酒（认定东伯雪鹰投胎转世者前世极强）。撕天大尊传音问虚化极致法门是自己所创还是前世源世界强者所创，东伯雪鹰称""机缘下得到""。",东伯雪鹰以九转不灭术消失后以五相封禁术一招灭杀第四波，以赤云神枪附五相封禁术灭第五波，樊氏获胜，撕天大尊敬酒认定其为投胎转世者。
转世,公平交换,人物心理、伏笔埋设,伏笔、情感,"三族之争结束，夏风古国众宇宙神宾客结交东伯雪鹰（烟狐尊者等相邀论道，将东伯雪鹰当同层次投胎转世强者看待）。撕天大尊者带东伯雪鹰回樊氏魔山焚心神树（深紫色低矮粗壮大树，第一次古国战争前樊祖抢夺，焚心即灵魂灼烧助心灵超然，樊祖在此完善《无相妙法》）。撕天大尊者准东伯雪鹰在焚心神树下修行一年半载（灵魂滋养约两成，焚心对灵魂方面修行有大助益），欲以焚心神树诱惑东伯雪鹰交换混沌境虚化极致法门（公平交换，巅峰秘宝或焚心神树长期修行等皆可谈）。东伯雪鹰称有些法门修行时受限制不可外传，""能外传的先想想""（九转不灭术为自己所创可交换但现在不是时候）。",东伯雪鹰结交夏风古国众宇宙神，撕天大尊带其在焚心神树下修行，欲以焚心神树诱惑交换虚化极致法门，东伯雪鹰暂称想想。
转世,大破界传送术,设定揭示、伏笔埋设,伏笔、揭示、设定,南云国主在国都得知东伯雪鹰虚化极致震撼（混沌境施展虚化极致好深底蕴，判定其前世定是宇宙神），思考其拜自己为师原因（宝物？自由？不愿掺和古国争斗？），不再将其当后辈而是修行接近的强大存在，承诺南云圣宗所有典籍尽可翻阅能帮尽量帮。东伯雪鹰金衣分身在飞雪别院研究《大破界传送术》（了解两个分身在不同源世界能否生出感应），发现不同源世界至高规则不同距离遥远，两分身感应很难（强大分身感应强，弱分身感应弱）。东伯雪鹰计划成宇宙神后派分身回乡，若无法感应记忆交流则让界心大陆分身灵魂尽量强吞浑源精华，还不行就短时间修行时间一长先沉睡（防意识分裂）。,南云国主震撼东伯雪鹰虚化极致不再当后辈，东伯雪鹰研究大破界传送术了解两分身不同源世界感应情况，计划成宇宙神后派分身回乡防意识分裂。
转世,焚心神树下悟道（本篇终）,悟道、转折高潮,修炼、高潮、爽点,东伯雪鹰在焚心神树下修行（灵魂滋养约两成持续近七个月），全力参悟虚界幻境有灵魂灼烧感，越是灼烧心灵越超然空灵，灵光涌现发现虚界幻境诸多不足之处（心境达超然无喜无悲更高层次，以更高层次俯瞰剖析心灵推演虚界幻境，焚心神树对灵魂方面帮助最夸张）。贪鹏帝君及淳御帝君来飞雪别院找东伯雪鹰（师弟出关便不再是王爷而是帝君了，暗示将成宇宙神）。东伯雪鹰在焚心神树下修行九个月，虚界幻境突破宇宙神层次（对规则领悟达宇宙神层次，本打算虚空道突破但焚心神树机会难得倾力虚界幻境竟先突破），起身回住处准备正式突破成宇宙神（等太久了）。第三十三篇至此完整收官。,东伯雪鹰在焚心神树下修行九个月，心灵达超然更高层次，虚界幻境突破宇宙神层次，起身回住处准备正式突破成宇宙神，本篇终。
宇宙神,一念宇宙生,转折高潮、设定揭示,揭示、设定、高潮,"东伯雪鹰（应山雪鹰，化名飞雪）在樊氏魔山洞府闭关，以自悟""幻境世界""规则为根本重新架构灵魂，灵魂蜕变跨入修行终极境界——宇宙神。宇宙神分三个层次，混沌虚空中天愚老祖、虚空始祖等为第一层次，圣主为第三层次，界心大陆樊祖、夏皇等无敌存在亦为第三层次但借助秘宝可越阶而战。东伯雪鹰体内微型宇宙在幻境世界规则下衍变为""虚界宇宙""（非绝对真实宇宙，比寻常宇宙神的真实宇宙大万倍，可万倍时间流速，可将虚界宇宙生命物品降临真实）。东伯雪鹰感悟徒弟邢火荀一沉沦幻境世界之事，确认""幻境""这条路最终能让幻境中一切化作真实。体内宇宙衍变吞吸天地之力令樊氏魔山震荡，撕天大尊者感应到突破动静。","东伯雪鹰以虚界幻境""幻境世界""突破宇宙神，体内衍生虚界宇宙（大万倍、万倍时间流速、可降临真实），撕天大尊感应到动静。"
宇宙神,天潼神主,设定展开、装备获取,奖励、设定,"东伯雪鹰出关见撕天大尊，撕天大尊察觉其气息似幻似真，东伯雪鹰称多亏焚心神树突破。东伯雪鹰赴焚心神树修行一年期满离去。两大分身参悟虚空一脉（南云圣十二式、赤云战法、五相封禁术、九转不灭术等积累浑厚，一修炼即突破）。南云国主一分身赴覆云国找天潼神主（宇宙神第三层次，第一次古国战争被樊祖重创后销声匿迹，缺少适合秘宝），以珍贵残图换取秘宝""魔皇袍""（虚界幻境""幻境世界""""灵魂""两脉融合的宇宙神秘宝，上一任主人魔皇死后手下仍悍不畏死）。南云国主称有了魔皇袍，东伯雪鹰借助五相珠可将五相封禁术发挥到圆满，有了一个真正的帮手。",东伯雪鹰焚心神树修行一年期满，南云国主以珍贵残图与天潼神主换取魔皇袍（虚界幻境宇宙神秘宝）赠予东伯雪鹰。
宇宙神,通往无敌之路,悟道、设定揭示,修炼、揭示、设定、爽点,东伯雪鹰回飞雪别院闭关三年，虚空道一脉因积累浑厚，九脉中六脉一气呵成突破至终极达宇宙神境界（传出去足以惊呆无数强者）。虚空道九脉中任何一脉达到终极即成就宇宙神，南云国主也是跨入宇宙神第二层次后才尽皆悟出九脉。东伯雪鹰因创出九转不灭术，混沌境就悟出九脉，九脉相辅相成形成完美整体。但九脉悟出仅宇宙神第一层次，须不同两条道路融合为一方为宇宙神第二层次，九条道路完全融合为一化为虚空道大圆满方为宇宙神第三层次。南云国主九脉悟出但融合仅七道。东伯雪鹰将南云圣体推升至第十一层，施展破苍穹轰出手指头大小孔洞，破开源世界樊笼逸散浑源之力，运转分身术法门吸收。南云国主感应到破苍穹动静。,东伯雪鹰闭关三年虚空道六脉突破至终极，将南云圣体推升至第十一层，施展破苍穹破开源世界樊笼吸收浑源之力修炼分身术。
宇宙神,九大分身,设定展开、悟道,修炼、设定、爽点,"东伯雪鹰将分身术修炼至九分身（宇宙神第二层圆满可达10081个分身，维持巅峰实力最多九个）。万界楼主分身无数因杀一个仍能迅速修炼。东伯雪鹰九个分身中界心令能量在金衣分身灵魂中，计划该分身返回家乡。东伯雪鹰出关赴皇宫见南云国主，南云国主赠予魔皇袍（为得到魔皇袍花了大力气，以珍贵残图与天潼神主交换）。东伯雪鹰炼化魔皇袍，感受到虚界幻境""世界""""灵魂""两脉融合的恐怖威能（针对灵魂，秘宝护不住灵魂）。东伯雪鹰提出将《九转不灭术》卖给樊氏、夏氏等，南云国主认为能外传且价值高需好好思量不能卖亏。",东伯雪鹰将分身术修炼至九大分身，南云国主赠予魔皇袍，东伯雪鹰提出将《九转不灭术》卖给各大古国换取虚空道、虚界道顶尖秘传。
宇宙神,夏皇到来,人物引入、设定揭示,人物、揭示、设定,南云国主分析六大古国中冰雪古国三位无敌存在皆炼体、月花摩天古国底蕴弱、始祖古国无适合秘传，要得到虚空道、虚界道顶尖秘传须找夏风古国或众界古国。南云国主因靠近夏风古国须先与夏风古国谈判。夏风古国三大家族中夏氏大尊数量及天才数量力压其他两大家族。夏皇（界心大陆最恐怖存在，将虚空道、火焰道都达到终极大圆满，兼修其他道）降临晋云殿，南云国主以东伯雪鹰愿将九转不灭术卖于夏风古国为由接待。夏皇称界心大陆混沌境虚化极致法门有他与众界古国漂泊者所创两门，东伯雪鹰所创为第三门。夏皇翻看《九转不灭术》原本称虚空道九脉兼修结合简洁巧妙，比他和漂泊者所创都复杂了些。,夏皇降临，翻看《九转不灭术》称其虚空道九脉兼修简洁巧妙，是界心大陆第三门混沌境虚化极致法门。
宇宙神,两大秘传,设定展开、悟道,修炼、设定、爽点,夏皇评价《九转不灭术》虽简洁巧妙但修行难度依旧极高（九脉兼修太难），优势是让混沌境就能对九脉有所参悟。夏风古国三大家族以三十万大功买下（禁止外传其他势力），若外传则减半为十五万大功。东伯雪鹰查看可换取秘传宝物名单，选中夏皇所创《浑源问道》（利用轰破源世界樊笼外界浑源之力的虚空道法门，同层次最强，仅两层小成大成，宇宙神二层即可有望大成，十万大功）及樊祖所创《心界》（虚界最强典籍，宇宙神二层，八万大功），共十八万大功。东伯雪鹰选择外传其他古国（十五万大功+樊氏四万大功=十九万大功，换两大秘传剩一万大功）。南云国主传音劝东伯雪鹰换宝物（巅峰秘宝），东伯雪鹰称不急，最重视家乡，巅峰秘宝无法带回去。,夏风古国以三十万大功买下《九转不灭术》（禁止外传），东伯雪鹰换取《浑源问道》（十万大功）及《心界》（八万大功）两大秘传。
宇宙神,缘分,情感展现、人物引入,人物、情感,东伯雪鹰赴夏风国都学《心界》（樊氏魔山）及《浑源问道》（夏风古国皇宫）。在夏风国都感应到因果，发现藏风谷牢狱中巴妥晨（荼花国巴妥氏幸存者，被东伯雪鹰救下送到夏风古国后得罪海公子甫琊海被囚禁）。东伯雪鹰以破界传送术打开通道救出巴妥晨，巴妥晨灵魂中另一存在（感应到东伯雪鹰威胁完全屏息）建议巴妥晨离开。黑衣壮汉率守卫围攻，东伯雪鹰以虚界幻境令其自抽鞭子。撕天大尊亲来接待，藏风谷牢狱最高层（宇宙神等）紧张出现行礼。东伯雪鹰送巴妥晨至众界古国无限城（秩序最好远离夏风古国），巴妥晨灵魂中存在建议去混乱之地成长，巴妥晨离开无限城。东伯雪鹰在樊氏魔山学得《心界》，赴夏风国都皇宫石柱内接受《浑源问道》传授（石柱撕裂源世界樊笼涌入浑源之力，受至高规则限制需大量浑源之力方能传授）。,东伯雪鹰救出巴妥晨送至众界古国无限城（巴妥晨灵魂中有神秘存在），在樊氏学《心界》，在夏风皇宫石柱内学《浑源问道》。
宇宙神,回家,转折高潮、情感展现,情感、高潮,海公子甫琊海被师傅碧蛇君主（樊氏宇宙神）训诫，碧蛇君主称应山雪鹰实力难测恐自己不是对手，命海公子若再对付巴妥晨须做得干净不留痕迹。东伯雪鹰在飞雪城虚空神塔内激发界心令能量（剩下一半），护送灵魂核心最纯粹一缕真灵返回家乡混沌虚空（金衣肉身分解，青衣分身留下）。真灵在更高层神秘空间前进，感觉到大恐惧，与界心大陆分身记忆相连逐渐吃力。东伯雪鹰感觉到熟悉波动——家乡源世界混沌虚空，一缕真灵冲进混沌虚空，激动澎湃称终于回来了。,东伯雪鹰激发界心令能量护送一缕真灵返回家乡混沌虚空，途中与界心大陆分身记忆相连逐渐吃力，最终冲进混沌虚空。
宇宙神,投胎炫星界,环境铺陈、转折高潮,设定、高潮,东伯雪鹰真灵被送进一个胚胎（一出生即为超凡生命，父母为界神真神级数），真灵与胚胎融合后失去意识（遵循至高规则运转投胎转世，需得到至高规则允许，樊祖、南云国主等都无法靠自身做到，东伯雪鹰靠界心令能量，一来一回消耗殆尽再无第二次）。炫星界（原始古圣界较小碎片被卷入混沌虚空漩涡深处）中谢一宇（黑袍男子，真神尊者，黑天宗弟子）与崔琴（白衣女子，普通真神，天镜阁弟子）乘飞舟赶回黑天宗，金角老魔（真神主宰）追杀欲夺虚空神兵。谢一宇为保护妻儿决定缠住金角老魔让崔琴逃命，抚摸妻子腹部告别后化作剑光冲向金角老魔。东伯雪鹰意识在胚胎中苏醒（超凡生命层次胚胎发育到后期），感应到界心大陆分身存在，意识借助虚空笼罩整个炫星界，发现父母遇到麻烦。,东伯雪鹰真灵投胎转世至炫星界谢一宇崔琴之子，意识苏醒后感应到界心大陆分身，发现父母被金角老魔追杀。
宇宙神,黑天宗,矛盾爆发、情感展现,冲突、情感,东伯雪鹰以因果探查发现父母身份及金角老魔因果罪孽，以虚界幻境宇宙神实力轻易探查金角老魔记忆。金角老魔被东伯雪鹰以念头灭杀（在虚界宇宙中将物品化作真实远贵于真神主宰物品），逃窜中被无声湮灭。谢一宇师傅符云长老（黑天宗）赶到救下谢一宇。谢一宇崔琴夫妇因黑天宗与天镜阁（开派祖师为死敌）世代仇怨却结为夫妇是大罪，被罚永驻黑煞峰（帮宗派炼制宝物兵器，唯有突破虚空神方可离开）。东伯雪鹰在母亲体内加速出生。第三个月崔琴生下一男孩（出生即超凡生命），整个黑天宗不知此男孩对黑天宗意味着什么。,东伯雪鹰以念头灭杀金角老魔，符云长老救下谢一宇，夫妇被罚永驻黑煞峰，东伯雪鹰出生即超凡生命。
宇宙神,我回来了,转折高潮、悟道,修炼、高潮、爽点,东伯雪鹰在黑煞峰小院分出化身，本体赴混沌虚空恢复宇宙神实力（吸收天地之力从超凡升至宇宙神，体内演变为虚界宇宙）。东伯雪鹰修炼《浑源问道》浑源炼体（门槛极高：虚化极致+破开樊笼+虚空道八脉达宇宙神境界），浑源炼体需漫长时间。修炼分身术（破开樊笼孔洞仅手指头大小，吸收浑源之力浓度不够，仅将分身术第一层练成——两个分身）。东伯雪鹰感慨南云国主所创分身术不如赤眉山主、万界楼主那一脉优秀（那一脉门槛低且分身过万），怀疑是虚空道宇宙神第三层次存在所创。东伯雪鹰返回炫星界留一分身修行（报投胎生身父母之恩），本体前往查探家乡情况，却发现七星海圣界不见了，一片虚无。,东伯雪鹰在混沌虚空恢复宇宙神实力，修炼分身术第一层（两个分身），前往查探家乡却发现七星海圣界消失。
宇宙神,查探,悬念设置、设定揭示,伏笔、揭示、设定,东伯雪鹰震惊七星海圣界消失，意识笼罩周围宇宙确认位置无误。前往东麟圣界确认安好，进入一座大城东麟殿分殿以三彩金线石（虚界宇宙孕育）换取情报。情报显示：圣主擒拿下太虚天宫虚界殿主东伯雪鹰命陨古圣界，三千万年后圣主偷袭太虚天宫，巫祖界祖等参战，圣主癫狂令整个七星海圣界完全粉碎，太虚天宫、始祖岛、瑶光圣境迁移部分子民，圣主活捉部分太虚天宫子弟。东伯雪鹰推测圣主偷袭太虚天宫与剑主或自己有关，决定暗中查清妻儿情况，暂不公开身份（灵魂气息有区别，九转不灭术可完美收敛气息）。,东伯雪鹰在东麟殿换取情报得知圣主摧毁七星海圣界、偷袭太虚天宫活捉子弟，决定暗中查清妻儿情况不公开身份。
宇宙神,我是东伯雪鹰,转折高潮、情感展现,情感、高潮,东伯雪鹰在东麟圣界太虚天宫天水城以虚界幻境控制天水殿主化身（五相封禁隔绝），天水殿主颓废喝酒内疚未能保护东伯雪鹰妻子。东伯雪鹰询问圣主偷袭太虚天宫损失：活捉四位殿主中牵翼殿主、魔祖被杀，核心弟子死三成，余靖秋被圣主第一个活捉关押古圣界火狱苦海受折磨逼破界传送术。东伯玉在巫祖门下修行，东伯青瑶在剑主门下修行，邢火荀一未死。东伯雪鹰心痛愤怒，揭开面具表明身份，让天水殿主告知天愚老祖。,东伯雪鹰以虚界幻境控制天水殿主得知牵翼殿主、魔祖被杀、余靖秋被囚禁古圣界火狱，揭开面具表明身份。
宇宙神,雪鹰回来了？,悬念设置、转折高潮,伏笔、高潮,东伯雪鹰出东麟圣界前往九云大陆，以虚界幻境控制古圣教在九云大陆的主事人沧复圣者（混沌境八层，古修一脉有七大分身），获取古圣界详细情报及妻子关押位置。天水殿主清醒后前往天愚老祖处告知东伯雪鹰归来之事，天愚老祖又惊喜又怀疑（余靖秋曾告知界心令之事），担心东伯雪鹰莽撞去古圣界送死。天愚老祖联系剑主、刀皇、虚空始祖，商议救援。石老怪曾因东伯雪鹰之死与圣主大战两败俱伤（古圣化身积累消耗殆尽，石老怪重伤沉睡），界祖背后有石老怪。,东伯雪鹰控制沧复圣者获取古圣界情报，天水殿主告知天愚老祖东伯雪鹰归来，天愚老祖联系四大宇宙神商议救援。
宇宙神,浑源炼体,悟道、伏笔埋设,伏笔、修炼、爽点,天愚老祖、剑主、刀皇、虚空始祖四位宇宙神聚集，商议救援东伯雪鹰。虚空始祖、剑主、刀皇寻踪查探皆无法发现东伯雪鹰（灵魂吸收浑源之力蜕变，大多数寻踪方法无效），认定东伯雪鹰实力大进且有几分把握才敢闯古圣界。六大圣地及万古圣界做好准备，巫祖、界祖、刀皇、剑主随时准备杀进古圣界，虚空始祖施展破界传送术时刻监察古圣界。东伯雪鹰在混沌虚空大石上修炼浑源炼体，判断直接闯古圣界成功希望不足一成，练成浑源炼体第一层有八成把握（不知圣主未知手段）。一拳轰出八个空间交错，中心出现米粒大小黑色窟窿逸散浑源之力，运转浑源炼体法门吸收。,四大宇宙神商议救援东伯雪鹰，东伯雪鹰闭关修炼浑源炼体第一层（有八成把握救妻），吸收浑源之力。
宇宙神,潜入古圣界,转折高潮、设定揭示,揭示、设定、高潮,东伯雪鹰闭关一亿八千万年练成浑源炼体第一层（肉身媲美寻常宇宙神二层炼体强者，破开樊笼孔洞更大），将分身术修炼至第二层（九大分身，另有一分身在炫星界）。东伯雪鹰透过破界传送术遥看东伯青瑶（剑主门下修行）、东伯玉（巫祖门下修行），出发前往古圣界。古圣界中央有古圣塔（迸发黑色光芒笼罩整个古圣界，令所有生灵对圣主忠诚），古圣化身在塔内潜修蓄积本源之力。东伯雪鹰维持虚化极致潜入古圣界（从守卫身体内穿过无察觉），发现圣主在宫殿黑石床上盘膝而坐（容貌偏中性圣洁，达宇宙神究极境朝执掌至高规则前进），妻子余靖秋关押在宫殿前广场下方火狱。东伯雪鹰不断下潜穿过火狱层层法阵，找到第三千五百一十一层苦海最弱一层漂浮的余靖秋。,东伯雪鹰练成浑源炼体第一层及九大分身，维持虚化极致潜入古圣界找到火狱苦海中漂浮的余靖秋。
宇宙神,东伯雪鹰的手段,战斗描写、转折高潮,战斗、高潮,"东伯雪鹰将苦海漂浮六道身影（含余靖秋）收入洞天宝物，圣主领域威压席卷火狱令东伯雪鹰显形。东伯雪鹰以浑源战法（虚空道天相地相相连，世界如画镇压灭绝）灭杀圣主凝聚的白色纱衣化身。施展五相封禁术笼罩火狱近一半（约一千九百层），令其消失无踪（空间隔绝，九云帝君手段）。东伯雪鹰将约一千九百层火狱收入洞天宝物。虚空始祖在东麟圣界刀皇城化身窥伺发现余靖秋等消失，传音召集刀皇、剑主、天愚老祖、巫祖、界祖。虚空始祖从东伯雪鹰施展的虚空道手段判断其虚空道造诣超过自己，认定就是东伯雪鹰。圣主以领域发现空间隔绝那""一点""轰击，封禁空间支离破碎。",东伯雪鹰以浑源战法灭杀圣主化身，以五相封禁术空间隔绝囚禁约一千九百层火狱救出余靖秋，虚空始祖等认定其为东伯雪鹰。
宇宙神,圣主的真身,设定揭示、转折高潮,揭示、设定、高潮,圣主破开封禁空间杀入，东伯雪鹰已将火狱收入洞天宝物。圣主手持古旧斑驳长矛（古圣塔威能汇聚于长矛），一矛刺中东伯雪鹰胸膛仅破开皮肉（浑源之体媲美宇宙神二层炼体+虚化极致）。巫祖、界祖、刀皇、剑主、天愚老祖、虚空始祖窥伺观战震惊其肉身恐怖。圣主全身气息变化，皮肤出现鳞甲，东伯雪鹰认出——毁灭魔族！东伯雪鹰震惊（原始古圣界破碎后才诞生毁灭魔族，圣主在原始古圣界最早期就存在），推测圣主是之前某个时代的毁灭魔族。圣主追杀东伯雪鹰，东伯雪鹰无法瞬移（古圣界范围内圣主领域冻结虚空），只能飞行。,圣主破封禁空间追杀东伯雪鹰，长矛仅破皮肉（浑源之体），圣主显现毁灭魔族真身（鳞甲），东伯雪鹰推测其为上一时代毁灭魔族。
宇宙神,追错了！,战斗描写、转折高潮,战斗、高潮,"圣主以毁灭魔族真身（鳞甲秘纹亮起，毁灭气息暴涨）追杀东伯雪鹰，古旧斑驳长矛撕裂源世界樊笼。东伯雪鹰以浑源战法""万千世界生""（成千上万层世界如画）抵挡，长矛层层贯穿；以赤云战法虚空扭转避让，一矛刺入肩部（故意扩大伤口摆脱）。东伯雪鹰以五相封禁术分三路遁逃（三大分身一模一样气息招数相同），圣主追错分身。东伯雪鹰洞天宝物内还有五大分身。圣主以古圣界力量凝聚两尊化身阻拦另两分身，东伯雪鹰三大分身各施五相封禁术困住圣主及两尊化身。界祖、刀皇、巫祖、剑主四大宇宙神（宇宙神二层巅峰）从古圣界高空临近混沌虚空处出现出招。",东伯雪鹰以万千世界、赤云战法、五相封禁术与圣主周旋，三大分身分三路遁逃圣主追错，界祖刀皇巫祖剑主四大宇宙神杀入古圣界。
宇宙神,终团聚,转折高潮、情感展现,情感、高潮,界祖一双大手降临，剑主拔剑剑光纵横亿万里，刀皇挥出璀璨刀光，巫祖酝酿庞大法阵笼罩古圣界上空。圣主见状脸色难看（剑主刀皇攻击直逼宇宙神三层，巫祖手段全面，界祖肉身强横石老怪教导）。东伯雪鹰三大分身继续遁逃，巫祖法阵领域排斥古圣界世界之力令东伯雪鹰虚空扭转（短距离瞬移）来到界祖等身边。东伯雪鹰传音确认身份，众人潇洒离去（虚空始祖打开破界传送术通道）。刀皇城沧湖宫内，东伯雪鹰揭开面具以毁灭之花（九叶花，虚界道杀戮道融合九层招数）验证身份，天愚老祖、刀皇等确认东伯雪鹰归来。东伯雪鹰解释界心令投胎转世至另一个源世界。东伯玉（巫祖门下合一境）、东伯青瑶（剑主门下）被召至刀皇城沧湖宫，见到父母东伯雪鹰、余靖秋，一家团聚。,界祖刀皇巫祖剑主四大宇宙神联手支援，巫祖领域令东伯雪鹰虚空扭转逃脱，东伯雪鹰以毁灭之花验证身份，与东伯玉东伯青瑶一家团聚。
宇宙神,石老怪现身,设定揭示、核心伏笔,伏笔、揭示、设定,东伯雪鹰成为宇宙神之事暂且保密。界祖化身赴原始太阳星（火焰海洋中巨大火焰星辰）通知师傅石老怪（庞大黑影占据原始太阳星三分之一，暗黄色眼眸）。石老怪得知东伯雪鹰没死借界心令去了界心大陆大笑，赴刀皇城沧湖宫。石老怪（驼背拄拐杖瘦小老者）直接现身（古圣界也进出随意），巫祖刀皇等感到压迫感。石老怪曾欲收东伯雪鹰为徒（因朱魇传承创出朱魇第十变），惜已去界心大陆。石老怪揭示：曾与圣主大战（杀过去古圣化身积累消耗殆尽），因东伯雪鹰之死出手捏死赤眉山主。石老怪是炼体一脉达到宇宙神究极境，欲以一己之力破开源世界跨入另一层次（求己）；圣主是毁灭魔族之身达到宇宙神究极境，欲执掌至高规则。两人走不同路互不愿对方成功，石老怪关键时刻暗中出手（如原始古圣界破碎）。石老怪称圣主这一时代成功希望渺茫，已在谋划下个时代。,石老怪现身确认东伯雪鹰身份，揭示曾与圣主大战消耗古圣化身、杀死赤眉山主，两大究极境各走不同路互不愿对方成功。
宇宙神,一缕波动,设定揭示、核心伏笔,伏笔、揭示、设定,石老怪预言混沌虚空大破灭（混沌虚空膨胀越来越快，毁灭魔族诞生越来越多，大毁灭之日比预估快得多），预估在十五万亿年到二十万亿年之间。在场宇宙神大惊（东伯雪鹰耗费万亿年才成宇宙神，剑主近二十万亿年达到宇宙神二层巅峰）。东伯雪鹰询问大破界传送术带人离开可行性，石老怪称带人大破界传送难度极高且离开后被排斥压制。巫祖询问洞天宝物等携带他人扛过大破灭，石老怪称不可能（至高规则裹挟一切生命湮灭，除非躲到源世界之外至高规则无法触及之地）。石老怪称东伯雪鹰、剑主有一线希望，随后离去继续沉睡。圣主在古圣界静心修行谋划下个时代。界心大陆南云国飞雪帝君名震黑魔四国，东伯雪鹰一直修行。一缕无形波动扫过界心大陆，东伯雪鹰心悸恐惧。,石老怪预言大破灭十五万亿到二十万亿年到来，称东伯雪鹰与剑主有一线希望，界心大陆一缕波动扫过令东伯雪鹰恐惧。
宇宙神,那一座神宫,设定揭示、伏笔埋设,伏笔、揭示、设定,东伯雪鹰感应波动范围无边无际，猜测是界心神宫。夏风古国苍帝城乱发男子（背神剑）、碧绿衣袍女子等六大古国强者生感应。白袍男子（王座下方水流奔腾）称仅开启外城。东伯雪鹰赴南云国都见南云国主，确认是界心神宫（以大陆名为名，处于黑狱阴海中央地底极深处，界心大陆一切混乱神奇源头，第一次第二次古国战争皆因它）。界心神宫分内城外城，内城开启时无敌存在们杀进去，外城仅三十九个名额。六大古国垄断名额，夏风古国占十二个名额（三大家族内部各两个=六个，夏皇苍帝樊祖进去两到三位，剩三四个名额公开竞争）。南云国主劝东伯雪鹰好好修行等达到宇宙神二层有巅峰秘宝再争，东伯雪鹰急得很（错过这次家乡可能已破灭）。大功不可换取名额。,界心神宫外城开启（十万年缓慢开启过程），六大古国垄断三十九个名额，夏风古国有三四个公开竞争名额，南云国主劝东伯雪鹰暂不参与。
宇宙神,争,矛盾展现、转折高潮,冲突、高潮,东伯雪鹰决定尽全力参与名额之争，南云国主传给详细情报（三天内赶往夏风国都）。界心神宫开启持续十万年。东伯雪鹰赴夏风国都皇宫，夏老（皇宫阵灵，强大忠诚）告知卷轴上有种种任务，任务期限九万年，任务功劳排前四得名额。火魔尊主（夏风古国尊主级，火焰道九脉融合只差最后一脉，苍氏客卿长老）得知东伯雪鹰参与不屑。三天期满共二十一位宇宙神参与竞争，其中三位尊主级：九毒教主、火魔尊主、夏氏扶乙大尊（威名不亚于南云国主）。,东伯雪鹰领取卷轴参与界心神宫名额之争（九万年期限排前四得名额），三天内二十一位宇宙神参与竞争含三位尊主级。
宇宙神,斩杀目标,设定展开、矛盾展现,冲突、设定,尊主级分高低，南云国主、扶乙大尊、撕天大尊、阎魔教主等能在无敌存在面前保命为绝世霸主。扶乙大尊在夏氏九位大尊中数一数二。东伯雪鹰选中浮西国风月魔君（浮西四凶之一，心境有缺陷，唯一一个东伯雪鹰有把握靠灵魂招数解决的，一万一千大功）。浮西国是魔头汇聚之地，浮西老祖（绝世霸主，无敌存在杀不死，凭空出现消失）与断天尊主（尊主级，巅峰秘宝宇宙神三层战力）为两大顶尖。东伯雪鹰伪装普通合一境在浮西国寻找风月魔君（浮西老祖遮掩寻踪术查不到）。风月魔君界心神宫开启后低调藏身浮西老祖随身宝物内。,东伯雪鹰选中浮西国风月魔君（心境有缺陷唯一有把握靠灵魂招数解决，一万一千大功），浮西老祖遮掩寻踪风月魔君藏身其随身宝物内。
宇宙神,踩死,人物心理、伏笔埋设,伏笔、情感,东伯雪鹰破界窥伺探查浮西国各处寻找风月魔君三千余年未果。破界窥伺发现m永府地底牢狱中华丽金袍男子（m永城主，混沌境魔头）吞噬囚犯怨气灵魂力量修行，银发老者报告活捉一座小城亿万子民。东伯雪鹰以因果线怨气极重为由抹杀m永城主及银发老者部分守卫，挪移走所有囚犯及金色手环内子民。囚犯们感激跪拜。浮西国魔头们震惊，青袍男子（大师兄，混沌境十层战力）告知界心神宫开启六大古国悬赏浮西国高层，称恐怖宇宙神杀死m永师弟如同踩死蚂蚁，令众魔头低调。东伯雪鹰继续窥伺浮西国。,东伯雪鹰破界窥伺三千余年未找到风月魔君，因因果怨气极重抹杀m永城主救出囚犯，浮西国大师兄告知界心神宫开启六大古国悬赏令众魔头低调。
宇宙神,局,转折高潮、战斗描写,战斗、高潮,东伯雪鹰在浮西国五万余年后，发现霜古大君（冰雪古国宇宙神二层巅峰，无巅峰秘宝）追杀风月魔君（紫发妖异男子，背负十三柄刀）。东伯雪鹰暗喜，借魔皇袍施展虚界幻境笼罩风月魔君，却发现风月魔君停下转头——风月魔君是浮西老祖伪装的（矮胖老头）。浮西老祖以大阵（八道柱子秘纹亮起）笼罩，令东伯雪鹰、霜古大君、鹰城主（众界古国灰袍老者）被迫显形。浮西老祖称仅钓到三条鱼，若非飞雪帝君灵魂招数或许还能钓到更多。霜古大君、鹰城主遁逃，东伯雪鹰以赤云神枪赤云领域挪移遁逃最快。浮西老祖与断天尊主（单手托山峰巨人）联手杀机滔天。,浮西老祖伪装风月魔君设局，以大阵令东伯雪鹰、霜古大君、鹰城主显形，东伯雪鹰以赤云领域挪移最快遁逃，浮西老祖与断天尊主联手。
宇宙神,无限城主,战斗描写、人物引入,人物、战斗,"浮西老祖带断天尊主瞬移拦截东伯雪鹰前方，断天尊主扔出巨大山峰镇压（时空沉重无法挪移）。东伯雪鹰一分为二：一分身戴五相珠施展五相封禁术圆满（宇宙神二层巅峰）挡山峰，一分身持赤云神枪施展赤云战法挑山峰。断天尊主山峰一次次砸下，东伯雪鹰两分身丝毫无伤。东伯雪鹰以魔皇袍施展虚界幻境笼罩断天尊主、浮西老祖，二人相视一眼称""且饶过你""消失无踪。浮西老祖、断天尊主商议杀不了东伯雪鹰（有时空球可困但南云国主能大破界传送进入救援，虚界幻境时刻影响实力），转向追杀鹰城主。无限城主（众界古国五祖之一，青色皮肤血色弯角，最平和手段最诡异莫测，威慑力众界古国五祖第一）巨大手臂出现捞走鹰城主。浮西老祖、断天尊主瞬移暴退。",东伯雪鹰两分身以五相封禁术+赤云战法抵挡断天尊主山峰，以虚界幻境逼退浮西老祖断天尊主，无限城主出手救走鹰城主。
宇宙神,螳螂捕蝉，黄雀在后,转折高潮、战斗描写,战斗、高潮,无限城主与一位恐怖存在（蕴含死亡毁灭意念，从界心大陆离开去闯路如今归来）意念交流，称其没跨出那一步只剩以力破法一条路（起源大陆罗城主走的此路）。东伯雪鹰逃出法阵范围虚化极致隐藏。南方始祖古国慧月大统领（永夜始祖麾下尊主级）追杀邪心魔君（浮西四凶之一）。北方九毒教主（夏风古国尊主级，红眉邪异光头，耳挂金色小蛇，持木杖巫毒）追杀厌火魔君（浮西四凶之一）。东伯雪鹰察觉厌火魔君被巫毒影响状态大损，以虚化极致近身，虚界幻境+五相封禁术直接笼罩厌火魔君，将其收入五相珠。浮西老祖凭空出现震怒一击被赤云神枪挡住，仅耽搁一刹那。东伯雪鹰惊喜意外成功遁逃。,无限城主与一位归来的恐怖存在意念交流，东伯雪鹰趁九毒教主追杀厌火魔君之机以虚界幻境+五相封禁术活捉厌火魔君遁逃。
宇宙神,南云国主的师傅,人物引入、核心伏笔,人物、伏笔,"东伯雪鹰以破界传送术回飞雪城帝君府，与父亲应山烈扈饮酒。活捉厌火魔君消息传开，夏风古国各方震惊。扶乙大尊（虚空道光之道皆宇宙神二层巅峰，夏皇赐三件巅峰秘宝，曾一己之力杀到摩天古国，摩天国主仅占上风）在木屋得知消息称""有点意思""。火魔尊主在黑魔大泽得知消息，认为必须得三万大功方有把握。乱发男子（背神剑）称东伯雪鹰够厉害。南云国都皇宫内，南云国主的师傅——华丽金袍俊美青年（死亡毁灭气息，名""不死冥帝""，第一次古国战争之前威震界心大陆第一强者，南云国主为得到两界刀立下苛刻誓约拜师）归来，命南云国主准备数十颗松阳果去断牙山脉，要求保密。",东伯雪鹰活捉厌火魔君消息传开各方震惊，南云国主的师傅不死冥帝（界心大陆曾经的第一强者）归来，命南云国主准备材料去断牙山脉。
宇宙神,钜风大尊,矛盾展现、人物心理,冲突、情感,南云国主心中畏惧不死冥帝（代表死亡，真惹怒他整个南云国除南云国主外都得死），不愿违背誓约。东伯雪鹰在五相珠内见厌火魔君，给其两条路：被杀或主动献宝为夏风古国效劳保命。厌火魔君选择效劳，交出所有秘宝，东伯雪鹰查探后满意（额外百亿宇宙晶奖励）。东伯雪鹰知晓能活捉厌火魔君是走运，浮西老祖伪装风月魔君设局故寻踪发现的是浮西老祖位置。夏氏钜风大尊（实力靠后与断天尊主相当）来飞雪城找东伯雪鹰，称其好友千阳帝君（夏皇亲传弟子）修行达到瓶颈想进界心神宫，请东伯雪鹰割让厌火魔君，愿出三百亿宇宙晶补偿，后加到五百亿。东伯雪鹰拒绝（修行路没法谦让）。,东伯雪鹰令厌火魔君为夏风古国效劳，夏氏钜风大尊请东伯雪鹰割让厌火魔君给好友千阳帝君被拒。
宇宙神,各施手段,矛盾展现、转折高潮,冲突、高潮,钜风大尊告知千阳帝君（夏氏年轻一代佼佼者，夏皇亲传弟子）东伯雪鹰不愿，千阳帝君准备去始祖古国凑任务功劳（已八千）。扶乙大尊与秃顶老者纳魔撒（黑袍暗红花纹血腥邪恶）交换，以十八个金色光圈换得金蓝蛇果（断牙山脉出产，奇宝任务排最前列可换三万任务功劳，真实价值八百亿宇宙晶）。扶乙大尊称将金蓝蛇果献给族内，不愿降低身份与小辈争。火魔尊主在黑魔大泽斩杀元一魔君（黑魔大泽三大教主下第一大魔头，阎魔教主亲传大弟子，两万任务功劳），被阎魔教主及两位教主围攻仍在搏杀。东伯雪鹰得知消息认为名额之争危险了。,千阳帝君去始祖古国凑功劳，扶乙大尊以金色光圈换得金蓝蛇果献给族内，火魔尊主斩杀元一魔君（两万大功）被阎魔教主等围攻。
宇宙神,期限之日,悟道、转折高潮,修炼、高潮、爽点,东伯雪鹰将《九转不灭术》卖给摩天古国（五万大功）、冰雪古国（九万大功），在冰雪古国以三万大功换取奇宝滴血冰晶柱（价值一万六千功劳），摩天古国未来金瞳要价五万大功（翻倍）嫌贵未买。东伯雪鹰凑足三万任务功劳（厌火魔君一万两千+滴血冰晶柱一万六千+其他奇宝），称按经验铁定够。期限之日东伯雪鹰赴夏风国都皇宫偏厅交手环（含厌火魔君及奇宝）给夏老，夏老吃惊称三万任务功劳很高。东伯雪鹰心中紧张希望别出意外。,东伯雪鹰将《九转不灭术》卖给摩天古国冰雪古国换取奇宝，凑足三万任务功劳（厌火魔君+滴血冰晶柱等），期限之日交手环给夏老。
宇宙神,前四名额,转折高潮、情感展现,情感、高潮,夏风国都偏殿内众宇宙神等待名额公布。夏老宣布：排第一扶乙大尊五万任务功劳（无可争议），排第二飞雪帝君三万任务功劳，排第三火魔尊主两万六千任务功劳，排第四阜春岛主两万任务功劳。众宇宙神吃惊飞雪帝君三万功劳太疯狂（平常一万功劳就得名额），南云国主传音惊喜。九毒教主一分功劳未付出（参与竞争只为碰运气）。千阳帝君一万八千功劳未进前四脸色难看离去。东伯雪鹰感觉到夏风古国宇宙神对外在国度抢名额隐隐排斥但不在乎。东伯雪鹰回飞雪城闭关修行静等界心神宫完全开启。,夏老宣布前四名额：扶乙大尊（五万）、飞雪帝君（三万）、火魔尊主（两万六千）、阜春岛主（两万），东伯雪鹰排第二获得名额。
宇宙神,宇宙神二层,悟道、转折高潮,修炼、高潮、爽点,东伯雪鹰在飞雪城湖边亭饮酒，虚空道天相地相融合困在瓶颈。东伯雪鹰感慨天地无穷，回忆超凡神灵时所见最大为宇宙，后知宇宙无数仅源世界一份子，如今知源世界也多得很。东伯雪鹰忽然突破天相地相融合瓶颈，跨入宇宙神第二层（自成就宇宙神至今百亿年岁月，九脉浑厚根基厚积薄发）。将南云圣体修炼至大圆满十二层，将《破苍穹》《美如画》发挥到圆满，赤云神枪发挥到极致。将分身术修炼至圆满（10081个分身，维持巅峰最多九个）。家乡混沌虚空毁灭魔族最强者钧帝（白银色鳞甲魁梧强者，头顶十二根白银尖角）被一位白银色鳞甲身影（称其为前辈）指点达到宇宙神二层极致，准备突破究极境后大肆毁灭得源世界恩赐。罗城主（深蓝衣袍）与白银色鳞甲身影（金兄）交谈，金兄称仅指点毁灭魔族未违背约定。,东伯雪鹰突破宇宙神第二层（天相地相融合），将分身术修炼至圆满10081个分身，毁灭魔族钧帝被金兄指点准备突破究极境后大肆毁灭。
宇宙神,罗城主和东伯雪鹰,设定揭示、核心伏笔,伏笔、揭示、设定,"混沌虚空大船内东伯雪鹰、余靖秋及东伯玉东伯青瑶家人后辈观看宇宙。罗城主（深蓝衣袍，跳出源世界樊笼的浑源强者）现身，一眼看穿东伯雪鹰宇宙神二层境界（与源世界融入程度、虚空波动）。罗城主告知：大破灭原本预计十八万亿三千两百一十一万年，但毁灭魔族钧帝有另一位浑源强者帮忙突破究极境把握极大，一旦突破大肆毁灭会大大加快源世界破坏速度。罗城主称同行者中有些认为一个时代生命死绝能诞生一位宇宙神究极境就算不错。罗城主赠送世界花种子（九朵花骨朵，每朵从绽放到枯萎仅十万年，内部虚空道演绎，代表九次机缘，真身进入便逐渐绽放直至枯萎），称对东伯雪鹰和剑主都应有所帮助，""我对你们这个时代也只能做到这地步了""。东伯雪鹰分出一巅峰黑衣分身投入最底层粉色花骨朵中修行。",罗城主现身告知大破灭因钧帝将大大加快，赠送世界花种子九朵（虚空道参悟至宝，每朵十万年绽放到枯萎），东伯雪鹰分身进入修行。
宇宙神,界心神宫,设定揭示、环境铺陈,揭示、设定,东伯雪鹰在世界花内感应虚空道衍变（世界从混沌到分明，凡俗生命诞生无超凡，规则不断变化使超凡无法诞生）。东伯雪鹰以宇宙神意念笼罩整个世界感应虚空道演绎（相当于无敌存在缓慢演练一整套虚空道招数持续十万年）。东伯雪鹰找南云国主要以魔心铃抵两份南云圣体大圆满材料（已给过一份共三份），计划在界心神宫内大赌一把。界心神宫开启十万年后夏皇传音召集。东伯雪鹰九大分身化作光芒投入洞天宝物，本体赴夏风国都皇宫。夏皇、苍帝带领众宇宙神赴黑狱阴海地底极深处界心神宫（庞大恢弘连绵宫殿建筑，散发耀眼光芒，巅峰秘宝至高秘宝气息弥漫）。,东伯雪鹰在世界花内参悟虚空道演绎，换取两份南云圣体材料，夏皇带领众宇宙神赴黑狱阴海地底界心神宫。
宇宙神,被抛弃,矛盾展现、人物心理,冲突、情感,六大古国八位无敌存在（夏皇、苍帝、漂泊者、极夜始祖、月华国主等）及扶乙大尊、伽罗莎（月华国主义妹，魔中之魔，绝世枭雄）等共十位交谈。永夜始祖灵魂波动扫过每一位宇宙神查探是否携带其他生命。六大古国分成六支队伍进入界心神宫正门。夏风古国十二人，夏皇苍帝分别飞走，扶乙大尊也飞走。普宿尊主称三大家族定下规矩需分开，普宿尊主、戮天大尊者、妖剑尊主及三位宇宙神一层一起行动消失。东伯雪鹰、火魔尊主、阜春岛主被留下。火魔尊主、阜春岛主各选道路离去。东伯雪鹰独自在石板路上行走，界心神宫内不可乱飞遁，遇路走路遇桥过桥。三大家族成员认为东伯雪鹰两眼一抹黑很快会被驱逐。,六大古国分成六支队伍进入界心神宫，夏风古国三大家族成员一起行动抛弃东伯雪鹰、火魔尊主、阜春岛主三人独自闯荡。
宇宙神,柳暗花明,转折高潮、悟道,修炼、高潮、爽点,"东伯雪鹰踩中石板被吞入地底幽深地穴。东伯雪鹰感慨若当初拜师樊祖或许轻松多，但不后悔（无法预知能创九转不灭术）。手持赤云神枪小心行走，遇黑色甲壳虫子（速度快攻击威势达宇宙神二层），东伯雪鹰以赤云领域避让。黑色甲虫召集数百头，东伯雪鹰全力以魔皇袍施展虚界幻境令甲虫沉沦消失。东伯雪鹰在地底行走两万余年（拼尽搏命手段），将南云圣体修炼至十二层大圆满。走出地穴见峡谷铁索桥，沿小径走到桥口。铁索桥冰冷，走到一半凝聚出三头颅寒冰异兽，东伯雪鹰一化三以破苍穹大圆满三分身合击灭杀寒冰异兽。走到桥另一头见殿厅，却被无形波动束缚挪移至广场，广场中央是十层浑源塔，""元""传音告知闯过两重地域有此机缘，一生只有一次。",东伯雪鹰陷入地底两万余年以虚界幻境克制黑色甲虫群，走出后过铁索桥灭寒冰异兽，被挪移至浑源塔（界心令拥有者一生一次机缘）。
宇宙神,塔内修行,悟道、设定揭示,修炼、揭示、设定、爽点,浑源塔共十层，每层须百万年内雕刻十幅阵图（源自中央圆柱），最长一千万年一层。雕刻满四层踏上第五层得巅峰秘宝，越往上赐予越夸张。东伯雪鹰发现阵图是根据来者境界自然显现（刚突破宇宙神二层，天相地相融合的奥妙）。东伯雪鹰定计每层耗满一千万年，倾力参悟虚空道，消耗七八朵世界花也值得（留一朵待九脉融合突破究极境时使用）。第一层十幅阵图基础运用，东伯雪鹰片刻明悟但不急，每百万年最后一天雕刻一幅。世界花绽放十万年进步最迅猛，枯萎后三百余万年仍进步极快。千万年期满雕刻完第十幅阵图，踏上第二层。,浑源塔十层每层百万年内雕刻十幅阵图，东伯雪鹰定计耗满一千万年参悟虚空道，使用世界花辅助，第一层千万年期满踏上第二层。
宇宙神,岁月,悟道、转折高潮,修炼、高潮、爽点,第二层阵图更深奥，东伯雪鹰在参悟第九幅阵图时突破天相地相空相三脉融合（宇宙神二层前期融合较快）。东伯雪鹰发现阵图除考验外也是引领修行的机缘。世界花是罗城主赠与的唯一大机缘，浑源塔是界心令拥有者一生一次的大机缘，两大机缘在身可能是宇宙神阶段提升最快的阶段。界心大陆各古国高手陆续被逐出界心神宫（阜春岛主三千余年、眉风主人千万余年、戮天大尊者火魔尊主五千余万年等）。东伯雪鹰待了五千余万年震惊各方。南云国主惊叹徒弟未知手段。南云国主畏惧师傅不死冥帝（已从断牙山脉归来扔下材料清单，大量死亡相关材料）。,东伯雪鹰在第二层突破三脉融合，发现阵图是引领修行的机缘，待了五千余万年震惊各方，南云国主畏惧归来的不死冥帝。
宇宙神,浑源塔第十层,悟道、转折高潮,修炼、高潮、爽点,东伯雪鹰不使用世界花走到第六层极致，第六层第六幅阵图困住，使用第五朵世界花（家乡混沌虚空黑衣分身进入灰色花骨朵，世界孤寂冰冷演绎虚空道不同方向）。第五朵世界花让东伯雪鹰达到六脉融合。第六层待满千万年进第七层（六百余万年参透），第八层第七幅阵图第三次进入世界花，第九层第九幅阵图第四次进入世界花。第十层第七幅阵图困住，使用第五朵世界花。界心大陆各方关注，东伯雪鹰九千多万年仍在里面震惊。东伯雪鹰在第十层一亿年最后一天雕刻完第十幅阵图，浑源塔通体放光，穹顶光团扭曲出现。,东伯雪鹰使用五朵世界花辅助参悟，达到六脉融合，闯至浑源塔第十层终极，穹顶光团出现准备赐予。
宇宙神,浑源塔终极的赐予,装备获取、核心伏笔,伏笔、奖励,光团内淡绿色液体（万触龙母心头血，元额外赐予，元共分到二十滴）化作流光钻入东伯雪鹰眉心灵魂，东伯雪鹰软倒。三位浑源强者（元、罗老弟、另一位）在更高层世界交谈，元称东伯雪鹰虚界幻境天赋还在虚空道之上，罗老弟也算元栽培的。元称界心大陆至今未能培养出跳出樊笼的，罗老弟称起源大陆出了罗城主。东伯雪鹰分身大半年后恢复，灵魂推演速度大增（及得上其他十个分身之和），且无形力量渗透至界心大陆每一个分身灵魂缓慢蜕变（家乡混沌虚空未受影响）。东伯雪鹰记忆中获得《浑源七击》至高秘传典籍（七击，前五击宇宙神极致，后两击浑源强者招数需专门兵器，附带专门兵器炼制方法）。浑源塔奖励：第九层得至高秘传，第十层终极得至高秘传+专门秘宝炼制法门+万触龙母心头血。东伯雪鹰被挪移回铁索桥头。,东伯雪鹰获得万触龙母心头血（灵魂蜕变推演大增）及至高秘传《浑源七击》（前五击宇宙神极致后两击浑源强者招数，附兵器炼制法），被挪移出浑源塔。
宇宙神,浑源第一击,悟道、战斗描写,修炼、战斗、爽点,"东伯雪鹰在铁索桥头参悟《浑源七击》（至高秘传，比《浑源问道》高太多，能改进浑源问道）。两个多时辰后练成浑源第一击""烟云荡""（烟雾内有亿万微小空间生灭产生恐怖毁灭力量，碰触者一同湮灭）。东伯雪鹰进入殿厅，殿门关闭，墙壁画像中三十位异族守卫走出。东伯雪鹰以烟云荡变异使用（微小空间变幻位置）令守卫追逐不到，以手掌拍击守卫湮灭，一个呼吸内所有守卫尽皆消散。后殿门开启，东伯雪鹰沿廊道前进，感应到园子内有战斗。园内五位尊主级高手（普宿大尊、妖剑尊主、骨嚣大君主、黑君王、狩猎者）惊讶东伯雪鹰出现。","东伯雪鹰练成浑源第一击""烟云荡""（亿万微小空间生灭湮灭），灭杀殿厅三十位异族守卫，在园子遇到五位尊主级高手。"
宇宙神,庇护,人物引入、伏笔埋设,人物、伏笔,五位尊主：普宿大尊（夏氏，精通时光道，保命第一）、妖剑尊主（苍氏最年轻大尊，剑道恐怖）、骨嚣大君主（红瞳干瘦老者，暗红玉石骨骼，保命最弱）、黑君王、狩猎者（众界古国，保命仅次于普宿）。妖剑尊主主动庇护东伯雪鹰，普宿大尊略有顾虑但同意。妖剑尊主告知十八劫关秘辛（每三劫关一次赐予，闯过十二劫关得千亿宇宙晶，闯过十八劫关得至高秘宝）。东伯雪鹰感激妖剑尊主善意但暗暗嘀咕是否太过了有阴谋。东伯雪鹰参悟《浑源七击》改进赤云战法、破苍穹、美如画、五相封禁术等招数（浑源第一击调动浑源之力技巧太高明）。,妖剑尊主主动庇护东伯雪鹰并告知十八劫关秘辛（每三劫关赐予，十二劫关千亿宇宙晶，十八劫关至高秘宝），东伯雪鹰参悟改进自身招数。
宇宙神,终极怪物,战斗描写、转折高潮,战斗、高潮,第八劫关降临，六位被挪移至幽暗星空。上百艘奇特战船出现（每艘战船内大量高手融合为一，代表虚幻宇宙游戏中围攻终极大怪物的各方势力）。战船无形庇护撤去后攻击六位宇宙神（天星帝国必选任务击杀飞雪帝君，可选任务击杀其他五位）。东伯雪鹰以魔皇袍虚界幻境笼罩攻击己方三人的战船令其分出大半心力抵抗。普宿大尊领域令攻击九成五失效，妖剑尊主一剑挡下剩余。东伯雪鹰仅在施虚界幻境。骨嚣大君主受伤。战船一艘艘覆灭，最终尽皆消散。六位回到园子。骨嚣大君主缺失左手，受重创。,第八劫关上百艘战船围攻六位宇宙神（天星帝国必选任务击杀飞雪帝君），东伯雪鹰以虚界幻境辅助，普宿大尊领域妖剑尊主剑光抵挡，战船尽皆覆灭。
宇宙神,熟悉,人物心理、伏笔埋设,伏笔、情感,园子内气氛怪异，骨嚣大君主受伤最重受黑君王嘲讽。东伯雪鹰继续参悟《浑源七击》改进赤云战法（浑源第一击与赤云战法相似处多易改进，美如画改进难）。第九劫关降临，东伯雪鹰仅施虚界幻境轻松度过。每三劫关一次赐予，六石柱石盒升起，东伯雪鹰得两块金瞳蓝焰石（价值百亿宇宙晶）。其他大尊发现东伯雪鹰中途加入出手少赐予却相当，推测受界心神宫钟爱。院墙扭曲显现地下通道，六位前往新殿厅。妖剑尊主传音告知后面九劫关与前面质的不同，对东伯雪鹰帮助会越来越少。东伯雪鹰感到妖剑尊主太善意且有熟悉感。,第九劫关轻松度过，东伯雪鹰得金瞳蓝焰石，大尊们发现其受界心神宫钟爱，妖剑尊主传音告知后面九劫关更危险帮助会减少。
宇宙神,我自己来,悟道、转折高潮,修炼、高潮、爽点,"东伯雪鹰在第十劫关前将《赤云战法》完全改进成功（汲取浑源第一击调动浑源之力技巧）。第十劫关普宿大尊、妖剑尊主联手轻松度过，骨嚣大君主伤势更重。第十一劫关降临，场景变为幽暗海洋上空（束缚力极大）。持权杖老者（头发为细小蛇）率成千上万猩红大鱼（代表终结规则，生命力极强）围攻。普宿大尊时光领域受影响，妖剑尊主剑光纵横亿万里庇护普宿大尊和东伯雪鹰。骨嚣大君主只剩头颅。随围攻数量增多妖剑尊主也无法帮助东伯雪鹰。东伯雪鹰称""我自己来""，以赤云神枪击退猩红大鱼，改进后的赤云战法护体烟云+虚化极致+浑源炼体肉身丝毫无损。骨嚣大君主被驱逐出界心神宫（第一个）。",东伯雪鹰将《赤云战法》完全改进成功，第十一劫关以护体烟云+虚化极致+浑源炼体肉身扛住猩红大鱼围攻，骨嚣大君主被驱逐。
宇宙神,十二劫关,战斗描写、转折高潮,战斗、高潮,"东伯雪鹰以穿虚空一招（渗透内部破甲）杀猩红大鱼，五位度过第十一劫关（仅东伯雪鹰未受伤）。第十二劫关降临，五条云路通往幽暗区域王座，王座下方五支守卫队伍分别扑向一条云路（必须独自应对无法联手）。每支守卫队伍十六位配合完美，招数玄妙擅长虚空刀道灵魂等。普宿大尊最先被驱逐（接九波杀招重伤近死），狩猎者也被驱逐。东伯雪鹰以虚界幻境令守卫发挥仅五六成实力，九大分身施展浑源第一击""烟云荡""合击+穿虚空合击灭杀守卫。妖剑尊主剑道完美毫发无伤灭杀守卫。黑君王施展隐藏的五个影化身灭杀守卫。三人闯过十二劫关。",第十二劫关五条云路独自应对十六守卫，普宿大尊狩猎者被驱逐，东伯雪鹰以九分身合击浑源第一击+穿虚空灭杀守卫，与妖剑尊主黑君王闯过十二劫关。
宇宙神,飞雪尊主,转折高潮、装备获取,奖励、高潮,东伯雪鹰九分身合击（浑源第一击+新赤云战法穿虚空）达尊主级战力，被狩猎者、黑君王、妖剑尊主认可。妖剑尊主毫发无伤，黑君王隐藏影化身，东伯雪鹰保命领域等达宇宙神三层门槛且全面。三人被无形波动笼罩期待赐予。界心神宫正门外火魔尊主、戮天大尊者、骨嚣大君主、普宿大尊等被驱逐者聚集，夏皇、无限城主等无敌存在分身镇守。狩猎者被挪移出后告知众人飞雪帝君实力可能排第一，有尊主级实力。妖剑尊主、黑君王也传出消息，飞雪帝君拥有尊主实力得到公认，消息传遍界心大陆。,东伯雪鹰九分身合击达尊主级战力被公认，闯过十二劫关与妖剑尊主黑君王等待赐予，飞雪帝君尊主级实力消息传遍界心大陆。
宇宙神,域海之源,装备获取、悬念设置,伏笔、奖励,"南云国主得知东伯雪鹰有尊主级实力惊喜。殿厅地面升起三座石台石盒，东伯雪鹰得域海之源（赤红圆珠内无数光点每颗为真实宇宙，可演化域海成为域海之主，价值高于巅峰秘宝），妖剑尊主、黑君王得约千亿宇宙晶珍宝。黑君王悄然传讯永夜始祖（始祖古国）告知域海之源。永夜始祖（面容白皙俊美，看透灵魂）在界心神宫广场观看秘纹，得知域海之源称""命运注定该属于我""（欲炼制更厉害魔仆，域海之源适合担当光暗核心之一），破空而去。东伯雪鹰决定不继续闯，妖剑尊主也离去。远处恐怖波动，永夜始祖高速赶来。妖剑尊主传音提醒东伯雪鹰永夜始祖来者不善。",东伯雪鹰得过十二劫关赐予域海之源（价值高于巅峰秘宝），黑君王传讯永夜始祖，永夜始祖欲夺域海之源炼制魔仆高速赶来。
宇宙神,永夜始祖和东伯雪鹰,转折高潮、战斗描写,战斗、高潮,"永夜始祖索要域海之源，东伯雪鹰略微迟疑，永夜始祖称迟疑即不畏惧要灭杀。妖剑尊主以夏风古国压永夜始祖被一挥手扫飞。东伯雪鹰愿交出域海之源，永夜始祖称给机会没把握住现在晚了。东伯雪鹰以浑源第一击""烟云荡""九分身合击+穿虚空抵挡，永夜始祖随手一击重伤九分身（生命力损耗近一成），第二招令九分身肉身尽皆湮灭（生命力损耗近两成）。永夜始祖感应到夏皇赶来，取出金色权杖（至高秘宝）全力一击，无限金光中无数金色权杖砸下，九大分身肉身尽皆湮灭，储物物品兵器宝物丝毫未损（魔皇袍、赤云神枪、五相珠、域海之源等尽失）。永夜始祖遁逃。夏皇雄浑声音充斥天地。东伯雪鹰界心大陆分身尽灭，仅《浑源七击》存于记忆幸免。",永夜始祖以金色权杖至高秘宝全力一击灭杀东伯雪鹰九大分身夺走所有宝物，夏皇赶到，东伯雪鹰界心大陆分身尽灭仅《浑源七击》幸免。
宇宙神,宁静的岁月（本篇终）,情感展现、人物心理,情感,界心神宫正门外众人得知夏皇与永夜始祖大战（永夜始祖边战边逃引起界心神宫禁制爆发受伤遁逃），起因是飞雪帝君被永夜始祖灭杀夺宝。众宇宙神感慨飞雪帝君刚崛起尊主级就被灭损失大（巅峰秘宝、域海之源、魔皇袍等宝物尽失），幸好有分身命还在。消息传遍界心大陆各方唏嘘感慨同情。飞雪城帝君府湖边亭子下东伯雪鹰煮酒静思（永夜始祖全力一击威力令其战栗），称损失虽大但得到《浑源七击》已经很值。南云国主来慰问，见东伯雪鹰心境不错放心。东伯雪鹰称外界猜测得到巅峰秘宝又被灭不符实际（实靠浑源七击和改进赤云战法及九分身合击有尊主战力，损失的宝物对实力帮助已不大）。东伯雪鹰派遣分身赴樊氏焚心神树下修行（撕天大尊接待，一万大功修行一亿年，二十亿年需二十万大功）。东伯雪鹰所有分身在家乡混沌虚空及界心大陆平静修行，实力悄然提升。第三十四篇至此完整收官。,夏皇与永夜始祖大战永夜始祖受伤遁逃，东伯雪鹰回飞雪城平静修行（损失大但得《浑源七击》已值），派遣分身赴焚心神树下修行，所有分身平静修行实力提升。
飞雪大尊,虚界二层,悟道、设定揭示,修炼、揭示、设定、爽点,焚心神树下修行四亿年结束，樊氏仅派宇宙神一层的奎辰君主接待（东伯雪鹰在界心神宫损失大，热情下降）。东伯雪鹰焚心神树下修行四亿年加万触龙母心头血，将虚界五脉最后两脉提升至宇宙神境，世界与迷幻两脉融合成功，虚界幻境道达到宇宙神二层（整个界心大陆仅樊祖、摩天国主、心魔王三位达到）。界心神宫开启已过去三千亿年有余。东伯雪鹰蛰伏飞雪城，分身在家乡混沌虚空行动，以大破界传送术前往九云大陆上空，欲探九云帝君宝藏及火狱三界鼎。,东伯雪鹰焚心神树下修行四亿年虚界幻境道达宇宙神二层（界心大陆仅三位），家乡分身以大破界传送术前往九云大陆探火狱三界鼎。
飞雪大尊,火狱三界鼎,装备获取、设定揭示,奖励、揭示、设定,东伯雪鹰以虚空本质黑雾球体粒子扫遍九云大陆，发现九云帝君宝藏宫殿，以大破界传送术（已改良，一个念头即可，比南云国主更快更稳定）直接进入。傀儡黑袍男子震惊无法理解。东伯雪鹰将整个宫殿镇压为一幅画（宫殿草木无损），唯独火狱三界鼎无法镇压。将大鼎带回洞府，盏茶时间破解秘纹（牵扯浑源之力奥妙，以《浑源七击》对浑源之力掌控超过夏皇），发现内含世界，以大破界传送术无法破开进入，猜测为浑源强者炼制。一分身进入鼎内。,东伯雪鹰以大破界传送术进入九云帝君宝藏宫殿，将宫殿镇压为一幅画，取走火狱三界鼎，盏茶时间破解秘纹发现内含世界。
飞雪大尊,囚禁着的生命,设定揭示、战斗描写,战斗、揭示、设定,"火狱三界鼎内分三层世界，核心世界有极为恐怖的气息。外层世界一声冷哼贯穿层层世界（寻常宇宙神会被震毙）。东伯雪鹰进入内层世界，赤红甲铠生物（实力比圣主更强，招数粗劣）率数百个分身围攻东伯雪鹰，东伯雪鹰凭借《飞雪战法》及浑源炼体二层（肉身媲美炼体流究极境）虽被打得乱飞却连皮都没破。东伯雪鹰以大破界传送术进入核心世界，见万触龙子（密密麻麻万数触手，规则化身般的存在），一触手一击不亚于永夜始祖全力一击。东伯雪鹰以""万法不沾""卸力转移仍受伤，急问""你是被元囚禁在这，对不对？""拖延时间。",东伯雪鹰进入火狱三界鼎内层遭赤红甲铠生物围攻（实力比圣主强），核心世界见万触龙子（规则化身），一击不亚于永夜始祖全力。
飞雪大尊,再临樊氏,设定揭示、人物引入,人物、揭示、设定,万触龙子愤怒攻击，东伯雪鹰被连续五道触手抽打成重伤无法遁逃。火狱三界鼎器灵红袍老者（元炼制）将东伯雪鹰送出。器灵告知火狱三界鼎是元专门囚禁万触龙子（万触龙母之子，天生浑源生命，元与其他几位联手斩杀万触龙母）的秘宝，给究极境突破者磨砺机会（万触龙子处处外显奥妙可参悟），达到究极境方可进来。源世界之前归元管理，如今归罗城主管理。东伯雪鹰常派分身入鼎与万触龙子交手磨砺。界心大陆东伯雪鹰赴夏风国都酒楼购夜兮酒两千坛，再临樊氏魔山求见樊祖。,器灵告知火狱三界鼎是元囚禁万触龙子给究极境磨砺之用，东伯雪鹰常派分身入鼎磨砺，再临樊氏求见樊祖。
飞雪大尊,谈判,矛盾展现、情节推进,冲突,撕天大尊降临，东伯雪鹰告知有虚界二层典籍（世界与迷幻两脉融合，实际已达三脉融合），撕天大尊郑重告知樊祖。东伯雪鹰九个分身施展大破界传送术进入其他源世界藏匿（保命手段，其他源世界被压制在混沌境九层）。夏皇、樊祖、苍帝三位无敌存在接见东伯雪鹰。三位暗中欲擒拿东伯雪鹰所有分身（一万零八十一个），夏皇一念查遍界心大陆仅发现东伯雪鹰故意公开的数十个分身，苍帝亦无法寻踪（因万触龙母心头血灵魂蜕变）。樊祖最渴望典籍（虚界三脉融合，若融入迷幻即四脉，再进一步五脉即究极）。东伯雪鹰要求夏风古国独占典籍禁止外传。,东伯雪鹰以虚界二层典籍与夏风古国谈判，夏皇樊祖苍帝暗中欲擒分身却因万触龙母心头血无法寻踪，东伯雪鹰要求独占典籍。
飞雪大尊,虚空火莲花,装备获取、情节推进,奖励,东伯雪鹰开价：十万斤浑源砂（界心大陆存量的大半，夏风古国仅五万多斤需向其他古国购买）、虚空火莲花巅峰秘宝（夏皇以火域灵源炼制，世界类虚空道秘宝，对所有分身有助力，价值抵两三件两界刀）、焚心神树下修行万亿年、五十万大功。夏皇等三位心疼但同意（卖给摩天国主可收回近半成本）。双方立下誓约，东伯雪鹰交出虚界典籍金色原本。东伯雪鹰得虚空火莲花，嘱托撕天大尊保密，打算报仇杀黑君王（界心神宫暗算他引来永夜始祖劫杀）。,东伯雪鹰以虚界典籍换得十万斤浑源砂、虚空火莲花巅峰秘宝、焚心神树修行万亿年及五十万大功，打算杀黑君王报仇。
飞雪大尊,实力大增,悟道、装备获取,修炼、奖励、爽点,东伯雪鹰炼化虚空火莲花（遮掩浑源七击，每个分身爆发究极境战力），九大分身盘坐莲花上气息飙升至宇宙神究极境层次。夏皇询问灵魂隐匿因果手段（夏皇樊祖苍帝都发现不了），东伯雪鹰称奇遇（界心神宫万触龙母心头血融入灵魂，分身彼此灵魂感应导致其他分身蜕变）。樊氏魔山遇吠甏笞稹和兰雪帝君（樊氏两位无敌存在杀不死的大尊）。东伯雪鹰回飞雪城研究虚空火莲花，同时派分身赴焚心神树下修行。虚空火莲花结合《浑源七击》创出《飞雪战法》，实力增加数倍。,东伯雪鹰炼化虚空火莲花九大分身达究极境战力，夏皇等无法寻踪因万触龙母心头血，结合浑源七击创《飞雪战法》实力增数倍。
飞雪大尊,猎物黑君王,人物引入、伏笔埋设,人物、伏笔,东伯雪鹰在始祖古国黑君城寻黑君王，仅见一普通化身。黑君王收一混沌境十层天才（妻子死去脾气怪异），回忆界心神宫暗算飞雪帝君是好运（凭十二劫关好处及对付飞雪帝君功劳从永夜始祖换得第二件巅峰秘宝影化身之术），欲突破究极境。永夜始祖与极夜始祖有大谋划。东伯雪鹰以虚界幻境手段翻看黑君王仆从记忆（不暴露宇宙神二层虚界手段）未找到真身。南云圣宗情报网发现黑君王在风重国踪迹。,东伯雪鹰在始祖古国寻黑君王未果，黑君王回忆界心神宫暗算飞雪帝君得第二件巅峰秘宝，南云圣宗情报网发现黑君王在风重国。
飞雪大尊,暗影重重,环境铺陈、矛盾展现,冲突、设定,风重国三流小国，东伯雪鹰以时光回溯确认黑君王曾来。以虚空本质黑雾球体粒子探查，发现风重国十九座城池被淡淡黑色雾气笼罩，城内子民厮杀、无法出城、无法传讯，近千万年死去大半。天古联盟不敢管（来头太大）。东伯雪鹰进入一座城池，独角异族修行者告知黑雾笼罩近千万年，天古联盟宇宙神从未来救。东伯雪鹰踹开府邸大门，血袍人（血浮侯）现身。,东伯雪鹰发现风重国十九座城池被黑雾笼罩近千万年无数生灵惨死，天古联盟不敢管，东伯雪鹰进入灾祸源头府邸遇血浮侯。
飞雪大尊,黑君王现身,战斗描写、转折高潮,战斗、高潮,"东伯雪鹰一挥袖将血浮侯及无数血色虫子化为齑粉。摧毁府邸露出地底法阵及宫殿，银发老者看守""黑暗树""（镶嵌三颗黑色晶石，黑雾源头）。东伯雪鹰以宇宙神一层虚界幻境翻看银发老者记忆，发现天古盟主（尊主级，暗中还有宇宙神究极境""天古神""）与黑君王联合召集三十八位混沌境。东伯雪鹰灭杀银发老者，黑君王从虚空中现身（东伯雪鹰一眼认出）。",东伯雪鹰灭杀血浮侯，翻看银发老者记忆发现天古盟主与黑君王联合祸害十九座城池，黑君王现身。
飞雪大尊,内心的喜悦,战斗描写、情感展现,情感、战斗,东伯雪鹰一拳轰碎黑君王影化身（有真身数成水准，肉身较弱），拔起黑暗树收走三颗黑色晶石。城池黑雾消散，无数修行者恢复自由激动流泪。东伯雪鹰感慨强者不应将弱者当蝼蚁，入魔者该杀。前往第二座城池以宇宙神二层威能一拳摧毁地底建筑，灭杀两名混沌境看守。黑君王在荒野洞府观看十九幅画面，传讯永夜始祖，永夜始祖保证若有无敌存在以大欺小立即来帮。黑君王前去探东伯雪鹰底细。,东伯雪鹰摧毁城池核心拯救城池，黑君王传讯永夜始祖获保证，前去探东伯雪鹰底细。
飞雪大尊,东伯雪鹰战黑君王,战斗描写、转折高潮,战斗、高潮,"东伯雪鹰摧毁第三座城池核心，黑君王公开现身（华丽黑袍冷酷男子，腰间弯刀）。黑君王贼喊捉贼，拔刀施展黑暗刀光攻击。东伯雪鹰以""万法不沾""层层空间卸力。黑君王连续刀光笼罩，东伯雪鹰以光罩防御半个呼吸。黑君王近身搏杀，东伯雪鹰手指一戳无形波动渗透黑君王身体（试探失败舍弃第一计划）。东伯雪鹰故意伪装重伤（撕裂伤口口吐鲜血），施展九大分身。黑君王分化十八个影化身围攻。东伯雪鹰试探""大切割术""也不适合，决定用第二计划（三四成把握）。",东伯雪鹰与黑君王交手，伪装重伤施展九大分身，试探黑君王肉身无明显破绽，决定用第二计划杀招。
飞雪大尊,黑君王之死,战斗描写、转折高潮,战斗、高潮,"东伯雪鹰九大分身同时施展""无界大封禁""（五相封禁术改善，九个光罩交错旋转封禁黑君王），同时虚空火莲花合拢形成花骨朵。黑君王全力轰碎无界大封禁（东伯雪鹰故意），杀招""多元虚空大崩灭""降临（无数空间急剧塌陷汇聚黑君王一点，打通更高层空间）。黑君王灵魂湮灭身体尽碎，东伯雪鹰收走两件宝物立即遁逃。永夜始祖赶到废墟，冰冷扫视（东伯雪鹰在风重国外遥遥窥伺）。","东伯雪鹰以""无界大封禁""困住黑君王，再以""多元虚空大崩灭""瞬间灭杀黑君王，永夜始祖赶到晚了一步。"
飞雪大尊,愤怒的永夜始祖,人物心理、悬念设置,伏笔、情感,东伯雪鹰自评实力与扶乙大尊相当（九大分身合击加虚空火莲花），遇无敌存在仍被压制，等浑源神兵练成差距才小。永夜始祖寻踪秘法、灵魂痕迹、时光回溯都无法查探凶手（万触龙母心头血）。翻看合一境强者记忆见黑衣青年九大分身（虚空火莲花场景被扭曲虚空遮掩）。永夜始祖猜测夏皇、漂泊者、扶乙大尊、界兽王等。永夜始祖无奈离去。东伯雪鹰等一天后，十六个分身同时摧毁剩余十六座城池核心。其中一分身被永夜始祖拦截。,永夜始祖无法寻踪凶手，无奈离去，东伯雪鹰十六个分身摧毁剩余城池核心，一分身被永夜始祖拦截。
飞雪大尊,暴虐！,矛盾爆发、人物心理,冲突、情感,"东伯雪鹰分身自我消散（灵魂融入万触龙母心头血，永夜始祖无法阻止），不自爆是怕波及无辜。永夜始祖愤怒下爆发金光摧毁整座城池无数生命（整个界心大陆宇宙神都感应到）。无限城主摇头（仅夏皇和不死冥帝能压永夜始祖打）。东伯雪鹰发誓""若一天能制定至高规则，定要定下天罚""。东伯雪鹰继续探查背后秘密，永夜始祖疯狂引起界心大陆震动，黑君王之死传开。夏皇、樊祖、撕天大尊猜测是东伯雪鹰。撕天大尊赴焚心神树下见东伯雪鹰分身。",东伯雪鹰分身自我消散，永夜始祖愤怒摧毁城池无数生命，东伯雪鹰发誓定天罚，撕天大尊赴焚心神树见东伯雪鹰。
飞雪大尊,斩魔,人物心理、伏笔埋设,伏笔、情感,"撕天大尊提醒东伯雪鹰不要冒险救城池子民（不值得拼），东伯雪鹰称""魔就该杀""（道心如刀不可撼动）。东伯雪鹰让南云圣宗情报系统关注一切大规模屠戮灾祸。第二天南云圣宗传情报：尘梵国主（众界古国灭世神帝客卿，宇宙神二层）定法规将二十年未成神灵及万年未成界神的子民送往暗狱，九成九被屠戮，约半数子民被送暗狱。东伯雪鹰下令搜集尘梵国主及暗狱最详细情报，越看越怒。","东伯雪鹰向撕天大尊表明""魔就该杀""道心，让南云圣宗关注大屠戮情报，发现尘梵国主以法规屠戮半数子民。"
飞雪大尊,无限泡影尽消散,战斗描写、转折高潮,战斗、高潮,"东伯雪鹰以破界传送术入暗狱灭杀三大刽子手之一，再入尘梵国主面前。尘梵国主以乐曲幻术无效（东伯雪鹰虚界幻境宇宙神二层且灵魂比究极境更强）。东伯雪鹰以""无限泡影尽消散""（九大分身联手，无数气泡崩灭汇聚大气泡破灭，无视防御渗透身体内部）瞬间灭杀尘梵国主（未动用虚空火莲花）。尘梵国主死，暗狱消散无数子民被放出。灭世神帝下令查探。漂泊者向灭世神帝购买浑源砂（为夏皇凑齐十万斤）。","东伯雪鹰以""无限泡影尽消散""瞬间灭杀尘梵国主，暗狱消散，灭世神帝下令查探，漂泊者向灭世神帝买浑源砂。"
飞雪大尊,浑源砂凑齐,情节推进、人物引入,人物,南云国主从南云圣宗情报系统（魔仆沛云负责）得知尘梵国主死讯，怀疑是飞雪帝君（得情报后半时辰内尘梵国主即死）。东伯雪鹰在芙琼国购璩氏酒（储量一成，六十万宇宙晶）。夏皇凑齐十万斤浑源砂（夏风古国五万多斤加漂泊者三万斤加众界古国等购买），东伯雪鹰携浑源砂分身伪装回夏风国都隐居。东伯雪鹰请南云国主搜集浑源兵器辅助材料（两份卷轴，约一千七百亿宇宙晶），以黑君王弯刀巅峰秘宝抵价，南云国主震惊确认黑君王也是东伯雪鹰所杀。,南云国主怀疑飞雪帝君杀尘梵国主，夏皇凑齐十万斤浑源砂，东伯雪鹰以黑君王弯刀抵价请南云国主搜集浑源兵器材料。
飞雪大尊,我该做的,情感展现、设定揭示,情感、揭示、设定,"东伯雪鹰向南云国主承认杀黑君王（虚界幻境道宇宙神二层，卖典籍得虚空火莲花创杀招）。南云国主称黑君王弯刀值三千亿宇宙晶，材料一千七百亿，余一千三百亿以宇宙晶补偿或继续换材料。东伯雪鹰再要一千亿宇宙晶材料。南云国主提醒永夜始祖不会轻易饶他，东伯雪鹰称保命有把握。南云国主质问为何杀尘梵国主及冒险救城池，东伯雪鹰称""那是我该做的""（道心，有多大力量担多大责任）。南云国主提及不死冥帝（第一次古国战争前界心大陆第一，邪恶恐怖）已回来。","东伯雪鹰向南云国主承认杀黑君王，表明""该做的""道心，南云国主提及不死冥帝已回来。"
飞雪大尊,修行生活,设定揭示、悟道,修炼、揭示、设定、爽点,南云国主告知不死冥帝曾抢机缘踏上冲击浑源生命之路，漫长岁月后归来（冲击失败）。断牙山脉（界心大陆第一险地，元将一颗断裂牙齿扔下化作最高峰，浑源生命尸骸不止一具被扔其中，无敌存在都陨落过）藏有诸多机缘。东伯雪鹰连续两场大战后灵感涌现，静修参悟。南云圣宗传情报安雅谷城遭血祭（旃八岛主所派），东伯雪鹰以大破界传送术赶去，一招数百道空间裂痕灭杀所有魔头（含混沌境十层）及一位宇宙神。东伯雪鹰回飞雪城继续修行。,南云国主告知断牙山脉机缘，东伯雪鹰灭杀旃八岛血祭安雅谷城魔头，回飞雪城修行。
飞雪大尊,虫祖,人物引入、伏笔埋设,人物、伏笔,旃八岛主（宇宙神究极境，宇宙神究极境杀不死，魔头汇聚之地第一）透过观天镜观看，仅当运气不好（安雅谷城恰好有隐居究极境）。虫祖（人形飞虫，黑色鳞甲晶莹翅膀两根软触角，幽冷眸子）在旃八岛突破究极境，欲名震大陆报仇（忍很久了）。东伯雪鹰派分身赴焚心神树修行，请南云国主搜集第二份卷轴材料（一千亿宇宙晶，量大但相对低端）。东伯雪鹰以一千亿宇宙晶材料修建巩固飞雪城及帝君府法阵（以防意外暴露身份连累应山氏）。虫祖在界心大陆崛起连杀夏氏樊氏数位混沌境及各一位宇宙神，樊祖出手虫祖遁逃。,旃八岛主当血祭遇强者为运气不好，虫祖突破究极境报仇，东伯雪鹰以一千亿宇宙晶材料修建飞雪城法阵。
飞雪大尊,飞雪城大阵,设定展开、伏笔埋设,伏笔、设定,东伯雪鹰上百分身上万年布置飞雪城大阵（法阵按绝招奥妙布置，一念可百座法阵同时爆发，相当于上百招多元虚空大崩灭，比南云国主耗费十倍材料底子更厚）。东伯雪鹰在飞雪城无敌，一念三十座法阵同时激发显现黑暗漩涡连接更高层空间（比多元虚空大崩灭更强，能威胁无敌存在）。东伯雪鹰请应山老母召集应山氏子弟十万亿年内最好在飞雪城（将来恐有大敌，十万亿年内应成究极境，家乡混沌虚空正膨胀接近大破灭）。应山氏混沌境子弟皆真身来飞雪城。旃八岛主再次安排血祭（不信第二次还碰巧）。,东伯雪鹰上万分身上万年布置飞雪城大阵（在城内无敌可威胁无敌存在），召集应山氏子弟十万亿年内居飞雪城，旃八岛主再安排血祭。
飞雪大尊,最美丽绚烂的场景,矛盾爆发、情感展现,冲突、情感,"旃八岛血祭傅钧城，傅钧城主（混沌境）求饶背叛城内子民。南云圣宗分殿上传消息。东伯雪鹰得知以大破界传送术进入（空间封禁挡不住），一招数百道空间裂痕贯穿大半城池灭杀所有魔头（含混沌境）。无数绝望子民看到空间裂痕灭杀魔头，称为""最美丽绚烂的一幕""，许多孩童升起希翼崇拜感激拯救者。东伯雪鹰灭杀城外操纵封禁秘宝的宇宙神魔头。","旃八岛血祭傅钧城，东伯雪鹰一招数百道空间裂痕灭杀所有魔头拯救城池，子民称为""最美丽绚烂的一幕""。"
飞雪大尊,旃八岛主来袭,战斗描写、转折高潮,战斗、高潮,"旃八岛主透过观天镜观看，确认非巧合（连续两次），撕裂空间之门抵达傅钧城外。东伯雪鹰感应到旃八岛主（力量一道究极境，界心大陆力量一道究极仅旃八岛主与灭世神帝）。旃八岛主质问为何针对旃八岛，东伯雪鹰称""就因为血祭，魔头该死""。旃八岛主出拳（力量一道霸道蛮横），东伯雪鹰以""万法不沾""卸力。东伯雪鹰战意熊熊（需战斗磨砺突破究极，需震慑魔头），主动迎战。","旃八岛主撕裂空间之门抵达傅钧城外，东伯雪鹰以""万法不沾""迎战，主动交手磨砺自身。"
飞雪大尊,大陆震动（上）,战斗描写、转折高潮,战斗、高潮,各方势力透过观天镜观看（灭世神帝、界兽王、月华国主、夏皇、撕天大尊等），惊诧东伯雪鹰主动迎战（同层次究极境搏杀会暴露招数）。东伯雪鹰以《飞雪战法》验证招数缺陷（埋头参悟不如生死搏杀），处于下风却丝毫无伤。东伯雪鹰催发虚空火莲花（未外显），以拳头虚影笼罩大半天地的浑源之力一拳震伤旃八岛主（口吐鲜血肉身伤口）。东伯雪鹰称仅一个分身力量，施展九大分身。旃八岛主脸色大变。,各方观战惊诧东伯雪鹰主动迎战，东伯雪鹰催发虚空火莲花一拳震伤旃八岛主，施展九大分身。
飞雪大尊,大陆震动（下）,战斗描写、转折高潮,战斗、高潮,"扶乙大尊窥伺预感东伯雪鹰实力可能与他接近。东伯雪鹰九大分身施展""无限泡影尽消散""（借助虚空火莲花，范围广威势可怕），旃八岛主以卸力招数防御（力量一道究极境卸力最强），仍被少许冲击渗透肉身（体表血丝口吐鲜血）。东伯雪鹰敬佩旃八岛主防御。东伯雪鹰称""无意为敌，只希望手下少些大杀戮""，向整个界心大陆所有魔头势力发出通告""敢大屠戮者，一律杀""。","东伯雪鹰九大分身""无限泡影尽消散""伤旃八岛主，向界心大陆所有魔头势力通告""敢大屠戮者一律杀""。"
飞雪大尊,我名'天心道人',转折高潮、悬念设置,伏笔、高潮,"东伯雪鹰定好计划（天心道人身份配虚空火莲花，飞雪帝君身份将来配浑源兵器）。黑魔大泽三位教主（阎魔教主等尊主级）低头忍让，圣火城最强魔头势力。旃八岛主嗤笑后遁逃。永夜始祖现身质问东伯雪鹰是否杀黑君王（关心弱小生灵的虚空道高手仅他一个），东伯雪鹰自称""天心道人""（我心为天心），以浑源炼体二层及虚空火莲花世界力量加持强行施展大破界传送术离去，永夜始祖无法阻拦。天心道人名号传遍界心大陆，公认为仅次于无敌存在的高手之一。","东伯雪鹰向永夜始祖自称""天心道人""，强行大破界传送术离去，名号传遍界心大陆公认为仅次于无敌存在。"
飞雪大尊,第四杀招,悟道、伏笔埋设,伏笔、修炼、爽点,东伯雪鹰在飞雪城潜心修行创第四杀招（领域类，结合虚空火莲花世界领域之效，以穿梭更高层空间的窒息感压迫感为参照）。在帝君府湖边亭子试验，黑雾球体粒子震动令园内一切内部碎裂维持外形，后湮灭陷入绝对黑暗，浑源力涌入镇压，半月后恢复。天心道人和旃八岛主交战三百万年后，东伯雪鹰灭杀一红袍老魔（洞天宝物内囚禁亿万怨恨灵魂），九百万年后灭杀一老魔救伽玉城主全族。五千余万年后东伯雪鹰大笑，第四杀招初成。,东伯雪鹰创第四杀招（领域类），以天心道人身份持续斩杀魔头拯救生灵，五千余万年后第四杀招初成。
飞雪大尊,走出这条路,悟道、情节推进,修炼、爽点,"东伯雪鹰创出第四杀招""浑源海洋""（模拟穿梭更高层空间的浪潮暗流体悟），离究极境又近一步。再用一朵世界花参悟虚空道。以天心道人身份灭杀众界古国炽氏一族核心子弟（俊美邪异青年，搜集百亿灵魂炼""三劫灾火""），留话""炽氏一族子弟，屠戮亿万生灵，既然为魔，我一样杀之""。南云国主八千万年搜集齐第一份卷轴奇珍材料。南云国主提醒东伯雪鹰仇家越来越多，东伯雪鹰称""路都是人走的，终究有第一个人走出这条路""。","东伯雪鹰创""浑源海洋""第四杀招，用世界花参悟，灭杀炽氏一族子弟，南云国主搜集齐第一份卷轴材料。"
飞雪大尊,拯救和感激,情感展现、人物引入,人物、情感,东伯雪鹰向南云国主表明要让大屠戮从大陆消失的决心。回飞雪城帝君府地底秘室，一炷香静心后开始炼制浑源兵器（按《浑源七击》附带炼制法门，元分解为上万个阶段，一个分身倾力炼制，估计百亿年成）。东伯雪鹰继续以天心道人身份斩杀魔头拯救生灵，无数被救者感激。一来历神秘的小女童（星光世界之主之女，偷跑出来）被天心道人所救，其父（星光衣袍男子）赶来带走女儿，答应查探天心道人身份后带女儿拜访报恩。,东伯雪鹰开始炼制浑源兵器，持续以天心道人身份斩魔救人，救星光世界之主之女，其父答应报恩。
飞雪大尊,永夜始祖的愤怒,矛盾展现、人物引入,人物、冲突,不死冥帝（华丽金袍皇冠俊美青年，界心大陆前第一强者归来）与圣火城主（究极境，第一魔头汇聚之地城主，生死兄弟铁鹰宫主为无敌存在）、虫祖宴饮。永夜始祖来求改交易（不死冥帝索要三个究极怨灵，因天心道人阻挠无法大规模搜集灵魂），不死冥帝拒绝修改并压迫永夜始祖（死亡气息弥漫，永夜始祖感觉面对更高层空间威慑）。永夜始祖被迫同意，暗中亲自盯着搜集灵魂上亿年。东伯雪鹰以天心道人身份斩杀永夜始祖手下分身（拿夫亚），永夜始祖现身。,不死冥帝压迫永夜始祖执行交易（三个究极怨灵），永夜始祖暗中搜集灵魂上亿年，东伯雪鹰斩杀其手下，永夜始祖现身。
飞雪大尊,戏弄永夜始祖（上）,战斗描写、转折高潮,战斗、高潮,"东伯雪鹰以破界传送窥伺发现永夜始祖，大破界传送术遁逃（受永夜始祖全力偷袭一击仍扛住，因浑源炼体二层及虚空火莲花）。永夜始祖震惊其肉身之强（虚空道高手肉身不该如此强）。永夜始祖朗声威胁天心道人，声称亲自做。夏皇、苍帝斥永夜无耻。无限城主与不死冥帝传音交谈。东伯雪鹰主动现身（一分身，未携宝物），称""劝永夜始祖保持脸皮""。",东伯雪鹰大破界传送术遁逃扛住永夜始祖偷袭，永夜始祖威胁亲自做，东伯雪鹰主动现身劝永夜始祖。
飞雪大尊,戏弄永夜始祖（下）,战斗描写、转折高潮,战斗、高潮,"永夜始祖联系极夜始祖（生死兄弟，完全不在乎脸面），二人暗中定计划联手偷袭活捉天心道人分身封禁灵魂查探身份。永夜始祖假装谈判，极夜始祖突然出手（黑暗与光芒两极旋转令灵魂眩晕），东伯雪鹰虚界幻境宇宙神二层加万触龙母心头血保持清明立即消散分身。极夜始祖永夜始祖联手失败。东伯雪鹰再出一普通分身，又从永夜城偷来一壶酒。东伯雪鹰称""分身多的是，散去一个又来一个，无穷无尽""。极夜始祖劝永夜始祖暂且答应暗中更小心搜集灵魂，等天心道人身份暴露再报复。",永夜始祖极夜始祖联手偷袭失败（东伯雪鹰灵魂强大保持清明消散分身），东伯雪鹰偷永夜城酒戏弄，二始祖暂且忍耐。
飞雪大尊,浑源兵器，炼成,装备获取、转折高潮,奖励、高潮,"东伯雪鹰略一欠身离去（给永夜始祖面子）。各方判断天心道人短时间无忧（始祖古国两位始祖联手偷袭都奈何不得）。不死冥帝允许永夜始祖拖延至双倍时间（好处减半），欲窥伺天心道人身份又放弃（怕浪费辛苦积攒力量）。百亿年过去，界心大陆秩序好转。东伯雪鹰在飞雪城地底秘室炼制浑源兵器最后关头，紫金色液体化法阵扑向黑幽幽长枪，恐怖力量冲击令东伯雪鹰倒飞。东伯雪鹰炼成浑源神兵，命名""青河""（代表家乡青河郡及妻子儿女）。","东伯雪鹰百亿年炼成浑源神兵""青河枪""（以十万斤浑源砂为主材），命名""青河""代表家乡及妻儿。"
飞雪大尊,新的究极境,人物引入、转折高潮,人物、高潮,东伯雪鹰炼化青河枪（三百炼化随心），可施展《浑源七击》前五击。转眼三千亿年过去，东伯雪鹰创出第五杀招（遁行之效，大破界传送术变种）。妖剑尊主突破究极境（夏风古国苍氏新晋尊主，最年轻尊主先一步成究极）。东伯雪鹰赴苍帝城参加妖剑之主究极大典，与南云国主并肩赴会，殿厅内超过五百宇宙神。各方宇宙神同情或幸灾乐祸飞雪帝君（界心神宫被永夜始祖灭杀分身夺宝物）。夏皇、苍帝、樊祖、妖剑之主现身。,东伯雪鹰炼化青河枪可施浑源五击，三千亿年后创第五杀招，妖剑尊主突破究极境，东伯雪鹰赴苍帝城参加大典。
飞雪大尊,虚界幻境第一人,悟道、设定揭示,修炼、揭示、设定、爽点,妖剑之主传音东伯雪鹰（界心神宫十八劫关之谊），宴请东伯雪鹰小型聚会介绍好友。焚心神树下，妖剑之主成究极境万余年后，东伯雪鹰虚界幻境道四脉融合成功（世界、迷幻、灭杀三脉加灵魂方向感悟），离五脉融合究极只差一步，堪称界心大陆虚界幻境道第一人。更高层空间，元与罗城主惊叹东伯雪鹰修行不足两万亿年虚界幻境达此高度（灵魂道路离究极只差一步的上百位中修行最短），元预感东伯雪鹰虚界达究极则成浑源生命不难，但最后一步最难，东伯雪鹰希望最大。,东伯雪鹰虚界幻境道四脉融合成界心大陆第一人，元与罗城主惊叹其修行之短天赋之高，预感其虚界达究极则成浑源生命。
飞雪大尊,钧帝肆虐,矛盾爆发、战斗描写,冲突、战斗,家乡混沌虚空毁灭魔族首领钧帝（迷界走廊所有毁灭魔族首领）突破究极境，欲毁灭整个源世界加速大破灭以获至高规则赐予。钧帝撕裂虚空到万古圣界肆意破坏（一掌贯穿大地毁灭城池部落），圣主（黑色纱衣，雷霆道究极）感应到赶来，石老怪（炼体流究极）也醒来赶来。圣主石老怪联手阻拦不住钧帝（究极境一心逃杀不死）。一道剑光从钧帝背后刺穿胸口——剑主（白发男子，毁灭道究极境，实力完全凌驾圣主石老怪钧帝之上）出手，三剑重伤钧帝。,钧帝突破究极境肆虐万古圣界，圣主石老怪阻拦不住，剑主出手三剑重伤钧帝，实力完全凌驾众究极之上。
飞雪大尊,恐怖的剑主,战斗描写、转折高潮,战斗、高潮,"剑主每一剑都恐怖如斯（威能内敛爆发恐怖，圣主燃烧古圣化身倾力一击也不过如此），钧帝完全被蹂躏只能遁逃。剑主追杀，钧帝四处逃窜毁灭混沌陆地及圣界。剑主仅一个分身（古修法门）坐镇东麟圣界，本尊追杀，无法同时保护所有圣界。东伯雪鹰在太虚天宫分身感应到，传音剑主""我来助你一臂之力""。",剑主追杀钧帝，钧帝四处逃窜毁灭，剑主仅一分身无法保护所有圣界，东伯雪鹰传音相助。
飞雪大尊,是东伯雪鹰！,战斗描写、转折高潮,战斗、高潮,"东伯雪鹰四大分身同时在万古圣界、母祖界、古圣界、东麟圣界施展《飞雪战法》第四杀招""浑源海洋""（领域笼罩整座圣界）。母祖心惊。钧帝逃到母祖界欲破坏，东伯雪鹰领域爆发镇压令钧帝实力大损，以""天地一线大切割""劈伤钧帝。剑主剑光斩过钧帝身躯。钧帝逃入迷界走廊（毁灭魔族孕育之地，压制修行者领域）。剑主猜出东伯雪鹰就是天心道人（随便一个分身力敌究极境），东伯雪鹰也确认妖剑之主就是剑主分身（投胎转世界心大陆苍氏）。二人相视而笑，东伯雪鹰称有办法拦钧帝。","东伯雪鹰四大分身""浑源海洋""笼罩四大圣界，与剑主联手追杀钧帝逼其逃入迷界走廊，二人互相确认对方身份。"
飞雪大尊,领域笼罩,战斗描写、转折高潮,战斗、高潮,东伯雪鹰上万分身分散在混沌虚空各处施展领域（每个分身灵魂较弱但境界一样有宇宙神层次），覆盖大半个混沌虚空（约七成范围），放弃荒芜区域笼罩所有有生灵区域。钧帝每次出现东伯雪鹰立即发现，分身带剑主两大身体瞬移追杀。钧帝连续数次遭重创，猜出东伯雪鹰是虚空道究极境领域覆盖混沌虚空。钧帝逃入迷界走廊（压制修行者领域，断层迷宫）。大破灭之危解除。众宇宙神误认东伯雪鹰已突破究极境。剑主与东伯雪鹰交谈，剑主透露其分身投胎界心大陆苍氏得至高秘传突破究极。,东伯雪鹰上万分身领域覆盖七成混沌虚空，配合剑主追杀钧帝逼其逃入迷界走廊，大破灭之危解除。
飞雪大尊,执掌至高规则的道路,设定揭示、悟道,修炼、揭示、设定、爽点,剑主透露在夏风古国最好条件下界心神宫得至高秘传突破究极。东伯雪鹰解释兼修虚空道虚界幻境道两条道，怕刺激圣主提前灭世（未成究极扛不住大破灭）。跳出樊笼两法：一执掌至高规则（传教众生信仰或掌控超一半本源），二以力破法。东伯雪鹰虚空道虚界幻境道皆达宇宙神二层，可掌控两道本源。剑主已在毁灭道上压圣主一头夺毁灭道掌控权。东伯雪鹰提议联手赶走圣主拯救被奴役众生（虚界幻境宇宙神二层对灵魂控制不亚于圣主），剑主同意。,东伯雪鹰与剑主商议，东伯雪鹰兼修两道皆达宇宙神二层怕刺激圣主，提议联手赶走圣主拯救被奴役众生。
飞雪大尊,圣主逃窜,战斗描写、转折高潮,战斗、高潮,"剑主两道青色剑光偷袭灭杀母祖（母祖界宇宙神二层）。二人赴古圣界偷袭圣主（剑光刺入体内），圣主身体消散。东伯雪鹰施展""浑源海洋""笼罩古圣界。圣主古圣化身与本尊合一逃窜，东伯雪鹰分身带剑主两大身体追杀（同追杀钧帝之法）。东伯雪鹰三大分身在古圣界施展幻境世界笼罩整座古圣界，隔绝圣主烙印在信徒灵魂上的印记（先隔绝防圣主灭杀信徒，再消磨摧毁）。圣主被追杀连续五次袭击生命力损耗三成，逃入迷界走廊。东伯雪鹰隔绝至少九成九信徒烙印。圣主在迷界走廊悲愤不甘。",剑主灭杀母祖，二人联手追杀圣主逼其逃入迷界走廊，东伯雪鹰三大分身隔绝古圣界信徒灵魂烙印。
飞雪大尊,灵魂的欢呼,情感展现、悟道,修炼、情感、爽点,"圣主未屠戮信徒（信徒能提供少许信仰且可借以知晓外界变化）。圣主猜测剑主东伯雪鹰都得界心令投胎转世。东伯雪鹰三大分身在古圣界消磨烙印，石老怪、剑主、天愚老祖、虚空始祖、刀皇、界祖、巫祖等宇宙神观看。古圣界不可计数生灵灵魂烙印消散恢复自由，无数灵魂本能发出欢呼（自由解脱的波动），席卷古圣界波及宇宙神们。东伯雪鹰感动落泪，由此看到虚界幻境道五脉融合（最后一脉""灵魂""）的方向（无数灵魂是源世界根本，奴役众生之路是错的）。东伯雪鹰对虚界幻境道究极有了信心。众宇宙神痛快开心。",东伯雪鹰消磨古圣界信徒烙印，无数灵魂恢复自由本能欢呼，东伯雪鹰由此看到虚界幻境道五脉融合方向。
飞雪大尊,本源力量,设定揭示、悟道,修炼、揭示、设定、爽点,"太虚天宫众宇宙神饮酒作乐（一宗派两大究极）。东伯雪鹰与剑主暗中商议维持""东伯雪鹰已突破究极""的误会（震慑圣主钧帝）。东伯雪鹰意识进入源世界混沌虚空最核心的""本源空间""（五颜六色一团团本源交错，每团代表一条道），在虚空道本源及虚界幻境道本源上烙印灵魂印记（数个呼吸及盏茶时间）。掌控两条本源可调用本源之力，但超过一半本源才能执掌至高规则（极难）。东伯雪鹰继续以天心道人身份斩魔，分身赴焚心神树修行钻研虚界幻境道，其他分身钻研虚空道第六杀招。",东伯雪鹰进入源世界本源空间，烙印虚空道及虚界幻境道本源，继续修行以天心道人身份斩魔。
飞雪大尊,死亡行者,伏笔埋设、人物引入,人物、伏笔,"不死冥帝向虫祖收集一百滴噬界灵液（噬界大帝遗留，培养虫兽最佳食材），付出手环宝物。不死冥帝凑齐所有材料：永夜三个究极怨灵、极夜源血、圣火城主圣火石、虫祖噬界灵液、一具完好的浑源生命尸体。欲炼制""死亡行者""（半浑源生命体，匹敌最弱小浑源生命，借此有把握闯断牙山脉）。不死冥帝回忆过去炼制死亡行者失败献祭逃回界心大陆。在界心大陆边缘无名荒山布置十六根青铜柱子锁链捆缚浑源生命尸骸，以圣火石苍白火焰灼烧极夜源血得青色结晶融入尸骸，喂食一百滴噬界灵液。",不死冥帝凑齐材料（究极怨灵、源血、圣火石、噬界灵液、浑源生命尸骸），在无名荒山布置法阵炼制死亡行者。
飞雪大尊,大陆轰动,矛盾爆发、转折高潮,冲突、高潮,不死冥帝以青色结晶融入尸骸，喂食噬界灵液令尸骸泛起活力。最关键时燃烧三个究极怨灵为能源，在尸骸胸腹浮现三个黑色漩涡。法阵笼罩十五个国度，无数灵魂被吞吸飞起（连宇宙神都挣扎不开）。夏皇、灭世神帝、无限城主、月花国主、永夜始祖等无敌存在遥遥观看震惊。夏皇、无限城主、摩天国主三大无敌存在出面阻止，夏皇操纵虚空令灵魂停下。,不死冥帝献祭十五国生灵灵魂炼制死亡行者，法阵笼罩十五国无数灵魂飞起，夏皇无限城主摩天国主出面阻止。
飞雪大尊,魔威滔天,矛盾爆发、人物心理,冲突、情感,东伯雪鹰以破界传送窥伺看到无数灵魂被吞吸，震惊愤怒。剑主传讯告知是不死冥帝以浑源生命尸骸献祭十五国灵魂。夏皇怒喝不死冥帝太过分（元会降惩罚），不死冥帝称元不会管（仅百分之一二人口）。不死冥帝威胁若坏其事将倾尽全力杀戮各方徒弟后辈国度城池。夏皇、无限城主、摩天国主无奈退去（无法承受不死冥帝疯狂报复）。东伯雪鹰无视南云国主剑主劝阻，以天心道人身份现身。,不死冥帝威胁夏皇等退去，东伯雪鹰无视劝阻以天心道人身份现身阻止献祭。
飞雪大尊,身份暴露,转折高潮、悬念设置,伏笔、高潮,东伯雪鹰操纵虚空控制住无数灵魂。不死冥帝一掌拍来（黑暗世界般的手掌），东伯雪鹰以大破界传送术遁逃（受重伤但不死，浑源炼体二层加虚空火莲花）。不死冥帝正视天心道人。东伯雪鹰以元可能降惩罚及破坏法阵相威胁（上百分身大破界传送术分散破坏各处法阵关键）。不死冥帝燃烧心脏金色血液，金眸看破东伯雪鹰真实身份（南云国应山雪鹰，南云国主之徒即不死冥帝徒孙），传音威逼劝退。南云国主传音劝东伯雪鹰忍，南云国主与不死冥帝传音划清界限。,不死冥帝金眸看破东伯雪鹰天心道人身份（应山雪鹰，徒孙），传音威逼劝退，南云国主传音劝忍。
飞雪大尊,愤怒的不死冥帝,矛盾爆发、转折高潮,冲突、高潮,"东伯雪鹰拒绝退让（投胎转世不在乎南云国主约束），劝不死冥帝放弃杀戮或反方向修行。不死冥帝传音南云国主劝徒孙无效。东伯雪鹰喝令退不退。不死冥帝以死亡黑暗世界及金色火焰全力攻击，东伯雪鹰""万界遁行""失败，分身被焚灭。东伯雪鹰上百分身分散出现各处，同时摧毁法阵十余处关键，庞大法阵崩溃，十五国灵魂恢复自由。不死冥帝愤怒嘶吼""应山雪鹰""，响彻亿万里惊动整个界心大陆，天心道人身份传遍。","东伯雪鹰拒绝退让，上百分身摧毁法阵崩溃救十五国灵魂，不死冥帝嘶吼""应山雪鹰""身份传遍界心大陆。"
飞雪大尊,谁都救不了你,战斗描写、转折高潮,战斗、高潮,"受过东伯雪鹰救命之恩的修行者们焦急担心，魔头们欢呼期待。不死冥帝灭杀东伯雪鹰三十余个分身后其他分身遁逃（东伯雪鹰故意牺牲以试探不死冥帝实力）。不死冥帝杀至飞雪城上空，怒喝""谁都救不了你，整个飞雪城都得为你陪葬""（但实际不敢屠戮太多怕元降惩罚）。妖剑之主（剑主分身）现身阻挡，虫祖巴妥晨现身阻挡（应山氏有旧）。断牙山脉星光世界之主（星光衣袍男子，东伯雪鹰曾救其女儿）赶来相助。",不死冥帝灭杀东伯雪鹰分身后杀至飞雪城，剑主、虫祖巴妥晨、星光世界之主三大强者先后现身相助。
飞雪大尊,东伯雪鹰的帮手们！,人物引入、情感展现,人物、情感,"剑主被不死冥帝拍飞（受轻伤），虫祖以黑色棍子（无数虫子凝聚）抵挡被碎裂。星光世界之主持长矛刺穿不死冥帝手掌，不死冥帝燃烧心脏金色血液左手变金色击退星光世界之主。虫祖巴妥晨真实身份是当初东伯雪鹰在荼花国救下的合一境小子（得噬界大帝传承，灵魂与究极虫兽融合成究极），因东伯雪鹰两次救命之恩前来相助。星光世界之主因东伯雪鹰救其女儿前来。东伯雪鹰感悟""一饮一啄，至高规则运转的一种""。",剑主虫祖星光世界之主三大强者出手相助均被不死冥帝击退，虫祖巴妥晨真实身份揭晓（东伯雪鹰曾救其命）。
飞雪大尊,灭世一掌,战斗描写、转折高潮,战斗、高潮,"不死冥帝燃烧心脏金色血液，左手金色手掌（超越夏皇的实力）击退星光世界之主，轰飞剑主虫祖。不死冥帝金色手掌朝飞雪城拍下（界心大陆第一强者倾力一击，灭世一掌）。南云国主绝望，应山老母准备迎接灭亡。东伯雪鹰手持浑源神兵""青河枪""，携飞雪城阵盘核心，调动全城法阵加持己身，怒劈""浑源天地一线大切割""——天地裂开一条黑漆漆裂缝，将金色手掌劈出一道黑色裂缝，金光消散手掌一分为二被侵蚀破坏。不死冥帝难以置信。","不死冥帝金色手掌灭世一掌拍向飞雪城，东伯雪鹰持青河枪调动全城法阵以""浑源天地一线大切割""正面劈开金色手掌。"
飞雪大尊,硬拼不死冥帝！,战斗描写、转折高潮,战斗、高潮,"界心大陆顶尖强者目瞪口呆（不死冥帝一掌被挡住）。东伯雪鹰以飞雪城法阵加浑源神兵青河枪，施""无限泡影尽消散""""万界遁行""等招数击退不死冥帝连续攻击，将其挪移出飞雪城（在飞雪城内东伯雪鹰操纵每一寸虚空）。不死冥帝舍不得燃烧心中血被轰得狼狈不堪，猜出东伯雪鹰手持浑源神兵（最擅长调动浑源之力）。不死冥帝无奈离去，临走威胁""离开飞雪城发现一次灭一次""。东伯雪鹰自评无飞雪城法阵加持在外界非不死冥帝对手（手持青河枪约永夜始祖三成实力）。",东伯雪鹰持青河枪借飞雪城法阵正面硬抗不死冥帝，将其挪移出城击退，不死冥帝猜出浑源神兵无奈离去。
飞雪大尊,共聚,情感展现、人物心理,情感,"夏皇判断东伯雪鹰非究极境（法阵虚空道未达究极），以宇宙神二层巅峰加至高秘传发挥究极境战力加飞雪城法阵匹敌不死冥帝（但威力出乎意料，看不懂）。樊祖称在飞雪城东伯雪鹰无敌。夏皇称不死冥帝无法寻踪东伯雪鹰分身。东伯雪鹰感谢剑主、虫祖、星光世界之主，星光世界之主离去（邀东伯雪鹰将来访断牙山脉星光世界）。应山老母及应山氏子弟自豪。东伯雪鹰宴请虫祖巴妥晨及剑主于帝君府。虫祖巴妥晨暴露真容，东伯雪鹰认出""巴妥晨？""。",夏皇判断东伯雪鹰非究极境但看不懂其威力，在飞雪城无敌，东伯雪鹰宴请虫祖剑主，认出虫祖真身为巴妥晨。
飞雪大尊,飞雪大尊（本篇终）,情感展现、转折高潮,情感、高潮,"巴妥晨讲述经历：在夏风国都拜入宗派，在宝器坊市购得黑色虫子雕刻（噬界大帝传承），灵魂恰好能融合噬界大帝培养的究极虫兽，逐步融合至究极（境界本身很低，纯靠虫兽手段）。巴妥晨提升路已断绝（除非虫兽道达究极，噬界大帝都做不到）。东伯雪鹰请剑主保密。剑主透露与东伯雪鹰来自同一源世界同一宗派（太虚天宫），皆投胎转世。东伯雪鹰出示浑源神兵青河枪，告知剑主虫祖。不死冥帝散布""浑源神兵""消息（比至高秘宝珍贵罕见，宇宙神二层能有如此实力），意图引来贪婪者。夏皇等恍然大悟（想到东伯雪鹰购买的大量浑源砂）。界心大陆渐渐公认东伯雪鹰为有史以来最强尊主级，尊称""飞雪大尊""。","巴妥晨真身揭晓（噬界大帝传承融合究极虫兽），东伯雪鹰出示浑源神兵青河枪，不死冥帝散布消息，东伯雪鹰被尊为""飞雪大尊""（界心大陆有史以来最强尊主级）。"
究极,切磋,环境铺陈、设定展开,设定,"东伯雪鹰在飞雪城与虫祖巴妥晨、剑主切磋比试。东伯雪鹰手持浑源神兵青河枪与虫祖交手轻松压制，虫祖提及不死冥帝散播""究极境得浑源神兵实力大增""消息。东伯雪鹰怒斥此消息为胡说——浑源神兵须亲手炼制方能炼化，且与至高秘传配合仅修行虚空道者能用。东伯雪鹰与剑主交手，剑主毁灭道蕴含至高秘传手段，东伯雪鹰虚空道手段相近但处下风。东伯雪鹰施展九大分身配合虚空火莲花合击，后又改施领域之术配合青河枪。双方停手后剑主称东伯雪鹰在外界交手永夜始祖也很轻松。东伯雪鹰称出去会被不死冥帝杀来，领域在死亡世界面前被镇压，浑源神兵被夺无法接受，决定成究极境那天才带浑源神兵出飞雪城。夏皇、樊祖、苍帝三道化身降临飞雪城拜访。",东伯雪鹰与虫祖剑主切磋展示浑源神兵青河枪实力，夏皇樊祖苍帝化身来访。
究极,拜访,设定展开、人物引入,人物、设定,夏皇、樊祖、苍帝来访。樊祖与虫祖巴妥晨论旧仇（巴妥晨杀过樊氏高手），以飞雪客卿关系为由揭过。樊祖追问东伯雪鹰在界心神宫真正收获是否为至高秘传，东伯雪鹰承认。夏皇推测东伯雪鹰之前买十万斤浑源砂是炼制浑源神兵。东伯雪鹰展示青河枪秘纹，夏皇看懂虚空道部分但浑源层次部分困惑，樊祖苍帝更迷糊。夏皇等渴望跳出樊笼成就浑源，请东伯雪鹰介绍浑源神兵。东伯雪鹰解释浑源神兵本是浑源生命兵器，宇宙神无法使用，元想出让其亲手炼制简化版虚空道浑源兵器。漂泊者和夏皇公开确认其为虚空道浑源兵器、宇宙神几乎不可能炼化，令不死冥帝散播消息落空。东伯雪鹰驱逐月花国主等魔头化身，不给他们看秘纹。,夏皇樊祖苍帝来访观看浑源神兵秘纹，确认其为虚空道浑源兵器，不死冥帝散播消息落空。
究极,剑主的邀请,矛盾爆发、转折高潮,冲突、高潮,黑袍殿主在阴冷地底宫殿以三千八百亿修行者为试验材料研究肉身灵魂，东伯雪鹰（飞雪大尊）现身镇压。黑袍殿主称仅为修行试验非魔头，东伯雪鹰斥其为蝼蚁，一挥手将其镇压成画消散。宫殿自毁爆炸，东伯雪鹰庇护无辜生灵。不死冥帝突现以黑暗灭尽东伯雪鹰救出的亿万生灵，嘲笑东伯雪鹰救则被灭。东伯雪鹰消散分身离去。不死冥帝开始掀起纷争大杀戮针对东伯雪鹰。剑主来访，称东伯雪鹰出飞雪城被不死冥帝蹂躏故其肆意，建议东伯雪鹰出去经历生死磨砺。剑主邀请东伯雪鹰同去断牙山脉探索，剑主已有目的地（夏风古国情报远超南云国），虫祖巴妥晨愿同往。,东伯雪鹰灭黑袍殿主救人被不死冥帝灭尽生灵，剑主邀请东伯雪鹰同去断牙山脉磨砺。
究极,断牙山脉内两大族群,设定揭示、环境铺陈,揭示、设定,虫祖巴妥晨赶到飞雪城，三人商议。虫祖称自身为究极境虫兽可真身被灭再生（费时久），东伯雪鹰剑主有分身不怕陨落。剑主传夏风古国九成断牙山脉情报。断牙山脉占地约三个夏风古国，进入后是广袤奇特空间，隐藏一个个原住民世界及一座座浮空岛。两大族群：原住民（内含稀薄浑源生命血脉，刚出生即虚空神，世界君主一般无敌层次，极夜始祖界兽王曾吞吃原住民结仇）及死孽族（浮空岛出生，智慧极低如野兽，数量庞大）。低等浑源生命数量极少。剑主此次目标是有苍氏两批宇宙神陨落的浮空岛。三人当日出发。,剑主传夏风古国断牙山脉情报，介绍原住民和死孽族两大族群，三人出发探索。
究极,潜入,环境铺陈、悬念设置,伏笔、设定,"三人进入断牙山脉内部空间，山脉变为浮空岛。目标浮空岛代号""阴五二九九""，直径超三千亿里。浮空岛内无法大破界传送，东伯雪鹰领域受阴冷力量阻碍仅百万里，幻境世界受压制低可维持一千八百万里。虫祖派虫子探路。发现球状白雾（碰触即湮灭）等环境危险。东伯雪鹰幻境发现死孽族窥伺（黑色皮肤异兽）。遇原住民红色短发男子，虫祖发现远处有十六位原住民营地。",三人进入浮空岛受压制，发现环境危险及死孽族窥伺，遇原住民队伍。
究极,联手,人物引入、矛盾展现,人物、冲突,红色短发男子传音殿下，判断来者三位中两位疑似究极境。血炎一族决定交好修行者（急需阴灵果提升殿下实力夺回家乡，对修行者用途低不会争）。银发女子影依出面提议联手对付死孽族。剑主同意。双方汇合，首领血炎冀殿下（青袍俊美高大青年）介绍死孽族有领地侵入即袭击，朝核心前进。六道黑影突袭三人，虫祖衣袍化无数虫子围攻令六道退去。黑雾面孔率数十道黑影大举袭击，超八成攻原住民十六人，五道攻三人。,血炎一族为首的十六位原住民与三人联手，死孽族大举袭击，虫祖击退六道后大波来袭。
究极,队伍中最弱的一个,战斗描写、转折高潮,战斗、高潮,黑雾面孔（黑衣少女）直扑血炎冀殿下，血炎冀红色火焰抗衡。东伯雪鹰观战判断血炎冀约永夜始祖两三成实力。虫祖衣袍虫子被黑袍老者化巨大头颅吞困。剑主剑光温柔切割死孽族，四头两死两逃，巨大头颅也遁逃。原住民一方遭二十多头死孽族围攻，两战阵崩溃六人，一人疯狂觉醒达究极境。剑主出手救不及，死孽族遁逃。原住民损失四位同伴，一人觉醒血脉。血炎冀称剑主实力为无敌层次，将东伯雪鹰当三人中最弱。虫祖传音笑称自己才最弱。,剑主剑光斩杀死孽族展露无敌实力，原住民损失四人，死孽族退去，东伯雪鹰被误认为最弱。
究极,族地,设定揭示、悬念设置,伏笔、揭示、设定,黑衣少女（芙挲王）命手下退去，上禀族地。族地为被挖空大山内殿厅，水潭生出弯曲果树两颗阴灵果，果树顶端有一颗灰色眼睛散发威压。芙挲王至长老殿求见，高瘦男子乞杜王（细长尾巴）称需商议。盏茶时间后决定唤醒二长老三长老（皆王级巅峰），大长老和皇暂不唤醒。东伯雪鹰三人及原住民队伍击溃一支死孽族，血炎冀称快到族地。,芙挲王上禀族地，族地长老殿有灰色眼睛及阴灵果，唤醒二长老三长老，东伯雪鹰等逼近族地。
究极,出手！,战斗描写、转折高潮,战斗、高潮,二长老（人形鳞甲怪物）、三长老（绿雾驼背老者）及十一位王倾巢出动截杀。十三道身影凭空出现，为首两长老气息比永夜始祖还霸道。血炎冀收起三弱放四强（皆究极境战力），血炎一族倾尽力量。二长老化绿色雾气巨人，三长老近身杀来，剑主以剑光缠住两长老。芙挲王一爪击退虫祖。东伯雪鹰出手，虚空火莲花上九大分身同时一拳汇聚巨大拳头与芙挲王爪子碰撞。芙挲王震惊——被认为最弱者竟是入侵者中第二强。,死孽族二长老三长老及十一王截杀，东伯雪鹰九大分身出手与芙挲王平分秋色。
究极,东伯雪鹰的杀手锏,战斗描写、转折高潮,战斗、高潮,"东伯雪鹰施""浑源海洋""领域压迫王级们实力大损。血炎冀传音朝族地前进。二长老传音唤醒大长老。大长老（突破王级更高层次）苏醒，一掌令天地冰封，喷黑色乌云成黑暗世界令东伯雪鹰浑源海洋溃散。剑主全力一道剑光撕裂黑暗，黑暗背后黑雾绳索缠绕剑主。大长老招数粗糙威能恐怖，剑主仅能纠缠。二长老三长老芙挲王及十王联手杀向原住民。东伯雪鹰杀手锏——一股恐怖波动笼罩，八位王直接失去意识，两位长老及三位王勉强清醒瞬移逃遁，大长老实力衰减至五成。剑主虫祖震惊于杀手锏效果——一招横扫四方。",东伯雪鹰杀手锏幻境一招令八王沉沦灭杀，两长老三王逃遁，大长老仅剩五成实力。
究极,灵魂道路第一人,设定揭示、悟道,修炼、揭示、设定、爽点,剑主虫祖惊叹杀手锏威力。东伯雪鹰收八位王遗留兵器（血红色利爪、木棍等）。东伯雪鹰解释死孽族灵魂特殊但智慧心境低，抵抗灵魂招数不及修行者，灵魂招数对死孽族效果极好，但宇宙神二层灵魂招数仅对王级有效，对皇级可忽略。群攻靠东伯雪鹰，应对最强者靠剑主。东伯雪鹰虚界幻境道四脉融合正融合第五脉，在灵魂道路上为界心大陆无可争议第一人，全力施展灵魂招数为界心大陆有史以来最逆天。东伯雪鹰提醒大长老在其招数下能维持五成，皇影响更低，须尽快。死孽族族地唤醒皇。,东伯雪鹰为界心大陆灵魂道路第一人，虚界幻境道五脉融合中，死孽族唤醒皇。
究极,一颗灰色眼睛,装备获取、悬念设置,伏笔、奖励,东伯雪鹰数百个分身入族地寻宝，发现六百二十五颗玄鳞石（坚不可摧炼秘宝珍材，价值媲美一件巅峰秘宝）。远处爆发出皇的气息。东伯雪鹰留数个分身帮血炎一族，剑主收起虫祖和东伯雪鹰入洞天宝物全力遁逃。大长老追杀。东伯雪鹰一尊超强分身至长老殿，血炎冀眉心血色晶石实力暴涨达无敌层次，与黑漆漆巨人（皇）搏杀。东伯雪鹰施幻境令二长老三长老等遁逃，皇实力下降三成。东伯雪鹰发现果树顶端灰色眼睛，与灰色眼睛对视。,东伯雪鹰得六百二十五颗玄鳞石，留分身助血炎一族，与长老殿灰色眼睛对视。
究极,愤怒的皇,悟道、转折高潮,修炼、高潮、爽点,东伯雪鹰观看灰色眼睛，其构造玄美无比，比自身肉身还玄妙。血炎冀传音准备离去，东伯雪鹰称只是分身无需管。血炎冀以九尾大圣灵叶遁逃。皇愤怒一巴掌灭杀东伯雪鹰分身。皇实力未削弱时威能媲美不死冥帝拼命爆发时。皇因阴灵果被夺（两颗未成熟，对皇无用）愤怒追杀东伯雪鹰分身。,东伯雪鹰分身沉迷观看灰色眼睛被皇灭杀，血炎冀以灵叶遁逃夺走一颗未成熟阴灵果。
究极,大收获,装备获取、转折高潮,奖励、高潮,东伯雪鹰另一分身潜入长老殿碰触灰色眼睛，模糊看到恐怖浑源生命（数十蹄爪、密密麻麻眼睛），随即被恐怖威能湮灭。皇灭杀东伯雪鹰所有分身后追杀剑主。剑主全力遁逃，东伯雪鹰在洞天内施幻境影响大长老。皇追杀一个时辰，剑主冲出浮空岛范围逃遁。三人浮空岛外汇合盘点宝物，先送回飞雪城。血炎冀前来感恩，赠血炎一族历史上发现的修行者秘宝（含两件巅峰秘宝）。东伯雪鹰询问灰色眼睛，血炎冀称好些浮空岛都有，共522颗，碰触受惩罚。东伯雪鹰视灰色眼睛为最大收获——看到奇特幻境构成，残缺需其他眼睛结合。,东伯雪鹰碰触灰色眼睛模糊看到恐怖浑源生命后被湮灭分身，剑主逃出，血炎冀以522座有眼睛浮空岛情报及秘宝报恩。
究极,探索众浮空岛,悟道、情节推进,修炼、爽点,东伯雪鹰向血炎冀求购有灰色眼睛的522座浮空岛情报（18座详细、89座较详细、其余粗略）。三人按情报探索，从危险低的开始。剑主在一座通体血色高山看到毁灭道前进方向。虫祖得赤筠果（对虫兽大用）。东伯雪鹰在灰暗河流感受浑源层次虚空道运转。三人连续成功探索三十二座浮空岛，每座都发现神秘眼睛。东伯雪鹰记下33颗眼睛幻境构成（25灰8金），灰色眼睛幻境为吸引敌人沉迷，金色眼睛为幻境内直接灭杀灵魂。东伯雪鹰多次派分身触摸眼睛被湮灭但模糊感应到恐怖浑源生命。,三人按血炎一族情报探索三十二座浮空岛，东伯雪鹰记下33颗神秘眼睛幻境构成，分两种（灰金）。
究极,巨大的湖泊,悟道、伏笔埋设,伏笔、修炼、爽点,东伯雪鹰在焚心神树下参悟33颗神秘眼睛幻境构成，参悟至高秘传虚空道创五大杀招（皆究极境战力），虚界幻境道缺逆天杀招，神秘眼睛给予引领。东伯雪鹰分身在焚心神树及飞雪城持浑源神兵两尊为十成灵魂，其余七成。三人探索第34座浮空岛，发现巨大湖泊（上亿里）情报无记载。东伯雪鹰分身靠近，湖泊化为巨大血盆大口——低等浑源生命石渊皇（八大圣之一）。剑主大惊，虫祖绝望。,东伯雪鹰焚心神树下参悟神秘眼睛，三人第34座浮空岛遇低等浑源生命八大圣之一石渊皇。
究极,全军覆没,转折高潮、战斗描写,战斗、高潮,石渊皇吞吸令时空扭曲。东伯雪鹰一主战分身被吞入炽热分解。剑主收起东伯雪鹰虫祖全力破束缚逃，石渊皇爪子如岩石以超高速笼罩，剑主吐血狼狈。东伯雪鹰全力施幻境仅令石渊皇实力降一成。石渊皇将追逐当乐子。十个呼吸后剑主扛不住，洞天宝物炸碎，东伯雪鹰虫祖被吞吸。三人分身就此覆灭。飞雪城中剑主化身降临，称面对石渊皇未能抗下。剑主决定闭关静修（兵器遗失实力锐减），东伯雪鹰决定独自继续去闯看神秘眼睛。,三人分身被石渊皇吞吸全军覆没，剑主闭关静修，东伯雪鹰决定独自闯荡断牙山脉。
究极,虚界幻境道第一杀招（上）,悟道、转折高潮,修炼、高潮、爽点,东伯雪鹰独自闯浮空岛，幻境令死孽族中招沉沦。闯超过三百座岛屿，成功深入又返回55座（均未获准采集材料，族地外奇珍加起来媲美两件巅峰秘宝）。完全记下102颗神秘眼睛幻境构成（加之前共135颗）。东伯雪鹰停止闯荡，在焚心神树下将135颗眼睛（82灰53金）幻境构成剖析钻研，陷入顿悟，一座特殊幻境逐渐成型。,东伯雪鹰独自闯三百余座浮空岛记下135颗神秘眼睛幻境构成，在焚心神树下陷入顿悟。
究极,虚界幻境道第一杀招（下）,悟道、转折高潮,修炼、高潮、爽点,"顿悟持续十万年，圆盘般蒙蒙虚幻世界在识海中形成，灵魂更加凝实蜕变。东伯雪鹰感觉部分圆满感，灵魂反哺肉身使肉身提升。命名此招""虚幻世界之璀璨""——世界璀璨包罗万象，宇宙神也要沉沦。体内虚界宇宙按新构造改造，扩张变大时间流速更快。东伯雪鹰至一座浮空岛验证，幻境笼罩三亿里，死孽族大批沉沦，连皇（四蹄黑色羽翼异兽）也被笼罩沉沦。东伯雪鹰横扫整座浮空岛包括皇。","东伯雪鹰顿悟十万年创出虚界幻境道第一杀招""虚幻世界之璀璨""，可令普通皇级直接沉沦。"
究极,我有一招，可横扫四方,悟道、情节推进,修炼、爽点,东伯雪鹰成为界心大陆有史以来第一个横扫一座浮空岛（含皇）的修行者。皇级沉沦是断牙山脉历史第一次。东伯雪鹰从沉睡皇意识中查询情报，发现死孽族情报极模糊粗略。东伯雪鹰继续闯522座有眼睛浮空岛，半年记下506颗（329灰177金），超过两百座皇能维持一丝清醒。东伯雪鹰渴望虚空道达究极以带亲朋逃离大破灭。决定拜访好友星光世界之主。,东伯雪鹰横扫浮空岛创历史，继续记下506颗神秘眼睛，渴望虚空道究极，决定拜访星光之主。
究极,星光世界的困境,环境铺陈、矛盾展现,冲突、设定,东伯雪鹰至星光世界，发现经历大战废墟。星光世界核心被五族大船空间封禁围困。东伯雪鹰翻看一雷蛇一族守卫记忆，得知雷蛇主君率五族攻打星光世界欲灭族占领。东伯雪鹰大破界传送进入星光世界核心，星光之主（星光衣袍男子）认出飞雪帝君。星光之主宴请东伯雪鹰，称女儿曾好奇进入界心大陆遇魔头被东伯雪鹰（天心道人）所救。星光之主称遭北河大帝攻打（尘曜大帝死后北河击败其他三帝抢得疆域），血炎一族同样被占家乡。星光之主赠浮空岛情报请东伯雪鹰尽快离开免被连累。,东伯雪鹰发现星光世界遭北河大帝麾下五族围攻，星光之主曾受东伯雪鹰救女之恩。
究极,都是些兵卒罢了,矛盾爆发、转折高潮,冲突、高潮,东伯雪鹰称分身无数不怕连累。星光之主细说——断牙山脉原住民族群两大至尊统领，星光世界归昊古至尊麾下，昊古至尊下原有五位大帝，尘曜大帝死后北河大帝赌斗击败其他三帝。北河大帝霸道狠辣欲奴役诸世界。东伯雪鹰称北河大帝为魔头。接风宴中五族再攻，五族十五位顶尖强者杀出，星光九大元老迎战。东伯雪鹰见一元老重伤而星光之主未出手（忌惮五族首领），一念施幻境令双方大群高手尽皆沉沦，将双方挪入主城后只让星光一方苏醒。东伯雪鹰称五族只是兵卒不必下狠手。,东伯雪鹰幻境一念令五族三十位高手尽皆沉沦被俘，星光之主大喜称东伯雪鹰为整个星光一族大恩人。
究极,仓惶而逃,矛盾收束、人物心理,冲突、情感,星光之主将五族三十位高手囚禁于星光玉瓶。五族首领惊恐，五位首领（皆初入皇级）传音商议——灵魂招数让皇级沉沦史无前例，虽自信能抗但实力会降三四成，在星光世界星光之主借助族群力量能抗五人联手，决定退去禀告帝君。蛇尾人身女子化身留下威胁，星光之主打断要求北河大帝亲降谕旨保证不再攻打。五族退去，星光一族欢呼。星光之主称飞雪老弟为大恩人。公主遥看东伯雪鹰。五族首领至北河世界禀告。,五族退去禀告北河大帝，星光一族暂胜，星光之主以俘虏为筹码要求北河大帝不再攻打。
究极,三十六神将,人物引入、设定揭示,人物、揭示、设定,北河世界，五族首领求见北河大帝（青袍人，肃杀气息，剑光如天河）。银发男子天尘守卫传话。北河大帝得知飞雪帝君擅长灵魂招数一念令三十位高手尽皆中招。风烟神将（银甲妖娆女子，三十六神将第十五）禀报飞雪大尊事迹（天心道人震慑魔头、坏不死冥帝好事、飞雪城抵挡不死冥帝、实力宇宙神二层有浑源神兵）。北河大帝确认即飞雪帝君，称其有胆色不伪装容貌。北河大帝不容征战出意外，派餮云神将（黑甲壮汉第二十九）、风烟神将及骸龙神将（第二神将）助五族收星光世界。五族首领惊骇于骸龙神将被派出。,北河大帝得知飞雪帝君事迹，派餮云风烟两位神将及第二神将骸龙神将助五族攻星光世界。
究极,谁是飞雪帝君？,人物引入、矛盾展现,人物、冲突,"三十六神将为北河大帝精选皇级高手。骸骨神将（白骨甲铠俊美青年，第二神将）调戏风烟神将求当夫人被拒。三神将及五族首领乘大船至星光世界。星光之主发现骸骨神将等三神将降临，身体颤抖。骸骨神将审视东伯雪鹰，问""谁是飞雪帝君""，东伯雪鹰站出""我就是飞雪帝君""。",骸骨神将、风烟神将、餮云神将三神将助五族至星光世界，骸骨神将问谁是飞雪帝君。
究极,对付皇级,战斗描写、转折高潮,战斗、高潮,"骸骨神将威胁两条路——顽抗灭族或臣服（星光之主九元老赴北河世界听候调遣）。星光一族拒绝，准备拼死。东伯雪鹰施虚界幻境道第一杀招""虚幻世界之璀璨""笼罩五族首领——四位直接倒下，唯三眼人眉心眼睛勉强保持一丝清醒挣扎。东伯雪鹰事先传音星光之主立即出手。星光之主巨大星光手掌一把抓住五族首领。三神将震惊——有史以来第一次皇级在灵魂招数下沉沦。",东伯雪鹰幻境一招令五族首领四位沉沦一位勉强清醒，星光之主擒拿五族首领，三神将震惊。
究极,神将们的结局,战斗描写、转折高潮,战斗、高潮,星光之主一手抓骸骨神将，一手抓餮云神将。风烟神将直接沉沦被活捉。餮云神将仅剩一成实力被战阵围攻吐血重伤擒拿。骸骨神将持双战刀愤怒狂暴，肉身太强保持三成实力，星光之主压制但无法伤其肉身。骸骨神将传讯北河大帝称五族首领、风烟神将、餮云神将全部被活捉，自己逃离。骸骨神将不甘屈辱愤怒离去。,风烟神将沉沦被活捉，餮云神将重伤被擒，骸骨神将保持三成实力逃离，传讯北河大帝。
究极,北河大帝,转折高潮、人物心理,情感、高潮,东伯雪鹰感慨修行者与两大族群实力差距——修行者无敌只是王级圆满，夏皇不死冥帝两条道究极才初入皇级。星光之主钦佩东伯雪鹰为断牙山脉历史第一个令皇级沉沦者。星光之主提议联系其他世界之主联手抗北河大帝。北河世界十余位神将传音震惊。北河大帝站起，称飞雪帝君灵魂道路第一人满心欢喜，要亲自前往星光世界邀请飞雪帝君做客。神将们目瞪口呆。,星光之主提议联合世界之主，北河大帝称飞雪帝君为灵魂道路第一人，亲自前往邀请做客。
究极,初相见,人物引入、转折高潮,人物、高潮,北河大帝乘金光飞翼舟至星光世界。星光之主召集超过二十位好友世界之主赶来。世界之主们行礼敬重东伯雪鹰。北河大帝（青袍男子，恐怖压迫力）与东伯雪鹰视线碰撞。北河大帝称飞雪帝君为唯一值得注视者。,北河大帝乘金光飞翼舟至星光世界，二十余位世界之主赶来支援，北河大帝与东伯雪鹰初见。
究极,一片花瓣,设定展开、转折高潮,设定、高潮,北河大帝称飞雪帝君灵魂道路第一人，邀请至北河世界做客。东伯雪鹰传音星光之主商量后应邀，星光之主派化身跟随。北河世界主殿厅，三十四位神将到来（风烟餮云被俘未到）。北河大帝设鹊花宴——两朵鹊花三十六瓣，一片花瓣价值媲美阴灵果，对原住民有奇效。东伯雪鹰食花瓣肉身提升两成。宴后北河大帝与东伯雪鹰散步，提出宝物平分、地位等同（飞雪大帝）共掌天下。,北河大帝设鹊花宴款待东伯雪鹰，提出宝物平分地位等同共掌天下拉拢东伯雪鹰。
究极,原住民的终极觉醒,设定揭示、伏笔埋设,伏笔、揭示、设定,"北河大帝解释原住民和死孽族源自断牙山脉两具恐怖浑源生命尸骸（曾与元厮杀令元重创），原住民含一丝浑源血脉智慧高可繁衍，死孽族从死亡中孕育无父母智慧低。两大族群比修行者多一个""皇级""层次。皇级圆满（至尊）再进一步可血脉终极觉醒返祖成为真正浑源生命。北河大帝称你我联手足以匹敌至尊，要请东伯雪鹰帮忙对付死孽族一位至尊。东伯雪鹰因不喜北河大帝手段婉拒绑定但答应帮忙对付死孽族至尊。",北河大帝揭示原住民死孽族源自浑源生命尸骸，皇级圆满再进一步可终极觉醒成浑源生命，东伯雪鹰答应帮对付死孽族至尊。
究极,大恩人,情感展现、转折高潮,情感、高潮,"北河大帝请东伯雪鹰帮忙对付死孽族至尊，东伯雪鹰答应（有分身留星光世界）。北河大帝以""飞雪帝君求情""名义撤军，诸世界恢复自由感恩。雷霄至尊、昊古至尊等五大至尊关注飞雪帝君。各世界派队伍至星光世界拜访感恩送宝物。东伯雪鹰明白北河大帝故意给人情让他尽心帮忙。",北河大帝以飞雪帝君名义撤军，诸世界感恩送宝物，五大至尊关注飞雪帝君。
究极,堆积如山的宝物,装备获取、情节推进,奖励,"各世界队伍拜访感恩，东伯雪鹰一一接待举办盛大宴会。收到至高秘宝两件（火焰道、力量道）、巅峰秘宝一百零六件及大量奇珍，成界心大陆最富有者。东伯雪鹰将宝物送回飞雪城，翻看众世界送来的浮空岛情报（有神秘眼睛的达一千两百座）。东伯雪鹰认为虚空道最重要，决定借断牙山脉""静心修炼第一至宝""七铃塔闭关。七铃塔为巫风大帝所夺，每隔万亿年响一次。东伯雪鹰前往巫风世界。",东伯雪鹰收到至高秘宝两件巅峰秘宝一百零六件成最富有者，决定借巫风大帝七铃塔闭关。
究极,巫风大帝,人物引入、情节推进,人物,东伯雪鹰至巫风世界被巡守士兵拦截（不识飞雪帝君名号）。禽羽神将（绿袍女子，巫风大帝八大神将之一）亲自迎接。巫风大帝（腰挂刀披散头发宽松衣袍）热情接待。东伯雪鹰请借七铃塔闭关。巫风大帝称万亿年用一次自身已用够，条件为派几个分身陪其去一趟厣皇岛。东伯雪鹰答应。,东伯雪鹰至巫风世界见巫风大帝，借七铃塔条件为陪巫风大帝闯厣皇岛。
究极,进入厣皇岛,环境铺陈、矛盾展现,冲突、设定,巫风大帝带五位神将及东伯雪鹰出发。厣皇岛为十三皇之一厣皇的浮空岛，断牙山脉排名前十，东伯雪鹰见最庞大浮空岛。巫风大帝化无形风高速穿行（速度远超剑主）。进入数个呼吸被守卫发现。鳞甲巨人长老（扛巨锤）嘲弄巫风大帝上次被踹屁股，巫风大帝一神将施黑紫火焰灼烧长老，长老瞬移逃至厣皇宫禀告厣皇（干瘪瘦小全身鳞甲有鳞甲翅膀，盘膝坐晶莹玉石床）。厣皇令祈长老率二十一位肉身强横长老去挡巫风大帝。,巫风大帝带东伯雪鹰等进入厣皇岛，鳞甲巨人长老被灼烧后禀告厣皇，厣皇派二十二位长老迎战。
究极,是他，飞雪帝君！,战斗描写、转折高潮,战斗、高潮,"二十二位长老瞬移出现围攻巫风大帝等。巫风大帝施无数气流束缚长老们实力降一两成，五位神将出手，巫风大帝拔刀出招。东伯雪鹰施虚界幻境道第一杀招——七位长老直接沉沦，十一位剩一两成实力，四位剩三成实力。巫风大帝迅速擒拿十八位，出刀分别一刀活捉四位。厣皇震惊，一人头兽身长老惊呼""一定是他，飞雪帝君""。",东伯雪鹰幻境一招令二十二位长老沉沦或实力大损被活捉，厣皇震惊得知飞雪帝君。
究极,厣皇和飞雪帝君,转折高潮、人物心理,情感、高潮,"人头兽身长老解释从兄弟俄洛处听闻飞雪帝君传说以为谣言，见威力方知为真。厣皇率五位禁地长老出面，问""可是飞雪帝君""。东伯雪鹰恢复真容。厣皇承认败给飞雪帝君非败给巫风，拉拢东伯雪鹰称可帮得到至高秘宝及辅助之物。巫风大帝色变。东伯雪鹰拒绝。厣皇眼神阴沉。",厣皇得知飞雪帝君身份，承认败于东伯雪鹰，拉拢被拒。
究极,闭关,矛盾收束、装备获取,冲突、奖励,厣皇被迫交出二十滴流光灵乳（对巫风血脉有奇效，极珍贵）换回二十二位长老。巫风大帝释放长老。巫风大帝送东伯雪鹰宝物表达感激。七铃塔——塔楼普通，边沿七个铃铛，只能派一个分身在内。东伯雪鹰分化灵魂完美巅峰分身入塔。东伯雪鹰在界心大陆有三尊完美巅峰灵魂分身（飞雪城、焚心神树、七铃塔）。,厣皇交二十滴流光灵乳换回长老，东伯雪鹰分身入七铃塔闭关，巫风大帝获流光灵乳。
究极,不死冥帝的紧迫感,悟道、人物心理,修炼、情感、爽点,七铃塔铃声响，东伯雪鹰灵魂进入前所未有安静状态，思维无比活跃修行极快，参悟虚空道。东伯雪鹰带石光神将（巫风八大神将第一）继续闯有神秘眼睛浮空岛记下更多幻境构成。厣皇被逼低头消息传开，巫风大帝推波助澜。五大至尊关注飞雪帝君。不死冥帝得知消息震惊嫉妒焦急——东伯雪鹰虚界幻境已达这般地步，若成究极持浑源神兵则非对手，逃入断牙山脉也被东伯雪鹰一呼百应围杀。不死冥帝感到前所未有的紧迫感。,东伯雪鹰七铃塔内灵魂安静思维活跃修行极快，带石光神将继续闯岛，不死冥帝感到前所未有的紧迫感。
究极,冥帝拜访雪鹰,矛盾展现、转折高潮,冲突、高潮,不死冥帝认为东伯雪鹰成究极恐十万亿年内，断牙山脉也成死路，正面搏杀非对手（幻境招数令实力受损，燃烧心脏之血耗尽必死）。不死冥帝至飞雪城拜访东伯雪鹰化身，态度客气捧东伯雪鹰，称仇怨可解。要求东伯雪鹰帮凑齐十五朵黑暗花并送其进蛇牙廊道，则不再屠戮弱小且可办事。东伯雪鹰色变——黑暗花珍贵但可凑，蛇牙廊道为传说禁地只有五大至尊进去过。,不死冥帝感到紧迫拜访东伯雪鹰，要求帮凑黑暗花及送入蛇牙廊道换和解，东伯雪鹰为难。
究极,十万亿年,矛盾爆发、人物心理,冲突、情感,东伯雪鹰称蛇牙廊道进入机会从未交易过，五大至尊争成道之机岂能让，自己在至尊面前也最多另眼相看，做梦都得不到。不死冥帝绝望癫狂。东伯雪鹰称可帮凑十五朵黑暗花但需誓约。不死冥帝大笑——进不了蛇牙廊道一切皆空，要求再次献祭屠戮。东伯雪鹰称阻拦。不死冥帝称十万亿年内必须成功炼制不完整死亡行者（媲美大帝级数），威胁南云国主百亿年内凑齐材料。,东伯雪鹰拒绝送入蛇牙廊道，谈判崩裂，不死冥帝决心十万亿年内炼制不完整死亡行者。
究极,冥帝，不能留！,矛盾爆发、转折高潮,冲突、高潮,南云国主至飞雪城告知东伯雪鹰不死冥帝异常霸道威胁。东伯雪鹰解释因自己在断牙山脉名气令不死冥帝感威胁。东伯雪鹰称虚界幻境道若究极或可一念灭杀不死冥帝，虚空道究极持浑源神兵寻帮手也有望斩杀。不死冥帝搜刮一座城池灵魂进行试验，东伯雪鹰赶至只见到死城。东伯雪鹰决定除掉不死冥帝。界心大陆最顶层传开东伯雪鹰断牙山脉事迹，众无敌存在震惊。,东伯雪鹰得知不死冥帝疯狂搜刮灵魂试验决心除掉，界心大陆顶层传开东伯雪鹰断牙山脉事迹。
究极,谋划,情节推进、矛盾展现,冲突,夏皇、苍帝、樊祖谈论飞雪帝君崛起。东伯雪鹰至夏风古国皇宫请三位帮忙除掉不死冥帝——可请上百个世界之主结战阵围杀，正面搏杀有把握，但究极境遁逃难寻踪。夏皇称唯无限城主能寻踪不死冥帝。东伯雪鹰称若夏皇助斩杀不死冥帝可送火焰类至高秘宝。夏皇称无限城主性子最怪异，能否请动无信心。东伯雪鹰决定去试。,东伯雪鹰请夏皇樊祖苍帝帮忙除掉不死冥帝，夏皇称唯无限城主能寻踪，东伯雪鹰决定去请。
究极,见无限城主,人物引入、设定展开,人物、设定,无限城主（全身青色皮肤，头上一对血色弯角，眼神平和）为界心大陆性子最怪异究极境，威慑力排名众界古国五祖之首，保命及寻踪能力第一。无限城主称能寻踪不死冥帝及其他究极境，但从不追杀究极境。无限城主解释其道路——精神与源世界融合观察至高规则运转秩序，不愿破坏秩序，斩杀究极境对规则秩序影响太大令观察难度提升千倍万倍。东伯雪鹰以灵魂渴望自由说服无效。,无限城主能寻踪不死冥帝但拒绝帮忙，因其道路为观察规则秩序不愿破坏秩序。
究极,释伐至尊,情节推进、转折高潮,高潮,"东伯雪鹰明白无限城主道路无法说动。北河大帝传讯准备行动对付死孽族至尊。东伯雪鹰至北河世界，北河大帝召集前十神将。目标为释伐至尊（死孽族三大至尊之一，将杀死其他生命视为""恩赐""的大魔头）。北河大帝称过去连至尊面都见不到就被打出，有飞雪帝君才有底气。十二位降临释伐岛（铺石板路，至尊初步建造）。大将诺范朵（漆黑甲铠持黑色长矛）喝问。",无限城主拒绝帮忙，东伯雪鹰随北河大帝及十神将降临释伐岛对付释伐至尊。
究极,初交手至尊,战斗描写、转折高潮,战斗、高潮,诺范朵认出飞雪帝君。释伐至尊（披金袍面善老者，身后七位强者）从虚空通道走出，身上无邪恶气息反让人温暖。释伐至尊称北河可引诱深入围杀但从未这么做。释伐至尊要与飞雪帝君交手试灵魂招数。东伯雪鹰施虚界幻境笼罩释伐至尊，释伐至尊主动放任进入幻境欲探，吃亏外散恐怖黑暗气息（灭杀王级，震退神将），北河大帝剑光庇护东伯雪鹰及神将。释伐至尊收敛气息称大开眼界，放行入岛内。,释伐至尊主动进入幻境吃亏外散气息，北河大帝剑光庇护，释伐至尊放行。
究极,黑叶湖,环境铺陈、装备获取,奖励、设定,释伐至尊带至黑叶湖——火红湖水高温，黑色叶子遍布上万里，紫色花朵绽放，越靠中央叶子花朵越大。黑叶湖威压针对灵魂，释伐至尊都无法踏上最中央叶子（与陨落浑源生命有关）。北河大帝采集花露。东伯雪鹰好奇踏上黑叶，凭意志及灵魂力量一步步走到最中央黑叶，踏上刹那最大紫色黑叶花迸发耀眼紫光。,东伯雪鹰凭意志及灵魂力量踏上至尊都无法踏上的最中央黑叶，紫色黑叶花迸发紫光。
究极,光露,装备获取、悟道,修炼、奖励、爽点,"光露飞起融入东伯雪鹰身体，东伯雪鹰清晰看到恐怖浑源生命全貌——数十蹄爪、身上密密麻麻上千眼睛（一半灰一半金），体型约源世界十分之一大，存在于过去现在未来永恒不变。眼睛尽皆睁开，灰色眼睛吸引敌人沉迷、金色眼睛直接攻击灵魂，完美结合方为恐怖杀招。花蕊中央现出断牙山脉至宝""千眼水珠""（可借此进入蛇牙廊道）。释伐至尊、北河大帝皆认出千眼水珠。黑叶湖压迫消失，东伯雪鹰抢抓千眼水珠。释伐至尊、北河大帝同时动手。",东伯雪鹰得光露看到恐怖浑源生命全貌及杀招奥秘，抢抓断牙山脉至宝千眼水珠。
究极,千眼水珠,战斗描写、转折高潮,战斗、高潮,北河大帝剑光河流庇护东伯雪鹰，释伐至尊受幻境影响手掌迟疑威势衰减但仍令东伯雪鹰感到威胁。释伐至尊停手称拦不住，问千眼水珠怎么分。释伐至尊拉拢东伯雪君——放弃北河交千眼水珠，想要什么都帮得到，甚至至高秘宝。释伐至尊威胁北河大帝——若东伯雪帝君帮释伐至尊，北河有生命危险。东伯雪鹰感应千眼水珠内虚幻世界可将灰色眼睛迷幻与金色眼睛灭杀完美融合。东伯雪鹰决定与北河大帝合作——参悟万亿年后归北河，双方立誓约，分身一直跟随北河。,释伐至尊和北河大帝争千眼水珠，东伯雪鹰决定参悟万亿年后归北河大帝，双方立誓约。
究极,翻脸,转折高潮、伏笔深化,伏笔、高潮,北河大帝收起东伯雪鹰飞出浮空岛。洞天宝物内东伯雪鹰参悟千眼水珠内虚幻世界。北河大帝化身出现，称不放心千眼水珠掌管万亿年，要立即拿到手。北河大帝翻脸——汹涌剑光灭杀东伯雪鹰诸多分身，夺走千眼水珠。北河大帝嗤笑誓约——修行者在乎誓约，原住民中有些根本不在乎，他弱小时在界心大陆靠立誓约坑过好些修行者。释伐至尊在浮空岛外冷笑。消息传开，多位大帝主动要帮东伯雪鹰。,北河大帝翻脸灭杀东伯雪鹰分身夺走千眼水珠，不信誓约，释伐至尊放消息，多位大帝愿帮东伯雪鹰。
究极,逃,转折高潮、情节推进,高潮,东伯雪鹰请巫风大帝、炫虼蟮蟮邸⒍戬大帝三位联手杀至北河世界。四位大破界传送至北河神宫，北河大帝已不在。东戬大帝撕裂北河宫。神将们传讯询问跟随北河去释伐岛的十神将，得知北河得千眼水珠后独享去了不管手下，神将们纷纷离去。东伯雪鹰等在断牙山脉寻找北河大帝无果。东戬大帝得知北河已进蛇牙廊道。四位至蛇牙廊道入口——巨大蛇头（岩石雕刻，比浮空岛大太多），蛇口产生恐怖黑暗漩涡通道。至尊强行进去都会被撕碎湮灭。,东伯雪鹰联合三大帝杀至北河世界，北河已逃入蛇牙廊道，四位至廊道入口见巨大蛇头黑暗漩涡。
究极,究极境（上）,悟道、转折高潮,修炼、高潮、爽点,东伯雪鹰与三大帝分别。千眼水珠之事五年后传至界心大陆。永夜始祖至不死冥帝宫殿，称已请极夜始祖说情与东伯雪鹰了结仇怨立誓约。不死冥帝嗤笑东伯雪鹰在断牙山脉被夺宝实力弱。各方议论东伯雪鹰成究极有望但可能卡很久。东伯雪鹰在飞雪城低调修行，回忆恐怖浑源生命飞行游走姿态蕴含虚空道奥妙——尾巴摆动为线相，五线合一。灵光涌现，七铃塔内分身全力推演。,东伯雪鹰回忆恐怖浑源生命飞行姿态悟出五线合一灵光，欲创虚空道第六杀招（九脉融合）。
究极,究极境（下）,悟道、转折高潮,修炼、高潮、爽点,东伯雪鹰在家乡源世界混沌虚空舟头试验招数，七铃塔内分身全力推演。五线合一——尾巴游动三线、庞大身躯一线、周围浑源之力与游动结合一线。试验半年确定五线合一，多元合一归于寂灭。耗费两万余年成功创出虚空道第六杀招（九脉融合以寂灭为终极），跨入虚空道究极境。突破后意识透过黑雾球体粒子弥漫笼罩整个家乡源世界。罗城主（新晋浑源生命以力破法，实力不亚于元）察觉祝贺，称若虚界幻境道亦达究极方真正钦佩。,东伯雪鹰耗费两万余年创出虚空道第六杀招九脉融合，跨入虚空道究极境，罗城主祝贺。
究极,时机已到,情感展现、转折高潮,情感、高潮,东伯雪鹰告知妻子余靖秋虚空道达究极（可大破界传送带人离开大破灭）。东伯雪鹰坐镇飞雪城分手持青河枪熟悉实力——意识渗透黑雾球体粒子及浑源空间，至高秘传第六击第七击须浑源神兵施展。试验领域借青河枪一念笼罩整个界心大陆（除界心神宫、断牙山脉及夏皇漂泊者无限城主三处隐居地）。东伯雪鹰意识到不死冥帝逃不出探查范围。巩固实力六百年后决定动手斩杀不死冥帝。,东伯雪鹰告知妻子突破究极，持青河枪领域笼罩整个界心大陆，决定动手斩杀不死冥帝。
究极,不死冥帝的末日,战斗描写、转折高潮,战斗、高潮,东伯雪鹰领域覆盖界心大陆发现不死冥帝地底宫殿（十二冤魂柱、灵魂试验），大破界传送杀至。东伯雪鹰手持青河枪施虚界幻境令不死冥帝实力仅发挥五成。坠星击（长枪化黑暗星辰）重创不死冥帝。不死冥帝燃烧金焱心脏之血两滴，仅达东伯雪鹰三四成实力。交手动静震动整个界心大陆，夏皇樊祖苍帝剑主无限城主等遥遥观战。不死冥帝施咒杀圣狮（虚幻狮子吞东伯雪鹰）无效。,东伯雪鹰大破界传送杀至不死冥帝宫殿，幻境令其五成实力，坠星击重创，交手动静震动界心大陆。
究极,界心大陆第一强者,战斗描写、转折高潮,战斗、高潮,"东伯雪鹰以绝对优势打的不死冥帝不断吐血受伤。不死冥帝施咒杀圣狮、毒虫等底牌均无效。不死冥帝遁逃十余次皆被东伯雪鹰领域笼罩追上。夏皇称从今天起界心大陆第一强者换人。南云国主、应山老母、贪鹏帝君等激动观战。不死冥帝以""众生陪葬""威胁，东伯雪鹰不顾威胁继续追杀。不死冥帝金焱心脏之血仅剩三滴绝望。",东伯雪鹰以绝对优势追杀不死冥帝，遁逃十余次皆被追上，不死冥帝以众生威胁无效，心脏之血仅剩三滴。
究极,应山老母的自豪,情感展现、转折高潮,情感、高潮,夏皇、漂泊者、无限城主意识到东伯雪鹰领域覆盖整个界心大陆（能寻踪）。不死冥帝逃至界心大陆边缘风暴处以为安全，被东伯雪鹰追上。连续逃十余次皆被追上。不死冥帝以众生陪葬威胁，东伯雪鹰称放其活下去对众生威胁更大，继续动手。应山老母回忆东伯雪鹰从应山氏火烈侯一脉虚空神天才小家伙崛起至今的历程，满心喜悦自豪。不死冥帝逃至城池上空主动攻击造成大批生命被杀，东伯雪鹰付出代价也要除掉。,东伯雪鹰连续追杀不死冥帝无处可逃，应山老母自豪回忆东伯雪鹰崛起历程，不死冥帝攻击城池造杀伤。
究极,浑源空间中的搏杀,战斗描写、转折高潮,战斗、高潮,不死冥帝心脏之血快没了，沿撕裂裂缝冲进浑源空间。东伯雪鹰毫不犹豫追入。众观战者目瞪口呆。东伯雪鹰凭究极虚空道（虚化肉身降低冲击、飞行速度）、浑源炼体肉身（抵抗侵蚀）、青河枪（操纵浑源之力）三大优势追杀。不死冥帝借撞击之力朝浑源空间更深处飞，越深浑源之力越浓郁侵蚀越强。不死冥帝肉身开始变色灰白。,不死冥帝逃入浑源空间，东伯雪鹰凭三大优势追杀，不死冥帝肉身开始灰白。
究极,新的时代（本篇终）,转折高潮、情感展现,情感、高潮,东伯雪鹰感觉浑源之力浓度远超修炼时，青河枪操纵浑源之力分开一条道。不死冥帝肉身灰白扛不住，回忆崛起历程——早期耀眼称霸界心大陆，踏上冲击浑源生命道路失败逃回，遇飞雪帝君妖孽。不死冥帝施遁行术逃跑，东伯雪鹰施大破界传送术（究极境可肉身施展）追上，一枪抽打将不死冥帝轰出遁行通道。周围浑源之力比之前沉重上千倍，东伯雪鹰肉身仅能坚持一个呼吸，灵魂能坚持数十个呼吸。东伯雪鹰一枪刺穿不死冥帝胸膛，不死冥帝肉身完全崩解消散陨落，遗落至高秘宝死亡皇冠及浑源生命尸骸等。东伯雪鹰抓起死亡皇冠施大破界传送术返回，皮肤肌肉部分灰白。夏皇等无敌存在紧张观战，见东伯雪鹰一手青河枪一手死亡皇冠从黑暗窟窿中飞出归来。整个界心大陆强者心潮震荡，阎魔教主称从今天起界心大陆进入属于飞雪帝君的新时代。,东伯雪鹰追杀不死冥帝于浑源空间深处一枪刺穿其胸膛致其崩解陨落，拎着死亡皇冠返回界心大陆成为第一强者开启新时代。
在路上,时代变迁,设定展开、情节推进,设定,"永夜始祖、极夜始祖观看东伯雪鹰（白衣一手青河枪一手死亡皇冠）轰破源世界膜壁大动静震慑天下。东伯雪鹰斩杀不死冥帝后""灭魔一夜""屠戮未低头立誓的大魔头（宇宙神层次魔头尽皆被灭），界心大陆风气大变血祭消失魔头人人喊打。两千亿年后新生代不信曾有血祭。东伯雪鹰与夏皇并肩观看追杀绿煞老魔感慨时代变迁，夏皇称已过去两千亿年有余。",东伯雪鹰灭魔一夜改变界心大陆风气，两千亿年后与夏皇观看追杀老魔感慨时代变迁。
在路上,虚界幻境道第二杀招,悟道、伏笔埋设,伏笔、修炼、爽点,"夏皇指出人口危机（界心大陆永恒存在不会大破灭，人口不断增加终有反压或元定新规则）。东伯雪鹰在樊氏魔山焚心神树下修行（樊祖故意外放消息让天下宇宙神知晓飞雪帝君分身在此），悟虚界幻境道第二杀招""虚幻世界之杀机""（斩杀不死冥帝八百亿年后创出），但两大杀招（璀璨令沉沦、杀机灭灵魂）无法同时对敌使用，需千眼水珠参悟融合未果（北河大帝夺走千眼水珠进蛇牙廊道不回，千眼水珠力量消耗殆尽即消散）。","东伯雪鹰悟虚界幻境道第二杀招""虚幻世界之杀机""，两大杀招无法同时使用需千眼水珠融合未果。"
在路上,邀请,人物引入、情节推进,人物,东伯雪鹰与夏皇在飞雪城帝君府论道（浑源炼体第三层分歧，夏皇以浑源空间为母胎孕育肉身，东伯雪鹰以力破法走自己路，二人创出初版达王级圆满肉身）。昊古至尊遣侍者扎夫邀请东伯雪鹰，东伯雪鹰分身赴昊古世界。昊古至尊有两颗蛇牙髓珠（原有一颗新得一颗），赠东伯雪鹰一颗邀其同进蛇牙廊道，条件是进入后一切听昊古吩咐。,东伯雪鹰与夏皇论道浑源炼体第三层产生分歧，昊古至尊赠蛇牙髓珠邀东伯雪鹰同进蛇牙廊道。
在路上,进入蛇牙廊道,环境铺陈、设定揭示,揭示、设定,昊古至尊说明条件：东伯雪鹰随其进蛇牙廊道一切听安排，昊古返程后东伯雪鹰可自由闯（分身消散无影响），蛇牙髓珠力量剩三成须返程。东伯雪鹰立誓后二人出发。蛇牙廊道入口为恐怖黑暗漩涡（浑源生命蛇头尸骸嘴内，蛇头如南云国大），蛇牙髓珠黑光护体被漩涡席卷入内，飞过蛇牙（每颗如山峰高），昊古至尊熟悉路径带东伯雪鹰高速飞行。,东伯雪鹰立誓后与昊古至尊进蛇牙廊道，蛇牙髓珠黑光护体被黑暗漩涡席卷入蛇嘴。
在路上,蛇的识海,设定揭示、环境铺陈,揭示、设定,东伯雪鹰飞过四排蛇牙（每八颗气息变化，含八颗虚空蛇牙蕴含虚空道奥妙），昊古至尊提醒勿浪费蛇牙髓珠力量。飞过一百二十颗蛇牙后廊道分岔向上，昊古至尊告知出口从蛇鼻孔廊道出（气息喷出）。穿过血色膜壁进入蛇识海（数百光团散发温暖光芒，脉络通道交错，光团对灵魂有压迫威压有强有弱），昊古至尊在节点等候让东伯雪鹰进光团取物（光团威压层次如黑叶湖昊古进不去）。,东伯雪鹰飞过虚空蛇牙进入蛇识海，数百光团对灵魂有压迫，昊古至尊让东伯雪鹰进光团取物。
在路上,世界碎片,战斗描写、装备获取,奖励、战斗,东伯雪鹰进光团空间（数十亿里范围，七个世界碎片漂浮各有源头：黑色匕首、幽蓝火焰、火红羽毛等）。进黑色匕首世界碎片（荒原黑甲士兵王座黑甲披风身影把玩匕首），虚界幻境灭黑甲士兵，十二黑甲将军围杀（匕首诡异穿透抵挡），黑甲披风身影一匕首将东伯雪鹰轰出世界碎片（消耗蛇牙髓珠百分之一力量）。再进黑色匕首世界碎片放弃，转进火红羽毛世界碎片（巨树顶端三头飞禽环绕羽毛）。,东伯雪鹰进光团空间七个世界碎片，黑色匕首世界碎片太危险被轰出，转进火红羽毛世界碎片。
在路上,意外？惊喜？,战斗描写、装备获取,奖励、战斗,火红羽毛世界碎片内三头飞禽（青色庞大飞禽音波攻击、两头飞禽扑杀），东伯雪鹰虚界幻境灭无数飞禽，三头飞禽环绕火红羽毛抵挡。东伯雪鹰仗护体黑光多次尝试夺羽毛，折腾数百次险之又险抓住火红羽毛，残缺世界消散东伯雪鹰被排斥出光团。昊古至尊激动接收火红羽毛（火的力量，右手通红无损），告知得一件宝物被驱除同一光团无法再进，约定再取两件东伯雪鹰可自由行动。飞行中遇北河大帝（蛇牙廊道内安全节点不消耗蛇牙髓珠力量）。,东伯雪鹰夺得火红羽毛被排斥出光团，昊古至尊激动接收，约定再取两件可自由行动，遇北河大帝。
在路上,断牙山脉的另一面,设定揭示、核心伏笔,伏笔、揭示、设定,北河大帝（进蛇牙廊道超两千亿年）惊见昊古至尊东伯雪鹰，以为报仇但否决（需两颗至宝凭证非仅仇恨）。北河赔礼愿送至高秘宝求息怒，昊古至尊提议杀北河（东伯雪鹰灵魂招数令护体黑光无法防灵魂，北河搏杀实力大减差距扩大到神将与至尊）。北河逃入最大光团空间（识海内最大无威压），东伯雪鹰昊古至尊追入。透过膜壁看到断牙山脉真相——两具恐怖浑源生命尸骸（巨蛇身躯蜿蜒贯穿断牙山脉原住民世界在其上诞生，千眼存在尸骸近乎完整浮空岛为其身体一部分怪树为微小脉络），整个断牙山脉就是两具尸骸所化。,北河逃入最大光团空间，东伯雪鹰透过膜壁看到断牙山脉真相——两具恐怖浑源生命尸骸所化。
在路上,离去,设定揭示、转折高潮,揭示、设定、高潮,"东伯雪鹰明悟断牙山脉恶劣环境源于两具尸骸（体积各十分之一源世界），元在其基础上演化世界定下规则（蛇牙廊道、千眼水珠蛇牙髓珠至宝凭证等）。昊古至尊称北河做事太绝为达目的不择手段，东伯雪鹰灵魂招数令北河实力降神将级至尊可轻松除之。北河不甘被困选择撞入黑色大石（元留的另一条路传送至其他文明世界磨砺），留言下次见面或成浑源生命。昊古至尊告知黑色大石通往极偏远区域（仅遥遥感之影响实力），元的话""在不同文明下磨砺把握道的永恒跳出樊笼成为伟大浑源生命""。",北河撞入黑色大石传送离开断牙山脉，昊古至尊告知黑色大石为元留的另一条路通往其他文明世界。
在路上,记忆碎片,悟道、伏笔埋设,伏笔、修炼、爽点,东伯雪鹰意识渗透黑色大石感应传送通道（比大破界传送术更高明，距离极远影响实力降一成，浑源空间特殊区域）。昊古至尊称至尊没到最后不愿一搏。二人继续识海探索，东伯雪鹰进一光团空间（上亿雪花漂浮为记忆碎片），渗透雪花看到巨蛇三种记忆碎片（蛇尾刺击贯穿亿万空间、巨蛇飞行、盘踞虚化沉睡，皆为虚空道浑源层次方向）。东伯雪鹰留分身参悟记忆碎片，携蛇牙髓珠分身离开。,东伯雪鹰感应黑色大石传送通道极远影响实力，进光团空间看到巨蛇虚空道三种记忆碎片留分身参悟。
在路上,不稳定的炼体,悟道、人物心理,修炼、情感、爽点,东伯雪鹰告知昊古至尊记忆碎片空间无宝物。后续探索56个光团仅33个有宝物，东伯雪鹰有望拿走宝物的仅七个，得黑色鳞片凑齐三件后自由行动。昊古至尊离开识海去蛇牙廊道其他地方。东伯雪鹰赴虚空蛇牙山顶端参悟无数刀锋内部结构（与浑源炼体第三层相似），创浑源炼体第三层第二版（十八亿年后成型），尝试改变右手（指甲皮肤变锋利如刀锋组合），但不稳定维持右手身体力量疯狂消耗（盏茶时间身体崩解），威势达皇级层次（使用青河枪三成实力），初入皇级但不稳定。,东伯雪鹰参悟虚空蛇牙刀锋结构创浑源炼体第三层第二版，不稳定达初入皇级实力但维持右手力量消耗极大。
在路上,不就一分身么？,人物心理、转折高潮,情感、高潮,"东伯雪鹰反思第二版缺陷（蛇牙攻击杀戮性极强难稳定），探索蛇牙廊道其他地方无虚空道发现。家乡混沌虚空万古圣界小城酒肆，东伯雪鹰与余靖秋饮酒，余靖秋感慨时代破灭一切成空只极少数能带走。东伯雪鹰欲杀圣主（杀师傅古亓仇人造成无数杀戮），但无敌实力无法一招斩杀普通究极境，圣主躲迷界走廊变化毁灭魔族无法认出，等炼体法门再进步便有把握横扫。蛇牙髓珠力量耗尽，东伯雪鹰至最大光团空间黑色大石前，决定去其他文明看一看，""不就一分身么""碰触黑色大石传送离开。",东伯雪鹰反思炼体缺陷，家乡与余靖秋饮酒感慨欲杀圣主，蛇牙髓珠耗尽后决定入黑色大石去其他文明。
在路上,降临,环境铺陈、转折高潮,设定、高潮,东伯雪鹰被血色水泡裹挟超高速穿梭浑源空间（路过三百多座源世界），进入金色雷霆世界（与浑源空间冲突暴力混乱非源世界，浑源生命只看到残影）。世界内三位浑源强者感应外物进入但查不到（血色水泡保护）。东伯雪鹰身体从最细微粒子开始崩塌（浑源炼体遭世界规则抵触），虚空道诸多规则奥妙失效无法瞬移，唯虚界幻境道不受抵触（灵魂道路本质相同）。凶禽袭来。,东伯雪鹰被血色水泡传送至金色雷霆世界，身体崩塌虚空道失效，唯虚界幻境道不受抵触。
在路上,飞升者？,人物引入、环境铺陈,人物、设定,东伯雪鹰虚界幻境罩住凶禽（宇宙神二层实力），翻其记忆推演世界语言（数千句话语）。御风清音（峻山御风氏三小姐淡蓝衣袍女子）与侍女曦儿乘大船过荒野发现东伯雪鹰。云管家（冷厉老者碧光神眼第三只眼）探查东伯雪鹰无浑源祖神血脉未凝结神心纯炼体神君初期重伤，认定为飞升者。御风清音求救，云管家同意帮忙。,东伯雪鹰虚界幻境降凶禽推演语言，御风清音大船发现东伯雪鹰，云管家碧光神眼认出飞升者身份。
在路上,浑源祖神,设定揭示、人物引入,人物、揭示、设定,东伯雪鹰上大船化名飞雪，御风清音好奇飞升者家乡东伯雪鹰装受伤咳嗽。云管家警告东伯雪鹰别算计三小姐。东伯雪鹰以虚界幻境简单手段增魅力让人说出情报，了解神界（三位浑源祖神所创，三大皇族直系血脉背后各有浑源祖神，神界子民皆有浑源祖神血脉，飞升者无血脉稀少）。浑源祖神是活着的强大浑源生命。,东伯雪鹰化名飞雪上大船，了解神界由三位活着的浑源祖神所创，三大皇族为其直系血脉。
在路上,峻山城内,环境铺陈、人物引入,人物、设定,大船飞行两多月抵峻山城（数十万里范围，泥土砂石极重引力大）。东伯雪鹰拜见大公子御风雷（御风氏下一任继承人眼眸雷霆流转），任修行师傅得府邸宝物。守卫铁成柳（神将巅峰）厌恶东伯雪鹰。东伯雪鹰抵峻山城第二天深夜感应杀机。御风峻山（城主神帝初期）闭关出关，云管家禀报拂晓宗主拒绝收御风清音为徒，魔心会主人（神帝榜987位）实力大进欲灭御风氏，御风峻山欲嫁御风清音给东木城九公子求援。,东伯雪鹰抵峻山城任修行师傅，御风峻山面临魔心会主人威胁欲嫁女儿求东木城援助。
在路上,斩杀（上）,战斗描写、矛盾爆发,冲突、战斗,蝠山三神君（老三青袍壮汉神君中期、老五红衣女子神君初期、老九黑衣人神君初期）袭杀东伯雪鹰。老五绿雾毒虫侵蚀静室，东伯雪鹰虚空漩涡抵挡。老九化暗红细蛇刺杀，东伯雪鹰长枪虚空气泡包裹塌陷为黑点三枪湮灭老九。老三持血色弯刀逃，东伯雪鹰速度快两倍追上虚空气泡塌陷爆炸。东伯雪鹰虚空道招数玄妙碾压神君中期。,蝠山三神君袭杀东伯雪鹰，东伯雪鹰虚空气泡塌陷招数三枪灭老九两枪灭老三，玄妙碾压。
在路上,斩杀（下）,战斗描写、转折高潮,战斗、高潮,东伯雪鹰追杀红衣女子（老五），虚空球束缚擒回府邸，虚界幻境秘术沉沦翻看记忆。东伯雪鹰了解神界三大皇族（三大浑源祖神直系血脉地位超然）、蝠山（峻山城底蕴势力山主神君巅峰为御风氏修行师傅）。蝠山主（三角形头颅丑陋老者峻山城前十）与手下商议，三神君两呼吸内尽灭云管家碧光神眼看走眼，蝠山主令撤退暂不动手。,东伯雪鹰擒红衣女子搜记忆了解神界势力，蝠山主震惊三神君尽灭暂不动手。
在路上,出关,人物引入、矛盾展现,人物、冲突,蝠山主令老八（紫衣英俊男子）抓铁成柳（传假情报者）。铁成柳因师妹箫霜神君被飞升者冬方神君娶走怀怨恨飞升者，蝠山老八擒铁成柳。御风峻山闭关出关（头发灰白沧桑中年男子神帝初期），御风雷禀报飞雪神君灭蝠山三神君。御风峻山得知魔心会主人投靠伏柳谷主（天生浑源生命神帝榜第十二），东木城援助失败，欲嫁御风清音给东木城九公子求援，派二子御风瑾赴东木城。,蝠山主抓铁成柳，御风峻山出关得知魔心会主人投靠伏柳谷主东木城援助失败。
在路上,藏经殿中,悟道、情节推进,修炼、爽点,御风峻山询问飞雪神君实力（云管家碧光神眼探查神君初期重伤），御风雷称斩杀三神君正常（飞升者越阶而战）。御风峻山失望但接受（神君中期飞升者匹敌神君巅峰），关注魔心会威胁。东伯雪鹰入藏经殿选典籍（修行师傅可在前三层任取一本），翻阅飞升者典籍发现《裂天虚空剑诀》（虚空道神君级飞升者典籍），取出原本入静室参悟。,御风峻山认为飞雪神君神君中期，东伯雪鹰入藏经殿选《裂天虚空剑诀》虚空道飞升者典籍参悟。
在路上,虚空剑元力,悟道、装备获取,修炼、奖励、爽点,东伯雪鹰参悟《裂天虚空剑诀》（虚空剑元力六层前三层神将后三层神君，身体处处虚空剑元力聚散无常攻击恐怖，创造者欲借此成浑源），半天推演到第五层。东伯雪鹰不学此道（灵魂道路极高灵魂滋养肉身走浑源炼体路），但汲取其中虚空道奥妙。藏经殿外蝠山主间隐神君等候，东伯雪鹰出殿识蝠山主（三角形头颅丑陋老者）。,东伯雪鹰半天推演《裂天虚空剑诀》到第五层，汲取虚空道奥妙，出藏经殿遇蝠山主。
在路上,山顶战台,矛盾展现、人物心理,冲突、情感,"东伯雪鹰识间隐神君（白袍中年男子峻山城前十）。蝠山主邀东伯雪鹰切磋比试（雷山山顶战台御风氏家族内禁伤性命），东伯雪鹰答应。御风瑾告知御风清音飞雪神君与蝠山主比试，带妹妹散心（御风清音因远嫁东木城心情低落）。御风雷御风瑾御风清音观战，御风清音高喊""击败蝠山主""发泄憋闷。蝠山主出手。",蝠山主邀东伯雪鹰雷山山顶战台切磋比试，御风清音观战高喊加油发泄憋闷。
在路上,蝠龙游走,战斗描写、转折高潮,战斗、高潮,"蝠山主冰寒之气冻结东伯雪鹰成冰山（东伯雪鹰虚化走出无碍），三百冰梭围杀（东伯雪鹰细线穿梭避开）。东伯雪鹰长枪虚空气泡灭冰梭，判断每根神君初期威力。东伯雪鹰扑杀蝠山主，蝠山主化蝠龙（百丈黑色鳞片蜿蜒飞行利爪），长枪与蝠龙爪碰撞虚空气泡塌陷仅碎寒冰护甲层。东伯雪鹰施""裂天虚空式""（学典籍后创最强杀招神君巅峰威能）劈开寒冰护层撕裂鳞片伤蝠龙。蝠山主谨慎怕死迅速游走自保，认输称飞雪神君厉害一筹。",东伯雪鹰虚化破冰山，裂天虚空式劈伤蝠龙之躯，蝠山主谨慎认输称飞雪神君厉害一筹。
在路上,拜师,情感展现、人物心理,情感,御风清音因虚界幻境道魅力影响对东伯雪鹰好感甚（主动邀当修行师傅），观战吃惊其实力。御风雷设宴浮山宫庆贺，东伯雪鹰称谢大公子三小姐（藏经殿换典籍悟杀招略胜蝠山主）。御风清音拜东伯雪鹰为师（因家族危机欲找依靠执念），东伯雪鹰因欠人情同意收徒。御风雷御风瑾默许（飞雪神君排前几大高手拜师不丢脸）。蝠山主传音问如何处置铁成柳。,御风清音拜东伯雪鹰为师，御风雷设宴浮山宫庆贺，蝠山主传音问处置铁成柳。
在路上,迁怒,矛盾收束、人物心理,冲突、情感,东伯雪鹰赴蝠山见铁成柳（被锁链穿透身体），铁成柳因师妹箫霜神君被飞升者冬方神君娶走怀怨恨迁怒所有飞升者（冬方神君娶箫霜后铁成柳下毒被冬方封禁悬挂旗杆三日）。东伯雪鹰确定原因为迁怒飞升者，令蝠山主处死铁成柳（蝠山主冻结粉碎铁成柳）。东伯雪鹰揭开与蝠山矛盾（杀三神君无损失蝠山主热情赔礼不暴露灵魂招数）。御风雷赠百里豪奢府邸大群侍女仆从。,铁成柳因师妹被飞升者娶走迁怒东伯雪鹰，东伯雪鹰令蝠山主处死铁成柳，御风雷赠豪奢府邸。
在路上,大破界传送术,悟道、情节推进,修炼、爽点,东伯雪鹰参悟大破界传送术（神界版，虚空凝固无法瞬移，破界传送术窥伺孔洞见金色雷霆被湮灭，以残缺虚空道创造简陋版可穿梭神界）。御风氏高层得知东木城援助失败（魔心会主人投靠伏柳谷主神帝榜第十二，东木城不敢得罪）。御风雷告知御风清音东木城无希望，御风清音惶恐不安。东伯雪鹰创成大破界传送术（神界内穿梭轻松）。,东伯雪鹰创成大破界传送术神界版可穿梭神界，御风氏得知东木城援助失败魔心会主人投靠伏柳谷主。
在路上,成了！,悟道、转折高潮,修炼、高潮、爽点,东伯雪鹰大破界传送术成（神界内穿梭轻松，神界能穿梭者屈指可数）。御风清音借酒浇愁（魔心会威胁前少喝），东伯雪鹰看天心楼情报（虚空道飞升者神帝典籍八种五种外传皆被大势力收藏）。东伯雪鹰选目标（江源城天心楼争宝会有《虚空魔虫典》神帝初期典籍），需积攒宝物去大荒狩猎神君巅峰荒兽。东伯雪鹰宣布闭关（实际大荒狩猎及赴争宝会），嘱御风清音有事传讯。,东伯雪鹰创成大破界传送术，看天心楼情报选江源城争宝会《虚空魔虫典》，宣布闭关实去大荒狩猎。
在路上,大荒狩猎,环境铺陈、情节推进,设定,东伯雪鹰分析八位虚空道飞升者神帝（五位初期两位中期一位后期，仅两位能大破界传送典籍未外泄），五种外传典籍皆被大势力收藏需绝对忠诚或宝物交换。东伯雪鹰太穷（入蛇牙廊道未携重宝长枪皆御风氏赠），决定大荒狩猎神君巅峰荒兽积攒宝物赴江源城争宝会（离争宝会一千两百年）。东伯雪鹰化黑衣青年大破界传送至大荒寻找神君巅峰荒兽（神帝级罕见低等浑源生命藏匿难寻）。,东伯雪鹰分析飞升者神帝典籍情报，决定大荒狩猎神君巅峰荒兽积攒宝物赴江源城争宝会。
在路上,江源城,战斗描写、装备获取,奖励、战斗,东伯雪鹰寻一年多找到神君巅峰荒兽（透明巨大身躯十余里长柔软卸力保命极强），虚空道手段伤不了（柔软身躯荡漾卸力），荒兽分九条透明鞭子抽打。东伯雪鹰虚界幻境灭荒兽灵魂（一拳掩饰防时光回溯），收入洞天。东伯雪鹰大荒狩猎一千两百年（十年左右寻一头），大破界传送术赴江源城（神界最顶尖大城之一），天心楼出售126具荒兽尸骸得96浑源晶玉外加三千雷霆石。,东伯雪鹰大荒狩猎神君巅峰荒兽一千两百年126具，江源城天心楼出售得96浑源晶玉。
在路上,争宝,情节推进、悬念设置,伏笔,天心楼两名高手鉴定收购126具荒兽尸骸（含千唇烟兽六千五百雷霆石、大镇山陀三千一百雷霆石、乌云噬魔兽五浑源晶玉八千雷霆石等），总价96浑源晶玉三千雷霆石。东伯雪鹰住天心楼雅致小院研究浑源晶玉（温养灵魂滋养肉身浑源之力特殊运用）。争宝会开始（主持者彦神帝银袍老者），东伯雪鹰化名青云神君入阁间，看争宝次序发现三本神帝典籍一起卖（被动）。,东伯雪鹰出售荒兽尸骸得96浑源晶玉住天心楼，争宝会开始化名青云神君发现三典籍一起卖。
在路上,典籍,矛盾展现、悬念设置,伏笔、冲突,争宝会第十二件珍宝黑金珠（底价三百浑源晶玉最终三百九十浑源晶玉），第十九件三本神帝初期典籍（《金火不灭身》《射影》《虚空魔虫典》底价八十浑源晶玉）。东伯雪鹰率先出价八十一，布鸦神帝（刺耳声）出八十五，另一方出八十六，东伯雪鹰出一百（极限），布鸦出八十六，雄浑声出一百零三。东伯雪鹰差三浑源晶玉错过，寻踪发现因果线连接另一阁间。,争宝会三典籍被布鸦神帝一百零三浑源晶玉夺走，东伯雪鹰差三浑源晶玉错过，寻踪发现布鸦阁间。
在路上,惊弓之鸟,人物心理、矛盾展现,冲突、情感,"东伯雪鹰传音布鸦神帝欲八十浑源晶玉买或参悟《虚空魔虫典》，布鸦神帝怒斥""滚""（惊弓之鸟被霸血兄弟追杀疑神帝盯上）。布鸦神帝（青色鳞甲角质层黄色琥珀眸神帝初期）猜青云神君背后有神帝，得黑金珠炼成黑金不灭体自信。东伯雪鹰回阁间恼怒，争宝会第三十二件金焱神枪（金圣族浑源祖神炼制制式兵器），东伯雪鹰六十浑源晶玉争得。",东伯雪鹰传音交易被布鸦神帝怒斥（惊弓之鸟），争得金焱神枪（浑源祖神炼制）。
在路上,黄雀在后,悬念设置、情节推进,伏笔,争宝会压轴宝物天生浑源生命尸骸底价一万两千浑源晶玉，三方争夺定在一万九千八百浑源晶玉（对东伯雪鹰无用含水火力量）。东伯雪鹰暂居天心楼，查布鸦神帝情报（神帝初期名声不好曾两次截杀神帝，天心楼庇护万年）。争宝会结束八千余年后布鸦神帝离开天心楼，霸血兄弟（老大魁梧男子金光大锤、老三冷厉少年匕首）追杀，东伯雪鹰跟踪。风神帝（微风凝聚模糊身影皮包骨）暗中跟踪保护布鸦。,争宝会压轴浑源生命尸骸一万九千八百浑源晶玉，布鸦神帝离开天心楼被霸血兄弟追杀东伯雪鹰跟踪。
在路上,直接杀掉的好,战斗描写、转折高潮,战斗、高潮,布鸦神帝（黑袍鳞甲身体黑金不灭体）战霸血兄弟，硬抗老大金光大锤仅退数里无伤，老三匕首刺不破黑光。布鸦称炼成黑金不灭体霸血兄弟杀不了。风神帝出手暗算老三（血影毒针），老三中血影毒（血影教主炼制排名前二十）。老大救老三收洞天逃。布鸦神帝风神帝发现东伯雪鹰（风神帝镇压大树），东伯雪鹰称无其他神帝背后欲杀布鸦（探查情报知邪魔之辈直接杀掉好）。,布鸦神帝黑金不灭体硬抗霸血兄弟，风神帝血影毒针伤霸血老三，东伯雪鹰暴露欲杀布鸦。
在路上,马无夜草不肥,战斗描写、装备获取,奖励、战斗,东伯雪鹰虚界幻境第三杀招同时笼罩布鸦神帝风神帝，布鸦灵魂被拖入虚幻世界大杀机切割粉碎湮灭，风神帝同样灵魂湮灭（东伯雪鹰一瞬同时灭两神帝）。东伯雪鹰收二神帝尸体宝物，大破界传送术离去。霸血老大感应灵魂咒印消散疑布鸦死。东伯雪鹰大破界传送至另一城酒肆清点战利品（布鸦宝物近一千两百浑源晶玉含三典籍黑金珠，风神帝不足五百浑源晶玉），感叹截杀神帝赚快但底线是不杀正常强者。,东伯雪鹰虚界幻境同时灭布鸦风神帝，清点战利品近一千七百浑源晶玉含三典籍黑金珠。
在路上,反杀,战斗描写、装备获取,奖励、战斗,东伯雪鹰决定以物换物学神帝中期典籍（《天地》《无界》两本流传在外），问题是大势力不轻易外传且暴露拥有宝物易被夺。东伯雪鹰化清风神君赴云曦宫献三朵烬岚花换观《天地》（云曦宫主金圣祖神夫人之一不喜杀生），副宫主答应，东伯雪鹰记下典籍（肉身炼成世界天地理论极致仿佛源世界）。东伯雪鹰大破界传送术逃离（云曦宫灰袍女子追出未果）。后化刀客赴法蛮城遭神帝袭杀反杀，赴霖风城遭两神帝联手袭杀反杀。东伯雪鹰共杀五位神帝初期。,东伯雪鹰化清风神君云曦宫学《天地》，后赴法蛮城霖风城遭袭杀反杀共杀五位神帝初期。
在路上,到来,悟道、情节推进,修炼、爽点,东伯雪鹰学齐三门典籍（《虚空魔虫典》神帝初期擅长飞行遁术、《天地》神帝中期肉身炼成世界、《无界》神帝中期肉身无数层空间保命极强），参悟汲取融入浑源炼体，恢复神帝初期稳定且吸收《无界》包容《天地》运转。八百余万年后魔心会主人率五神帝乘大船赴峻山城（五天后抵达），欲灭御风氏连根拔起，御风氏子弟分散各城隐匿。,东伯雪鹰学齐三门典籍参悟浑源炼体达神帝初期稳定，八百万年后魔心会主人率五神帝赴峻山城。
在路上,徒弟和师傅,悟道、情感展现,修炼、情感、爽点,"东伯雪鹰听峻山城第一琴师冷心弹琴有所触动（琴声与虚界幻境道迷幻一道共通），明悟融合两大杀招核心为""自由""（灵魂最本质渴望是自由）。东伯雪鹰在家乡混沌虚空界心大陆分身闭关参悟融合。御风峻山传讯召东伯雪鹰御风清音赴城主府，召集城内高手告知强敌来袭半个时辰后抵达。御风清音传讯东伯雪鹰躲远低调逃离，东伯雪鹰称从不做没把握的事。",东伯雪鹰听琴声悟融合两大杀招核心为自由，御风峻山召集高手告知强敌来袭御风清音劝师傅逃离。
在路上,一个不留！,矛盾爆发、战斗描写,冲突、战斗,御风峻山坐宝座冷峻，御风氏舍弃外城全力守内城。蝠山主间隐神君欲与东伯雪鹰结盟。魔心会主人（厚黑衣袍雄壮老者）率五神帝乘大船抵峻山城，一掌轰破护城法阵入城，五大神帝带三百神君形成战阵攻打御风氏府邸。御风峻山御风雷等御风氏高手借法阵偷袭。御风雷安排非御风氏强者分战阵（每阵安插御风氏高手防背叛）。法阵破碎光罩被轰出洞口，魔心会主人令灭御风氏一个不留。,魔心会主人率五神帝三百神君攻峻山城一掌轰破护城法阵，法阵破碎令灭御风氏一个不留。
在路上,师傅出手,战斗描写、转折高潮,战斗、高潮,五神帝各带二十神君分队攻打，两百分队攻下方。刺风神帝（阴冷男子千足虫肉身）率队俯冲杀御风瑾御风清音。东伯雪鹰一踏步虚空风暴震飞众神君（诡异波动渗透体内），爆发浑源炼体气息。东伯雪鹰施虚空魔虫身法模糊身影三枪灭刺风神帝（千足虫甲壳无用体内波动炸裂）。御风清音愣愣看师傅。整个战场安静。,东伯雪鹰一踏步震飞众神君三枪灭刺风神帝，御风清音愣愣看师傅实力震撼战场。
在路上,四散逃跑,战斗描写、转折高潮,战斗、高潮,"东伯雪鹰施虚空魔虫身法追鬼焰神帝（灰袍男子化灰白鬼焰遁逃），""美如画""压扁空间抹杀鬼焰高度，""破苍穹""炸裂空间灭鬼焰神帝残余。东伯雪鹰两招灭鬼焰神帝。魔心会主人麾下剩余三神帝吓得分散逃跑。魔心会主人摆脱御风峻山怒喝邀战东伯雪鹰，东伯雪鹰单手持枪应战。御风峻山震惊飞雪神帝实力。御风清音传音师傅保护好自己。",东伯雪鹰美如画破苍穹两招灭鬼焰神帝，三神帝分散逃跑，魔心会主人邀战东伯雪鹰。
在路上,想要走？,战斗描写、转折高潮,战斗、高潮,东伯雪鹰虚空魔虫身法迎击魔心会主人，长枪一旋层层漩涡抵挡冰霜寒气。东伯雪鹰一刺魔心会主人双拳（暗红两座小山）硬碰，东伯雪鹰倒飞喷血（神帝初期肉身硬碰神帝中期吃亏），魔心会主人喉咙一甜吞血（体内波动炸裂）。双方再战，魔心会主人化十余里巨人冰火合击。魔心会主人喷冰火球东伯雪鹰远距离撞碎。魔心会主人奈何不了东伯雪鹰（身法快），东伯雪鹰也伤不了魔心会主人（肉身强）。魔心会主人欲走，东伯雪鹰嘲讽激发浑源炼体第二版（双臂黑膜气息狂暴神帝中期）。,东伯雪鹰与魔心会主人硬碰吃亏双方奈何不了，魔心会主人欲走东伯雪鹰激发浑源炼体第二版神帝中期。
在路上,心颤腿软,战斗描写、转折高潮,战斗、高潮,"东伯雪鹰浑源炼体第二版（双臂黑膜不稳定持续半个时辰），一枪刺穿魔心会主人六层防御（三层寒冰三层火焰）波动体内炸裂强三倍，魔心会主人喷血脏腑碎块皮肤裂痕。魔心会主人重伤遁逃（冰霜压制速度），东伯雪鹰虚空魔虫身法追上。三神帝神君大船分散逃跑。东伯雪鹰""美如画""压扁魔心会主人全身伤口血溅，""破苍穹""炸裂空间魔心会主人放弃下半身仅上半身逃出（生命力损耗近半）。魔心会主人激发伏柳谷主树枝条（保命物用即没）深绿光芒数倍速度逃。东伯雪鹰追出峻山城入大荒。",东伯雪鹰神帝中期三招打残魔心会主人，魔心会主人激发伏柳谷主树枝条数倍速度逃出峻山城。
在路上,已经解决,战斗描写、转折高潮,战斗、高潮,邢楼主（天心楼峻山城楼主神君巅峰）记录战斗称飞雪神帝神帝中期飞升者匹敌神帝后期。魔心会主人深绿光芒消散树枝条崩解，继续全速飞。东伯雪鹰大荒大石喝酒等魔心会主人速度变慢，大破界传送术追近后虚空魔虫身法十余呼吸追上。魔心会主人求饶愿发誓约不来峻山城不报复御风氏，东伯雪鹰冰冷冻杀招虚空气泡塌陷数招绞碎魔心会主人殒命（怨气因果深重大魔头）。东伯雪鹰回峻山城宣布魔心神帝已被杀，御风峻山等心头沉甸甸。,东伯雪鹰大破界传送术追上魔心会主人，数招绞碎殒命回峻山城宣布已杀魔心神帝。
在路上,淡然面对,情感展现、人物心理,情感,御风氏高层等御风清音归来，询问飞雪前辈是否离开（御风峻山欲抱粗大腿）。御风清音称师傅不喜纷扰无重要事勿扰。御风峻山喜悦（飞雪前辈留峻山城周围势力高看御风氏）。东木城主（神帝后期）得知消息派使者拜访。东伯雪鹰楼阁参悟浑源炼体（数版本神帝中期不稳定）。邢楼主送最新神帝榜（东伯雪鹰名列268位）。,御风氏喜悦飞雪神帝留峻山城，东木城主派使者拜访，东伯雪鹰名列神帝榜268位。
在路上,北河大帝,伏笔深化、人物心理,伏笔、情感,东伯雪鹰看神帝榜268位（神帝后期战力超两百五十位神帝中期飞升者三十余位，爆发实力气息不稳定影响排名）。北河大帝（偏僻小城酒楼青袍男子）得知飞雪神帝情报，确认应山雪鹰来此世界（时间名字招数飞升者隐居皆符合）。北河大帝评估东伯雪鹰虚空道力敌神帝后期加灵魂招数自己或处下风，决定提升至尊级数再对付。东伯雪鹰赐御风清音宝物突破神君级，御风雷三十余万年后突破神帝初期。八千万年后东伯雪鹰听冷心琴师编舞曲。,北河大帝确认东伯雪鹰来神界决定提升至尊再对付，东伯雪鹰赐宝徒弟御风雷突破神帝初期。
在路上,虚界幻境道第三杀招,悟道、转折高潮,修炼、高潮、爽点,东伯雪鹰听冷心琴师编舞曲时灵魂轰鸣，虚界幻境道第三杀招形成（一体两面生机杀机纠缠完美融合前两杀招，灵魂近质变门槛差一丝达究极），灵魂滋养肉身提升五成。东伯雪鹰无意影响殿厅众人沉睡。闭关巩固实力（浑源炼体神帝中期虽不稳定但损耗大大降低可持续战斗）。东伯雪鹰计划得铁龙城虚空一脉浑源生命尸骸（铁龙城主神帝榜第七收藏）。,东伯雪鹰悟虚界幻境道第三杀招（融合前两杀招灵魂近质变），计划得铁龙城虚空一脉浑源生命尸骸。
在路上,铁龙城,人物引入、情节推进,人物,东伯雪鹰伪装神帝后期气息（灵魂道路造诣浑源强者以下看透不了）赴铁龙城（神界最顶尖大城铁龙城主神帝榜第七府邸百万里）。铁龙府大公子铁龙云山（黑袍男子神帝榜85位神帝后期）接见，东伯雪鹰称青云神帝欲买虚空一脉浑源生命尸骸。大公子称条件为金雷浑源珠（神界仅三颗）加枯界之叶（约五千浑源晶玉），三头虚空一脉浑源生命一头尸骸在此一头受极星族庇护一头游走保命极强六神帝圆满联手未留。,东伯雪鹰伪装神帝后期赴铁龙城，大公子铁龙云山称虚空一脉尸骸需金雷浑源珠加枯界之叶交换。
在路上,代价,情节推进、悬念设置,伏笔,东伯雪鹰看虚空一脉浑源生命尸骸（蜿蜒如山脉青色鳞片尖角尾巴近九成显化虚空道规则奥妙），参悟价值极高。大公子坚持金雷浑源珠加枯界之叶（金雷浑源珠大公子最渴求实力增五成）。东伯雪鹰离去搜集情报（枯界之叶十五位拥有者金雷浑源珠三位拥有者），决定杀罪孽大者夺宝（鹤硐神帝神帝中期鬼海宫主之徒大魔头屠戮因美色有枯界之叶，金雷浑源珠三位金翼城主淳余神帝云流小楼主）。,东伯雪鹰看尸骸参悟价值极高，搜集情报决定杀罪孽大者夺宝鹤硐神帝及金雷浑源珠拥有者。
在路上,鹤硐神帝,矛盾爆发、战斗描写,冲突、战斗,东伯雪鹰寻踪鹤硐神帝至凌风城，鹤硐神帝（鹰钩鼻男子伪装）掳凌风虞容（凌风城大小姐神君巅峰），杀酒楼客人侍者。凌风城主（神帝初期）率神君巅峰高手救援，鹤硐神帝露真容（额头白绒毛金色鳞片）威逼凌风城主自杀选百美女或灭族。东伯雪鹰（白衣背负神剑）进入酒楼，气息暴涨一指灭鹤硐神帝（虚界幻境第三杀招灵魂湮灭虚空扭曲震荡）。,鹤硐神帝掳凌风虞容威逼凌风城主，东伯雪鹰一指虚界幻境灭鹤硐神帝灵魂。
在路上,鬼海宫主,人物引入、悬念设置,人物、伏笔,凌风城主谢东伯雪鹰救女儿救凌风氏，东伯雪鹰收鹤硐神帝尸体告知鬼海宫主（神帝圆满至尊级数鹤硐之师）或报复需准备。凌风氏分散遁逃大荒。东伯雪鹰伪装黑衣神君初期气息留凌风城酒肆饮酒，鬼海宫主（黑袍煞气瘦小老者）与星风城主（胖乎乎男子额头尖角星光穿行神帝后期）星光通道至凌风城。鬼海宫主时光回溯查鹤硐死因（白衣男子出现画面破碎无法看清），星风城主探查城内神帝级高手。,东伯雪鹰告知鬼海宫主或报复，鬼海宫主星风城主至凌风城时光回溯查鹤硐死因画面破碎。
在路上,神帝榜第一,设定揭示、悬念设置,伏笔、揭示、设定,鬼海宫主星风城主探查上万子民灵魂记忆，看到东伯雪鹰一招杀鹤硐神帝（虚空扭曲震荡隔空间镇杀），判断神帝圆满级数。鬼海宫主星风城主离开凌风城。东伯雪鹰已得枯界之叶（杀魔头顺便收获），差金雷浑源珠（三颗拥有者：金翼城主神帝榜39位、淳余神帝飞升者神帝榜162位、云流小楼主神帝中期云凤城主之孙）。东伯雪鹰排除淳余神帝（低调修行无仇怨），选云流小楼主（骄纵手下为祸罪孽最大背景大神帝榜第一云凤城主）。,鬼海宫主星风城主判断杀鹤硐者为神帝圆满级数离去，东伯雪鹰选云流小楼主夺金雷浑源珠。
在路上,梦,转折高潮、人物心理,情感、高潮,东伯雪鹰赴云凤城樊云楼（云流小楼主享乐之地），虚界幻境令云流小楼主及手下尘弗神帝等陷入梦境。梦境中东伯雪鹰（白衣背负神剑）斥云流小楼主罪孽无数，杀尘弗等三手下，云流小楼主惊恐求饶。东伯雪鹰未杀云流小楼主（一因云凤城主神界第一报复影响平静生活，二因云流小楼主本身非魔头仅纵容手下），夺其宝物（含金雷浑源珠），警告约束手下否则下次身死。云流小楼主苏醒宝物尽失惊恐，冷峻老者禀报尘弗三手下死。,东伯雪鹰虚界幻境令云流小楼主陷入梦境杀三手下夺宝物（含金雷浑源珠）警告后离去未杀。
在路上,尽皆齐了,人物心理、转折高潮,情感、高潮,云流小楼主告知祖母云凤城主（白发绝美女子神帝榜第一）险死，云凤城主火凤神帝（红发女子天生浑源生命神帝圆满）查探，时光回溯无法显现（虚界幻境），云雾镜显现东伯雪鹰（白衣神剑黑色裂缝消失）。云凤城主判断灵魂招数极强且超远距离传送，神秘高手威胁极高。云凤城主警告孙儿约束手下。东伯雪鹰大破界传送至铁龙城准备交易（枯界之叶金雷浑源珠齐）。,云凤城主查探东伯雪鹰灵魂招数超远距离传送威胁极高警告孙儿，东伯雪鹰赴铁龙城准备交易。
在路上,谁能奈何？,转折高潮、战斗描写,战斗、高潮,东伯雪鹰入铁龙府遇铁龙城主（朴素灰袍男子神帝榜第七气息完美收敛），感应其恐怖力量远超鬼海宫主。东伯雪鹰见大公子称枯界之叶金雷浑源珠已备齐，大公子惊讶（三金雷浑源珠拥有者因果皆在未杀推测交易得）。大公子一挥手却暴涨手掌强夺两宝物（贪宝），东伯雪鹰眼神一冷施展虚界幻境第三杀招擒大公子（灵魂沉沦），收大公子宝物及浑源生命尸骸储物宝物。铁龙城主现身冰冷杀机。,东伯雪鹰遇铁龙城主感应其恐怖，大公子贪宝强夺，东伯雪鹰虚界幻境擒大公子收宝物尸骸。
在路上,战神帝圆满！,战斗描写、转折高潮,战斗、高潮,铁龙城主惊怒大儿子被擒，质问东伯雪鹰目的。东伯雪鹰称大公子自找要求十万浑源晶玉宝物赎人。铁龙城主交宝物赎大公子，东伯雪鹰扔还大公子。铁龙城主欲战，东伯雪鹰欲切磋。铁龙城主化半龙兽（黑色鳞片弯角尾巴反关节腿利爪三层护体力量），尾巴暴涨抽打。东伯雪鹰虚界幻境第三杀招笼罩铁龙城主（七八成心力抵抗招数粗糙威力大降），虚空抵挡大减威势尾巴。铁龙城主惊恐不安（灵魂遭拖拽无法完美操纵肉身）。,东伯雪鹰十万浑源晶玉赎大公子，战铁龙城主虚界幻境令其七八成心力抵抗实力大降招数粗糙。
在路上,岁月悠悠,战斗描写、悟道,修炼、战斗、爽点,东伯雪鹰占优势但伤不了铁龙城主鳞甲丝毫（三层护体力量重创神帝后期），铁龙城主被戏弄灵魂遭拖拽肉身沉重憋屈。东伯雪鹰大破界传送术离去。铁龙城主恢复清醒心颤（灵魂招数可怕超远距离传送），铁龙云山禀报经过，铁龙城主斥子愚蠢（主动交易者脾气好若心狠手辣直接杀人夺宝），令禁止外传。东伯雪鹰回峻山城参悟虚空一脉浑源生命尸骸三千亿年（岁月悠悠沧海桑田新生代崛起神帝圆满无变化）。,东伯雪鹰伤不了铁龙城主大破界传送术离去，铁龙城主令禁止外传，东伯雪鹰参悟尸骸三千亿年。
在路上,北河大帝的谋划,伏笔深化、矛盾展现,伏笔、冲突,北河大帝大荒闭关苦修突破神帝圆满（至尊级数半浑源生命体），决定离开此世界前解决东伯雪鹰（恐影响修行路）。北河大帝邀魔影宗主（神帝榜第九血色披风暗红皮膜独角速度神界第二）、巫哲城主（神帝榜第十五绿袍绿眉老者雾气毒龙不死之身）联手围杀东伯雪鹰（承诺宝物尽归巫哲不足十万浑源晶玉北河补足，魔影宗主得北河另一半报酬）。三人配合完美比七八个神帝圆满。东伯雪鹰峻山城听御风清音介绍美酒。,北河大帝突破神帝圆满邀魔影宗主巫哲城主联手围杀东伯雪鹰，三人配合完美。
在路上,敌人到来,矛盾爆发、悬念设置,伏笔、冲突,东伯雪鹰问御风清音修行（神君巅峰未突破），令一亿年用一成宝物突破神帝初期（御风清音借枯界之叶给兄长御风雷突破神帝中期）。峻山城大地水浪荡漾建筑倒塌，魔影宗主（血色气息散无形压迫）降临峻山城上空，令飞雪神帝出来受死。御风峻山御风雷化身恭敬询问。东伯雪鹰感应魔影宗主吃惊疑惑（无瓜葛）。御风清音慌恐。,魔影宗主降临峻山城令飞雪神帝受死，东伯雪鹰吃惊疑惑与魔影宗主无瓜葛。
在路上,战魔影宗主,战斗描写、转折高潮,战斗、高潮,"东伯雪鹰问魔影宗主为何杀己（自称徒弟璩尘被东伯雪鹰所杀，东伯雪鹰未动手且境界不可能被寻踪故意找由头），东伯雪鹰主动出手。东伯雪鹰长枪怒劈，双方交战速度极快。东伯雪鹰""美如画""冰块压迫魔影宗主（右脚践踏破碎），数百黑暗虚空漩涡裹挟魔影宗主绞杀（暗红皮膜破碎红色肌肉撕裂鲜血飘洒）。峻山城强者惊呆魔影宗主受伤。御风峻山御风雷对飞雪神帝有信心。魔影宗主动用杀招（尖啸冲击、骨骼翅膀速度暴增九幻影、利爪）。",东伯雪鹰与魔影宗主交战数百黑暗虚空漩涡伤魔影宗主，魔影宗主动用尖啸翅膀利爪杀招。
在路上,图穷匕见,转折高潮、战斗描写,战斗、高潮,"东伯雪鹰略居下风但防得滴水不漏（招数玄妙）。魔影宗主传音北河巫哲动手。北河大帝（青袍人神帝圆满）、巫哲城主（绿袍绿眉老者化雾气毒龙）冲破护城法阵围攻东伯雪鹰。巫哲城主雾气毒龙缠绕东伯雪鹰削弱实力，北河大帝剑光切割天地劈入缝隙。东伯雪鹰认出北河大帝。峻山城强者愣住三位神帝圆满围攻一位。邢楼主上禀""三位神帝圆满围攻飞雪神帝""消息传神界各方大势力。",北河大帝巫哲城主图穷匕见围攻东伯雪鹰，三位神帝圆满围攻消息传神界各方大势力。
在路上,横扫,战斗描写、转折高潮,战斗、高潮,东伯雪鹰施展虚界幻境第三杀招笼罩三大神帝圆满（灵魂遭拖拽心力极少魔影宗主九成抵抗遁逃、巫哲城主恼怒传讯北河、北河大帝八成抵抗）。东伯雪鹰虚空气泡囚禁魔影宗主（一成心力破不开），追杀北河大帝（美如画压扁空间破苍穹炸裂），北河大帝吐血伤口。北河大帝激发血色印记（血色水泡包裹瞬间消失离开神界）。东伯雪鹰追杀北河未果（自身有同样手段）。魔影宗主冲出虚空气泡遁逃，巫哲城主另一方向逃。,东伯雪鹰虚界幻境第三杀招横扫三大神帝圆满，北河大帝激发血色印记逃第三世界魔影巫哲分逃。
在路上,惊动,转折高潮、人物心理,情感、高潮,东伯雪鹰大破界传送术拦截魔影宗主，魔影宗主赔礼（五万浑源晶玉不够东伯雪鹰要十万），巫哲城主亦赔礼（五万浑源晶玉化解仇怨）。峻山城强者惊呆（三位神帝圆满围攻反被横扫赔礼），邢楼主记录上禀（飞雪神帝或神帝榜第二或易位第一）。消息传神界神帝圆满级强者过半来拜访。御风清音发蒙感觉与师傅差距太大。,魔影宗主巫哲城主赔礼化解仇怨，峻山城强者惊呆，消息传神界神帝圆满过半来拜访。
在路上,三大皇族,设定揭示、伏笔深化,伏笔、揭示、设定,魔影宗主巫哲城主宴请东伯雪鹰（证明和好），铁龙城主星风城主红药船主来。东伯雪鹰与铁龙城主红药船主约定切磋。神帝圆满级强者过半来拜访含燕飞神帝（虚空道最强飞升者神帝后期）。三大皇族（极星族黑衣男子白衣女子极星祖神儿女、金圣族两兄弟、天心族三姐妹）得知消息，各自联系浑源祖神（天心娘娘金圣祖神极星祖神）。三大浑源祖神为天生浑源生命一族终极觉醒成功高等浑源生命最低级，欲献东伯雪鹰给伟大领主求奖励助天心娘娘突破。,神帝圆满过半拜访东伯雪鹰，三大皇族联系三大浑源祖神，欲献东伯雪鹰给伟大领主求奖励。
在路上,交流,悟道、人物心理,修炼、情感、爽点,三大浑源祖神（天心娘娘月白长袍绝美女子、金圣祖神、极星祖神）会面，称灵魂招数如此强比浑源强者数量还少，决定上禀伟大领主（领主麾下九大域九位巡查，雷霆世界群落属第五域）。东伯雪鹰与燕飞神帝交流典籍（燕飞神帝《燕八十式》虚空一脉最高成就欲创第八十一式成半浑源生命体，东伯雪鹰《浑源炼体》神帝后期），相互钦佩。云凤城主火凤神帝等神帝离开后来见东伯雪鹰。,三大浑源祖神上禀伟大领主，东伯雪鹰与燕飞神帝交流典籍相互钦佩，云凤城主来见。
在路上,道路,悟道、情感展现,修炼、情感、爽点,东伯雪鹰与燕飞神帝比试切磋（虚空道演练）。东伯雪鹰以浑源晶玉力量修行（浑源之力精纯精华对肉身温和）。云凤城主火凤神帝来见东伯雪鹰，邀出外走走。御风清音见师傅与云凤城主离去，感觉与师傅差距太大不真实。东伯雪鹰与云凤城主切磋。,东伯雪鹰与燕飞神帝切磋，云凤城主来见邀东伯雪鹰切磋，御风清音感觉与师傅差距不真实。
在路上,安排,战斗描写、情感展现,情感、战斗,东伯雪鹰与云凤城主（神帝榜第一）大荒切磋，云凤城主领域（血脉规则显化）令东伯雪鹰实力降一半，东伯雪鹰虚界幻境第三杀招令云凤城主七成心力抵抗领域消散。双方不相上下（云凤城主三成心力发挥身体一半实力铁龙城主水准，东伯雪鹰招数玄妙）。半个时辰罢手，云凤城主被伤数次欣喜发掘缺陷。东伯雪鹰拜托云凤城主收徒御风清音（恐三大浑源祖神带走自己），云凤城主推荐火凤神帝（天生浑源生命保命极强不会离开神界）收徒。,东伯雪鹰与云凤城主切磋不相上下，拜托云凤城主将徒弟御风清音托付火凤神帝。
在路上,离去（本篇终章）,情感展现、转折高潮,情感、高潮,"火凤神帝（天生浑源生命保命极强）同意收御风清音为徒，要求东伯雪鹰将来成浑源生命带走她。御风清音拜火凤神帝为师赴云凤城。东伯雪鹰留储物宝物给徒弟，当夜激发血色印记前往第三世界（迟则生变恐三大浑源祖神带走）。东伯雪鹰离开半月后三大浑源祖神领主麾下第五域巡查""塍大哥""（尖嘴猴腮瘦小老者天生浑源生命一族九大域巡查之一）来接引，三位祖神探查东伯雪鹰已无踪（血色水泡场景探不出），塍大哥皱眉回禀领主。第三十七篇至此完整收官。",东伯雪鹰托付徒弟后激发血色印记前往第三世界，三大浑源祖神巡查来接引时已无踪。
雪鹰领主,饥饿,环境铺陈、设定展开,设定,血红色水泡裹挟东伯雪鹰穿行浑源空间飞过一千两百多座源世界，抵达虚空裂痕旁一座极小世界（修行圣界，又称绝望世界/放逐世界/生存世界）。接引殿器灵（黑袍高瘦男子）告知此世界规则不同，东伯雪鹰肉身降至神帝中期（半个时辰适应稳定）。器灵展示世界地图：五大聚集地为修行者仅存安身之所，其余遍布天生浑源生命（魔金河三万之数），禁地深渊海（占世界十分之一）囚禁最强浑源囚徒深渊海主人不可踏入。东伯雪鹰感强烈饥饿感（成就超凡后首次），水果无用，须猎杀天生浑源生命食肉方能抗饿否则饿死。,东伯雪鹰被送至修行圣界，肉身降至神帝中期，得知世界规则（五大聚集地、浑源生命遍布、深渊海禁地、须猎杀浑源生命为食）。
雪鹰领主,路途,设定展开、人物引入,人物、设定,东伯雪鹰以部分身体崩解能量缓解饥饿，尝试虚空穿行失败（世界封禁极强压迫千倍雷霆世界，大破界传送术亦无望），一夜参悟浑源炼体进步可忽略。选择赤云城（上次飞升者北河大帝所在），被传送至城外荒野。施展虚空魔虫身法隐蔽飞行，却被一头半透明紫色斑点浑源生命（阴影死神）发现并召集同伴，幻境领域探查百万里范围发现五十三头（十六头神帝圆满级），施虚界幻境道第三杀招且逃向赤云城。,东伯雪鹰确认无法虚空穿行，选择赤云城被传送至城外，遭阴影死神族群围攻施虚界幻境道第三杀招且战且逃。
雪鹰领主,救援,战斗描写、人物引入,人物、战斗,虚界幻境道第三杀招灭八头最弱（神帝中期）阴影死神，神帝圆满级抗住但实力大降。东伯雪鹰收两头尸体继续逃。赤云城城墙钧乾、夫善两位强者发现战斗通知第一队救援。八位强者（鹰蛇神——巨大尾巴男子、赤魔——岩石巨人身体最强战斗最蛮横、雷——电光速度赤云城第二等）以电光包裹八倍速度赶来，各施手段（透明气泡、金色虫子、岩石搏杀、雾气等）击退阴影死神。东伯雪鹰惊叹八人配合及不同修行体系（赤魔身体强横无浑源血脉气息）。东伯雪鹰化名飞雪自报姓名。,赤云城第一队八位强者救援东伯雪鹰击退阴影死神，东伯雪鹰见识诸多不同修行体系手段，化名飞雪。
雪鹰领主,食物,环境铺陈、人物引入,人物、设定,"钧乾（火焰双眸）、夫善（金箍五宝石老者）两位城墙戒备强者与东伯雪鹰结识。鹰蛇神、赤魔、雷三位带东伯雪鹰至赤云殿选洞府（上万座制式洞府仅三千多位强者居住）、烙印传讯印记。至弗园（弗暗——胖乎乎老头厨艺最高明，经营浑源生命血肉美食），东伯雪鹰以一具阴影死神尸体宴请，赤魔建议剩余换烤肉（弗园最简单做法换肉最多）。东伯雪鹰感慨圣界规则压制下浑源生命体型更小，两头能伤""元""的恐怖浑源生命尸骸化作断牙山脉。",东伯雪鹰在赤云城选洞府，至弗园以阴影死神尸体宴请鹰蛇神赤魔雷三位，得知烤肉为最划算食物储存方式。
雪鹰领主,情报,设定展开、人物引入,人物、设定,鹰蛇神、赤魔、弗暗、雷告知赤云城情报：食物即寿命，约八成强者神帝圆满级；三位城主——风云一叶（悟道者两条道皆半浑源层次圣界独一无二）、九首蛇祖（巫采集九种神帝圆满级血脉完美配合实力匹敌风云一叶）、屋晓（领主后裔身体最强力量最大探查第一）；雷速度赤云城第二（超三位城主）；组队猎杀须某方面极强方受邀请。雷传浑源生命分布地图（族群擅长招数及顶尖战力）。东伯雪鹰震惊于浑源生命数量及威胁。,东伯雪鹰得知赤云城三位城主实力及食物组队规则，获得浑源生命分布情报地图。
雪鹰领主,囚徒,设定揭示、核心伏笔,伏笔、揭示、设定,赤魔、鹰蛇神、弗暗告知浑源囚徒情报：高等浑源生命被锁链束缚囚禁（离老巢越远惩罚越强实力越弱），唯一例外是深渊海主人（高等浑源生命极致，体型占大半个深渊海，走出赤云城全城强者合力能否抗住都是两说）。击杀深渊海主人功劳最大者得领主赐予（血脉修行者十成十成浑源，悟道者得前所未有机缘）。浑源生命四层次：低等、高等（血脉突破）、世界级（掌握源世界）、领主（最高层次以力破法）。罗城主即以力破法的领主。元、罗城主栽培修行者望培养新浑源强者，不传浑源血脉修炼之法。,东伯雪鹰得知浑源囚徒、深渊海主人、浑源生命四层次、领主赐予等核心设定，罗城主为以力破法的领主。
雪鹰领主,大肆收购,情节推进、伏笔埋设,伏笔,东伯雪鹰以双倍血肉收购蕴含虚空奥妙的浑源生命身体材料（虚空一脉的不要），赤魔、雷、鹰蛇神共换近十方烤肉，弗暗一人换超一百九十方烤肉（几乎换遍所有材料）。东伯雪鹰公开收购消息：以圣界没有的火焰一脉浑源生命完整尸骸（魔影宗主赔礼所得），底价三具不同神帝圆满级虚空一脉浑源生命，万年期限报价最高者得。赤云城骚动，火焰一脉强者眼红。北河大帝（在赤云城食物不足须加入猎杀队）眼热羡慕。,东伯雪鹰以双倍血肉收购虚空奥妙材料参悟，公开以圣界没有的火焰一脉尸骸争宝换虚空一脉浑源生命尸骸，底价三具神帝圆满级。
雪鹰领主,造物,悟道、设定展开,修炼、设定、爽点,赤魔、鹰蛇神提醒东伯雪鹰小心城内强者眼红（城内禁厮杀违者全城围杀，但出城后危险），鹰蛇神发城内强者详细情报（含北河）。东伯雪鹰以虚界宇宙造物炼制六尊侍女傀儡（须了解物质最细微构成及消耗能量，仅能造寻常之物）。参悟九片鳞片（虚空奥妙），感慨圣界虚空奥妙材料多但虚界幻境类材料一个也无（万触龙子血脉高贵为万触龙母子体，元曾击杀万触龙母赐心头血使东伯雪鹰灵魂蜕变，东伯雪鹰本人并不知情）。半个月悟出短时间维持神帝后期肉身之法（估十万年内恢复）。,东伯雪鹰以虚界宇宙造物炼制傀儡，参悟虚空材料，半个月悟出短时间维持神帝后期肉身之法，得知虚界幻境类材料圣界没有。
雪鹰领主,魔性,矛盾展现、人物引入,人物、冲突,S虚等强者来看浑源生命尸骸。邪樊（矮小老者，半浑源生命体悟道者，赤云城身体最重者引力塌陷领域，近战可打死神帝圆满级浑源生命，风云一叶左膀右臂，隐隐前十）登门直接索要火焰一脉尸骸愿出底价三具，被东伯雪鹰怒斥撵出。墨舒（女强者）亦威逼被撵出。争宝万年期限将至。,邪樊（半浑源生命体身体最重者）威逼东伯雪鹰强夺火焰一脉尸骸被怒斥撵出，墨舒亦威逼失败。
雪鹰领主,争夺,矛盾爆发、转折高潮,冲突、高潮,争宝日六百多位强者（约两成）至东伯雪鹰洞府，东伯雪鹰以虚界宇宙多创造十余位傀儡引导。邪樊被傀儡守卫拦在门外（洞府为禁地擅闯可杀），东伯雪鹰喝令禁止其进入。北河大帝主动登门提议放下恩怨（东伯雪鹰不信要求交出千眼水珠被拒）。东伯雪鹰展示火焰一脉浑源生命尸骸（高两百米仿佛火焰山），底价三具神帝圆满级虚空一脉尸骸。绿衣女子出三具，劫天大帝（红发男子实力直逼三位城主火焰一脉最强）出四具，炎D（黑袍男子）竞价，劫天大帝以六具尸骸加一百万方食物夺得。,争宝日邪樊被拦门外，北河大帝登门提议放下恩怨未果，劫天大帝以六具神帝圆满级尸骸加一百万方食物夺得火焰一脉尸骸。
雪鹰领主,实力突破,悟道、转折高潮,修炼、高潮、爽点,劫天大帝交储物宝物收尸骸离去。东伯雪鹰查六具神帝圆满级虚空一脉尸骸皆比自己卖的强太多。邪樊得知价格冷笑。墨舒欲日后和劫天交易。北河大帝感慨东伯雪鹰进步太快压力巨大决定避让。东伯雪鹰低调修行，六万年后恢复神帝后期肉身（绝对稳定），八千万年参悟零碎材料，三十余亿年参悟六具尸骸。第八十八亿年第十九次尝试新身体构造（高百米灰色光晕）能支撑盏茶时间有战斗意义。,东伯雪鹰争宝后低调修行，六万年恢复神帝后期肉身，八十八亿年悟出短时间维持半浑源生命体肉身（盏茶时间）。
雪鹰领主,猎杀队申请,情节推进、矛盾展现,冲突,百亿年后食物将尽，东伯雪鹰申请加入幽涯道人建立的猎杀队（目标莫乌混沌蛇，至少五十位，预定三十三位）。邪樊得知立即申请加入（盯上东伯雪鹰欲借浑源生命之手杀害夺六具尸骸），并传讯十五位手下加入，名单达五十一位满足最低人数。东伯雪鹰得知邪樊加入后不退，幽涯道人提醒小心邪樊建议投靠副城主。东伯雪鹰申请队伍名单达五十一位出发。,东伯雪鹰百亿年后加入幽涯道人猎杀队，邪樊率十六人加入蓄意借浑源生命之手杀害东伯雪鹰夺宝。
雪鹰领主,出发,环境铺陈、人物心理,情感、设定,邪樊传讯威胁东伯雪鹰，东伯雪鹰讥讽回应。邪樊传讯十五位手下加入。幽涯道人提醒猎杀队内部禁止自相残杀但危险困境时可不帮同伴（邪樊十六人可束手旁观制造绝境）。队伍三方：幽涯道人二十二位（友善）、邪樊十六位（蓄意算计）、闲散十三位（含东伯雪鹰）。五十一人出发飞越城墙。,猎杀队五十一人出发，幽涯道人提醒内部禁自相残杀但邪樊可借束手旁观制造绝境，队伍三方势力分明。
雪鹰领主,各有擅长,环境铺陈、战斗描写,战斗、设定,幽涯道人队伍各有擅长（灰袍人虫蛮控虫探查、金甲冷酷男子控机械生物探查、成宇灰皮肤蓝弯角速度爆发三倍包裹队伍）。一路避让浑源生命，小半个时辰无危险。遇蚁龙族群八十六头（远处更多），幽涯道人下令冲不恋战（城外忌恋战拖延越久围杀越多）。东伯雪鹰观察邪樊一拳镇杀一头神帝后期蚁龙（灵魂湮灭无伤痕，超越云凤城主）暗暗忌惮。,幽涯道人队伍各有擅长（探查速度领域配合），遇蚁龙群冲破阻拦，东伯雪鹰见识邪樊一拳镇杀神帝后期蚁龙的实力。
雪鹰领主,毒魔龙,战斗描写、转折高潮,战斗、高潮,队伍冲破蚁龙群（死三头）。两个多时辰后再被发现，三百多头毒魔龙（通体灰色爬行龙全身一百八十万尖刺蕴含剧毒）追来。幽涯道人黑白丝带束缚（血脉力量束缚九个最强）。邪樊十六人围住东伯雪鹰不帮丝毫，七头毒魔龙围攻东伯雪鹰（三头神帝圆满四头神帝后期），毒刺袭来东伯雪鹰左支右拙。幽涯道人黑白丝带关键时刻卷开毒刺（一般不致命不帮）。东伯雪鹰被毒魔龙爪拍击吐血。队伍斩杀二十一头神帝中期八十头神帝后期毒魔龙甩开追杀。,三百毒魔龙追杀，邪樊十六人围住东伯雪鹰不帮，七头围攻东伯雪鹰险象环生，幽涯道人关键时刻卷开毒刺，队伍甩开追杀。
雪鹰领主,目的地,战斗描写、转折高潮,战斗、高潮,东伯雪鹰谢幽涯道人，幽涯道人称先保自己队员。抵达莫乌混沌蛇栖息地（三十二头十五头神帝圆满级，血脉较高贵难缠）。莫乌混沌蛇两端各一蛇头（石头颅不可摧毁、毒头颅含命核唯一弱点），虚幻身躯不可碰触缠绕令实力降近半。远处六十九头赶来。幽涯道人十二人围攻一头莫乌混沌蛇（石头颅吞毒头颅庇护）。邪樊以两头神帝圆满级浑源生命为条件帮幽涯道人被拒（幽涯道人仅愿一头暂欠）。六十九头莫乌混沌蛇加入局势逆转。,队伍抵达莫乌混沌蛇栖息地围攻，莫乌混沌蛇双头（石头颅不可摧毁毒头颅含命核），六十九头援军加入局势逆转。
雪鹰领主,绝境,矛盾爆发、转折高潮,冲突、高潮,邪樊十六人围住东伯雪鹰不帮，一头神帝圆满级莫乌混沌蛇纠缠东伯雪鹰（虚幻身躯束缚实力降半，石头颅撞击毒头颅撕咬）。幽涯道人十二人围攻一头莫乌混沌蛇难杀（混沌之躯卸攻击、不灭头颅庇护毒头颅）。六十九头援军到来莫乌混沌蛇过百。幽涯道人形势恶劣请邪樊帮忙被拒（要两头神帝圆满级）。被围攻莫乌混沌蛇求救，其他莫乌混沌蛇涌来，三条神帝圆满级莫乌混沌蛇围攻东伯雪鹰逼入绝境。,六十九头莫乌混沌蛇援军加入过百，邪樊拒帮幽涯道人，三条神帝圆满级莫乌混沌蛇围攻东伯雪鹰逼入绝境。
雪鹰领主,爆发！返回！,战斗描写、转折高潮,战斗、高潮,东伯雪鹰绝境中完善枪法感悟虚空道问题，爆发最强肉身（十米高灰色光晕，气息近邪樊幽涯道人层次），一枪抽飞莫乌混沌蛇击退三条。幽涯道人大喜请东伯雪鹰帮忙斩杀重伤莫乌混沌蛇（许一头神帝圆满级尸骸），东伯雪鹰虚空道招数渗透石头颅攻击毒头颅，二十一枪斩杀。幽涯道人收莫乌混沌蛇尸体令队伍逃。队伍逃出（杀九条神帝后期）。东伯雪鹰恢复常态生命力仅两成多。浑源囚徒（伏魔猎者首领，高大男子镣铐锁链）率一千头神帝圆满级护卫出巡发现队伍。,东伯雪鹰爆发最强肉身击退三条莫乌混沌蛇，二十一枪斩杀幽涯道人围攻的重伤莫乌混沌蛇，队伍逃出，浑源囚徒率千头护卫发现队伍。
雪鹰领主,逃逃逃！,战斗描写、转折高潮,战斗、高潮,浑源囚徒派五百护卫（伏魔猎者）驱逐队伍入圈套。东伯雪鹰与幽涯道人并肩聊谈。八十多头伏魔猎者（近半神帝圆满级）发现队伍，幽涯道人下令杀。东伯雪鹰爆发配合幽涯道人斩杀一头神帝圆满级伏魔猎者（十个呼吸生命力耗两成）。邪樊求幽涯道人帮忙被应允。队伍继续逃，忽然灰袍人发现超八百头伏魔猎者（六百多头神帝圆满级）追来，队伍拼命逃窜。,浑源囚徒派五百护卫驱逐队伍入圈套，队伍斩杀一头神帝圆满级伏魔猎者，超八百头伏魔猎者（六百多神帝圆满级）追来。
雪鹰领主,虚幻世界，降临！,转折高潮、战斗描写,战斗、高潮,"队伍逃窜，前面又遇两百头白石神（神帝圆满级过半，一头抵两头伏魔猎者）。幽涯道人下令冲破白石神阻挠。东伯雪鹰爆发冲破白石神。灰袍人绝望发现前面有浑源囚徒率七百伏魔猎者堵路（阴谋：后面驱逐前面堵截）。邪樊提议带七人精英分队弃众人逃。东伯雪鹰一迈步主动迎接伏魔猎者群，施""虚幻世界降临""。",队伍前有白石神后有八百伏魔猎者，发现浑源囚徒率七百伏魔猎者堵路（阴谋），邪樊带七人弃众人逃，东伯雪鹰主动迎接施虚幻世界降临。
雪鹰领主,匪夷所思,战斗描写、转折高潮,战斗、高潮,虚幻世界降临，近两百头伏魔猎者中二十九头（神帝中期神帝后期）毙命，一百多头弱者逃，仅神帝圆满级敢进攻（实力降至神帝后期）。浑源囚徒吃惊灵魂招数。十八位未逃修行者目瞪口呆（看不见灵魂招数）。东伯雪鹰持长枪施虚空魔虫身法，十八位修行者加东伯雪鹰十九人压制两百多头神帝圆满级伏魔猎者。幽涯道人、邪樊等九人逃队立即返回与东伯雪鹰汇合。,东伯雪鹰虚幻世界降临灭二十九头吓退百余头，压制两百神帝圆满级伏魔猎者，十八位修行者跟随，幽涯道人邪樊九人返回汇合。
雪鹰领主,邪樊的脸面,人物心理、转折高潮,情感、高潮,东伯雪鹰率十八位修行者救下其他分队（伏魔猎者实力大降），死了三位修行者。最后救幽涯道人邪樊九人分队（八十多头围攻），东伯雪鹰故意放最后（因他们弃众人）。邪樊赔礼求和（愿交三头神帝圆满级尸骸），东伯雪鹰应允。另六百多头神帝圆满级伏魔猎者赶来，两边约一千两百头。东伯雪鹰令救下幽涯道人邪樊后对付浑源囚徒。浑源囚徒盯上东伯雪鹰。,东伯雪鹰救下各分队（死三位），邪樊赔三头尸骸求和，一千两百头伏魔猎者合围，浑源囚徒盯上东伯雪鹰。
雪鹰领主,战浑源囚徒,战斗描写、转折高潮,战斗、高潮,浑源囚徒（高大男子镣铐锁链）锁定东伯雪鹰为第一目标。幽涯道人黑白领域显形压制，东伯雪鹰虚界幻境对高等浑源生命无用（灵魂太高）。东伯雪鹰爆发最强肉身（十米高）与浑源囚徒长枪碰撞（邪樊惊愕半浑源生命体），邪樊传音求和（交三头尸骸恩怨了结不再报复）后全力帮忙。邪樊近战纠缠浑源囚徒（肉身硬抗轻伤），合击修行者伤其身体（镣铐锁链惩罚爆发时破绽）。,浑源囚徒锁定东伯雪鹰，东伯雪鹰虚界幻境对高等浑源生命无用但爆发肉身硬抗，邪樊交三头尸骸求和后全力帮忙围攻。
雪鹰领主,归来,转折高潮、情感展现,情感、高潮,邪樊肉身硬抗纠缠浑源囚徒（镣铐锁链惩罚爆发破绽），合击修行者伤其身体。浑源囚徒镣铐金光大涨痛呼破绽，邪樊一掌刺破胸口皮肉（金色秘纹烙印枯败肌肉骨骼裂缝）。浑源囚徒拼命逃出合围圈（黑光鬼魅弧线），弃护卫遁逃。伏魔猎者群逃，队伍拦住十九头神帝圆满级斩杀（战利品）。东伯雪鹰催促施虚界幻境旁立（最大功劳）。队伍心情极好归程轻松。回到赤云城，修行者渴望加入东伯雪鹰队伍。,邪樊合击围攻浑源囚徒至镣铐惩罚爆发破绽，浑源囚徒弃护卫遁逃，队伍斩杀十九头神帝圆满级伏魔猎者战利品，威名震动赤云城。
雪鹰领主,三位城主,人物引入、设定展开,人物、设定,"队伍归来赤云城全城骚动""飞雪帝君""之名。东伯雪鹰在城墙谢钧乾夫善。赤云殿分配战利品（八十二头神帝圆满级含莫乌混沌蛇等相当于一百零六头普通）。三位城主同时邀请设宴。屋晓（领主后裔三千米银白巨人身体最强力量最大探查第一，一根头发内含庞大宇宙）感应东伯雪鹰突破。九首蛇祖（光头青年巫道第一击败半浑源悟道者）好奇东伯雪鹰灵魂招数。风云一叶（两条道皆半浑源层次圣界独一无二）传讯邀请。",队伍归来赤云城全城骚动飞雪帝君之名，赤云殿分配战利品，三位城主（屋晓九首蛇祖风云一叶）同时邀请设宴。
雪鹰领主,盛大宴请,人物引入、情感展现,人物、情感,赤云殿器灵分配：东伯雪鹰五成战利品（五十三头神帝圆满级），幽涯道人5%，邪樊4%。幽涯道人给一头神帝圆满级伏魔猎者（之前约定），邪樊赔三头，共五十七头。三位城主设宴风云一叶洞府，赤云城修行者皆至。北河大帝感慨东伯雪鹰风生水起自己为食物拼命。东伯雪鹰见三位城主：屋晓如天体、风云一叶超然世界诞生之感、九首蛇祖包容一切。,赤云殿分配战利品东伯雪鹰五成（五十七头神帝圆满级），三位城主设宴，东伯雪鹰初见三位城主感受其独特气息。
雪鹰领主,比试,战斗描写、悟道,修炼、战斗、爽点,三位城主观察东伯雪鹰气息独特生好感。九首蛇祖比试东伯雪鹰，东伯雪鹰施虚界幻境道最强杀招拖拽九首蛇祖灵魂（最强大灵魂之一），九首蛇祖八种力量形成八色彩光囚笼，东伯雪鹰爆发十米肉身层层空间抵挡。九首蛇祖因心力受影响无法施展九色领域九首战体，八首巨人攻东伯雪鹰。东伯雪鹰生命力降至六成，论战力不计灵魂招数仅顶尖强者垫底。屋晓、风云一叶亦感受虚界幻境（屋晓需大量心力抵抗，风云一叶最强招数施展不出）。,九首蛇祖比试东伯雪鹰，虚界幻境压制其无法施展九色领域九首战体，屋晓风云一叶亦受影响，东伯雪鹰肉身维持时间短为短板。
雪鹰领主,邀请,情节推进、伏笔埋设,伏笔,风云一叶私下请东伯雪鹰帮忙斩杀风魔谷浑源囚徒（带三千护卫），东伯雪鹰以虚界幻境对浑源囚徒无用肉身维持短为由拒（实为分身陨落机缘尽失）。东伯雪鹰出偏厅见九首蛇祖独饮。九首蛇祖请东伯雪鹰帮忙斩杀寂静冰山主人（虚空一脉三大浑源囚徒最强者），条件：心脏血液归九首蛇祖，尸骸其余归东伯雪鹰（血液留一成）。九首蛇祖送九具虚空一脉神帝圆满级尸骸为礼（凑齐十五种）。,风云一叶请东伯雪鹰斩杀风魔谷浑源囚徒被拒，九首蛇祖送九具尸骸为礼约定斩杀寂静冰山主人，尸骸心脏血液归九首蛇祖其余归东伯雪鹰。
雪鹰领主,约定,情节推进、伏笔埋设,伏笔,东伯雪鹰需三千亿年修行（刚来圣界不久），九首蛇祖应允一言为定。风云一叶与九首蛇祖讨论：九首蛇祖决定终极觉醒成就浑源（以力破法太难无领主帮转世投胎）。风云一叶以力破法为路（两条道皆半浑源层次）。东伯雪鹰回洞府公开收购剩余六种虚空一脉神帝圆满级浑源生命尸骸（三倍食物），付出二十五头换齐二十一种。北河大帝渴望东伯雪鹰来求千眼水珠（不来）。,东伯雪鹰与九首蛇祖约定三千亿年后斩杀寂静冰山主人，公开收购换齐二十一种虚空一脉神帝圆满级浑源生命尸骸。
雪鹰领主,搜集齐了,悟道、人物心理,修炼、情感、爽点,东伯雪鹰搜集齐二十一种虚空一脉神帝圆满级浑源生命尸骸参悟。北河大帝被迫狩猎为食物烦恼，千眼水珠为最重要宝物等东伯雪鹰来求（不来）。东伯雪鹰偶尔建立猎杀队（限五十位要九成战利品）帮朋友及磨砺自身，第一次收获七十五头神帝圆满级。千亿年过去。,东伯雪鹰搜集齐二十一种尸骸参悟，偶尔建猎杀队帮朋友磨砺自身，北河大帝为食物烦恼等东伯雪鹰求千眼水珠不来。
雪鹰领主,登门,人物心理、情节推进,情感,北河大帝随心眼剑祖（白发瞎眼老者十三道剑光赤云城前十）队伍在城外近处狩猎，遇两百多头灰爪雷蛇险死还生（心眼剑祖十三道剑光救众人）。北河大帝分一千两百万年食物，感慨为食物拼命千次，实力无优势无人收。北河大帝主动登门东伯雪鹰洞府求售千眼水珠。,北河大帝随心眼剑祖队伍险死还生分少量食物，感慨实力无优势无人收，主动登门东伯雪鹰求售千眼水珠。
雪鹰领主,千眼水珠,矛盾展现、装备获取,冲突、奖励,北河大帝求售千眼水珠，东伯雪鹰出十头神帝圆满级，北河大帝要一千头。东伯雪鹰以断牙山脉五大至尊给面子及出城狩猎不帮威胁，北河大帝降至一百头，东伯雪鹰退一步二十头成交。东伯雪鹰得千眼水珠（千眼存在遗留，虚界幻境道参悟至宝）。东伯雪鹰分身参悟虚空道及虚界道（虚界道一旦究极可灵魂融入世界本源世界不灭灵魂不灭）。东伯雪鹰偶尔建猎杀队磨砺验证招数。,东伯雪鹰以二十头神帝圆满级从北河大帝手中换得千眼水珠，分身参悟虚空道及虚界道（虚界道究极可灵魂融入世界本源不死）。
雪鹰领主,典籍,悟道、伏笔埋设,伏笔、修炼、爽点,东伯雪鹰访烈溪帝君（深蓝头发第三只眼，赤云城唯一神帝圆满级悟道者虚空一脉），得《八转天河》（完整半浑源生命体虚空道法门，阵法演化虚空天河八转触摸浑源空间结构，与东伯雪鹰方向截然不同）。烈溪帝君请东伯雪鹰答应斩杀寂静冰山主人后共同参悟一亿年。东伯雪鹰以两头神帝圆满级尸骸换另外八位虚空一脉神帝后期悟道者典籍。九门典籍参悟尸骸比试切磋积累浑源炼体。三千亿年将至，九首蛇祖来访。,东伯雪鹰得烈溪帝君《八转天河》及八门典籍参悟，约定斩杀寂静冰山主人后共同参悟一亿年，三千亿年将至九首蛇祖来访。
雪鹰领主,三千亿年,情节推进、伏笔埋设,伏笔,东伯雪鹰能维持巅峰状态近半个时辰（九首蛇祖松口气）。九首蛇祖洞府召集五十六位强者（小半顶尖强者，含屋晓劫天大帝烈溪帝君东伯雪鹰），承诺终极觉醒后报答。风云一叶洞府感慨九首蛇祖选择终极觉醒（以力破法太难无领主帮转世）。队伍出发，屋晓及另两位负责探查（屋晓机械飞出赤云城第一），九首蛇祖传寂静冰山主人位置及周边族群分布情报，初定路线两天抵达。,东伯雪鹰维持巅峰近半个时辰，九首蛇祖召集五十六位强者（含屋晓劫天大帝烈溪帝君）出发斩杀寂静冰山主人，风云一叶感慨。
雪鹰领主,堵路,环境铺陈、情节推进,设定,"队伍一天后被一群黑压压飞禽发现，九首蛇祖九色领域镇压，屋晓三千米银白巨人一掌活捉一头神帝圆满级，烈溪帝君八转天河令浑源生命迷路。九首蛇祖传音东伯雪鹰隐藏灵魂招数（防寂静冰山主人知晓逃跑，遇寂灭旮族群更谨慎）。天午城副城主荀易（虚空道悟道者唯一城主级）传讯告知寂静冰山主人最谨慎最难缠成功不足一半，邀请东伯雪鹰事后帮斩金河主人（尸骸参悟十亿年即可）。东伯雪鹰应""事后再说""。队伍堵路寂静冰山主人归途，被寂灭旮族群发现暴露。",队伍一路碾压浑源生命，荀易传讯提醒寂静冰山主人最难缠邀请事后帮斩金河主人，队伍堵路归途被寂灭旮发现暴露。
雪鹰领主,追杀寂静冰山主人,战斗描写、转折高潮,战斗、高潮,寂静冰山主人（暗金长袍披发气度非凡，镣铐锁链金色秘纹折磨）得知九首蛇祖来袭，选择带护卫一起逃（五千护卫汇合逃命途可达六七千，自保无虞；若知东伯雪鹰灵魂招数会选第一条路单独逃）。屋晓金色大鸟（赤云城第一速度）包裹队伍追杀。寂静冰山主人率六千神帝圆满级寂灭旮（通体黑色半透明）迎面而来。九首蛇祖与寂静冰山主人对话，双方队伍碰撞，修行者如刀锋破开阻拦。九首蛇祖令东伯雪鹰动手。,寂静冰山主人选择带护卫一起逃（不知灵魂招数），六千寂灭旮护卫迎面，修行者队伍冲杀，九首蛇祖令东伯雪鹰动手。
雪鹰领主,心中冰凉,战斗描写、转折高潮,战斗、高潮,东伯雪鹰虚幻世界降临笼罩五千寂灭旮（实力降至神帝后期），修行者一方碾压。寂静冰山主人感应到东伯雪鹰操纵幻境，决定拼命杀死东伯雪鹰（护卫不再受影响危机自解）。寂静冰山主人化真身（黑色半透明寂灭旮，金色秘纹烙印伤口骨骼裂缝），虚空利刃切割每一位修行者。九首蛇祖九首战体合一（最强杀招），寂静冰山主人施虚空冻结（绝对寂静思维慢一拍）加水滴层（速度增六成）撞破层层空间，与东伯雪鹰长枪碰撞。东伯雪鹰爆发半浑源生命体两米多肉身硬抗仅吐血轻伤。寂静冰山主人心中冰凉明白东伯雪鹰也是顶尖强者，一招建功失败，在劫难逃。,东伯雪鹰虚幻世界压制五千寂灭旮，寂静冰山主人化真身拼命施虚空冻结水滴层一击，东伯雪鹰硬抗仅轻伤，寂静冰山主人心中冰凉明白在劫难逃。
雪鹰领主,大功告成,转折高潮、战斗描写,战斗、高潮,九首蛇祖慢一拍拦截不住，东伯雪鹰仅轻伤大喜。寂静冰山主人毫不犹豫遁逃，令护卫缠住修行者。修行者合力甩掉六千寂灭旮（小半个时辰）。金色大鸟追杀寂静冰山主人（镣铐锁链无法隐藏行踪）。寂静冰山主人逃一个时辰多被追上，九色领域压制速度，修行者全力围攻（无护卫阻碍威势强一倍余）。寂静冰山主人离老巢近三成但局势更恶劣，穷途末路。九首蛇祖令拖延（真身伤势加重）。寂静冰山主人生命气息湮灭跌落冰原。九首蛇祖收尸骸（储物宝物碎裂，浑源袋装殓），承诺心脏血液归己其余归东伯雪鹰。队伍归程。,寂静冰山主人遁逃被金色大鸟追上，修行者全力围攻（无护卫阻碍）斩杀，九首蛇祖收尸骸承诺心脏血液归己其余归东伯雪鹰，队伍归程。
雪鹰领主,深渊海主人,设定展开、伏笔埋设,伏笔、设定,深渊海主人（盘膝坐海底头顶离海面万里，双手展开触摸岸边，体型占大半个深渊海）感应寂静冰山主人陨落，派五位深渊侍者（十六条触手人形生物）率五百手下查探。东伯雪鹰队伍两天回赤云城，赤云殿简单分配，九首蛇祖立即闭关（欲终极觉醒）。九首蛇祖洞府取寂静冰山主人心脏（小半个时辰）及血液（幽蓝内含虚空），尸骸归东伯雪鹰（送浑源袋，东伯雪鹰储物宝物碎裂）。烈溪帝君来共同参悟一亿年。风云一叶感慨九首蛇祖最接近成功。,深渊海主人派深渊侍者查探寂静冰山主人死因，九首蛇祖取心脏血液闭关终极觉醒，尸骸归东伯雪鹰，烈溪帝君来共同参悟一亿年。
雪鹰领主,飞雪帝君之名,伏笔深化、悟道,伏笔、修炼、爽点,"深渊海主人得知""飞雪帝君""灵魂招数（范围百万里神帝中期毙命神帝后期剩一两成神帝圆满剩一半），决定出巡时先解决东伯雪鹰。界心大陆断牙山脉东伯雪鹰分身参悟石火山（千眼存在骨骼粉末，虚空道奥妙一星半点但惊艳），五位宇宙神来取奇物（死孽族因飞雪帝君退散）。东伯雪鹰分身记忆碰撞（圣界界心大陆家乡源世界），福至心灵悟出新浑源炼体法门，感觉或许成了。",深渊海主人得知飞雪帝君灵魂招数决定先除掉，界心大陆分身参悟石火山，分身记忆碰撞福至心灵悟出新浑源炼体法门。
雪鹰领主,半浑源生命体,悟道、转折高潮,修炼、高潮、爽点,东伯雪鹰界心大陆分身突破半浑源生命体（水到渠成十多个呼吸，世界膜壁震碎浑源力涌入，身体完美至极前无路）。东伯雪鹰出源世界至浑源空间（身体支撑一个时辰灵魂三五个时辰，虚界幻境道第三杀招质变后灵魂抵抗侵蚀极强）。家乡混沌虚空分身亦突破，走迷界走廊施虚空领域仍无法大范围探查（圣主躲藏其中完美收敛气息认不出）。圣界赤云城分身突破后拒绝再度行动邀请，思索以力破法两条路：虚空道强行提升、灵魂肉身结合（虚界幻境道究极后灵魂对肉身帮助）。,东伯雪鹰三具分身（界心大陆家乡源世界圣界）皆突破半浑源生命体，水到渠成身体完美，决定主攻虚界幻境道究极（灵魂肉身结合以力破法）。
雪鹰领主,九首蛇祖成浑源,转折高潮、设定揭示,揭示、设定、高潮,东伯雪鹰半浑源生命体突破后六千万年，圣界天空黑云遍布恐怖威能蓄积（五座城皆见），赤云城上空金光漩涡。九首蛇祖洞府力量降临（终极觉醒）。九首蛇祖化真身——九头四爪大蛇（通体黑色半透明，体型遮蔽天空比赤云城大上万倍十万倍，威压令修行者臣服），创造崭新浑源生命种族。屋晓惊叹新晋突破气息如此强（十种血脉融合前所未有）。九首蛇祖化人形感谢诸位。,九首蛇祖以寂静冰山主人血脉统领九种血脉终极觉醒成就浑源，化真身九头四爪大蛇（崭新种族），威压震慑赤云城。
雪鹰领主,自身就是世界,设定揭示、情感展现,情感、揭示、设定,九首蛇祖赠予参与斩杀寂静冰山主人的修行者积累宝物及虚空感悟典籍。九首蛇祖告知接引使者一到即离开，回答修行者提问：厚积薄发（研究诸多血脉积累认清前路）；高等浑源生命与半浑源生命体区别——自身就是世界（小型源世界），生命层次与源世界平等，分身术是分割自身（一分为二各削弱）。赤峰道人（红鼻子老头酒葫芦，第七域巡查世界级浑源强者）来接引九首蛇祖，称其将来有望世界级浑源生命，带其见领主。九首蛇祖离去。,"九首蛇祖赠礼及感悟典籍，揭示高等浑源生命""自身就是世界""本质，赤峰道人接引九首蛇祖见领主离去。"
雪鹰领主,秘术,悟道、伏笔埋设,伏笔、修炼、爽点,九首蛇祖成功激励圣界修行者斗志冲天。东伯雪鹰拒绝众多邀请（无特殊理由不去其他聚集地），五百多亿年应六次邀请斩杀两位浑源囚徒（共三位，浑源囚徒谨慎防范追杀失败四次）。东伯雪鹰参悟寂静冰山主人尸骸悟出水滴秘术（护体且速度暴涨赤云城前十，从无间入有间切割一切）及虚空冻结秘术（更诡异难掌握）。深渊海主人镣铐锁链金光大涨被迫出巡，站起来海平面仅到腰部，愤怒咆哮震颤膜壁。,东伯雪鹰悟出水滴秘术及虚空冻结秘术，五百多亿年斩杀两位浑源囚徒（共三位），深渊海主人被迫出巡站起来震颤膜壁。
雪鹰领主,一脚踩下,转折高潮、氛围营造,设定、高潮,深渊海主人出巡消息震动赤云城，三千多修行者齐聚赤云殿观看魔镜（时刻观察深渊海）。深渊海主人迈步缩小（三分之一、十分之一、千分之一），一步越群山荒原。天午城最近首当其冲。一支天午城猎杀队被追上，分散逃跑，黑衣女子等被一脚踩成齑粉（神帝圆满级如碾死蝼蚁）。小半个时辰踩死超二十位修行者后放弃追杀转另一方向。赤云城修行者观看沉默，风云一叶判断深渊海主人第二个目标赤云城。,深渊海主人出巡缩小体型追杀天午城修行者，一脚踩死二十余位（神帝圆满级如碾蝼蚁），风云一叶判断第二个目标赤云城。
雪鹰领主,铺天盖地,氛围营造、转折高潮,设定、高潮,赤云城修行者讨论有飞雪帝君在希望斩杀深渊海主人。深渊海主人两天抵达天午城（一千八百里高），率无数浑源生命围攻。天午城法阵层层光罩，深渊海主人双手暗红火焰指尖巨剑刺穿大半光罩（实力比上次出巡强）。天午城修行者察觉实力提升分三队逃。深渊海主人追杀（速度比战阵慢一截），三队逃出。其他四座城修行者观看惊惧深渊海主人实力提升。冰星城修行者放弃城池朝赤云城赶来。,深渊海主人两天抵天午城（一千八百里高）攻破大半法阵（实力提升），天午城分三队逃，其他四座城修行者朝赤云城赶来。
雪鹰领主,蓄势以待,情节推进、伏笔埋设,伏笔,天午城副城主荀易率分队赶路（深渊海主人比战阵慢但直线畅通）。深渊海主人率所有浑源囚徒族群及无数普通浑源生命朝赤云城赶来（深渊侍者传令一月传遍圣界）。赤云城修行者熟悉合击战阵（三大分队核心风云一叶屋晓劫天大帝），东伯雪鹰参与战阵操纵一小关节（心力影响不到一成）。东伯雪鹰期待斩杀深渊海主人得领主赐予，盘算得不到赐予则前往第三个世界。塍光城寒月城修行者亦赶来。,深渊海主人率所有浑源生命朝赤云城赶来，赤云城修行者熟悉合击战阵，东伯雪鹰期待领主赐予或前往第三个世界。
雪鹰领主,爆发,战斗描写、转折高潮,战斗、高潮,冰星城塍光城寒月城修行者皆放弃城池朝赤云城赶来（五座城难得汇聚）。深渊海主人六天抵达赤云城（一千两百里高，实力下降三成）。深渊海主人认出东伯雪鹰（得知情报），声称三个同伴死在其手要亲手捏死。东伯雪鹰施虚幻世界降临（百万里范围笼罩城池及周围数十万里），浑源生命实力大降。赤云城三支分队冲出围攻深渊海主人。,五座城修行者朝赤云城汇聚，深渊海主人六天抵达（一千两百里高实力降三成），认出东伯雪鹰声称要捏死，东伯雪鹰施虚幻世界降临三支分队围攻。
雪鹰领主,撤！,战斗描写、转折高潮,战斗、高潮,三支分队围攻深渊海主人，邪樊汇聚两成战阵威能撕伤口，东伯雪鹰水滴秘术长枪割伤口（十余里长一里深仅破皮）。深渊海主人化真身（十六条触手）威势狂暴，三支分队隐隐下风。深渊海主人恢复两臂形态（真身伤势加重）。风云一叶下令撤（深渊海主人防御招数太强杀不了）。屋晓判断再来三四座城修行者也杀不了。风云一叶提两法：分队数量越来越多试运气、研究大型合击战阵（当初五行生灭阵斩杀上一代深渊海主人，需五位阵法核心如今仅剩两位）。,三支分队围攻深渊海主人仅破皮，化真身十六条触手下风，撤回赤云城，风云一叶提两法：分队数量试运气、研究大型合击战阵。
雪鹰领主,图穷匕见,转折高潮、伏笔深化,伏笔、高潮,"乾诖蟮鄣嫣齑康劬两位创出五行生灭阵的幸存者简化战阵（有飞雪帝君浑源生命威胁可忽略，简化进攻放弃群攻手段）。屋晓催促十天时间内成功（否则深渊海主人逃）。深渊海主人偶尔攻城被分队阻碍。三天后天午城冰星城六支分队在东伯雪鹰两支分队接应下汇合（浑源生命阻碍低），九支分队合力围攻仍杀不了（深渊海主人恢复力抵消伤势）。七日后塍光城寒月城六支分队赶来，深渊海主人心中泛起滔天杀机（掩饰这么久足够了，五座城修行者全得死），自称""铖嚎""注定名传无尽浑源空间。",乾诖蟮鄣舔齑康劬简化五行生灭阵，天午城冰星城六支分队汇合九支分队围攻仍杀不了，塍光城寒月城六支分队赶来，深渊海主人图穷匕见自称铖嚎。
雪鹰领主,世界级浑源生命！,转折高潮、设定揭示,揭示、设定、高潮,东伯雪鹰三支分队救援塍光城寒月城六支分队汇合，九支分队返赤云城布置大型战阵。深渊海主人狂笑体型急剧变大（一千两百里→万里→十万里），皮肤浮现井字水蓝符纹，吞吸世界之力改变规则，逼退修行圣界规则。屋晓惊呼不是高等浑源生命。北河大帝激发手腕印记离开失败（规则压制）。黑袍高瘦男子（接引殿器灵）怒喝，调动封禁法阵极限镇压至八千里。深渊海主人嗤笑器灵无能为力。器灵知晓深渊海主人强行突破至世界级浑源生命（未到高等圆满就突破，修行圣界史上从未有过），上禀巡查。,深渊海主人强行突破至世界级浑源生命（八千里身高井字水蓝符纹改变规则），封禁法阵极限镇压，器灵上禀巡查，修行圣界史上从未有过。
雪鹰领主,一步一杀,转折高潮、氛围营造,设定、高潮,"器灵期盼巡查及时赶到斩杀深渊海主人。深渊海主人十六条触手缠锁链欲拔出失败，拽法阵撕裂整个修行圣界震颤虚空粉碎愈合露出膜壁秘纹锁链。深渊海主人挣扎不出法阵，凭血脉感应遥呼同族""大兄""（世界级浑源生命），上禀始祖派最近世界级浑源生命救援。深渊海主人一步一杀屠戮修行者（速度太快一脚一个），黑袍高瘦男子调动法阵力量庇护修行者令其无视普通浑源生命但面对世界级无用。深渊海主人锁定第一目标飞雪帝君，沿东伯雪鹰方向一步一杀逼近。北河大帝感应深渊海主人急速靠近。",深渊海主人挣扎不出法阵凭血脉感应呼同族大兄上禀始祖救援，一步一杀屠戮修行者锁定飞雪帝君方向逼近，北河大帝急速靠近。
雪鹰领主,踏上这条路，无悔！,情感展现、转折高潮,情感、高潮,"深渊海主人闲庭散步踩死过千修行者。北河大帝回忆一生（界心大陆苟延残喘→断牙山脉崛起→夺千眼水珠→蛇牙廊道→雷霆世界→修行圣界），追求修行路最巅峰，大脚落下化为齑粉（无分身陨落）。乾诖蟮垡彩υ刂厝欢涝诖竽呀畔峦黄剖О芑为齑粉。荀易（天午城副城主虚空道悟道者）大笑坦然赴死。东伯雪鹰方向普通神帝圆满级死光仅余十余速度极快者及顶尖强者。东伯雪鹰停下转身面对，感慨修行者坦然赴死""朝闻道夕死可矣""，眼中前所未有神采（自由），大脚落下化作齑粉。","北河大帝乾诖蟮鄣妊∠呒扒嵝∷笛罢咛谷痪妥撸东伯雪鹰感慨修行者坦然赴死""自由""，大脚落下化作齑粉（分身陨落）。"
雪鹰领主,虚界道，究极境！,悟道、转折高潮,修炼、高潮、爽点,"东伯雪鹰肉身被踩灭瞬间，因目睹修行者坦然赴死感悟""生灵是世界之魂，有魂的世界才精彩""，虚界幻境道积累豁然开朗圆满合一，灵魂蜕变融入修行圣界世界本源（世界本源不灭灵魂不灭）。肉身虽灭灵魂不灭。邪樊、风云一叶、屋晓等遁逃中注视。屋晓激发领主老祖宗手段灵魂化作白光逃离（深渊海主人敬畏领主力量本质）。深渊海主人继续屠戮。东伯雪鹰灵魂融入世界本源后可调动部分本源力量及所有世界之力，熟悉手段后去救人。",东伯雪鹰肉身被踩灭瞬间虚界幻境道突破究极境，灵魂融入修行圣界世界本源不死，可调动部分本源力量及世界之力，屋晓激发领主手段灵魂逃离。
雪鹰领主,浑源强者们的震惊,转折高潮、战斗描写,战斗、高潮,"东伯雪鹰以世界本源之力凝聚肉身（八千里高）救风云一叶，与深渊海主人对峙。深渊海主人震惊飞雪帝君没死且能维持八千里（规则领域内）。东伯雪鹰速度比深渊海主人快数倍，救下一个个修行者，操纵世界之力裹挟过万修行者遁逃速度大增。逃出规则领域的修行者被东伯雪鹰挪移至接引殿。深渊海主人追不上。东伯雪鹰救完所有修行者后瞬移至接引殿，再赴深渊海主人处决战。赤峰道人（第七域巡查世界级浑源强者分身）及诸多浑源强者观看震惊（半浑源生命体发挥高等浑源顶尖实力），领主""元""回应东伯雪鹰未成浑源但能调动世界之力及部分本源（与灵魂感悟有关）。",东伯雪鹰以世界本源凝聚肉身救下过万修行者送接引殿，速度比深渊海主人快数倍，赤峰道人及诸多浑源强者震惊，元回应其未成浑源但能调动世界之力。
雪鹰领主,终成浑源（上）,悟道、转折高潮,修炼、高潮、爽点,东伯雪鹰虚界幻境道究极为无限浑源空间第一个灵魂道路究极者，灵魂融入世界本源后一念可在世界任何一处凝聚肉身，调动部分本源及所有世界之力，实力取决于世界。东伯雪鹰一手持世界本源长枪一手捞修行者，操纵世界之力裹挟上万修行者逃，救出规则领域者挪移至接引殿。深渊海主人愤怒追不上。东伯雪鹰救完所有修行者后瞬移接引殿，再赴深渊海主人处决战。黑袍高瘦男子问是否成浑源（未成），东伯雪鹰去再战。家乡混沌虚空分身参悟虚界幻境道运用。,东伯雪鹰虚界幻境道究极为无限浑源空间第一个，灵魂融入世界本源可凝聚肉身调动世界之力，救完所有修行者后再战深渊海主人，家乡分身参悟运用。
雪鹰领主,终成浑源（下）,悟道、转折高潮,修炼、高潮、爽点,"东伯雪鹰推演半浑源虚空道与究极虚界幻境道结合（肉身灵魂相辅相成如画龙点睛），预判数十亿年以力破法成领主（无瓶颈坦途）。东伯雪鹰灵魂融入家乡源世界本源（源世界本源比修行圣界强千万倍），幻境领域笼罩整个源世界甚至有余力，一念操纵众生。东伯雪鹰悟出""众生臣服即世界本源臣服""，以究极灵魂招数让整个源世界无数生灵（含天愚老祖剑主等）陷入幻境认为""东伯雪鹰是源世界主人""，世界本源主动认主，一个呼吸炼化世界本源成世界级浑源生命（源世界主人），肉身灵魂跃迁。",东伯雪鹰推演肉身灵魂结合以力破法需数十亿年，灵魂融入家乡源世界本源后以究极幻境让众生认其为主，炼化世界本源成世界级浑源生命（源世界主人）。
雪鹰领主,浑源强者东伯雪鹰,转折高潮、设定揭示,揭示、设定、高潮,东伯雪鹰成世界级浑源生命，意识凌驾源世界之上，源世界如肉身，残破源世界急剧收缩修复（缩小百分之一缜密光滑完全封禁领主难渗）。罗城主感应到东伯雪鹰突破及源世界有主，传音恭喜（无需再看守源世界）。东伯雪鹰发现灵魂可融入任何无主世界本源迅速恢复分身实力（独特优势）。东伯雪鹰灭杀圣主及迷界走廊毁灭魔族（源世界无需毁灭魔族）。天愚老祖剑主等中幻境清醒震惊。东伯雪鹰预判两个时辰融合成功成领主。,东伯雪鹰成世界级浑源生命，源世界收缩修复完全封禁，灭杀圣主及毁灭魔族，罗城主恭喜无需再看守，预判两个时辰成领主。
雪鹰领主,撑不住了！,战斗描写、转折高潮,战斗、高潮,"东伯雪鹰主战分身回修行圣界再战深渊海主人（世界之力加持长枪）。深渊海主人十六条触手挥舞，东伯雪鹰长枪被震碎后退数十万里（世界之力不足以敌世界级浑源生命）。东伯雪鹰家乡分身炼化世界本源成世界级浑源生命，主战分身占九成实力。东伯雪鹰消散肉身回世界本源，主战分身在世界本源处诞生（疯狂吞吸世界之力）。深渊海主人震惊世界级浑源强者诞生。东伯雪鹰再战（世界级浑源中期），虚空道与虚界幻境道融合实力飙升，一拳令深渊海主人空间塌陷血肉塌陷，一臂劈上万层空间连锁反应碎命核。深渊海主人绝望心灵传音同族""飞雪帝君新晋世界浑源中期""后毙命。同族巍峨巨人上禀始祖。",东伯雪鹰家乡分身成世界级浑源生命后主战分身占九成实力再战深渊海主人，虚空道虚界幻境道融合实力飙升，劈碎命核灭杀深渊海主人，同族上禀始祖。
雪鹰领主,兵器,装备获取、情节推进,奖励,罗城主来家乡源世界告知深渊海主人潜力大（达到世界级浑源圆满有望甚至始祖），天生浑源生命始祖震怒派世界级浑源生命来犯（领主被牵制），请东伯雪鹰帮忙拖延。东伯雪鹰承诺全力。岩（世界级浑源后期，十二根金角八臂金色鳞甲）率队赶来（始祖令摧毁十五座世界）。赤峰道人来修行圣界，赠传讯宝物（元炼制）、炼制浑源兵器法门（十二种）及巡视采集的特殊材料。东伯雪鹰以虚界空间十个呼吸炼制浑源兵器（十万亿斤浑源砂为主，粗糙但坚韧结实），赤峰道人目瞪口呆。东伯雪鹰留弱小分身在修行圣界，与赤峰道人迎敌。,罗城主请东伯雪鹰拖延天生浑源生命援军，赤峰道人赠传讯宝物炼器法门材料，东伯雪鹰十万亿斤浑源砂十个呼吸炼成浑源兵器，留弱小分身迎敌。
雪鹰领主,领主（大结局上）,战斗描写、转折高潮,战斗、高潮,赤峰道人带东伯雪鹰至浑源虚空隧道，岩（世界级浑源后期）出现。天狼客（世界级浑源圆满，银发三眼男子）传讯提醒保持距离勿硬拼。东伯雪鹰持黑色长枪迎敌，施虚幻世界降临笼罩岩（灵魂招数浑源层次世界级浑源力量施展威力暴涨）。岩实力大降，东伯雪鹰近身杀来。岩两臂缠长枪六臂刺穿东伯雪鹰身体一招灭主战分身（兵器落入岩手）。东伯雪鹰弱小分身在修行圣界借世界本源三个呼吸恢复主战分身（独特优势）。岩震惊又出主战分身。东伯雪鹰保持距离施封禁领域（世界级浑源后期招数），虚空道虚界幻境道融合新招接连悟出（护身秘术肉身变强虚空遁行）。岩逃不走求援始祖。东伯雪鹰右手旋转刺入岩胸膛三刺灭命核杀岩（世界级浑源圆满战力）。初始始祖（球体生物防御第一）决定毁东伯雪鹰源世界断根。赤峰道人天狼客震惊。,东伯雪鹰施虚幻世界压制岩，主战分身被灭后借修行圣界三个呼吸恢复再战，虚空道虚界幻境道融合新招接连悟出，三刺灭岩命核杀之，初始始祖决定毁源世界断根。
雪鹰领主,领主（大结局下）,转折高潮、情感展现,情感、高潮,"始祖们重视东伯雪鹰（新晋世界浑源圆满成领主可能性大），决定不惜代价毁源世界铲除。东伯雪鹰回修行圣界吞吸世界之力十余呼吸肉身达世界级浑源圆满。天狼客（世界级浑源圆满）至，与东伯雪鹰赤峰道人等敌人。东伯雪鹰闭眼推演浑源虚空之道，悟出完整""浑源虚空之道""掌握浑源之力本质，以力破法成领主（无限浑源空间第九位领主，身体皮肤诞生浑源小世界）。封禁浮甚（飞禽擅幻境）、黑白（雾气女子擅灭绝）、无限之蛇三条（融合三头之蛇擅束缚）六位世界级浑源圆满。永恒之地圆桌三十二席位（五位始祖——白色战甲毁灭、正方体、大蛇等；修行者领主诞生即受邀）。无限浑源空间诞生的第一个世界（蛇形怪物）注视。天生浑源生命始祖震怒撤退。东伯雪鹰收六位大敌。赤峰道人天狼客躬身""领主""。东伯雪鹰回修行圣界隐居主战分身。元（花花绿绿衣袍拖鞋，自称""元老哥""）、罗城主（罗峰，从地球走出以力破法）迎接东伯雪鹰，告知庆贺大典及领地划分。东伯雪鹰飞回源世界复活父亲母亲铜叔宗叔弟弟东伯青石及师傅古亓等故人，与生命中最重要的人们分享喜悦。（大结局）",东伯雪鹰以力破法成领主（第九位），封禁六位世界级浑源圆满，始祖震怒撤退，元罗城主迎接告知庆贺大典，东伯雪鹰飞回源世界复活至亲故人分享喜悦，全书完整收官。
