卷名,章节名,type,tag,summary,core
炼一口飞剑,（无标题）,人物引入 | 环境铺陈,人物、设定,"秦云归家，次日夜探大哥秦安宅院，发现异样。开篇以夜探悬念快速建立""秦云强""的人设认知。","秦云归家，夜探悬念建立""低调强者""人设。"
炼一口飞剑,擒下,矛盾展现 | 转折高潮,冲突、高潮,秦云抓猫妖逼问出幕后黑手，得知妖怪盘踞地下。通过逼问引出妖怪势力的初步信息，为后续潜入斩妖做铺垫。,逼问妖怪线索，地下势力初探。
炼一口飞剑,妖怪头领'褚庸',环境铺陈 | 设定展开,设定,秦云潜入野猪妖褚庸的地下宫殿，摸清妖怪布局。地下宫殿的环境描写展现妖怪势力的盘踞规模。,褚庸地下宫殿探查，妖怪布局摸清。
炼一口飞剑,我是他的弟弟！,战斗描写 | 爽点设置,战斗、爽点,"秦云一剑斩杀褚庸及七个手下小妖，缴获星纹钢。亮明""我是他弟弟""身份——开篇立威的第一个爽点，快速建立""低调强者""人设。",一剑斩褚庸，开篇立威爽点。
炼一口飞剑,本命飞剑,设定展开 | 悟道,修炼、设定、爽点,本命飞剑基础设定交代：丹田剑丸、烟雨剑意十倍孕养速度。这是飞剑问道世界观的核心修炼设定，贯穿全书。,本命飞剑核心设定确立，烟雨剑意十倍孕养。
炼一口飞剑,二十岁前不入仙门，终生无望,人物引入 | 设定展开,人物、设定,秦云成长背景交代——十三岁人剑合一、十五岁离家、快十九岁叩仙门。大哥秦安登场对话，展现秦云的成长历程和家族背景。,秦云成长历程与修炼天赋交代。
炼一口飞剑,西山剑园,人物引入 | 环境铺陈,人物、设定,好友田波（小波波）重逢，插叙市井生活气息。西山剑园聚会，昔日同窗登场。展现秦云归家后的社交圈和市井人情。,西山剑园重逢，市井社交圈展现。
炼一口飞剑,谢霜,情感展现 | 转折高潮,情感、高潮,得知谢狂人（谢雷）死讯及其妹谢霜（尘霜）卖身燕凤楼。情感转折点，引出尘霜情义线。,谢狂人死讯与尘霜卖身，尘霜情义线引入。
炼一口飞剑,再相见,情感展现 | 人物心理,情感,秦云决意前往燕凤楼探望尘霜姑娘。重逢场景展现秦云与尘霜的旧日情谊，为后续助其脱困做铺垫。,燕凤楼重逢尘霜，旧日情谊展现。
炼一口飞剑,杀鸡儆猴,战斗描写 | 爽点设置,战斗、爽点,"燕凤楼重逢尘霜。刘琦公子当场挑衅，秦云一把将其扔下楼立威——打脸爽点，快速建立秦云""不可惹""的形象。",刘琦挑衅被打脸，杀鸡儆猴立威。
炼一口飞剑,卖身契？,设定展开 | 情感展现,情感、设定,揭示尘霜并非真卖身契，只是普通契约。尘霜坚持留青楼为报谢家仇。隐藏线索（百里家）埋下悬念。,尘霜契约真相，百里家隐藏线索埋设。
炼一口飞剑,名妓尘霜,人物引入 | 人物心理,人物、情感,江南四大才子虞白登场。秦云得知虞白对尘霜有旧日单相思之作《尘霜赋》。才子与名妓的旧日渊源为后续借力办事做铺垫。,虞白登场，《尘霜赋》渊源铺垫。
炼一口飞剑,逃不过一个'利'字,爽点设置 | 人物心理,情感、爽点,秦云用《尘霜赋》包装帮尘霜造势，以此换取虞白帮其子拜入东山观修行门派——借力办事的爽点，展现秦云的智谋。,借力办事智谋展示，尘霜造势换虞白帮忙。
炼一口飞剑,十万两银子,设定展开 | 转折高潮,设定、高潮,"郡守大人登门请托，欲求""千年冰玉果""。郡守许下十万两银子酬劳，索要寒萃灵液作为额外报酬。主线任务引入，为后续进山采果引出白虎大妖之战做铺垫。",郡守委托采灵果，白虎大妖之战铺垫。
炼一口飞剑,卷宗记载,设定展开 | 环境铺陈,设定,秦云查阅卷宗了解冰玉果相关信息，为进山采果做准备。同时交代灵果产地和守护妖兽的情报。,冰玉果情报查阅，进山准备。
炼一口飞剑,声名鹊起,人物引入 | 环境铺陈,人物、设定,选花魁大典现场，伊萧登场。伊萧的初次亮相，为后续并肩作战做人物铺垫。,伊萧初次登场亮相。
炼一口飞剑,郡守来访,战斗描写 | 爽点设置,战斗、爽点,魔仆突袭画舫，伊萧掌心雷分化三道雷霆救场——伊萧首秀战力。犀牛妖魔仆吐心脏毒液反击，场面惊险。,魔仆突袭画舫，伊萧掌心雷首秀战力。
炼一口飞剑,灵果,设定展开 | 人物引入,人物、设定,伊萧身份揭示：昆仑州伊氏子弟、神霄门弟子。伊萧的显赫背景为后续感情线和联手复仇做铺垫。贾怀仁及其妖怪老仆钱叔登场。,伊萧显赫身份揭示，贾怀仁钱叔登场。
炼一口飞剑,花魁,人物引入 | 设定展开,人物、设定,钱叔身份铺垫：忠犬成妖，一心助贾怀仁修行。后续伏笔埋设——钱叔的忠义将在白虎大妖之战中以牺牲收束。,钱叔忠犬成妖身份铺垫，牺牲伏笔埋设。
炼一口飞剑,触怒水神,悟道 | 设定展开,修炼、设定、爽点,本命飞剑吸收寒萃灵液（5斤2两）大补根基——修炼线数值成长。进山采灵果四人组成行（秦云/伊萧/贾怀仁/钱叔）。,本命飞剑吸收寒萃灵液，修炼线数值成长。
炼一口飞剑,掌心雷,战斗描写 | 转折高潮,战斗、高潮,白虎大妖（镇山郡黑风岭大妖，水神师弟）现身守护灵果。隐身采果初步成功但被波动震破。九颗风雷石法器交锋，气氛紧张。,白虎大妖现身守护灵果，风雷石交锋。
炼一口飞剑,伊萧,战斗描写 | 悟道,修炼、战斗、爽点,白虎大妖化两丈身形，双斧大战秦云。秦云以烟雨剑意扭转力道对抗巨力——剑意初显。伊萧以五行雷法及天雷术助攻，团战配合。,白虎大妖双斧大战，烟雨剑意初显。
炼一口飞剑,绝不容有失,战斗描写 | 情感展现,情感、战斗,百余妖怪围攻，老仆钱叔挺身阻敌。钱叔重伤坚持护送贾怀仁逃命——忠义情感线。,钱叔挺身阻敌护主，忠义情感展现。
炼一口飞剑,贾怀仁的渴望,情感展现 | 转折高潮,情感、高潮,"钱叔战死山崖——""我死也要让怀仁活下来""。全篇最强催泪点，妖怪角色的人性反转。",钱叔战死山崖，全篇最强催泪点。
炼一口飞剑,妖怪老仆'钱叔',战斗描写 | 爽点设置 | 情感展现,情感、战斗、爽点,秦云怒断白虎大妖一臂，夺大斧战利品——斩妖夺宝爽点。下山与贾怀仁、郡守汇合。郡守安葬钱叔，妖怪的忠义引人唏嘘。,怒断白虎大妖一臂，斩妖夺宝爽点。
炼一口飞剑,寒萃灵液,悟道 | 情感展现,修炼、情感、爽点,本命飞剑吸收大斧碎片（超300斤金行材料），修炼线再升级。秦云回忆八岁妹妹秦红香被水神选中献祭的血仇往事——核心情感驱动揭晓。,本命飞剑再升级，秦红香血仇核心情感驱动揭晓。
炼一口飞剑,进山,矛盾展现 | 人物心理,冲突、情感,水神与白虎大妖师兄弟对话，透露秦云身份被关注。贾怀仁黑化心理活动初现（对钱叔之死态度暗淡）。主线悬念引入。,水神关注秦云，贾怀仁黑化伏笔初现。
炼一口飞剑,密信,设定展开 | 转折高潮,设定、高潮,灵果成功交付郡守，延寿二十年。主线收尾。伊萧邀秦云联手杀水神大妖（神霄门宗门任务）。秦云初次拒绝邀约。,灵果交付收尾，伊萧邀约联手杀水神。
炼一口飞剑,灵果成熟,转折高潮 | 人物心理,情感、高潮,"因""水神随时可能突破先天实丹境""警讯，秦云改变主意应邀。终极任务引入。",水神突破警讯，秦云改变主意应邀。
炼一口飞剑,白虎大妖,悟道 | 爽点设置,修炼、爽点,本命飞剑正式炼成，突破炼气十二层——修炼线阶段性突破。郡守透露伊萧背后有十六皇子/神霄门大师兄/神霄张氏福公子三大追求者，暗示身份尊贵。,本命飞剑终成突破炼气十二层，伊萧三大追求者伏笔。
炼一口飞剑,群妖聚,情感展现 | 爽点设置,情感、爽点,秦云吃包子告别街坊，市井温情。出发讨伐水神，清剿沿途妖怪山寨，救出被囚人族百姓——除魔救人爽点。,告别街坊市井温情，清剿妖怪山寨除魔救人。
炼一口飞剑,法宝？烟雨剑意！,战斗描写 | 人物心理,情感、战斗,水神真身水猿现身，气势逼人。秦云故意隐藏实力诱敌深入——智斗。,水神真身水猿现身，秦云隐藏实力诱敌。
炼一口飞剑,老仆'钱宝',战斗描写 | 转折高潮,战斗、高潮,伊萧连续祭出三重杀招（无形阴雷/撒豆成兵金甲道兵/先天一气雷符）——宗门底牌全开。水神断臂危机下强行突破至先天实丹境，反杀金甲道兵。敌方逆转。,伊萧三重杀招全开，水神强行突破先天实丹境反杀。
炼一口飞剑,搏命,悟道 | 转折高潮 | 爽点设置,修炼、爽点、高潮,"伊萧被索云链重创坠崖。危机·情感牵动。秦云因愤怒悟出""技近乎道""式剑意，达成天人合一御剑术——核心爽点·觉醒剑意（不可替换设定）。",伊萧坠崖危机触发，秦云悟出技近乎道剑意——核心觉醒。
炼一口飞剑,虎妖断爪,战斗描写 | 爽点设置 | 情感展现,情感、战斗、爽点,御剑飞剑连续贯穿水神七窍，击杀水神——终极爽点·复仇成功。秦云抱伤重的伊萧脱险，情感线并肩生死。,御剑贯穿水神七窍，复仇成功终极爽点。
炼一口飞剑,先让我试试,设定展开 | 人物心理,情感、设定,"战利品瓜分：黑水牛角叉归伊萧作凭证，索云链归秦云，银票百余万两平分。约定对外只称""天人合一御剑术""，绝口不提""剑意""以免暴露引来大妖忌惮追杀——设定伏笔。",战利品瓜分，剑意保密约定伏笔埋设。
炼一口飞剑,秦云的最强招数,设定展开 | 情节推进,设定,（注：原文编号此处有跳跃，含特殊插入章节。此章对应主线推进，继续修炼线与战力展示。）,主线推进，修炼线与战力展示。
炼一口飞剑,昆仑州伊氏,设定展开 | 情节推进,设定,（继续主线推进，伊萧家族背景与势力格局进一步展开。）,伊萧家族背景与势力格局展开。
炼一口飞剑,激动和愤怒,人物心理 | 情节推进,情感,（继续主线推进，秦云情绪波动与决断。）,秦云情绪波动与决断推进。
炼一口飞剑,为祸一方,矛盾展现 | 情节推进,冲突,（继续主线推进，妖怪为祸一方的矛盾展现。）,妖怪为祸一方矛盾展现。
炼一口飞剑,指日可待,人物心理 | 情节推进,情感,（继续主线推进，目标指日可待的心理状态。）,目标指日可待的心理推进。
炼一口飞剑,师叔不来了,设定展开 | 情节推进,设定,（继续主线推进，师叔相关情节。）,师叔相关情节推进。
炼一口飞剑,看错人了？,人物心理 | 情节推进,情感,（继续主线推进，人物判断与反思。）,人物判断与反思推进。
炼一口飞剑,十三年磨一剑,悟道 | 情节推进,修炼、爽点,（继续主线推进，十三年磨一剑的修炼感悟。）,十三年磨一剑修炼感悟。
炼一口飞剑,定计,人物心理 | 情节推进,情感,（继续主线推进，定计谋划。）,定计谋划推进。
炼一口飞剑,本命飞剑终成,悟道 | 情节推进,修炼、爽点,（继续主线推进，本命飞剑修炼进展。）,本命飞剑修炼进展推进。
炼一口飞剑,炼气十二层,悟道 | 情节推进,修炼、爽点,（继续主线推进，炼气十二层境界确认。）,炼气十二层境界确认推进。
炼一口飞剑,出发,环境铺陈 | 情节推进,设定,（继续主线推进，出发场景。）,出发场景推进。
炼一口飞剑,两个狂妄的人族小辈,战斗描写 | 情节推进,战斗,（继续主线推进，与妖怪的战斗。）,与妖怪战斗推进。
炼一口飞剑,假内丹,战斗描写 | 情节推进,战斗,（继续主线推进，假内丹相关战斗。）,假内丹相关战斗推进。
炼一口飞剑,你逃不掉的！,战斗描写 | 情节推进,战斗,（继续主线推进，追击战斗。）,追击战斗推进。
炼一口飞剑,穷途末路？,战斗描写 | 情节推进,战斗,（继续主线推进，穷途末路危机。）,穷途末路危机推进。
炼一口飞剑,先天实丹境,转折高潮 | 情节推进,高潮,（继续主线推进，先天实丹境突破。）,先天实丹境突破推进。
炼一口飞剑,飞剑！飞剑！,战斗描写 | 情节推进,战斗,（继续主线推进，飞剑战斗。）,飞剑战斗推进。
炼一口飞剑,依偎,情感展现 | 情节推进,情感,（继续主线推进，秦云与伊萧依偎情感。）,秦云与伊萧依偎情感推进。
炼一口飞剑,归途,环境铺陈 | 情节推进,设定,（继续主线推进，归途场景。）,归途场景推进。
炼一口飞剑,广凌震动,爽点设置 | 情感展现,情感、爽点,广凌全城戒严庆祝，朝廷巡天使介入剿灭妖怪超七成，各村孩童获救团圆。主线收束·多线团圆。,广凌全城庆祝，多线团圆收束。
炼一口飞剑,天亮了（本篇终章）,情感展现 | 转折高潮,情感、高潮,"秦云祭拜妹妹衣冠冢告慰""二哥终于杀了水神大妖""。云楼顶楼秦云伊萧对话流露情愫。结尾云魔山岛主（先天金丹境大妖）得知水神死讯震怒，悬念收尾。",祭拜妹妹告慰，伊萧情愫，云魔山岛主悬念。
巡天使,见面,矛盾展现 | 人物引入,人物、冲突,秦云与洪知府（洪家老九洪长老）见面，交涉索云链归属事宜。官场主线引入。,洪知府登场，索云链交涉官场主线引入。
巡天使,交易,人物心理 | 设定展开,情感、设定,双方达成交易：秦云以索云链换取洪家人脉与照拂。利益交换，展现秦云在多方势力间周旋的智慧。,索云链换洪家人脉，利益交换周旋智慧。
巡天使,风雨欲来,环境铺陈 | 矛盾展现,冲突、设定,官场暗流涌动，新旧势力交接的风雨欲来之感。为后续冲突升级做氛围铺垫。,官场暗流涌动，冲突升级氛围铺垫。
巡天使,洪家老九,人物引入 | 人物心理,人物、情感,洪家老九身份与算计手段初显，暗藏私心。反派的深层布局开始浮现。,洪家老九身份与算计手段，反派深层布局。
巡天使,得罪不起,矛盾展现 | 人物心理,冲突、情感,"秦云在广凌""得罪不起""的多方势力间周旋。矛盾埋线，为后续正面对抗蓄势。",多方势力周旋，正面对抗蓄势。
巡天使,敌人来袭,战斗描写 | 转折高潮,战斗、高潮,敌人来袭，暗手试探秦云虚实。冲突引入，节奏开始加快。,敌人来袭试探虚实，冲突节奏加快。
巡天使,红玉道人坐镇,爽点设置 | 人物引入,人物、爽点,红玉道人坐镇，展示其五品法宝赤火葫芦威能——高手登场立威，强化世界观压迫感。,红玉道人登场，赤火葫芦威能展示。
巡天使,拜帖,设定展开 | 转折高潮,设定、高潮,神秘拜帖送至，牵出更高层势力关注。悬念·主线铺垫。,神秘拜帖，更高层势力关注悬念。
巡天使,伊萧要走了？,情感展现 | 人物心理,情感,伊萧告知即将离开广凌返回宗门。情感线·离别铺垫，延续第1篇顶楼对话的暧昧。,伊萧离别铺垫，情感线延续。
巡天使,威胁？,矛盾展现 | 情节推进,冲突,暗中势力以言语相威胁，试探秦家底线。冲突升级。,暗中势力威胁试探，冲突升级。
巡天使,深夜盗宝,转折高潮 | 设定展开,设定、高潮,深夜遭遇盗宝行动，牵出墨台家血液争夺暗线。新悬念引入。,深夜盗宝，墨台家血液争夺暗线引入。
巡天使,分离,情感展现 | 人物心理,情感,秦云与伊萧依依分离，各自踏上各自道路。情感线·分离，为来年重逢约定做蓄力。,秦云伊萧依依分离，来年重逢蓄力。
巡天使,七品飞剑,悟道 | 爽点设置,修炼、爽点,秦云所得七品飞剑法宝，实力再进一步。修炼线·数值成长。,七品飞剑法宝获取，实力再进。
巡天使,新任郡守,设定展开 | 环境铺陈,设定,新任郡守到任，官场格局再变。主线引入，为后续公冶丙阴谋线做铺垫。,新任郡守到任，公冶丙阴谋线铺垫。
巡天使,刘家,人物引入 | 矛盾展现,人物、冲突,刘家登场，与秦家渐生嫌隙。人物铺垫·伏笔，公冶丙暗中操控的线索开始浮现。,刘家登场与秦家嫌隙，公冶丙操控线索浮现。
巡天使,金霄大妖,战斗描写 | 转折高潮,战斗、高潮,金霄大妖夜袭，广凌再起妖患。冲突升级，紧迫感笼罩秦家。,金霄大妖夜袭，广凌再起妖患。
巡天使,紧迫感,环境铺陈 | 人物心理,情感、设定,金霄大妖余威未平，紧迫感笼罩秦家。危机蓄力。,金霄大妖余威，紧迫感危机蓄力。
巡天使,对付秦云,矛盾展现 | 转折高潮,冲突、高潮,"暗中势力定策""对付秦云""，布局正式展开。反派主动出手。",暗中势力定策对付秦云，反派布局展开。
巡天使,调兵遣将,矛盾展现 | 人物心理,冲突、情感,敌对一方调兵遣将，准备罗织罪名。反派布局深化。,敌对调兵遣将罗织罪名，布局深化。
巡天使,红眼,战斗描写 | 爽点设置,战斗、爽点,"秦云怒杀来犯之敌，""红眼""状态展现狠厉一面。狠厉反击爽点。",秦云红眼怒杀来犯之敌，狠厉反击。
巡天使,全城轰动,爽点设置 | 情感展现,情感、爽点,斩妖之事全城轰动，秦云声名大噪。扬名爽点。,斩妖全城轰动，秦云声名大噪。
巡天使,秦云公子仁慈,情感展现 | 人物心理,情感,秦云公子仁慈，善待百姓、不恃强凌弱的正面形象立住。人设巩固。,秦云仁慈善待百姓，正面形象立住。
巡天使,安置,情感展现 | 环境铺陈,情感、设定,秦云安置受灾/受难百姓，尽显家族守护者担当。情感线·守护。,安置受灾百姓，家族守护者担当。
巡天使,写信,人物心理 | 设定展开,情感、设定,秦云写信联络外援，为后续危局预先布局。伏笔。,写信联络外援，危局预先布局伏笔。
巡天使,龙潭虎穴,转折高潮 | 人物心理,情感、高潮,深入龙潭虎穴，主动查探刘家背后阴谋。主动出击。,深入龙潭虎穴，主动查探阴谋。
巡天使,五转玄木大阵,战斗描写 | 爽点设置,战斗、爽点,遭遇五转玄木大阵，识破敌方布局的高阶手段。破局能力展现。,遭遇五转玄木大阵，破局能力展现。
巡天使,公冶丙，你好狠！,转折高潮 | 矛盾展现,冲突、高潮,"揭穿刘家被公冶丙暗中诬陷操控，怒斥""公冶丙，你好狠！""反派身份初现锋芒。",揭穿公冶丙诬陷刘家，反派身份初现。
巡天使,初探郡守府,环境铺陈 | 人物心理,情感、设定,初探郡守府，试图查明幕后真凶线索。主线推进。,初探郡守府，查明真凶线索推进。
巡天使,上书朝廷,转折高潮 | 人物心理,情感、高潮,秦云上书朝廷申诉冤情，正式启动洗冤程序。主线关键动作。,上书朝廷申诉冤情，洗冤程序启动。
巡天使,飘水仙石,悟道 | 爽点设置,修炼、爽点,"意外获得珍贵法宝""飘水仙石""，修炼资源加成。修炼线·资源成长。",飘水仙石获取，修炼资源加成。
巡天使,跨入先天（上）,悟道 | 转折高潮,修炼、高潮、爽点,秦云跨入先天虚丹境（上），境界突破初启。修炼线·境界突破（上）。,先天虚丹境突破初启（上）。
巡天使,跨入先天（下）,悟道 | 爽点设置,修炼、爽点,秦云跨入先天虚丹境（下），突破完成，实力质变。核心爽点·境界突破（下）。,先天虚丹境突破完成，实力质变。
巡天使,飞剑法诀,悟道 | 设定展开,修炼、设定、爽点,修炼《游丝斜阳剑诀》，飞剑法诀层次再进。剑诀深化。,游丝斜阳剑诀修炼，飞剑法诀再进。
巡天使,公冶丙和秦云,战斗描写 | 矛盾展现,冲突、战斗,公冶丙与秦云正面交锋，暗中试探彼此深浅。正邪对峙。,公冶丙与秦云正面交锋，正邪对峙。
巡天使,公冶丙的真面目,转折高潮 | 人物心理,情感、高潮,公冶丙的真面目初步暴露，邪恶算计浮出水面。反派揭底。,公冶丙真面目初步暴露，邪恶算计浮出。
巡天使,妖魔！,转折高潮 | 矛盾展现,冲突、高潮,"公冶丙妖魔身份彻底揭穿，""妖魔！""震撼真相。核心转折·妖魔真身曝光。",公冶丙妖魔身份彻底揭穿，核心转折。
巡天使,剑光化虹,悟道 | 爽点设置,修炼、爽点,"秦云悟出《游丝斜阳剑诀》第十层""剑光化虹""，飞剑之术登堂入室。核心爽点·剑光化虹（不可替换设定）。",悟出剑光化虹，核心觉醒不可替换设定。
巡天使,秦云要杀我！,战斗描写 | 爽点设置,战斗、爽点,"公冶丙惊惧反扑，惶恐喊出""秦云要杀我！""反派丑态毕露。",公冶丙惊惧反扑，反派丑态毕露。
巡天使,逃离,战斗描写 | 转折高潮,战斗、高潮,公冶丙仓皇逃离，秦云紧追不舍。冲突延续。,公冶丙仓皇逃离，秦云紧追不舍。
巡天使,捉拿秦云,转折高潮 | 矛盾展现,冲突、高潮,"官府反被蒙蔽，颁令""捉拿秦云""，秦家蒙冤。蒙冤危机。",官府颁令捉拿秦云，秦家蒙冤。
巡天使,逃不掉了,情感展现 | 转折高潮,情感、高潮,"秦云一家陷入""逃不掉了""的绝境重围。危机·情感牵动。",秦云一家绝境重围，危机情感牵动。
巡天使,巡天盟,转折高潮 | 设定展开,设定、高潮,巡天盟介入，携巡天鉴影像证据现身。关键道具救场。,巡天盟介入，巡天鉴影像证据救场。
巡天使,巡天使'秦云',爽点设置 | 转折高潮,爽点、高潮,"巡天鉴影像还原真相，秦云被正式册封为""巡天使""。终极爽点·洗冤昭雪+身份加冕。",巡天鉴洗冤，秦云受封巡天使终极爽点。
巡天使,杏花香（本篇终章）,情感展现 | 设定展开,情感、设定,藏宝殿钱长老鉴定焚化童男童女心头血。秦云与伊萧约定来年二月二十五乌苏郡风波亭重逢。情感收束+悬念钩子。,钱长老鉴定心头血，伊萧重逢约定，悬念钩子。
江州烟雨,再相见,人物引入、情感展现,人物、情感,"秦云依约赴乌苏郡风波亭与伊萧重逢，赠伊萧八品法宝水云之精簪子作二十岁生日礼。伊萧哭诉九岁时被父伊采石抛弃之痛，年年风波亭等父未果。太乙门弟子涂臣受神霄门大师兄薛永之命前来刁难秦云，被秦云报出""广凌秦云""之名吓退。一蛟龙妖族女子（龙小莲）飞奔而来寻伊萧。",秦云伊萧风波亭重逢，伊萧身世之痛与神霄门大师兄线初露。
江州烟雨,神霄门大师兄,人物引入、设定展开,人物、设定,"龙小莲（万蛇谷三谷主之女，有龙族血脉）登场，嬉闹认秦云为""姐夫""。秦云为景山派程光道友与万蛇谷交易打折撮合。神霄门大师兄薛永（先天实丹境，修神霄雷法）得知伊萧与秦云交好，态度淡然""一切随缘""，烧毁来信继续修行。",龙小莲登场，神霄门大师兄薛永正式亮相并表态不强求情缘。
江州烟雨,剑气斩妖,战斗描写、悬念设置,伏笔、战斗,"秦云、伊萧、龙小莲等乘船赴金秦，途中遇十头飞禽妖怪袭船欲抓女吃人，秦云五道剑气瞬杀五妖，又御紫光飞剑数里外救下被袭农夫群。秦云察觉大郡妖怪如此张扬异常。逃亡中的修行人洪九（杀黑妖王独子被追杀）借古老龟壳推演出""生机在东方""正是秦云船向。",剑气群杀展实力，洪九推演生机引出黑妖王之战伏笔。
江州烟雨,广凌，秦云,矛盾展现、转折高潮,冲突、高潮,"洪九在田埂被三头飞禽妖怪头领发现追杀，危急间秦云紫色飞剑隔空斩杀数十妖怪并变大接洪九上船。洪九自述杀黑妖王独子惹祸重伤。牛妖率众妖逼船索要洪九，秦云报出""广凌，秦云""之名，众妖惊恐后退两三里至五六里外。",秦云以巡天使威名震退群妖，黑妖王之战正面引爆。
江州烟雨,秦云和黑妖王,人物引入、矛盾展现,人物、冲突,"黑妖王（先天实丹境羊妖，修五火白骨珠）携亲传弟子金霄大妖（云魔山一脉，擅飞遁）降临。黑妖王以""杀独子之仇""威胁秦云交出洪九并许厚礼，秦云怒斥""妖魔吃人杀人杀你一个妖魔有错吗""，抢先一剑化作银色虹光杀向黑妖王。伊萧介绍黑妖王五火白骨珠能自成领域。",黑妖王正面登场，秦云主动出击揭幕大战。
江州烟雨,烟雨剑诀,战斗描写、悟道,修炼、战斗、爽点,"黑妖王五火白骨珠围困秦云本命飞剑，又分出一珠直扑秦云本人。秦云笑施自创""烟雨剑诀·春雨""——飞剑融入春雨笼罩战场，剑光轨迹如大网镇压领域，擦伤黑妖王手臂。秦云自述此乃成巡天使后结合烟雨剑意与剑仙传承所创烟雨剑诀，春雨为群攻招。",烟雨剑诀·春雨首次施展，秦云自创剑诀体系正式登场。
江州烟雨,大战落幕,战斗描写、转折高潮,战斗、高潮,"黑妖王施""无边火狱""黑色毒火攻船，秦云以周天剑光护船并祭出第二柄黑色八品飞剑。秦云转施""血未冷""凄厉血色剑虹连伤黑妖王腹部肩膀。黑妖王收五珠全力防御仍不敌，与金霄大妖双双遁逃。秦云操纵紫黑两柄八品飞剑斩尽余妖（含先天虚丹牛妖）。此战被巡天鉴记录，元符宫主等先天金丹境高人得知。",黑妖王狼狈逃窜，秦云斩尽余妖立威，巡天盟记录战况。
江州烟雨,九山岛主的老朋友,人物引入、伏笔深化,人物、伏笔,"秦云收战利品，与众人送洪九回广凌静养，并邀龙小莲游广凌。黑妖王回羊角山老巢心生畏惧决定""离秦云远点""。元符宫主借巡天令观战影像，评秦云在江州青令巡天使中""勉强入前五""。云魔山九山岛主被一虎头人身老妖告知秦云又让其吃亏，冷断传讯。",黑妖王畏惧退场，九山岛主怨念深化，巡天盟/景山派关注秦云成长。
江州烟雨,法宝衣袍,情感展现、装备获取,奖励、情感,"秦云陪龙小莲游广凌半月后龙小莲回东海。秦云与伊萧三日一论道、五日一斗法，感情日深。伊萧通过神匠坊""田叔叔""为秦云定制八品法宝衣袍（护身强）。六月十五秦云生日，伊萧亲送衣袍，秦云炼化穿戴，知此衣袍比三柄八品飞剑加起来还贵近一倍。",伊萧赠秦云神匠坊八品法宝衣袍，二人感情升温。
江州烟雨,明月见证,情感展现、转折高潮,情感、高潮,"八月十五中秋，秦云深夜带月饼访伊萧，带伊萧驾云赴澜阳江曲江湾赏""天下三大潮之首""广凌潮。月色朦胧广凌潮温柔之际，秦云情不自禁亲吻伊萧，伊萧未拒。广凌潮轰鸣惊醒二人，伊萧羞飞回。伊萧回屋独坐回忆，暗喜""没看出来他还真敢""，应允次日同吃蟹。",中秋明月下秦云伊萧初吻定情，全篇情感线核心转折。
江州烟雨,剑意第二层,悟道、转折高潮,修炼、高潮、爽点,"秦云因定情亢奋在院中肆意施展剑法，渐入空灵心境，将欢喜融入剑法，剑光化作烟雾游龙、水滴虚影。秦云跨入剑意第二层""剑意外放、自成领域""，覆盖周围五丈（后扩至六丈），万物皆可蕴剑意。旁述秦云后天境即悟烟雨剑意（技近乎道）的传说剑仙资质，二十二岁达多数先天金丹境都不及的意境领域层次。次日秦云与伊萧吃蟹，丫鬟们察觉二人亲近异常。","秦云突破剑意第二层""领域""，全篇修炼线最核心突破。"
江州烟雨,伊萧的父亲,人物引入、矛盾展现,人物、冲突,"伊萧街上为秦云淘旧剑术书时，远见疑似父亲伊采石与一紫衣女子（武枫郡主）同行。伊萧隐身跟踪至宅院，与父相认质问为何抛弃自己十一年。伊采石称""都是我自私心狠""欲断父女关系。紫衣女子武枫郡主（钟离氏老祖之女）在驼背老者孙老协助下布阵擒伊萧，欲毁伊萧容泄愤。",伊萧生父伊采石与仇人武枫郡主登场，毁容危机爆发。
江州烟雨,救我！,矛盾爆发、转折高潮,冲突、高潮,"武枫郡主以钟离氏老祖亲女身份压制伊萧，五位先天虚丹境护卫（钟离氏记名弟子）操纵五转阵法合击擒下伊萧并封禁法力。武枫郡主在伊萧脸上连划十二刀欲撒毒粉永久毁容。伊萧被押送屋内时透过传讯宝物向秦云发出""城东玉带河一宅院救我""求救。秦云见巡天令求救字样红眼御剑急赴，破阵而入，见伊萧满脸血淋淋伤口，一剑炸裂押送修行人，抱住伊萧。",伊萧被毁容受辱，秦云破阵救伊萧，冲突达到本篇最惨烈顶点。
江州烟雨,怒火冲天,矛盾爆发、战斗描写,冲突、战斗,"秦云施展甘霖术为伊萧疗伤，白发老者（先天实丹境，武枫郡主师兄）护武枫郡主等退至远处。秦云无视白发老者""钟离氏之事秦道友无需掺和""劝告，以本命飞剑三击破五转封禁大阵，黑色飞剑周天剑光护身，紫色飞剑封空阻逃。白发老者持金属圈、鱼鳞护盾、雷火符全力抵挡仍不敌，催促武枫郡主向海盛大和尚求救并以钟离氏威胁秦云。秦云凶光毕露连轰拂尘丝线。",秦云碾压武枫郡主全部护卫力量，钟离氏复仇线正面激化。
江州烟雨,仙凡有别,转折高潮、人物心理,情感、高潮,"郡守府中海盛大和尚与宋郡守谈书法，感应到城内强者交战后携宋郡守赶往武枫郡主宅院。海盛大和尚见伊萧满脸伤口，仍劝秦云住手并以一掌试招；秦云本命飞剑正面破开金色大手印，海盛大和尚承认不及而退到一旁。秦云借武枫郡主以钟离氏老祖威胁之言，点破""仙凡有别""：元神仙人不敢轻易插手凡间因果，否则三灾九难更重。武枫郡主威胁失效，白发老者拂尘被破，秦云抓住武枫郡主。",海盛大和尚调停失败，秦云以实力和仙凡因果规则压下钟离氏威胁。
江州烟雨,两成实力,矛盾收束、爽点设置,冲突、爽点,"秦云掐武枫郡主脖子，伊采石求情被秦云斥其窝囊。秦云将武枫郡主摔给伊萧，伊萧连抽武枫郡主三十巴掌（十二刀还十二掌，余十八替母打）后令其离开。秦云逼白发老者交出毒粉，以其人之道还施其人之身在武枫郡主脸划十二刀撒毒粉，并夺武枫郡主及六护卫全部法宝（含法宝衣袍）。秦云向伊萧透露""只发挥了两成实力""，伊萧震撼。",秦云反制毁容夺宝，自曝两成实力震慑，矛盾收束。
江州烟雨,剑仙一脉的缺陷,设定揭示、伏笔埋设,伏笔、揭示、设定,燕凤楼别院内，红衣妖娆妇人（巫姥山）劝尘霜入巫姥山修行（巫母蛊喜欢尘霜，五成生还把握成当代巫女）。尘霜提出条件：杀百里家（害死其兄谢雷的幕后黑手）及百里家老祖百里禽。红衣妇人揭示修行界势力格局（朝廷/道家佛门圣地/顶尖宗派/巫姥山/天妖宫/妖魔九脉源自域外魔神），并点出剑仙一脉巨大缺陷——传承至先天金丹即到顶，无元神仙人法门，故剑仙宗派屡被妖魔所灭。,尘霜赴巫姥山伏笔埋设，剑仙一脉无元神法门缺陷揭示。
江州烟雨,万象殿,人物引入、悬念设置,人物、伏笔,"秦云与伊萧清点武枫郡主宝物（抵七八个公冶丙），计划将本命飞剑提升两品至四品。崆州离城，乐夫人（钟离氏老祖之妻，先天实丹境）训诫武枫郡主行事不智丢了钟离氏颜面，决定""直接杀了""秦云。乐夫人通过万象殿传讯印记联系血色蛟龙使者，以三枚仙晶雇万象殿杀秦云。万象殿接单并开始安排刺杀。",乐夫人登场雇万象殿刺杀秦云，万象殿神秘势力入场。
江州烟雨,拜入宗派,人物引入、情感展现,人物、情感,百变毒叟（一百九十二岁先天虚丹境，擅变化肉身成圣法门+机关术）接万象殿刺杀任务（一枚仙晶），杀尽所居王家全庄后化瘦小老者赴广凌。秦烈虎为好友徐叔之子徐烈（十二岁炼气七层）求秦云送入景山派当记名弟子，秦云亲测徐烈资质后答应，并通过巡天令托炎道人安排。,百变毒叟接刺杀任务赴广凌，秦云助徐烈入景山派（人情线）。
江州烟雨,街边刺杀,战斗描写、转折高潮,战斗、高潮,大半月过去钟离氏无动静，秦云伊萧放松警惕上街赴云楼吃油泼面。途中一伪装修伞老头的百变毒叟在伞中暗藏机关，一丈距离内射出九道红光钢针突袭秦云要害。秦云剑意外放领域瞬间笼罩六丈，令九根钢针速度锐减停于面前一寸。百变毒叟惊骇传音求饶展价值，秦云以一片蕴含剑意的布片穿透其心脏斩杀，毁尸灭迹。,百变毒叟街边刺杀被剑意领域秒杀，秦云领域实力首度实战验证。
江州烟雨,百变毒叟的宝物,装备获取、设定展开,奖励、设定,伊萧震撼于百变毒叟刺杀之阴狠。秦云收百变毒叟乾坤袋及特殊机关伞，以剑意分解尸体毁尸灭迹。云楼七层雅间清点战利品：机关术典籍（飞鹤影/天雷击）、毒术典籍、修行法门等，宝物量与公冶丙相当。秦云透露将来实力足够将开宗立派建剑仙宗派。万象殿血色蛟龙得知百变毒叟失手身死，不甚在意，准备另找杀手。,清点百变毒叟宝物获机关毒术典籍，万象殿另寻杀手伏笔。
江州烟雨,恶龙山三妖王,人物引入、矛盾展现,人物、冲突,恶龙山三妖王（蛟龙王娄离/豹妖王/猫妖王）在鲁州屠灭一村庄数千人献祭域外魔神雕像，因一狐妖泄露行踪被巡天盟通缉。万象殿血色蛟龙联系蛟龙王，以两枚仙晶雇杀秦云。三妖王决定赴江州顺手杀秦云换仙晶助蛟龙王突破先天金丹。秦府来了一位求做门客的修行人楚远（连海郡洞阳观弟子，得罪草巫派逃出）。,恶龙山三妖王登场受雇杀秦云，秦府门客楚远投靠。
江州烟雨,五品飞剑,悟道、装备获取,修炼、奖励、爽点,秦云收楚远为门客（年俸一千两），秦府修行人门客达七人。秦云修炼本命飞剑，借武枫郡主等战利品精华，本命飞剑由六品突破至五品（仗之可发挥三品法宝之威），通体淡银色覆碧水流动感。秦云于月下持五品本命飞剑施展烟雨剑术。,本命飞剑突破至五品，秦云战力再增近两成。
江州烟雨,江上明月,悟道、情感展现,修炼、情感、爽点,"秦云以五品本命飞剑施展烟雨剑术，心有所悟创出烟雨剑诀最强一招""江上明月""（纯剑气可纵横数十里，唯美如江上升明月，以中秋夜回忆为灵感）。伊萧感应波动赶来，秦云告知此招。秦云握伊萧手告白""修行路漫漫你能和我一起走吗""，伊萧应""执子之手与子偕老生死不相弃""，二人相拥定情。伊萧告知明年二月回神霄门入雷池闭关三个月修先天一气神雷。恶龙山三妖王摆脱六尾狐妖晏七娘追杀决定赴江州杀秦云。","创最强招""江上明月""，秦云伊萧互许终身，三妖王赴江州。"
江州烟雨,仙人洞府,伏笔埋设、设定展开,伏笔、设定,洪九持景阳真人（三千年前的元神仙人，曾为道家领袖）遗留的第六块符牌访秦云，约定明年夏天共探景阳洞府（景阳真人遗产，含景山派典籍六七成及灵宝兜率神火符箓，禁元神仙人入内，先天金丹境进去亦危险）。秦云因剑仙一脉无元神法门对元神仙人手段好奇而答应。洪九需半年巩固修为，定明年夏天同探。,景阳洞府第六符牌齐聚，第四篇主线钩子埋设。
江州烟雨,秦公子出手,情节推进、矛盾展现,冲突,恶龙山三妖王抵广凌郡阳涉县设局，猫妖王伪装大妖在阳涉县肆虐掳掠村民诱秦云。宋郡守接阳涉县令求救信，亲赴秦府请秦云出手斩妖。秦云闻妖怪为祸十余村庄、被抓村民过千被杀数百，当即应允，携伊萧御剑急赴阳涉县。途中见遭劫村庄惨状，秦云沉默愤怒。三妖王在峡谷巢穴内暗布隔绝巡天鉴阵法待秦云入局。,宋郡守请秦云斩妖，三妖王设局诱秦云入伏。
江州烟雨,求救也没用的,战斗描写、转折高潮,战斗、高潮,"秦云伊萧降峡谷救被掳村民，秦云一剑瞬杀近两百看押妖怪。三妖王启动隔绝阵法封峡谷，猫妖王/豹妖王/蛟龙王现身。伊萧惊告恶龙山三妖王实力（蛟龙王直逼先天金丹，三联手极可怕）建议传讯巡天盟。三妖王得意称阵法隔绝传讯与巡天鉴""求救也没用""。秦云一剑施""雷潮""如天崩地裂直扑猫妖王，一招将其肉身碎裂斩一命。",秦云入三妖王埋伏，一剑斩猫妖王一命震慑全场。
江州烟雨,求饶,战斗描写、转折高潮,战斗、高潮,"豹妖王仗五品法宝千丝瘴+长枪抵抗，被本命飞剑轰退吐血，蛟龙王大印相救方脱。秦云转施""血未冷""凄厉血色剑虹划蛟龙王腹部巨伤。豹妖王、猫妖王惊恐求饶愿献赔礼，蛟龙王亦求和。秦云怒斥""你们屠戮村落无数村民谁来饶他们一命""，宣告三妖王今日全部得死。",三妖王求饶被拒，秦云宣告必杀三妖王。
江州烟雨,蛟龙王，你好狠,转折高潮、伏笔深化,伏笔、高潮,"三妖王施合击阵法围攻秦云，秦云以紫黑两柄八品飞剑分别缠住蛟龙王猫妖王，本命飞剑专杀豹妖王。第八剑斩断豹妖王一臂贯穿胸膛，豹妖王死。猫妖王被紫剑穿颅斩第二命。蛟龙王为独吞魔神赐予，刺穿猫妖王心脏献祭，猫妖王临死咒""蛟龙王你好狠""。蛟龙王取出魔神雕像献祭血肉之力，虚空裂缝现域外魔神庞大头颅降下力量。",豹妖王猫妖王被杀，蛟龙王献祭魔神，域外魔神降临。
江州烟雨,我有一剑,战斗描写、转折高潮,战斗、高潮,"秦云八品紫剑刺不透魔神力量护体的蛟龙王。域外魔神赐蛟龙王一滴绿色生命液体，蛟龙王肉身暴涨至六丈披黑色绿纹甲铠，实力近先天金丹。蛟龙王嚣张扑杀秦云，秦云本命飞剑施""雷潮""被震退。秦云微笑道""我有一剑悟出后从未对敌今日请你品鉴""，施最强招""江上明月""——剑如破江而升的明月，破蛟龙王双爪刺其胸口裂缝渗血。蛟龙王惊问剑名后掉头逃，被江上明月连击倒退。","蛟龙王魔神加持实力暴涨，秦云首施""江上明月""重创之。"
江州烟雨,停下啊！,战斗描写、转折高潮,战斗、高潮,江上明月数十剑破蛟龙王魔躯，贯穿其心脏要害斩杀。蛟龙王死前问秦云是否达意境领域（叹多数先天金丹都不及）。秦云操纵天地之力隔绝声音，三小妖求饶逃窜皆被三道剑气斩杀。秦云收三妖王宝物及隔绝巡天鉴阵法（欲布于秦府）。秦云捏魔神雕像，雕像以法宝/元神仙人法门/长生诱惑秦云，秦云不信域外魔神能予剑仙元神法门（天下三大圣地都无），捏碎雕像毁大功德。秦云告知巡天盟此战。六尾狐妖晏七娘得知三妖王被秦云所杀。,蛟龙王被斩杀，魔神雕像被毁，晏七娘得知大仇得报。
江州烟雨,万象殿的新报价,人物引入、矛盾收束,人物、冲突,"晏七娘急赴铁鹰山，谢秦云斩三妖王报仇，切三妖王头颅祭夫，赠伊萧天狐毛发编织的遁影衣（五品法宝，珍惜度近四品），与秦云伊萧留传讯印记。炎道人率巡天盟金舟到场善后，欲购蛟龙王爪子。景山派元符宫主惊叹秦云实力""江州青令巡天使中数一数二""。钟离氏离城，万象殿血色蛟龙因两次刺杀失败判定秦云实力远超预期，放弃刺杀退还三枚仙晶，续杀需三十枚仙晶，乐夫人拒绝。",晏七娘谢恩赠衣，万象殿放弃刺杀，钟离氏复仇线暂歇。
江州烟雨,离去（本篇终章）,转折高潮、悬念设置,伏笔、高潮,"秦云斩三妖王名动天下但仅""高看一眼""（蛟龙王仍只先天实丹境）。过年，东龚郡百里家被巫姥山天巫以咒术灭杀百里禽（纵妖行凶劫掠平民波及巫姥山门客家眷），百里家轰然倒塌。尘霜留书秦云""出去走走看看风景若不回来别忘了我""，随红衣妇人赴巫姥山入巫母洞。次年二月，伊萧赴神霄门雷池闭关三个月修先天一气神雷，与秦云相约三月后再见。伊萧走后，万象殿使者（深红鳞甲蛟龙）主动送秦云一枚仙晶示好，自荐万象殿""包罗万象""业务（法宝功法灵果/各族美女/功名利禄/杀人拜师/仙丹皆可代办）。",百里家覆灭尘霜离场，伊萧赴雷池闭关，万象殿主动示好——本篇收官并为第四篇埋万象殿线。
仙人洞府,第六块符牌,设定展开、悬念设置,伏笔、设定,时近五月，秦云在广凌小镜湖畔练剑，惦记在神霄门雷池修行的伊萧，本命飞剑已跨入四品。洪九来访，秦云看出其天人合一、擅趋吉避凶和阵法推演。洪九交出景阳洞府第六块符牌，二人约定同入仙府并保密。次日秦云、洪九在容坛郡酒楼会见元符宫主，秦云取出符牌，元符宫主激动确认六块符牌终于齐聚。,第六块符牌齐聚，景阳仙府探宝序幕拉开。
仙人洞府,玉清妹子,人物引入、设定展开,人物、设定,元符宫主与秦云、洪九商定仙府事宜，交代另外五块符牌分别属于皇宫、三个千年大家族及一位先天金丹修行人，景山派只要典籍不要宝物，并提醒秦云若无实力护不住宝物。秦云洪九离去后，秦云在容坛郡街头偶遇少时西山剑园同窗黎玉清——她嫁入南明郡归海家后夫君病死，被夫兄归海程逼迫逃亡，正以死相胁。,仙府探宝规则确立；少时好友黎玉清陷入危难登场。
仙人洞府,老友相聚,战斗描写、人物心理,情感、战斗,秦云出面相救黎玉清，归海程及其护卫出手袭击，秦云以高深修为轻松化解飞刀、火焰、飞针等攻击，令归海程等人惊恐跪地求饶。秦云亮明身份，让黎玉清指认恶人，展现修行人碾压世俗豪族的实力差距。,秦云轻松碾压归海家修行人，救下黎玉清母女。
仙人洞府,仙府开启之日,转折高潮、情感展现,情感、高潮,秦云以巡天使身份将归海程等五人定身带走，三名害死杏儿的爪牙被秦云以剑意领域化为粉末。秦云带黎玉清回广凌秦府安置。次日元符宫主传讯告知仙府开启日子定于六月十二。秦云安排黎玉清在秦府住下，母亲常兰帮忙照料。,归海家恶人受惩，仙府开启日期定为六月十二。
仙人洞府,伊萧出关,人物引入、设定展开,人物、设定,"越门当代袁公在白猿洞召见阵法高手方虞，告知景阳洞府将启，邀其同往，方虞欣然应允；袁公志在夺回越门遗失的一品飞剑白露，与现存飞剑青水合璧可匹敌超品法宝。同时交代越门一直追查的""剑老人""最终也去了景阳洞府。伊萧在神霄门雷池闭关出关，因天雷灌体因祸得福悟出雷霆意境、先天一气神雷圆满，伊氏老祖传讯赐神霄雷法及四品神霄符箓，安排她与二叔伊风谷入景阳洞府。",袁公方虞组队、伊萧出关获伊氏老祖栽培，各方为仙府探宝做准备。
仙人洞府,常在河边走,情感展现、矛盾收束,冲突、情感,伊萧传讯秦云告知出关及将入景阳洞府之事，二人惊喜发现竟要同入仙府。伊萧提醒秦云保密并小心妖魔出府后抢夺。南明郡归海家唯一先天修行人归海靖赶回，怒斥家族管教无方，亲赴广凌秦府赔礼，当众击杀归海程、惩罚青袍护卫三年锁脉之苦，向秦云低头示好。转眼六月十二，秦云与洪九出发赴景山派。,归海家事件了结；秦云洪九启程赴景山派入仙府。
仙人洞府,六方汇聚,人物引入、环境铺陈,人物、设定,六方修行人汇聚景山派：混元宗朱氏兄弟朱丰（朱疯子，肉身极强）朱八（擅阵法推演）；灵宝山白家姐妹白君月（先天金丹）、白君语；越门袁公方虞；皇族光头老者姬烈（最强）与十六皇子姬弘义；伊氏伊风谷伊萧；秦云洪九。各方互相打量试探，秦云低调示弱。十六皇子追求伊萧未果，伊萧与秦云亲密走到一起。,六方修行人齐聚景山派，各方实力与目的初步展现。
仙人洞府,天下皆知,设定展开、悬念设置,伏笔、设定,姬烈训斥十六皇子以大事为重，暗中商议找机会弄死秦云。伊萧向秦云详细分析六方实力：姬烈最强（意境领域+先天金丹+一品灭魔手），白君月第二（小周天星辰），袁公第三，秦云与袁公接近但法宝欠缺。宫掌门率众人出发前往景阳洞府。同时，景阳洞府开启及六方高手情报经万象殿传遍天下，人族、妖族、四海水族顶尖势力皆知，云魔山魔神也部署出府后抢夺。,六方实力排序明确；仙府探宝情报传遍天下，出府后危机四伏。
仙人洞府,仙府，开,环境铺陈、设定展开,设定,宫掌门率七方抵达景阳洞府朝霞门，讲解仙府阵法规则：山门为唯一正道入口，无符牌强行进入者必死；强行破开会致三百里化为齑粉，仙人魔神都不敢硬闯；山门开启后须十息内进入。六块符牌合一融入山门开启空间膜层。宫掌门亲自率两名弟子入内取典籍。十六皇子传音威胁秦云放弃否则必死，秦云不惧。,景阳仙府正式开启，七方入内，朝霞门隔绝内外。
仙人洞府,处处皆宝物,设定展开、爽点设置,爽点、设定,仙府外围荒地上散落三千年来强行闯入者的遗留法宝。宫掌门告知外围风沙阵如今威力大减仅激发风刀阵。混元宗朱疯子率先冲入以肉身硬抗风刀收取宝物，秦云亦御剑冲入以红色飞剑防守同时操纵四柄飞剑三线收宝，收获一件二品法宝。姬烈、白君月、袁公、伊风谷等也各施手段抢宝。,仙府外围风沙阵搜宝，秦云三线收宝收获丰厚。
仙人洞府,道藏阁,设定展开、人物心理,情感、设定,"外围宝物扫荡一空后，宫掌门等三人直奔道藏阁取景山派典籍。秦云将收获的一半宝物分给洪九，洪九推辞后接受，二人约定出府后再分。六方进入中央大殿，殿门柱子上刻""得我景山派宝物，受我景山派因果""，景阳真人布下种心术令得宝者受因果。姬烈自恃实力最强，心态膨胀。",景山派取回典籍；种心术因果设定；六方入中央大殿。
仙人洞府,飞剑白露,战斗描写、转折高潮,战斗、高潮,大殿内第一座阵法为幽暗湖水，水滴暗袭众人。一品法宝飞剑白露现世，袁公率先夺得，遭姬烈（灭魔手）白君月（小周天星辰）联手围攻。袁公吐血不敌，以一品飞剑白猿勉强抵挡后毅然御剑冲入湖水逃命。飞剑白露被袁公带入湖水深处。,一品飞剑白露现世，袁公遭围攻后携宝遁入湖水。
仙人洞府,谁都别和我抢！,战斗描写、转折高潮,战斗、高潮,"众人离开幽暗湖水进入冰雪天地阵法，白君月以小周天星辰发现并摧毁雪人，得一品玄冰符箓。进入雷霆世界，姬烈宣称一品都天符箓归己，""谁都别和我抢""。阵法爆发雷霆轰击众人，伊萧以雷法引动转移雷霆，一品都天符箓竟主动飞向伊萧。姬烈煞气逼人索要。",白君月得玄冰符箓；都天符箓主动飞向伊萧，姬烈强索。
仙人洞府,十六皇子的脸面,矛盾展现、人物心理,冲突、情感,"姬烈逼伊萧交出都天符箓，十六皇子求情反被姬烈当众训斥""闭嘴""，令十六皇子颜面尽失。伊风谷据理力争无效，姬烈根本不将伊氏放在眼中。秦云挺身而出挡在伊萧面前，以飞剑硬接姬烈一掌，宣告""有我在，你动不了她""。",十六皇子被训斥失尽颜面；秦云挺身护伊萧，与姬烈正面对峙。
仙人洞府,交手（上）,战斗描写、转折高潮,战斗、高潮,"秦云与姬烈交手。秦云先以""雷潮""一式硬接姬烈单掌，再以""血未冷""应对双掌，最终施展出在某个特殊机缘下创出的完美飞剑之术""江上明月""——如江上升起一轮明月般绝美而极快，逼得姬烈只能全力防守。白君月评价秦云将浓烈情感与剑意完美融合，境界远超袁公。姬烈为摆脱被动，决定不管飞剑、拼受伤也要对付秦云，令十六皇子自行保命。","秦云以""江上明月""逼得先天金丹姬烈只能防守，一战惊人。"
仙人洞府,交手（下）,战斗描写、人物心理,情感、战斗,"姬烈拼受伤以肉身硬抗飞剑，全力双掌攻击。秦云先以五品飞剑施展周天剑光试探（被破），再以本命飞剑施展周天剑光，完美抗住姬烈全力轰击。秦云另放紫色飞剑以""江上明月""反击，刺破姬烈头皮。姬烈疯狂攻击周天剑光始终无法破开，最终认清秦云实力后收手。白君月感叹秦云演化周天与小周天星辰相似。",秦云以本命飞剑周天剑光完全防住姬烈，姬烈被迫停手。
仙人洞府,极境存在？,人物心理、伏笔埋设,伏笔、情感,"白君月看着秦云伊萧，思念失踪的哥哥白君月（曾同样演化周天护她），眼中含泪。朱八推断秦云很可能后天便掌握剑意，根基极扎实，预言秦云有望达到""剑意极境""，成为又一位极境存在。姬烈也意识到秦云潜力惊人，不再恼怒，主动收手示好。众人进入白雾阵法后被分散，秦云失去伊萧踪迹。",朱八推断秦云有望达剑意极境；白君月思念哥哥；白雾阵法分散众人。
仙人洞府,洪九带路,设定展开、情节推进,设定,白雾阵法中秦云独自应对火焰袭击，洪九凭龟壳推演找到秦云，二人联手行动。洪九推演出阵法内宝物分散各处且比前三阵珍贵，带路寻宝。秦云负责应对危险，洪九以六块令牌法宝引开火焰。二人发现第一处宝物——青色玉瓶。,洪九凭推演与秦云汇合联手，白雾阵内寻宝展开。
仙人洞府,仙丹！！！,爽点设置、转折高潮,爽点、高潮,秦云洪九在白雾阵中连续获得多瓶灵丹：五品三黄五花丸、三品道心丹、一品九转灵丹（六颗，火云葫存装，价值堪比二品法宝）。洪九推演发现一处玉台上有火云葫且阵法更复杂，疑为比一品丹药更珍贵的仙丹。一头庞大火焰神龙盘踞玉台守护，秦云全力迎战。,白雾阵中大量灵丹收获，火焰神龙守护疑似仙丹。
仙人洞府,金丹外丹（上）,转折高潮、装备获取,奖励、高潮,"秦云以""江上明月""和周天剑光击杀可实可虚的火焰神龙，获得火云葫，上刻""金丹外丹""四字——传说中的仙丹，景阳仙人所独创，服之可一步跨入先天金丹境。葫芦内共六颗。洪九担心秦云杀人灭口，秦云坦荡分宝，洪九服一颗、秦云服一颗，二人各得三颗。秦云将剩余宝物先分洪九三成，余七成待其突破先天实丹境再给。",六颗金丹外丹现世，秦云洪九各服一颗，实力大增。
仙人洞府,金丹外丹（下）,设定展开、悟道,修炼、设定、爽点,详解金丹外丹设定：入丹田如自修金丹，法力精纯但消耗一分少一分；可孕养肉身魂魄至先天金丹层次，获五百年寿命；剑仙法力操纵飞剑最适配，金丹外丹法力仅发挥七成功效。秦云服后魂魄开始蜕变，肉身受孕养，感官敏锐。洪九以金丹法力推演能力大增，感应到伊萧位置及阵法出口，建议汇合后离开去下一阵法。,金丹外丹设定详解；秦云魂魄肉身蜕变；洪九推演到伊萧位置。
仙人洞府,星空藏宝,设定展开、爽点设置,爽点、设定,"秦云洪九伊萧汇合后走出白雾阵，来到一座穹顶如夜空的殿厅，穹顶星光皆为法宝，但每件法宝都有阵法镇压，须破阵方能取宝。洪九推演破阵，秦云先得四品大锤，后破解深紫色飞剑""沉沙剑""（二品法宝，神匠坊出品，重九千九百斤，威势极强）的阵法。白君月姐妹、朱氏兄弟也走出白雾阵。",星空藏宝殿破阵取宝，秦云得二品飞剑沉沙剑。
仙人洞府,地火,环境铺陈、悬念设置,伏笔、设定,姬烈十六皇子最晚出白雾阵。数十件法宝被取走后大阵崩解，殿壁降落露出地火空间，中央丹炉为超品法宝金丹炉，周围熊熊地火隔绝。姬烈以灭魔手手臂探入地火但够不着金丹炉；白君月以小周天星辰尝试抗地火失败；众人均无法破阵取宝。秦云走向地火，欲试周天剑光能否抵挡。,超品法宝金丹炉现世，地火阻隔各方无法获取，秦云欲试。
仙人洞府,超品法宝'金丹炉',转折高潮、爽点设置,爽点、高潮,秦云先以本命飞剑周天剑光试挡地火失败（佯装），暗中调动金丹外丹之力后周天剑光完美抗住地火。秦云以周天剑光护住洪九、伊风谷、伊萧四人进入地火中心，抵达金丹炉旁。洪九开始破阵。伊风谷劝说秦云将金丹炉卖给伊氏或神霄门。,秦云以金丹外丹之力周天剑光抗地火，率四人进入取金丹炉。
仙人洞府,都天神煞旗,矛盾收束、转折高潮,冲突、高潮,"洪九破阵，秦云收取超品法宝金丹炉入乾坤袋。殿门开启，秦云四人以周天剑光护身飞出。姬烈祭出人皇赐下的都天神煞旗（可凝十二都天神魔化身）威胁秦云交出金丹炉，并拉拢白君月联手。白君月拒绝，感叹秦云伊萧""郎才女貌""，主动放弃争夺离去。姬烈犹豫后收起神煞旗灰溜溜离开。",秦云得金丹炉；姬烈以都天神煞旗威胁未果；白君月主动退让。
仙人洞府,伊萧呢？,转折高潮、悬念设置,伏笔、高潮,众人进入花园追寻灵宝兜率神火符箓。伊风谷触动园中阵法大石，白茫茫气劲爆发将伊风谷瞬间绞杀，伊萧被卷入阵法深处。朱疯子双手被切割粉碎（后慢慢生长），十六皇子五品法宝鞭被切断。秦云追逐灵宝未果赶回，发现伊萧失踪，十六皇子指向白茫茫阵法。,伊风谷被阵法绞杀，伊萧被困阵法深处，生死未卜。
仙人洞府,生死不相弃,情感展现、转折高潮,情感、高潮,"秦云求姬烈救人，姬烈索要金丹炉一半所换宝物为条件，伸手探入阵法寻找未果。秦云确认伊萧还活着（传讯印记未消散），将金丹炉等重要宝物托付洪九，托其照顾秦家。秦云单手托金丹炉，以周天剑光护身，宣告""半个时辰不出则请各方入阵""，毅然步入白茫茫阵法寻伊萧。在场众人皆沉默震撼，白君月泪流满面。三日后众人出仙府，朱八侥幸得灵宝兜率神火符箓。",秦云为救伊萧携金丹炉入阵，生死相弃，众人震撼离去。
仙人洞府,无人去救,人物心理、悬念设置,伏笔、情感,"仙府外各派仙人（灵宝山、混元宗、皇族、伊氏老祖等）接应弟子。伊氏老祖得知伊风谷死、伊萧困阵中，心情沉重。众人推断阵法非景阳仙人所设，而是历史上入府未出的绝世剑仙""剑老人""临死前所留，极境高手方有望救人，但天下极境屈指可数无人愿冒险。各方离去。巫姥山尘霜得知秦云陷阵，弹琵琶思念，泪流满面。景山派元符宫主宫掌门感叹秦云可惜。",各方仙人推断阵法为剑老人所留，极境方有望救人却无人愿冒险。
仙人洞府,相聚,情感展现、转折高潮,情感、高潮,"外纷纷扰扰中，武枫郡主（钟离氏）拍手称快。阵法内，秦云被席卷至地底幽深廊道，以周天剑光护身坠落，终于找到被困角落、护体涟漪将尽的伊萧。秦云飞至伊萧身边以周天剑光护住她，伊萧嚎啕大哭。秦云说""不管以后怎样，是生是死，你我都可以共同面对""，二人相拥。秦云带伊萧探索寻找出路。",秦云在地底找到濒死的伊萧，二人劫后重逢生死与共。
仙人洞府,剑老人,人物引入、设定揭示,人物、揭示、设定,"秦云伊萧在廊道尽头发现一座地底花园及殿厅，园中盘膝坐着一具尸体——正是历史上赫赫有名、曾以先天金丹斩杀魔神的绝世剑仙""剑老人""。石壁遗言记载剑老人无敌天下三百年，却因剑仙一脉无元神境法门而止步先天金丹，搜集天下典籍终未能创出法门，黯然逝去。秦云伊萧为剑老人立墓安葬，磕头致敬。伊萧以神霄门张祖师推升神霄雷法为例，鼓励秦云将来创出剑仙元神境法门。",绝世剑仙剑老人遗体及遗言被发现，剑仙一脉无元神法门的困境揭示。
仙人洞府,三座石室,设定展开、伏笔埋设,伏笔、设定,"秦云发现石壁后石室，剑老人留言：能破三座石室难关方可出去并得其毕生积累。第一关需修成剑老人独创飞遁之术""化虹之术""至第七层方可开启第二石门。秦云半个时辰入门、一日修至第八层（剑意不够未能修至第九层极境），以化虹之术第七层剑阵图开启第二石门。第二石室内有七本玉石典籍（星光、残月、烈阳、玄机、天变、暗影、无形七大剑诀），需掌握七种剑意方可开启第三石门。秦云意识到需长期住此。",剑老人三座石室难关揭示，秦云修成化虹之术第八层，面对七种剑意难关。
仙人洞府,成亲,情感展现、转折高潮,情感、高潮,"秦云尝试以力破阵失败。二人在地底挖洞府安家，伊萧拿出随身被褥等物。二人朝夕相处修行论道。秦云提议出去后上门提亲，伊萧说""为何非要等到出去""，二人在地底花园道祖像前以花瓣法宝点缀成亲，跪拜发誓""白头偕老永不分离""""生生世世不分离""，入洞房。",秦云伊萧在地底仙府道祖像前成亲，结为夫妻。
仙人洞府,先天实丹境,悟道、装备获取,修炼、奖励、爽点,"成亲后两年，秦云借助景阳仙人留下的增长法力灵丹突破关口，将先天虚丹凝聚为白金色""先天实丹""（品质极高，泛金光，离金丹只差一丝），本命飞剑亦突破至三品（可媲美一品飞剑威力）。秦云的剑仙法力操纵飞剑超越金丹外丹功效。此时秦云已掌握七种剑意中的五种。",秦云突破先天实丹境，本命飞剑达三品，实力大增。
仙人洞府,飞剑之术'轮回',悟道、悬念设置,伏笔、修炼、爽点,"秦云出关后试破阵，施展出进入阵法寻伊萧时酝酿一年多创成的第三大绝招""轮回""——须进入为伊萧抛弃一切的疯狂炽烈心境方能施展，引起天地之力共鸣，本命飞剑周围凝聚二十一道剑光（传说中的""剑光分化""），两剑轰击阵法出现裂痕但未能破开，秦云魂魄极度疲倦。广凌秦府两年多过去，门客离散，吴俊贪阵法宝物逃走，洪九帮忙震慑。转眼三年多过去，秦云终于练成最后一种""无形剑意""，七大剑意集齐。","秦云创""轮回""触摸剑光分化；广凌秦府两年现状；三年后七大剑意集齐。"
仙人洞府,出来了！（本篇终）,转折高潮、核心伏笔,伏笔、高潮,"秦云以七种剑意开启第三石门，第三石室内有阵法保护古朴石球，剑老人留言唯有意境能伤它、毁之便可出去并得毕生积累。秦云以""轮回""剑意覆盖天地之力飞剑轰击石球，石球出现裂痕，阵法全部停止运转。底座升起域外陨铁盒子，内有乾坤袋及剑老人影像遗言——剑老人一生搜集典籍未能创出元神境法门，将毕生积累托付秦云，寄望后辈创出剑仙元神境法门。秦云得剑老人本命飞剑""七杀剑""（一品飞剑，七柄二品飞剑可合为一柄一品飞剑）及大量典籍。二人收拾后走出朝霞门，景山派道人震惊万分——那个被认为必死的秦云，竟带着伊萧活着出来了。消息足以惊动天下。",秦云破第三关得剑老人毕生传承（七杀剑及典籍），携伊萧出仙府，全篇圆满收官，剑仙元神境法门成为全书核心长线伏笔。
江州第一人,归来，风起云涌,人物引入、转折高潮,人物、高潮,秦云与伊萧跨过朝霞门出景阳仙府，得知灵宝兜率神火符箓被朱八公子所得。伊氏老祖以渔夫打扮在岛外等候三年，认可秦云与伊萧在仙府内成亲，并承诺为秦家布置九天星河大阵。秦云表明卖金丹炉的需求为阵法与黄巾力士。神霄门张祖师得知后愿出借黄巾力士驻守百年。万象殿亦将秦云出仙府消息告知各方。,秦云伊萧出仙府，伊氏老祖认可婚事并赠九天星河大阵，各方得知消息风云将起。
江州第一人,众妖魔,人物引入、矛盾展现,人物、冲突,钱州狼山老祖得知秦云出仙府，奉云魔山之命调动六大妖魔（三眼鬼王、九山岛主等）图谋夺宝。幽州黑鸦大王、南海黑蛇洞主等四方大妖魔亦蠢蠢欲动。伊氏老祖送秦云夫妇前往巡天盟，提醒守宝之难。朝廷先金丹境约八十位为单势力最多，云魔山亦有二十余位先金丹大妖魔。,众大妖魔从四面八方觊觎秦云宝物，云魔山一脉正式布局夺宝。
江州第一人,巡天盟中,环境铺陈、人物引入,人物、设定,秦云夫妇抵达巡天盟，颜富安排住处。红玉道人前来祝贺并提醒宝物乱人心，吸引来的敌人或许不单是妖魔。王阚大将军（先金丹神魔一脉）受朝廷之托当说客，秦云表明需求并坚持公平争宝，不偏袒神霄门。各方说客相继拜访，秦云统一放出消息。,巡天盟中各方说客登门，秦云确立公平争宝原则与需求条件。
江州第一人,黄巾力士,转折高潮、设定展开,设定、高潮,朝廷、灵宝山、混元宗、神霄门四方代表齐聚，各自在卷轴上写下条件密封递交。秦云审阅后选择神霄门——因其愿建天河游龙阵、星海大阵配合九天星河大阵且由伊氏老祖亲自布置，并有张祖师炼制的黄巾力士。七皇叔等虽有不满但心服。神霄门通妙长老亲自送宝物来巡天盟，黄巾力士现身听令。,金丹炉花落神霄门，秦云获得三阵结合与黄巾力士驻守百年。
江州第一人,回广凌,设定展开、环境铺陈,设定,通妙长老介绍黄巾力士手段——不死不灭、聚散如意、虚空挪移十里内瞬移、仙人魔神下难逢敌手，正面搏杀与先金丹极境相当。秦云夫妇携黄巾力士回广凌，三眼鬼王与狼山老祖千里外窥伺，因黄巾力士在而暂且按兵不动。妖异青年黑蛇洞主被鳄龙老祖招揽。秦云途中斩杀窥伺的乌鸦。,黄巾力士手段详解，秦云回广凌途中各方妖魔暗中跟随窥伺。
江州第一人,暗怒,情感展现、矛盾展现,冲突、情感,秦云拜见父母秦烈虎、常兰，奉茶成亲。洪九来贺，突破至先天实丹境，赠九疑界阵（分九处空间的迷幻困敌之阵）与替身命符（可替一条命并虚空挪移千里）。洪九告知三年间如意观主（蜈蚣妖）曾侵入秦府欲掳家人，被九疑界阵困住驱逐。秦云对如意观主起了杀机。,洪九赠九疑界阵与替身命符，秦云得知如意观主曾犯秦家而起杀心。
江州第一人,替身命符,设定展开、伏笔埋设,伏笔、设定,秦云将金丹炉卖出所得宝物分一半给洪九（约三件一品法宝价值），洪九回馈替身命符。秦云将替身命符给伊萧滴血炼化。伊萧感叹洪九传承不凡（替身命符仅灵宝山能炼制）。两天后伊氏老祖布阵完毕交三块令牌，叮嘱秦云善待伊萧后离去。秦云炼化令牌，三阵结合可笼罩以秦家为中心三十里，实力大涨十倍、敌人实力大减。秦云发现广凌城内潜伏妖魔，起了杀机。,替身命符炼化予伊萧，三阵结合完工笼罩广凌，秦云准备清除城中妖魔。
江州第一人,各方忌惮,战斗描写、矛盾展现,冲突、战斗,秦云以九天星河大阵之力，星光河水凭空斩杀广凌城内外三十里范围窥伺的五个先天虚丹境大妖与十九个妖怪头领，无一逃脱。如意观主、瞎眼老者等城外大妖魔感应到阵法笼罩六十里而忌惮。狼山老祖得知三阵结合加黄巾力士，判断入阵可能丢命。各方大妖魔望而却步但耐心等待。秦府扩建买下小镜湖一带，王侍郎欲送府邸求子拜师被秦烈虎拒绝。,秦云以阵法清剿城中妖魔立威，各方大妖魔忌惮阵法与黄巾力士不敢进犯。
江州第一人,极境！,悟道、转折高潮,修炼、高潮、爽点,"回广凌一个月后除夕将近，秦云在小镜湖冰层上练剑，因家乡甜蜜日子与外界窥伺，愈加想要守护珍视之物，烟雨剑意触及天道最核心本质。剑意凝聚为肉眼可见的一缕锋芒实体——达到""极境""。天下间算上秦云仅十位极境存在，且秦云是意境领域十八丈时就掌握极境。伊萧惊呆。秦云决意先完善烟雨剑诀再动手。",秦云在小镜湖突破至剑意极境，成为天下第十位极境存在、先天极境剑仙。
江州第一人,逼迫、劝说,矛盾展现、人物心理,冲突、情感,过年期间秦云夫妇在广凌城游玩，秦云忆及小妹。城外大妖魔密谋以杀平民逼迫秦云出城。正月初七，朝廷鲲琛与八皇子（北洋王弟子）来秦府劝说秦云献一半宝物给北洋王换取庇护，秦云拒绝。伊萧喊出黄巾力士，二人狼狈离去。,大妖魔密谋以平民性命逼秦云出城，朝廷方面亦来施压分宝被拒。
江州第一人,兄弟,情感展现、伏笔埋设,伏笔、情感,钱州嘉安郡桐福县，书生傅青（秦云北地边关生死兄弟）重伤弥留，养女小女妖傅思卓在侧。傅青得知秦云出仙府，写信求秦云救其女，寄信后气绝。秦云当晚收信，见血迹预感不妙。,北地老兄弟书生傅青临终写信求秦云救其养女，秦云收信心惊。
江州第一人,你爹的兄弟,情感展现、转折高潮,情感、高潮,秦云回忆七年前北地边关送别书生。伊萧看信后明白，秦云化虹之术赶赴钱州。瞎眼老者（蝙蝠妖）与暗象老祖（地藏犬，三重瞳孔）发现秦云出城并追踪。秦云以化虹之术九层极速飞行六千里抵达桐福县，精神外放三十里感应全城，发现书生已死。秦云痛心流泪，见到守灵的小女妖傅思卓。,秦云化虹赶赴钱州却来迟一步，书生已死，秦云与养女傅思卓相见。
江州第一人,黄蛟湖,设定展开、伏笔埋设,伏笔、设定,傅思卓述说身世——生父乃黄蛟湖蛟龙王，母亲带她逃命被杀，义父傅青收养五年，蟹将大妖重伤傅青。秦云带傅思卓火化书生骨灰，故意不隐匿行踪飞向嘉安郡城，引出追杀的妖族。五个飞禽妖怪拦截被秦云一念震碎心脏，秦云放话约战蓝婆山。,傅思卓身世揭示（蛟龙王私生女），秦云引蛇出洞约战蓝婆山。
江州第一人,嘉安郡城外蓝婆山,情感展现、战斗描写,情感、战斗,秦云在蓝婆山以剑意领域挖墓穴、造棺材，飞剑去嘉安郡城买香烛纸钱三牲糕点。傅思卓守孝三日。蟹将大妖率两小妖来犯，秦云一念灭两小妖，以剑意领域擒蟹将逼问，得知奉呼雷大将军之命、背后或为蛟龙宫某位。秦云斩杀蟹将为书生陪葬。呼雷大将军得知蟹将被杀，率两妖将赶来。暗象老祖亦追踪而至，暗中还有三位大妖魔跟随。,秦云葬书生于蓝婆山，杀蟹将为兄弟报仇，各方妖魔齐聚赶来。
江州第一人,大妖魔来袭（上）,战斗描写、转折高潮,战斗、高潮,呼雷大将军三妖在十里外窥伺。暗象老祖（上古异种地藏犬）率先抵达，显真身以蹄爪踩踏、双眸金光、地藏风煞围攻。秦云以周天剑光光罩轻松抵挡，故意隐藏极境实力不反击，引诱更多大妖魔。呼雷三妖震惊于暗象老祖亦奈何不得秦云。秦云点破暗象老祖身份及另有三位大妖魔窥伺，百花娘娘、毒龙王、听风谷主被迫现身。,暗象老祖率先攻蓝婆山被秦云周天剑光挡下，三位大妖魔被迫现身。
江州第一人,大妖魔来袭（下）,战斗描写、矛盾展现,冲突、战斗,呼雷三妖得知围攻秦云的竟是百花娘娘（月季花妖，百万灭魂针）、毒龙王、听风谷主三位大妖魔，吓得藏匿不敢动。呼雷透露追杀小鱼妖是龙后吩咐、瞒着蛟龙王。三位大妖魔联手——百花娘娘粉红迷雾与黑刺、毒龙王本体黑毒龙、听风谷主无声波动，合力仍破不开周天剑光。暗象老祖传讯鳄龙老祖增援。秦云隐藏极境实力，故意只守不攻。,百花娘娘等三大妖魔联手围攻仍破不开周天剑光，暗象老祖召鳄龙老祖来援。
江州第一人,龙后,设定揭示、伏笔深化,伏笔、揭示、设定,鳄龙老祖得知消息后带黑蛇洞主、绿衣女子赶来。秦云放出沉沙剑擒来呼雷三妖审问，呼雷大将军供出追杀小鱼妖系龙后指使。秦云令呼雷传讯龙后，龙后傲慢断绝传讯。秦云令呼雷三妖交出所有宝物后滚蛋，传话蛟龙王要交代。如意观主得知秦云在蓝婆山无阵法守护，赶来参战。消息经万象殿传开，天下各方得知秦云在嘉安郡。,龙后指使追杀私生女之事揭穿，鳄龙老祖赶来，如意观主亦动身，消息震动天下。
江州第一人,天下震动,矛盾展现、氛围营造,冲突、设定,龙后傲慢不理会传讯，蛟龙王得知秦云厉害后想见却被龙后阻拦。景山派宫掌门、元符宫主认为秦云莽撞恐难活命。武枫郡主幸灾乐祸，伊采石为女婿担忧。秦云在蓝婆山为书生守墓，大妖魔们在外窥伺不敢妄动。,秦云在蓝婆山的消息传遍天下，各方势力反应不一，大妖魔们蓄势待发。
江州第一人,如意观主来了,人物引入、悬念设置,人物、伏笔,"津州极乌城中，李游求谦侯设法帮秦云，谦侯以朝廷观战画面说明蓝婆山牵扯太大，自己帮不了。蓝婆山上金阳公主、百花娘娘、毒龙王等多位大妖魔联手攻秦云，却破不开周天剑光光罩。如意观主化流光赶到，祭出地狱索缠绕光罩，秦云认定等的就是他，同时祭出沉沙剑、盘尘剑，两道""江上明月""剑光斩向蜈蚣真身，将其身体切成三截。",天下各方观战蓝婆山，如意观主入局，秦云以两柄二品飞剑专杀此妖。
江州第一人,斩杀大妖魔,战斗描写、转折高潮,战斗、高潮,秦云放出两口二品飞剑（沉沙剑、盘尘剑）追杀如意观主，将其斩成三截。百花娘娘、无影魔君、暗象老祖同时出手拦截。沉沙剑施周天剑光困住两截身体，盘尘剑以明月剑光将其切割成数十份彻底灭杀。又放残血剑卷走遗物。如意观主剩余五截身体钻地逃窜，但各截不能分离超过十里，两口飞剑追杀至最后一截，秦云拒绝求饶将其斩杀。各方大妖魔震惊——秦云一边抵挡围攻一边分心杀了一位大妖魔。天妖宫晏七娘、皇宫宫装少女等皆惊叹。,秦云以两口飞剑在众妖魔围攻下碾压式斩杀如意观主，震慑各方。
江州第一人,极境层次,悟道、矛盾展现,修炼、冲突、爽点,各方猜测秦云实力，倾向于意境领域层次。秦云判断斩杀一位大妖魔后其他妖魔会全力戒备，难以再逐个击破。鳄龙老祖率先抵达蓝婆山，显出鳄龙魔体（两三里长），以蛮力与血盆大口攻周天剑光。秦云以本命飞剑明月剑光反击，仅伤鳄龙老祖浅表。秦云判断鳄龙老祖肉身太强、黄风道君境界高、狼山老祖招数玄妙，一对一难杀。醉仙人从北地赶来在二十里外观战。,鳄龙老祖显魔体攻蓝婆山，秦云初步试探三大极境层次大妖魔实力。
江州第一人,瞠目结舌（上）,战斗描写、转折高潮,战斗、高潮,鳄龙老祖蛮力、利爪、尾巴抽打乃至张血盆大口欲吞周天剑光均未果。秦云将周天剑光暴涨一倍令鳄龙老祖吞不下。黄风道君（黄鼠狼妖，修道家《黄风真经》成极境）赶到，与鳄龙老祖联手——黄风阴柔从西边吹、鳄龙魔身霸道从东边打，仍破不开。鳄龙老祖召集十一位大妖魔全部联手围攻。,黄风道君与鳄龙老祖两大极境联手，十一位大妖魔合力围攻周天剑光仍不破。
江州第一人,瞠目结舌（下）,氛围营造、人物心理,情感、设定,十三位大妖魔围攻，秦云却坐在书生墓碑旁喝酒絮叨，小鱼妖烧纸钱。大妖魔们攻不破只能罢手议论，猜测秦云是否已达极境但觉不可思议。狼山老祖率七位大妖魔（含九山岛主、铁臂猿魔）赶到，共二十位大妖魔全力围攻。秦云收起酒壶，目光锁定九山岛主——小妹之死的幕后黑手。秦云拿出剑老人本命飞剑七杀剑（一品飞剑），准备倾尽全力杀九山岛主。,二十位大妖魔（含三位极境）全力围攻，秦云锁定仇人九山岛主准备出杀招。
江州第一人,万剑归宗,战斗描写、转折高潮,战斗、高潮,"秦云以盘尘剑施周天剑光防御，本命飞剑酝酿最强招""轮回""——进入燃烧生命的炽烈心境。本命飞剑爆发，天地之力凝聚数百道剑光追随，甚至控制金阳公主的剑形法宝飞出、令无影魔君神剑震颤欲飞——此乃传说中飞剑极致""万剑归宗""。耀眼剑光贯穿九山岛主胸膛，数百剑光追随将其身体炸裂，余势又杀听风谷主，百花娘娘断十六根长藤才救下毒龙王。九山岛主（本体大山）逃窜但本源受伤。三位极境大妖魔停手盯住秦云，秦云暴露极境身份。","秦云施展""万剑归宗""斩杀听风谷主、伤九山岛主，极境剑仙身份暴露。"
江州第一人,大战落幕,战斗描写、转折高潮,战斗、高潮,"极境以下大妖魔全部遁逃。秦云以""双飞翼""招（本命飞剑与七杀剑双剑齐出，阴阳交替灵动莫测）迎战三大极境——伤鳄龙老祖浅表、破狼山老祖刀壁割伤其身、逼黄风道君施展黄风神体。秦云再施一次""轮回""万剑归宗射穿狼山老祖胸膛。狼山老祖生命力极强硬扛。三大极境各自离去。醉仙人见证大喜，邀秦云日后北地桐谷城饮酒。此战二十一位大妖魔参战，如意观主、听风谷主战死，秦云未伤分毫且伤狼山老祖颇重。",秦云以双飞翼与第二次万剑归宗力战三大极境大妖魔，蓝婆山大战落幕。
江州第一人,余波,矛盾收束、伏笔深化,伏笔、冲突,大妖魔们逃窜中议论秦云二十七岁极境剑仙将来必入道。九山岛主担忧小妹之仇秦云不会放过自己，考虑摆脱本体大山之桎梏。醉仙人感叹人族又增气运。秦云守孝三日后带傅思卓回广凌。蛟龙宫中蛟龙王、龙后得知秦云极境剑仙身份而心惊。九山岛主躲回九山岛。伊萧在广凌应付各方求助。秦云向伊萧隐瞒岳母之事。,蓝婆山一战余波扩散，各方震动，秦云带傅思卓回广凌，九山岛主等妖魔收敛。
江州第一人,各方宾客,人物引入、氛围营造,人物、设定,鲁州王家老祖宗王庆之（先金丹）亲自擒下背叛秦家偷宝物逃走的吴俊，送往广凌当贺礼。各方先金丹修行人齐聚秦府东花园贺秦云跨入极境。剑阁极境剑仙崔连峰、朝廷极境谦侯亲至。秦云与崔连峰切磋剑术——崔连峰九大杀招 vs 秦云周天剑光。东海龙族大太子敖勇率两位叔叔与七妹敖星携重礼来贺。,天下各方先金丹乃至极境修行人齐聚广凌贺秦云，东海龙族亦亲自登门。
江州第一人,伊萧的身世,设定揭示、伏笔埋设,伏笔、揭示、设定,东海大太子敖勇私下告知秦云：伊萧生母乃西海龙族纯血龙女敖雪，与人族伊采石私定终身生女，被西海龙族以犯族规为由囚禁五百年。伊采石至今不知妻子身份。秦云决定暂不告诉伊萧，先暗中查探救母之法。,伊萧身世揭晓——生母为西海纯血龙女敖雪，因犯族规被囚五百年。
江州第一人,白君月的请求,伏笔深化、人物心理,伏笔、情感,伊萧告知有伊氏子弟在西海失踪求查。白君月传讯求秦云查证哥哥白君臣是否死于西海大妖魔乌潮老怪之手，愿以三品法宝冷月花相酬。秦云因仙府时白君月曾帮过忙而免宝物答应。秦云暗中盘算西海之行：救岳母第一，查伊氏子弟、查白君臣生死次之。,白君月求秦云查哥哥白君臣生死，秦云答应，西海三事并提。
江州第一人,黄蛟，黑龙宫,设定揭示、伏笔深化,伏笔、揭示、设定,"蛟龙王黄蛟亲自携重礼来广凌，向秦云示好，称追杀私生女全系龙后所为，传音暗示秦云""只管杀之""。傅思卓拒绝认蛟龙王为父。龙后已逃回娘家鄱云湖黑龙宫——其父黑龙宫主乃仙人魔神级数，布局千年算计黄蛟一脉。秦云暗中疑惑追杀私生女背后另有隐秘。秦云出发赴西海。",蛟龙王借刀杀人、龙后逃回黑龙宫，黑龙宫布局千年算计黄蛟一脉浮出水面。
江州第一人,龙王拒绝,矛盾展现、转折高潮,冲突、高潮,秦云入西海龙宫拜见西海龙王，献金丹外丹求赦免敖雪。西海龙王以龙族族规为由拒绝，连商量的余地都不留。三太子敖琛透露仅龙王与长老们能决定。秦云无奈离去，转而联系万象殿询问赦免之法。,西海龙王拒绝赦免敖雪，秦云转求万象殿。
江州第一人,赦免的条件,设定展开、悬念设置,伏笔、设定,万象殿深红鳞甲蛟龙告知赦免三法：一、一件超品法宝；二、一颗天龙血晶（上古天龙死后所留，西海有上古天龙宫）；三、秦云入道后为万象殿效劳百年并立巫术咒誓。秦云拒绝第三法，选择寻天龙血晶。万象殿提供上古天龙宫情报：西海海底上古天龙与域外魔神同归于尽所留行宫，阵法六千年前出现破绽，四海龙族探查多次，三千年内未再得天龙血晶。秦云发现伊氏子弟失踪地与上古天龙宫范围相近。,赦免敖雪需天龙血晶，秦云获上古天龙宫情报，伊氏子弟或误入其中。
江州第一人,上古天龙宫（上）,环境铺陈、悬念设置,伏笔、设定,秦云推断伊氏子弟从东南角误入上古天龙宫，以剑意领域在海底逐一探查阵法破绽。半月余无果，秦云坚持。终于发现九十二丈处一地图未标的新入口。秦云进入上古天龙宫，见水晶宫殿群恢弘巍峨，部分倒塌有血迹残留煞气。两团血色魔气（疑域外魔神残留气息）扑来被剑意领域消磨。秦云在殿厅通道发现两位盘膝坐着的伊氏子弟。,秦云发现上古天龙宫新入口，进入水晶宫殿找到失踪的伊氏子弟。
江州第一人,上古天龙宫（下）,战斗描写、伏笔埋设,伏笔、战斗,"两位伊氏子弟魔气入体自我封禁魂魄。秦云继续深入遇黑鳞魔怪（魔神气息所化仆从），实力媲美先金丹大妖魔且肉身极强。秦云以明月剑光六次攻杀才灭一只。在倒塌殿厅中发现域外魔神残臂（三十九丈红色鳞甲手臂，手腕三个黑色圆环疑似灵宝部件）、五颗天龙血晶，及六百六十六个魔怪（含六个首领）。秦云以七杀剑周天剑光抵挡、本命飞剑偷取血晶未果，施展""轮回""灭四个魔怪仍无法夺取，魔怪不死不灭。秦云被迫撤退。",秦云发现天龙血晶与域外魔神残臂，但666个不死魔怪守护无法夺取。
江州第一人,暂时离开,情节推进、伏笔深化,伏笔,秦云探查完外围区域搜得两件三品法宝、五件四品法宝等。唯有倒塌殿厅可通往其他区域但被魔怪守住。秦云带两位伊氏子弟退出，在入口布置六重伪装隐藏阵法。将二人送回昆仑州伊氏祖地伊水城紫云宫，伊氏老祖出手救治。伊氏老祖猜到秦云找到新入口但承诺保密，提醒若得天龙血晶勿轻易卖给四海龙族。秦云请伊氏老祖转告神霄门：进去极境都可能丢命。,秦云救出伊氏子弟送回伊氏，布阵隐藏天龙宫入口，伊氏老祖猜到秘密。
江州第一人,好心提醒,伏笔深化、悬念设置,伏笔,秦云赴西海乌潮渊问乌潮老怪白君臣生死。乌潮老怪承认杀了白君臣，称月竹箫、本命符箓等贴身物在战斗中损坏已扔，随后躲入阵法深处。秦云在海水中飞剑威力削弱三成加阵法护持，奈何不得乌潮老怪。乌潮老怪暗中向一位血发魔神禀报，魔神指示其继续按吩咐隐瞒。秦云传讯白君月告知结果，白君月坚信哥哥还活着。,乌潮老怪称已杀白君臣但有疑点，暗中受魔神指使隐瞒真相。
江州第一人,三年,悟道、氛围营造,修炼、设定、爽点,"三年后，秦云纵横天下十九州斩妖除魔，嫉恶如仇，凡为祸人间的妖魔不论大小一律斩杀，造福无数老百姓，天下普通修行人钦佩。鲁州奇埠岛大妖连灭九村落被秦云千里追杀。三年间秦云又悟出烟雨剑意第二种极境""杀戮""——真正完美的剑道分阴阳，守护与杀戮一体两面。伊萧亦突破先天实丹境。秦云宣布闭关突破先天金丹。","三年间秦云纵横天下斩妖除魔，悟出第二种极境""杀戮""，准备突破金丹。"
江州第一人,终成金丹（本篇终）,悟道、转折高潮,修炼、高潮、爽点,"秦云在小镜湖旁观天地感自然数日，心灵圆满后入静室。以阴阳两仪法——白金实丹分解为两股法力，一半以极境剑意""守护""为核心、一半以""杀戮""为核心，如阴阳鱼旋转追逐，在中央凝聚出一点光芒。最终凝练出泛着紫光的""紫金金丹""——传说中金丹极致，法力精纯媲美元神仙人。本命飞剑亦于两年前达二品。伊萧惊呆。秦云走出静室与伊萧饮酒庆贺。剑仙传承至此已达尽头，凝练元神成仙之路漫漫。",秦云以阴阳两仪法凝练传说级紫金金丹，达到剑仙传承之极致，第五篇完整落幕。
玉瓶内的魔神,天龙血晶,设定展开、转折高潮,设定、高潮,秦云凝练紫金金丹后实力质变，法力媲美仙人魔神；三月二十九日再入西海上古天龙宫废墟殿厅，以本命飞剑施展周天剑光硬抗六百余头魔怪，强取域外魔神手臂旁的五颗天龙血晶及一大滩上古天龙血。,秦云凭紫金金丹法力成功夺取天龙血晶，为救岳母奠定根基。
玉瓶内的魔神,法宝'乾坤环',装备获取、设定展开,奖励、设定,"秦云炼化域外魔神手臂上三个黑色圆环，命名""乾坤环""，判定其为某套灵宝的其中三件，单个即一品法宝，三件合用媲美超品法宝，擅攻杀与困敌；以乾坤环封禁手臂魔气，又以""锁天符""镇压，收入剑老人所留大乾坤袋。",乾坤环这套灵宝登场，成为秦云本篇重要新装备。
玉瓶内的魔神,大收获,装备获取、环境铺陈,奖励、设定,秦云穿越裂缝探查上古天龙宫外部宫殿群其他区域，拾得六品法宝等物；发现一具真龙境龙族尸体，取其遗物白丝网、大印、乾坤袋等一品法宝；因护法神将（黄巾力士）镇守而无法进入内部宫殿群，远眺见域外魔神完整尸体及更多龙族尸骸。,上古天龙宫外部淘宝大收获，内部宫殿群及域外魔神尸体悬念埋下。
玉瓶内的魔神,真相,设定揭示、情感展现,情感、揭示、设定,秦云归家告知伊萧真相——其母乃西海纯血龙女敖雪，因与人族通婚犯族规被囚五百年；秦云三年前即已闯上古天龙宫，今日方得天龙血晶，可经万象殿换敖雪自由。夫妻情深，伊萧既感激又后怕。,伊萧身世之谜揭晓，救母行动正式启动。
玉瓶内的魔神,龙女敖雪,人物引入、矛盾收束,人物、冲突,透过万象殿作保，秦云以一颗天龙血晶换得敖雪自由；西海龙王、祁长老等龙族浩荡出迎，敖雪与伊萧母女初相认。西海龙族觊觎余下天龙血晶及上古天龙宫入口，秦云软硬不吃，双方不欢而散。,龙女敖雪获救恢复自由，母女相认；西海龙族贪婪埋下伏笔。
玉瓶内的魔神,查探入口,矛盾展现、伏笔埋设,伏笔、冲突,"西海龙族敖充与秦云口角，西海龙王暗中查探上古天龙宫新入口；深红鳞甲蛟龙""应蛟""经域外魔神情报，亦欲从伊氏两名子弟处查探入口。敖雪展露意境领域层次实力，携伊萧游历天下。","西海龙族与""应蛟""两方势力暗中查探天龙宫入口，埋下后续隐患。"
玉瓶内的魔神,了断,情感展现、矛盾收束,冲突、情感,敖雪携伊萧至昆仑州旧居追忆，又赴崆州离城见伊采石；敖雪怒惩武枫郡主，质问伊采石当年对伊萧之狠。伊采石在敖雪与武枫郡主间选择留下陪伴武枫郡主，敖雪与伊采石彻底了断，携伊萧离去。,敖雪与伊采石旧情了断，母女决意同行游历。
玉瓶内的魔神,玉瓶,悬念设置、伏笔埋设,伏笔,云州青翅峡大妖魔青翅妖王以十年积攒的童男童女心头血供养一青玉瓶，玉瓶助其魔身提升至第十九层；青翅妖王忌惮玉瓶，平常重重封禁，暗谋突破第二十一层后探玉瓶秘密。伊萧、敖雪路经此地发现青翅妖王之祸，敖雪显真身与青翅妖王老巢阵法厮杀难下。,玉瓶初次登场，青翅妖王与之合作又忌惮，埋下全篇核心悬念。
玉瓶内的魔神,云州除妖,环境铺陈、情节推进,设定,"伊萧述青翅妖王近年疯狂为祸孩童之状，秦云决意出手；秦云携妻岳母乘船入青翅峡，云州道家圣地混元宗下院""玄武宫""严道友等前来助阵收尾。秦云介绍云州人妖势力格局（玄武宫、巫姥山、蛮祖教、九洞水府、万妖山等）。",青翅妖王讨伐战布局完成，云州势力格局铺陈。
玉瓶内的魔神,青翅妖王的绝望,战斗描写、转折高潮,战斗、高潮,秦云以七杀剑一飞冲天直破青翅妖王老巢阵法，以力破法，百余丈刀光被剑光碾碎，青翅妖王被贯穿身体后弃巢逃遁；玄武宫修行人震撼，疑秦云已入道。,秦云正面碾压青翅妖王，令其仓皇逃窜，威震旁观修行人。
玉瓶内的魔神,他一定入道了！,战斗描写、转折高潮,战斗、高潮,"青翅妖王向师尊（蛮祖教魔神）求救称""秦云一定入道了""，被七杀剑第三剑贯穿心脏毙命，原形为巨大螳螂妖。巡天盟巡天鉴探得此战，推测秦云入道。秦云以七杀剑一化七清扫老巢大妖，却未发现青翅妖王死前所言""大秘密""宝物。","青翅妖王伏诛，""秦云入道""之误传席卷天下，玉瓶线索暂隐。"
玉瓶内的魔神,玉瓶的归属,伏笔深化、悬念设置,伏笔,"秦云搜寻青翅妖王老巢未果，将收尾交予玄武宫，随即赶赴江州九山岛。玄武宫先天实丹境弟子""于石奇""在隐秘洞穴被玉瓶器灵诱导掘出玉瓶，玉瓶许其三年内入金丹，暗中图谋控制栽培其为傀儡，以消磨封禁求脱身。","玉瓶落入于石奇之手，魔神卜明""栽培傀儡""之计展开，全篇核心伏笔深化。"
玉瓶内的魔神,天下大变,转折高潮、氛围营造,设定、高潮,青翅妖王之死震动天下十九州，大妖魔纷纷弃巢逃回宗派或蛰伏，天下百姓日子大好，秦云功德大涨。人皇（神魔一脉领袖）赞秦云造福苍生。九山岛主在师尊催促下，决定抛弃大山真身，引动魔神雕像与域外魔神沟通。,秦云斩妖令天下格局大变；九山岛主献身魔神之局启动。
玉瓶内的魔神,降临,转折高潮、核心伏笔,伏笔、高潮,"秦云赶至九山岛，见群妖已散、九山岛主已逃。实情：九山岛主夺舍域外魔神所赐""血海魔胎""婴孩肉身，将大山真身献予魔神；域外魔神以一道紫光穿越虚空夺舍大山之体，成功降临此世，自名""贺谦""，紫袍青年之姿步入人族世界。","域外魔神以""贺谦""之名成功降临，全篇最大隐患伏笔埋下。"
玉瓶内的魔神,岁月,人物心理、设定展开,情感、设定,数年过去，秦云三十四岁，妖魔由明转暗混入人族。秦云每日练剑，自述掌握守护、杀戮、黑白三大极境，隐约窥见剑道雏形，尚未入道。秦云训导侄儿秦舒彦、侄女秦舒冰修行，欲送舒彦入剑阁百剑峰。伊萧闭关出，感叹成亲十年无子。,秦云剑道雏形初现、入道之志；伊萧无子之憾埋下。
玉瓶内的魔神,玉瓶再现,悬念设置、矛盾展现,伏笔、冲突,"鲁州阳莱郡西门家连日每日死上百族人，尸皆被吸干血肉；混元宗先天金丹""殷离火""前往查探被重创。于石奇（玉瓶相助，已修魔神一脉）在十里外客栈遥控玉瓶吞吸西门家族人气血，视混元宗为无物。秦云送舒彦入剑阁后，持巡天令见此情报，决意赴鲁州。",玉瓶再现于于石奇之手，西门家灭门案引秦云入局。
玉瓶内的魔神,秦云来了,人物心理、情节推进,情感,秦云抵阳莱郡城，以剑意领域探查全城未见大妖魔，途中诛杀西门家草菅人命之纨绔西门铖，以紫令巡天使身份震慑西门家。于石奇在茶楼得知秦云来临，玉瓶急催其逃离，于石奇不甘欲继续折磨西门家。,秦云入阳莱郡城，于石奇与玉瓶的恐惧与偏执并存。
玉瓶内的魔神,人的名，树的影,氛围营造、人物心理,情感、设定,"于石奇回忆自己乃当年观战青翅妖王之玄武宫弟子，得玉瓶后两年入先天金丹，魔神一脉手段战力媲美意境领域。玉瓶劝其远离秦云，约定""秦云近三里即感应""，于石奇偏执留驻。秦云入西门家，西门家族人如见救星跪迎，殷离火相迎。",于石奇身世与玉瓶关系揭示，秦云威名令西门家寄望。
玉瓶内的魔神,疑似法宝,设定揭示、情节推进,揭示、设定,殷离火向秦云详述交手经过——于石奇能近身吸其气血，隔阵法吸干西门家族人血肉，唯意境领域可察觉那股神秘邪恶之力。秦云判断此非法术神通，而是一件特殊法宝之手段。混元宗元神仙人郭长老传讯，请秦云另查西门风失踪一事，并应秦云所请派弟子布探查阵法。,"秦云推断""吸收气血""乃特殊法宝手段，请混元宗布阵协助。"
玉瓶内的魔神,困兽,悬念设置、转折高潮,伏笔、高潮,"秦云令西门家族人聚于祖屋守株待兔，混元宗布下探查阵法""烟锁阵""笼罩九十里。第三日于石奇再度出手，秦云借烟锁阵锁定其东方逃窜行踪，以七杀剑拦截，于石奇显魔身被前后夹击，玉瓶暗骂其蠢货。",秦云借烟锁阵锁定凶手，于石奇魔身暴露被困。
玉瓶内的魔神,活捉,战斗描写、转折高潮,战斗、高潮,"秦云以七杀剑一化七，周天剑光困住于石奇，六剑围攻；又以两个乾坤环封禁其魔身法力，于石奇魔身溃散现出人族原形。殷离火认出其乃玄武宫叛徒""于石奇""，曾杀同门夺""上古血珀""叛逃。",于石奇被活捉现出人族原形，叛徒身份败露。
玉瓶内的魔神,于石奇的报复,矛盾爆发、情感展现,冲突、情感,"于石奇带秦云、殷离火至山腹刑窟，绑缚折磨西门风、祁清水。于石奇坦陈因道侣祁清水被西门风所夺之恨，叛出师门杀同门夺上古血珀献给玉瓶。于石奇以阵法焚杀西门风、祁清水复仇，临死欲告秦云""乾坤袋内有瓶塞""之秘。",于石奇复仇真相大白，临死反咬玉瓶一口。
玉瓶内的魔神,瓶塞和玉瓶,转折高潮、悬念设置,伏笔、高潮,于石奇话未说完即被玉瓶灭口（心脏头颅粉碎，无外在力量）。秦云、殷离火疑有神秘存在杀于石奇。秦云寻得紫蝉血木瓶塞（法宝一部分），又将于石奇随身小玉瓶取入手；一手玉瓶一手瓶塞正欲塞上，玉瓶惊恐下燃烧本源冲破封禁，一只青色手臂自瓶口探出。,玉瓶内魔神冲破封禁现世，全篇高潮转折点。
玉瓶内的魔神,秦云战魔神（上）,战斗描写、转折高潮,战斗、高潮,"域外魔神""卜明""自瓶口挣扎出半身，气息恐怖邪恶，散魂魄波动令殷离火痛苦低吼。秦云令殷离火退出山腹，以广凌潮、江上明月、乾坤环围攻，魔神一手抵挡一手抓秦云，周天剑光难抗；魔神张口吞吸，秦云血肉被迅速吸走消瘦。",秦云与域外魔神卜明正面交锋，敌强我弱形势危急。
玉瓶内的魔神,秦云战魔神（中）,战斗描写、转折高潮,战斗、高潮,"秦云暴退拉开距离，传讯伊氏老祖求援，得知张祖师需盏茶时间赶到。秦云以绝招""轮回""（融合三大极境的最强杀招，黑白图异象）连轰，第一剑将魔神砸回至胸口，第二剑效果减弱；秦云服一颗九转灵丹续力，再施轮回。","秦云以""轮回""硬撼魔神，九转灵丹续命苦战。"
玉瓶内的魔神,秦云战魔神（下）,战斗描写、转折高潮,战斗、高潮,秦云连施八次轮回后再服第二颗九转灵丹，又连轰三次，终将魔神头颅、手臂完全砸回玉瓶，以瓶塞塞上成功镇压。秦云传讯伊氏老祖报捷，随即携玉瓶飞往神霄门方向；殷离火震惊于秦云独自镇压魔神。,秦云以两颗九转灵丹代价镇压域外魔神卜明，全篇战斗高潮落幕。
玉瓶内的魔神,张祖师和玉瓶,人物引入、设定展开,人物、设定,"张祖师以紫色雷霆中途拦截汇合，带秦云回神霄门，识破秦云乃紫金金丹（非入道）。张祖师论及剑仙一脉无凝练元神法门，唯有""道祖再传道""或""自创""两途，万象殿与域外魔神皆不可能提供。紫袍青年""贺谦""掠过问茶山未见踪迹后离去。",张祖师登场，点明剑仙凝练元神之难；贺谦暗线再现。
玉瓶内的魔神,魔神卜明,设定揭示、转折高潮,揭示、设定、高潮,"张祖师拔开玉瓶认出域外魔神""卜明""（上古被囚，曾为红莲仙人玉瓶所困），以""磨刑法""威慑令其臣服为仆，欲借其练成一门神通。张祖师以五件宝物任选两件相酬秦云，嘱秦云与伊氏老祖保密。",域外魔神卜明身份揭晓，被张祖师收为仆从。
玉瓶内的魔神,五件宝物,装备获取、设定展开,奖励、设定,"张祖师展示五件宝物：黄巾力士（永久守护秦家）、神通""雷霆之眼""石牌（仅余最后一次学习机会，天下前三神通）、青叶剑仙超品飞剑（上古仅两柄本命超品飞剑之一）、洞天剑葫（灌百万剑气杀敌）、阿弥陀木雕（一梦百年，引领修行）。秦云舍弃黄巾力士与青叶飞剑，选定阿弥陀木雕与雷霆之眼石牌。",秦云获张祖师赐两件重宝，修行与寿命大增有望。
玉瓶内的魔神,那一截手臂（本篇终）,装备获取、伏笔埋设,伏笔、奖励,"秦云另以域外魔神（天魔）手臂换得洞天剑葫，张祖师欲以天魔爪子炼制套装灵宝，期待秦云入道后再取另一条手臂。张祖师收卜明为仆并嘱保密。秦云归家告知伊萧始末，感叹于石奇虽可恨亦可怜，准备闭关""一梦百年""。",秦云以天魔手臂换洞天剑葫，三件重宝加身准备闭关，第六篇完整落幕。
入道,成年礼,设定展开、悬念设置,伏笔、设定,"秦云与妻子伊萧话别，携阿弥陀佛木雕刻入静室闭关。秦云一缕意念渗透木雕刻，魂魄被一位散发无量光芒的佛陀送往另一方天地，进入一受伤少年""翼""体内。秦云发现梦境世界无比真实，体内有煞气随时间加重杀意，冥冥中得知""五十年后梦将破碎""。","秦云一梦百年入梦，成为先天神魔后裔少年""翼""，梦境世界设定首次展开。"
入道,凡俗三重天,设定展开、悟道,修炼、设定、爽点,"秦云参悟""翼""家传法门《岐武三卷》，了解梦境世界神魔一脉与巫之一脉体系，发现此世界类似家乡上古初期。秦云凭借极高境界迅速参悟凡俗三重天符纹图，突破至凡俗三重天（相当于先天金丹），引发天地之力异动引来妖魔。",秦云突破凡俗三重天，梦境世界神魔/巫两脉修行体系展开。
入道,火凤城,战斗描写、设定展开,战斗、设定,秦云以剑术斩杀六个来袭妖魔，发现煞气随杀戮消散。秦云带四名少年猎杀妖魔完成成年礼，乘坐火云返回人族九大城之一的火凤城，与父母岐武枭、绮虞团聚，父亲震惊于秦云已达三重天。,秦云以剑术展现实力，返回火凤城，人族九大城格局揭示。
入道,神魔殿,环境铺陈、爽点设置,爽点、设定,秦云随父母前往神魔殿，一招击败看守者伯风，震惊火凤城十五个先天神魔家族族人。神魔殿长眉老者认定秦云有望达到神魔境，传音召集其他长老与火凤家俞昶将军。,秦云一招击败伯风，神魔殿体系与火凤城势力格局展开。
入道,月光剑术,战斗描写、爽点设置,战斗、爽点,"秦云施展意境级剑术《月光剑术》击败神魔境以下近乎无敌的火凤俞昶将军，被五位神魔长老认定掌握天道意境。秦云刻意隐藏极境实力，以""超级天才""路线示人。",秦云击败俞昶将军，被认定为掌握天道意境的天才，长老们上禀岐武老祖。
入道,伴生灵物,设定展开、装备获取,奖励、设定,"岐武家派遣神魔境二重天的臣永长老前来，借出岐武老祖的伴生灵物""大地之石""供秦云百年修炼，安排其在神魔殿火凤巢闭关。伴生灵物随使用逐渐消耗，借百年代价极大，足见岐武老祖对秦云的重视。","岐武家借出伴生灵物""大地之石""，秦云获准在火凤巢闭关修行。"
入道,突破，神魔境（上）,设定展开、环境铺陈,设定,秦云进入神魔殿地下空间火凤巢，发现此地凝聚天地灵气液化成河、凝晶为仙晶（天地元晶），远超家乡修行环境。长老介绍火凤巢十二座静室、妖魔族两大魔巢及人妖战争背景，秦云盘膝于仙晶上准备突破。,火凤巢修行宝地设定展开，人妖战争背景与魔巢体系揭示。
入道,突破，神魔境（下）,悟道、转折高潮,修炼、高潮、爽点,"秦云借大地之石感应到比岐武三卷第六幅符纹更玄妙的大地之道，一举突破神魔境。突破后秦云感慨肉身提升魂魄提升皆为虚幻，唯有对天道的参悟能带回现实。半年后秦云出关，被火凤城诸位长老迎接，正式取名""岐武秦云""。","秦云突破神魔境，正式以""岐武秦云""之名登上人族舞台。"
入道,十年后,人物心理、矛盾展现,冲突、情感,入梦十年，秦云掌握五大极境却差一点点未能入道。秦云回岐武家探望父母，面对火凤羽晴与巫女彩岚两位女子的追求头疼不已。同时，大荒中二十位魔神集结，谋划大举攻打火凤城，其中竟有五位二重天魔神。,秦云十年修行未入道，魔神集结谋划攻城，大战序幕拉开。
入道,迎战,环境铺陈、氛围营造,设定,秦云体内煞气十年间持续加重杀意。火凤城急促鼓声响起，妖魔大举来犯。火凤娘娘召集八位神魔殿长老分守四面城墙，秦云与火凤游虚同守东城墙。秦云压抑十年的杀意终于可以释放。,火凤城大战正式爆发，秦云随众长老迎战魔神。
入道,秦云！回来！,战斗描写、转折高潮,战斗、高潮,"妖魔攻城，南城墙的火凤鳞离长老被隐藏实力的黑水潭兄弟（二重天魔神）一招斩杀。秦云不顾众人劝阻，施展神通""无限光""化作流光从东城墙冲向南城墙支援木齐长老。",鳞离长老战死，秦云不顾劝阻冲向南城墙支援。
入道,斩杀魔神,战斗描写、爽点设置,战斗、爽点,"秦云施展领域神通""天地大磨盘""压制三位一重天魔神，以""江上明月""剑术两三招斩杀一名魔神。黑水潭兄弟（恶臣、恶泷）赶到围攻秦云，秦云毫不畏惧迎战。",秦云以领域神通与剑术斩杀魔神，与黑水潭兄弟展开激战。
入道,处在下风,战斗描写、人物心理,情感、战斗,"秦云以一敌二对抗黑水潭兄弟，因肉身仅一重天而略处下风。秦云施展""不灭之体""神通硬抗攻击，四大神通配合剑法弥补根基差距。火凤娘娘与众长老误以为秦云已达二重天，实为秦云隐藏实力。","秦云以一敌二处下风却斗得疯狂，神通""不灭之体""首次揭示。"
入道,入道,悟道、转折高潮,修炼、高潮、爽点,生死搏杀中，秦云将十年参悟尽情施展验证，五大极境逐渐融为一体。秦云沉浸剑术中忘记敌人，本能随意抵挡一切杀招。最终五大极境形成完整剑道，秦云第一次入道成功，周身浮现无数剑芒，一剑斩下恶臣魔神头颅。,秦云生死搏杀中五大极境融为一体，第一次入道成功，本篇标题事件达成。
入道,拦不住,战斗描写、转折高潮,战斗、高潮,入道后的秦云实力碾压黑水潭兄弟，追杀逃窜的恶泷魔神并将其斩杀。魔神首领乌泗尤派遣坎泣、雨摩两位二重天魔君拦截，却被秦云以入道后的神通优势摆脱，秦云继续追杀恶臣魔神。,秦云入道后实力碾压，斩杀恶泷魔神，坎泣雨摩拦不住。
入道,大胜,战斗描写、矛盾收束,冲突、战斗,秦云追杀恶臣魔神，将其肉身切割粉碎、爪子碾压成齑粉彻底击杀。坎泣、雨摩放弃拦截离去，魔神首领乌泗尤下令全军撤退。火凤城大胜，秦云斩杀三位魔神（含两个二重天）立下大功，乌泗尤上禀帝君秦云有望成天神，必须尽早除掉。,火凤城大战以秦云斩杀黑水潭兄弟大胜收场，魔神族视秦云为未来大患。
入道,天神,人物引入、设定展开,人物、设定,火凤城于英雄楼祭祀战死者，秦云在英雄楼中感悟此世界的真实。人族唯一一位天神——燧古天神现身，与火凤娘娘商议，认定秦云有希望成为第二位天神，制定万年修行计划，要求秦云万年内成为天神。秦云暗忖自己五十年后即梦醒。,燧古天神登场，人族力量体系与天神境设定展开，秦云被寄予厚望。
入道,五十年期满,情感展现、人物心理,情感,入梦五十年将满，秦云回到火凤城府邸陪伴父母、羽晴、彩岚。秦云于火凤巢静室写信留给羽晴、彩岚、父母、火凤娘娘，并将诸多宝物留下。秦云决定在梦醒前做一件大事补偿梦境世界人族——摧毁妖魔族魔巢。,五十年期满将至，秦云安排后事，决定摧毁魔巢补偿人族。
入道,秦云的目标,悬念设置、氛围营造,伏笔、设定,"秦云前往距离火凤城一万两千里外的孚魔山，此地有妖魔族两大魔巢之一。秦云施展神通""化影""六重融入影子潜行，避开魔神洞府阵法，逐渐逼近魔巢入口。孚魔山有十五位三重天魔神镇守。",秦云以化影神通潜入孚魔山，目标摧毁魔巢。
入道,暴露,转折高潮、战斗描写,战斗、高潮,秦云潜行至魔巢入口，被域外魔神布置的无形波动从影子中驱逐，暴露身形。秦云一剑击败看守的黑甲魔神，冲入魔巢，十五位三重天魔神震怒追杀。,秦云行踪暴露，强行杀入魔巢，十五位三重天魔神追杀。
入道,魔巢血莲,战斗描写、转折高潮,战斗、高潮,"秦云在魔巢空间内飞遁，遭魔神祁风雷之箭重创吐血，又遭擅雷霆的魔神雷渊追上围攻。秦云拼着受伤施展""轮回""剑术破开魔巢核心——血色莲花的花瓣，钻入花蕊内部。","秦云突破魔神围堵，以""轮回""剑术破开魔巢血莲花瓣。"
入道,梦醒，离去,转折高潮、情感展现,情感、高潮,"秦云施展""雪浪""神通与""轮回""剑术连续攻击花蕊，以""天地大磨盘""磨碎花蕊下所有仙晶。十五位三重天魔神围攻下，秦云肉身被毁，魂魄被阿弥陀佛之力瞬间裹挟离开此世界。秦云临死前心中告别燧古天神、火凤娘娘、父母、羽晴、彩岚。",秦云摧毁魔巢血莲肉身战死，魂魄被阿弥陀佛之力带走，第一世结束。
入道,尾声,矛盾收束、情感展现,冲突、情感,十五位三重天魔神发现魔巢被毁、天地元晶尽碎，震惊愤怒。帝君得知后令孚魔山魔神全部转移。人族巫祖窥伺到人族气运大涨。火凤城命灯显示秦云身死，燧古天神与火凤娘娘进入静室发现秦云留下的宝物与三封信。秦云的父母、羽晴、彩岚得知真相后悲痛万分。,魔巢被毁影响天下格局，秦云之死震动人族，亲人悲痛，第一世尾声收束。
入道,降临，孟一秋,设定展开、环境铺陈,设定,"秦云魂魄进入第二个世界，成为周山剑派身中剧毒""春风暖""的长老""孟一秋""，时年三十八岁。此世界天地灵气极稀薄，无仙魔法术，专研近战剑术。秦云发现剧毒已解，开始修炼周山剑派三大绝学之一《冰霜剑图》，半个时辰即掌握新极境""冰心""。外部，曲岛主等人谋划趁周山剑派虚弱之际攻打。",秦云降临第二世成为孟一秋，第二世界设定展开，周山剑派危机伏笔埋设。
入道,周山剑派,设定展开、人物引入,人物、设定,"秦云修炼《冰霜剑图》三卷，掌握极境""冰心""，心境格外平静温和。秦云携弟子柳清沙拜祭上任掌门冯擎苍之墓，得知孟一秋被""毒妇""龚仙子利用连累师父身死。忽然六声钟响，血刀宫大举来犯，秦云随众人赶往宗门大殿。",孟一秋身世背景揭示，龚仙子毒妇伏笔埋设，血刀宫来袭。
入道,一招毙命,战斗描写、爽点设置,战斗、爽点,"血刀宫太上长老""饮魔刀""方臣书率十五位先天强者围攻周山剑派，威逼投降。掌门左堂欲独自断后让长老们逃命。秦云挺身而出，一剑刺入血刀宫长老公羊蚕眉心，一招毙命，震惊全场。",秦云以一招毙命展现实力，周山剑派危机中出现转机。
入道,我可不是极境,战斗描写、转折高潮,战斗、高潮,"秦云施展冰霜剑法心如冰镜，一剑一个斩杀血刀宫五位先天强者。秦云与名列地榜第五十七的方臣书交手数十招后一剑斩杀，方臣书临死前问""你是极极……""秦云坦言自己已是入道层次，只是想验证地榜强者实力才多交手几招。",秦云斩杀方臣书，坦言自己已入道，周山剑派转危为安。
入道,地榜排名,设定展开、人物心理,情感、设定,"秦云拒绝接任掌门，以""心如冰镜""为由推脱，成为周山剑派太上长老。秦云计划前往帝京城探望妹妹孟玉香并搜集典籍，带弟子柳清沙、董万同行。无双府编撰的最新地榜将秦云列为地榜第十三。",秦云成为周山剑派太上长老，地榜排名第十三，计划赴帝京城。
入道,乘船去帝京,环境铺陈、人物引入,人物、设定,秦云一行乘船前往帝京城，途中巨鲨帮拦截商船，得知船上为周山剑派太上长老后巨鲨帮帮主归永主动赔礼。商人汪海借秦云之势同行护身。抵达帝京城，孟玉香与段家人迎接。,秦云一行赴帝京城途中展露威名，孟玉香与段家登场。
入道,风风雨雨,环境铺陈、伏笔埋设,伏笔、设定,秦云与妹妹孟玉香团聚，痛斥段二公子段奇峰虐待孟玉香。各方势力因秦云抵达帝京城而暗流涌动：太子欲见秦云、大将军薛冲担忧魏国图谋、魏国密探谋划刺杀、百花谷龚燕儿得知秦云到来。秦云入安国公府，老太君热情相迎。,帝京城各方势力因秦云到来而风起云涌，多条势力线伏笔埋设。
入道,惜雨楼前,矛盾爆发、战斗描写,冲突、战斗,"秦云为妹妹出头，率周山剑派弟子包围惜雨楼，欲找曾殴打孟玉香的琴艺大家颜惜雨算账。颜惜雨背后靠山""霸王枪""项统（地榜第八）现身，一招被秦云击飞撞碎惜雨楼建筑，重伤吐血。",秦云为妹妹出头惜雨楼，一招击败地榜第八项统。
入道,长街之战,战斗描写、爽点设置,战斗、爽点,项统持乌黑长枪与秦云在帝京城长街激战，秦云以冰霜剑法完全压制项统，借机观摩项家《云雨蛟龙枪》招数。秦云斩断项统一臂，项统断臂逃遁。颜惜雨绝望跪地求饶，秦云将处置权交给孟玉香。,秦云长街之战断项统一臂，颜惜雨落网，孟玉香报辱骂之仇。
入道,'锁天'极境,悟道、设定展开,修炼、设定、爽点,"孟玉香将颜惜雨带回段家处置。秦云拒绝太子殿下会见。次日清晨秦云练剑，三个月参悟掌握第二种极境""锁天""。秦云感叹此世界剑术成系统、一步步引领至意境乃至极境，远超家乡。百花谷主得知秦云击败项统，询问龚燕儿所生孩子下落。","秦云掌握极境""锁天""，此世界剑术传承体系设定展开，龚燕儿孩子伏笔深化。"
入道,埋伏,伏笔深化、矛盾展现,伏笔、冲突,"百花谷主将龚燕儿的孩子交还给她，令其带孩子前往帝京城见秦云。秦云翻阅安国公府白玉楼全部典籍，老太君以""段家覆灭时出手相救""为条件答应。秦云夜间回宅院途中遭遇埋伏。",龚燕儿携子赴帝京，秦云获准翻阅白玉楼典籍，夜间遭遇埋伏。
入道,凶手,战斗描写、转折高潮,战斗、高潮,"冰魔童猎、火魔童芳两位地榜高手联手围攻秦云，施展""冰火锁链""与""神意蛊毒""。秦云在战斗中杀灭蛊虫，得知师父冯擎苍竟也是死于这两魔头的神意蛊毒。秦云道出蛊虫主人是地榜第七仙医圣手萧淳，并指出其藏身十里外民居。",冰火二魔围攻秦云，冯擎苍死因真相揭露，仙医圣手萧淳身份曝光。
入道,名列天榜,战斗描写、转折高潮,战斗、高潮,秦云一剑斩杀火魔，又一剑刺穿冰魔心脏，冰魔抱住大哥尸体而亡。秦云道之领域二十里覆盖，瞬息飞至十里外民居斩杀仙医圣手萧淳。三位地榜高手被杀震动天下，秦云携三人头颅回周山剑派拜祭师父冯擎苍。最新天榜将秦云列为天榜第六。,秦云斩杀冰火二魔与仙医圣手，为师父报仇，名列天榜第六。
入道,楚国武库,设定展开、人物引入,人物、设定,楚王召见秦云，秦云入皇宫感应到神榜第二战神李如济存在。秦云要求翻阅楚国武库全部典籍，楚王背后老祖李如济答应，条件是秦云有生之年保楚国王族。秦云在白玉楼参悟《云水诀》。百花谷龚燕儿求见。,秦云获准翻阅楚国武库，神榜第二李如济登场，龚燕儿携子来访。
入道,龚燕儿,情感展现、转折高潮,情感、高潮,龚燕儿抱着婴儿求见秦云，坦言自己受百花谷指使勾引孟一秋，孟一秋中毒后被抛弃。龚燕儿称婴儿是秦云的孩子，秦云以血脉共鸣确认。秦云本欲因师父之死杀龚燕儿，一剑刺入其心脏后又以丹药救活，让她安心照顾孩子。秦云得知冯擎苍之死背后是魏国布局。,秦云得知孟欢是亲生儿子，一剑刺龚燕儿后又救活，留下照顾孩子。
入道,腊月大雪,情感展现、环境铺陈,情感、设定,秦云让龚燕儿脱离百花谷，安排其父母家人来帝京城。秦云翻遍楚国武库典籍后钻研剑道。寒冬腊月大雪，孟玉香告知楚王身体不行，帝京城大位之争暗流涌动。秦云为妹妹制作护身符。,秦云安顿龚燕儿一家，帝京城大位之争临近，秦云为家人做准备。
入道,一剑（春节快乐）,转折高潮、战斗描写,战斗、高潮,百花谷瞿瑛长老深夜告知秦云楚王已归天。秦云以道之领域探查，发现八王子师父周老先生实为魏国太叔臣。大将军薛冲拦下周老先生交手，周老先生逃遁途中被等候的秦云一剑斩杀。秦云化其尸骨为粉末，带战利品回宅院。,楚王归天，秦云一剑斩杀魏国太叔臣，大位之争关键转折。
入道,继位,情节推进、矛盾收束,冲突,八王子李铖继位为楚王。段家因全力支持前太子而陷入危机，老太君求秦云保段家。秦云答应。魏国在帝京城的人马疯狂寻找失踪的周老先生（太叔臣），注定永远找不到。楚国国丧，新王登基。,八王子李铖继位，段家危机求秦云，太叔臣之死成谜。
入道,神榜第一,人物引入、设定展开,人物、设定,正月初六，红莲魔宗宗主夏侯烈拜访神榜第一魔主夏侯真，告知太叔臣失踪。夏侯真推断太叔臣被李如济所杀，认定李如济实力大增，反而兴奋将其视为破碎虚空的对手。夏侯真练成《黑古魔体》后将赴帝京城与李如济决生死。楚王李铖主动拜访秦云。,神榜第一魔主夏侯真登场，推断李如济实力大增，决意赴帝京城决战。
入道,楚王和秦云,矛盾展现、人物心理,冲突、情感,楚王李铖拜访秦云，要求诛杀段奇玉、削段家爵位。秦云要求揭过段家之事，李铖不从。秦云将太叔臣的手套兵器交给李铖，让他拿去给薛冲大将军看，称薛冲看了便不会再对付段家。,楚王与秦云就段家处置产生分歧，秦云以太叔臣兵器破局。
入道,李如济拜访,人物引入、设定展开,人物、设定,薛冲见手套兵器后立即带楚王进宫见师父李如济。李如济、薛冲亲至秦云宅院拜访。李如济询问太叔臣是否为秦云所杀、秦云是否已入道，秦云否认入道，称仅近战之术更厉害。李如济试探秦云速度，秦云以九道残影展现飞遁之速，李如济认定只有夏侯真能威胁秦云。,战神李如济拜访秦云，试探其实力，认定秦云已超越楚国所能约束。
入道,五年后,设定展开、伏笔埋设,伏笔、设定,段家因秦云庇护反而兴盛。转眼五年过去，秦云教导儿子孟欢练剑。夏侯真练成《黑古魔体》，决意三日后赴帝京城斩杀李如济。秦云每日练剑，却发现汲取此世界剑术精华后，自己的剑道反而显得粗糙，越补充越觉得不对劲。,五年后孟欢成长，夏侯真练成黑古魔体将赴决战，秦云剑道困惑浮现。
入道,帝京城的慌乱,氛围营造、转折高潮,设定、高潮,夏侯真飞至楚国帝京城王宫上空，喝令李如海出来受死。帝京城千万子民皆寂静胆寒。楚王李铖惊慌，段家等权贵家族人心惶惶。孟家宅院内秦云正教孟欢练剑，龚燕儿、孟玉香等人劝秦云躲避。,夏侯真杀到帝京城，帝京城一片慌乱，灭国之危降临。
入道,寂寞,战斗描写、转折高潮,战斗、高潮,李如海与夏侯真在王宫上空激战，李如海被完全压制，伤势极重。夏侯真修炼黑古魔体肉身不亚于李如海，刀法更高明，李如海真元匮乏濒死。秦云一道流光冲天而起，剑光光圈笼罩夏侯真救下李如海，夏侯真第一次感受到境界不亚于自己的对手。,李如海被夏侯真压制濒死，秦云出手相救，与夏侯真首度交锋。
入道,破碎虚空？,战斗描写、悟道,修炼、战斗、爽点,"秦云与夏侯真激战，以心如冰镜完全掌控局势，验证诸多新悟剑招。秦云施展出新极境""天涯咫尺""为核心的招数刺伤夏侯真。秦云一剑切割虚空，出现黑漆漆裂缝，夏侯真与李如济都看到裂缝另一端的庞大世界，渴望破碎虚空飞升。",秦云压制夏侯真，一剑切割虚空，破碎虚空伏笔首次浮现。
入道,代价,转折高潮、悟道,修炼、高潮、爽点,夏侯真认输，以毁掉半个帝京城为威胁要求秦云饶命，并承诺红莲魔宗三十六秘传原本任秦云翻阅带走。秦云答应，约定三十年后再战。夏侯真受夏侯真启发，懊悔浪费数十年修炼肉身，决心抛弃一切一心修行刀道。秦云亦受启发，决定抛弃旧剑道以十三种极境重新入道。,秦云放夏侯真离去，获红莲魔宗典籍承诺，双方决心各自重新悟道。
入道,大战过后,情节推进、装备获取,奖励,秦云归家告知众人出手者即自己，周山剑派大殿一片沸腾。最新神榜将秦云列为神榜第一。秦云前往红莲魔宗翻阅全部典籍并带走三十六秘传原本，燕国主动送典籍与奇珍，楚国亦赠送十门典籍原本。秦云将大量典籍与天材地宝送至周山剑派。,秦云名列神榜第一，获三大国典籍原本，周山剑派迅速兴起。
入道,孟欢,人物引入、情感展现,人物、情感,帝京城一战过去十五年，孟欢已二十一岁。孟欢在齐云楼与红颜知己澹台云、钟琳聚会，遭遇与澹台云订亲的欧阳家公子欧阳千及其父欧阳泉。欧阳泉下令擒拿孟欢等人，孟欢受伤吐血。刀剑双煞两位地榜高手护卫现身保护孟欢，通知秦云。,孟欢成长，因感情纠葛遭欧阳家欺凌，孟欢身份伏笔展开。
入道,天上地下，谁都救不了你！,转折高潮、爽点设置,爽点、高潮,"秦云道之领域探查到齐云楼情况，瞬间赶到。秦云为儿子诊脉发现是情志内伤。秦云请钟琳陪孟欢回家养伤，将欧阳家交给舅舅龚三爷处置。龚三爷放言""天上地下，谁都救不了你""，欧阳泉父子惊恐万分。",秦云救子，龚三爷出面处置欧阳家，孟欢身份曝光震动帝京城。
入道,第二次入道（上）,情感展现、伏笔深化,伏笔、情感,钟琳随秦云回孟家宅院，得知秦云即神榜第一孟一秋，震惊自卑。楚王李铖得知欧阳家惹孟欢，废欧阳泉官职、打入欧阳贵妃冷宫，召钟琳之父钟万海进帝京城。澹台云之父澹台川谋划让女儿当孟欢妾室。秦云一心酝酿第二次入道，下令后花园为禁地。,孟欢身份震动帝京城高层，各方势力反应，秦云闭关酝酿第二次入道。
入道,第二次入道（下）,悟道、转折高潮,修炼、高潮、爽点,"秦云闭关五个月，于腊月大雪中酝酿剑道。孟欢掌握冰霜剑意突破先天，向钟琳求婚，龚燕儿答应。正月初九秦云出关，第二次入道成功，道之领域三十里，剑气自成""剑之天地""可困死战神李如海。秦云一剑切割出丈许长虚空裂缝，决定五十年期满前进去看一看。",秦云第二次入道成功，创《剑之天地》，道之领域三十里，可破碎虚空。
入道,战书,转折高潮、悬念设置,伏笔、高潮,秦云出关后孟欢与钟琳成亲生子。三十年过去，夏侯真寿命大限仅剩数月，下战书约秦云三月初九于帝京城外归泽山决战。夏侯真放出消息传遍天下，欲借秦云之手或破碎虚空或战死。龚燕儿、董万担忧秦云安危。,三十年后夏侯真下战书约战归泽山，天下沸腾，秦云接受挑战。
入道,三月初九，归泽山,氛围营造、环境铺陈,设定,"周山剑派经三十年发展成天下前三宗派，孟欢名列天榜第一。左堂连夜赶赴帝京城劝秦云不应战，秦云以""对手难求""坚持。三月初九，天下顶尖高手大半聚集归泽山观战，秦云与众人前往。秦云嘱托孟欢看仔细《剑之天地》的厉害。",归泽山之战天下瞩目，秦云决意应战，周山剑派实力展现。
入道,神仙手段,战斗描写、爽点设置,战斗、爽点,"秦云施展""剑之天地""百万道剑气笼罩两三里范围，仅凭剑气便压制夏侯真并令其受伤。夏侯真施展闭关三十年悟出的《心魔刀法》前六刀疯狂反扑，秦云拔剑以仙人般剑法完全压制。第六刀炸毁整座归泽山，秦云以道之领域摄住乱石挪移至大峡谷，展现移山填海的神仙手段。",秦云剑之天地压制夏侯真，移山填海手段震惊天下观战者。
入道,天罚降临,转折高潮、设定揭示,揭示、设定、高潮,"夏侯真施展设想中真正入魔的第七刀，秦云以""八极剑斩""一剑破碎虚空斩碎刀光断其手臂。夏侯真看到虚空裂缝，不顾一切冲入其中，因未达破碎虚空境界遭天罚降临，肉身粉碎尸骨无存。秦云确认自己有资格破碎虚空。秦云告知众人夏侯真已死，尸骨无存。",夏侯真冲入虚空裂缝遭天罚粉碎，秦云确认自己可破碎虚空，天罚设定揭示。
入道,飞升,转折高潮、情感展现,情感、高潮,秦云决定珍惜最后十几年陪伴家人。孟欢四十八岁入道，道之领域十里，有破碎虚空飞升之望。五十年期满最后一日，秦云在帝京城外兰湖旁与众人告别：左堂、董万、柳清沙、孟玉香、龚燕儿、孟欢等。秦云一剑撕裂三丈虚空裂缝，飞入其中破碎虚空白日飞升。,秦云与第二世亲人告别，破碎虚空白日飞升，第二世结束。
入道,归来，苏醒,转折高潮、情感展现,情感、高潮,飞升途中，阿弥陀佛现身将秦云魂魄截回，承认两个世界都是真实的。秦云魂魄回归现实广凌秦府静室，木雕刻碎裂。秦云醒来后与妻子伊萧、父母、大哥团聚，百年分别令秦云更思念伊萧。秦云告知伊萧自己早已入道，决定第三次入道形成完美剑道之基。,阿弥陀承认两个世界真实，秦云回归现实与家人团聚，决心第三次入道。
入道,布局千年,伏笔揭示、情节推进,伏笔、揭示,"秦云与伊萧去看望已回广凌的尘霜，得知她已成为巫姥山当代第一巫女。伊萧告知黄蛟湖蛟龙王来访求救。蛟龙王通过巡天令告知秦云，鄱云湖黑龙布局千年谋夺黄蛟一脉秘密，以""七情毒""毒害蛟龙王，蛟龙王请秦云带小鱼妖傅思卓前往黄蛟湖继承黄蛟一脉。秦云答应为兄弟傅青报仇。",尘霜身份揭示，蛟龙王求救，黑龙布局千年真相揭露，秦云决意为傅青报仇。
入道,最终入道？,悟道、设定展开,修炼、设定、爽点,秦云告知伊萧自己道之领域三十里，已超越元神境一重巅峰黑龙。秦云说明前两次剑道皆有缺陷（第一次粗糙杀意重，第二次完美却冷漠），需第三次入道融入情感。秦云与伊萧看望尘霜，得知巫姥山修行需入红尘。当晚秦云闭关将本命飞剑修行至一品。,秦云实力揭示，三次入道原因阐明，本命飞剑突破一品。
入道,驱虎吞狼,情节推进、伏笔埋设,伏笔,秦云携小鱼妖傅思卓前往黄蛟湖蛟龙宫。蛟龙王将黄蛟一脉秘密告知：黄蛟一脉祖先是域外来的黄蛟，留有黄蛟洞天传承。蛟龙王将半块令牌给傅思卓，安排秦云与傅思卓进入洞天洗练血脉。同时蛟龙王暗中联系云魔山玉面魔君，布局引玉面魔君与黑龙宫主入洞天驱虎吞狼。,蛟龙王布局驱虎吞狼，引玉面魔君与黑龙宫主入黄蛟洞天互斗。
入道,进入洞天,环境铺陈、情节推进,设定,蛟龙王送秦云、傅思卓进入黄蛟洞天，洞天内有一十里长的黄蛟尸体传承重地。秦云带傅思卓前往心脏处洗练血脉。同时蛟龙王主动开启洞天引入黑龙宫主、大王子黄冲及紧随其后的玉面魔君，让三方在洞天内争夺。,秦云与傅思卓入黄蛟洞天，黑龙宫主与玉面魔君亦被引入，三方汇聚。
入道,域外黄蛟,设定展开、战斗描写,战斗、设定,"秦云在黄蛟尸体内部搬宝，发现尸体内部自成领域压制道之领域。傅思卓进入心脏洗练血脉。黑龙宫主与玉面魔君在洞天内交战，黑龙宫主施展""噬灭毒炎""，玉面魔君以法宝""百花扇""十万羽毛抵挡。玉面魔君先一步飞向黄蛟尸体探宝，黑龙宫主带大王子追入。",黄蛟尸体内部设定展开，黑龙宫主与玉面魔君激战，双方进入尸体探宝。
入道,相遇,战斗描写、转折高潮,战斗、高潮,"秦云拆卸静室顶部""云水石魄""与四根""火云柱""等重宝。玉面魔君发现秦云，傲慢命令秦云滚开。秦云反问玉面魔君为何投靠域外魔神，玉面魔君嗤笑人族愚蠢。秦云一言不合动手，一缕剑芒从指尖射出，玉面魔君本能感到大恐惧。",秦云与玉面魔君相遇，玉面魔君傲慢对待凡俗蝼蚁，秦云出手令其恐惧。
入道,炼剑成丝，虚空留痕！,战斗描写、爽点设置,战斗、爽点,"秦云动用一品本命飞剑""烟雨飞剑""，剑光凝练如丝线，施展""炼剑成丝，虚空留痕""绝技，空间冻结留下扭曲痕迹。秦云一剑刺穿玉面魔君法宝百花扇大阵，将其肉身切割成两截。玉面魔君弃肉身逃遁元神，秦云以三个乾坤环封禁擒获其元神，收入玉壶中暂囚。","秦云以""炼剑成丝，虚空留痕""击败玉面魔君，乾坤环封禁其元神。"
入道,黄蛟的三件藏宝,装备获取、设定揭示,奖励、揭示、设定,"秦云拆卸藏宝殿三件重宝：超品法宝""天戚斧""、通往域外的路线图卷轴、域外黄蛟从荒漠星辰所得的石壁掌法（一百八十九个手掌印，无名氏前辈绝学）。秦云参悟石壁掌法，震撼于其情感与招数的完美结合，对第三次入道大有启发。",秦云获黄蛟洞天三大重宝，石壁掌法为第三次入道提供关键启发。
入道,你这老黑龙也来了？,战斗描写、转折高潮,战斗、高潮,"黑龙宫主带大王子黄冲闯入藏宝殿，发现秦云。秦云为傅青报仇出手，以三个乾坤环镇压黑龙宫主。黑龙宫主现出黑龙原形施展""噬灭毒炎""与""妖龙真身""反抗，却被乾坤环缓慢收缩镇压，大王子黄冲被波及毙命。秦云封禁黑龙宫主元神收入玉壶，与玉面魔君元神同囚。",秦云以乾坤环镇压黑龙宫主，封禁其元神收入玉壶，两大元神境者皆被擒。
入道,蛟龙王之死,情感展现、矛盾收束,冲突、情感,黑龙宫主与玉面魔君元神在玉壶中相遇，互相感叹秦云实力恐怖。秦云继续拆卸洞天宝物并参悟石壁掌法。蛟龙王毒发将死，进入洞天内密室等候死亡，发现玉面魔君与黑龙宫主失踪困惑不已，询问秦云后得知二人皆已被解决，含笑而逝。,蛟龙王得知黑龙被杀含笑而逝，黄蛟湖复仇线主体收束。
入道,剑道之基,悟道、转折高潮,修炼、高潮、爽点,"秦云参悟石壁掌法后，心中剑道雏形完善，第三次入道成功。新剑道融合情感，""天地有情，人也有情""，超越前两次剑道，道之领域可抵抗域外黄蛟尸体领域压制。秦云继续拆卸洞天宝物，九成五宝贝被拆光。傅思卓百日洗练血脉完成，脱胎换骨。",秦云第三次入道成功，形成融合情感的完美剑道之基，傅思卓洗练血脉完成。
入道,谁杀的？（本篇终）,转折高潮、悬念设置,伏笔、高潮,秦云骗取玉面魔君、黑龙宫主元神的秘密后，以剑气贯穿湮灭二魔元神，携傅思卓与宝物迅速离开黄蛟洞天返回广凌。两大元神境者毙命震动天下，云魔山请猴老祖推演，仅推演出凶手在黄蛟湖洞天内，凶手身份被迷雾遮掩看不清。广凌城洪九推演天机，迷雾消散后露出真容——竟是秦云，洪九惊惧万分。,秦云斩杀两大元神境者元神离去，天下震动追查凶手，洪九推演出真相是秦云，本篇终。
灾劫,危机,悬念设置、设定展开,伏笔、设定,"洪九推演确认杀死玉面魔君、黑龙宫主的凶手正是秦云，震撼于一个凡俗剑仙竟有如此天资；同时洪九推演天下灾劫源头，发现由原来的十九处增至二十处，新增灾劫位于云州齐阳郡长甫县，巡天盟情报显示三处村落万余村民被屠戮吸干血肉。另一视角揭示紫袍青年贺谦为屠戮凶手，借秘法瞒过天道，准备建造""世界祭坛""。秦云亦收到巡天盟情报告知七日间近八万人族被屠。",洪九确认秦云身份，天下新增一处灾劫源头，域外魔神贺谦暗中屠戮人族。
灾劫,宝光惊人,悬念设置、人物心理,伏笔、情感,"秦云与洪九联手赴各屠戮之地调查，却因凶手遮掩天机而无法查明身份。贺谦在八百里外以实力观察""宝光""，发现秦云身上宝光惊人——宝物之多远超一般元神二重强者，遂心生贪念，决定凑齐血肉之力后杀秦云夺宝。秦云决定先对付天下仍称霸一方的五位极境大妖魔。",贺谦窥见秦云宝光惊人欲杀之夺宝，秦云决心一锅端五位极境大妖魔。
灾劫,一锅端,战斗描写、爽点设置,战斗、爽点,"秦云为防走漏消息，决定先活捉后一同斩杀五位极境大妖魔。凭借道之领域五十里轻易夺取阵法控制权，逐一擒拿狼山老祖、泉玉谷主、鳄龙老祖、蛇姬娘娘，最后来到北海冰龙宫——正值冰龙宫主迎娶第五十九房小妾、以不足百日人族婴孩为""人果""宴客，秦云持绳索法宝捆四妖魔现身，震慑全场。",秦云逐一活捉四位极境大妖魔，现身冰龙宫震慑群妖。
灾劫,功德无量,战斗描写、转折高潮,战斗、高潮,"冰龙宫大殿内群妖疯狂传讯求救后四散逃命，秦云以道之领域破坏阵法，一缕缕剑气瞬间毙杀全部先天境妖怪及冰龙宫主——仅一缕剑气便杀死极境大妖魔，令其至死不敢相信。秦云放过大殿内未作恶的水族侍女，五位极境大妖魔传讯印记同时消散。消息传遍天下，修行者拍案叫好，秦云被誉为""功德无量""。然屠戮人族凶手依旧查不出身份。",秦云一日内斩杀五位极境大妖魔震动天下，但神秘凶手仍无踪迹。
灾劫,广凌城外,悬念设置、矛盾展现,伏笔、冲突,"神秘凶手屠戮鲁州北昶郡会枫县城近十八万人族，盏茶时间不到即吸干血肉，远超极境大妖魔所能。人皇请""王疯子""倾力推演，喷血而出仍查不出凶手，但终感应到天道警示——此凶手即为新灾劫。张祖师等各方高度重视。贺谦在广凌城外俯瞰，确定已凑齐三十六万人族血肉之力，准备建造世界祭坛，并决定引秦云出城杀之夺宝。",凶手屠戮一座县城震惊天下，王疯子确认其为新灾劫，贺谦准备引杀秦云。
灾劫,秦云战域外魔神,战斗描写、转折高潮,战斗、高潮,"贺谦故意泄魔气引秦云出城，秦云一缕剑气被贺谦一指弹碎，判断对方为入道妖魔极可能是凶手。秦云施展""四方八极""八口飞剑封锁数十里，贺谦化出岩石巨手只手粉碎剑之天地。秦云动用一品本命飞剑施展""江上明月""，虚空荡起涟漪，仍被贺谦全力拍击挡住。秦云传讯张祖师求援，同时以三个乾坤环怒砸阻拦。伊萧、洪九在城墙遥观，震惊秦云竟处下风。",秦云与域外魔神贺谦广凌城外激战，贺谦以岩石巨手粉碎剑之天地，秦云处下风。
灾劫,相见欢，离别苦,战斗描写、情感展现,情感、战斗,秦云相继施展轮回、相见欢、离别苦（最强攻杀剑招，源自从子孟欢相处五十年的感情）等杀招，均被贺谦岩石巨手挡下或拍飞。秦云最终以周天剑光硬抗贺谦十余掌疯狂拍击，贺谦破不了周天剑光，又见援军将至，遂吐黑风袭向广凌城方向被秦云挡住后趁机遁逃。秦云放七杀剑追击，但贺谦境界远高，轻易摆脱飞剑追踪。,秦云以周天剑光苦抗贺谦，贺谦破不了防御后遁逃，秦云飞剑追击无果。
灾劫,张祖师的痛惜,设定展开、人物心理,情感、设定,"张祖师赶到，以眉心""雷霆之眼""神通搜寻贺谦未果。张祖师与秦云细谈，确认秦云刚入道道之领域即达五十里（前途无量，百里即有望天仙），本命飞剑为一品法宝，发挥实力约元神二重巅峰；判断贺谦原身为元神三重巅峰域外魔神，确认为新灾劫。张祖师痛惜秦云修行剑仙一脉无法凝练元神，嘱咐秦云好好修行。贺谦杀不了秦云，决定转而与蛮祖教合作建造世界祭坛。",张祖师判断贺谦为元神三重巅峰域外魔神，痛惜秦云受剑仙一脉所限无法凝练元神。
灾劫,超品本命飞剑,悟道、设定展开,修炼、设定、爽点,时间流逝，秦云发现天下流传自己实力不如剑老人，说明实力未完全暴露。秦云督促侄儿秦舒彦修行，感叹侄儿侄女与一梦百年的儿子孟欢差距甚远。正月初五秦云与伊萧逛广凌城，感应到本命飞剑已孕养到极致，再吸收些宝贝即可突破超品法宝——有史以来第三柄超品本命飞剑。,秦云本命飞剑即将突破超品法宝，为上古天龙宫淘宝之行做准备。
灾劫,护法神将,战斗描写、装备获取,奖励、战斗,"秦云闭关以大量奇珍（赤水石母为主）孕养本命飞剑三个多时辰，""烟雨剑""终达超品法宝层次，催发威力在寻常灵宝之上。秦云再赴上古天龙宫，一缕剑气便击败护法神将（上次需逃遁），护法神将劝秦云勿入重地冒险，秦云不顾劝告进入内殿宫殿群。",秦云本命飞剑突破超品法宝，再入上古天龙宫一剑击败护法神将。
灾劫,龙王的宝物,装备获取、设定展开,奖励、设定,"秦云深入内部宫殿群，发现一具元神二重巅峰大鱼妖怪尸体并取其宝物。随后发现内部宫殿群最高建筑""万宝阁""，推开正门时触发一百零八记黑水神雷，以周天剑光轻松抵挡。万宝阁内宝物架大多空荡，护法神将现身告知：龙王将宝物分三份留给后辈，秦云第一个到来取最差一份——含五件一品法宝、大量奇珍丹药及海中奇珍。护法神将另赠一块龙形雕刻，称这才是最珍贵的宝贝。",秦云闯万宝阁获龙王分赐宝物及最珍贵的龙形雕刻信物。
灾劫,嘱托,设定展开、伏笔埋设,伏笔、设定,"龙形雕刻中传来上古天龙临死前的嘱托——此雕刻可联系域外师兄（实力远在上古天龙之上）帮忙一次，秦云受此机缘当守护一方天地。秦云感慨先辈牺牲，发现一具元神三重巅峰白色神龙（龙女）尸体，获两件超品法宝：护身法宝""九天云衣""（攻击层层削弱）与阵图法宝""两界图""（可笼罩千里成两界大阵，内藏千里空间）。秦云以两界图收容大妖尸体，决定日后交东海龙宫安葬。",上古天龙临终嘱托秦云守护天地，秦云获九天云衣、两界图两件超品法宝。
灾劫,域外魔神,战斗描写、装备获取,奖励、战斗,"秦云来到主战场域外魔神尸体所在，尸体为天魔级（红色鳞甲、断臂、百丈高），体表升腾黑雾产生九百余头魔怪。秦云以""四方八极""剑之天地困住魔怪，搜集战场废墟中二十一颗天龙血晶及天龙血液。随后炼化天魔尸体手腕处三个乾坤环，与原有三环产生共鸣构成完整灵宝。天魔尸体中飞出黑色丝线（疑为魔心虫），六个乾坤环合击将其湮灭。秦云以六乾坤环封禁天魔尸体一切力量。",秦云炼化天魔尸体三乾坤环，六环合一构成完整灵宝，击败魔心虫封禁天魔尸体。
灾劫,巡天鉴震动,设定揭示、转折高潮,揭示、设定、高潮,"秦云将天魔尸体收入两界图，查看其随身宝物（除乾坤环外与龙女宝物相当，偏少因主修肉身）。秦云尝试破最中央大殿封禁未果，透过墙壁缝隙看到上古天龙金色鳞片后离去。三年后，妻子伊萧因早掌雷霆意境达先天金丹境。巡天盟总部镇族灵宝""巡天鉴""剧烈震颤，七位元神境长老赶到，确认南海州虬扎山一带出现新的""世界入口""——贺谦以世界祭坛献祭血肉之力打开了连接域外世界的通道。",巡天鉴示警，贺谦成功开启世界入口，天下各方势力紧急应对。
灾劫,转世仙人们,人物引入、设定展开,人物、设定,"南海州虬扎山，贺谦与蛮祖教主合力布置大阵笼罩三十里九座村落逾五万人族。贺谦操纵世界祭坛，以三十六万人族血肉之力为引子，撕开深紫色空间漩涡通道连接域外世界，对面""阐夫君主""传令贺谦抵挡住大昌世界修行者。各方仙魔齐聚，因阵法内五万凡俗人族，天仙天神不敢强行破阵。混元宗朱家老祖推荐其转世仙人后代""朱八""（前世妖仙），人皇亦揭示洪九为转世仙人（前世流道人），洪九、朱八相认（九位仙人一同转世大昌世界仅二人觉醒）。",贺谦开启世界入口，洪九、朱八两位转世仙人身份揭晓，奉命入阵破敌。
灾劫,召唤秦云,矛盾展现、转折高潮,冲突、高潮,"洪九擅破阵、朱八擅正面搏杀，二人入阵后与化作三百丈大山巨人的贺谦交手。朱八以肉身成圣法门近身刀劈，洪九破阵，但贺谦调动阵法威势反压二人，一脚踢飞洪九、一掌拍飞朱八，更分心操纵一品法宝""宝日轮""""重山印""追杀二人。二人传音商议：法力太弱无法破阵，且不能突破元神境否则天规限制。钱长老欲舍命杀入被劝阻。张祖师提议召秦云赶来——秦云几年前能与贺谦自保，如今实力应有所进步。秦云在广凌接到张祖师传音，立即赶赴南海州。",洪九、朱八二位转世仙人受阵法压制破不了阵，张祖师召秦云赶来增援。
灾劫,出手,战斗描写、转折高潮,战斗、高潮,张祖师飞遁接秦云赶至南海州，向秦云介绍情况。秦云主动独战贺谦，洪九、朱八分头破阵。秦云本命飞剑一剑出即切割虚空令贺谦倒飞——三年间秦云道之领域由五十里达六十里、本命飞剑由一品达超品，全面提升。远处观战的各方仙魔震撼，人皇惊叹秦云比张祖师说的更厉害。张祖师、人皇又叹秦云若修非剑仙一脉本可成天仙，可惜受法门所限难得长生。,秦云独战贺谦一剑切割虚空占上风，实力三年间大幅提升令各方震撼。
灾劫,逃逃逃,战斗描写、转折高潮,战斗、高潮,"秦云以超品本命飞剑灵活压制贺谦，剑气一次次切割其身体，贺谦调动阵法仍处下风。贺谦分出法宝""宝日轮""""重山印""袭向洪九、朱八，秦云以六乾坤环截住二法宝。秦云施展最强杀招""离别苦""重创贺谦岩石手掌。贺谦以战斗余波扫过村落弄死十余村民威胁秦云停手，张祖师传音不可放纵。秦云遂催发法宝""洞天剑葫""——百万道剑气形成毁灭剑阵，将贺谦三百丈大山之躯绞杀粉碎。",秦云以离别苦重创贺谦，贺谦以村民威胁无效，秦云催发洞天剑葫百万剑气绞杀贺谦。
灾劫,解决祸患,转折高潮、悬念设置,伏笔、高潮,"贺谦大山之躯被绞杀至仅余丈许核心""石心""，化作流光钻入世界入口逃回域外世界。秦云追至世界入口前，透过漩涡通道看到对面贺谦及其背后""阐夫君主""——一位披甲弯角魔神，气息滔天毁灭。贺谦向阐夫君主禀报秦云坏了大事。洪九、朱八等赶来，洪九破阵成功，五万人族几乎全活。张祖师封禁世界入口，需一月自然愈合。众人推断贺谦必会再来——其身为大昌世界凡俗肉身，送回不难。张祖师以雷霆之眼看秦云，见其功德清光与五彩宝光比三年前耀眼许多，追问其是否再入上古天龙宫。",贺谦仅余石心逃回域外，世界入口被封禁，张祖师发现秦云宝光大增追问其收获。
灾劫,封侯,爽点设置、伏笔埋设,伏笔、爽点,"秦云传音确认获天魔尸体，张祖师大喜约定交易。人皇亦传音询问乾坤环灵宝并邀秦云入宫交易宝物。人皇当众封秦云为""余安侯""（封地余安县）、洪九为""尤高侯""（封地尤高县），一郡双侯传为佳话。人皇单独留秦云，因其成亲十余年无子，赠予天下间知晓者不超过五人的子嗣秘术（天神亦有众多子女之秘），此即人皇之前说的""大礼""。秦云大喜感激。随后秦云取出天魔尸体与张祖师交易，从张祖师众多宝物中任选交换，心满意足离去。",秦云、洪九被封侯，人皇赐秦云子嗣秘术，秦云以天魔尸体与张祖师交易宝物。
灾劫,八方来贺,氛围营造、情感展现,情感、设定,秦云回广凌将封侯及子嗣秘术之事告知伊萧，夫妻当夜施秘术。秦云赴东海龙宫交上古天龙宫水族大妖尸体安葬于龙墓。腊月十九朝廷旨意下达封侯，广凌郡沸腾。腊月二十二秦府宴请天下宾客——景山派冬晨仙人、巫姥山蛊姥姥、沙门黑天大护法、灵宝山白清长老、天妖宫万妖老祖、四海龙王等各方大佬齐聚贺喜，皆因秦云不足五十岁即达元神三重实力、功德清光护体，未来不可限量。腊月三十伊萧突然腹痛，体温急剧升高，周围湖水沸腾。,秦云封侯宴请八方来贺，腊月三十伊萧突发异变体温飙升。
灾劫,龙族的来历,设定揭示、转折高潮,揭示、设定、高潮,"伊萧体内力量沸腾，紫金金丹法力都无法渗透，脸上手背浮现雪白龙鳞，尾骨长出龙尾，整个人化作十余丈雪白神龙痛苦挣扎。秦云紧急传讯东海天龙，天龙让服九转灵丹缓解并赶来。秦云又问张祖师，张祖师揭示重大设定：龙族来自域外，茫茫众多世界乃至天界天庭所有龙族皆起源于""祖龙""，祖龙生九子（生即天龙境巅峰），龙族将一支支龙族送到诸多世界占海域。伊萧此次化龙为血脉觉醒——十有八九觉醒为真龙，亦有一丝可能觉醒为天龙。",伊萧龙族血脉觉醒痛苦化龙，张祖师揭示龙族起源于祖龙、来自域外的重大设定。
灾劫,代价,设定展开、矛盾展现,冲突、设定,张祖师详述血脉觉醒：觉醒为天龙需百年（龙池力量任凭吸收），觉醒为真龙一重天需一年、二重天三年、三重天十年；九转灵丹一颗仅维持一天，太过浪费。东海天龙赶到确认血脉觉醒，又叫西海敖琼长老（真龙三重天）前来——伊萧属西海一脉。敖琼提出使用西海龙池需肩负龙族责任：西海龙族镇压西海海眼（即世界入口），龙池五年力量仅够伊萧吸收。双方商定：伊萧每吸收龙池一年，秦云付两颗天龙血晶。秦云当即付两颗天龙血晶，当日携伊萧赴西海龙池。伊萧怀疑觉醒与人皇子嗣秘术有关。,东海天龙、敖琼长老与秦云商定龙池使用条件（每年两颗天龙血晶），伊萧入西海龙池觉醒。
灾劫,喜事,情感展现、伏笔埋设,伏笔、情感,"秦云与伊萧约定每月探望，西海龙王送秦云离去。秦云潜心修行，参悟黄蛟洞天石壁掌法及从张祖师处购得的超品""青叶飞剑""（感受青叶剑仙剑道），从青叶剑仙""肆意痛快、剑走偏锋""的剑道中获得灵感——""一沙一世界""，自成天地的剑道也可化作一刹那的肆意锋芒。秦云定下三百年内一心修行提升境界、搜集各家元神法门的计划。第二个月伊萧传讯秦云：确认怀孕。",秦云参悟青叶剑仙剑道获灵感，伊萧确认怀孕，夫妻欣喜期待。
灾劫,虚空挪移,转折高潮、悬念设置,伏笔、高潮,秦云赶赴西海龙池陪伴伊萧，伊萧怀胎十月肚子才微凸，预估三年出生，第二年秋天确认是女孩。秦云父母秦烈虎、常兰关心伊萧情况。秋日，贺谦持黑色令牌以虚空挪移潜入西海龙宫禁地龙池旁，以绳索法宝捆封伊萧，再次虚空挪移携伊萧消失——两次虚空挪移且携带已达真龙境的伊萧，宝物价值近乎灵宝。西海龙王等赶到发现伊萧被掳，判断为南海州那位神秘妖魔所为。,贺谦以虚空挪移宝物潜入西海龙宫禁地掳走伊萧，伊萧下落不明。
灾劫,这就是代价！,转折高潮、情感展现,情感、高潮,"秦云正与元符宫主交易获""先天灵髓""为女儿打胎基，接西海龙王传讯伊萧被掳，心慌全力飞赴西海，同时传讯张祖师、人皇、东海天龙、伊氏老祖、洪九求助。蛮祖教洞天内，贺谦、蛮祖教主向域外""帝君""禀报——伊萧已达真龙境无法送往域外世界，帝君下令在蛮祖教洞天布""六界绝天阵""囚禁伊萧隔绝天道感应，不可外泄其活着秘密。帝君分析秦云两三百年内有望以凡俗之身拥天仙实力，威胁程度不亚于人皇、张祖师等，须趁早以伊萧为棋子算计。六界绝天阵成，伊萧传讯印记消散。贺谦调动数万里天地之力宣告""秦云，这就是代价！杀死你妻子的是我贺谦！""秦云呆看巡天令中消散的印记，脑海一片空白。",伊萧被囚于六界绝天阵对外假死，贺谦宣告杀死伊萧，秦云深受打击。
灾劫,她一定活着,人物心理、情感展现,情感,秦云回忆与伊萧相识相恋至成亲的种种，认定妻子一定活着——理由：贺谦若只为杀人直接杀即可，何必活捉再杀且付出近乎灵宝代价虚空挪移？且无尸体。秦云联系洪九请求推演伊萧生死。蛮祖教洞天内伊萧清醒，身体因离开龙池血脉觉醒疼痛加剧，法力被封禁，贺谦告知为其丈夫坏了他的大事，将她囚于此。人皇密令洪九：无论推演结果如何都告知秦云其妻活着——因大昌世界将来有大灾劫，秦云天资惊人，域外势力意在打击其心境使其沉沦，不能让秦云心境大变。,秦云推理认定伊萧活着，人皇密令洪九无论如何告知秦云其妻存活以稳其心境。
灾劫,金仙,悬念设置、设定展开,伏笔、设定,洪九告知秦云无法找到伊萧位置，提出以前世元神三重不敢施、今凡俗身份可试的祈天法阵——需七天、需秦云搜集材料。秦云借巡天盟、万象殿跑六地一夜集齐材料。七天后洪九面色苍白告知秦云：能肯定伊萧活着但境界不够推演不出位置。秦云猜到洪九可能安慰自己，但结合贺谦活捉不合常理及洪九当世推演第一的言之凿凿，信心更足。秦云问张祖师谁能救伊萧，张祖师言需大能（金仙、佛陀、祖龙境、祖巫等）隔空出手，但天庭都管不得的大能，他们请不动。,洪九祈天法阵确认伊萧活着但无法定位，张祖师揭示需金仙佛陀级大能方能隔空救人。
灾劫,祖龙境存在'蒲曲龙君',伏笔深化、悬念设置,伏笔,"秦云想到上古天龙龙形雕刻信物可请其师兄帮忙一次。催发信物联系到一位龙族强者（实力在东海天龙之上），对方虽愿帮但隔着遥远时空无法直接救，且不知伊萧位置。这位龙族强者转荐其师伯""蒲曲龙君""——一位祖龙境大能，赠金色令牌可联系。秦云催发金色令牌，蒲曲龙君现身（盘踞星空、百座山峰布阵），要求秦云准备一件""上品灵宝""再来找他救妻，言毕虚空合拢。",秦云经上古天龙师兄转荐联系到祖龙境大能蒲曲龙君，龙君要求一件上品灵宝方肯出手。
灾劫,秦云的三条路,设定展开、人物心理,情感、设定,"张祖师揭示灵宝分下品/中品/上品/极品四阶，秦云的乾坤环为下品灵宝，上品灵宝价值约十倍于下品；大昌世界仅有三件上品灵宝——灵宝山""周天星辰""（白家老祖）、神魔一脉""裂地星芒铠""（人皇）、东海龙族""星空飞舟""，皆为各脉命根不可得。秦云定下三条寻宝之路：一在本世界搜集情报寻遗迹机缘，二凭凡俗身份前往其他世界（送凡俗相对容易），三追杀妖魔九脉魔神夺宝。张祖师表示各方会帮秦云搜集情报、留意其他世界机会。秦云此后想尽办法搜集古籍情报。",张祖师揭示灵宝四阶品级，秦云定下三条寻宝之路开始全力搜集情报。
灾劫,行走天下（本篇终）,情感展现、悬念设置,伏笔、情感,"数月后除夕，尘霜送来巫姥山搜集的一千二百多本古籍帮秦云寻宝。秦云已学得张祖师最强神通""雷霆之眼""（可看人看妖看宝看气运看因果），从大量古籍中发现三本特殊古籍（含藏宝图及暗藏符箓传承者，传承直指元神三重天极致并记三处藏宝地）。除夕夜秦云独处，施展为庆贺妻子怀孕而自创的剑法第一招""火树银花""——创出时满心欢喜，如今伊萧被掳意境全变凄凉，秦云笑中流泪。次年四月，秦云独自离开广凌城，开始行走天下，时间一年年过去。","秦云学得雷霆之眼神通搜集古籍寻宝，除夕夜施展意境大变的""火树银花""后行走天下，全篇落幕。"
红尘剑仙,十五年后,设定展开、悬念设置,伏笔、设定,秦云离开广凌行走天下已十五年，为寻找云秀仙人洞府耗费三年，前两处地方已排除，判定洞府在黎山城一带概率超八成。秦云以雷霆之眼遥看黎山城，又以道之领域笼罩全城探查，未发现特殊。城内褚家三小姐在酒楼嫌弃秦云落魄模样。褚家老太爷感应到秦云道之领域扫过，心中微惊判断又一位元神三重天巅峰路过，以为只是过客。,秦云行走天下十五年为寻宝藏救妻，在黎山城探查云秀仙人洞府，褚老太爷暗中感应到秦云实力。
红尘剑仙,褚老太爷,悬念设置、人物心理,伏笔、情感,"褚老太爷在府内随意闲逛，以""寻找万余年来感应到的一里范围内的宝物""为由四处查看。秦云开启雷霆之眼地毯式探查黎山城，在褚家施粥棚欣赏褚老太爷积德行善，欲看其功德时却震惊发现褚老太爷非但无功德反而有罪孽之气，且气息恐怖如凶兽、有宝光被灰雾遮掩，判断其实力达元神境巅峰，来历神秘天下间从无耳闻。秦云立即通过巡天令调取褚家详细情报。","秦云雷霆之眼识破褚老太爷的恐怖凶兽气息与神秘来历，发现一条""大鱼""。"
红尘剑仙,半年为期,矛盾展现、人物心理,冲突、情感,"秦云震惊后转为激动，定下""半年为期""暗中盯着褚老太爷查其图谋，半年看不出虚实便灭了他。秦云以道之领域笼罩黎山城外围监视，刻意避开城内以免褚老太爷感应。期间秦云以雷霆之眼发现熊妖等妖怪并顺手灭杀有罪孽者。一个多月后褚老太爷入褚家院子变面容为阴冷老者，强暴一名被掳来的女子后让下人们""同乐""至其死亡，女子撞柱自杀。秦云发现时已晚，强忍怒火继续监视。",秦云定下半年监视计划，褚老太爷暗中作恶令秦云怒火升腾却只能隐忍。
红尘剑仙,英雄？,人物引入、情感展现,人物、情感,褚老太爷出府途中发现一个伪装丑陋的小狐妖，命付先生活捉。付先生与褚梅仑合谋先享用两天再送交老太爷。秦云以雷霆之眼看到小狐妖回到贫民区家中，从邻居议论中得知其丈夫胡斯原为黎山派英雄弟子，因与妖魔重战斗成废人断臂废丹田，亲爹饿死，如今如猪狗般活着。秦云最见不得英雄流血又流泪，决定去见胡斯。,秦云得知胡斯的英雄遭遇与小狐妖被褚家盯上，决定出手帮助这位落魄英雄。
红尘剑仙,狐妖,矛盾展现、情感展现,冲突、情感,秦云拜访胡斯以每月五两银子雇其看门护院，胡斯因不愿连累陌生人婉拒并道出被暗中坏身、不敢离开黎山城的苦衷。秦云以普通利剑释放恐怖剑气震慑胡斯，胡斯惊为不亚于黎山派门主的高手，欣然答应携老母妻子搬入秦云宅子。小狐妖满心不安担心身份暴露。当夜付先生与褚梅仑以阵法围困胡家捉拿小狐妖，付先生传音逼小狐妖出来。,秦云以实力折服胡斯一家搬入宅院，褚家门客付先生与褚梅仑当夜来捉小狐妖。
红尘剑仙,你想多了,战斗描写、转折高潮,战斗、高潮,"小狐妖与付先生、褚梅仑交战不敌被缚，绝望之际秦云现身。秦云以一句话令付先生粉碎化作虚无回归天地，又以同样手段灭杀罪孽深重的褚梅仑。小狐妖震惊秦云一个眼神即杀修行人，怀疑秦云盯上自己另有图图。秦云笑言""你想多了""。",秦云出手灭杀付先生与褚梅仑救下小狐妖，小狐妖误以为秦云另有所图。
红尘剑仙,因果线,战斗描写、设定揭示,战斗、揭示、设定,秦云告知小狐妖出手只因胡斯是英雄不该有如此结局。褚成毅（褚梅仑之父、黎山派长老）感应到儿子护身道符碎裂赶来，秦云主动迎上坦言杀了褚梅仑。褚成毅表面感谢秦云帮其断了红尘因果，秦云开启雷霆之眼看到褚成毅身上浓郁罪孽与一条连接自己的血红因果线（满含恨意杀意），识破其虚伪，一剑刺穿其额头将其杀死，尸体抛在黎山派练武场以试探褚老太爷反应。,秦云以雷霆之眼因果线识破褚成毅虚伪并将其斩杀，扔尸黎山派以打草惊蛇。
红尘剑仙,柳暗花明,转折高潮、悬念设置,伏笔、高潮,"黎山派门主褚洪庆查看褚成毅尸体，判断凶手为实力更强的剑仙。褚洪庆向褚老太爷禀报，褚老太爷下令""大事化小、小事化了""不可触怒对方，令褚洪庆震惊于父亲的隐忍。秦云以雷霆之眼看到这一切，判断褚老太爷如此能忍必有大目标。秦云在宅中画云秀仙人洞府道符，胡斯送饭时认出该道符曾在褚家柴房半空中自然显现，秦云大喜判断洞府入口在褚家柴房。",褚老太爷异常隐忍令秦云更生疑虑，胡斯提供道符线索令秦云找到洞府入口位置。
红尘剑仙,终于出现了！,转折高潮、悬念设置,伏笔、高潮,秦云以虚影显现整个褚家布局，胡斯指认柴房位置。秦云带胡斯穿越褚家阵法如入无人之境进入柴房，以法力抚摸虚空发现隐藏空间节点，强行逼出一层有道符印记的隐藏空间与若隐若现的洞府之门。秦云送胡斯回去后再度前来，回顾十五年寻宝经历（至今仅有乾坤环一件下品灵宝），激发道符开启洞府之门飞入。褚老太爷感应到护心镜剧烈跳动与宝物吸引暴增，红光妖异直接冲入洞府通道。,秦云强行逼出云秀仙人洞府入口并激发道符进入，褚老太爷感应到宝物终于现身紧随其后。
红尘剑仙,云秀仙人的宝藏,装备获取、设定展开,奖励、设定,"秦云进入洞府因激发道符故阵法不攻击，释放道之领域探查半数洞府。云秀仙人留言自述修行三万六千载喜探索域外、设三重考验于后辈。秦云以两界图收走第一座宫殿宝物，破第二座宫殿阵法收宝，破第三座宫殿十重大阵取走灵宝""摇心铃""，又探查整个洞府发现一片摆放域外强者尸体的空地（含一具残缺大巫尸体），将全部宝物收入两界图。褚老太爷硬闯洞府阵法在后方追赶。",秦云通过三重考验收获云秀仙人全部宝藏含灵宝摇心铃与域外强者尸体，褚老太爷紧追不舍。
红尘剑仙,大巫尸体？,设定展开、悬念设置,伏笔、设定,"秦云查看域外强者尸体，判断其中一具残缺高大尸体为传说中的""大巫""（巫之一脉达到天神天仙级数者），以两界图收走全部尸体与最后一处藏宝殿宝物。褚老太爷以蛮力与口中红光不断摧毁洞府阵法追赶。秦云与褚老太爷相遇，褚老太爷释放恐怖气息压迫秦云，以""交出宝物可放你离去并赠机缘""相诱。",秦云收走大巫尸体等全部宝物，褚老太爷追至以威势相逼索要宝物。
红尘剑仙,如梦剑,战斗描写、悟道,修炼、战斗、爽点,"秦云故意示弱套问褚老太爷身份，褚老太爷先谎称鄱云湖妖族虎猖、又谎称转世妖仙，秦云识破其谨慎虚伪。褚老太爷出手，秦云施展新创《如梦剑》第一式""千般恨""（对妻子思念与妖魔恨意化作一剑）撕裂其巨掌。褚老太爷现出百余丈凶兽原形，口中喷出炽热红光，秦云施展如梦剑第三式""明月夜凉""（六年前中秋思念妻子所创）冻结虚空令凶兽速度大降，又施展第四式""阴晴圆缺""（三年前所创最强招）令飞剑穿梭虚空消失出现。凶兽知不敌转头逃命。",秦云以新创《如梦剑》四式压制褚老太爷凶兽原形，凶兽不敌逃命。
红尘剑仙,擒拿,战斗描写、转折高潮,战斗、高潮,"秦云以第四式""阴晴圆缺""追杀凶兽，凶兽变小变坚韧令飞剑仅能造成皮肉伤。凶兽逃出洞府即看到半空中的神霄道人张祖师，吓得破胆欲逃，张祖师以紫色雷霆巨手抓住并封禁凶兽实力。原来秦云进洞府前已传讯请张祖师暗中守候。秦云从洞府飞出赞叹张祖师手段。",凶兽逃出洞府即被张祖师以雷霆巨手擒拿，秦云早已布局请张祖师暗中守候。
红尘剑仙,有情人,情感展现、人物心理,情感,张祖师赞秦云入道不足二十年即达元神三重天巅峰，安慰秦云妖魔掳走伊萧付出大代价不会轻易杀死。张祖师将凶兽宝物（含护心镜等）交给秦云。秦云问及前往其他世界机会，张祖师表示暂无。秦云回宅院以半颗九转灵丹溶于酒中治好胡斯断臂丹田恢复至炼气十一层，胡斯法眼发现妻子是狐妖，秦云劝其珍惜真心，赠镜湖剑诀后离去。胡斯得知秦云即天下第一剑仙。,秦云以九转灵丹治愈胡斯，胡斯发现妻子妖族身份仍选择珍惜，秦云赠剑诀离去。
红尘剑仙,帝君神甲,装备获取、设定揭示,奖励、揭示、设定,"秦云在湖泊旁以两界图展开宝物查看，金色护心镜与云秀仙人洞府中的金色铠甲（头盔、主体铠甲、战靴）自动合为一体。秦云炼化后发现为一套灵宝铠甲缺一双法宝手套共七个部件。张祖师传讯告知审问完毕，秦云前往神霄门。张祖师揭示域外凶兽来自""大滁世界""（被魔神统治的世界），奉命寻找""帝君神甲""部件，大滁世界一位天魔麾下两位大将各持一个法宝手套。",秦云发现帝君神甲为中品灵宝缺一双法宝手套，张祖师揭示凶兽来历与法宝手套在大滁世界。
红尘剑仙,大滁世界,设定展开、环境铺陈,设定,张祖师详述帝君神甲为中品灵宝（抵三件下品灵宝），护心镜为核心可感应其他部件。大滁世界早期开天辟地后被魔神渗透占领改变环境，人族几乎死极少残存者投靠魔神，如今妖族魔神占七成疆域、人族魔神占三成疆域，听命于唯一魔神帝君。法宝手套在梅花君主麾下两位大将手中（一魔神二重巅峰、一魔神三重）。秦云决定前往大滁世界夺宝。,大滁世界设定展开（魔神统治的世界格局），秦云决意前往夺帝君神甲剩余部件。
红尘剑仙,定计,情节推进、人物心理,情感,"张祖师分析秦云有五成把握成功但失败须速逃。秦云以大昌世界难以再寻宝藏、十五年仅一次大收获为由坚持前往，并以残缺大巫尸体加三件超品法宝（遁行符、九天云衣、炼魂锁）与张祖师换取下品灵宝""裂空戟""。张祖师与人皇、白家老祖、摩诃菩萨商定计划：摩诃教遮掩天机、白家老祖教改变气息、人皇教伪装魔神身份、张祖师负责其余并送秦云过去。",秦云以大巫尸体换裂空戟，四位前辈分工指点秦云前往大滁世界的各项准备。
红尘剑仙,降临大滁世界,环境铺陈、转折高潮,设定、高潮,张祖师以大巫尸体配合十二都天神煞大阵炼化。秦云经十九天学习诸般法门，将乾坤环、摇心铃、裂空戟等灵宝交张祖师保管（若一去不回请张祖师庇护秦家并救妻女）。张祖师以紫色雷霆撕开虚空通道送秦云前往大滁世界，秦云钻入虚空缝隙。秦云降临大滁世界黑云翻滚的群山中，施展遮掩天机与改变气息法门令天地元气排斥消失，驾黑风飞行。,秦云将灵宝托付张祖师，经虚空通道降临大滁世界并成功伪装气息。
红尘剑仙,跳板,环境铺陈、矛盾展现,冲突、设定,"秦云驾黑风飞行发现消瘦男子率十二骑士屠戮祁廉部上千族人收集生魂练""十万血魔大法""，秦云以黑风灭杀十二手下后迷魂审问消瘦男子周围千里情报，随后将其粉碎回归天地，以绿色火焰焚化部族尸体。秦云来到铁摩城，决定杀铁摩屠城主（先天二重巅峰）作为跳板获得万象殿资格。",秦云目睹大滁世界弱肉强食的残酷，决定杀铁摩屠城主作为融入大滁世界的跳板。
红尘剑仙,魅青姑娘,人物引入、矛盾展现,人物、冲突,秦云行走在铁摩城感应遍地魔头。城主铁摩屠在殿中搂着美人观看舞姬跳舞，看中天生魔魅之体的魅青姑娘。秦云在城主府前大声挑衅铁摩屠，灰袍老者率数百军士布阵围攻，秦云拔刀一缕刀光斩杀灰袍老者破阵。秦云走到大殿前与铁摩屠对峙，铁摩屠调动城主府阵法倾尽全力。,秦云公开挑衅铁摩屠城主，一招破阵杀执事，铁摩屠调动阵法迎战。
红尘剑仙,瞧他不顺眼,战斗描写、爽点设置,战斗、爽点,"铁摩屠命七位执事布七杀阵试探，秦云不让其出手直接杀向铁摩屠，抓住铁摩屠长棍以蛮力将其砸入殿壁，又以长棍投掷刺穿铁摩屠胸膛将其杀死。众魔头齐拜秦云为新城主，秦云改名""风狼云""、城池改名""风狼城""。秦云因瞧白衣男子白阐不顺眼将其粉碎灭杀，令众魔头忌惮其喜怒无常。秦云以蓝袍老者于执事安排事务，魅青姑娘朝秦云方向走去。","秦云两三招杀铁摩屠成为新城主""风狼云""，因瞧不顺眼灭杀白阐立威。"
红尘剑仙,万象殿的再度邀请,设定展开、人物心理,情感、设定,秦云选两名侍女拒绝众美人，魅青姑娘施展幻魅大法试图魅惑秦云无效被斥退。魅青回魔魅门向师父紫袍美妇人禀报新城主实力极强却对自己无兴趣，师徒担忧魔魅门无靠山命运。次日万象殿以魔晶邀请秦云，魔神使者介绍万象殿势力遍布天下、信奉公平交易（报仇、宝物、美人、成为君主弟子等均可交易）。,魅青姑娘魅惑秦云无效，万象殿主动邀请秦云成为客人。
红尘剑仙,离去,情节推进、悬念设置,伏笔,秦云询问成为梅花君主弟子需一件超品法宝后放弃，购买天下强者情报。蓝袍老者呈上风狼城三百里情报，秦云得知魔魅门六年逃亡至此靠铁摩屠庇护的处境。秦云令魅青为贴身侍女，当晚设宴各方后宣布闭关，暗中离开风狼城直奔万里外的春山城，目标杀贪桐魔神夺第一件法宝手套。,秦云购买情报、收魅青为侍女作掩护，暗中离城前往春山城猎杀贪桐魔神。
红尘剑仙,贪桐家族,环境铺陈、矛盾展现,冲突、设定,秦云化为白发白衣佩剑气息，以雷霆之眼探查春山城（千万人口大城，三大魔神家族统治），确认贪桐魔神不在城内（在梅花山修行），城中仅一位魔神二重天。秦云在街道目睹贪桐岐当街掳走一兽皮衣女子，其夫被白发老者（女子公公）亲手杀死以保全宗派。秦云以护心镜感应全城确认法宝手套不在春山城，决定灭杀贪桐家族全部高层引贪桐魔神回来追查。,秦云目睹贪桐家族恶行与弱者悲惨，决定灭贪桐家族高层引出贪桐魔神。
红尘剑仙,一念灭绝,战斗描写、转折高潮,战斗、高潮,秦云在酒楼等待，夜间以道之领域笼罩贪桐家族府邸瞬间破坏阵法，一个念头令贪桐家族所有高层（含贪桐岐）在同一刹那身体粉碎化作虚无回归天地。秦云随即激发深紫色木牌虚空挪移至三千里外群山，此为张祖师亲手炼制可挪移十次的宝物（第一次使用）。秦云期待贪桐魔神回来追查。,秦云一念之间灭杀贪桐家族全部高层，以虚空挪移迅速撤离隐匿身份。
红尘剑仙,斩杀魔神,战斗描写、转折高潮,战斗、高潮,"春山城沸腾，羽蛊魔神查探后传讯贪桐魔神。贪桐魔神从梅花山赶回春山城愤怒追查。秦云驾黑风飞回，以雷霆之眼监视。秦云释放道之领域瞬间碾压击溃贪桐魔神与羽蛊魔神的道之领域，两口飞剑分别追杀。贪桐魔神被如梦剑第三式""明月夜凉""冻结速度大降，飞剑贯穿头颅而死。羽蛊魔神被完全冻成冰雕后一剑斩杀（顺手灭杀）。",秦云以道之领域碾压配合飞剑斩杀贪桐魔神与羽蛊魔神，夺得第一件法宝手套。
红尘剑仙,最后一件法宝手套,装备获取、悬念设置,伏笔、奖励,秦云以两界图收走两具魔神冰雕尸体，取下贪桐魔神左手法宝手套，以虚空挪移撤离。秦云查探两魔神宝物发现极穷（魔神不擅炼器）。秦云化为风狼云身份飞往曲重城，以雷霆之眼发现曲重魔神（三重天）在城中修行，但护心镜在曲重城全程无感应，判断法宝手套已不在曲重魔神手中。,秦云夺得第一件法宝手套，发现最后一件不在曲重魔神手中，情报有误。
红尘剑仙,无力,人物心理、悬念设置,伏笔、情感,秦云推测法宝手套已被曲重魔神暗中交易给千眼君主麾下的冀兀魔神（三重天巅峰）。秦云沿千眼君主麾下二十六位魔神路线一一以护心镜感应排除，终于在第六位冀兀魔神洞府感应到法宝手套。秦云隔千余里以雷霆之眼窥伺，发现冀兀魔神正炼丹、曲重魔神来助其以九曲神火炼丹三年。秦云面对三重天巅峰冀兀魔神在其老巢内感到无力，借酒消愁流泪，思念妻女。,秦云找到最后法宝手套在冀兀魔神手中，但对方实力太强且在老巢内，秦云一时无计可施。
红尘剑仙,一年时间,悟道、人物心理,修炼、情感、爽点,"秦云在大山木屋中坚持每日练剑练字。第十二天练字写下""渺万里层云，千山暮雪，只影向谁去""时福至心灵，创出如梦剑第五式""一人独行""——融入孤寂、不甘、怒意、悲愤等情绪，触摸天仙门槛，一剑可镇压天地。秦云决定将洞天剑葫百万剑气全部更换为第五式剑气（需一年），以洞天剑葫爆发威力再增近一倍，有七成把握短时间斩杀冀兀魔神。","秦云创出如梦剑第五式""一人独行""触摸天仙门槛，决定用一年灌满洞天剑葫拼一把。"
红尘剑仙,凑齐,转折高潮、战斗描写,战斗、高潮,一年后秦云灌满洞天剑葫百万第五式剑气，以虚空挪移突入冀兀魔神炼丹殿室，拔塞释放百万道剑气形成的毁灭风暴。冀兀魔神以双掌、黑色锁链法宝、三根血梭抵挡，肉身被不断消磨。冀兀魔神向千眼君主求救后弃肉身以元神遁逃，秦云操纵剑气风暴放弃追杀元神转而绞杀肉身手臂夺走金色手套。秦云以两界图收入法宝手套，帝君神甲七部件凑齐。,秦云以洞天剑葫百万剑气风暴重创冀兀魔神，趁其弃肉身遁逃时夺得最后法宝手套。
红尘剑仙,域外道家一脉,转折高潮、设定揭示,揭示、设定、高潮,千眼君主上禀帝君，大滁世界最高统治者湮水帝君（银发银袍女子，天魔中最强者）以木牌虚空挪移赶来。秦云以本命飞剑施如梦剑第三式追杀冀兀魔神元神，冀兀魔神惊觉秦云为道家元神仙人非天仙。曲重魔神趁冀兀魔神虚弱以九曲神火偷袭将其元神烧死夺宝。秦云收走炼丹炉后以虚空挪移撤离。湮水帝君赶到时秦云已逃，曲重魔神告知凶手为域外道家一脉元神境。湮水帝君判断秦云为转世天仙凡俗之身，下令追查。,冀兀魔神被曲重魔神趁火打劫杀死，秦云虚空挪移逃离，湮水帝君追查秦云身份。
红尘剑仙,路过一个世界,战斗描写、爽点设置,战斗、爽点,秦云撕裂虚空通道进入一个天地元气充满生机的世界（道家偏向），恰逢千羽派被火云教围攻灭派在即。秦云飞起被火云教主以火焰袭击，开启雷霆之眼发现火云教主罪孽近乎血光，一掌拍下灭杀火云教主及周围十九人。千羽派众人大喜赞叹秦云为入道高人，秦云化为流光离去继续感应家乡世界。,秦云途经中转世界顺手灭杀罪孽滔天的火云教主救千羽派，随即离去。
红尘剑仙,我终于找到你了！,转折高潮、悬念设置,伏笔、高潮,"秦云在沙漠中以飞剑撕裂虚空通道返回大昌世界神霄门，向张祖师、人皇汇报大滁世界经历，取回灵宝组装完整帝君神甲。秦云回广凌看家人后继续行走天下寻找宝藏。归来第三个月，秦云以雷霆之眼在数百里外城池中发现改头换面的贺谦——秦云从大山之体与因果线认出其身份，咬牙切齿""我终于找到你了""。",秦云回大昌世界组装完整帝君神甲，三个月后以雷霆之眼发现贺谦踪迹。
红尘剑仙,神仙神仙，我答应你,悬念设置、伏笔埋设,伏笔,"贺谦（大山之体、遮掩因果）在裕山郡城操控甘家老祖追杀废人荆非，又暗中帮荆非逃脱以玩弄之。秦云监视发现贺谦行为反常。荆非逃入破庙绝望中拿出木雕小人喊""神仙神仙，我答应你""以性命换取甘家灭门与踏平君山派。贺谦在屋顶看到露出笑容。秦云心中疑惑贺谦图谋。",贺谦操控甘家追杀荆非逼其绝望，荆非答应木雕小人以性命换复仇，秦云监视疑惑。
红尘剑仙,大昌世界，我来了！,转折高潮、设定揭示,揭示、设定、高潮,"木雕小人口吐人言与荆非交易后拉开虚空缝隙，仙衣飘飘身影（魔神墨犬）令荆非念咒引魂魄入轮回，荆非肉身软倒。贺谦现身与墨犬对话，墨犬一缕黑光穿过遥远虚空降临大昌世界荆非肉身内，""荆非""苏醒喊""大昌世界，我来了""。秦云在高空以雷霆之眼看到域外魔神转生全过程，疑惑连续两位魔神转生是否巧合。秦云现身以飞剑冻结虚空、两界图困住贺谦与荆非，六个乾坤环飞出笼罩贺谦。",域外魔神墨犬转生降临大昌世界荆非肉身，秦云现身以两界图与乾坤环围困贺谦与荆非。
红尘剑仙,女儿,战斗描写、转折高潮,战斗、高潮,"贺谦与荆非分开逃，贺谦以黑色魔龙破阵后化紫光逃遁，秦云以如梦剑第五式""一人独行""镇压虚空令黑色魔龙消散，六个乾坤环封禁贺谦（化岩石人亦无法挣脱）。秦云以三个乾坤环追杀荆非（无法力无法宝）将其活捉。秦云以道之领域将周围居民挪移至安全处避免波及，联系巡天盟安置。秦云审问贺谦，贺谦称杀了秦云妻子，秦云谎称已请高人推演妻子还活着，以放生路诱贺谦配合，问女儿下落。",秦云以如梦剑第五式与乾坤环活捉贺谦与荆非，开始审问妻女下落。
红尘剑仙,审问贺谦,转折高潮、悬念设置,伏笔、高潮,"秦云以巫蛊等数十种手段审问三天无果，荆非始终称不知。秦云带二人至神霄门请张祖师、摩诃菩萨、人皇、白家老祖帮忙。张祖师审问一天无果，白家老祖审问一夜无果，摩诃菩萨以佛门经文控制贺谦心智半个时辰令其知无不言。秦云激动问女儿是否还活着，贺谦微笑答""你女儿还活——""话未说完眼中大恐惧，魂魄挣扎离开肉身轰然消散，魂飞魄散。",摩诃菩萨以佛门经文控制贺谦，贺谦刚说女儿还活着即魂飞魄散，审问线索断裂。
红尘剑仙,又是一年,设定揭示、伏笔埋设,伏笔、揭示、设定,"人皇推断贺谦被种下""心魔种子""，其背后魔神世界存在心魔一脉天魔及追随的更强大存在，大昌世界可能面临大灾劫（洪九朱八等九位仙人转世即因预感大灾劫）。秦云审问荆非同样魂飞魄散，但确认妻子女儿尚在人世（贺谦话未说完即死说明伊萧还活着且生下女儿）。秦云更加心焦急迫，继续行走天下寻找宝藏。转眼一年后秦云灌满洞天剑葫剑气，再赴上古天龙宫。",人皇等推断贺谦背后有心魔天魔与大灾劫，秦云确认妻女活着但下落不明，继续寻宝。
红尘剑仙,大世界,设定展开、转折高潮,设定、高潮,"秦云在上古天龙宫以本命飞剑施如梦剑第五式无法破开走廊入口阵法，以洞天剑葫百万剑气破开走廊入口二十六层阵法封禁，但中央大殿金色光罩更强，仅破开一层后残余剑气消散、阵法自动恢复。秦云判断需达天仙境才有希望。秦云前往神霄门决定去其他世界寻宝，张祖师请东海天龙前来，天龙推荐明耀大世界内的""古虞界""（明耀大世界顶尖宗派试炼弟子之地，有众多宝藏）。",秦云以洞天剑葫破开天龙宫走廊阵法但中央大殿更强，决定前往明耀大世界古虞界寻宝。
红尘剑仙,"出发,明耀大世界（本篇终）",转折高潮、悬念设置,伏笔、高潮,东海天龙详述大世界与小世界体系（大昌世界天仙飞升目的地为明耀大世界），古虞界为明耀大世界顶尖宗派试炼之地有众多宝藏。东海天龙请同族镰阳龙王帮忙，镰阳龙王以六颗紫木珠换一件下品灵宝的条件答应送秦云进入古虞界（景玉宫试炼名额）。秦云将灵宝交张祖师保管，东海天龙与张祖师联手撕裂虚空通道送秦云前往明耀大世界。秦云抵达镰阳龙宫行礼后持地图与令牌出发前往景玉宫，心中亦惦记儿子孟欢是否已飞升至此。,秦云经东海天龙与镰阳龙王安排抵达明耀大世界，持令牌出发前往景玉宫进入古虞界试炼，第九篇《红尘剑仙》完整落幕。
天仙境,试炼弟子们,环境铺陈、设定展开,设定,秦云施展化虹之术抵达明耀大世界顶尖宗派景玉宫，等待前往古虞界试炼。景玉宫派银发白袍天仙带领二十八位试炼弟子（含秦云等五位外来者）出发，景玉宫弟子对外来者颇有微词；秦云与同为凡俗层次的牛妖结伴，双方约定进入古虞界后一起行动、各凭本事得宝。一行人驾云穿过六重云层抵达古虞界。,古虞界试炼背景展开，秦云以景玉宫名额进入试炼队伍。
天仙境,古虞界内,设定展开、环境铺陈,设定,"银发天仙向试炼弟子分发""大挪移令""，讲解其用法：第一次催发挪移进入古虞界，第二次催发挪移出来，一念即可催发逃命，但出来即试炼结束；古虞界内最多待三年。众人看到悬浮的""云榜""——数十万年来在古虞界得宝排名前一百的试炼弟子名单，排第一的觉力罗汉、第二的东秀道人、第三的真如仙人等皆了不得。红玉师姐（击败过天魔的元神三重天）率众分散行动，秦云与牛妖一起开始探索。",大挪移令保命机制与云榜体系设定展开，古虞界试炼正式开始。
天仙境,聪明选择,转折高潮、人物心理,情感、高潮,秦云以雷霆之眼发现三百余里外有宝气，与牛妖前往破阵取宝，获得两斤极品阴铁石（十块），牛妖仅得两块。牛妖嫉妒之下施展道之领域（十里）逼迫秦云交出宝物，秦云反展露道之领域三十里碾压牛妖，夺走牛妖的两块阴铁石及一对大斧。牛妖灰溜溜离去，秦云开始独自探索古虞界。,秦云展露道之领域三十里实力，与牛妖分道扬镳独自行动。
天仙境,孟欢,人物引入、伏笔埋设,人物、伏笔,"秦云独自探索古虞界，立志凑齐三件下品灵宝以救妻子伊萧。与此同时，在古虞界另一处沙漠上空，孟欢（秦云一梦百年第二世之子）作为玉鼎门弟子与两位同门（干瘦男子、青衣女子）一同试炼。孟欢飞升明耀大世界后拜入玉鼎门，此行刻意控制实力夺得名额进入古虞界，最渴望的是找到父亲，计划得到足够宝物后请""无眼老人""推演父亲所在。",孟欢作为玉鼎门弟子登场，其寻父心愿为后续父子相认埋下关键伏笔。
天仙境,好心帮忙,人物引入、矛盾展现,人物、冲突,秦云探索古虞界三个月，期间观察铜鼎山等危险之地。一日秦云在湖边休息时遭黑袍老者（魔道修行人）以八十魔兵（个个媲美先天金丹）围逼打劫，景玉宫三位元神境弟子陆凡（青衣男子）、虞燕（白衣女子）、俊俏少年赶到出手相助，逼退黑袍老者。秦云随后展露道之领域三十里，令三位元神境弟子吃惊。,景玉宫三位元神境弟子（陆凡、虞燕等）登场，秦云展露实力令其震惊。
天仙境,太上一脉？,设定展开、悬念设置,伏笔、设定,秦云以一口青叶飞剑追击逃跑的黑袍老者，轻易破开其八十魔兵阵法，逼其交出一件半超品法宝价值的宝物后放行。陆凡询问秦云是否为剑仙一脉，秦云承认。陆凡推测秦云可能是太上一脉嫡传剑修，讲解道家三清（太上、元始、灵宝）及剑仙一脉为太上道祖所创的传说。秦云坦言自己修行的只是凡俗层次剑仙法门，令众人惊愕。,道家三清三脉体系及太上一脉嫡传剑修设定展开，秦云凡俗剑仙身份引发众人同情。
天仙境,我是灵宝一脉,悟道、人物心理,修炼、情感、爽点,"陆凡详细讲解太上一脉剑修收徒极苛刻，两位金仙大能征战三界杀过数位祖魔。秦云明白自己属灵宝一脉（大昌世界灵宝道祖讲道），太上一脉不可能抢弟子，道祖传道也不可能，唯有""自创""剑仙元神境法门一条路。秦云决心自创法门，以张祖师自创神霄雷法天仙层次法门为榜样，立志先凝练元神再创天仙层次法门。随后秦云发现东方八百里外有冲天宝气，决定前往探查。",秦云断绝拜师念想，坚定自创剑仙法门的决心，为后续修行埋下重要伏笔。
天仙境,陆凡和秦云,矛盾展现、悬念设置,伏笔、冲突,秦云抵达宝气所在群山，发现道家、魔神、龙族三方元神境分别看守此地，禁止外人进入。秦云尝试冲入被灰袍魔神拍飞，在边缘结识凡俗老者鲁游。陆凡因师妹虞燕被魔神活捉逼迫探路，独自潜入险地救人，遭到两位三重天魔神追杀。陆凡与秦云传讯联系，秦云得知虞燕被俘，表示将潜入帮忙救人。陆凡劝秦云不要送死。,三方强者围堵大宝藏，陆凡为救师妹虞燕孤身犯险，秦云决意潜入相助。
天仙境,飞剑出!,战斗描写、转折高潮,战斗、高潮,"秦云再次冲向群山，灰袍魔神出手阻拦，秦云以本命飞剑""烟雨剑""施展如梦剑第五式""一人独行""，一招斩杀灰袍魔神；再以如梦剑第四式""阴晴圆缺""穿梭虚空斩杀又一位二重天魔神。九位魔神死二逃四，仅剩两位一重天魔神躲在两位三重天魔神身旁。持刀三重天魔神全力一击""问天魔刀""被秦云的""周天剑光光罩""轻松挡下。在场各方势力震惊于秦云这位凡俗剑仙的恐怖实力。",秦云一招斩杀二重天魔神展露恐怖实力，震惊全场各方势力。
天仙境,深入,环境铺陈、悬念设置,伏笔、设定,秦云无视四位魔神，沿着陆凡钻进的洞穴冲入地下巢穴。巢穴通道密布犹如巨大迷宫，秦云以道之领域、雷霆之眼、剑之天地三重手段小心探查，遭遇残存阵图激发的黑色电蛇群，以青叶飞剑的周天剑光光罩轻松抵挡。陆凡在迷宫中焦急寻找虞燕未果，秦云以雷霆之眼遥遥发现陆凡气息，主动跟了上去。,秦云深入地下巢穴（火鸦巢穴），以三重手段小心探查，追踪到陆凡。
天仙境,救人,战斗描写、转折高潮,战斗、高潮,"秦云与陆凡会合，以雷霆之眼发现五十里外魔神们逼迫俘虏探路，虞燕在其中。秦云将本命飞剑""烟雨飞剑""交给陆凡随身携带，陆凡感激接受。陆凡冲向魔神们拼命救人，秦云操纵飞剑在关键时刻从虚空中出现，一招轰杀二重天巅峰魔神，其余四位魔神吓得立即施展大挪移令逃走。虞燕等俘虏获救，陆凡与虞燕相拥而泣。",秦云借飞剑给陆凡，一剑斩杀二重天巅峰魔神，成功救出虞燕等俘虏。
天仙境,凑齐大半,转折高潮、情感展现,情感、高潮,陆凡与虞燕相认心意，决定出去后结为夫妻。秦云查探三位魔神遗留宝物，收获接近一件半下品灵宝，加上之前收获已达两件下品灵宝，三件下品灵宝目标凑齐大半。俘虏们感激秦云救命之恩，秦云给他们传讯令以便通知外界安全。虞燕告知两处特殊地点：巫之祭坛（擅咒术大巫尸体，靠近十丈即死）和一座无法打开的洞天。,秦云宝物收获大增，虞燕告知巫之祭坛与神秘洞天两处特殊地点。
天仙境,洞天之内,设定展开、悬念设置,伏笔、设定,秦云给虞燕一块大挪移令，虞燕带路先看巫之祭坛（大巫尸体外放咒术可怕，秦云决定远离），再至洞天入口。秦云以烟雨飞剑强行轰破洞天大门（魔神们无法打开），进入洞天。洞天内是十里桃花林，中央有小院，雷霆之眼观看到院内有宝光（至少两件下品灵宝）及一具天仙尸体。,秦云强行轰破洞天大门进入，发现桃花林洞天内藏有宝物与天仙尸体。
天仙境,桃树下的白袍人,战斗描写、转折高潮,战斗、高潮,秦云以青叶飞剑破桃林阵法，阵法崩溃后一株桃树化为银甲女将士（元神三重巅峰实力的护法神将）拦阻。银甲女将士施展树根围攻秦云，秦云以周天剑光光罩抵挡。银甲女将士警告秦云不可亵渎主人尸体，秦云承诺只为宝物。银甲女将士推开院门，秦云看到桃树下白袍人盘膝而坐，已死去，面前有条桌书籍画卷。,秦云破桃林阵法，遭遇护法神将银甲女将士，见到白袍人尸体。
天仙境,蝴蝶图,设定展开、伏笔埋设,伏笔、设定,"白袍人留下临死前场景影像，自称""房荣""，天仙，来古虞界争夺""九鸦上仙""宝藏（九鸦上仙仗先天灵宝""量天尺""击败过金仙佛陀，被十巫之一""巫罗""咒杀）失败身死。房荣托秦云将来杀""鹰魔王车桀""（天妖六重天，灭其家乡）以结因果，秦云接受。房荣遗留宝物：一件中品灵宝笛子、乾坤袋及一幅""蝴蝶图""——大能所画，蝴蝶飞行轨迹蕴含天地至理。秦云观看蝴蝶图，过去参悟剑道的困惑被解开。",白袍人房荣遗留蝴蝶图等宝物，秦云受因果承诺杀鹰魔王，开始参悟蝴蝶图。
天仙境,突破，天仙境（上）,悟道、转折高潮,修炼、高潮、爽点,秦云完全沉浸于蝴蝶图，蝴蝶飞行轨迹令其推演出上千剑招，黑暗大地则令其压抑吐血。二者一阴一阳对比强烈又完美一体，秦云感悟良多。同时外界地下巢穴深处传来巨大轰鸣，群山上空三方强者（龙族、道家、魔神）纷纷进入地下巢穴探查，凡俗们在外观望。,秦云沉浸参悟蝴蝶图收获巨大，外界三方强者因地下轰鸣纷纷进入巢穴。
天仙境,突破，天仙境（下）,悟道、转折高潮,修炼、高潮、爽点,"地下巢穴爆炸，十里范围山脉化为齑粉，宝光显现，吸引更多元神境赶来。洞天内的秦云毫无察觉，继续参悟蝴蝶图，突破那一层窗户纸，道之领域达到一百里，剑道跨入天仙境。秦云创出如梦剑第六式""初见霹雳""——温柔如春风细雨却蕴含本质蜕变，一剑（未动法力）令洞天震颤。银甲女将士震惊，认为秦云积累比其主人还浑厚。秦云在桃林中练剑验证。玉鼎门弟子（含孟欢）也赶到群山一带。","秦云观看蝴蝶图突破天仙境，道之领域达一百里，创出如梦剑第六式""初见霹雳""。"
天仙境,欢儿！,情感展现、转折高潮,情感、高潮,"秦云练剑后辞别银甲女将士离开洞天，洞天随后崩塌，银甲女将士捏碎命符与主人房荣尸体一同湮灭于空间风暴中。秦云在地下巢穴中感应到外界打斗波动，以雷霆之眼观察外界混战，意外发现战场边缘有三位元神境结阵，其中白衣清冷青年正是儿子孟欢。秦云眼泪忍不住，激动低语""欢儿""。",秦云以雷霆之眼意外发现儿子孟欢，父子即将相认。
天仙境,宝塔,环境铺陈、悬念设置,伏笔、设定,秦云仔细观察儿子孟欢（元神二重天巅峰），又发现混战缘由：五十余里外深坑中有一座七层宝塔出世，塔角悬挂大量宝物（第三层天材地宝、第四层超品法宝、第五层下品灵宝、第六层中品灵宝、第七层上品灵宝）。道家、佛门、魔宗等各方元神境围攻宝塔封禁并混战。孟欢三人被魁梧魔神（三重天巅峰）以红铜长棍逼迫陷入险境。秦云化为孟一秋模样，施展化虹之术出手相救。,宝塔出世引发诸多元神境混战，孟欢陷入险境，秦云化孟一秋出手相救。
天仙境,熟悉的身影,战斗描写、转折高潮,战斗、高潮,"秦云以如梦剑第六式""初见霹雳""穿过战场，击溃一位道袍青年的拂尘阻拦，飞剑直奔孟欢处。秦云以""阴晴圆缺""""明月夜凉""""初见霹雳""连番攻击魁梧魔神，将其重伤逼退。孟欢认出秦云身影，喃喃喊""爹""。秦云夺走红铜长棍，孟欢同门（青衣女子、干瘦男子）震惊于秦云这位凡俗剑仙媲美天仙的实力。",秦云重创魁梧魔神救下孟欢，孟欢认出父亲身影。
天仙境,恭喜孟师弟,情感展现、人物引入,人物、情感,"秦云继续攻杀魁梧魔神，逼其施展大挪移令逃离古虞界。孟欢与秦云眼神相对，秦云唤""欢儿""，孟欢应""爹""，父子正式相认。孟欢向同门介绍父亲，青衣女子、干瘦男子震惊。玉鼎门三位元神三重天弟子（雪筠、白一谷、裴潮）主动上前交好，称""恭喜孟师弟""。孟欢受宠若惊，因这三位师兄师姐此前并不太在意他。",秦云与孟欢父子正式相认，玉鼎门三位元神三重天弟子主动交好。
天仙境,上禀,设定展开、伏笔埋设,伏笔、设定,裴潮向雪筠、白一谷传音说明孟欢父亲飞升仅数年就媲美天仙的恐怖天资，三人判断秦云将来必成天仙七重天一方霸主，决定禀报宗门招揽。秦云表明并非太上一脉剑修，带孟欢到一旁以道之领域隔绝细说。秦云询问孟欢飞升后经历，得知孟欢母亲（龚燕儿）和姑姑（孟玉香）因未跨入先天已去世数十年，孟欢有五个孩子。玉鼎门掌门（山羊胡道人，天仙八重天）得知消息后决定亲往查看。,玉鼎门弟子禀报宗门秦云消息，掌门决定亲往招揽；秦云与孟欢叙旧。
天仙境,争夺,战斗描写、爽点设置,战斗、爽点,"秦云与孟欢叙旧后，玉鼎门三位弟子催促参与宝塔争夺。宝塔第四层封禁破开，超品法宝四散，秦云出手夺得部分宝物。秦云与玉鼎门弟子联手，以青叶飞剑周天剑光抵挡巫神""翦""、玉魔君等天仙级战力。玉鼎门掌门（山羊胡道人）与师弟（胖道人，天仙六重天）商议招揽秦云入元始一脉，计划让其转世后由掌门亲自接引点醒前世记忆。",宝塔第四层破开，秦云参与争夺超品法宝；玉鼎门高层商议招揽秦云。
天仙境,离去,转折高潮、装备获取,奖励、高潮,"雷音寺""十方罗汉""（修行如来大神通""掌中佛国""）进入古虞界参与争夺。宝塔最终层封禁破开，三件上品灵宝（飞舟、甲铠、金印）四散。红玉仙子（击败过天魔的景玉宫弟子）夺甲铠，秦云夺金印（即""小番天印""，价值二十件下品灵宝），十方罗汉以""掌中佛国""神通夺走宝塔本体。小猿魔出手抢夺秦云等人宝物，秦云以周天剑光挡住一击后施展大挪移令离去。秦云名列云榜第九十九，十方罗汉名列第九十二。","秦云夺得上品灵宝""小番天印""，名列云榜第九十九，宝塔争夺落幕。"
天仙境,身份,情感展现、设定揭示,情感、揭示、设定,"秦云与孟欢大挪移出古虞界，进入景玉园歇息。银发天仙（叶长老）传音让秦云等所有试炼弟子出来后一同回景玉宫。秦云向孟欢坦白""一梦百年""机缘——秦云本是大昌世界修行人，得机缘一梦百年转世两个世界，其中在孟欢家乡""冰霜世界""待了数十年，孟一秋是其转世身份，后回归大昌世界肉身。秦云隐瞒了养子秘密，称孟欢为亲生。孟欢恍然，明白父亲""中毒后""突飞猛进的原因。玉鼎门掌门（山羊胡道人）与胖道人前往景玉园见秦云。",秦云向孟欢坦白一梦百年转世经历，父子叙旧；玉鼎门掌门前往景玉园。
天仙境,邀请,人物引入、悬念设置,人物、伏笔,"玉鼎门掌门（山羊胡道人，天仙八重天）与太上一脉""赤侠剑仙""（天仙六重天，剑仙一脉近乎无敌）先后到达景玉园。赤侠剑仙感知到陌生剑道，欲招秦云入太上一脉剑修；玉鼎门主欲招秦云入元始一脉。两位大佬竞相争夺，秦云表明自己来自大昌世界（灵宝道祖曾化身讲道），属灵宝一脉。两位大佬遗憾，各留一枚信符给秦云，供其转世投胎时接引点醒前世记忆。秦云还大挪移令给银发天仙，与孟欢告别，以天仙境实力自行撕裂虚空通道返回大昌世界。",玉鼎门主与赤侠剑仙竞相争夺秦云未果，各留信符；秦云告别孟欢返回大昌世界。
天仙境,再见蒲曲龙君（本篇终）,转折高潮、悬念设置,伏笔、高潮,"秦云回到大昌世界神霄门见张祖师，拿出上品灵宝""小番天印""（仿先天灵宝""番天印""所炼制，价值二十件下品灵宝）。张祖师劝秦云勿将小番天印直接给蒲曲龙君，用半天时间联系十余位其他世界天仙好友，将小番天印换成普通上品灵宝""戎金斧""及补差价。东海天龙赶来，得知秦云突破天仙境后震惊。秦云将两颗紫木珠托东海天龙转交镰阳龙王，镰阳龙王回赠一颗龙珠（助真龙境修炼龙躯）。秦云持蒲曲龙君令牌催发，虚空拉开缝隙，见到比星辰还庞大的蒲曲龙君，双手捧戎金斧躬身请龙君救妻子伊萧。",秦云换得上品灵宝戎金斧，请蒲曲龙君出手救妻伊萧，第十篇《天仙境》完整落幕。
灭蛮祖教,召集,设定展开、情节推进,设定,"蒲曲龙君透过虚空收取秦云上品灵宝戎金斧，告知秦云其妻伊萧被囚于一座小世界内，天道所限龙君真身无法降临，遂赐秦云""大挪移道符""（可施展两次）及虚空标记，秦云感应到伊萧被囚于大昌世界蛮祖教内部洞天。神霄道人张祖师提议秦云救妻后从内部摧毁蛮祖教阵法，里应外合灭蛮祖教，并召集摩诃菩萨、白家老祖、东海天龙、天妖宫主齐聚神霄门。",蒲曲龙君赐大挪移道符，张祖师召集大昌世界顶尖存在谋划灭蛮祖教。
灭蛮祖教,妻子伊萧,情感展现、设定展开,情感、设定,伊萧被囚于蛮祖教洞天内六界绝天大阵已十九年，回忆被贺谦夺走女儿送至魔神世界、后由魔神黄崇看守的经过，心中思念女儿绝望欲死。神霄门内张祖师等六位顶尖存在齐聚，布置里应外合灭蛮祖教计划，天妖娘娘叮嘱秦云保护好伊萧。秦云催发大挪移道符消失，张祖师等随即赶赴蛮祖教。,伊萧十九年被囚经历揭示，大昌世界众强者出发赴蛮祖教。
灭蛮祖教,星如雨,情感展现、悟道,修炼、情感、爽点,"秦云大挪移至六界绝天大阵内与伊萧团聚，一缕烟雨从内部摧毁六界绝天大阵。魔神黄崇感应到入侵者，施法打开禁地后惊见秦云，捏碎令符报警后逃遁，被烟雨飞剑一招穿透胸膛击杀。秦云压抑十九年的情绪爆发，烟雨飞剑化作流星如雨扫灭蛮祖教大批弟子，秦云就此创出如梦剑第七式""星如雨""（最后一式），如梦剑七式齐全，剑道境界提升。","秦云与伊萧团聚，创出如梦剑第七式""星如雨""，剑道境界提升。"
灭蛮祖教,灭!,战斗描写、转折高潮,战斗、高潮,伊萧告知女儿出生即被贺谦送至魔神世界，秦云安抚妻子并承诺再请蒲曲龙君帮忙救女。秦云解除伊萧体内封禁，以两界图收取洞天内蛮祖教宝物，一剑摧毁洞天膜壁携妻离开。蛮祖教老巢内蛮祖教主（独角牛魔）、猴老祖、羊角老魔三魔得知洞天内弟子全灭，隐秘府邸内的鹫虎天魔亦察觉。秦云携妻从虚空飞出现身蛮祖教，一声怒喝施展天仙境道之领域，数万蛮祖教弟子尽皆分解化作虚无，仅魔神雕像庇护百丈内核心成员。,秦云摧毁囚禁伊萧的洞天，现身蛮祖教施展道之领域灭杀数万弟子。
灭蛮祖教,百柄剑器,战斗描写、设定展开,战斗、设定,"秦云以烟雨飞剑施展如梦剑第五式""一人独行""攻打蛮祖教教派大殿，蛮祖教数十万年完善的阵法层层黑光庇护大殿。猴老祖施展蛮祖教困敌第一的""八门魔刀阵""围困秦云，秦云取出下品灵宝""重水剑""分化百柄剑器构成""周天剑光""完美抵挡。张祖师等六位已抵蛮祖教外数百里，施展雷霆之眼、天眼通观战。",秦云以重水剑百柄剑器施展周天剑光抵挡八门魔刀阵，张祖师等在外观战。
灭蛮祖教,牛魔之躯,战斗描写、转折高潮,战斗、高潮,"秦云以烟雨飞剑施展""一人独行""破开蛮祖教大殿六层黑光，独角牛魔出大殿施展《大力牛魔体》化身高一里多庞大身躯，借""牛魔踏天阵""力量汇聚一身实力飙升。秦云以最锋利的""星如雨""刺入独角牛魔后背仅两丈深仍在肌肉层，独角牛魔决定与秦云拼法力消耗，令猴老祖以八门魔刀阵困住烟雨飞剑，自己持续攻击秦云真身逼其消耗灵宝法力。",蛮祖教主借牛魔踏天阵化身庞大牛魔，秦云最强一剑无法穿透其肌肉层，双方陷入法力消耗战。
灭蛮祖教,蛮祖教主的弱点,战斗描写、悟道,修炼、战斗、爽点,"秦云连续十二次攻击独角牛魔肉身无破绽，发现其头颅脖颈最强、前胸后背仅皮肉伤。秦云识破蛮祖教主借外力的弱点——体表有阵法加持但心脏仅三重天魔神层次，遂施展如梦剑第六式""初见霹雳""，温柔阴柔之剑渗透体内直达心脏爆发，令蛮祖教主心脏碎裂数十瓣、单膝跪地吐血。蛮祖教主捏碎枯黄木牌飞遁速快十倍逃入大殿，传音求鹫虎天魔出手。","秦云以""初见霹雳""阴柔之剑渗透体内重创蛮祖教主心脏，识破其借外力的致命弱点。"
灭蛮祖教,魔神世界的帝君,人物引入、悬念设置,人物、伏笔,秦云第三剑再伤逃遁中的蛮祖教主，蛮祖教主跌倒爬入大殿黑光庇护，心脏碎成数十瓣。蛮祖教主三魔求鹫虎天魔出手，鹫虎天魔将此事禀告魔神帝君。帝君（奎弗）隔着遥远时空现身，两根弯角被黑暗笼罩，下令毁掉蛮祖教布置的一切不留痕迹，令四魔放弃蛮祖教逃命。蛮祖教主三魔不愿逃命，以揭发神秘阵法秘密威胁帝君，帝君被迫妥协。,魔神帝君奎弗登场，蛮祖教主三魔以阵法秘密威胁帝君，被迫帝君妥协。
灭蛮祖教,为了活命,矛盾爆发、人物心理,冲突、情感,"蛮祖教主三魔与帝君讨价还价，拒绝逃命，要求鹫虎天魔出手抵挡秦云以保住蛮祖教及帝君的阵法。三魔分析逃命成功不足一成，且若逼急可将阵法一切告知神霄道人。帝君暗恼三魔放肆但被要挟，最终令鹫虎天魔听三魔之计保蛮祖教，若保不住则""激发阵法""提前发动。鹫虎天魔暗中决定尽量拖延时间为帝君调动军队争取准备。",蛮祖教主三魔为活命逼迫帝君，帝君被迫下令提前发动神秘阵法。
灭蛮祖教,鹫虎天魔的实力,战斗描写、人物引入,人物、战斗,"鹫虎天魔从隐秘府邸走出，释放滔天魔气，自称域外魔神重伤滞留大昌世界，肉身比蛮祖教主更强。秦云操纵烟雨飞剑以完善后的""一人独行""一击溃散鹫虎天魔双月魔刀远攻，又以星如雨、初见霹雳等招数变幻围攻，打的鹫虎天魔仅能艰难防守。鹫虎天魔传音急催蛮祖教主，坦言秦云太强飞剑威力还在不断提升。",鹫虎天魔出手不敌秦云，被多式剑招围攻仅能防守，秦云实力远超其预料。
灭蛮祖教,乾坤世界,战斗描写、设定展开,战斗、设定,"秦云以六个乾坤环构成""乾坤世界""阵法困住鹫虎天魔，烟雨飞剑悄然退走。鹫虎天魔双月魔刀狂攻不破乾坤世界，蛮祖教主令猴老祖以八门魔刀阵围攻乾坤世界亦不破。秦云改以青叶飞剑（超品法宝）施展周天剑光抵挡八门魔刀阵，负担大减。秦云信心十足，操纵烟雨飞剑继续狂攻教派大殿，蛮祖教主等焦急万分，鹫虎天魔被逼传音帝君请求激发阵法。",秦云以乾坤世界困住鹫虎天魔，青叶飞剑抵挡八门魔刀阵，局势完全掌控。
灭蛮祖教,提前发动,转折高潮、设定揭示,揭示、设定、高潮,鹫虎天魔激发蛮祖教地底神秘阵法，阵法浮现金色符纹，恐怖光柱冲天撕裂出庞大黑洞漩涡连接魔神世界，形成稳定的大型世界通道。秦云施展烟雨飞剑狂攻光柱不破。六臂域外魔神从黑洞艰难爬入开始补全阵法，光柱扩张包裹教派大殿庇护蛮祖教残余。张祖师等六位察觉，张祖师判断非一般魔神帝君，原计划数十年后开启容纳天魔进出的通道。秦云吞九转灵丹恢复法力，操纵烟雨、鸳鸯、青叶三口飞剑全力破阵。,蛮祖教地底世界通道阵法提前发动，大型黑洞漩涡连接魔神世界，秦云全力破阵。
灭蛮祖教,魔神帝君的两位弟子,人物引入、战斗描写,人物、战斗,秦云操纵三口飞剑从内部破坏蛮祖教阵法，以道之领域庇护被阵法困住的凡俗村民。黑洞漩涡中牛头魔神、狼头魔神两位帝君亲传弟子爬入，二人均为能越阶而战媲美天魔的三重天魔神，联手出击。秦云以青叶飞剑迎战，二人刀爪合力挡下飞剑，施展水火结合联手绝招一击令周天剑光震颤但未破。二人见无法杀秦云，转而飞去救鹫虎天魔。,魔神帝君亲传弟子牛头魔神、狼头魔神登场，联手一击与秦云旗鼓相当。
灭蛮祖教,踏平蛮祖教,转折高潮、战斗描写,战斗、高潮,秦云召回乾坤环放走鹫虎天魔，操纵四口飞剑疯狂破阵。三魔（鹫虎、牛头、狼头）卷土重来围攻秦云，秦云以重水剑百柄剑器周天剑光抵挡。黑洞漩涡中魔神护卫以六人一队源源不断涌入，三支魔神小队（十八位）加三魔围攻秦云至极限。张祖师传音秦云做得够了，紫色雷霆摧枯拉朽破阵杀入，庇护住所有凡俗。三魔及魔神小队逃回光柱内，蛮祖教被踏平，妖魔九脉变八脉。,张祖师等破阵杀入，蛮祖教被踏平，妖魔九脉变八脉。
灭蛮祖教,大昌世界和魔神世界的碰撞,战斗描写、矛盾展现,冲突、战斗,张祖师等五位结阵以紫色雷霆攻魔神，魔神六支小队（三十六位）穿灭绝神甲结成小灭绝法阵抵挡。两座小灭绝法阵形成后，张祖师等仅占微弱优势。蛮祖教主三魔趁大战混乱借虚空挪移宝物逃走。秦云焦急，张祖师传音称故意示敌以弱引魔神深入，待凑近一百零八位时提前灭杀。伊萧叮嘱活捉魔神以查女儿下落。,两座小灭绝法阵与大昌世界五强者交战，蛮祖教主三魔趁乱逃走，张祖师故意示弱。
灭蛮祖教,你会后悔的!,转折高潮、悬念设置,伏笔、高潮,"魔神帝君在魔神世界宫殿内观战，身边近百位天魔及独角孩童（心魔天魔）。张祖师第二元神（青袍中年道人）现身，与本体以紫色道符为太极双眼构成庞大太极图，施展""雷罚""（黑白二气缠绕紫色雷霆）一击灭杀一座小灭绝法阵十五位魔神，又连续降雷灭杀鹫虎天魔、牛头魔神及大批护卫，仅狼头魔神逃回。七十五位魔神被封禁活捉。魔神帝君隔着世界通道称秦云女儿被""随手捏死""，秦云誓言""你会后悔的""。帝君关闭崩溃的世界通道。",张祖师第二元神施雷罚灭杀大批魔神，魔神帝君称秦云女儿已死，秦云立誓报复。
灭蛮祖教,女儿和尊者,人物引入、伏笔埋设,人物、伏笔,"蛮祖教被灭消息传遍大昌世界，其余妖魔八脉不安。蛮祖教主三魔在荒山中分道扬镳：蛮祖教主与羊角老魔踏上域外星空，猴老祖留大昌世界隐匿。魔神帝君回忆十多年前黄袍尊者（黄毛发道袍男子）凭空出现带走女童一幕，帝君吓得跪伏称""尊者""，黄袍尊者带走女童后帝君杀死两名目睹的侍女灭口。独角孩童察觉帝君撒谎，女儿未被捏死。",蛮祖教主三魔分道扬镳，魔神帝君回忆黄袍尊者带走女童真相，女儿仍活着。
灭蛮祖教,我没法救她！,转折高潮、悬念设置,伏笔、高潮,"神霄门分配战利品，张祖师分五成、秦云三成、其余五位平分两成。审问魔神护卫得知帝君名奎弗，女童""触怒帝君被杀""但无人亲眼见。张祖师指出帝君杀女童不必连侍女也杀，疑点明显。秦云催发蒲曲龙君令牌献小番天印求推演，龙君顺因果线查得女儿在天狼界仍活着，却称""我没法救她，要救靠你自己""并恼怒合拢虚空，未取走小番天印。张祖师惊道""天狼界？是黄袍尊者？""",蒲曲龙君推演得知秦云女儿在天狼界仍活着，龙君称没法救，张祖师点出黄袍尊者。
灭蛮祖教,黄袍尊者,设定展开、人物引入,人物、设定,"张祖师详解黄袍尊者来历：上古天庭时期大妖，灵宝道祖亲传弟子，西方白虎七星宿之首""奎木狼""，肉身成圣法门天妖九重天，极擅近战搏杀不亚于大能者。因妻儿皆亡（牵扯天庭佛门）性情大变反下天庭，独自居住天狼界，曾捉龙族研究血脉与龙族关系极差，整个三界只有灵宝道祖能让他听话。张祖师推断魔神帝君撒谎是因黄袍尊者带走女童，帝君为面子遮掩。",黄袍尊者完整来历揭晓，秦云女儿在其手中，处境危险。
灭蛮祖教,自创剑仙法门?,装备获取、伏笔埋设,伏笔、奖励,张祖师给秦云信物若赴天狼界可联系求助。秦云夫妇回广凌秦府，请教洪九、朱八救女之法，二人均无良策唯有赴天狼界摸清虚实。张祖师带来明耀大世界金光派掌门余通（天仙八重天，灵宝一脉弟子），余通赠秦云《碧云仙法》（直通天仙九重天道家正统法门）及三册剑修一脉零星记载典籍。张祖师指出若秦云自创出元神境剑仙法门，灵宝道祖十有八九收其为徒，黄袍尊者不会对碧游宫弟子女儿下毒手。,秦云获《碧云仙法》及剑修典籍，决心自创元神境剑仙法门以拜入碧游宫救女儿。
灭蛮祖教,元神是一柄剑,悟道、设定揭示,修炼、揭示、设定、爽点,"秦云闭关参悟《碧云仙法》半年，修行""诸天云衣""等法术，翻阅三册剑修典籍得知关键启示——剑仙凝练元神不同于正常道家，元神是一柄剑。秦云据此确定凝练元神方向，自创出一套凝练剑仙元神的法门，有少许把握。秦云决定赴西海上古天龙宫散心反思，计划年后尝试凝练元神。腊月二十七秦云离开广凌前往西海。","秦云从剑修典籍得知""剑仙元神是一柄剑""，确定凝练元神方向，自创法门初成。"
灭蛮祖教,西海的那头上古天龙,环境铺陈、伏笔埋设,伏笔、设定,"秦云赴西海上古天龙宫，以完善后的""星如雨""两剑破开中央大殿二十六层阵法封禁及金色光罩，挖出阵法核心完全破阵。大殿内上古天龙霸昀尸体旁显现龙虚影遗愿影像：霸昀出生于龙山界，龙山界遭天魔九重天""火傀老魔""攻打，父王母后赴死，叔叔带其逃走，霸昀遗愿是将骨灰撒回龙山界千转龙湖（被火傀老魔占据）。秦云触动思念女儿，承诺日后送其骨灰回龙山界，带走龙宫全部宝物，龙宫阵法崩溃显于世间。",秦云破上古天龙宫取宝，上古天龙霸昀遗愿埋下龙山界伏笔，秦云思念女儿决意救女。
灭蛮祖教,凝练元神,悟道、转折高潮,修炼、高潮、爽点,除夕秦云伊萧茶楼观孩童思念女儿。东海天龙来访取走霸昀骨灰安葬。正月十九秦云闭关凝练剑仙元神，紫金金丹碎裂，魂魄撕裂剧痛，七孔流血，吞六颗九转灵丹修复仍告失败。秦云找不到失败原因，自嘲三界除太上道祖外再无人能创此法门。伊萧在外守候心焦。,秦云正月十九尝试凝练剑仙元神失败，金丹碎裂魂魄受创，找不到失败原因。
灭蛮祖教,终离去（本篇终）,转折高潮、悬念设置,伏笔、高潮,"秦云凝练元神失败找不到原因，决意赴天狼界救女儿。秦云与张祖师小镜湖畔交代后事，张祖师赠明耀疆域图并提醒小心，言及道祖以四口先天灵宝神剑构成剑阵蕴含剑道，""道为本，法为外用""。秦云与妻子伊萧告别，伊萧含泪嘱""一定要回来""。秦云撕裂虚空开辟通道迈步离去，伊萧不安目送通道合拢。",秦云凝练元神失败后决意赴天狼界救女，与妻子告别撕裂虚空离去，本篇终。
自创法门,秦云和女儿,环境铺陈、人物引入,人物、设定,"秦云按神霄道人所赠明耀疆域星图，短距离穿梭域外星空，半个多月后抵达天狼界。天狼界天地灵气浓郁、天道压迫感强于大昌世界，高手如云。秦云初至即遇青孚门长祁道人遭黑虫三妖围攻、以凡俗童子相威胁，秦云出手一缕剑光连斩三妖相救，长祁道人惊其凡俗剑仙竟媲美天仙天妖。同时天狼界另一处荒芜山顶，一名少女思念爹娘，另有黄毛尾巴宫装妇人奉少主之命追捕该""贱婢""已近一年。",秦云抵达天狼界寻女，救长祁道人初显实力；女儿线索与追捕者同时浮现。
自创法门,神霄道人的决定,设定展开、悬念设置,伏笔、设定,秦云与长祁道人饮酒交谈，得知天狼界因黄袍尊者降临而汇聚上百小世界仙人妖怪、天仙天妖数千，黄袍尊者设战将二十九员、护法一百零八位，战将可入天狼大陆、护法靠击败旧护法顶替。秦云判定女儿极可能在戒备森严的天狼大陆，决意踏遍其他七座大陆再想办法。同时碧游宫中神霄道人第二元神因魔神帝君奎弗建大阵图谋大昌世界而深感不安，决意提前入万法池尽快提升实力，不顾黑狮子雕像劝告进入万法池。,天狼界势力体系与护法进入天狼大陆的途径揭示；神霄道人提前用万法池机缘以应对魔神威胁。
自创法门,本命飞剑的蜕变,悟道、装备获取,修炼、奖励、爽点,秦云在天狼界一个多月踏遍七座大陆未寻得女儿，途中本命飞剑烟雨飞剑蠢蠢欲动欲突破。秦云以两界图中大量天材地宝喂养，飞剑蜕变一夜，跨入下品灵宝行列（威能媲美上品灵宝），剑身内现蒙蒙烟雨如藏一世界。秦云感叹法力弱仍是短板，凝练元神失败原因未明，自创元神法门不易。踏遍七座大陆两月三天无果后，判定女儿在天狼大陆，决意击败一位护法以进入。,本命飞剑烟雨飞剑跨入灵宝行列；秦云决意挑战护法以进入天狼大陆寻女。
自创法门,秦云的自荐,人物引入、情节推进,人物,"秦云前往北原大陆天狼界第一大剑道宗派""问道剑馆""自荐为第三位剑师。馆中弟子多为元神境，剑师仅馆主褚负与黑杀道人两位。秦云以凡俗之身自荐引发围观讥讽，红衣女子君仙子等九位天仙天妖现身。按馆主规矩，自荐剑师须先破""魔仆剑阵""，秦云仅以几缕剑气一招便灭十八位灰袍魔仆剑客，令众天仙天妖刮目相看。",秦云自荐问道剑馆剑师，以几缕剑气轻破魔仆剑阵，实力震慑众天仙天妖。
自创法门,第三位剑师的诞生,转折高潮、设定展开,设定、高潮,"黑杀道人闻讯赶来，与九位天仙天妖开启""剑师之门""。秦云步入隐秘殿厅，褚负虚影现身说明考验：不可动用法力，仅凭道之领域施展剑术破八门剑阵八重变化。秦云以三百六十缕剑气构成周天剑光应对，仅盏茶时间便一一破除八重变化，速度远超当年黑杀道人。秦云成功成为问道剑馆第三位剑师，与褚负、黑杀道人并列。",秦云以纯剑道造诣速破八门剑阵，正式成为问道剑馆第三位剑师。
自创法门,明悟,悟道、转折高潮,修炼、高潮、爽点,"秦云成剑师后，黑杀道人领其入藏剑楼翻阅上古天庭至今的纯粹剑道典籍，并赠十年前最新护法情报卷轴。秦云痴迷参悟，自觉《如梦七剑》可再度完善。偶听两狼妖对话""学我者生，似我者死""""走一模一样的道路只会是死路一条""，如暮鼓晨钟顿悟：自己被太上道祖地位影响道心，误以为元神必须如太上剑修凝练成一柄剑，实则应走适合自己的道家正统人形元神之路，重燃自创元神法门信心。",秦云因狼妖对话顿悟凝练元神失败之因，跳出太上道祖樊笼，确立人形剑仙元神方向。
自创法门,突飞猛进,悟道、设定展开,修炼、设定、爽点,秦云明悟后迅速推演自创元神法门三种方向，判定第三种（人形元神、周天剑道为基）为正途，但仍需剑道境界更高以降低创造难度。三天后发战帖挑战玄阴门太上长老、护法金蛇老祖，金蛇老祖欲先查底细、安排夔牛长老应战。秦云在问道剑馆参悟众多剑道典籍近一个月，剑道积累达瓶颈，距道之领域三百里（天仙四至六重天）仅一步之遥。,秦云发战帖挑战金蛇老祖，参悟典籍近月剑道达瓶颈，逼近道之领域三百里。
自创法门,天妖夔牛,战斗描写、环境铺陈,战斗、设定,"战前夜，秦云与黑杀道人切磋剑术，以重水剑周天剑光防守滴水不漏，""一人独行""一招破黑杀道人""魔鹰杀""剑阵，黑杀道人自认拼命也只能逃命。次日玄阴门大战，秦云乘战船而至，凡俗之身却居天仙天妖簇拥之中位，引发玄阴门弟子议论。天妖夔牛牛头人身、皮肤泛苍灰色有雷霆符纹、双眸如太阳，持双锤引动天地雷霆，现身邀战。",秦云战前切磋展现实力超越黑杀道人；天妖夔牛登场蓄势待发。
自创法门,输的太快,战斗描写、转折高潮,战斗、高潮,"夔牛大妖穿灵宝铠甲，双锤交击生金色雷霆轰击秦云，秦云以周天剑光轻松挡下。秦云施""明月夜凉""冻结虚空令夔牛体内凝结冰晶、速度慢五成，再施""星如雨""一剑击溃夔牛头盔令其受损。夔牛主动近身，秦云第三剑贯穿夔牛头颅，夔牛眉心窟窿迅速愈合后认输。此战输得太快令玄阴门难以置信，秦云当场叫阵金蛇老祖。","秦云速败天妖夔牛，灵宝铠甲亦挡不住""星如雨""一剑，当场叫阵金蛇老祖。"
自创法门,再败金蛇!,战斗描写、转折高潮,战斗、高潮,"金蛇老祖欲等三天再战，秦云以""怕了""激将迫其当场一战。金蛇老祖施""金沙之风""与十三根黑骨针组""黑骨杀阵""，秦云以周天剑光挡下。秦云施""星如雨""被金银双环抵挡，遂动用六枚乾坤环牵制双环，烟雨飞剑连袭。金蛇老祖抽鞭抵挡、灵宝衣袍卸力。秦云施""初见霹雳""威力内敛透衣袍入体，令金蛇老祖脏腑碎裂重伤，金蛇老祖果断认输。","秦云以""初见霹雳""无视灵宝衣袍重伤金蛇老祖，击败护法夺位在望。"
自创法门,无路可退,转折高潮、人物心理,情感、高潮,金蛇老祖交出护法符令，秦云炼化符令正式成为一百零八护法之一，回问道剑馆赴宴后即赴天狼大陆。穿过云雾大阵进入天狼大陆，馆主褚负现身迎接，带秦云至宝象宫。秦云一路感应女儿未果。同时天狼大陆胡家庄，伪装成姥姥的龙族少女（修炼《天龙体》、三年前已可凝练元神）犹豫是否突破——突破即入元神境、将卷入弟子之争面临师兄师姐厮杀，但为活着找爹娘决意突破。,"秦云成为护法入天狼大陆见褚负；女儿以""姥姥""身份隐于胡家庄，决意突破元神境搏命。"
自创法门,褚负的赠与,人物引入、设定展开,人物、设定,大昌世界神霄道人搜集到三具天魔层次尸体，准备炼化为都天神魔布十二都天神煞大阵，神霄雷法已创至天仙六重，欲以大阵引混沌神雷气息圆满根基。天狼界宝象宫，褚负邀十余位战将护法为秦云接风，秦云结识祝融大神后裔猛古、天庭乐师离烛等，褚负在战将中威信极高。宴后褚负送秦云至原金蛇护法住处，并破例将贴身收藏的贪狼星君（北斗七星君之首、剑术三界前十）剑术竹简借秦云翻阅一夜。,神霄道人凑齐大阵材料图谋扫清魔神；褚负赠秦云贪狼星君剑术竹简一夜。
自创法门,月夜下的突破,悟道、转折高潮,修炼、高潮、爽点,"秦云夜观贪狼星君剑术竹简，初觉杀意恐怖，翻至最后方知五篇成一轮回、暗藏透过轮回因果杀敌之杀招。秦云以雷霆之眼看出其奥妙，又警惕不被杀戮剑道裹挟，跳出来汲取万中一二融入自身烟雨剑道，当夜剑道突破，道之领域达三百里、境界媲美天仙四五重天。次日还竹简，褚负提醒尊者闭关短则随时出关、长则数十年。秦云得知尊者收三百九十二名记名弟子以弱肉强食争三个真传名额，从情报中锁定龙族少女""依依""极可能即自己女儿。",秦云参悟贪狼星君剑术一夜突破剑道至道之领域三百里；从记名弟子情报中锁定女儿依依。
自创法门,女儿,情感展现、转折高潮,情感、高潮,秦云记下龙族少女依依情报：孩童时被黄袍尊者带回、修炼《天龙体》、剑道天赋极高被尊者称赞。秦云离开宝象宫行走天狼大陆五天五夜，终以血脉感应锁定百余里外胡家庄。以雷霆之眼见女儿腹部有狰狞伤口驱毒，又见因果线中女儿幼年被囚、六七岁盼爹娘、十二三岁被姐姐划脸等画面，秦云心疼愧疚，确认即亲生女儿，遂完全收敛气息暗中守护。,秦云以血脉感应与雷霆之眼确认胡家庄龙族少女依依即亲生女儿，暗中守护。
自创法门,和女儿的初次见面,情感展现、人物心理,情感,"秦云在胡家庄十余里外无名小山以道之领域挖石建石屋定居，思索如何救女——天狼大陆封禁森严、弟子之争禁战将护法插手、带女硬闯外围大阵不可能。第六天女儿至峡谷练剑，秦云以""秦前辈""身份现身，以其剑术""错漏百出""为由指点多招，女儿悟性极高令秦云吃惊。宝象宫监察者见秦云指点记名弟子剑术，认为仅指点不算违规。女儿激动终于遇前辈愿认真教她。","秦云以""秦前辈""身份初见女儿并指点剑术，暗中守护兼传授，父女情谊萌生。"
自创法门,相处,情感展现、人物心理,情感,"此后女儿每两三天携美食拜访，秦云每次指点一个多时辰，父女相处日深。大半年后女儿进城寻美食时遭师兄安师兄（银袍青年）、师姐于师姐（绿衣女子）联手追杀——安师兄曾是她幼时最依赖的大哥哥如今却要杀她争真传名额。女儿以秦云所传剑术守得滴水不漏，施天龙体禁术伤师姐逃脱，荒野湖畔痛哭""都是假的""。次日女儿照常送饭，秦云亲自为其倒酒，父女碰杯共饮各怀滋味。",父女相处大半年情谊日深；女儿遭安师兄追杀痛心，秦云无力插手弟子之争满腔愤怒。
自创法门,欲扫清天下魔神,转折高潮、设定展开,设定、高潮,大昌世界神霄道人布十二都天神煞大阵，引一缕混沌神雷力量融入神霄雷法，根基可媲美三界顶尖雷法、实力可与天仙七八重天一比。神霄道人联系人皇、白家老祖、东海天龙、天妖宫主、摩诃菩萨等各方，宣布当日灭妖魔八脉、解决大昌世界一切祸患不留空间节点破绽，派十二雷霆神魔封禁虚空，亲赴蛇祖山先灭最难缠一脉。天狼界秦云指点女儿剑术后，因女儿遭追杀满腔愤怒无力，决意当日尝试自创剑仙元神法门突破——唯有拜入道祖门下方能救女。,神霄道人扫清大昌世界妖魔八脉；秦云受女儿遭追杀刺激决意当日突破凝练元神。
自创法门,元神！元神！,悟道、转折高潮,修炼、高潮、爽点,"秦云吞丹药助心神空灵，内观紫金金丹，以""魂魄合""令魂魄猛烈侵入金丹，再以""我居正中、为天地之核心、统领宇宙八荒""之念缓慢孕养融合，走道家正统人形元神之路。经一夜孕养，紫金金丹内渐成小人，天明时金丹消散露出盘膝而坐、容貌如秦云的人形元神，周身萦绕恐怖剑仙法力，元神睁眼——秦云成功凝练剑仙元神。同时十余位记名弟子结盟在金瞳（观气运因果法力）指引下前往胡家庄围杀龙女依依。",秦云自创法门成功凝练人形剑仙元神；十余位记名弟子结盟围杀女儿。
自创法门,我就是你父亲,转折高潮、情感展现,情感、高潮,"秦云凝练人形剑仙元神后服丹提升元神，忽感胡家庄方向大战，发现女儿依依被黄袍尊者十六位记名弟子布下天罗地网围杀。依依不愿连累秦云，绝望中仍追问安师兄昔日善意是否真实，又被于师姐刺痛父母身世心结。乌鳢风施黑风欲杀依依时，秦云现身化解攻击，温柔阻止依依劝退，直接对她表明""我就是你父亲""。",秦云元神成功后及时现身救女，在围杀危局中公开父女身份。
自创法门,捉拿秦云,矛盾爆发、转折高潮,冲突、高潮,秦云表明身份后，女儿血脉感应确认即父亲，扑入怀中相认流泪。众记名弟子瞠目，乌鳢风等认为其父违禁必死。宝象宫监察者发现秦云插手弟子之争，宣布其违背尊者禁令、请战将护法出手捉拿，声音传遍天狼大陆除秦云外每一位战将护法耳中。褚负馆主在洞府擦剑时闻讯一愣。,父女相认；宝象宫宣布秦云违禁、下令战将护法捉拿。
自创法门,面对众战将,战斗描写、矛盾爆发,冲突、战斗,"九位战将降临，以乌鳢九狩（三大派系首领、实力数一数二、持极品灵宝魔云叉）与褚负为首。褚负劝秦云束手就擒，秦云问女儿何辜，乌鳢九狩称拿住秦云后女儿仍按规矩争斗。美妇人云蛇娘娘先出手，青色大手被秦云一剑劈碎，披帛法宝被""火树银花""分化数十剑光炸裂、云蛇娘娘法力反噬嘴角渗血。乌鳢九狩亲自持魔云叉出手，携天地之力劈来。褚负、猛古等惊秦云元神境竟媲美天仙六重天。",秦云击败云蛇娘娘，乌鳢九狩持极品灵宝魔云叉亲自出手。
自创法门,尊者现身,转折高潮、人物引入,人物、高潮,"秦云以""阴晴圆缺""围攻乌鳢九狩未果，施""初见霹雳""透过魔云叉令乌鳢九狩气血沸腾、又一剑刺胸膛令其口中涌血，众战将护法震惊。乌鳢九狩羞怒显出千丈鱼头人形真身，魔云叉化天柱横扫，秦云以周天剑光守住百丈，乌鳢九狩""魔云撕裂""狂攻不破。褚负传音劝认输。此时黄袍尊者现身——其本在宝象宫独处饮酒忆妻儿，见捉拿小小护法久攻不下而现身，众战将护法记名弟子恭敬行礼，秦云亦收剑行礼。",秦云以周天剑光扛住乌鳢九狩全力狂攻；黄袍尊者现身镇场。
自创法门,秦云的来历,矛盾收束、悬念设置,伏笔、冲突,黄袍尊者审问秦云来历，褚负、猛古为其说情被斥。秦云坦言女儿刚出生被魔神夺走、一年多前查到在天狼界故争护法来见女，求尊者饶女儿算淘汰出局。黄袍尊者大笑拒绝，称规矩不可破、实力才是一切。秦云出神霄道人信物求情，黄袍尊者捏碎信物，称碧游宫弟子数万、仅几位有恩师姐的信物才给面子。黄袍尊者追问背后大能者是谁，秦云拒答（实为蒲曲龙君）。黄袍尊者以金眸查看秦云体内，惊见人形剑仙元神（非太上剑修），抓秦云至宝象宫花园单独询问，命褚负带依依入宝象宫。,黄袍尊者审问秦云，发现其人形剑仙元神（非太上剑修一脉），抓其单独详询。
自创法门,降临,转折高潮、核心伏笔,伏笔、高潮,秦云坦言元神法门为自创、尊者是除自己外第一个知情者，黄袍尊者大喜称弟子之争反促其自创法门，欲禀告师尊灵宝道祖、称十有八九会收秦云为徒。秦云见女儿，父女叙过往。黄袍尊者书道符禀告师尊，多年终于有机会再见师尊。道祖灵宝天尊降临褚负洞府庭院，黄袍尊者跪伏含泪拜见师尊。,秦云坦言自创法门，黄袍尊者大喜禀告师尊；道祖灵宝天尊降临。
自创法门,一家团聚（本篇终）,转折高潮、核心伏笔,伏笔、高潮,"道祖灵宝天尊降临，黄袍尊者跪伏乞求为妻儿转机，道祖称天庭之事不便插手，但准其入碧游宫金沙阵修行万年、若突破金仙则妻儿之事有转机，黄袍尊者激动谢恩。道祖赞秦云自创剑仙元神法门（三界除太上道祖凭空推演外，唯秦云亲身体会悟出），问秦云""你可愿拜我为师？""黄袍尊者一旁暗示眼色。全篇在道祖欲收秦云为徒的重大悬念中落幕。",道祖准黄袍尊者入金沙阵修行；道祖赞秦云自创剑仙元神法门并问其愿否拜师，全篇收官。
碧游宫学艺,入碧游宫,设定展开、情节推进,设定,神霄道人、白家老祖前来祝贺秦云自创剑仙元神法门成功并凝练元神，秦云女儿依依拜见两位前辈。秦云告知神霄道人黄袍师兄已禀报、道祖已收其为徒。神霄道人叮嘱秦云尽快前往碧游宫，强调道祖仅有一次单独讲道机会，须珍惜请教，碧游宫内还有众多机缘，弟子成就全看各自本事。,秦云拜师道祖一事确认，神霄道人叮嘱碧游宫学艺要点，为全篇学艺主线拉开序幕。
碧游宫学艺,宝山,悟道、设定展开,修炼、设定、爽点,"灵宝道祖为秦云单独讲道，从一花一草一水滴讲起，由浅入深剖析天地万物之大道，前三时辰令秦云激动颤栗，后渐涉""时间""""空间""""生命""""轮回""""因果""""功德""等复杂层面，末段简述令三界畏惧的""诛仙剑阵""皮毛。道祖指导秦云去万法阁选一门金仙层次剑典主修、几门兼修，待积累至天仙极致方可融合成就金仙，并建议修炼一门大神通。道童领秦云至碧游宫住处，介绍万法阁九层收藏三界无数典籍任由弟子翻阅，秦云感叹入宝山。",道祖单独讲道令秦云获益巨大；万法阁体系及道祖修行指导确立，碧游宫学艺方向明确。
碧游宫学艺,剑典三十五卷,设定展开、情节推进,设定,"秦云闭关一个多月理顺讲道所悟，剑道达崭新层次。三界渐传""秦云开辟新剑仙流派""消息。秦云前往万法阁，碧游宫同门议论其元神境身份，长须道人介绍秦云来自明耀疆域、修行数十年即开辟新剑仙流派。猪妖师兄猪三热情邀请秦云参加次日清风殿论道宴。秦云在万法阁六楼遍览三十五卷剑道典籍（含金仙层次十五卷），最终从《五方剑经》《幽魔录》《紫微剑图》《太白庚金百剑诀》《唯我剑歌》五卷金仙剑典中选定《太白庚金百剑诀》为主修。",秦云遍览三十五卷剑典，选定《太白庚金百剑诀》为主修剑典，学艺根基奠定。
碧游宫学艺,师兄师姐们,人物引入、设定展开,人物、设定,"秦云确定《太白庚金百剑诀》主修、其余四卷剑典兼修后，上万法阁第八层浏览神通法门，明白三界顶尖大神通多需元神境修炼，本命大神通只有一个，而停留元神境可修多种神通。他衡量本命飞剑仍是根本，却因周天剑道契合，决定同时修炼""周天星界""与""周天星衣""两门上古天庭大神通。次日秦云赴清风殿论道宴，猪妖三兄弟迎接，清风殿内两百多名同门饮酒谈笑，妖族师姐们主动调笑秦云，碧游宫弟子鱼龙混杂的氛围展开。",秦云选定两门周天大神通，并在清风殿正式进入碧游宫同门圈。
碧游宫学艺,归乡，岁月,环境铺陈、情节推进,设定,秦云在万法阁读书三个多月，翻看海量典籍对三界了解深入，碧游宫半年结识上千师兄师姐。秦云借弟子符印感应碧游宫浩瀚力量，蒙蒙清光降临返回大昌世界。秦云感慨碧游宫弟子可轻易抵达三界任何疆域，天庭天兵天将出征亦有类似手段，但天庭对魔道统治疆域及明耀疆域等边缘地带影响力微弱，三界终究看谁拳头大。,秦云碧游宫半年结交千余同门，借弟子符印归乡，展现三界势力格局与现实法则。
碧游宫学艺,追杀魔神帝君,战斗描写、悬念设置,伏笔、战斗,三个月后，魔神帝君奎弗率十余天魔离开魔神世界，被神霄道人本尊、第二元神与十二尊雷霆神魔截住。张祖师以十二雷霆神魔布阵引万千雷霆，先灭奎弗麾下众天魔，再以混沌神雷和天庭雷部极品灵宝大印压制奎弗，逼问其为何付出巨大代价占领大昌世界。奎弗始终不肯吐露目的，最终动用珍贵奇物化白雾遁出阵法逃走。张祖师确认大昌世界秘密更严重，当日回广凌秦府告知秦云追杀失败。,神霄道人重创奎弗但未能逼出大昌世界秘密，奎弗以保命奇物逃脱。
碧游宫学艺,断剑谷潜修,悟道、环境铺陈,修炼、设定、爽点,"神霄道人向秦云讲述追杀奎弗失败经过，坦言未发现大昌世界有何特殊，却越发现不了越不安，望秦云尽快提升实力联手应对。秦云回大昌世界三年修行《太白庚金百剑诀》等五卷剑典及两门大神通皆入门但陷入瓶颈。秦云返碧游宫，兰师姐告知道祖一年前新收弟子""于归""（从未修行、十五岁观碑石三天悟道达天仙境、一年内被召见三次、疑大能转世）。秦云前往断剑谷潜修剑道，谷内插上万柄剑、剑意纵横，二百余弟子在此修行。",神霄道人追杀奎弗失败留下隐患；秦云三年修行遇瓶颈，赴断剑谷潜修，得知道祖偏爱弟子于归。
碧游宫学艺,顿悟,悟道、转折高潮,修炼、高潮、爽点,"秦云在断剑谷修行三月，感悟天仙后期突破之难。某日忽见断剑谷无数剑意经漫长岁月以几道金仙层次剑意为核心自成一体，顿悟""万物皆有势""——河流有势、国度有势、历史有势、三界大道亦有势，自己剑道缺的正是大势。秦云施剑气威力随施展越来越大如滚雪球浪潮，盘膝三日剑道蜕变，道之领域质变达天仙后期之境（六百里）。秦云感叹本命飞剑可孕养至上品灵宝却缺天地奇珍。","秦云断剑谷顿悟""万物皆有势""，剑道突破至天仙后期（道之领域六百里），成三界一方大高手。"
碧游宫学艺,三个目标,设定展开、悬念设置,伏笔、设定,秦云联系明耀大世界金光派掌门余通，获明耀疆域各方强者详细情报卷轴。秦云选定碧游宫第一重考验（斩杀三位天魔四重天以上或大罪孽者）的三个目标：鹰魔王车桀（因古虞界受天仙房荣遗言所托欠下因果）、白阐魔君、老树妖。伊萧建议选容易的白阐魔君。秦云详解碧游宫三重考验体系：第一重杀三位天魔四重天以上、第二重杀一位天魔七重天以上、第三重成就金仙道果，实力越强得宝越多。,秦云获明耀疆域强者情报，定三个考验目标，碧游宫三重考验体系完整揭示。
碧游宫学艺,白阐世界,环境铺陈、悬念设置,伏笔、设定,"秦云剑道突破后又耗半年修行五卷剑典至新层次方才出发。借碧游宫力量十二次挪移至白阐星辰世界附近，以虚空挪移抵达。白阐世界为魔神统治世界，一支支罪犯队伍被押解献祭给白阐魔君。万家姐弟（灰衣女子为前""天魅圣女""、法力被废）亦在被押解之列，绝望中灰衣女子忽见一朴素衣袍青年（秦云）现身询问白魔山方位后消失，旁人皆未见。",秦云抵达白阐世界，万家姐弟等罪犯被押解献祭白阐魔君，秦云暗中探路。
碧游宫学艺,白阐魔君,人物引入、矛盾爆发,人物、冲突,"白阐魔君在白魔山广场以吞灵之术吞噬大批罪犯""口粮""，修炼吞灵之术（魔道中最邪最禁忌的""魔中之魔""）。秦云混入罪犯群中，以雷霆之眼见白阐魔君罪孽血光浓郁。白阐魔君再度吞吸时秦云以波动令狂风消散，白阐魔君发现秦云后认出其碧游宫弟子身份，因忌惮而低声下气求饶献宝，秦云冷言拒绝。白阐魔君怒而爆发真实实力（天魔六重天、魔山之体），整个白魔山化作大山巨人，与白阐魔君本尊联手杀来。",白阐魔君吞灵之术身份暴露，爆发天魔六重天实力与魔山之体，与秦云正面对决。
碧游宫学艺,魔中之魔,战斗描写、转折高潮,战斗、高潮,"白阐魔君以大山巨人与本尊联手攻来，秦云以周天星界笼罩数百里，施太白庚金百剑诀""乱剑错""，三百六十柄星光之剑疯狂围攻，轻易粉碎白阐魔君本尊与大山巨人。大山巨人跪地乞求仍被秦云以""吞灵之术魔中之魔该死""为由灭杀。秦云又以星光之剑扫杀众天魔魔神逾九成，仅留五位罪孽极轻的魔神。秦云收宝后将罪犯送至安全地带，灰衣女子（万家大姐）遥望秦云心生仰慕。秦云半日扫遍白阐世界罪孽魔头，确认白阐魔君实力不及天狼界乌鳢九狩，单凭周天星界即可横扫。",秦云以周天星界配合太白庚金百剑诀轻易斩杀白阐魔君，扫荡白阐世界魔头，完成第一重考验第一个目标。
碧游宫学艺,鹰魔王的盛宴,环境铺陈、人物引入,人物、设定,秦云借碧游宫力量至鹰魔界，发现此界人族已灭族、一片原始森林。秦云寻至一座高山，内有虎妖、狼妖两名元神境妖族守卫饮酒，议论鹰魔王宴请四方大妖王（天妖五六重天）之事，抱怨大哥不带他们赴宴。秦云突然现身山腹厅内，令两名大妖吃惊——鹰魔界人族早灭族，仅鹰魔王处留有伺候的人族。,秦云抵达鹰魔界，鹰魔王宴请四方大妖王的背景铺陈，秦云现身令妖族守卫震惊。
碧游宫学艺,杀妖,战斗描写、转折高潮,战斗、高潮,"秦云在鹰魔王大殿遭两名元神三重巅峰妖怪守卫围攻，猿妖袁椴（梅山七圣袁洪麾下小妖、碧游宫弟子）出手扫飞守卫行礼，象妖亦为踏云山主邬东奇弟子。鹰魔王车桀表面客气请秦云入座被拒。秦云当众宣告来意为杀鹰魔王与老树妖，施雷霆之眼见二者罪孽最重。秦云提及天仙房荣之名，鹰魔王竟不认识，秦云叹""可悲""。鹰魔王、老树妖同时逃遁——鹰魔王金翅飞遁破屋顶、老树妖钻地化根须分散逃。秦云施太白庚金百剑诀""影穿梭""，上百道星光之剑一刹那粉碎鹰魔王肉身毙命，完成房荣因果。五妖旁观心颤不敢出手。",秦云一招斩杀鹰魔王完成因果；老树妖遁地逃窜，五妖旁观震慑。
碧游宫学艺,本命飞剑之威！,战斗描写、转折高潮,战斗、高潮,"秦云以星光之剑追杀遁地的老树妖二十七条根须，仅剩一条暗红根须（真身）坚韧难破，撞破周天星界膜壁逃出。秦云以道之领域六百里镇压虚空令其无法挪移，放出本命飞剑烟雨飞剑""虚空穿梭""至地底一剑切断暗红根须，老树妖显出黑红色大树真身求饶。秦云连施两道白金色剑光，第二剑将老树妖完全枯萎湮灭毙命。五妖恐惧讨好。秦云收老树妖树心等遗物，借弟子符印返碧游宫灭魔殿，镜子老者查验战斗场景后赐黄皮葫芦（储物灵宝，内含大量珍材、仙丹、道符等）。",秦云以本命飞剑三剑斩杀老树妖，完成第一重考验三个目标，获道祖赐予黄皮葫芦宝物。
碧游宫学艺,化神丹,设定展开、情感展现,情感、设定,"秦云查看黄皮葫芦内宝物，发现三颗""化神丹""（一颗可令凡人直接成元神地仙）。秦云决定分别赐予父亲秦烈虎、母亲常兰、大哥秦安（母亲伊萧之母为龙族不需）。秦云提及小妹秦红香被水神大妖献给九山岛主之仇，决意追查逃至魔神世界的九山岛主。秦云以茶水送服化神丹，三人盘膝一个多时辰凝练元神成功，秦安、秦烈虎、常兰激动试飞。伊萧提醒爹娘元神微弱仍需法宝护身。",秦云赐化神丹令父母大哥成元神地仙；追查九山岛主复仇之心坚定。
碧游宫学艺,熊山大妖,人物引入、矛盾展现,人物、冲突,"明耀大世界熊山妖王（上古天庭大妖王、碧游宫弟子、曾追随妖族六太子）得知鹰魔王、老树妖被秦云所杀，对秦云未事先知会妖族不满。秦云在秦府孕养本命飞剑，熊山妖王传讯约秦云至碧游宫住处饮酒交谈。熊山妖王表面叹息鹰妖树妖因果报应，实则要求秦云今后对妖族大妖手下留情、给师兄面子，秦云坦言大罪孽者该杀则杀不给面子。熊山妖王离去时暗忖""脾气太暴""。",熊山妖王登场，因秦云斩杀妖族大妖而不满，要求秦云手下留情遭拒，矛盾初现。
碧游宫学艺,九山岛主,转折高潮、悬念设置,伏笔、高潮,"秦云半月后本命飞剑烟雨飞剑突破至上品灵宝。秦云以云魔山活捉魔神所供八臂魔神雕像感应到九山岛主藏身的魔神世界，确定虚空方位。秦云借碧游宫百次挪移试验八个魔神世界，终以雷霆之眼查因果线锁定""欲燔世界""。九山岛主在欲燔世界帝宫偏殿享乐，因修炼《血影魔体》入门成帝君弟子，庇护云魔山逃来的妖魔。帝宫远处忽有怒喝与炸响，九山岛主判断有人闯帝宫。",秦云本命飞剑突破上品灵宝；经百次挪移锁定九山岛主藏身欲燔世界，复仇在即。
碧游宫学艺,大昌世界的秦剑仙,战斗描写、转折高潮,战斗、高潮,"秦云抵达欲燔世界帝宫外，锁定偏殿内的九山岛主后强闯帝宫，随手反击守卫阵法与斧刃，灭杀罪孽深重的魔神护卫和天魔。帝君欲燔认出秦云为自创剑仙元神法门的碧游宫弟子，向师尊求援无果后立刻逃命。秦云施展大神通周天星界镇压三百里，星光之剑追杀欲燔，逼其高声求饶。九山岛主从混乱帝宫中望见师尊惧怕秦云，终于认出""大昌世界秦剑仙""，被秦云浓烈杀意锁定，帝君欲燔也明白自己只是被九山牵连。",秦云强闯欲燔世界帝宫，以周天星界逼降帝君欲燔，九山岛主复仇线正面收束在即。
碧游宫学艺,崔连峰,转折高潮、情感展现,情感、高潮,九山岛主目睹秦云威势，明白帝君欲燔亦畏惧秦云，自认无望。九山岛主以凡俗之身求秦云不杀（沾染罪孽），帝君欲燔讨好愿代劳被秦云拒绝。秦云一剑斩杀帝君欲燔及众天魔，封禁九山岛主法力，打通虚空通道将其送回大昌世界。秦家众人在广凌城外小妹秦红香墓前，秦云将受刑折磨的九山岛主处决（一掌拍碎化为齑粉），了却多年心结。伊萧向女儿依依传音小妹已死投胎数十年无法觉醒前世记忆。此后秦云心境更平和，长期潜修十五年。剑阁崔连峰求见秦云，竟让门房传话正式拜见。,秦云擒杀九山岛主于小妹墓前复仇了却心结；十五年后崔连峰正式求见。
碧游宫学艺,神通小成,悟道、转折高潮,修炼、高潮、爽点,崔连峰求见时秦云不在大昌世界（在碧游宫虚岛闭关）。秦云在虚岛参悟虚空金色符纹，两门大神通距小成差一丝，服五觉仙丹后十五天突破，周天星界、周天星衣达小成之境（小成可匹敌天仙九重天，大成可斗金仙佛陀，圆满可困杀大能）。秦云回大昌世界得知崔连峰来访，循因果传音。崔连峰求秦云传授剑仙元神法门，秦云坦言其法门需道之领域五十里才能凝练元神，崔连峰仅十里无望离去。秦云告知伊萧将第二重考验目标改为火傀老魔（九重天天魔，周天星界克制其傀儡术），虽九重天但有把握。,秦云两门大神通突破小成；崔连峰求法门无望；秦云定火傀老魔为第二重考验目标。
碧游宫学艺,龙山界,环境铺陈、人物引入,人物、设定,伊萧、依依叮嘱秦云小心。龙山界为西海上古天龙霸昀家乡，被火傀老魔一己之力杀进、大批龙族死去。鹏魔将军携孚羊妖王（八重天天妖）至龙山界，请火傀老魔用一具九重大巫尸体炼制傀儡，火傀老魔入地火大殿闭关炼制需十年，鹏魔、孚羊在外守护。秦云准备三月，从藏宝阁取出霸昀骨灰坛，雪天出发赴龙山界。,龙山界背景及火傀老魔傀儡炼制线铺陈，鹏魔、孚羊妖王在场为大战埋下伏笔，秦云携骨灰出发。
碧游宫学艺,暴露,矛盾爆发、战斗描写,冲突、战斗,"秦云至龙山界，审问一魔神了解火魔山详情后捏死，前往火傀老魔老巢火魔山。秦云小心潜行未释放道之领域，却仍被一块不起眼岩石化作的傀儡魔将发现，一剑击溃傀儡魔将（迅速恢复）。秦云知暴露须速战速决，直奔火魔山内部。一座山峰化作百丈傀儡杀来，秦云以白金色剑光一剑贯穿撕碎山峰傀儡，威势令天魔魔神惊惧。地火大殿内火傀老魔判断秦云为""大昌世界秦云""，殿外鹏魔、孚羊妖王亦认出秦云却丝毫不慌。",秦云潜入火魔山暴露身份，一剑碎山峰傀儡展现天魔八九重天实力，火傀老魔及鹏魔、孚羊妖王三方联手在即。
碧游宫学艺,大神通,战斗描写、转折高潮,战斗、高潮,"火傀老魔传音请鹏魔、孚羊妖王拦住秦云以便完成傀儡炼制。鹏魔、孚羊妖王现身阻拦，秦云见二人罪孽血光浓郁（孚羊罪孽比鹰魔王高数倍）。孚羊妖王以""妖族缘分""劝秦云离去被拒，鹏魔双翼扑来，孚羊妖王施水火瞳术。秦云爆发周天星界笼罩三千里，三百六十柄星光之剑悬浮。鹏魔、孚羊妖王认出大神通""周天星界""（天帝陛下大神通）大惊。秦云令星光之剑汹涌杀去。",鹏魔、孚羊妖王联手阻拦秦云，秦云施展周天星界大神通小成之威正面对决三位八九重天强者。
碧游宫学艺,一道金线,战斗描写、悬念设置,伏笔、战斗,秦云以星光之剑围攻鹏魔、孚羊妖王。鹏魔肉身极强硬抗剑光仅碎羽毛迅速恢复，孚羊妖王以水火双龙护身。鹏魔以巨爪攻秦云被周天剑阵挡住，秦云放本命飞剑伤鹏魔翅膀却迅速愈合。秦云转攻孚羊妖王，鹏魔传音欲趁机杀秦云。鹏魔口中射出一道奇异金线，速度极快瞬间破周天剑阵刺中秦云体表，被周天星衣（极尽护身大神通）挡住。金线飞回鹏魔口中。秦云以剑势渐强之招突破孚羊妖王水火双龙与阴水铁链防御，烟雨飞剑贯穿孚羊妖王胸膛令其肉身炸碎，孚羊妖王化流光逃遁惊恐。,鹏魔金线法宝破周天剑阵被周天星衣挡下；秦云破孚羊妖王肉身，孚羊化流光逃遁。
碧游宫学艺,紫微剑图,战斗描写、转折高潮,战斗、高潮,"孚羊妖王急求火傀老魔出手，火傀老魔为保傀儡炼制答应出来并许诺酬金不要、战利品鹏魔孚羊各分一半。秦云服仙丹思维快百倍，烟雨飞剑再破孚羊妖王水火双龙。火傀老魔操控十二尊强大傀儡（各媲美天魔八九重天）从地底爬出。秦云以三百柄星光之剑构成紫微剑图""一花一世界""——花朵迷宫困住孚羊妖王，不断旋转绞杀。火傀老魔认出是紫微大帝紫微剑图。孚羊妖王催保命道符金光亦被消磨，鹏魔以金线救孚羊被烟雨飞剑拦截，火傀老魔熔岩傀儡一抓被花朵世界卸力。孚羊妖王在花朵迷宫中被绞杀十余次终被逼到绝境，乞求饶命无果，不甘怒吼中被绞杀湮灭，八重天天妖毙命。","秦云以紫微剑图""一花一世界""困杀孚羊妖王，八重天天妖毙命，火傀老魔十二尊傀儡出动。"
碧游宫学艺,大战落幕,转折高潮、矛盾收束,冲突、高潮,鹏魔、火傀老魔难以置信孚羊妖王已死。火傀老魔后怕——周天星界完全克制其傀儡，一对一恐同样结局。秦云以本命飞剑一剑碎地火大殿，火傀老魔化黑光逃出求鹏魔联手，旋即胆怯一心逃命，催鹏魔带其走。鹏魔抓住火傀老魔翅膀一震飞遁，十二尊傀儡护持。秦云追逐不及，以紫微剑图花朵世界困住十二尊傀儡。一尊牛头魔将自爆震散剑光花瓣，余十一尊傀儡乘隙冲出周天星界膜壁（鹏魔以金线破膜壁接应）。鹏魔带火傀老魔虚空挪移逃遁。秦云感叹鹏魔速度太快，目标火傀老魔仍让其逃了。,火傀老魔胆怯逃命，鹏魔带其遁逃牺牲一尊傀儡；秦云虽胜但火傀老魔、鹏魔逃脱。
碧游宫学艺,入群星殿,转折高潮、装备获取,奖励、高潮,秦云以周天星界镇压龙山界残存魔神天魔，仅八位天魔硬抗星力被星光之剑一一毙命，五位罪孽极轻魔神存活。秦云收刮龙山界宝物天魔尸体，至千转龙湖洒上古天龙霸昀骨灰了却其遗愿。返碧游宫灭魔殿通过第二重考验，镜子老者惊讶其速度，送秦云入群星殿。群星殿收藏三界厉害宝贝，进入者不用挑选，最适合的宝贝会飞来，仅得一件但珍贵远超第一重考验赐予。秦云入群星殿见穹顶星星皆为宝贝，一颗晦暗星星飞来逐渐发亮、气息强大令秦云心悸。,秦云扫荡龙山界、洒霸昀骨灰；通过第二重考验入群星殿，最适合的宝贝飞来。
碧游宫学艺,先天奇物'混沌精金',装备获取、设定展开,奖励、设定,"孚羊妖王之死及龙山界之战迅速在明耀疆域传播，碧游宫妖族弟子不满秦云心狠手辣，人族弟子萨许师兄（自创《天罡雷法》九重天、实力居碧游宫前两百、嫉恶如仇）却看好秦云。群星殿中，飞来的宝贝是半人大的黑色石头——先天奇物""混沌精金""（盘古开天前混沌中孕育的先天材料，用其炼制方可成先天灵宝）。秦云惊喜运气好，选择以混沌精金孕养本命飞剑。因混沌精金太过霸道，秦云以黄皮葫芦收取后回归大昌世界。","秦云在群星殿获先天奇物""混沌精金""，决定用于孕养本命飞剑；萨许师兄看好秦云。"
碧游宫学艺,孕养本命飞剑,悟道、装备获取,修炼、奖励、爽点,秦云回大昌世界向伊萧、依依讲述龙山界以一敌三经过。秦云入静室以师尊所赐法诀运转，烟雨飞剑表面浮黑白图笼罩混沌精金，碎金色光点飞入飞剑被吸收，飞剑发剑吟声急速蜕变。明耀大世界熊山妖王闭关修行时被白狼妖白充传讯告知孚羊妖王死讯，熊山妖王感应因果线消失确认孚羊已死，大怒，白充细述龙山界以一敌三经过。熊山妖王决心行动。,秦云以混沌精金孕养本命飞剑开始蜕变；熊山妖王得知孚羊死讯大怒决意行动。
碧游宫学艺,熊山妖王降临,人物心理、矛盾展现,冲突、情感,"熊山妖王难以置信孚羊妖王被秦云所杀，经白狼妖建议查因果确认。熊山妖王感慨明耀疆域天妖七重天妖族仅过百位、死一位何等不易，怒火升腾。熊山妖王传讯黑袍男子""烈老弟""帮忙问鹏魔孚羊死因详情，又去碧游宫打探、询问天庭好友了解消息（天庭亦关注龙山界大战）。忙了几个时辰，熊山妖王整合各方情报完全清楚经过。",熊山妖王多方查证龙山界之战详情，整合情报后决意为孚羊妖王之死与秦云算账。
碧游宫学艺,约战,矛盾爆发、转折高潮,冲突、高潮,"熊山妖王至大昌世界广凌城上空怒喝，神霄道人张祖师出面质问其过分。熊山妖王以""修行者靠拳头说话""约战秦云，定一月后腊月十五碧游宫论道台比试，各赌一件极品灵宝（秦云出阴水铁链、熊山妖王出五火葫芦）。神霄道人劝秦云不应战，秦云坦言不愿当缩头乌龟。神霄道人提醒熊山妖王肉身成圣九重天比鹏魔强五六倍，周天星界压制对其影响微乎其微。熊山妖王回熊山与众妖王饮酒，定一月后让秦云在三界众多同门面前丢脸。秦云回秦府安慰家人。",熊山妖王约战秦云于论道台，各赌极品灵宝；神霄道人提醒熊山妖王实力远胜鹏魔。
碧游宫学艺,本命极品灵宝,装备获取、悟道,修炼、奖励、爽点,"秦云在静室以混沌精金继续孕养本命飞剑，盏茶时间后本命飞剑突破——化为淡金色飞剑，内有烟雨飘洒与庞大世界若隐若现，金光闪烁为混沌精金之力显化，跨越至极品灵宝层次（本命极品灵宝威势可匹敌先天灵宝）。混沌精金消耗三成余七成。秦云至碧游宫静室试验飞剑威力，随意飞行切割虚空都产生恐怖涟漪。秦云参悟本命飞剑中""混沌莫名""意境与""破开一切的意志""，对五行剑经有新认知。秦云在大昌世界西海演练飞剑招数，龙王熬邡传讯致谢龙族重建龙山界并提醒论道台小心。约战之日早春，秦云出发赴碧游宫。",秦云本命飞剑突破至本命极品灵宝，参悟混沌莫名意境；龙王熬邡致谢；秦云赴论道台约战。
碧游宫学艺,秦云战熊山妖王,战斗描写、转折高潮,战斗、高潮,"秦云至碧游宫论道台，两千余同门驾云观战，神霄道人、龙王熬邡、猪妖三兄弟等皆到场。熊山妖王姗姗来迟，先宣布赌注（五火葫芦对阴水铁链）及论道台规矩（认输/生擒/轰出结界算胜）。秦云先发周天星界笼罩论道台，三百六十柄星光之剑悬浮。熊山妖王以五火葫芦五色火焰、风吼袋灰风风火合击，被周天剑阵抗住。熊山妖王收宝化百丈真身持双锤，以力破法一锤如星辰坠落砸来。秦云以本命飞剑施幽魔录""毒尾刺""无声无息刺中熊山妖王胸口，仅破皮一道白痕未出血。熊山妖王狞笑小瞧秦云。",论道台约战开始，熊山妖王风火合击无效后化真身以力破法，秦云幽魔录毒尾刺仅破其皮。
碧游宫学艺,五行剑经,战斗描写、转折高潮,战斗、高潮,"熊山妖王体表浮现青色火焰符纹——暴露战巫炼体法门""青木之火炼体""，肉身更强，围观同门惊叹大能者以下最多只能伤他。熊山妖王双锤以力破法疯狂砸来，秦云以星光之剑缠大锤、本命飞剑攻杀，双方旗鼓相当。秦云以太白庚金百剑诀剑招仅破皮出血丝迅速愈合。秦云爆发本命飞剑剑光千丈——五行剑经""五行剑山""（经参悟混沌莫名意境改良），如盘古斧怒劈，连续六剑每一剑都令熊山妖王倒飞，硬生生将熊山妖王轰出论道台结界。熊山妖王口喷鲜血难以置信认输。萨许师兄点评秦云练成大师兄五行剑经、本命飞剑达极品灵宝。熊山妖王交出五火葫芦后飞离。","熊山妖王暴露战巫炼体法门肉身更强，秦云以五行剑经""五行剑山""六剑将其轰出结界获胜，得五火葫芦。"
碧游宫学艺,名声（本篇终章）,转折高潮、悬念设置,伏笔、高潮,"秦云感悟""未虑胜先虑败""，不可盲目自信。众碧游宫弟子纷纷道贺结交，三界终究看实力。萨许师兄点评秦云两条提升路：一自创剑仙天仙法门提升法力至天仙九重天可匹敌大能，二神通大成可与大能斗百十招保命纵横三界，但都很难；又言上古天庭破灭后无人将大神通修至圆满。猪妖三兄弟道贺赞其改头换面五行剑山威力惊人。神霄道人感叹秦云拜师十余年即达此步。熊山妖王对数位妖族平淡言""我熊山，输得起""，决心保护明耀疆域妖族地位。此战在明耀疆域影响极大，秦云名气惊人。暗魔界中，魔神帝君奎弗得知秦云飞剑之术更厉害，吩咐搜集秦云及神霄道人详细情报，暗道""大昌世界的秘密只有我知晓""，继续修行图谋大昌世界。",秦云论道台胜熊山妖王名声传遍明耀疆域；萨许师兄点评两条提升路；魔神帝君奎弗持续关注秦云图谋大昌世界秘密，全篇收官。
三千年悟剑,魔尊,人物引入、悬念设置,人物、伏笔,暗魔界最高领袖魔尊（暗云魔尊）翻看情报，得知秦云修行数十年就能力压熊山妖王，深感其威胁，派暗魔界两大宫主之一葵食宫主待秦云出碧游宫后除之；秦云化身在大昌世界秦府小镜湖接待敖邡龙王率众龙族来访（谢秦云夺回龙山界之恩），本尊在碧游宫闭关。,魔尊派葵食宫主待机除秦云，魔道暗杀线正式启动。
三千年悟剑,道生出的一,悟道、设定展开,修炼、设定、爽点,"秦云安排女儿秦依依经空间通道赴明耀大世界闯荡（敖邡龙族照料）；秦云本尊在碧游宫星海练成《唯我剑歌》三大杀招之一""石破天惊""，并前往风谷、虚岛、断剑谷、五方山等修行地；参悟本命飞剑汲取混沌精金所得的""混沌莫名""意境，疑为""道生出的一""，其剑道之基天地人为""三""，混沌意境或为更本质的""一""。","秦云参悟""混沌莫名""意境，疑为""道生出的一""，为后续剑道突破埋下根基。"
三千年悟剑,葵食宫主,战斗描写、转折高潮,战斗、高潮,熊山妖王一战后八年，秦云将混沌意境完全融入剑道；葵食宫主奉魔尊命以大挪移抵达大昌世界，秦云化身与伊萧在乌苏郡城酒楼吃美食时感应到危机，以周天星界星光笼罩三千里保护凡俗；葵食宫主以三根碧绿色细针及三叉戟怒刺秦云，秦云以三百六十柄星光之剑光罩抵挡被破，抓住妻子飞遁逃离。,葵食宫主正式出手刺杀秦云，魔道暗杀线爆发。
三千年悟剑,尾巴,战斗描写、转折高潮,战斗、高潮,"秦云以本命飞剑施展护身剑光——悟出的""混沌周天剑光""，融入混沌意境，防御威力在五行剑经""虚无一界""、紫微剑图""万花剑界""之上，挡下葵食宫主三叉戟及三根细针；葵食宫主显露真身，屁股后长出蝎子尾般巨大尾巴，以尾巴尖端怒刺，秦云混沌周天剑光光罩被凹陷近半但终被挡住；神霄道人张祖师在数千里外以十二雷霆神魔阵法遥遥威慑，虚报黄袍尊者、王黔将军之名求救，葵食宫主自知奈何不了秦云且惧怕黄袍尊者，施展大挪移离去。",秦云以混沌周天剑光挡下半步祖魔葵食宫主全力一击，魔道暗杀暂告一段落。
三千年悟剑,后怕,人物心理、设定展开,情感、设定,张祖师坦言黄袍尊者信物是假的（王黔信物是真的），吓跑葵食宫主；天庭王黔将军（半步金仙，率上万天兵驻守明耀疆域）降临，赞秦云能抗住葵食宫主全力出手；王黔建议秦云暂居明耀大世界（有大能隐居更安全）；秦云后怕若非闭关八年周天剑光有所提升，此次自己和妻子恐怕都已身死，决意去换些保命之物；暗魔界葵食宫主回报魔尊失手，承认秦云护身剑术破不了，需实力再提升三四成才有把握。,秦云后怕此番险些丧命，魔尊确认葵食宫主实力不足以杀秦云。
三千年悟剑,萨许师兄的善意,人物引入、装备获取,人物、奖励,"王黔带秦云、伊萧大挪移至明耀大世界；秦云本尊去碧游宫找师兄师姐欲换水属先天奇物（孕养本命飞剑所需），但先天奇物极难寻且混沌精金不敢暴露；自创天罡雷法、媲美大能的萨许师兄主动来访，以三滴""元初之水""换秦云的阴水铁链、五火葫芦两件极品灵宝及一株三劫赤灵果树，并允诺以后最多可再换七滴元初之水；秦云本尊回碧游宫小院开始孕养本命飞剑。",萨许师兄主动以元初之水相助，秦云开始孕养本命飞剑。
三千年悟剑,玉鼎门孟欢,人物引入、环境铺陈,人物、设定,秦云在碧游宫以三滴元初之水（吸收两滴）及混沌精金孕养烟雨飞剑，飞剑威力提升三四成，依旧极品灵宝层次；玉鼎门苍青峰，秦云之子孟欢（元神三重天，道之领域六十里，修冰心剑道）被矮道人卢方以帮忙看守地牢半年为由欺压；卢方与齐师兄背后议论孟欢是靠父亲孟一秋（秦云化名）面子才入苍青峰，对其不顺眼者不少。,孟欢在玉鼎门苍青峰遭同门欺压，为后续秦云为子出头埋下伏笔。
三千年悟剑,抵达玉鼎门,人物引入、情节推进,人物,玉虚宫三代弟子白眉仙人杨崧到玉鼎门，请玉鼎门主、护道人出面邀请秦云（因秦云之子孟欢在玉鼎门）帮忙对付天魔；杨崧透露葵食宫主刺杀秦云失败一事已逐渐传开，确认秦云实力足以帮忙；秦云化身与伊萧在明耀大世界游山玩水时被玉鼎门主邀请，伊萧传音劝秦云去见儿子；秦云携伊萧抵达玉鼎门，孟欢在地牢中遥望父亲背影但需看守地牢未敢出。,杨崧借玉鼎门主邀请秦云帮忙对付寒鲨宫两兄弟，秦云入玉鼎门。
三千年悟剑,飞舟,矛盾展现、悬念设置,伏笔、冲突,"杨崧请秦云帮忙对付寒鲨宫两兄弟（联手都能和半步祖魔斗一斗），秦云只需以周天星界牵制十八魔仆；秦云以需尽快提升实力应对魔道威胁为由，索要杨崧的""千影暗光飞舟""（擅遁逃）为条件，杨崧咬牙答应；秦云欲见孟欢，玉鼎门主等人悄然前往苍青峰，发现孟欢竟在地牢看守，秦云怒意渐生。",秦云以千影暗光飞舟为条件答应出手寒鲨宫，发现儿子被欺压在地牢。
三千年悟剑,惩戒,矛盾收束、情感展现,冲突、情感,"秦云与孟欢在地牢相认，伊萧赠孟欢乾坤袋；玉鼎门主、护道人为示好秦云，在刑罚殿审问矮道人卢方，以违背宗规、心思歹毒之名判其去极光界采集寒冰极光万年，另两名欺压孟欢的弟子同受罚；秦云借玉鼎门主之手""杀鸡儆猴""为孟欢扫清道路；杨崧离去准备对付寒鲨宫之事。",玉鼎门主惩戒欺压孟欢的三名弟子，秦云为子在玉鼎门立威。
三千年悟剑,烟雨剑道,情感展现、悟道,修炼、情感、爽点,"秦云夫妻暂居玉鼎门，秦云指点孟欢剑术三月（抵自学三十年），孟欢天赋极高；秦云将自创剑道定名""烟雨剑道""，亲书《烟雨》剑道书籍授于孟欢（秦云剑道分天地人，孟欢冰心剑道与其大同小异）；杨崧传讯三日内与木龙护法到玉鼎门汇合出发；秦云赠孟欢乾坤袋。",秦云指点孟欢剑术并授《烟雨》剑道书籍，父子情深。
三千年悟剑,寒鲨宫两兄弟,环境铺陈、悬念设置,伏笔、设定,寒鲨世界寒鲨宫，大宫主寒鲨将军（吞天神通）与二宫主魇龙将军欣赏歌舞；明耀大世界玉鼎门内，秦云、杨崧、木龙护法商议对敌之法，木龙护法对秦云态度不善（因秦云杀过妖王孚羊）；三人飞出玉鼎门后杨崧施展大挪移至寒鲨世界；杨崧以五方青火旗封禁万里虚空，青火凝火海烧寒鲨宫，寒鲨将军、魇龙将军率众迎敌，并向魔尊求救。,寒鲨宫之战正式拉开序幕，三方势力对峙。
三千年悟剑,疯狂的杨崧仙人,战斗描写、转折高潮,战斗、高潮,"寒鲨将军以百魔幡放出十八魔仆（天魔九重实力的魔兵）袭击三人；秦云以周天星界三百六十柄星光之剑施展《紫微剑图》""花自飘零""困住十八魔仆；木龙护法化作千丈龙身持木棍战魇龙将军；杨崧以六六黑血飞梭（请巫门炼制融入九十六道黑血大咒）攻击寒鲨将军，寒鲨将军以吞天神通吞入飞梭；葵食宫主奉魔尊命飞来救援但需飞越万里；杨崧燃烧元神引爆飞梭，将寒鲨将军炸得粉碎，寒鲨将军死。",杨崧燃烧元神以六六黑血飞梭一击击杀寒鲨将军，大仇得报。
三千年悟剑,"旁观者""秦云""",战斗描写、核心伏笔,伏笔、战斗,"秦云暗叹杨崧燃烧元神断了修行路、法力大降；杨崧以燃烧元神后暴涨的法力催发六六黑血飞梭攻击魇龙将军，木龙护法以散豆成兵藤蔓束缚魇龙将军，六道乌光钻入其体内将其灭杀，魇龙将军死；杨崧气息虚弱喃喃""曦儿报仇了""；木龙护法收魇龙将军尸体；秦云收集寒鲨将军遗物，收百魔幡及十八魔仆、金轮等，一块白色温润玉牌到手后爆发耀眼光芒，显现古老异兽虚影——竟是混沌雷兽白晓的雷兽府白玉令。",寒鲨宫两兄弟皆毙命，秦云意外获得雷兽府白玉令，本篇最核心伏笔埋下。
三千年悟剑,翻脸,矛盾爆发、转折高潮,冲突、高潮,"白玉令异兽虚影对秦云说""得我宝物，受我因果""后投入玉牌；杨崧、葵食宫主、木龙护法皆震惊，木龙护法懊恼自己选了二宫主宝物却错过了白玉令；秦云收起白玉令；木龙护法飞到近前后突然以木棍偷袭秦云，秦云早有防备以混沌周天剑光挡下；木龙护法索要白玉令一半好处被拒，杨崧怒斥木龙；秦云以周天星界攻破寒鲨宫阵法，星力镇压毙杀大多数天魔；杨崧收缩阵法放秦云、木龙离去，秦云以蒙蒙清光回碧游宫，木龙以黄光离去，杨崧大挪移入寒鲨宫救无辜可怜人。",木龙护法因贪念偷袭秦云未果，秦云安然离去，寒鲨宫之战落幕。
三千年悟剑,消息传播,悬念设置、设定展开,伏笔、设定,杨崧救走寒鲨宫无辜可怜人后离去，葵食宫主赶到时三人已逃，恼怒回归暗魔界；秦云回碧游宫翻看白玉令，揭示混沌雷兽白晓是盘古开天前诞生的混沌神魔之一，半步金仙实力，在道魔战争中为好友报仇战死于祖魔之手，其洞府雷兽府藏有天地灵根先天雷果树（九叶雷果，八万一千年结九枚）；白玉令上次出世是二十多万年前，雷果应熟了三次共二十七枚；白玉令留在碧游宫最安全；得白玉令消息传遍三界，萨许师兄听闻后眼睛一亮（自创天罡雷法困在天仙九重天）。,白玉令消息传遍三界，雷兽府及先天雷果设定展开，引出各方觊觎。
三千年悟剑,换取,装备获取、矛盾展现,冲突、奖励,"十余位碧游宫仙人妖怪聚于秦云庭院求购白玉令六个名额，秦云宣布以先天奇物换名额；萨许师兄率先以十五滴元初之水换一个名额（萨许自认在雷兽府可得十枚以上雷果，故出价高于常人七滴）；明耀大世界玉鼎门，玉鼎门主、护道人来贺秦云获白玉令，火阐道人（玉虚宫三代弟子，天仙九重，大神通在身媲美金仙大能）随后到来，要求秦云将白玉令直接给他，让秦云开条件但""别狮子大开口""。",秦云开始以白玉令名额换先天奇物，火阐道人强势索要白玉令。
三千年悟剑,火阐道人和秦云,矛盾爆发、人物心理,冲突、情感,秦云化身不惧火阐道人（真身在碧游宫），谎称已卖三个名额，愿送一个名额给火阐道人但拒绝交出整个白玉令；火阐道人不满足一个名额，执意索要整个白玉令，秦云讽其恃强凌弱；火阐道人怒言若秦云真身在面前一巴掌拍死；杨崧仙人到来，火阐道人冷冷离去；杨崧提醒秦云小心火阐道人将来找由头灭杀；秦云在碧游宫逐渐交易白玉令名额，欲搜集足够先天奇物将本命飞剑提升至先天灵宝。,秦云与火阐道人彻底翻脸，火阐道人扬言要灭杀秦云。
三千年悟剑,五行先天奇物,装备获取、设定展开,奖励、设定,火阐道人回天界洞府向弟子紫袍青年怒斥秦云不识抬举，誓要看秦云能在碧游宫待到几时；秦云在碧游宫陆续交易：第一天萨许十五滴元初之水，第二天夏侯道人五两极风火浆（火属），第八天得十滴木元之水（木属，源自混沌大神木神句芒）；一个半月后以四种先天奇物孕养本命飞剑至某种界限但还差一点点；三个月后秦云拒收非土属先天奇物（如凤凰火精、雷龙仙辇），只等土属。,秦云陆续搜集到金水火木四行先天奇物，独缺土属。
三千年悟剑,本命先天灵宝,装备获取、转折高潮,奖励、高潮,"白衣女子牧仙子以半斤息壤（土属先天奇物）换最后一个名额；秦云将五行先天奇物（混沌精金、元初之水、极风火浆、木元之水、息壤）齐备，在碧游宫静室孕养本命飞剑，以混沌精金锋利无匹为主、其他四种力量为辅，半个时辰后本命飞剑蜕变为""本命先天灵宝""——烟雨飞剑，内含一条完整大道，蒙蒙烟雨笼罩静室，飞剑威能比葵食宫主还强一筹，足以对大能产生威胁；烟雨领域可笼罩万里掌控虚空，威力在周天星界之上；秦云肉身弱但飞剑护体便无所畏惧。",秦云本命飞剑蜕变为先天灵宝，实力实现质的飞跃。
三千年悟剑,第六个名额,情感展现、伏笔埋设,伏笔、情感,"秦云参悟本命飞剑内大道（与其烟雨剑道一脉相承），以本命飞剑为师揣摩，成就金仙希望大增；八个月后秦云出关，决定最后一个名额邀神霄道人张祖师同往雷兽府（张祖师自创神霄雷法卡在天仙六重天，先天雷果对其有大帮助）；秦云前往张祖师庭院，张祖师因名额珍贵本欲拒绝，秦云以修行路不易、念过去交情力劝，张祖师终于答应""欠你的将来还""。",秦云将第六个白玉令名额赠予张祖师，六人名额齐备。
三千年悟剑,雷兽府,环境铺陈、设定展开,设定,六人（秦云、萨许、牧仙子、夏侯道人、乌角妖王、张祖师）汇聚秦云庭院，萨许实力最强媲美大能，牧仙子、夏侯、乌角为半步金仙，张祖师天仙九重佼佼者，秦云元神剑仙；六人蒙蒙清光降临至雷霆界（混沌雷兽白晓建雷兽府的小世界，表面被雷霆覆盖，有九重雷霆云层）；六人穿过九重云层抵达苍茫大地，见到远处雷兽府洞府；萨许揭示混沌雷兽白晓为好友报仇发疯拼掉性命而死。,六人进入雷霆界雷兽府，混沌雷兽之死秘辛初揭。
三千年悟剑,搅乱时空,设定展开、悬念设置,伏笔、设定,六人入雷兽府，白玉令嵌入府门阵图开门后被收走；白发老者护法神将说明规矩：山腰三座宫殿为三重考验（实力越强分雷果越多），另有七十二处雷法考验（不修雷法别进），十年期限一到送离；雷兽府时空被雷池搅乱，不同区域时间流速不一（最快一千两百倍）；山顶可见先天雷果树（雷霆凝聚的树）；张祖师揭示三座主殿需天仙九重、半步金仙、大能者实力方有望通过；萨许率先飞入第一主殿。,雷兽府规矩及时空搅乱设定展开，六人开始闯三座主殿。
三千年悟剑,秦云的计划,人物心理、伏笔埋设,伏笔、情感,秦云揭示其来雷兽府的真正目的——找一处时间流速快、安全、适合修行之地闭关（最缺时间），雷兽府最快一千两百倍，十年可修行一万两千年，且时空搅乱利于参悟时空；秦云以本命先天灵宝烟雨飞剑轻松闯过第一主殿四象阵；萨许闯过第二主殿飞向第三主殿；牧仙子闯过第二主殿；夏侯道人闯第二主殿失败被轰出；秦云前往第二主殿前等待。,秦云来雷兽府的真正目的是借时间加速闭关悟剑，秦云轻松闯过第一主殿。
三千年悟剑,无声无息,战斗描写、转折高潮,战斗、高潮,牧仙子闯第二主殿成功，夏侯失败被轰出；乌角妖王拼尽全力断一腿一臂闯过第二主殿；牧仙子、张祖师先后去闯七十二重雷法考验；秦云独闯第二主殿，以烟雨飞剑灭百名将士阵法及巍峨巨人双锤考验，闯过第二主殿；萨许闯过第三主殿需一个月；秦云前往时间流速最快处闭关。,秦云闯过第二主殿，前往时间最快处开始三千年悟剑修行。
三千年悟剑,天仙极致,悟道、悬念设置,伏笔、修炼、爽点,秦云在时间流速最快处（一千两百倍）潜修，第四个月（实际三百年）达天仙极致瓶颈；张祖师在一处雷法考验宫院修圆满都天神雷阵（因自创神霄雷法融入十二都天神煞大阵故契合），获十二杆阵旗；夏侯道人目睹后心生贪念，欲从张祖师手中夺取十二杆阵旗。,秦云达天仙极致，夏侯道人起贪念欲夺张祖师法宝。
三千年悟剑,救援,矛盾爆发、转折高潮,冲突、高潮,夏侯道人在碧叶湖宫院对张祖师出手，欲强夺十二杆阵旗（张祖师刚进雷劫金刚身考验出不去无法逃）；张祖师真身在大昌世界向秦云化身求救，请秦云帮忙找萨许等人救援；秦云本尊在雷兽府闻讯，不顾护法神将劝阻（不修雷法进去出不来会被困十年），直接闯入碧叶湖宫院救援张祖师，因此少修行九千年。,夏侯道人强夺张祖师法宝，秦云为救好友闯入雷法宫院。
三千年悟剑,神通大成,战斗描写、转折高潮,战斗、高潮,"秦云以本命先天灵宝烟雨飞剑及烟雨领域击退夏侯道人；夏侯以七柄雷霆神剑及小捆仙绳攻击秦云，秦云展现大成""周天星衣""（自成完整一界、世界外放），夏侯攻击连世界都破不了；秦云以烟雨飞剑困敌招数困夏侯未果；夏侯道人察觉秦云已达半步金仙实力，知难而退离去，临走劝秦云""护不了张祖师一世""。",秦云展现大成周天星衣击退夏侯道人，救下张祖师。
三千年悟剑,少了九千年,人物心理、情感展现,情感,夏侯道人离去后推断秦云拥有先天灵宝（元神法力却能达半步金仙威力），眼馋但知难而退；秦云被困宫院（时间流速仅两百倍），接下来九年等于少修行九千年（原可一万两千年变三千年）；张祖师愧疚，将十二杆阵旗及雷法大印等最重要法宝交秦云保管（不带宝物反而安全，夏侯为阵旗不会杀同门）；秦云在宫院继续参悟周天星界。,秦云为救张祖师少修行九千年，张祖师将法宝交秦云保管。
三千年悟剑,三千年修行,悟道、伏笔深化,伏笔、修炼、爽点,秦云修行三百余年达天仙极致，一千年周天星衣大成，一千六百年后周天星界亦大成（三百六十颗星辰飞剑）；三位护法神将（黑袍老者、金袍男子、魁梧壮汉）暗中赞叹秦云悟性（上古妖族天帝两门大神通后学者最多大成，秦云短短时间达到），讨论秦云与萨许潜力，认为秦云更胜一丝（剑仙杀伐无敌）；护法神将揭示混沌雷兽白晓为好友报仇战死，被祖魔摩修杀得魂飞魄散只剩一缕真灵投胎转世，在轮回中永远沉沦；秦云在雷兽府修行满三千年。,秦云两门大神通皆大成，混沌雷兽为好友报仇战死的核心伏笔深化。
三千年悟剑,分雷果,转折高潮、装备获取,奖励、高潮,十年期限到，六人被挪移至山顶宫殿后院先天雷果树前；黑袍老者、魁梧壮汉分雷果，再次声明因果——金仙顶尖实力时需杀死祖魔摩修（心魔一脉祖魔，擅蛊惑人心）；分果结果：夏侯3枚，乌角3枚+葫芦，张祖师3枚+葫芦，牧仙子4枚+葫芦，秦云与萨许各7枚+葫芦；夏侯质疑秦云半步金仙实力为何与萨许相当。,六人分雷果，秦云与萨许各得七枚为最多，夏侯质疑分配不公。
三千年悟剑,萨许师兄,矛盾爆发、转折高潮,冲突、高潮,秦云揭露夏侯道人对同门出手欲夺张祖师法宝之事，牧仙子怒视夏侯；萨许表示相信秦师弟，并提及夏侯曾算计过洪师弟；夏侯狡辩；六人被挪移出雷兽府至雷霆界大地；萨许以三十六杆天罡阵旗布天罡雷法大阵，要夏侯交出所有宝物作为惩戒；夏侯拒绝并欲化作雷霆遁逃。,萨许以天罡雷法大阵困夏侯道人，惩戒其夺宝之罪。
三千年悟剑,江河滔滔,战斗描写、转折高潮,战斗、高潮,"萨许以内天罡九转雷霆狂攻夏侯，夏侯以七音雷神袍、阵图、七柄雷霆神剑全力护身勉强抗住；秦云以大成周天星界三百六十柄星辰飞剑施展自创困敌招数""江河滔滔""（水流滚滚层层环绕形成数百里水球），将夏侯困住；萨许将三十六杆阵旗放入水球内继续内天罡九转雷霆轰击；夏侯逃无可逃，乞求饶恕。","秦云以""江河滔滔""困住夏侯道人，萨许雷霆狂攻，夏侯求饶。"
三千年悟剑,归来（本篇终）,矛盾收束、转折高潮,冲突、高潮,"夏侯求火德星君罗宣（碧游宫金仙大能、天庭火部众神之首）化身出面调解，萨许拒绝给罗宣面子，罗宣化身离去；夏侯法力耗尽（两天两夜内吞服三枚雷果），被夺全部宝物；萨许取小捆仙绳及七音雷神袍，其余归秦云；五人回碧游宫，秦云将法宝归还张祖师；张祖师闭关修行神霄雷法九重天法门（已有五成把握，望服雷果后尽快创出）；秦云篇末感叹""三千年修行，神通、剑法都有所悟，该去万法池了""，准备冲击金仙道果。",夏侯道人被夺全部宝物作为惩戒，秦云篇末准备去万法池冲击金仙道果，第十四篇《三千年悟剑》完整落幕。
名传三界,万法池内修行,设定展开、伏笔埋设,伏笔、设定,"秦云在碧游宫梳理三千年修行感悟后，入万法池闭关修行（每弟子仅一次机会、三年期限）。万法池七彩灵气令其悟性蜕变，秦云沉浸于自创剑术，欲将诸多感悟融合为一条大道。同时夏侯道人与一位匹敌大能的高瘦男子""苍兄""密谋——推断秦云拥有先天灵宝飞剑，商议夺宝之法但忌惮""周天星衣""""周天星界""两门大神通大成。暗云魔界奎弗帝君突破天魔七重天（天魔后期），妄图达半步祖魔实力后占领大昌世界。",秦云入万法池闭关修行，夏侯道人密谋夺宝，奎弗帝君突破天魔后期妄图占领大昌世界。
名传三界,匹敌大能？,悟道、设定展开,修炼、设定、爽点,"万法池修行一年半，秦云悟出最厉害的一招金仙层次剑招""风波恶""（由对魔头杀机演变），招数威力达金仙大能层次。秦云阐述剑道根基""天地人""三才——成道即金仙顶尖，圆满需悟天之大道、地之大道、人之大道三条大道。夏侯道人多方寻找秦云真身无果（万法池隔绝一切探查）。明耀大世界秦依依与韩林（韩家子弟）姐弟相称行走天下十余年，韩林邀秦依依回韩家玉屏界。","秦云悟出首式金仙层次剑招""风波恶""，剑道根基""天地人""三才设定展开，秦依依随韩林前往韩家。"
名传三界,出关,转折高潮、人物心理,情感、高潮,"万法池三年期满，秦云出关返回明耀大世界与妻子伊萧团聚。秦云坦言自己已""媲美大能""（不用本命飞剑单凭周天星界星辰飞剑即大能级数），悟出五式金仙层次散招。但离金仙大道""只差一线""始终未能突破。秦云返乡大昌世界小镜湖畔日日参悟。暗云魔尊三年后才得知雷霆界一战秦云已有半步金仙实力、两门大神通大成，判断""杀不了他就罢了""。韩家玉屏界出大事——金枫仙人及八位仙人被杀，韩家封禁虚空严防凶手。",秦云万法池出关实力达媲美大能，暗云魔尊放弃对付秦云，韩家玉屏界遭大难金枫仙人被杀。
名传三界,大巫示警,人物引入、矛盾展现,人物、冲突,"竺喉魔王（吞灵一脉十六魔王之一，半步祖魔）吞吃金枫仙人及其麾下八位仙人元神，此前伪装示弱引金枫出手，真实实力一招可灭金枫。竺喉魔王欲吞吃整个玉屏界数百位仙人及生灵，布阵准备强攻玉屏山。大昌世界小镜湖畔，巫门九重大巫""彭水大巫""以小草人感应到秦依依将有大危险，告知秦云其女在玉屏界。秦云大惊，以大挪移之术（雷兽府三千年悟出）瞬移赶赴玉屏界。",竺喉魔王真实身份揭晓欲吞吃玉屏界，彭水大巫示警秦云女儿有难，秦云大挪移赶赴救援。
名传三界,韩家求援,环境铺陈、人物心理,情感、设定,秦云抵达玉屏山韩家山门，韩家戒备森严。韩家老祖金澶仙人通过天庭师伯请明耀疆域驻军白将军（半步金仙、碧游宫弟子）率天兵监视玉屏界待凶手现身即发兵。金澶仙人得知金枫死讯后悲痛万分，通过化身与秦云交流，坦言怀疑凶手为半步祖魔。秦云见到女儿秦依依及韩林。竺喉魔王此时现身玉屏山上空准备动手。,韩家求援天庭白将军待命，金澶仙人悲痛弟弟之死，竺喉魔王现身准备强攻玉屏山。
名传三界,秦云出手,战斗描写、矛盾爆发,冲突、战斗,"竺喉魔王激发""虚空颠倒大阵""令万里范围虚空颠倒错乱，以十二条巨大触手强攻玉屏山阵法。金澶仙人认出竺喉魔王，韩家阵法迅速被破。天庭北辰宫将军发现竺喉魔王现身。秦云带女儿飞出阵法范围，施展大神通""周天星界""（三百六十柄星辰飞剑），阻挡住十二根触手。明耀疆域驻军王黔师兄率五千天兵赶到。",竺喉魔王强攻玉屏山，秦云以周天星界正面抵挡，王黔天兵赶到支援。
名传三界,天兵天将,人物引入、战斗描写,人物、战斗,"王黔将军率五千天兵进入虚空颠倒大阵，秦云以星力护体天兵。竺喉魔王将十二触手收回、双臂化作一对更强大的鲜艳触手继续破阵。秦云放弃拦触手转以三百六十柄星辰飞剑直攻其肉身，迫使竺喉魔王全力守护无法再攻阵。天庭托塔李天王帐下先锋大将""巨灵神""（混沌神魔后裔、肉身成圣、天仙九重天媲美大能）率一万精锐天兵降临玉屏界星空，布""天罗地网阵""四面八方包围整个玉屏界。巨灵神一斧摧毁虚空颠倒大阵上千里范围。",巨灵神率一万精锐天兵降临布天罗地网阵，一斧摧毁虚空颠倒大阵，竺喉魔王陷入包围。
名传三界,困敌的本事,战斗描写、转折高潮,战斗、高潮,"竺喉魔王循自布退路飞出虚空颠倒大阵，天罗地网阵罗网束缚令其速度降至巅峰三成。巨灵神携五千天兵军阵狂攻，竺喉魔王靠丹药恢复硬抗，一心朝小世界外飞行（出小世界其师尊可接引离去）。秦云以自创五大剑招之一""水囚笼""（擅长困敌的大神通+擅长困敌的剑招）全力困住竺喉魔王，令其飞行速度不及巅峰千分之一。巨灵神见状大喜，先前对秦云的怠慢态度转为热情。秦云暗忖单靠自己杀不死竺喉魔王，须靠巨灵神及天兵天将合力。","秦云以""水囚笼""全力困住竺喉魔王令其龟爬，巨灵神态度转变，合力斩杀在望。"
名传三界,拉拢,转折高潮、爽点设置,爽点、高潮,"竺喉魔王以""血煞灭魂钉""偷袭秦云，被""周天星衣""外放世界轻松挡住。竺喉魔王绝望，丹药耗尽后被巨灵神携军阵一斧劈死，身体崩解仅剩两根触手完好。吞灵一脉自此剩十五魔王。秦云功德清光大涨。巨灵神奉托塔李天王之命将全部战利品（含两根珍贵触手，价值约半件先天灵宝）归于秦云，并热情拉拢秦云上天庭。秦云、巨灵神、王黔三位半步金仙在韩家饮酒。韩家族人纷纷吹捧韩林抱上秦剑仙靠山。",竺喉魔王被合力斩杀，巨灵神奉李天王之命赠全部战利品并拉拢秦云上天庭。
名传三界,奎弗帝君的抉择,人物心理、转折高潮,情感、高潮,巨灵神再次劝秦云上天庭（至少五品仙官、有三太子哪吒当靠山），秦云婉拒——碧游宫法门宝物不缺，何必受天规束缚。巨灵神率天兵离去，秦云带女儿及韩林离开玉屏界回明耀大世界。此战观战者众多，秦云半步金仙实力及两门大神通大成、困敌手段罕见（金仙大能中屈指可数）的情报迅速传遍三界，各方争相拉拢。暗云魔界奎弗帝君得知秦云已达半步金仙，自知无力占领大昌世界，决意回黑暗魔渊禀告老祖。,秦云婉拒天庭拉拢，竺喉魔王之战令其名传三界，奎弗帝君决意回黑暗魔渊禀告老祖。
名传三界,波迦老祖,人物引入、设定揭示,人物、揭示、设定,"奎弗帝君获暗云魔尊允许返回黑暗魔渊，求见波迦氏族老祖""波迦""（混沌神魔，四脸八臂，黑暗魔渊九大氏族之一老祖）。奎弗帝君告密：大昌世界地底深处有百丈长的先天奇物""星辰石""（世界根基，法力无法感应须肉眼可见，寻常三五丈即抵一件先天灵宝）。波迦老祖大为震动，化身亲赴大昌世界火山深处确认百丈星辰石，但无法强夺（星辰石与世界一体、须先占领世界转化为魔道世界后方可取出）。波迦老祖将奎弗帝君囚禁于波迦宫严加看守。",波迦老祖登场，奎弗帝君告密大昌世界百丈星辰石，波迦老祖化身确认后囚禁奎弗帝君。
名传三界,名为'黑翼',人物引入、伏笔埋设,人物、伏笔,"波迦老祖派波迦一族十一魔尊之首""黑翼魔尊""（修炼肉身、有大神通、天魔九重天媲美祖魔）率五位半步祖魔（擅阵法）前往大昌世界，令其悄悄布置阵法将大昌世界建为固若金汤的魔道巢穴，叮嘱务必小心不可惊动秦云、神霄道人。黑翼魔尊率五位半步祖魔两次大挪移抵达大昌世界外星空。秦云在广凌城街头陪伊萧吃糖葫芦（回忆年幼时光），以法力为一名孩童改造牙齿，丝毫不知魔头已潜入。",黑翼魔尊率五位半步祖魔潜入大昌世界布阵，秦云浑然不知享受红尘之乐。
名传三界,惊了,转折高潮、矛盾爆发,冲突、高潮,"五位半步祖魔分散布阵（计划七天），黑翼魔尊独坐山头等待。秦云在小镜湖畔参悟时空招数，随手拍击虚空产生空间波动，竟波及五万里传递大昌世界约八成范围，无意中扫过正在布阵的灰袍老者等五位半步祖魔及黑翼魔尊。双方同时惊觉——魔头们被""发现""，秦云也惊觉有魔头潜入且布有大量阵法。黑翼魔尊连忙传令所有已布阵法立即激发，秦云立即施展""周天星界""以无尽星力笼罩三万里范围开始破坏阵法。",秦云参悟时空招数的空间波动无意中发现魔头布阵，双方同时惊觉，魔道提前激发阵法。
名传三界,天庭震动,矛盾爆发、转折高潮,冲突、高潮,秦云以星力化作巨大手掌四处破坏阵法阵旗阵盘，五位半步祖魔激发已布阵法——大昌世界虚空完全封禁，巨大石柱升起，黑色光罩笼罩大昌十九州陆地，百姓惊恐。天道震怒，劫云镇压六位魔头但被不屑硬抗。神霄道人以雷霆之眼看清全局，惊怒魔道欲将大昌世界转化为魔道世界（生灵将几近死绝），传音秦云不惜一切阻止。天庭北辰宫天将发现大昌世界大波动，判断魔道要建新巢穴，立即上禀。玉帝亲自下令命哪吒三太子（天庭第二战将、金仙顶尖肉身成圣）点二十八星宿率十万天兵下界捉拿黑翼魔尊。,魔道大阵笼罩大昌十九州，神霄道人惊觉灭世浩劫，玉帝命哪吒率二十八星宿十万天兵下界。
名传三界,世界转化,矛盾爆发、战斗描写,冲突、战斗,秦云令神霄道人去碧游宫求援，自己先牵制。秦云以三百六十柄星辰飞剑分五方向袭杀五位半步祖魔。黑翼魔尊（遭天地+周天星界压制实力降三成）令虓魔王（血海一脉魔王、半步祖魔、负责转化世界）打通世界通道引魔道天道入侵，虓魔王一掌灭杀一座城池生灵，魔道天道吸收生命力量扩张至三百里。秦云怒极放出本命飞剑烟雨飞剑（先天顶尖灵宝，一个呼吸飞三万里）直奔虓魔王。黑翼魔尊惊觉秦云飞剑为先天灵宝，传音提醒虓魔王。,虓魔王打通世界通道引魔道天道入侵并灭绝一座城池，秦云怒放烟雨飞剑直奔虓魔王。
名传三界,秦云的第六剑,战斗描写、转折高潮,战斗、高潮,"秦云以万法池出关后在家乡参悟时空奥妙所悟出的第六式金仙层次剑招""梦幻泡影""（蕴含时空奥妙、最快一剑）连刺虓魔王，虓魔王的十二片血色残月法宝及黑色虚影护身均拦不住，数剑便灭虓魔王一具分身（血海一脉真身为血海、在外行动的是分身，分身被灭无损根基但损伤颇大）。秦云再以烟雨飞剑三剑轰破世界通道，魔道天道收缩退回，数百里范围已成死地。秦云杀意冲天转杀其他半步祖魔，黑翼魔尊飞行极快只能跟在烟雨飞剑后面。","秦云以第六式""梦幻泡影""灭虓魔王分身并轰破世界通道，黑翼魔尊确认秦云实力媲美大能。"
名传三界,各方齐聚,矛盾爆发、环境铺陈,冲突、设定,"【原文此章内容与第十四章""天庭震动""完全重复】秦云以星力破坏阵法阵旗阵盘，五位半步祖魔激发已布阵法，大昌世界虚空封禁、黑色光罩笼罩大昌十九州。天道震怒劫云镇压六位魔头被不屑硬抗。神霄道人惊觉魔道欲转化大昌世界，传音秦云不惜一切阻止。天庭北辰宫天将发现后上禀，玉帝命哪吒三太子率二十八星宿十万天兵下界捉拿黑翼魔尊。",【与第十四章内容重复】魔道大阵笼罩大昌十九州，天庭下令哪吒率大军下界。
名传三界,黑翼魔尊和秦云,战斗描写、转折高潮,战斗、高潮,"碧游宫金仙、天庭高层、黑暗魔渊波迦老祖等祖魔皆遥遥观战。萨许仙人、邹道人率先攻打笼罩大昌十九州的魔道大阵，发现阵法致命缺陷——未转化为魔道世界则无法引动天地之力、消耗自身力量终将自破。二十八星宿也到场合攻。黑翼魔尊令三位半步祖魔引动黑暗魔渊天道渗透（仅三里范围），令其屠戮百万生灵转化世界。秦云以""水囚笼""困住三位半步祖魔阻止其屠戮生灵，黑翼魔尊冲出水囚笼杀向广凌城。秦云以烟雨飞剑从内部破坏江心岛阵法关键。二十八星宿传音提醒秦云不可硬抗黑翼魔尊。",萨许邹道人发现阵法缺陷，秦云水囚笼困三半步祖魔+内部破坏阵法关键，黑翼魔尊杀向秦云。
名传三界,阵破，逃！,战斗描写、转折高潮,战斗、高潮,"神霄道人自责实力不足只能当看客。秦云以烟雨飞剑与黑翼魔尊交手处下风（黑翼魔尊肉身强横、力大无穷、速度极快），改以""雨如烟""（极尽空间造诣的一招）纠缠黑翼魔尊。二十八星宿动用重宝""星盘""（价值抵一件先天灵宝）全力破阵，阵法溃散。三位半步祖魔自爆欲求接引。黑翼魔尊欲逃前以三叉戟全力刺秦云""周天星衣""外放世界膜壁，连续数刺未能破开。秦云收回远处星辰飞剑重新凝聚，以""水囚笼""困住黑翼魔尊，二十八星宿急传音""缠住他""。",二十八星宿动用星盘破阵，三半步祖魔自爆，黑翼魔尊逃前刺不破周天星衣被水囚笼困住。
名传三界,生擒活捉,战斗描写、转折高潮,战斗、高潮,"黑翼魔尊朝星空飞逃，哪吒三太子令十八座天罗地网阵完全爆发困住黑翼魔尊。黑翼魔尊激发保命护身符令（灰光护体）继续遁逃，萨许仙人、邹道人远距离降雷霆火焰，二十八星宿部分遥施法术。秦云以""水囚笼""全力困住黑翼魔尊一个（上次困三个阻碍力度弱），烟雨飞剑一次次轰击。黑翼魔尊速度降至巅峰三成，二十八星宿终于追上，联手出手（威力媲美金仙顶尖）将其完全困死。黑色锁链成功缠绕黑翼魔尊双臂封禁法力，将其生擒。哪吒三太子俯瞰接应。",十八座天罗地网阵+水囚笼+烟雨飞剑合力围困，二十八星宿追上合力生擒黑翼魔尊。
名传三界,隔空交锋,转折高潮、核心伏笔,伏笔、高潮,萨许仙人、邹道人与秦云会合，感慨秦云实力突破之快、此战注定名传三界。二十八星宿押解黑翼魔尊飞出小世界，哪吒三太子亲自接应。吞灵老祖（蚊道人，混沌神魔、祖魔圆满、魔中之魔）从深层虚空出手——血色长梭缠乾坤圈、白骨长梭刺向黑翼魔尊欲接引，哪吒三太子掷乾坤圈+出枪拦截被击退。关键时刻，太乙真人（太乙救苦天尊分身、哪吒师尊）的拂尘从虚空夹层显现拦住白骨长梭。吞灵老祖怒退，黑翼魔尊绝望。哪吒率大军押解黑翼魔尊挪移回天庭。,吞灵老祖隔空出手欲救黑翼魔尊被太乙真人提前埋伏阻拦，哪吒安全押解回天庭。
名传三界,斩,转折高潮、伏笔深化,伏笔、高潮,"萨许仙人、邹道人向秦云讲述太乙真人（太乙救苦天尊分身、混沌未开时的古老存在、道魔战争才暴露）与吞灵老祖（混沌神魔蚊子、先修道后修佛再修魔、开创吞灵一脉、投靠魔祖）的来历。碧游宫金仙圆满仅大师姐""无生老母""。秦云与张祖师商议魔道别有所图（明明有暗云魔界还要建大昌世界巢穴、且恰选家乡），但探查不出真正原因。张祖师决意搜集宝物修炼十二神魔化身圆满、尝试突破天仙九重天。天庭斩魔台上，黑翼魔尊被斩（魂魄完全湮灭仅剩一缕真灵投胎，斩魔台是天庭最狠辣之处）。黑暗魔渊波迦老祖遥遥看着斩魔台一幕沉默无语。",黑翼魔尊被天庭斩魔台斩杀魂魄湮灭，秦云张祖师商议魔道别有所图，张祖师决意闭关突破。
名传三界,谁都不见（本篇终）,伏笔深化、悬念设置,伏笔,"吞灵老祖（蚊道人化身）降临波迦宫，告知波迦老祖""失手了""——太乙真人不顾身份提前埋伏，未能救回黑翼魔尊。吞灵老祖质疑波迦老祖""真的仅仅只是为了占领大昌世界""，波迦老祖谎称是为了对付秦云（查探到秦云得了一件先天顶尖灵宝飞剑），糊弄过去。吞灵老祖离去后，波迦老祖暗道星辰石才是大昌世界真正的宝藏，知道秘密的仅他和被囚的奎弗帝君，""失败一次不要紧，我有的是耐心""。大昌世界，秦云与张祖师以五位半步祖魔遗留宝物及魔道阵法换八座守护大阵（固若金汤，护大昌十九州及周围千里海域），半月布置完毕。张祖师闭关突破天仙九重天。洪九渡劫成天仙（借秦府三本天仙顶尖典籍）。秦云默默自语不知何时才能悟出天仙法门。黑暗魔渊，波迦老祖欲见魔祖，被血甲魔兵拦——""主人谁都不见""。",波迦老祖隐瞒星辰石秘密糊弄吞灵老祖暗藏卷土重来之心，秦云张祖师布八座守护大阵护大昌世界，波迦老祖欲见魔祖被拒，全篇完整落幕。
渡劫,灭星,人物引入、悬念设置,人物、伏笔,"黑翼魔尊之战过去三年，魔道未再来犯。秦云在大昌世界广凌城小镜湖畔参悟剑道，已创出金仙层次剑招共八招，却始终未能成就大道。神霄门张祖师闭关，十二雷霆神魔化身修炼圆满、随时可突破天仙，神霄雷法九重法门有八成把握，却盼魔道来得越晚越好以更从容完善法门。黑暗魔渊深处，混沌黑云神魔""灭星大尊者""出关，得知波迦老祖曾来访。灭星大尊者乃盘古开天前混沌中的一团黑云，生来半步祖魔实力，喜吞吃星辰，后拜入吞灵一脉，悟出大道却不突破祖魔，实力媲美祖魔顶尖，被公认为大能以下三界最强。波迦老祖以先天灵宝""太阴盘""为代价，请灭星出手占领大昌世界，双方立心魔之卷约定：出发前借太阴盘，成功则归灭星。波迦老祖透露大昌世界秘密为百丈星辰石，令灭星吃惊。篇首正式开启第十六篇""渡劫""。",灭星大尊者登场，波迦老祖以先天灵宝太阴盘为代价请其出手攻占大昌世界。
渡劫,凶威,转折高潮、氛围营造,设定、高潮,灭星大尊者炼化太阴盘三天后抵达大昌世界外星空，与太阴盘混沌神魔之躯极为契合，实力至少增加五成。秦云与张祖师布置的八座大阵瞬间激发庇护大昌十九州，四海龙族三年前已迁入阵法范围。灭星随手一击威力远超黑翼魔尊，秦云心惊认出灭星大尊者。张祖师化身传音表示立即突破、让秦云先主持阵法。佛门十八罗汉赶到，天庭三十六天罡七十二地煞一百零八位神将也到齐。灭星持太阴盘引动太阴星之力形成太阴领域，邀众罗汉天罡地煞入内一战，众罗汉神将因太阴盘之威不敢轻入，灭星大尊者得意大笑。黑暗魔渊众祖魔遥观，见天庭佛门吃瘪颇为畅快。秦云与伊萧在东海上空见状脸色大变。,灭星大尊者携太阴盘降临，十八罗汉与一百零八天罡地煞均不敢入太阴领域交战。
渡劫,二郎真君杨戬,人物引入、转折高潮,人物、高潮,伊萧焦急询问十八罗汉、天罡地煞联手为何仍怕灭星。秦云解释灭星有太阴盘实力大增，又最擅破坏连先天灵宝都能毁，大阵若破将出现死伤；秦云承认面对灭星不敢动用本命飞剑，自身实力仅媲美普通大能。秦云推断真正对付大昌世界的是波迦老祖，太阴盘即请灭星出手的代价。此时二郎真君杨戬携哮天犬撕裂时空降临，众天罡地煞、十八罗汉恭敬行礼。杨戬乃天庭第一战将、玉虚宫第一战将，修三界第一炼体法门八九玄功，顶尖金仙中最强者，曾杀七位祖魔。杨戬对秦云颇为欣赏因秦云先后令多位魔头栽跟头。杨戬吩咐众罗汉天罡地煞在星空牵制灭星，自己护其周全。灭星化黑云伸两条红色岩石手臂入星空抓杨戬，杨戬一虚幻大手印将手臂打退。灭星真身狡猾躲在小世界内仅伸手臂，杨戬亦无法摧毁其吞灵手臂。杨戬传音秦云与张祖师，将令众罗汉天罡地煞倾力出手短时缠住灭星，让他们趁机带少部分人逃离大昌世界。秦云吃惊杨戬素不相识竟如此相助。,二郎真君杨戬降临，一掌击退灭星手臂，传音劝秦云等人趁机逃离大昌世界。
渡劫,唯一的法子,转折高潮、人物心理,情感、高潮,"秦云与张祖师因果传音恳请杨戬救大昌世界亿万生灵。杨戬坦言无法真身降临小世界，在小世界灭星无敌，天庭佛门亦非无所不能。张祖师此时突破天仙九重成功，神霄雷法根基极深，自创法门一突破法力即直奔天仙九重。张祖师出关与秦云联手试阻灭星，秦云凝结三百六十柄星辰飞剑、张祖师施十二雷霆神魔化身及混沌层次灰色雷霆，然灭星两条红色手臂轻松击碎水囚笼、湮灭灰色雷霆，二人招数毫无作用。杨戬传音劝二人保有用之身带人逃离。张祖师急色万分，家乡亿万生灵覆灭比杀他还难受。秦云目光扫过大昌世界无数向神佛乞求的凡人，决意撤去遮掩法术故意引动天劫降临。张祖师吃惊问秦云是否创出剑仙天仙法门要渡劫。秦云答""这是唯一的法子""。",张祖师突破天仙九重仍不敌灭星；秦云撤去遮掩法术引动天劫，以渡劫为救家乡唯一法子。
渡劫,秦云渡劫,悟道、转折高潮,修炼、高潮、爽点,秦云面对劫云，度过天劫可灵肉合一成天仙。原文展开功德仙（有大功德可直接成仙免天劫）、散仙等设定。秦云传音伊萧称剑仙天仙法门有五成把握，实则心中默念法门粗糙仅一两成希望，说五成仅为安慰妻子。天劫风、火、雷三灾劫降临，秦云功德极大仅三重风火雷劫（常人九重），护体神通周天星衣轻易挡住。三界众多大能关注此战，天庭金仙、佛门佛陀、各方妖圣祖龙祖巫、黑暗魔渊祖魔乃至碧游宫灵宝天尊均在观看。波迦老祖催促灭星赶紧破阵阻止秦云渡劫，灭星自信即便秦云成天仙九重天也非其对手。第三道雷霆中一丝神秘雷霆之力透入秦云身体促进灵肉合一，秦云运转自创法门开始尝试元神肉身融合，刚尝试即觉全身刺痛知悉不妙。,秦云以仅一两成把握的粗糙法门渡劫，三界众大能围观，灵肉合一开始即现不妙之兆。
渡劫,散仙秦云,转折高潮、设定展开,设定、高潮,秦云元神法力对肉身负担太大，灵肉合一刚开始即崩溃，肉身最深层次崩解消散，仅剩元神。伊萧、张祖师、众罗汉神将、杨戬及碧游宫灵宝天尊均叹息秦云成了散仙。原文详述散仙设定：摆脱肉身桎梏可尽情强大元神，道有多强元神即可多强，但遭天道压制千年一劫、一劫比一劫强，需金仙大能方能度过九劫，金仙顶尖度过十劫，金仙圆满度过十一劫，十二劫从无诞生；且散仙修行时间短，九千年即九劫。魔道崛起后散仙成绝路，因大能投胎转世必遭魔祖灭杀魂魄仅剩真灵。秦云早知十有八九失败，元神经天劫雷霆之力转化自然转修散仙，法力精纯结合剑道达天仙极致，最大短板法力就此弥补。本命飞剑得雄浑法力孕养威能急剧暴涨。秦云施烟雨飞剑出阵迎击灭星。伊萧回忆秦云当年拼死搏杀水神大妖的身影，张祖师表示从今日起对秦云由佩服转为敬重。,秦云灵肉合一失败成散仙，散仙法力精纯弥补最大短板，施烟雨飞剑出阵迎击灭星。
渡劫,秦云战灭星,战斗描写、转折高潮,战斗、高潮,"秦云散仙元神思维快百倍，修行一年抵过去百年。烟雨飞剑施烟雨领域竟压制灭星太阴领域，飞剑速度爆发令灭星一条手臂抓空，另一手臂扫中飞剑将其扫远。灭星施先天灵宝""摩云锁天链""对付飞剑。星空众罗汉神将震惊秦云领域压太阴领域一头、令灭星动用摩云锁天链，判断秦云飞剑为本命先天灵宝或先天顶尖灵宝，实力媲美金仙顶尖。杨戬俯瞰秦云恍惚看到曾经的自己。秦云施密密麻麻细雨飞剑分三部分成三条飞剑河流席卷摩云锁天链及两条手臂，水囚笼缠住锁天链，令两条手臂速度变慢，烟雨飞剑一闪而逝突破拦截。灭星不顾飞剑全力以两条手臂攻击阵法欲破阵杀秦云真身，秦云脸色微变——剑仙身体是最大弱点。",秦云散仙法力暴涨后烟雨领域压太阴领域，与灭星激战；灭星转而全力破阵欲杀秦云真身。
渡劫,终成大道,悟道、转折高潮,修炼、高潮、爽点,烟雨飞剑杀入黑云贯穿红光面孔将万余里黑云杀个对穿，灭星硬抗一剑底气更足，因黑云之体虚不受力剑斩黑云云散云聚，硬抗可抗一两个时辰。秦云狂攻黑云同时思索更强剑招。阵法持续恶化，阵旗灰暗、阵盘现裂痕，张祖师灌法力维持却仅能撑一盏茶。众罗汉神将判断秦云飞剑杀不了敌但可自保，大昌世界阵法连半个时辰都撑不住，秦云拼成散仙仍救不了家乡。大昌世界亿万生灵反应各异，有乞求仙佛、有及时行乐、有坦然面对。摩诃菩萨寄望秦云与张祖师力挽狂澜。秦云心无旁骛一边出剑一边思索，剑道分天地人，真正天地人结合的剑招一直不够完美。阵盘碎裂、阵旗裂开，八座大阵五重庇护接连碎三重仅剩两重。秦云一念覆盖大昌十九州，回顾少年行走天下、这片大地的恩爱情仇，时空仿佛静止。秦云明悟——这就是天地，这就是人，这就是他的剑道。秦云终于找到大道，一招手飞剑穿透虚空封禁回到掌心，如杨戬般能深层次穿透时空。,阵法将破之际，秦云于绝境中明悟天地人合一的剑道，成就大道，飞剑可穿透时空。
渡劫,飞剑一出三界惊,转折高潮、核心伏笔,伏笔、高潮,"秦云得金仙道果，悟出包含天地人、根基极深的顶尖大道，在烟雨飞剑原大道之上。飞剑内部大道自然变幻，模样变细长、内藏三重虚影蕴含天地人玄妙，威势强一筹。灭星大尊者惊恐往上逃窜，悟出顶尖大道且飞剑威力恐怖两条皆令其胆寒。十八罗汉、一百零八天罡地煞瞠目结舌。波迦老祖四张面孔扭曲狰狞愤怒，惊叹秦云半步金仙到媲美大能再到掌握顶尖大道的飞速崛起。黑暗魔渊最顶尖祖魔们却欣然——秦云成散仙最多活万余年，用一个灭星毁掉一个绝世剑仙""值""。巫门、龙族、上古妖族、阿弥陀佛、黎山老母等各方大能扼腕叹息损失太大。碧游宫灵宝天尊眼睛发亮默默看着弟子。秦云一甩手飞剑穿透时空出现在灭星上方，叱喝""灭""，飞剑引动数万里天地之威如一体碾压而下，毁掉灭星九成身体仅剩红光残存。灭星求饶愿献两件先天灵宝及大昌世界秘密换命，波迦老祖传音阻止。秦云隔绝时空因果，灭星以道心起誓送其回黑暗魔渊为条件欲换性命，秦云冷哼，烟雨飞剑来回贯穿红光数百里范围，三剑彻底湮灭灭星，仅留一双红色岩石手臂及宝物。秦云感慨顶尖大道催发飞剑三剑方杀灭星。大昌世界沐浴金光，天降海量功德（灭星罪孽三界前五），秦云功德汇聚己身。",秦云悟顶尖大道三剑斩灭星，天降海量功德；三界各方大能震动，黑暗魔渊顶级祖魔暗喜秦云成散仙。
渡劫,功德,装备获取、设定展开,奖励、设定,"秦云所获功德为之前修行数千年功德总和的百倍。秦云将浩瀚功德灌入本命飞剑，飞剑蜕变为先天功德灵宝，威能翻倍；剩余一半功德续灌仅增一成威力。众罗汉神将眼馋功德灵宝，议论秦云将功德灌飞剑以增实力抗散仙之劫。秦云收起灭星遗物（红色岩石手臂、太阴盘、摩云锁天链等），无人敢抢。秦云至星空，众罗汉神将道喜。杨戬遣散众罗汉神将，问秦云若听劝逃命可成大世界之主、现今却成散仙可后悔。秦云看大昌世界众生欢庆，答若逃了才后悔一辈子。杨戬点头微笑，嘱秦云尽快提升元神（仅万余年修行时间）便离去。秦云与伊萧、张祖师俯瞰人间庆贺，张祖师朗笑离去。秦云与伊萧至广凌城吃油泼面小店，食客议论大妖魔被灭。师尊灵宝天尊传音""徒儿速来见我""。",秦云将灭星功德灌入本命飞剑成先天功德灵宝；杨戬问秦云可后悔成散仙，秦云答不后悔；道祖召见。
渡劫,见道祖,人物引入、设定展开,人物、设定,"秦云至碧游宫，众弟子恭敬称""秦师兄""——悟顶尖大道者即便金仙弟子亦须称师兄，秦云搏杀实力在碧游宫弟子中排前几。众弟子议论师尊会赐秦云重宝。主殿内灵宝天尊叹""痴儿""，言大师兄多宝曾修剑道创《五行剑经》后弃剑入佛门，等了多年终于等到秦云这位剑道传人却成散仙。灵宝天尊详述散仙之劫：混沌神魔""泽""曾尝试散仙之路至大道圆满，为唯一遇到第十二重散仙之劫者，失败后自爆转世投胎，魂魄受损记忆缺失，投胎成上古妖族第一智者""白泽妖皇""，现重新修行至妖圣圆满庇护上古妖族。灵宝天尊指度过第十二重散仙之劫需剑道达金仙圆满、本命飞剑孕养成本命先天至宝，约三成希望。秦云剑道根基极高包含天地人三才，大道圆满有几分希望。灵宝天尊令秦云先升元神至金仙顶尖（修行快数十倍），再去诛仙殿闭关参悟诛仙剑阵，出关后告知想要何宝。秦云却言欲先横扫三界诸多疆域魔道巢穴再提升元神。灵宝天尊惊劝魔道会恨其入骨，秦云言安排好家人后求痛快求无愧于心，以剑仙之身有横扫底气，万余年与其虚度不如痛痛快快活过。灵宝天尊赞其""以自己为剑斩尽一切不平""，叫好后取出先天至宝""青萍剑""（混沌未开时灵宝天尊仗之纵横的第一件先天灵宝、最心爱神剑）暂借秦云使用，万余年后归还。",灵宝天尊揭示散仙之劫需金仙圆满剑道及本命先天至宝方有三成希望；赐秦云先天至宝青萍剑暂借使用。
渡劫,准备,装备获取、伏笔埋设,伏笔、奖励,秦云恭敬接过青萍剑，法力渗透感应到剑内有混沌世界在演变、天地已分、无尽生机蕴藏，若舍弃可望演变成大世界（如二十四定海珠化作佛门二十四诸天助燃灯成大道圆满）。灵宝天尊言青萍剑日日佩戴有助悟天地大道。灵宝天尊另赐三颗莲子令妻儿服下保命（大能争斗不伤家人弱小是底线，但横扫魔道巢穴得罪太狠恐有发疯者）。秦云问大昌世界秘密，灵宝天尊言已查过但小世界对其有重重阻碍看不清，需秦云自查。黑暗魔渊波迦宫，波迦老祖惋惜失太阴盘，但耐心等万余年后秦云灰飞烟灭再取大昌世界秘密，只盼秦云发现不了秘密。吞灵老祖蚊道人现身怪罪波迦害死灭星（灭星为混沌神魔天赋最适合吞灵一脉，蚊道人一直暗中助其将全身修炼至媲美吞灵手臂），波迦陪笑推脱，被问大昌世界秘密仍谎称是秦云飞剑。波迦老祖暗下决心为百丈星辰石连吞灵老祖也不告知。大昌世界秦云背青萍剑于小镜湖畔，一挥剑气穿透虚空至明耀大世界，将女儿秦依依、韩林及儿子孟欢卷至大昌世界。,灵宝天尊赐青萍剑、三颗莲子并言大昌秘密需自查；波迦老祖隐瞒星辰石秘密；秦云接儿女至大昌世界。
渡劫,捅破天了！,情感展现、转折高潮,情感、高潮,"孟欢、秦依依彼此相视疑惑，秦云向女儿说明孟欢乃其一梦百年转世世界""孟一秋""之子。秦依依行礼拜见大哥，秦云令二人暂居大昌世界静修，各服下一颗莲子（道祖赐予三颗，伊萧已服一颗），莲子生命力量盘踞元神深处保命并强健元神。秦云准韩林任选秦府典籍三门。安排好儿女后秦云无牵挂，告别伊萧前往暗云魔界（魔道在明耀大世界老巢）。碧游宫灵宝天尊遥看弟子赞叹其将掀起席卷三界的大风波。暗云魔界暗云魔尊（媲美大能）坐镇，鹏魔将军、火傀老魔惊闻灭星被秦云所杀。秦云背负青萍剑撕裂时空通道降临，烟雨领域笼罩整个暗云魔界达十万里范围，一念""灭""无数细雨化剑气镇压一界，大罪孽魔头个个被贯穿湮灭，鹏魔将军、火傀老魔当场毙命。暗云魔尊怒吼警告""捅破天了""，秦云本命飞剑穿虚空近前，剑尖所指虚空塌陷，将保命极强的暗云魔尊挤压缩小至一个点灰飞烟灭。秦云一伸手飞剑回掌心，感应到三界各方大能及黑暗魔渊祖魔们的注视，一挥手再轰时空通道前往下一处魔道巢穴。黑暗魔渊古老存在们震怒急切。",秦云接儿女相聚后横扫魔道巢穴，一念灭暗云魔界众魔、一剑灭暗云魔尊，魔道祖魔震怒。
渡劫,大能们观战,设定展开、转折高潮,设定、高潮,秦云穿时空通道至伏柳疆域风魔界，功德开始随小世界逐渐夺回而持续降临，秦云将功德全灌入本命飞剑。原文展开三界六十座疆域设定：时空分六十座疆域，时间流速不一、不同时空层面；魔道完全占领十座、渗透二十六座（明耀疆域为其中之一）。风魔界萨卡魔尊（修肉身、擅神通刀术、实力在坐镇魔尊中数一数二、强于黑翼魔尊）接黑暗魔渊急令逃回却已来不及，秦云封禁时空。蒙蒙细雨笼罩风魔界，烟雨飞剑穿虚空至萨卡近处，剑尖虚空塌陷将萨卡缩小至手指大，鳞甲破碎抗住后飞剑化作丝线来回贯穿八剑，萨卡身体崩塌化飞灰。秦云收萨卡及风魔界三位半步祖魔等遗物。其他二十四座疆域魔尊纷纷借黑暗魔渊力量遁逃，半步祖魔及天魔九重天各施手段逃命，阵法来不及拆卸。秦云至第三座巢穴发现闭死关走火入魔的沙衣魔尊唤不醒，灭杀魔头后一剑灭沙衣魔尊。二十六座疆域魔道巢穴秦云共杀三位魔尊，其余全逃。祖魔们焦急商讨，秦云能强行贯穿时空抵小世界最内部令阵法成摆设，小世界内谁都拦不住，唯等魔祖下令。三界各方大能欢喜雀跃，碧游宫灵宝天尊大笑向太上老君、元始天尊、如来、女娲炫耀弟子。,秦云连摧魔道巢穴杀三位魔尊，二十六座疆域魔尊尽逃；三界大能欢庆，魔道祖魔心焦如焚。
渡劫,魔祖现身,人物引入、转折高潮,人物、高潮,八景宫太上老君、女娲宫女娲娘娘、灵山如来、元始天尊等议论秦云令魔道多年心血一朝成空，魔道天道将削弱，魔祖黑莲定会施手段。元始天尊提醒灵宝天尊魔祖手段高秦云未必守得住本心。秦云继续横扫，功德不断降临灌入飞剑。星空中出现一尊巍峨白衣紫发女子身影坐巨石上俯瞰秦云——魔祖女儿身（魔祖修出女儿身、男儿身、毁灭身三分身），其身后有无尽黑暗虚影。秦云在小世界内魔祖力量受重重限制。魔祖女儿身笑容令秦云不由自主生好感，问秦云可愿停手、有何条件尽管提。魔祖阐述魔道本质：三界生灵怨气罪孽污秽汇聚成魔道，三界存在魔道永存，秦云摧毁巢穴仅影响一时；并以放秦云安然转世投胎被接引、不灭其轮回魂魄、告知大昌世界秘密、令波迦老祖乖乖相告为条件劝秦云罢手，称可向三界公开宣称保其脸面。秦云心中迟疑。,魔祖女儿身现身，以放秦云安然转世、告知大昌秘密为条件劝其罢手，秦云心中迟疑。
渡劫,抉择,人物心理、转折高潮,情感、高潮,"三界大能关注魔祖与秦云交谈结果，但魔祖隔绝外界窥伺。大能们议论秦云能否挡住诱惑，若停手二十六座疆域众生仍陷苦海。秦云思考后开口，先假意佩服魔祖令其动摇，欲选活路。随即层层剖析：魔祖乃魔道源头、邪恶狡诈汇聚，说话不会一言九鼎；魔祖过去打破底线对轮回中天仙菩萨下手灭魂魄，道祖佛祖方以同样手段报复，是魔祖先破底线；最重要的是若真放秦云安然转世，三界将多一位金仙圆满剑仙，其威胁比二十六座疆域暂时被夺大十倍百倍，魔祖不会做赔本生意。秦云断定魔祖以脸面骗其罢手、转世时灭魂魄，且若有退路道心不坚散仙之劫更无希望。秦云一挥手轰出时空通道继续前往其他魔道巢穴，不再理会魔祖。魔祖女儿身脸色微变轻笑""是个人物，可惜万余年后终究灰飞烟灭""后消失。三界众强者见秦云继续行动即知交谈结果。秦云继续横扫拆卸阵法令重建更难。",秦云识破魔祖诱惑与算计，断然拒绝继续横扫魔道巢穴；魔祖女儿身消失。
渡劫,海量功德,情节推进、转折高潮,高潮,明耀大世界千刀魔宗，葵食宫主（曾刺杀秦云）后怕早溜，其师矮胖老者带葵食宫主等数位天魔回魔道疆域。秦云至最后一座黄沙笼罩的魔道巢穴，灭杀普通魔神后一挥手剑气穿虚空斩杀星空中遁逃的天魔并收回战利品。魔道一方祖魔现身救半步祖魔及厉害天魔，道家佛门天庭等各方也截杀天魔。秦云穿时空通道追杀各小世界天魔后期，每杀一大罪孽天魔功德不断降临灌入飞剑。赤脚大仙与秦云师兄公明（金袍长须男子）在星空截杀天魔，赤脚大仙赞秦云一天杀的魔头比公明一辈子都多。龙族、巫门、上古妖族、混沌神魔等各方大能皆出手。半个时辰后三界恢复平静。秦云返回大昌世界，向伊萧述说战果：二十六座疆域半步祖魔被救约九成、一成被截杀，天魔后期被救约一半，魔祖毁灭身与佛祖如来交手一次即收手。从动手至今所得功德约为斩灭星的两倍，且功德仍随小世界被夺回持续降临。伊萧问本命飞剑有望成功德至宝否，秦云言待无数小世界全部被收回（约一两年）方知。伊萧提醒秦云元神突破后需搬家。,秦云横扫完毕返回大昌世界，所得功德约为斩灭星两倍且持续降临；众大能截杀逃窜天魔。
渡劫,时光长河,悟道、悬念设置,伏笔、修炼、爽点,秦云言还有大昌世界秘密未解决无法安心修行——波迦老祖、灭星临死、魔祖均提及大昌世界秘密，若元神突破无法真身入小世界，波迦老祖及整个魔道必再盯上大昌世界。伊萧劝秦云早突破，秦云忆起天魔奎弗。秦云推断：奎弗欲占大昌世界后发现秘密上禀波迦老祖，奎弗为波迦一族，秦云与奎弗有大因果（掳女害妻），追查因果线仅确定在黑暗魔渊，有境界不亚于秦云者遮掩因果。秦云断定奎弗必曾化身降临大昌世界确认秘密，欲逆流时光长河探寻奎弗化身踪迹。秦云一念笼罩大昌世界，渗透时光长河逆流而上探查亿万生灵印记寻找奎弗化身，然生灵太多元神承受不住，鼻孔渗血被迫停下。秦云言有两法：一修时空大道（三界无人掌握完整）、二修《紫微剑图》（以周天大道为根本，三界第一推演法门）。秦云剑道含天地人与周天大道有共通处，决定修紫微剑图至更高深层次再查。伊萧劝秦云时间宝贵，秦云答成散仙即为了保大昌世界，若突破后大昌世界再有劫难成散仙便无意义，答应伊萧尽快解决。秦云当日前往碧游宫见师尊。,秦云决定暂不元神突破，修紫微剑图以逆流时光长河探寻奎弗化身查大昌世界秘密。
渡劫,赐予,人物引入、装备获取,人物、奖励,碧游宫主殿，灵宝天尊与大师姐黎山老母（金仙圆满、碧游宫众弟子领袖）交谈魔祖毁灭身偷袭猴子被如来阻止之事。秦云求见入殿，行礼见大师姐。黎山老母赞秦云摧毁魔道布局为碧游宫涨脸。灵宝天尊问秦云想清要何宝，秦云答需适合孕养飞剑的先天奇物。黎山老母与灵宝天尊均劝秦云求一件适合自身的先天灵宝（先天奇物易得、先天灵宝难寻），秦云言有本命飞剑及青萍剑一剑杀敌一剑护身足矣。灵宝天尊赐丈许长混沌精金（抵之前五六块），配合辅助之物足以将本命飞剑孕养至先天顶尖灵宝（悟顶尖大道后对材料所需大减，仅需之前五倍量）。灵宝天尊建议秦云搬天界可随时出手护其周全。秦云言暂不急元神突破，欲在时光长河中找奎弗化身探家乡秘密。灵宝天尊微皱眉，黎山老母劝解称师弟性情如此方能成剑仙悟顶尖大道，解决家乡祸患道心更圆满或对修行有助。灵宝天尊言若秦云成大道圆满、本命飞剑孕养成先天至宝，渡第十二重散仙之劫未尝不可能，前提是须成大道圆满。秦云告退，前往万法阁第九层（须成就金仙道果方可入）。,灵宝天尊赐丈许混沌精金可孕养本命飞剑至先天顶尖灵宝；大师姐黎山老母登场；秦云言暂不突破欲查家乡秘密。
渡劫,三界的尽头,设定展开、悬念设置,伏笔、设定,"万法阁第九层安静仅秦云一人翻看。秦云查看三界先天灵宝记载，感慨太上道祖金刚琢（先天至宝）厉害，庆幸师尊借青萍剑增底气。原文展开混沌设定：三界尽头即混沌，盘古开天仅劈开混沌部分区域；混沌无边充满危机，古老混沌神魔仍居其中，亦充满机遇——先天奇物、先天灵宝多在混沌中孕育；离三界近处已被道祖佛祖等搜刮殆尽，离太远金仙圆满都可能迷失永远回不来（感应不到三界、无方向、时间流速难捉摸）。秦云翻看中央五门大道圆满典籍：《五行剑经》（大师兄多宝所创）、《无极母卷》（大师姐黎山老母所创）、《洞玄经》《玉晨剑经》《上清十二篇》（师尊所创），沉浸一天一夜，忍住待办事后再闭关参悟。秦云思索需尽快提升紫微剑图感悟，最好找一件辅助修行周天大道的先天灵宝，锁定先天灵宝""十八飞星""（上古妖族天庭借先天奇物炼制、周天星辰大阵简化基础版）。十八飞星经数次流转现归天界青峰山紫阳洞清虚道德真君。秦云至紫阳洞外，见一少年不用法力硬抗跪三个月求拜真君为徒报仇，道童劝其离去，丫鬟少女心疼。秦云突现，请道童传话""秦云来访""。清虚道德真君闻讯大喜令大开山门亲自迎接，称""秦老弟""。",秦云在万法阁第九层阅大道圆满典籍及混沌设定，锁定先天灵宝十八飞星；至紫阳洞访清虚道德真君，真君大开山门相迎。
渡劫,交易,情节推进、装备获取,奖励,"秦云与清虚道德真君转入洞府，跪着少年急喊""前辈""求收徒，秦云略一推演即知少年从出生至今及未来可能。清虚道德真君一拂袖将少年扫飞至山门外角落令其发不出声。秦云与清虚道德真君入洞府品茶谈横扫二十六座疆域之事。秦云提及外面跪着的少年与真君有缘分，清虚道德真君言需下山历经三次生死劫难方可入门，如今满心复仇道心不坚，若劫难中死则入轮回下一世接引再磨，三世把握不住缘分尽。秦云言需先天灵宝""十八飞星""，请清虚道德真君割爱。清虚道德真君言十八飞星可布阵成领域、困敌杀敌极全面，乃其唯二领域类先天灵宝。开出条件：秦云以先天灵宝太阴盘（可成领域但不及十八飞星全面珍贵）加灭星魔头那一双手臂（吞灵一脉精华、混沌神魔天赋、抵半件先天顶尖灵宝）交换。秦云略一犹豫后同意。山门外少年仍在思索秦云为何对他笑，道童告知秦云为三界第一散仙最多活万余年没时间收徒。少年仍执着认为秦云笑有深意。",秦云以太阴盘加灭星手臂与清虚道德真君换得先天灵宝十八飞星；清虚道德真君收徒标准需三次生死劫难磨道心。
渡劫,轮回甘露,装备获取、伏笔埋设,伏笔、奖励,"紫阳洞外少年见秦云飞起消失，愣住后继续跪。秦云离开后拜访一位位大能，搜集配合混沌精金孕养本命飞剑的先天奇物及辅助修行之物""轮回甘露""（三界修行辅助排第二，仅次于万法池万法元液；万法元液金仙顶尖元神消耗极大、万余年用不起且外界几乎买不到）。黑暗魔渊最深处，魔祖毁灭身（青色皮肤、四臂、三眼、第三只眼闭着散发大毁灭气息）联系混沌中一模糊身影，请其去天界杀秦云夺青萍剑，以""成道之机""为报酬。模糊身影拒绝——天界灵宝天尊能爆发全部力量且青萍剑上必有后手，怕被诛仙阵困住多年修行成空；其成道机缘另寻条件换。魔祖毁灭身被拒后皱眉，魔祖真身进天界会惊动道祖佛祖。秦云从天界返回大昌世界，向伊萧报账：一半宝贝换十八飞星、两成换孕养飞剑先天奇物、三成换轮回甘露。伊萧问何时闭关，秦云言今晚，嘱伊萧看管儿女不许离开大昌世界。当晚陪家人晚饭后闭关。静室中秦云取黑色玉瓶轮回甘露（一小瓶代价相当于四件先天灵宝），吞一滴后微微醉醺、灵光涌现破解困惑。秦云以十八飞星悬浮参悟周天之道，参悟紫微剑图进步极快。",秦云搜集先天奇物与轮回甘露闭关修行；魔祖毁灭身请混沌中模糊身影杀秦云夺青萍剑被拒。
渡劫,两百年,氛围营造、转折高潮,设定、高潮,秦云闭关期间，二十六座疆域无数魔道世界被收回，耗费两年三个月全部收回（含天地元气稀薄仅能修至先天的小世界），功德持续降临秦云两年三个月。波迦老祖探查因果发现秦云本尊仍在大昌世界未突破，困惑不解——若为护大昌世界，万余年一到仍灰飞烟灭，守不了多久。波迦老祖耐心等，深信百丈星辰石渺小难被发现终归其手。三界大能们也议论秦云为何停留在小世界不突破，或疑其自暴自弃，或辨其有希望成大道圆满（自蚊道人后三界再无大道圆满诞生）。转眼秦云已停留超过两百年。秦依依亲手做菜、韩林打下手，韩林提及秦依依曾言待伯父突破后成亲，如今已等两百年，秦依依以父亲之事为重。前厅秦云、伊萧、孟欢一家吃饭，秦云出关时家人轮流问候。秦云暗叹家人一直希望自己早突破，然逆流时光长河探查亿万生灵过去负担太大对境界要求极高，且受雷兽府因果干扰（达金仙顶尖实力须为雷兽报仇杀心魔祖魔，元神不突破去魔道疆域乃找死）。秦云在紫微剑图上数次尝试探查过去，一次比一次进步，还差一点。晚饭后秦云与伊萧在小镜湖畔散步，见师尊灵宝天尊立于湖畔。,秦云闭关两百年仍未突破，受因果干扰与境界所限探查时光长河差一点；灵宝天尊亲至大昌世界。
渡劫,突破，七星术！,悟道、转折高潮,修炼、高潮、爽点,"灵宝天尊斥秦云执念太甚，为家乡已成散仙自毁前程，两百年废掉，散仙之劫恐就差这一两百年；周天之道与剑道本质大差别，埋头修行两百年不行甚至两千年可能依旧不行。灵宝天尊劝秦云布阵建固大昌世界即可，耗费两三件先天灵宝宝贝足矣。秦云沉默后请师尊让其任性一次，五百年若不成则布置好家乡后元神突破，心中默念周天之道已至天仙极致瓶颈，若三百年无突破恐三千年一万年都难。灵宝天尊点头""你好自为之""消散离去。秦云继续潜心参悟，饮轮回甘露，以十八飞星参悟，思索十三星太复杂、八星多、七星便足够。忽然悟出""七星术""——以十八飞星中蕴含大道为根基，剥去其他部分只参悟推演本质，七颗星辰飞行变幻连接，单论推演已具大道之威。秦云大喜出关，向伊萧言七星术突破可轻松探寻大昌世界过去。秦云牵伊萧至高空，一念覆盖大昌世界，施七星术推演，逆流时光长河探查所有生灵过去。时光倒退经秦云渡劫、救妻、一梦百年、成亲、中秋一吻、斩郡守、战水神大妖、十五岁走天下、练剑成广凌郡年轻第一、妹妹被妖怪抓走、兄妹三儿时奔跑……秦云眼睛湿润。在七星术辅助下秦云锁定奎弗化身，探查到奎弗化身在地底发现百丈星辰石激动狂喜""我要一飞冲天""。星辰石作为先天奇物在时光长河中也探寻不到痕迹，秦云确定位置。秦云带伊萧穿梭虚空至火山地底极深处，见灰色大山通体有纹路泛星光犹如神山——百丈星辰石。",秦云悟出七星术，逆流时光长河锁定奎弗化身，发现大昌世界秘密为百丈星辰石，亲至火山地底见到星辰山。
渡劫,天地人三剑（本篇终）,转折高潮、核心伏笔,伏笔、高潮,"秦云与伊萧绕星辰山飞数圈探查。三五丈星辰石即抵一件普通先天灵宝，百丈接近先天至宝（先天至宝代表圆满大道与强大实力，为它师徒兄弟好友都能翻脸，仅灵宝天尊这等地位方有魄力暂借弟子）。秦云言虽不能靠百丈星辰石换先天至宝，但换几件先天顶尖灵宝不难，难怪波迦老祖发疯。伊萧提醒不可全取，星辰石为世界根基连接整个世界，全取则世界毁灭。秦云一伸手，本命飞剑烟雨飞剑分离成三层——天剑（虚无缥缈广袤浩瀚）、地剑（厚重浑然无边）、人剑（充满烟火气息生命气息），此乃烟雨飞剑孕养成先天顶尖灵宝后一化为三之能，形成""烟雨剑阵""威力最大，天地人力量交错隐隐有毁灭一切重归混沌之威。烟雨剑阵切割星辰山如切苹果，星辰山被切一块又一块，最终剩直径一丈星辰之球仍与大昌世界为一体。秦云收起切割下的星辰石，言仅一丈对大能不值一提，仍扔出十八阵旗布阵护住星辰之球，将与大昌世界其他阵法结合。伊萧喜秦云终于要元神突破。秦云本就有计划元神突破前布好大昌世界，如今更从家乡得大量星辰石更用心布置。秦云以拆卸魔道二十六巢穴所得阵法中选取十二座完美结合者布置，张祖师惊其每座阵法都了得、加起来抵三四件先天灵宝，劝秦云无需如此付出。秦云言从大昌世界得到的比付出的更多。张祖师感叹秦云付出的是宝物、天仙金仙道路及换不来的时间，问秦云此去不回。秦云托张祖师照看大昌世界。秦云仅一天布完十二座大阵，引宇宙星力转化天地元气令大昌世界长久强大。秦云言还差最后一步""让魔道死心""。黑暗魔渊波迦宫，波迦老祖修行中闻秦云透过因果传音""大昌世界的秘密，是星辰石吧""，脸色大变急问百丈星辰石是否被挖。秦云答""你说呢""带嘲笑。本篇终。",秦云以烟雨剑阵（天地人三剑）取走绝大部分星辰石并布阵护住世界根基，布十二座大阵令大昌世界长久强大，透过因果传音告知波迦老祖星辰石已被取走，全篇落幕。
锋芒,元神突破,设定展开、转折高潮,设定、高潮,波迦老祖因星辰石落空暴怒，幽禁天魔奎弗；秦云在碧游宫洞府元神突破至金仙顶尖层次（元神法力与剑道结合蜕变，每一缕法力犹如飞剑精纯锋利），以青萍剑试威力大增；因欠雷兽府因果需杀祖魔摩修，秦云改变容貌遮掩天机前往明耀大世界，凭七星术推演锁定摩修藏身于函风大世界南部三十万里范围。,秦云元神突破至金仙顶尖层次，启程赴魔道疆域了结杀祖魔摩修的因果。
锋芒,蒙坎通,人物引入、矛盾展现,人物、冲突,"秦云至函风大世界近处再推演，缩小摩修真身范围至十六万里；为加深因果牵扯使摩修遮掩更难，秦云选中摩修宠爱弟子""蒙坎通""下手。蒙坎通为心魔一脉天魔九重天，以""五件事换活命""折磨风回宗五位囚犯（第一件即逼吃同门七位死者之肉）。秦云伪装与蒙坎通有大仇的半步祖魔冲入其洞府。",心魔一脉天魔蒙坎通登场，秦云伪装半步祖魔以其为突破口加深与摩修的因果。
锋芒,求救,矛盾爆发、转折高潮,冲突、高潮,秦云伪装半步祖魔以三柄血色弯月施杀招困住蒙坎通，五个呼吸内将其斩杀；蒙坎通化身求救于师尊摩修，摩修因查不出秦云来历、请不动半步祖魔库坎、又不愿请顶尖祖魔救一弟子，表面应允实则坐视徒弟身死，誓慢慢查清凶手。秦云杀蒙坎通后离去，再以七星术推演，因果加大后天机更明。,秦云斩杀蒙坎通加深因果，摩修狡猾谨慎坐视徒弟死，秦云推演摩修真身范围进一步缩小。
锋芒,心魔分身,设定展开、悬念设置,伏笔、设定,秦云推演后将摩修真身范围缩至一座城池周围五千里，并判断心魔一脉喜玩弄人心，摩修十有八九在城中。城内商人之子鱼狒被摩修心魔融入魂魄，已杀少城主和常家女子来减弱原魂魄抵触，正待彻底融合成第五个心魔分身。秦云在云层上不敢打草惊蛇，以因果和时空窥伺监视十二位天魔、三千五百多位魔神境，注意到鱼狒修行速度异常，从而将怀疑目标锁定到他身上。,摩修心魔分身秘术展开，秦云通过因果监视从三千多目标中锁定鱼狒。
锋芒,终出剑,战斗描写、转折高潮,战斗、高潮,"秦云俯瞰城池，借城主府追查少城主之死线索，锁定小小商人之子""鱼狒""——鱼狒突然得""适合自身的修行典籍""速破魔神境二重天、少城主与常家小女儿之死皆与其有关、其父惶恐而鱼狒独处时不修行实力却诡升。秦云暗中窥伺五天确认九成九把握，趁鱼狒独处时凭空现身，施青萍剑一剑""混沌初开天地分""斩杀鱼狒肉身及成千上万遁逃身影，并循因果线斩向另外四尊心魔分身。",秦云锁定摩修心魔分身鱼狒，施青萍剑最强一剑斩杀本尊并循因果线连灭分身。
锋芒,是秦云！,转折高潮、战斗描写,战斗、高潮,"青萍剑一剑循因果线灭杀另外三尊心魔分身（天魔六重天），唯血海老祖道场中那尊拥有近一成力量的半步祖魔分身抵抗力最强，仍被蕴含圆满大道力量的剑光所灭，祖魔摩修就此陨落，大功德降临。函风大世界六位祖魔（五位普通一位顶尖）调动世界大阵封禁时空围剿，秦云以烟雨阵护身挡住血色符纹镇压，再施青萍剑""混沌初开天地分""，祖魔们认出青萍剑惊呼""他是秦云""。",祖魔摩修陨落，秦云身份暴露遭函风大世界六位祖魔围剿，施青萍剑应敌。
锋芒,血海老祖,战斗描写、人物引入,人物、战斗,"六位祖魔退守世界大阵中央布""十方守护""，秦云青萍剑一剑斩碎符纹及混金圆环未能灭杀祖魔；血海老祖穿透时空以遮天蔽日巨掌镇压秦云，秦云青萍剑切割其掌心伤口，烟雨阵挡住巨掌拍击及业火灼烧；血海老祖以""拈花指""无形波动渗透烟雨阵伤秦云元神，秦云耗两成法力磨灭，急传音大师姐黎山老母求援。",大道圆满存在血海老祖出手，秦云烟雨阵挡正面攻击却遭无形波动伤元神，急求大师姐救援。
锋芒,了结因果,转折高潮、人物引入,人物、高潮,"黎山老母（无当，碧游宫大师姐，悟""无极大道""）出手，以拐杖戳断血海老祖巨掌手指、刺穿掌心，带秦云步入时空通道离去，世界大阵与血海老祖均无法阻拦。三界多处被心魔祖魔控制的心魔仆从（超五十位，最强半步金仙）自爆毙命。秦云至天界黎山与大师姐叙话，黎山老母告诫其勿再莽撞、青萍剑既是机缘也是危机（以赵公明被夺定海珠为鉴），秦云回碧游宫诛仙殿闭关。",黎山老母出手逼退血海老祖救走秦云，秦云了结因果回碧游宫闭关，三界心魔仆从随摩修之死自爆。
锋芒,雷兽的赠与,装备获取、设定展开,奖励、设定,秦云在诛仙殿参悟四柄先天至宝神剑（诛仙、戮仙、陷、绝仙）及诛仙阵图（师尊炼制，三界第一杀阵），服用轮回甘露修行。秦依依从龙女红姐姐、繁姐姐处得知父亲斩杀心魔祖魔之事。雷兽府黑袍老者护法神将（天仙极致）携小型洞府来访，将雷兽府全部遗产（含先天雷果树、诸多宝物）赠与秦云，因秦云完成了雷兽府主拼命未能成之事。,秦云在诛仙殿参悟四柄先天至宝及阵图，雷兽府将全部遗产赠与秦云以报杀摩修之恩。
锋芒,诛仙殿内三百年,设定展开、情节推进,设定,六位护法神将傀儡愿追随秦云，秦云收下其命符；先天雷果树在洞府中可存活但无法结果，需寻宝地。秦云告知女儿闭关约三百年（轮回甘露仅够三百年用）。时光流逝，秦依依、韩林成天仙，伊萧仍在地仙阶段。三百年后秦云出关，三百年参悟收获超此前多年，天之大道最深、地之大道次之、人之大道再次，皆悟出金仙层次招数。一家人决定搬家去天界月牙湾。,秦云诛仙殿闭关三百年参悟三大大道皆有精进，出关后携家眷迁居天界月牙湾。
锋芒,后土娘娘,设定展开、人物引入,人物、设定,秦云至碧游宫见师尊灵宝天尊，天尊赐镇石（可镇府邸、聚天地灵气、令阵法威力提升五成）。秦云以半数星辰石请师尊代换万年所需轮回甘露，灵宝天尊以星辰石向后土娘娘（掌山川大地，三界轮回甘露最多者）换取碧玉瓶轮回甘露，秦云躬身谢后土娘娘。天尊嘱秦云多在三界行走（一静一动、大气运下有望机缘），并言带青萍剑在星空天界即可无忧（天尊留有后手）。秦云回雷啸山宴请宾客开府，黎山老母、云霄等三位、萨许仙人、张祖师及杨戬等应邀前来。,灵宝天尊赐镇石并代向后土娘娘换万年轮回甘露，秦云于天界雷啸山开府宴请四方宾客。
锋芒,悟,悟道、环境铺陈,修炼、设定、爽点,"秦云在雷啸山修行千年，天之大道、地之大道皆困瓶颈只差一线，人之大道需积累。遵师尊""一静一动""之嘱下山行走天下：观天河（王母娘娘玉簪所划，牛郎织女分两岸）、乘扁舟渡江（随手以水珠杀水上帮派恶首救商船）、骑毛驴行进（传道身负大仇的少年袁冲，改其幻杀剑术融入流光）。行走百余年后感悟天之大道瓶颈渐消，于无名山顶盘膝静坐九个月。",秦云静极思动行走天下，观世间不同层面以寻天之大道突破契机，静坐九个月待悟。
锋芒,天之大道,悟道、转折高潮,修炼、高潮、爽点,"天庭九品天将白伏为救被狼妖强娶的红嫁衣女子，令天兵分散逃走独自引开狼妖。秦云山顶静坐九个月水到渠成悟出""天之大道""（顶尖大道），融入剑道境界暴涨、烟雨阵更强。秦云发现白伏有功德清光、狼妖有罪孽血光，一缕剑气射穿狼妖眉心将其杀死。狼妖原是玉虚宫杨璁门下，秦云以""捏死臭虫""了之。",秦云悟出天之大道融入剑道境界大涨，随手杀狼妖救天将白伏。
锋芒,容忍,设定展开、人物心理,情感、设定,玉虚宫杨璁现身，坦言杀其门下狼妖无妨甚至杀得好；向秦云详解三界妖族为第二大族、上古妖族天庭灭后各方安抚妖族、天庭对罪孽妖王宽容（大事化小）的格局，秦云身为独来独往散仙反被妖族老家伙忌惮。秦云掐算白伏姻缘因果纠缠深重在小世界、将有大劫，今日相遇即白伏一线生机，赠小木剑（捏碎可护身）于白伏。,杨璁向秦云揭示三界妖族势力格局及天庭容忍妖王的缘由，秦云赠白伏护身小木剑并预其大劫。
锋芒,时光匆匆,环境铺陈、伏笔埋设,伏笔、设定,"秦云回雷啸山抱孙女（秦依依与韩林之女）。天庭北辰宫，白伏借北辰宫之力俯瞰三界，遥望家乡小世界妻子""清儿""已守六千年。时光流逝，秦云成散仙近三千年，地之大道、人之大道仍困瓶颈。白伏擒天魔得战利品中有一残缺青铜牌，内含恐怖气息令白伏恐惧，白伏喜而收之。",白伏北辰宫俯瞰妻子六千年，秦云大道困瓶颈，白伏偶得神秘残缺青铜牌。
锋芒,白伏的危机,矛盾爆发、转折高潮,冲突、高潮,白伏俯瞰家乡发现天魔入侵、妻子清儿生死一线，求天庭驻军救援被拒（昌君大世界驻军忙碌）。秦云渡第三次散仙之劫一拂手湮灭劫云。白伏无奈违天条私自下界，遭三千天兵天将围捕，绝望中捏碎秦云所赠小木剑求救。,白伏家乡遭天魔入侵求天庭无门，违天条私奔下界遭围捕，捏碎秦云所赠木剑求救。
锋芒,出手,转折高潮、战斗描写,战斗、高潮,木剑碎后蒙蒙烟雨剑气护住白伏，三千天兵天将锁地阵无法擒拿。北辰宫薛元帅（三品仙官）赶到，认出是秦云剑气仍欲拿人。秦云在雷啸山以烟雨剑轰开时空通道，恐怖剑气笼罩令薛元帅惊惧放人，将白伏卷至雷啸山。秦云送白伏时空通道回乡，白伏献残缺青铜牌报恩，秦云本不图回报，目光扫过青铜牌心中一动先瞧瞧。,秦云出手从天庭手中救下白伏送其回乡，白伏献残缺青铜牌，秦云发现牌有大用。
锋芒,黄袍僧人,伏笔埋设、人物引入,人物、伏笔,"秦云见青铜牌纹路，困瓶颈数千年的地之大道有新感悟，认出机缘在此。秦云收牌，白伏入时空通道回乡。秦云炼化青铜牌内恐怖气息（至少大道圆满甚至更强），感应到西北方另有两块残缺牌。天界西北木屋中黄袍僧人感应到秦云炼化第三块镇封令，派巫门十巫之一的巫咸去雷啸山，以""买下青铜牌""为名、不提自己名字。",秦云炼化青铜镇封令感应另两块，神秘黄袍僧人派巫咸前来求购青铜牌。
锋芒,酝酿,悬念设置、情节推进,伏笔,秦云向巫咸提出唯一条件：借另两块青铜牌观一月，一月后三牌一并归还。黄袍僧人（暗中）应允，但要求三牌一月内不得离开雷啸山。秦云得两块牌后盘膝山巅参悟，三牌合璧构成完整正方形阵法纹路，内含讯息为明耀大世界三刃山地图及开启大阵之法。秦云不在意宝藏，一心参悟纹路以悟地之大道。一月后秦云守诺归还三牌，循冥冥感悟赴明耀大世界三刃山。,秦云借观三镇封令合璧参悟地之大道，得三刃山大阵讯息，赴三刃山继续参悟。
锋芒,三刃山,环境铺陈、伏笔埋设,伏笔、设定,秦云至三刃山，发现山内藏与诛仙阵同层次的天道境大阵（凝练成山、繁杂细密如大地脉络），震撼布阵者不亚于师尊。秦云隐居山脚参悟。布衣老者（陆压）持完整青铜牌融入半山腰开启通道入内。黑暗魔渊魔祖毁灭身感应三刃山开启，请血海老祖率手下前往。灌江口杨戬眉心感应亦赴三刃山入内。血海老祖率六祖魔入内。秦云为参悟大阵最后入内。,三刃山天道境大阵被陆压开启，魔祖、血海老祖、杨戬、秦云四方先后入内。
锋芒,杀进来,战斗描写、环境铺陈,战斗、设定,"三刃山内法力无法外放、化身无法维持。血海老祖率六祖魔遇十二条岔道迷宫，命祖魔""玉秀""主持阵法封通道，其余五祖魔分头探路寻封禁之地。秦云入内以烟雨领域渗透石壁参悟阵法脉络，遇玉秀所布血色阵法，两剑破阵灭玉秀战身。血海老祖传命手下遇秦云能避则避。",三刃山内迷宫岔道、法力受限，秦云两剑灭祖魔玉秀战身，血海老祖命手下避秦云。
锋芒,迷宫,环境铺陈、情节推进,设定,"三刃山大阵令碎石粉碎后迅速恢复、岔道毁不掉（阵法脉络不可破坏）。血海一脉祖魔们在迷宫中反复绕行迷失。秦云则愉悦参悟阵法脉络如大树主干分支枝杈。祖魔""婆苏""碰巧遇到秦云，被烟雨飞剑一剑灭战身、伤血海真身。杨戬循眉心感应朝源头接近，是三刃山内唯一能感应源头的。",三刃山迷宫令祖魔们迷失，秦云参悟阵法并灭婆苏战身，杨戬循感应接近源头。
锋芒,地之大道（上）,悟道、战斗描写,修炼、战斗、爽点,"杨戬循感应仍难直线抵达源头。血海老祖毁石壁露阵法脉络参悟规律寻找核心。祖魔""哈努比""（顶尖祖魔，三大族群始祖）遇秦云，秦云以烟雨阵困其三千血影分身，施青萍剑三十三剑斩杀哈努比战身。血海老祖找到核心圆形殿厅，拔两根阵眼石柱欲放出被封禁存在，杨戬悄然窥伺。秦云感阵法全力爆发，地之大道积累至极致。",秦云青萍剑三十三剑灭顶尖祖魔哈努比战身，血海老祖拔阵眼石柱，秦云地之大道将悟。
锋芒,地之大道（下）,悟道、转折高潮,修炼、高潮、爽点,"秦云悟出""地之大道""（厚德载物、养育众生），与天之大道共鸣融入剑道，离大道圆满只差最后一丝，人之大道亦达瓶颈。血海老祖拔出两石柱，一群散发混沌气息的混沌神魔脱困，祝融神王（红色乱发男子，半步天道境）现身。三界古老存在皆被惊动：九头狮子旁的道人、明耀大世界布衣男子（后羿）、天界凡俗国度将军、祖龙、三界外混沌中金光魁梧身影。",秦云悟出地之大道融入剑道，祝融神王率混沌神魔脱困，三界古老存在皆震动。
锋芒,巫支祁,人物引入、矛盾展现,人物、冲突,"杨戬认出祝融神王（与共工神王大战、共工撞断不周山的那位），循感应知源头在祝融身上不敢窥伺，悄然撤退。祝融与血海老祖对话，得知是魔祖（黑莲）请血海出手，推演知如今已有六位天道境，祝融表示千年后再与魔祖谈。以相柳为首的非祝融派系混沌神魔分九支逃离。巫支祁、鬼巡、寻宝鼠三混沌神魔在岔道中遇盘膝修行的秦云，寻宝鼠嗅到秦云身上""宝气""，三人欲偷袭秦云夺宝。",祝融出世与血海老祖对话，相柳等混沌神魔分散逃离，巫支祁三神魔欲偷袭秦云夺宝。
锋芒,道家散仙的厉害,战斗描写、转折高潮,战斗、高潮,"独角神魔""鬼巡""偷袭秦云被烟雨飞剑一剑碾压重伤逃回；巫支祁以黑色锁链出手被烟雨飞剑挡回。烟雨飞剑一化三布烟雨阵困住三神魔。秦云认出三人身份（巫支祁为共工麾下大将、身上业火灼烧），告知如今人族为三界主宰、混沌神魔已低调。巫支祁踹烟雨阵反被剑气伤脚，秦云预言三人半个时辰内化飞灰。","秦云烟雨阵一化三困住巫支祁三混沌神魔，以""人族为三界主宰""宣告新时代。"
锋芒,秦云的烟雨阵,战斗描写、爽点设置,战斗、爽点,"烟雨阵第一重炼化招数""春风细雨""无声无息渗透三神魔体内，寻宝鼠一炷香即毙命被炼化而死。巫支祁显三头六臂以六条锁链怒抽烟雨阵撼动不了。秦云悟天、地两条大道后烟雨阵更玄妙，乃顶尖金仙中前三护身阵。鬼巡越巫支祁求救相柳。秦云施第二重炼化招数""风云变幻""（内有风渗透、外有清浊之云绞杀）。","烟雨阵""春风细雨""炼化死寻宝鼠，""风云变幻""施出，巫支祁三头六臂破不开阵。"
锋芒,秦云和杨戬,战斗描写、转折高潮,战斗、高潮,"巫支祁在烟雨阵炼化下动用后土娘娘所赐卷轴护身，秦云尝试第三重炼化""天地间一片白茫茫""但尚未圆满。巫支祁向相柳求救，相柳率五位混沌神魔赶到攻阵。秦云入阵动用青萍剑，两剑耗尽卷轴力量，先杀鬼巡，再以十一道剑光灭杀巫支祁。祝融神王、血海老祖等感应到巫支祁陨落；血海老祖在三刃山通道中与杨戬相遇。",秦云以青萍剑斩杀鬼巡和巫支祁，引出血海老祖遭遇杨戬的危机。
锋芒,你也赶紧撤,矛盾爆发、转折高潮,冲突、高潮,杨戬遇血海老祖后立刻逃遁，却被十二朵血色莲花组成的业火红莲大阵困住，只能向玉虚宫求援。三界古老存在们传音议论巫支祁死于秦云、杨戬遇险和道家两脉可能吃亏。秦云转而困杀相柳一方，发现相柳不灭之体极强，青萍剑只能伤而难杀，便以烟雨阵护身离去。黎山老母传音提醒秦云三刃山危险、杨戬已被血海老祖困住，让秦云赶紧撤；秦云感念杨戬昔日救大昌世界之情，主动感应杨戬位置。,杨戬被血海老祖困入业火红莲大阵，秦云拒绝只顾撤离，准备循因果赴援。
锋芒,共生死，并肩而战,转折高潮、情感展现,情感、高潮,秦云循地之大道悟出的阵法脉络赴援杨戬，冲入业火红莲大阵以烟雨阵护住杨戬。血海老祖与魔祖因果传音，魔祖求活捉杨戬取其第三只眼、许以血海老祖一直想要的至宝。杨戬被迫多次施展眉心神眼毁灭之力（黑色光线，类似魔祖毁灭神眼）破血色莲花，二十余次后法力紊乱元神受侵染，誓不再入魔。秦云现身大笑，杨戬感其舍命相救胸膛滚热，二人共生死并肩战血海老祖。,秦云冲入业火红莲大阵以烟雨阵护杨戬，二人共生死并肩战血海老祖。
锋芒,护身第一大阵,战斗描写、转折高潮,战斗、高潮,"玉虚宫广成子持杨戬路线图急赴救援。血海老祖化身血光入业火红莲大阵施""红莲灭世""（十二血色莲花合一）绞杀烟雨阵破不开，又燃烧战身施因果袭杀""因果，灭""，秦云以""天地封""（青萍剑护身招数）拦截因果，残余力量仅损元神些许。血海老祖知破不开烟雨阵（功德灵宝不可污秽），又悔未带先天至宝""业火红莲""，当机立断撤退。广成子赶到，赞秦云烟雨阵为顶尖金仙第一护身大阵。",血海老祖燃烧战身破不开烟雨阵撤退，广成子赶到，秦云烟雨阵被赞顶尖金仙第一护身大阵。
锋芒,出山,转折高潮、人物引入,人物、高潮,广成子持女娲娘娘所给完整路线图带秦云、杨戬出三刃山，途中透露是元始天尊亲自请女娲娘娘帮忙。黎山老母在山外接应，嗔怪秦云莽撞，广成子代玉虚宫认下欠秦云之人情。祝融神王率混沌神魔出山。三刃山下树林中布衣男子（后羿）感应祝融现身，持古朴大弓取金色箭矢燃烧法力。,秦云杨戬广成子出三刃山，祝融神王出世，后羿持大弓燃烧法力现身。
锋芒,后羿的箭,转折高潮、战斗描写,战斗、高潮,"后羿燃烧法力一箭贯穿时空射中祝融神王胸膛轰出大窟窿，威如女娲娘娘出手，祝融后悔托大自知再来几箭必死，立即传命手下逃离，凭苦修的遁术（天道境下前三）逃脱。后羿蓄力第二箭。远处荒野黄袍僧人（陆压）持写有""夷羿""二字的草人，以染血箭矢刺草人心口施咒杀。","后羿一箭重伤祝融神王，祝融凭遁术逃脱，陆压以""夷羿""草人施咒杀暗算后羿。"
锋芒,冲天恨意,转折高潮、悬念设置,伏笔、高潮,"陆压""钉头七箭""咒杀术（三界第一咒杀术）令后羿心神合一射第二箭之际突遭暗算，元神震颤现裂痕。后羿怒喝""陆压""，双眸放金光锁定黄袍僧人。陆压又施先天至宝""斩仙飞刀""（白光中有眉有眼有翅膀的小人），后羿挥弓砸中白光，白光分散数十道穿透后羿身体及元神致眩晕。陆压以黄色衣袖封禁天地，后羿重伤仍以大弓轰出深层时空通道遁逃。陆压多年谋划成空，咆哮吐血，誓言""总有一天会杀了你为我九位哥哥报仇""后离去。",陆压咒杀+斩仙飞刀暗算后羿，后羿重伤遁逃，陆压谋划成空誓言报仇。
锋芒,暗涌（本篇终）,设定揭示、悬念设置,伏笔、揭示、设定,"黎山老母、广成子揭示陆压乃金乌族、上古妖族天庭十太子中唯一逃过后羿之箭者，九位兄弟皆死于后羿之手，故誓杀后羿；三刃山封禁祝融等混沌神魔乃女娲娘娘补天后所布，明耀大世界即天界碎片所化；道祖魔祖等天道境存在将被迫离开三界，三界将无天道境，道家三脉地位堪忧。秦云回雷啸山向伊萧述说一切，悟需将烟雨阵炼成大道圆满中护身第一阵以渡散仙之劫。魔祖女儿身见祝融，求""一颗莲子""，千年之约提前。","陆压身世及三刃山封禁真相揭示，秦云立志炼成大道圆满护身第一阵，魔祖求祝融""一颗莲子""，全篇最大悬念收束，第十七篇《锋芒》完整落幕。"
造化,秦玉罗,人物引入、设定展开,人物、设定,"三刃山大战后两千年，三界平静。秦云在碧游宫诛仙殿饮轮回甘露参悟诛仙阵，成散仙已五千年困于瓶颈，自评烟雨阵比三刃山时强许多、血海老祖带业火红莲也破不开；分析魔道三位大道圆满（血海老祖奈何不得、波旬六欲分身奈何不得、吞灵老祖威胁最大）。明日为第五次散仙之劫，秦云回雷啸山。孙女秦玉罗半步金仙，因妖族凤音威胁决定退让对""蒙大哥""的感情，不愿打扰外公修行；闻劫云起，秦玉罗赴后山遇外婆伊萧，秦云渡劫归来。秦云决定教导秦玉罗（视其为秦家将来顶梁柱），秦玉罗大喜。",秦云困于人之大道瓶颈将渡第五次散仙之劫，秦玉罗因凤音威胁决定退让感情，秦云决意教导外孙女。
造化,教导,悟道、设定展开,修炼、设定、爽点,"秦云令秦玉罗施展最厉害剑术，观其七口飞剑布阵之术。秦云因材施教，思考以七柄飞剑演绎自身剑道，将所创""七星秘术""融入七剑剑阵令其变幻莫测威力大增，连续施展九遍每一遍都有变化，第九遍剑阵威力达媲美大能层次。大自在魔界，波旬（万魔之王，魔道三大道圆满之一）与魔祖女儿身密谋，魔祖以三株原罪之花为代价请波旬八百年内夺取薪火火种（为换祝融造化莲子，三千年期限已过两千年）。秦云教导秦玉罗两百年后，带其下山行走天下练剑。",秦云以七星秘术融入七剑剑阵教导秦玉罗，波旬受魔祖之托谋划夺取薪火火种。
造化,七星剑道,设定展开、情节推进,设定,"秦云带秦玉罗舟船行走天下，参悟七星秘术（属周天星辰大道分支，顶尖大道层次），并撰写《七星剑道》。十年后在一城池买下书铺，将第一卷（皮毛，金仙以下修行）交秦玉罗研习，自当书铺老板二十年并尝试写第二卷。秦玉罗在书铺收一杨家少年为徒，离去后留信及典籍。秦云带秦玉罗驾云过仓城，秦玉罗因""蒙大哥""在仓城情绪波动但坚守退让决定。仓城内金仙大能蒙甫（伏羲氏弟子，火云宫）因凡俗妻子阿芫转世多次记忆消磨而痛苦执念；波旬一分身盘踞一瘦小男子脑海，称蒙甫为""插入火云宫的第一颗钉子""。",秦云创《七星剑道》第一卷授秦玉罗，蒙甫因痴情被波旬盯上为夺薪火火种埋下伏笔。
造化,忘不了，放不开,伏笔埋设、转折高潮,伏笔、高潮,"蒙甫对凡俗妻子阿芫执念极深，阿芫转世之倪芫（十五岁相识，相貌性情酷似）在仓城与蒙甫交好。倪芫随同门外出除妖（元神境二重天狼妖），仅三天后被狼妖炼魂葫芦所收。蒙甫大挪移赶至夺葫芦，发现倪芫魂魄残缺混乱吞吃其他魂魄，且从碎片记忆中确认倪芫为阿芫转世。蒙甫数万年执念浓烈到极致，杀狼妖（化作齑粉），波旬分身趁蒙甫道心破绽融入其体内。秦云教导外孙女五百三十年，一夜观北斗七星触动孩童心境，积累浑厚自然一体，悟出""七星大道""。",蒙甫因妻子转世遭炼魂道心崩溃被波旬控制，秦云观北斗七星悟出七星大道。
造化,突破,悟道、设定展开,修炼、设定、爽点,"秦云饮轮回甘露参悟，将七星大道融入自身剑道。原文详述天道境（万物化生演变运转）与大道圆满的关系——悟出更多大道融入原先感悟，质变后悟出""天地万物之道""即天道境；七星大道属周天星辰大道分支，倾向术数推演算计。秦云以七星大道融入剑道，天地人三才内部多出七条脉络联系更紧密（若悟周天星辰之道或可达天道境）。秦玉罗观秦云头顶清气、座下浊气、天地人异象及七颗星辰起伏移动，为其护法三年。秦云悟成后将五百多年积累一气呵成写成《七星剑道》第二卷（金仙层次，含""七星连杀""），授秦玉罗。七星大道融合后攻击招数威力提升五六成、烟雨阵威力翻倍、推演遮掩天机三界前十。",秦云将七星大道融入剑道实力大进，写成《七星剑道》第二卷授秦玉罗。
造化,相遇,伏笔埋设、矛盾展现,伏笔、冲突,秦云悟七星大道后清醒知与大道圆满差距仍大，人之大道仍卡瓶颈。蒙甫以七苦酒（佛门名酒，尝尽红尘七苦）拜访火云宫离榆（神农氏弟子，药道三界前五，顶尖金仙，贪酒），以酒换得两颗还魂丹（为救倪芫，希望渺茫）。离榆饮七苦酒，波旬贪欲分身潜藏其中（以一枚七情六欲果调制），计划数十年渗透控制离榆。波旬为夺薪火火种已付出两尊六欲分身及一枚七情六欲果。秦云带秦玉罗至红鱼城，妖族凤音（九凤后裔，天妖九重天媲美大能）感应到秦玉罗到来，怒其纠缠蒙甫（蒙甫已搬至红鱼城隐居），命鹰妖随从施展神通查看全城未果（秦云收敛气息改变容貌），秦云感应到鹰妖查探。,波旬以七苦酒控制离榆，凤音在红鱼城感应秦玉罗欲惩戒，秦云察觉异样。
造化,长点记性,矛盾爆发、人物心理,冲突、情感,"秦云偷听凤音与随从对话，知凤音要掌嘴秦玉罗一百""长记性""，并称""秦剑仙一倒秦家不值一提""。凤音自信秦云不会以大欺小、师尊白泽也不会允许。秦玉罗察觉凤音到来，出酒楼应对，凤音讥讽其偷偷摸摸来见蒙大哥，命随从捆秦玉罗掌嘴一百。白色绳索飞出被秦云在酒楼内一伸手握住。秦云表明身份，凤音大慌。",凤音欲掌嘴秦玉罗被秦云当场拦截，秦云表明身份令凤音惊慌。
造化,秦剑仙！,转折高潮、人物引入,人物、高潮,"凤音惊恐认出秦云（斩祖魔、杀巫支祁、横扫二十六疆域），连忙行礼。秦云握绳索质问凤音要捆外孙女掌嘴一百、若自己倒下是否更狠。九凤（上古妖圣，火焰大道顶尖大能，凤凰真身）闻讯透过因果降临，客气求情。秦云指明绳索是凤音先动手被截下，九凤提议赔礼揭过。秦云提出：秦玉罗先掌嘴凤音一百，再囚禁秦府十万年。九凤变色称过分，秦云怒斥""我活着就敢欺我家人，我死了呢""，九凤桀骜性子被激怒，一飞冲天邀秦云一战。秦云坐桌旁冷言""巫支祁就是死在我剑下""。",九凤降临求情不成被激怒邀战，秦云以巫支祁之死震慑九凤。
造化,七星连杀,战斗描写、转折高潮,战斗、高潮,"九凤显真身九头凤凰（火焰形成），持黑色长枪迎战。秦云以烟雨剑化作天地人三剑布烟雨阵，三剑出自成一界挡住长枪，烟雨领域笼罩十万里压制九凤火焰至千丈。秦云主动出手，三剑分三方笼罩九凤，烟雨阵缩小困住九凤真身。三界大能遥遥观战议论。秦云施青萍剑""七星连杀""，一道青色剑光如星辰轨迹贯穿九凤身体，一剑比一剑快一剑比一剑强（第六剑力量相当于前五剑相加），九凤重伤紫色血液飘洒。秦云仅施前六剑停手，称第七剑九凤必死、白泽妖皇不会允许。白泽妖皇从虚空走出。",秦云烟雨阵困九凤、青萍剑七星连杀前六剑重伤九凤，白泽妖皇现身。
造化,白泽妖皇,转折高潮、设定展开,设定、高潮,"秦云早感应到白泽隐旁虚空，仍施六剑表明态度。白泽喝斥九凤""秦云有大功德、散仙命不久矣就去欺他家人太丢脸""，九凤不再吭声。白泽认可囚禁凤音十万年，请秦云放出九凤（九凤为抗魔道重要高手）。秦云同意，九凤傲娇不语离去。三界大能目瞪口呆，评秦云青萍剑已发挥大道圆满层次威力（类比燃灯二十四定海珠、杨戬毁灭神眼），大道圆满之下无敌，决定不惹秦家。白泽与秦云湖旁草地对饮论散仙之劫：白泽称秦云为三界仅次于自己的散仙；详述第十二次散仙之劫分风火雷三劫，雷劫最难（天雷为毁灭而生，白泽扛到第八道身死转世伤魂魄根本）；魔祖不会让秦云正常转世会在轮回中摧毁魂魄。白泽问秦云提前渡劫是否后悔，秦云称看到大昌世界亿万生灵繁衍就庆幸，白泽敬酒。",白泽调停救九凤，三界大能惊于秦云实力决定不惹，白泽与秦云论散仙之劫。
造化,逆鳞,矛盾收束、人物心理,冲突、情感,"九凤质问白泽为何不救凤音，白泽阐明利弊：灵宝道祖赐青萍剑态度明确，人族势大碧游宫护短，凤音愚蠢触逆鳞怪谁，囚禁十万年让其清醒。白泽望九凤突破大道圆满分担妖族压力（妖族仅白泽一大道圆满，陆压不敢现身），九凤渴望但火焰大道突破太难。白泽暗忖秦云若渡劫成功实力恐在黎山老母之上、或执掌碧游宫，交好有益。凤音被囚秦府地牢十万年，秦云教秦玉罗""心慈手软外界只会认为软弱可欺""""修行剑道心如剑该出剑便出剑""。秦云心情不佳（触逆鳞，担忧死后家人受欺），伊萧劝其别敏感。秦云透过因果感应到蒙甫在火云宫。",白泽向九凤阐明交好秦云之利，凤音被囚十万年，秦云教秦玉罗修行之道。
造化,薪火火种,情节推进、伏笔深化,伏笔,蒙甫在火云宫以参悟为名至薪火殿借薪火火种（燧人氏凝练，含三皇传承，每次借出不超十年不得带出火云宫）。波旬分身感慨薪火火种之珍贵（燧人氏不灭薪火达大道圆满，祝融想要此物助火焰大道更进一步）。蒙甫参悟三年多后突兀出火云宫，火云宫自信未阻拦。燧人氏瞬间感应薪火火种出火云宫，震惊带走者为蒙甫。蒙甫欲跨越虚空去黑暗魔渊，薪火火种光芒大烧穿木匣无法携带。伏羲氏传音怒喝追出火云宫，燧人氏、神农氏同观。波旬分身全力爆发（勉强大道圆满）强行带走，虚空粉碎，惊动天界。秦云在雷啸山感应到恐怖波动，遥看火云宫外蒙甫抓薪火火种一幕，见薪火火种瞬间心灵悸动。,蒙甫被波旬控制带薪火火种出火云宫，秦云见薪火火种心灵悸动。
造化,照亮了道路,转折高潮、悟道,修炼、高潮、爽点,"秦云见薪火火种心灵悸动，跨越虚空赴火云宫近处。伏羲氏识破""蒙甫""爆发力量为波旬，怒喝。波旬邪笑承认算计蒙甫（利用其痴情），人族三皇（燧人氏、伏羲氏、神农氏）齐聚。三皇传音商议：杀波旬分身会杀死蒙甫，两难。波旬发现薪火火种与火云宫大阵一体无法带走。三界大能观战困惑波旬为何偷薪火火种（三皇绝学波旬可交流获得）。祝融遥望薪火火种炽热期待（最想此物，悟不灭薪火突破天道境），称三千年期满将直接用造化莲子换。秦云近观薪火火种（温和如火把照亮道路），悟出人之大道最缺""人道精神""，找到突破方向，但需感悟更多，打算请教燧人氏。",波旬夺薪火火种失败（与火云宫阵法一体），秦云受薪火火种启发找到人之大道突破方向——人道精神。
造化,欣赏,转折高潮、矛盾收束,冲突、高潮,波旬揭晓还控制了离榆（神农氏弟子，顶尖金仙，耗一枚七情六欲果），以蒙甫、离榆性命换薪火火种。三界大能感叹波旬手段厉害（悄无声息控制两位大能含一位顶尖）。人族三皇妥协（人族重情义），燧人氏同意交薪火火种，波旬承诺百万年内不对人族大能出手（蛰伏期）。离榆取薪火火种破空离去赴黑暗魔渊，蒙甫、离榆恢复清醒惭愧。燧人氏罚二人火云宫静修万年（离榆禁酒）。三皇观战注意到近处唯一围观的秦云，欣赏其为人族优秀后辈，邀入火云宫饮酒。,波旬以蒙甫离榆性命逼三皇交薪火火种成功，三皇欣赏秦云邀入火云宫。
造化,人道精神？,悟道、设定展开,修炼、设定、爽点,"三皇引秦云入火云宫，三界大能议论人族三皇与秦云亲近。燧人氏邀秦云可来火云宫修行（传承任翻阅无限制）。伏羲氏、神农氏喝斥蒙甫、离榆（罚闭门静修万年），感慨修行人有执念有欲望正常（蒙甫痴情、离榆贪酒），唯心性不够被波旬乘虚。三皇皆已悟出人之大道，秦云请教""人道精神""。燧人氏讲薪火相传故事（蒙昧时期人族守护火种不灭，灭火者百死莫赎，取火者奉为首领）；神农氏讲钻研药草救凡俗免小病而死、多陪挚爱；伏羲氏称人道精神要身体力行去做。秦云若有所思。",三皇以故事指点秦云人道精神——薪火相传、救死扶伤、身体力行。
造化,斩情丝,情感展现、矛盾收束,冲突、情感,"秦云感悟三皇指点，问三皇对人道精神领悟是否不同（各人有别）。秦云请三皇允许带秦玉罗见蒙甫了结因果（蒙甫静修万年）。秦云回雷啸山令秦玉罗赴火云宫。秦玉罗见蒙甫，秦云以七星大道窥天机见蒙甫元神有月老红线与阿芫残魂相连深入元神。秦云当面向秦玉罗揭穿蒙甫痴恋凡俗妻子已成执念万年百万年不忘、今生不会对第二女动心，斥蒙甫不早说清耽误秦玉罗修行。蒙甫道歉，述阿芫温柔如水是其眼中三界最完美女子。秦玉罗笑容灿烂称""真好""，请秦云回去。秦云暗唏嘘痴情人（联想自己寻妻经历）。",秦云带秦玉罗见蒙甫揭穿其痴情执念，帮秦玉罗斩断情丝。
造化,明悟,悟道、转折高潮,修炼、高潮、爽点,"秦玉罗回雷啸山东玉院闭关静修，发呆三个多月后练剑发泄情绪，一年年定下心。伊萧怪秦云直接拉玉罗见蒙甫太干脆，秦云称一头热没希望迟断不如早断，信玉罗天资。星空中文融神王与魔祖女儿身交易：魔祖交薪火火种，祝融交造化莲子（充满无尽生机、三界天道退避、天地间最尊贵之物），了结因果。祝融视薪火火种为三界最重要之物（意图悟不灭薪火突破天道境）。秦玉罗闭关五十余年后剑阵威力媲美大能，秦云大喜（后继有人、秦府有支撑），感叹玉罗天资数千年媲美大能。秦云见玉罗站出支撑秦家，对""薪火相传""有更深认知，人之大道近了一分，决定再入人间行走寻找人道精神。",秦玉罗斩情丝闭关突破媲美大能，魔祖得造化莲子，秦云悟薪火相传近人之大道一分。
造化,被秦云盯上了,环境铺陈、伏笔埋设,伏笔、设定,秦云人间行走三百余年寻人道精神，至昌玉大世界启兰国都城以书铺老板身份隐居（选择都城因三教九流人多），日常卖书观察人间。秦云见西城贫民窟两小乞丐兄弟分馒头（哥哥宁饿肚子让弟弟吃），以梦传修行法门改其命运。秦云夜观客栈见布衣老者西门沙（天仙）与弟子华袍男子（天仙二重天，享乐当国师）争吵——西门沙三百年栽培弟子欲其报仇救被毒云洞主（天妖九重天）奴役的同门，弟子推脱无力。弟子离去，西门沙誓再找弟子终杀毒云洞主。秦云推演知毒云洞主奴役修行者手段恶毒，决意除魔。乱星海深处数千里大陨石内椭圆形大石表面缓缓裂开。,秦云人间行走观察人间悟道，闻西门沙师徒对话决意除毒云洞主，乱星海大石将裂。
造化,石室内的父子,环境铺陈、情感展现,情感、设定,"毒云洞主（蜘蛛妖，天妖九重天）探查乱星海天地元气暴动，发现迷失区域扩大数倍且蔓延，派化身入迷失区域（不敢真身入）。黑袍老者摩图妖王亦探查。秦云夜至乱星海，推测乱星海为共工撞断不周山天界碎片所化，见迷失区域扩至三千万里（原千万里），决意先救被奴役修行者再探深处。秦云入陨石矿藏，见修行者住丈许石室气色颓败麻木，有父子（王姓中年男子与三四岁孩童骞儿）在幽暗石室一个教刀法一个学，父亲眼中满期待。秦云感悟""即便身在永远黑暗中心中也有希望""""永远心向天空""，人道精神壮大，以生而为人骄傲，念头一动挪移全部被奴役者。",秦云入乱星海矿藏见被奴役父子心存希望深受触动，人道精神壮大，挪移救人。
造化,杀得好,爽点设置、转折高潮,爽点、高潮,"秦云将八处矿藏数万被奴役修行者及少量凡俗挪移至陨石表面，修行者们震撼于这等时空手段。秦云轰出稳定虚空通道连接昌玉大世界红沙宗（碧游宫一脉），传音半步金仙宗主宇文秀。宇文秀透过通道恭迎秦云，秦云托其安置数万修行者（回家乡或安置）。秦云顺手拍死七位有大罪孽的爪牙（鬼虫天妖、猿魔等）。宇文秀向修行者宣布被秦剑仙所救恢复自由，沿虚空通道前往昌玉大世界，众修行者见青山绿水激动流泪。毒云洞主得化身禀报大惊，令牌联系其妖族大能师尊求救，话未完秦云一剑贯穿眉心，毒云洞主死（显蜘蛛尸体）。妖族大能师尊连称""杀得好""。",秦云救数万修行者杀毒云洞主，妖族大能师尊畏惧称杀得好。
造化,乱星海深处的宝贝,悬念设置、转折高潮,伏笔、高潮,妖族大能（毒云洞主师尊）暗怕秦云迁怒杀自己。秦云恢复虚空，收毒云洞主遗物。秦云入迷失区域，除秦云外还有大能焦涌（隐居昌玉大世界）、赤精子（玉虚宫十二金仙之一，顶尖金仙，得徒弟禀报赶来）探查。秦云强行贯穿时空至核心陨石，焦涌见秦云赤精子两强者在场无争斗心思。赤精子与秦云客气体面探查陨石无果，秦云以万里剑气劈开陨石，见内部空洞中椭圆形大石（表面裂痕、散混沌气息）。二人感受混沌气息心颤（气息与青萍剑相似），赤精子以镜子法宝照秦云（世界分黑白），秦云青萍剑飞出，二人翻脸夺宝。,秦云劈开陨石见混沌气息大石，与赤精子瞬间翻脸夺宝。
造化,裂开,战斗描写、转折高潮,战斗、高潮,"赤精子扔出黑色铃铛施""水火阴阳大阵""（白火黑水旋转吞噬秦云），秦云以烟雨剑天地人三剑布烟雨阵挡住（三刃山时挡血海老祖战身，如今更融入七星大道威力翻倍），烟雨领域渗透阻碍赤精子。秦云青萍剑全力施""七星连杀""一气呵成七剑（上次对九凤仅六剑），第七剑剑光切开黑白水火世界停留赤精子眉心前一寸。赤精子认输。秦云以烟雨阵护住椭圆形大石，收回青萍剑。赤精子自嘲水火阴阳大阵挡不住青萍剑、后浪推前浪。秦云遮掩天机防窥伺。赤精子笑言大石裂开或蹦出猴子（花果山典故）。大石裂痕密布碎裂声不断。",秦云青萍剑七星连杀七剑破赤精子大阵夺宝，大石将碎裂。
造化,先天第一奇物！,设定揭示、转折高潮,揭示、设定、高潮,"大石碎裂现约手指头大小青皮莲子——""造化莲子""（先天第一奇物，三界仅数颗，古老存在宁愿以先天至宝换）。造化莲子可长出先天至宝（佛祖功德金莲、血海业火红莲）、可孕生命（魔祖黑莲本尊、花果山猴子）、可融入身体（魔祖毁灭神眼、杨戬毁灭神眼）。秦云激动（前路迷雾透光亮，渡散仙之劫希望从一成到三成）。秦云抓莲子，古神蓐收（金甲金光，与祝融共工后土齐名）、黄光存在（游走时光长河）、祖龙（庞大神龙）、五彩白衣男子等八位大道圆满现身抢夺。魔祖毁灭身（青色皮肤四臂三眼）亲至，巨手抓秦云。灵宝天尊四柄神剑（诛仙、戮仙、陷仙、绝仙）及阵图成""诛仙阵""（三界第一杀阵，天道境层面最强）镇压千万里星空，逼退众敌。秦云喜呼师尊。",造化莲子出世，魔祖及多位大道圆满抢夺，灵宝天尊诛仙阵护秦云。
造化,莲子们的归处,转折高潮、设定揭示,揭示、设定、高潮,"诛仙阵出，众古老存在无侥幸。灵宝天尊真身至阵中，称秦云大功德大气运行走三界得大机缘（天道好还）。灵宝天尊威胁""敢伸手杀无赦""，众存在离去。魔祖不甘怒斥灵宝天尊坏其好事，灵宝天尊嗤笑魔祖急变强是怕离开三界后不再为黑暗魔渊之主（届时联手对付他）。秦云惊闻天道境存在将被迫离开三界。魔祖离去前冷瞥秦云。灵宝天尊携秦云回碧游宫主殿，揭示造化莲子共九颗八颗出世（魔祖黑莲本尊、花果山猴子、功德金莲、业火红莲、魔祖毁灭神眼、祝融原有一颗被魔祖得、秦云所得），最后一颗未出世。建议秦云以造化莲子孕养本命飞剑（非融入体内或化第二至宝），因秦云未达大道圆满无法完美掌控莲子力量，且本命飞剑提升对修行及渡劫护身剑阵最有帮助。",灵宝天尊逼退魔祖护秦云得造化莲子，揭示九颗莲子去向，指导孕养本命飞剑。
造化,孕养本命飞剑（本篇终）,装备获取、转折高潮,奖励、高潮,"灵宝天尊详述：若秦云已大道圆满可炼化寻常先天奇物令本命飞剑达先天至宝、适合莲子融入体内或化第二至宝；但秦云仅顶尖大能，炼化寻常先天奇物本命飞剑无法突破，故以造化莲子孕养最宜——可令本命飞剑自然衍变成先天至宝助修行早突破、护身剑阵潜力大增。三界尚无""本命先天至宝""（本命法宝法门为三清成天道境后创出，后辈无大道圆满者故无先例）。灵宝天尊命秦云在碧游宫内修炼（外界会被盯上）。秦云洞府静室饮轮回甘露，以本命飞剑烟雨剑施法门（黑白图笼罩莲子），莲子青色光点涌入烟雨剑三年三月（莲子不停歇被吞吸、最后一个月暗淡消散）。烟雨剑跨入先天至宝门槛并继续衍变一个多时辰，成三界第一件""本命先天至宝""，补足剑道最后一点离大道圆满仅差一丝。灵宝天尊期待秦云渡劫成功为碧游宫支柱。魔祖毁灭身于黑暗魔渊不甘誓再夺造化莲子及青萍剑，祖龙等古老存在羡慕嫉妒无奈。第十八篇《造化》完整落幕。","秦云以造化莲子孕养本命飞剑成三界第一件""本命先天至宝""，离大道圆满仅差一丝，全篇收官。"
大道圆满,贪婪,设定展开、悬念设置,伏笔、设定,秦云以造化莲子孕养烟雨剑，飞剑内天地人三条大道开始演化出无极、生命、阴阳等大道，已成先天至宝，为三界第一件本命先天至宝。秦云回雷啸山闭关参悟烟雨剑以求悟出人之大道。魔祖毁灭身窥伺推算出造化莲子被用于孕养飞剑，恼怒但仍存抢夺之心。三界诸多古老存在亦盯着秦云，秦云闭关时一只比雷啸山还大的灰蒙蒙巨爪从天而降——混沌三凶之一的梼杌出手。,烟雨剑成三界第一件本命先天至宝，魔祖及古老存在们因贪婪盯上秦云，梼杌来袭雷啸山。
大道圆满,试探,战斗描写、矛盾展现,冲突、战斗,"梼杌凶分身（有真身六成实力）欲拍碎雷啸山，秦云怒而出手。先以人之剑迎敌被压下风，换地之剑施幕布挡住梼杌，梼杌燃烧凶分身撕裂幕布直扑雷啸山。秦云三剑合一为烟雨剑，施""一点星光""一剑穿透梼杌手掌及胸膛。三界各方强者（玉帝、阿弥陀、黎山老母等）遥遥观战，黎山老母传音师尊，灵宝天尊言秦云自保无虞。梼杌真实目的是摸清造化莲子去向及试探秦云手段底细。","秦云烟雨剑""一点星光""一剑刺穿梼杌燃烧的凶分身，梼杌试探秦云实力底细。"
大道圆满,实力,转折高潮、设定展开,设定、高潮,"烟雨剑光来回贯穿梼杌凶分身十三次，凶分身崩溃被灭。秦云反思若梼杌真身到来（肉身强横+先天顶尖灵宝）己方恐难敌。梼杌真身云层凝临，约秦云去沧谷大世界一战，秦云以""杀敌剑术不过偶然悟出一两招""羞辱梼杌，梼杌恼怒离去。秦云实情是主要参悟护身阵法渡散仙之劫，杀敌招数仅悟出""一点星光""。三界古老存在们承认秦云已具大道圆满实力，论本命先天至宝对实力的帮助远超普通先天至宝。",秦云击杀梼杌凶分身，三界古老存在承认其已具大道圆满实力，护身手段强横。
大道圆满,烟雨剑馆的馆主,环境铺陈、人物引入,人物、设定,"秦云定下""不成大道圆满不离天界""之规，闭关三百年仍困瓶颈，再下人间寻人之大道。至南国临城开""烟雨剑馆""化身""秦南""，三十余年收田晃、樊勇、靳榆三徒，展露先天金丹层次，教未入道剑术但极为全面。三徒弟靳榆告知大师兄田晃重伤躲靳府，秦云前往查看，认出田晃身上妖气乃南国国师所致，判断其活不过七日。",秦云化身凡俗剑馆师父融入人间，大徒弟田晃刺杀国师重伤命危。
大道圆满,丹药,人物心理、伏笔埋设,伏笔、情感,"秦云取出行走人间时除妖所得的""小元元仙丹""赠田晃，嘱其若宗派长老未及赶到再服。田晃感动，欲接秦云去云墨仙城被拒。秦云暗忖自身所携最次也是极品灵宝、先天奇物，此丹是除妖所得才勉强翻出。南国都城国师接云墨宗钱长老传讯，得知刺杀者即云墨宗弟子田晃、长老三日后将抵，钱长老命国师先杀田晃灭口，国师率两大妖赴临城，命大妖先抓烟雨剑馆师父秦南。",秦云赠仙丹救田晃，钱长老暗通国师欲灭口田晃，国师率妖赴临城抓秦云。
大道圆满,这就是人间,悟道、情感展现,修炼、情感、爽点,"秦云察觉三妖来临，掐算知国师背后是灵宝一脉云墨宗钱长老，定其当杀。大妖奉命捉秦云，秦云一念控制之，令其随行赴靳府。靳府内国师已抓住田晃、摄来靳榆及其母靳夫人，以杀尽师徒母女相逼。田晃自责跪师，靳夫人母女相拥赴死，田晃拼死反扑被砸落。秦云旁观这一幕人间画卷——依恋、自责、恨意、疯狂，忆起万年修行所历一幕幕场景（妹妹被妖怪抓走、钱叔护主、水神死、明月下与伊萧一吻），喃喃低语""这就是人间，这就是我所寻找的人之大道""。","秦云目睹靳府生死一幕，忆万年人间经历，明悟""这就是人间""，触及人之大道。"
大道圆满,大道圆满,悟道、转折高潮,修炼、高潮、爽点,"秦云悟出人道精神——对人间的爱、愿以生命守护，如三皇燧人氏、伏羲氏、神农氏及无数守护人族的英雄。自私魔头与高高在上仙人都无法悟出人之大道。人道精神为魂，多年大道奥妙感悟为筋骨，""人之大道""（顶尖大道）浮现于心中，天地人三才剑道圆满，明悟三才剑道，一切水到渠成。秦云觉遁术、护身、领域等手段皆可以完整三才剑道为根基质变完善，烟雨领域威力暴涨。国师大印砸向秦云停滞半空，三妖凝固，秦云将三妖化作齑粉。秦云传三徒各一道大能层次剑光传承（彼此不同），嘱其修至天仙六重天可去雷啸山相见，一迈步消失。",秦云悟出人之大道，三才剑道圆满成就大道圆满，灭国师三妖，传徒剑光传承后离去。
大道圆满,师尊，我突破了！,转折高潮、人物引入,人物、高潮,"秦云隔虚空杀云墨宗钱长老（在宗内数位仙人面前无征兆身死魂灭，云墨宗宗主压下追查）。秦云赴碧游宫禀告师尊灵宝天尊""我突破了""，天尊大喜——碧游宫大道圆满弟子仅多宝道人（入佛门）、黎山老母两位，秦云突破令天尊振奋，视为碧游宫下一任掌教。天尊定计：保密突破消息，布陷阱引魔道自投罗网，趁机除魔道大道圆满获大功德，助烟雨剑成功德至宝以渡散仙之劫。秦云于碧游宫洞府闭关，元神法力与三才剑道结合蜕变，朝大道圆满蜕变。",秦云禀告灵宝天尊已突破大道圆满，师徒定下保密设局坑魔道之计，秦云于碧游宫闭关突破。
大道圆满,半步天道境,设定展开、装备获取,奖励、设定,"秦云于碧游宫吸收庞大天地灵气突破法力至大道圆满，创""青云袍""（护身大神通，超越周天星衣）、""烟雨界""（领域大神通）、""七星遁行术""（飞遁之术）。秦云以三才剑道擅长布阵为方向，参考碧游宫阵法记载及诛仙阵奥妙，闭关六百余年令烟雨阵初成。又耗两百年将七星大道融入三才剑道，烟雨剑道威力增五成。参悟青萍剑内完整阴阳大道（重点修行方向）。闭关近千年后，灵宝天尊赐遮掩天机黑色珠子（先天灵宝）、阵法宝物灰色布袋，嘱其入大世界先布阵。秦云回雷啸山度第八次散仙之劫（保密未告亲人），离天界。魔祖毁灭身算定秦云必出天界寻机缘，但天机被遮掩极强，只能看出其因果线在惠丰大世界。",秦云碧游宫闭关近千年突破法力至大道圆满，创大神通完善烟雨阵，实力达半步天道境，出天界赴惠丰大世界。
大道圆满,狐仙,环境铺陈、人物引入,人物、设定,"魔祖毁灭身定策：秦云嫉恶如仇，只要其降妖除魔，魔道情报网必能找出。秦云至惠丰大世界先布灵宝天尊所炼大阵，再行走降妖除魔积功德。离第十二次散仙之劫仅剩四千年，秦云首要目标是令烟雨剑成功德至宝。秦云至尉国，见逃荒者遍地，一口气救活刚死的逃荒者。远处白衣女子（九尾狐青霜）被黑袍道人（黑风魔宗弟子）追杀，秦云一剑穿透黑袍道人阵法及身体将其灭杀，言""人族道人罪孽深重，妖族身上却有功德""。",秦云赴惠丰大世界降妖除魔积功德，救九尾狐青霜、杀黑风魔宗道人。
大道圆满,阴阳一道,人物引入、伏笔埋设,人物、伏笔,"秦云化名""丰道人""，随青霜至其别院饮酒。秦云点破尉国国君已修魔成天魔、整个尉国被黑风魔宗控制，刺杀国君无用，真正主人是黑风魔宗。秦云见青霜施展阴阳剑诀，以大道圆满境界略改其剑术令威力大增。狐仙岛强者""阆二叔""现身欲抓青霜回岛受罚（万劫窟），秦云两道剑光将其拍飞，揭穿狐仙岛族长修心魔一脉法门、控制三十六位入万劫窟天仙元神之秘，令阆二叔回族查证。秦云因青霜天资高、修阴阳剑术与己同脉且有大功德而动收徒之念。",秦云化名丰道人点破尉国魔道本质，救青霜并揭狐仙岛族长心魔控制之秘，动收徒之念。
大道圆满,情报网,人物引入、悬念设置,人物、伏笔,"秦云收青霜为徒，赐紫色道符护身。秦云带青霜行走尉国，灭寺庙地下血池魔修（废凡俗法力、杀三位魔神）。秦云暗叹狐仙岛族长翻盘、狐仙岛分裂。狐仙岛族长提前发动控制近百位天仙，阆二叔被擒告密""丰道人""。惠丰大世界书房中，心魔老祖（顶尖大能，威胁不亚于大道圆满）奉魔祖之命追查秦云，翻看各方情报，将""丰道人""定为乙级怀疑目标（九位乙级、二十八位丙级、一千零三位丁级）。",秦云收青霜为徒赐符传剑，狐仙岛族长翻盘控制近百天仙，心魔老祖奉魔祖命以情报网追查秦云。
大道圆满,诱饵,悬念设置、情节推进,伏笔,"心魔老祖持续搜集""丰道人""情报，因秦云行踪诡异难以验证，且探查时空会惊动秦云致其遁回天界。数月后秦云带青霜至尉国都城，于八仙楼用饭。三皇子欲强请青霜被青霜击退其护卫，三皇子率手下下楼对峙。秦云实则以自身为饵，在都城惹事更易被魔道发现，等魔道大道圆满来杀。青霜喝斥三皇子等人。",秦云以自身为饵入尉国都城八仙楼，故意惹事引魔道关注，心魔老祖持续追查。
大道圆满,各方到来,矛盾展现、悬念设置,伏笔、冲突,"八仙楼主人尉冉公主（何仙姑弟子，天仙五重天）出面喝退三皇子。青霜告知秦云尉冉公主身份及处境。秦云见尉冉有功德清光。尉国皇宫内，红袍秃顶道人（黑风魔宗赤袍尊者，天魔后期）告知国师上次在九尾狐身上留秘法印记，锁定其在都城八仙楼。国君派三位族老（天魔中期）去八仙楼活捉九尾狐，封禁都城。八仙楼外街边，心魔老祖分身亲探""丰道人""，竟看不透其虚实，大惊。秦云感应到被窥伺（以大道圆满境界仅勉强感应），喜悟魔道终于发现自己。",尉冉公主出场，赤袍尊者锁定青霜位置派三族老捉拿，心魔老祖分身亲探看不透秦云虚实，秦云感应窥伺知魔道已发现自己。
大道圆满,赶紧走,矛盾爆发、转折高潮,冲突、高潮,"心魔老祖化身禀告魔祖毁灭身，九成九确认""丰道人""即秦云。魔祖召""吞灵老祖""（蚊道人，大道圆满，三界牙口第一，曾吞吃道祖弟子、佛祖功德金莲）出手，吞灵老祖曾吞吃佛门先天至宝""功德金莲""部分，魔祖亲手炼制大阵配合。八仙楼上，秦云与尉冉公主谈及尉国魔道之祸，尉冉无奈言师尊何仙姑等不便插手（惠丰大世界之主为混沌三凶之一浑敦）。都城虚空封禁，三位族老现身欲捉青霜，秦云一杯水酒化三道水剑贯穿三族老眉心灭杀。青霜、尉冉皆劝秦云速走。",心魔老祖九成九确认秦云身份，魔祖召吞灵老祖出手配大阵，秦云一杯水酒灭三族老，青霜尉冉劝走。
大道圆满,隐藏了些实力,战斗描写、转折高潮,战斗、高潮,"尉氏老祖尉武嚣（天仙九重天转修魔道，借大阵媲美半步金仙）出关，率二十余天魔、国君、赤袍尊者赴八仙楼。秦云不避，点破尉氏道魔内争底细。尉武嚣施""火狱八蛇阵""八条紫色大蛇攻来，秦云两道剑光斩蛇贯穿尉武嚣身体杀之。赤袍尊者逃被剑光追杀灭杀（报黑风魔宗名号求饶无果）。尉国国君跪求饶被剑气灭杀（罪孽不亚于老祖）。秦云施""万剑灭绝""，上万道剑气一呼吸内灭尽都城内两千余名天魔及大罪孽者。秦云立尉冉公主为新君，赐金沙宗宗主（师弟）令牌为援，带青霜离去。",秦云显露大能实力，斩尉氏老祖、赤袍尊者、国君，万剑灭绝都城魔头，立尉冉公主为新君。
大道圆满,暗算,战斗描写、转折高潮,战斗、高潮,"心魔老祖分身与吞灵老祖（化胖老头）暗中窥伺，定计心魔先出手试探验证身份、吞灵再动手杀。秦云携青霜离去，心魔老祖分身暗算秦云，无形力量渗透秦云体内遭本命先天至宝无形剑气切割，心魔老祖分身重伤吐血，但确认秦云身份（如此恐怖剑气三界唯秦云）。秦云惊觉遭暗算（大道圆满+本命先天至宝镇守元神仍被影响一缕念头），欲遁逃，吞灵老祖布魔祖大阵爆发封禁整个惠丰大世界时空（百万里暗红异象），大阵勾连黑暗魔渊。吞灵老祖现身，秦云认出是吞灵老祖，言""一个蚊道人奈何不得我""。",心魔老祖暗算验证秦云身份反被剑气重伤，吞灵老祖布魔祖大阵封禁惠丰大世界时空现身。
大道圆满,魔祖出手,转折高潮、战斗描写,战斗、高潮,"吞灵老祖向青霜揭破秦云即秦剑仙，秦云恢复真实容貌。黑风魔宗宗主（大能者，浑敦麾下）遥观赤袍之死，惊觉丰道人即秦剑仙，恐惧其杀上门。三界各方惊动，黎山老母欲救援受阻。魔祖毁灭身以巍峨身躯现身惠丰大世界外星空，四臂结印施""封""印，将整个惠丰大世界以魔力蛋壳封锁，阻任何大道圆满进入救援，内外双重封锁令秦云孤立无援。",秦云身份曝光，魔祖毁灭身从外界封印惠丰大世界，内外双重封锁令秦云孤立无援。
大道圆满,反转,转折高潮、战斗描写,战斗、高潮,"吞灵老祖施""缠""令暗红丝线成茧困秦云，秦云烟雨领域（本命飞剑）便挡住阵法之威，吞灵老祖惊愕（魔祖阵法当令秦云实力削弱三四成，仅领域不该如此强）。灵宝天尊现身惠丰大世界外星空，布诛仙阵（四柄百万里神剑+阵图），魔祖毁灭身言破不了诛仙阵但能阻大道圆满进入。灵宝天尊笑言""你是不是弄错了""，魔祖陡然色变。秦云烟雨剑三柄飞剑分散百万里三个方位，烟雨阵激发成浩瀚世界（天地人分化、阴阳生命无极毁灭显现），威势较梼杌一战强十倍，达半步天道境力量。吞灵老祖被反困，颤栗畏惧。秦云言""我突破大道圆满不久，总算碰到好对手""，先拔魔祖阵法节点再来杀吞灵。惠丰大世界之主浑敦（混沌三凶之一）客气传音秦云讨好。",灵宝天尊布诛仙阵于外界，秦云烟雨阵反困吞灵老祖展露半步天道境实力，局势反转。
大道圆满,镇压,战斗描写、转折高潮,战斗、高潮,"魔祖毁灭身承认栽在秦云手里（非栽在灵宝手中），叹秦云突破即按捺狂喜布局算计。吞灵老祖现原形——万里大血色蚊子（混沌中诞生第一只蚊子），以六针结合口器刺吸烟雨阵世界边缘，烟雨阵轰隆作响但未被破。秦云耐心拔除魔祖阵法节点，将青霜送至尉国都城。尉冉公主惊叹秦云剑阵笼罩百万里镇压一方大世界。秦云拔尽魔祖阵法，烟雨领域全力束缚吞灵老祖。秦云施烟雨阵杀招""风卷""（剑气狂风绞杀）、""镇""（亿万剑气乌云手掌拍击）、""七星诛杀""（七颗星辰接连坠落），吞灵老祖吐血但肉身恢复。秦云施灵宝天尊所炼""灭魔阵""，三十六条黑色锁链从惠丰大世界四方凝练缠锁吞灵老祖。","秦云拔除魔祖阵法，施烟雨阵""风卷""""镇""""七星诛杀""重创吞灵老祖，灭魔阵三十六条锁链锁住之。"
大道圆满,惠丰大世界的传说,设定展开、环境铺陈,设定,"吞灵老祖被锁仍竭力挣扎，七颗星辰接连轰击其腹部渗血但迅速恢复。吞灵老祖言肉身绝大部分媲美普通先天灵宝、双翅媲美先天顶尖灵宝、口器不亚于先天至宝，秦云镇压容易但杀难。灵宝天尊传音询问，秦云言全力施展七星诛杀+灭魔阵炼化需八百年，天尊认为不值（离散仙之劫仅三千多年）。秦云定计：先潜修千年提升杀敌之法，若千年无大进步再耗八百年炼杀，灭吞灵老祖亦是大功德。秦云以灭魔阵锁敌、布烟雨阵盘膝潜修，偶尔试招。魔祖毁灭身留星空阻止其他大道圆满进入。一百六十年后，惠丰大世界形成""秦剑仙镇压大魔头""传说，三十六条苍穹锁链成天空常态，宗派弟子视之为当然景象。",吞灵老祖肉身强悍难速杀，秦云定计先修行千年提升杀敌之法再炼杀，惠丰大世界形成秦剑仙镇压传说。
大道圆满,求情,矛盾收束、人物心理,冲突、情感,一百六十年后秦云杀敌招数仅略有寸进（全力炼化缩至六百年），决定散心换心境，除惠丰大世界病根。秦云放剑光杀黑风宗主，黑风宗主求饶言已悔改行善一百六十年、拜金光仙（佛门）为师、杀尽宗内天魔。天界雷啸山金光仙来求情被护法神将拦，碧游宫同门虬首仙等亦来求情（惠丰大世界大能愿投靠碧游宫）。秦云化身现身，定七位大能杀三留四之策（真正罪孽深重者必杀），黑风宗主仍被三道剑光灭杀（漫长岁月门下作恶罪孽惊人）。金光仙被碧游宫同门嘲讽（佛门中人非碧游宫弟子）。,秦云杀黑风宗主除病根，定七位大能杀三留四之策，碧游宫同门来求情被拒。
大道圆满,改换门庭,矛盾收束、情节推进,冲突,"惠丰大世界大能求浑敦救援，浑敦闭门不见。大能们排座次，罪孽前三者（含黑风、苍丑）绝望，苍丑怒骂浑敦后真身被杀。浑敦冷言不为三蠢货恶了秦云（秦云仅剩三千多年离散仙之劫，无谓针锋相对）。秦云剑光扫惠丰大世界，斩三十七位天魔后期。众大能改换门庭：近十位改换、一位入佛门洗心革面、三位入黑暗魔渊修魔。秦云令活者约束麾下少作恶，惠丰大世界风气大变。三百六十三年后，秦云悟出""三绝七星""杀招（威力强七星诛杀七八成），施杀阵，剑气漩涡包裹吞灵老祖，三股力量内渗+七颗星辰外砸，吞灵老祖吐血、腹部尾部震裂渗血，露出绝望色。","惠丰大世界三大罪孽大能被杀、众大能改换门庭，秦云三百六十三年后悟出""三绝七星""杀招重创吞灵老祖。"
大道圆满,功德来源（本篇终）,转折高潮、爽点设置,爽点、高潮,"吞灵老祖叹一生谨慎却大意栽于秦云之手，言秦云成散仙数千年即大道圆满、有三界唯一本命先天至宝，死得不冤，但预言秦云三千多年后亦将死于散仙之劫。秦云言蚊道人看不到那一天。秦云全力维持""三绝七星""日夜炼化，两月十九天后吞灵老祖肉身崩解、元神湮灭、仅余真灵入轮回，剩口器（媲美先天至宝，在旁人手里威力弱）及其他器物。三十六条锁链散去，惠丰大世界生灵震动。海量功德铺天盖地涌入秦云体内（杀蚊道人功德为杀灭星三倍，略少于横扫二十六座疆域），碧游宫同门、黎山老母、三界各方大道圆满（人族三皇、浑敦等）皆传音恭贺，秦云向三界证明半步天道境实力。秦云将功德尽转烟雨剑，威力提升两三成但未质变为功德至宝。灵宝天尊化身现身，言三界论功德女娲第一，携秦云赴娲皇宫见女娲娘娘查探差距。",吞灵老祖被炼杀仅余口器，秦云获海量功德但烟雨剑未质变为功德至宝，随灵宝天尊赴娲皇宫见女娲，第十九篇《大道圆满》完整收官。
邀请,三界的未来,设定展开、人物引入,人物、设定,秦云随灵宝天尊前往娲皇宫拜访女娲娘娘，女娲娘娘慈善温和地看待秦云这位人族第一位半步天道境。女娲与灵宝天尊揭示天道境存在将被迫离开三界的原因：自共工撞断不周山后三界根基大损，天地灵气不断降低以减轻三界负担，天道境存在对三界压迫过大，三界已开始排斥他们。女娲请秦云展示烟雨剑，观后告知离成就功德至宝还差两成功德。,女娲娘娘正式登场，天道境将被迫离开三界的原因揭示，烟雨剑离功德至宝还差两成。
邀请,横扫处处,设定展开、转折高潮,设定、高潮,"秦云得知还差两成功德，女娲指出需再杀两个灭星级罪孽魔头。灵宝天尊告知三界罪孽最大者都躲在黑暗魔渊，数千年不会出来。女娲与灵宝天尊传音讨论""三界之外""的秘密，决定暂不告知秦云。魔祖黑莲封禁九座魔道大世界（仅留波旬坐镇的一座作陷阱）。秦云安排弟子九尾狐青霜前往天界雷啸山，随后开始横扫三界各大世界天魔，以剑气贯穿虚空斩杀一位位天魔，魔祖毁灭身震怒下令撤退。",魔祖封禁魔道大世界设陷阱，秦云开始横扫三界大世界天魔，魔道被迫全面撤退。
邀请,实力还不够,战斗描写、设定展开,战斗、设定,魔道传令天魔撤退，但多数天魔来不及逃出大世界。秦云一座座大世界横扫，杀数千万天魔及数万罪孽极大的魔神境，魔道祖魔们不敢冒头。天庭大能们遥观赞叹，秦云做了三界各方都不敢做的事。秦云停手后，功德源源降临，但所获功德仍不足以成就功德至宝，离目标还差约一成。,秦云横扫三界天魔造成魔道大浩劫，但所获功德仍不足以成就功德至宝。
邀请,妖族的改变,人物引入、转折高潮,人物、高潮,黎山老母来访赞许秦云清扫魔道。天界妖皇宫中，九凤向白泽妖皇报告秦云连杀十六位天妖（含五位天妖后期），白泽妖皇不阻止反而借此整顿妖族，下令将罪孽大的天妖后期后辈罚进炼心塔十万年。秦云也对妖族中大罪孽者下手，白泽妖皇更给秦云名单让其对付更多妖族，吓得众多大妖主动投进炼心塔。妖族从此开始逐渐改变。三界外混沌中，一位金甲身影（蓐收）观察秦云降妖除魔仍未成功德至宝，决定邀请秦云。,白泽妖皇借秦云之手整顿妖族，妖族开始改变；蓐收决定邀请秦云前往三界之外。
邀请,邀请,人物引入、设定展开,人物、设定,蓐收在茶楼拜访秦云，秦云一眼认出对方是古神蓐收（混沌中诞生的五尊强大神魔之一，执掌先天金行大道）。蓐收介绍混沌时空缝隙及时空潮汐：时空潮汐中有缝隙通往三界及其他区域，前往其他区域者从无生还；但时空潮汐中盘踞着一些强大异界生物，天道境无法进入时空潮汐，只有天道境以下才能进入。蓐收邀请秦云与句芒一同猎杀其中一位异界强者，约定宝物归蓐收和句芒、尸体归秦云献祭三界获大功德。秦云接过情报玉牌，约定三天后答复。,蓐收正式邀请秦云同往混沌时空缝隙猎杀异界强者，时空潮汐及异界生物设定首次展开。
邀请,三界之外,情节推进、情感展现,情感,秦云向灵宝天尊禀报蓐收邀请之事，灵宝天尊赐混沌时空缝隙情报书册，告诫三界之内秦云可横着走，但进入混沌时空缝隙则真正难测，异界强者手段难以预料。灵宝天尊暗自羡慕小辈们能进入时空缝隙（天道境处处遭排斥）。秦云回雷啸山告知妻子伊萧将前往三界之外，化身将全部消散。伊萧担忧但理解，秦云承诺若能渡过散仙之劫便不再让她担惊受怕。秦云穿过三界边界进入混沌，抵达蓐收洞府。,灵宝天尊赐情报书册并告诫危险，秦云告别伊萧前往三界外混沌。
邀请,时空潮汐,环境铺陈、设定展开,设定,秦云与蓐收、句芒在蓐收洞府会合。句芒本体为一株大树，有分身之能，本尊战死后枝杈可慢慢修行恢复。三人讨论混沌修行之妙及目标情报（异界强者擅使一锤、力大无穷，但情报不可全信）。三人出发，在混沌中赶路，感应三界逐渐微弱。抵达女娲娘娘与三位道祖联手布置的庞大阵法笼罩的混沌时空缝隙，阵灵放行。三人飞入时空缝隙，进入无边无际的时空潮汐，只能慢慢飞不能穿梭时空。逆潮汐方向飞行六十八年抵达目的地。,三人进入混沌时空缝隙，在时空潮汐中飞行六十八年抵达目的地。
邀请,动手,战斗描写、转折高潮,战斗、高潮,三人抵达悬浮的黝黑山峰，巨人主人假意邀请饮酒，提供美酒美食（暗中动手脚欲控制来客）。三人拒绝饮食，巨人翻脸，妖异女子消散，黑水水滴飘洒而下。秦云烟雨领域抵挡黑水，黑水化作黑色小人飞扑，秦云细雨飞剑迎战。蓐收突袭以金色长梭伤巨人脸部，巨人急剧膨胀变大百倍持大锤迎战，咆哮冲来。,巨人设陷阱失败翻脸动手，蓐收突袭伤巨人，巨人巨型化持大锤迎战。
邀请,活捉,战斗描写、转折高潮,战斗、高潮,"蓐收持先天至宝""金虎爪""千变万化（大斧、弯刀、长剑、弓箭等）近身搏杀巨人，巨人肉身极强（比蚊道人更强，三界仅祖龙能压其一头）。句芒以四十三根藤蔓重重束缚巨人，巨人巨型化后肉身防御强十倍，蓐收的金沙无法钻透其身体。三人决定束缚巨人带走。巨人被活捉但暗中观察三人弱点，判断秦云是三人中身体最脆弱的一个。",句芒以藤蔓活捉巨人，但巨人肉身太强无法杀死，巨人暗中观察三人弱点。
邀请,陷阱,转折高潮、悬念设置,伏笔、高潮,蓐收欲收山峰，巨人突然假死（气息衰弱成尸体）。山峰深处升腾三股强大气息：九首强者（四臂九龙头）、黑袍人形雾气、银发银眸女子（地位最高）。银发银眸女子施展十八片寒冰光轮，切割藤蔓如切豆腐，欲先解决句芒。九首强者扑向蓐收，黑袍人形雾气扑向秦云。蓐收近战不敌九首强者，秦云剑光阵法撑不住黑袍雾气侵蚀。危急时刻，秦云放出本命飞剑一化为三布烟雨阵，将九首强者、黑袍雾气困在阵内，银发女子阻在阵外。,巨人假死引出三位异界强者，秦云布烟雨阵分割敌人，将两名强者困阵内、银发女子阻阵外。
邀请,斩杀,战斗描写、转折高潮,战斗、高潮,"烟雨阵内""三绝七星""镇压九首强者、黑袍雾气，句芒藤蔓束缚之。蓐收以金光逐一钻入二者体内斩杀生机，九首强者、黑袍人形雾气迅速毙命。银发女子在阵外以十片寒冰光轮护身、八片光轮切割，以一敌二仍占上风但无法破烟雨阵。秦云收尸体时发现巨人未死（假死），巨人苏醒后与银发女子同时开口说出相同内容，称秦云是最强的一个，要活捉他。山峰深处三十二位大道圆满层次强者飞出，三人脸色发白。","蓐收斩杀两名异界强者，巨人假死暴露真醒，异界存在""命运""三十二位使者全部现身。"
邀请,逃命,战斗描写、悬念设置,伏笔、战斗,"三十二位使者围攻烟雨阵，秦云带蓐收、句芒遁逃。十七位近战强者抓住句芒伸出的藤蔓欲将其拽出，句芒被迫断藤蔓稳住身形。秦云估计法力+三人所带丹药可支撑五天。神秘存在""命运""不惜燃烧神魂同时掌控三十二位使者，欲活捉秦云获其剑阵手段。双方一追一逃，命运眼馋秦云的护身力量，拼着神魂受损也要追杀。","三十二位使者围攻烟雨阵，秦云三人遁逃，神秘存在""命运""燃烧神魂追杀。"
邀请,回来了,转折高潮、悬念设置,伏笔、高潮,"一天多后，命运神魂将碎被迫放弃，以银发尖耳朵老者虚影现身，自报名号""命运""，询问秦云名字。秦云自报""剑仙""（不报真名防咒杀）。命运率使者乘山峰潜逃换身份。秦云收三具尸体（九首强者、黑袍雾气、巨人真死），与蓐收、句芒返程。六十八年后穿过混沌时空缝隙回到三界外混沌，灵宝天尊在碧游宫感应到徒弟归来。",命运被迫放弃追杀，双方互报名号，秦云三人带三具异界尸体六十八年后回到三界。
邀请,如今的秦家,情节推进、人物引入,人物,三界顶尖存在们关注秦云等人归来，波旬有所触动考虑是否自己也去时空潮汐，菩提老祖亦犹豫但决定暂不去。秦云与蓐收、句芒分别，回雷啸山与伊萧团聚。秦家添外孙秦玉乐（秦依依之子，元神三重天，喜欢天下游玩留情，已有三子五女），秦玉罗（秦依依之女）亲近秦云。秦云在后山开始献祭第一具异界强者尸体（九首强者）。,秦云回雷啸山团聚，秦家后辈秦玉乐登场，秦云开始献祭异界强者尸体。
邀请,血脉？,设定揭示、转折高潮,揭示、设定、高潮,秦云献祭九首强者尸体获功德（相当于杀一两个祖魔），比预料的少。献祭黑袍人形雾气尸体获功德略少。献祭巨人尸体时，烟雨剑光切割不开其体内坚韧肉身，发现尸体血脉深处盘踞一股特殊金色丝线力量（更高层次的力量）。秦云以剑光逐缕取出十缕金色丝线，巨人尸体迅速湮灭，大功德降临。秦云观察金色丝线放大千万倍化作金色秘纹图，构成浩瀚巨人模样（天道境、肉身强横到匪夷所思），判断这是血脉力量，巨人是更强大存在的血脉后裔。功德达九成五。,巨人尸体中发现十缕异界天道境肉身一脉血脉之力，功德达九成五。
邀请,盘古血脉,设定揭示、伏笔埋设,伏笔、揭示、设定,秦云参悟血脉之力，发现其中蕴含三才大道奥妙，判断血脉始祖是一位修炼肉身的天道境。大道在混沌中本就存在，三界、异界皆适用。秦云将一缕血脉献祭（功德达九成七），一缕给师尊灵宝天尊。灵宝天尊以一缕盘古血脉之力交换，告知盘古乃混沌青莲所孕育、为开辟三界付出性命、无子女，道祖们搜集有盘古血脉之力，八九玄功、十二都天等法门皆从中参悟而出。灵宝天尊嘱秦云以异界血脉参悟护身（渡劫优先），将来渡劫成功后再参悟盘古血脉提升杀敌手段。,灵宝天尊以盘古血脉之力交换异界血脉之力，揭示盘古及肉身成圣一脉设定。
邀请,交易,人物引入、转折高潮,人物、高潮,祖龙（半步天道境，修炼肉身，三界攻击最强三位之一）感应到大道机缘在天界方向，化作黑袍男子前往雷啸山。秦云邀其入府饮酒，伊萧奉酒后退去。祖龙直言感应到秦云身上有其大道机缘（异界天道境血脉之力），请秦云割爱。秦云以三枚祖龙血晶及祖龙庇护秦家三代内血亲为条件。祖龙欣然答应（此条件远低于血脉之力价值），吐出三枚紫色血晶。秦云收血晶，祖龙得血脉之力离去，双方关系亲近。秦云考虑秦家后代有龙脉，可借祖龙血晶增强血脉。,祖龙以三枚祖龙血晶及庇护秦家三代承诺换得一缕异界天道境血脉之力。
邀请,只剩下一千年,设定展开、悬念设置,伏笔、设定,伊萧服一枚祖龙血晶，脱胎换骨三天后达半步大能实力，自然领悟大道奥妙及神通。秦云将剩余六缕血脉之力藏入秦家藏宝阁，作为渡劫失败后请半步天道境庇护秦家之资。秦云开始漫长潜修，参悟异界天道境血脉之力。转眼两千余年过去，秦依依与孟欢下棋谈及父亲即将渡第十一次散仙之劫，只剩一千年就是第十二次散仙之劫。秦云闭关三百年后出关。,伊萧服祖龙血晶达半步大能，秦云潜修两千余年，距第十二次散仙之劫只剩一千年。
邀请,第十一次散仙之劫,转折高潮、氛围营造,设定、高潮,秦云出关告知儿女有了关键突破。第十一次散仙之劫（纯火劫）即将降临，伊萧等人在雷啸山观看。魔祖毁灭身期待秦云死于散仙之劫后发动道魔战争。阿弥陀期待秦云渡劫成功。第十一次散仙之劫从古至今仅白泽前世扛过。秦云凌空而立，心火起遍布元神但维持冷静，布下烟雨阵压制透明火焰。秦云主动以亿万剑光汇聚成剑光游龙攻打劫云，令劫云力量完全爆发以试探第十二次天劫威力。,第十一次散仙之劫降临，秦云主动攻打劫云令其完全爆发以试探威力。
邀请,又强了,战斗描写、悟道,修炼、战斗、爽点,"剑光游龙冲入劫云令其完全爆发，秦云以""游龙""（新悟杀招，比""三绝七星""强近一倍）封锁劫云，勉强支撑一个呼吸后分散，亿万剑光汇于劫云下方再成游龙。劫云收缩成一小团爆发出黑色火焰柱轰击而下，游龙迎头而上竭力抵挡，最终被湮灭，残余零散火焰被烟雨阵细雨湮灭。秦云推测第十一次劫云爆发有半步天道境威力，第十二次雷劫应有天道境威力。波旬感叹秦云实力又增强（""游龙""弥补杀敌短板）。阿弥陀有所触动闭关参悟。太上道祖与灵宝天尊传音讨论。秦云九个月后出关，前往明耀大世界拜访后羿。","秦云以""游龙""抵挡劫云爆发渡过第十一次散仙之劫，推测第十二次雷劫有天道境威力，各方反应后秦云出关拜访后羿。"
邀请,秦云和后羿,人物引入、战斗描写,人物、战斗,秦云前往明耀大世界拜访后羿，发现后羿垂钓时鱼竿力量渗透向六道轮回（被天道阻拦）。后羿解释天道阻止下即便道祖魔祖也只能勉强渗透一丝力量破坏少许魂魄，无法完全保护一个魂魄。秦云邀请后羿同往混沌时空缝隙，后羿以护身手段差、不喜欢将性命交别人手上为由拒绝。秦云提出还会请孔宣（领域冠绝三界）及句芒，四位配合不亚于当初道家三清。后羿生出兴趣，提出以九箭试烟雨阵：连射九箭一箭比一箭强，第九箭有天道境威力，秦云若能挡下便答应。秦云充满战意答应。前八箭烟雨阵未到极限，第八箭仍未撼动。,秦云拜访后羿邀请同往时空潮汐，后羿以九箭试烟雨阵，前八箭未到极限。
邀请,聚齐（本篇终）,转折高潮、情节推进,高潮,后羿射出第九箭（天道境威力），秦云冥冥中感应到大威胁，毫不犹豫燃烧元神法力催发烟雨阵。第九箭被阻拦下来，秦云停止燃烧元神。后羿大笑着答应同往。二人同请孔宣（孔雀大明王，领域手段冠绝三界，曾拿下佛祖如来），在天界人间城池将军府找到孔宣。孔宣猜到二人来意，干脆答应。句芒亦主动到来加入。四人定下计划，三天后出发。秦云与伊萧告别，告知这次短则百余年长则两三百年就能回来，回来后炼成功德至宝就不再去时空潮汐，一心准备渡劫。四人在句芒洞府集合，前往已探知异界强者数量最多的混沌时空缝隙，按计划从近到远一路杀过去。,后羿、孔宣、句芒齐聚，四人组队二次进入混沌时空缝隙，全篇收束。
宝地,路遇偷袭,环境铺陈、悬念设置,伏笔、设定,"秦云、后羿、孔宣、木神句芒四位在时空潮汐中赶路（已八年，距目标约四年），木神句芒提醒在时空潮汐中要隐藏实力、出其不意。一艘破烂木船（九幽船）悄然逼近，船上灰色气流化为半透明女子身影，视四人为""抱团的弱者""猎物。孔宣最先察觉敌人潜藏遁行之术极厉害，传音商定由孔宣、句芒先出手、秦云后羿隐藏实力。九幽船摧毁最外围阵法，烟雨阵扩大抵挡，十九条灰色锁链袭来，孔宣五色神光一闪将整艘九幽船收走，只剩白衣女子呆立当场。",秦云四人在时空潮汐遭九幽船主人偷袭，孔宣五色神光一招夺走九幽船。
宝地,空手搏杀,战斗描写、设定展开,战斗、设定,"九幽船为九幽界所化先天至宝，白衣女子大半实力依仗此船。孔宣传音告知此女子非血肉之身亦非元神之体，五色神光擒拿不下，连佛祖都曾被擒却对此女无效。白衣女子取黑红凶魔刀，又被孔宣五色神光夺走。句芒告知孔宣夺宝每日仅三次，白衣女子空手扑来化为数千丈灰色气流身影覆盖烟雨阵。句芒藤蔓接触即遭侵蚀枯萎，孔宣彩光攻击则女子化为虚无缥缈无法碰触。秦云施展烟雨阵最强杀招""剑光游龙""，女子称秦云为""半步初始境强者""但化为虚无秦云亦碰不到。后羿拉弓射出第一箭，正中女子，女子称后羿箭中有与她""相似的力量""但太弱。","白衣女子空手搏杀令孔宣、句芒、秦云皆奈何不得，后羿一箭射中并揭示箭中含与女子相似的""心力""力量。"
宝地,心力,设定展开、转折高潮,设定、高潮,"秦云明白后羿连续九箭第一箭最弱仅蓄势，后羿悟出的是""心力""——肉身、元神法力之外的第三大体系，入门最艰难，三界能修到心力第三境的不超过十位，修到媲美大道圆满层次的仅后羿这一位开创者。后羿一箭箭射出威力急剧增长，白衣女子第二箭损伤高一倍、第三箭暴涨数倍，第五箭令女子绝望求饶。后羿第六箭将女子湮灭，只剩宝物。孔宣收走宝物。后羿推断女子为心灵力量形成的奇特生命，无尸体。分宝时孔宣发现一具类似山羊的庞大尸体（凶魔刀原主），归秦云。同时三只时空虫悄然跟随秦云等。博瀚岛上银甲男子向岛主汇报""第五尊者""被六箭射杀，岛主命""第三尊者""带手下活捉擅夺宝的及擅弓箭的，其余杀掉。","后羿""心力""设定展开，六箭射杀九幽船主人；博瀚岛主得知第五尊者之死，派第三尊者前往追杀。"
宝地,万花宫,人物引入、环境铺陈,人物、设定,"博瀚岛溪水旁，魁梧身影""摩沉""（第三尊者，肉身修炼到半步初始境，背上棘刺、六根黑色弯角）登场，曾在家乡无敌，来时空潮汐寻突破却栽在岛主手中被控。银发男子命摩沉率五位手下乘银色飞舟出发。飞舟两年多后，银发男子告知秦云等四人正前往""万花宫""，建议摩沉先到万花宫旁藏匿，待四人与万花宫主厮杀后伺机出手，活捉万花宫主可获十个大功。秦云等四人谈笑逼近万花宫，木神句芒介绍目标为擅长魅惑的异界强者。万花宫内，红衣瘦弱男子（万花宫主）自述擅长阵法达半步初始境，但一直无法破解一座""山谷""的阵法，持有山谷信物可慢慢等。感应到四位敌人到来，万花宫主称万花宫又要多些肥料。",博瀚岛第三尊者摩沉登场率众追杀；万花宫主登场，擅长阵法与魅惑，持幻魔山谷信物。
宝地,放弃？,矛盾展现、人物心理,冲突、情感,摩沉与银发男子在飞舟上观望，希望秦云等不要莽撞杀进万花宫送死。秦云以阵法造诣发现万花宫布有可怕阵法，孔宣判断宫主阵法造诣在自己之上，且万花宫旁混沌时空缝隙通往宫主家乡，陷入阵法可能被裹挟至对方家乡面临数位天道境。四位决定宁可放弃不可进入，故作离去诱宫主出宫。万花宫主果然追出，手持花树枝施展无形魅惑波动，秦云、句芒、孔宣元神震荡受影响，后羿以心力之声扫过令三人恢复清醒。万花宫主再邀四人入宫交流，被后羿拒绝。,秦云等识破万花宫阵法陷阱故作放弃，万花宫主追出施展魅惑，后羿心力化解。
宝地,绝望的万花宫主,战斗描写、转折高潮,战斗、高潮,万花宫主一挥花树枝施展万千花朵，孔宣五色神光一闪将其整个人擒拿消失。远处观战的摩沉等目瞪口呆——岛主亲自都没拿下的万花宫主竟一个照面被擒。孔宣五色神光震荡，万花宫主冲出但双手空空、花树枝被收走。木神句芒藤蔓擒拿，孔宣五色神光领域镇压，万花宫主取出世界之须、石板、黑色花朵等宝物均被孔宣一一收走。万花宫主空手对敌必死，全身通红自爆化为数十道血光分身逃遁，秦云烟雨阵扩大至万里将其困住。木神句芒藤蔓逐一擒拿血光分身。摩沉等观望后决定出手，银色飞舟直奔秦云等。,孔宣五色神光连夺万花宫主宝物，万花宫主自爆分身逃遁被烟雨阵困住擒下；摩沉率众动手。
宝地,博瀚岛的强者们,战斗描写、设定展开,战斗、设定,万花宫主最后一个血光分身被封禁后，银色飞舟载博瀚岛强者逼近。万花宫主以博瀚岛情报求换性命，秦云、后羿、孔宣、句芒不为所动。摩沉率五位使者现身，五使者以自身为阵，白光领域驱散五色神光领域和烟雨领域，压制秦云四人。摩沉显万丈肉身，连续九十九掌轰击烟雨阵仍破不开。后羿接连射五位阵法使者，第七箭射杀一人破阵，随后四箭齐发灭掉其余四使者。孔宣五色神光领域笼罩摩沉，双方攻守形势逆转。,博瀚岛摩沉与五使者登场，异界阵法领域压制一度奏效，但被烟雨阵和后羿箭术破解。
宝地,功成,战斗描写、转折高潮,战斗、高潮,后羿一箭射中摩沉未破皮，摩沉破不开烟雨阵选择逃遁。木神句芒藤蔓纠缠、秦云剑光游龙追击，摩沉在五色神光领域压制下仍轻松应对但飞行大慢。后羿连射九箭，第七箭伤摩沉、第八箭射穿胸口、第九箭（天道境威力）射穿摩沉眉心毁灭神魂。摩沉逃命中取出银色飞舟欲逃，被孔宣五色神光夺走。摩沉继续硬抗逃遁，后羿九箭一轮回反复射杀，第五次第九箭终将摩沉神魂灭杀毙命。万花宫主惊叹后羿箭矢达初始境威力。秦云收摩沉尸体（肉身一脉半步天道境，将来师尊们离开三界后用途无量），孔宣收摩沉遗留宝物。四位决定返回万花宫分宝后返程。,后羿九箭轮回反复射杀，第五次第九箭灭杀摩沉；秦云获摩沉尸体，四位决定返程。
宝地,山谷之秘,设定展开、悬念设置,伏笔、设定,"万花宫内四位分宝——后羿得银色飞舟、句芒得九幽船、孔宣得花树枝。先天至宝层次共六件（九幽船、凶魔刀、银色飞舟、花树枝、世界之须、元魔柱）。万花宫主被封禁旁观，苦闷信物被夺。万花宫主主动开口告知博瀚岛情报：博瀚岛主为时空潮汐最强存在之一，麾下九大尊者、十七战将、五十二使者皆被活捉控制，实力恐媲美天道境；杀了第三尊者必遭博瀚岛追杀。万花宫主以""幻魔山谷""三大神果（魂心果、混沌源果、启灵果）秘密及带路为条件换取活命。孔宣等决定先乘银色飞舟赴幻魔山谷。",万花宫主供出博瀚岛实力情报及幻魔山谷三大神果秘密，以带路换活命。
宝地,渴望,设定展开、人物心理,情感、设定,秦云听闻魂心果可令燃烧神魂恢复巅峰、混沌源果可不损本尊孕养第二分身、启灵果可进入顿悟，三种神果对渡劫均有大用，心痒难耐。后羿、孔宣、句芒亦各有所求。四位商定前往幻魔山谷，万花宫主以信物带路，经其家乡另一处混沌时空缝隙前往可避博瀚岛追踪，百余年可达。宝物分配改为后羿、秦云各一份，孔宣句芒共一份。万花宫主收起万花宫随行，银色飞舟出发。,三大神果设定展开，秦云等决定赴幻魔山谷，调整宝物分配比例为后羿秦云各一份、孔宣句芒共一份。
宝地,岛主和山谷,人物引入、伏笔埋设,人物、伏笔,"博瀚岛主背景揭示——白发人为复活死去爱人""岚笙""，悟出初始境奥秘后压制力量停留时空潮汐，灭绝自己家乡世界全部生灵使世界成为岚笙墓地，长期搜寻复活之法无果。博瀚岛主感应第三尊者之死，分析四位异界强者各有独特手段（夺宝、剑阵、弓箭达初始境威力），决定亲自动手并渴望其背后世界的修行体系。博瀚岛主乘更快的银色飞舟仅十九年追上秦云等，发现万花宫主指引方向，饶有兴趣尾随。第一百零七年秦云等抵达目的地，后羿持水蓝色符牌感应入口，符牌催发飞舟钻入漩涡消失。博瀚岛主赶到发现入口消失，推断为幻魔山谷，欲尝试强行进入。秦云等抵达幻魔山谷，见时空力量凝成液体环绕连绵山脉，山谷入口有阵法守护。",博瀚岛主身世与动机揭示（为复活爱人灭绝家乡），尾随秦云等至幻魔山谷入口；秦云等持信物进入幻魔山谷。
宝地,神果熟了么？,环境铺陈、悬念设置,伏笔、设定,"孔宣与万花宫主均无法破解山谷时空阵法（半步天道境层次），决定由后羿以力破法。后羿连射九箭，第八箭撼动阵法显露山谷内部金光果树，第九箭加四箭齐射（每箭相当于秦云剑光游龙威力）破开阵法。山谷深处三株神果果树：金色魂心果九枚、褐色混沌源果六枚、透明启灵果三枚，均未成熟。谷内有一具""时空行者""尸体（擅时空一道、阵法的知名强者）。一道低沉声音响起，自称布阵者，警告众人离去否则杀之。秦云等五人（含万花宫主）找不到敌人位置。",后羿以力破法破开幻魔山谷时空阵法，三株神果果树现身均未成熟，谷内有时空行者尸体，神秘低沉声音警告众人离去。
宝地,奈何不得,战斗描写、转折高潮,战斗、高潮,低沉声音源自一座化作岩石大蛇的山峰，大蛇布三十六根阵法石柱，孔宣五色神光将石柱收走。大蛇飞扑攻击，后羿箭矢无法破其护体力量，大蛇甩尾抽断七条藤蔓轰击烟雨阵。后羿第九箭（天道境之威）贯穿大蛇身体射出血窟窿，但山谷青色气流飞入大蛇体内瞬间恢复完好。后羿称拼命也杀不了大蛇——山谷内大蛇为不死之身。大蛇倾力攻击烟雨阵破不了，秦云判断其攻击极限离天道境差些。秦云操纵烟雨阵带众直逼三株果树，大蛇急呼神果未熟不可采。秦云反威胁：交出身上所有神果，否则夺走果树。,岩石大蛇现身交战，山谷内不死之身奈何不得；秦云以夺走果树威胁大蛇交出神果。
宝地,神果到手,转折高潮、爽点设置,爽点、高潮,大蛇坦言三株果树移植极难、老主人十余株仅种活三株，夺走只会毁掉。秦云等坚持，大蛇最终答应交出所有神果换取信物及承诺不再来。大蛇交出：魂心果十六颗、混沌源果四颗、启灵果两颗。孔宣故意质疑数量，大蛇称自己亦需修行服用及交易。双方交换信物与神果。大蛇透露信物为其老主人（超脱时空潮汐的外来者）所炼制分散于时空潮汐给后辈，大蛇为山谷原生被老主人奴役故不听其命。大蛇催促离去，秦云等传音讨论神果分配。后羿、秦云各要一颗启灵果，启灵果仅两颗。,大蛇交出所有神果（魂心果十六、混沌源果四、启灵果二）换取信物及不再来的承诺；大蛇老主人身份伏笔埋设。
宝地,进不去的博瀚岛主,转折高潮、矛盾爆发,冲突、高潮,神果分配——启灵果算四颗魂心果价值、混沌源果算三颗魂心果价值。后羿、秦云各一枚启灵果+一枚混沌源果+五枚魂心果；孔宣、句芒各一枚混沌源果+三枚魂心果。孔宣以三枚魂心果换秦云一颗混沌源果（秦云终获一枚启灵果+八枚魂心果，孔宣获两枚混沌源果）。句芒欲换后羿混沌源果被拒。外界博瀚岛主无法破阵进入，秦云等出谷后遭博瀚岛主拦截，索要信物被拒（信物已给大蛇）。博瀚岛主现身——白发人盘膝飞舟上，淡漠开口。,神果分配完成（秦云获启灵果一+魂心果八）；博瀚岛主在谷外等候拦截，索要信物被拒。
宝地,博瀚岛主的实力,战斗描写、设定揭示,战斗、揭示、设定,万花宫主急呼躲入万花宫。孔宣放出万花宫，众人飞入，万花宫主掌控宫殿激发万千阵法。博瀚岛主取黑色圆盘（阵法至宝，擅封禁虚空、领域镇压，比孔宣领域更强），孔宣五色神光夺不走（博瀚岛主有戒备）。黑色大阵封禁千万里虚空。博瀚岛主取三柄弧形弯刀（无柄，凶戾之气最可怕），弯刀切割万花宫阵法令其层层碎裂。后羿连射九箭，前八箭被虚空屏障挡住，第九箭（天道境威力）射破屏障被黑色屏障挡下。博瀚岛主坦言早已达到初始境、兼修诸多异界体系。万花宫外墙开裂，秦云燃烧元神法力催发烟雨阵抵挡两柄弯刀，称撑不了太久。,博瀚岛主实力全面展现——境界已达初始境，黑色圆盘封禁、三柄弯刀攻万花宫，秦云燃烧元神勉强抵挡。
宝地,拼到最后,战斗描写、转折高潮,战斗、高潮,后羿燃烧元神法力吞一颗魂心果，连射九箭第一箭即达天道境之威。第五箭轰破黑色屏障，博瀚岛主被迫显现体表黑色鳞甲铠甲（自然生长的护身法门）全力爆发，三柄弯刀威势暴涨攻破万花宫。秦云扩大烟雨阵独自抵挡三柄弯刀，吞一颗魂心果补充消耗。后羿第七箭射碎博瀚岛主鳞甲见血，第八箭射穿其胸口。博瀚岛主召回弯刀分化上万幻影闪躲，仍被第八箭射穿。博瀚岛主以弯刀、十八面盾牌抵挡同时飞遁，后羿第九箭（心力灌入全力一箭）贯穿一切射杀博瀚岛主肉身、灭绝元神。后羿称博瀚岛主在时空潮汐尚有分身，百年内自己无法再爆发，秦云等收尸体遗物驾驭博瀚岛主飞舟全力逃回。,后羿燃烧元神连射九箭，第九箭射杀博瀚岛主分身；秦云等驾驭博瀚岛主飞舟全力逃回三界。
宝地,分宝,装备获取、情节推进,奖励,博瀚岛本尊得知分身被杀，惊讶于四个未达初始境的修行者竟能越阶杀他。本尊因宝物尽失、无法应对后羿第九箭、飞舟被夺而不追击，思索如何挡住第九箭。秦云等乘飞舟逃返，微调路线防埋伏。分宝：后羿得三柄弧形弯刀（最强兵器），秦云得十八面盾牌+飞舟，句芒得阵法圆盘，孔宣得银色丝线。孔宣借圆盘参悟、句芒借丝线参悟。博瀚岛主铠甲为特殊修行法门（汲取宝物力量融入皮肤），带回去让道祖佛祖剖析。八十余年后抵达三界混沌时空缝隙。博瀚岛时空虫记下三界入口位置。,博瀚岛主本尊未追；秦云等分宝后微调路线八十余年返回三界；时空虫记下三界混沌时空缝隙位置。
宝地,功德至宝（本篇终）,转折高潮、装备获取,奖励、高潮,"秦云等穿混沌时空缝隙回到三界，感慨天外有天、差点栽在博瀚岛主手里。四位各回各处。三界各方反应：魔祖失望秦云又活着回来、期待散仙之劫灭他；混沌三凶浑敦、梼杌议论秦云收获。秦云回雷啸山，俯瞰秦家数千年繁衍数百万口的繁华，感慨渡劫失败则家族遭劫。伊萧抚琴，秦云述说收获称""说不定真能得长生""。秦云献祭三具博瀚岛阵法使者尸体（被炼为傀儡兵器失去自我）于三界天地，功德降临，将功德转移至烟雨飞剑。烟雨飞剑功德达九成九后质变为功德至宝，引动三界天地动荡，七彩功德光耀百万里。灵宝道祖遥望喜称""功德至宝诞生，可镇压一族气运、一教气运""。",秦云献祭阵法使者尸体功德圆满，烟雨飞剑质变为功德至宝，灵宝道祖称可镇压一族一教气运，第二十一篇《宝地》完整落幕。
散仙之劫,闭关前的准备,环境铺陈、悬念设置,伏笔、设定,八景宫太上老君、玉虚宫元始天尊、碧游宫灵宝天尊议论秦云本命飞剑成功德至宝、有望度过散仙之劫；祝融神王与黄发老者（黄须老人）于一座大世界遥看天界，暗忌秦云宝物、约定暗中交易谋秦云。秦云感压力，赴碧游宫拜见师尊灵宝天尊，禀报时空潮汐中遇天道境敌人博瀚岛主及后羿燃烧元神连射九箭射杀其分身之事，献上博瀚岛主尸体（其甲铠为特殊修行法门凝结、达天道境），灵宝天尊惊叹此甲铠法门独特。秦云回雷啸山，决意先花时间梳理自身剑道、书写完整《烟雨剑道》典籍，再服启灵果进入顿悟，时距渡劫尚有八百年。,三界高层关注秦云渡劫，祝融神王与黄须老人暗中觊觎秦云宝物，秦云定下梳理剑道、书写典籍再服启灵果的计划。
散仙之劫,启灵果,设定展开、悟道,修炼、设定、爽点,"秦云潜心书写《烟雨剑道》一百二十六年，期间悠闲陪伴妻子、指点徒弟孟欢、秦依依、秦玉罗、九尾狐青霜及田晃等。田晃（秦云游历天界南国所收三弟子之一）最先达天仙六重天，得知师父即秦剑仙。秦云闭关前悉心教导众徒弟，与妻子伊萧道别。入静室后，秦云取出时空潮汐中最珍贵的神果""启灵果""吞服，瞬间进入""顿悟之境""，一百二十六年的所思所悟迅速整合，第一年便悟出顶尖大道""太阳之道""，闭关顿悟转眼五百年过去。",秦云服启灵果进入顿悟之境，悟出太阳之道，顿悟持续五百年。
散仙之劫,提升,悟道、设定展开,修炼、设定、爽点,"闭关第八年悟出顶尖大道""太阴之道""；顿悟中对七星之道与三才大道的融合、异族天道境血脉之力、盘古血脉之力多有明悟，令烟雨阵不断蜕变。五百年后秦云睁眼出关，杀敌招数强五成、护身剑阵提升超一倍，唯憾未悟出阴阳结合之道（太阴、太阳、阴阳结合三者融合方为阴阳大道）。距渡劫尚剩一百余年，秦云继续参悟将太阴、太阳之道融入烟雨阵。天界大能议论秦云渡劫之日临近，三界皆关注。距渡劫仅剩三十九年时，秦云出关，孟欢、九尾狐青霜等迎接；秦烈虎夫妇从大昌世界赶至雷啸山，伊萧因祖龙血晶已成半步大能。",秦云五百年顿悟悟出太阴、太阳之道，烟雨阵大涨，出关后距渡劫仅剩三十九年，父母赶来相伴。
散仙之劫,选弟子,设定展开、人物心理,情感、设定,"秦云闭关时已写好《烟雨剑道》三卷，出关后继续完善剑修法门：元神法门完善、天仙法门九成九把握、金仙法门九成五把握，正式确立""烟雨剑修一脉""，与太上剑修一脉并立（太上一脉凝剑形元神，烟雨一脉凝人形元神更正统）。秦云请碧游宫负责情报的""呼师弟""搜遍三界，两日内筛出十九位凡俗境剑修天才。秦云透过时光长河逐一考察，选中两位：九磨大世界""猫剑仙""卞寒玉（近五百岁、天仙中期、近寿命大限）与飞仙大世界余孤峰（修行两百年、天仙前期）。秦云携伊萧前往九磨大世界无名湖畔寻访卞寒玉。",秦云完善烟雨剑修一脉法门，经碧游宫情报网筛出十九位剑修天才，选中卞寒玉、余孤峰两位。
散仙之劫,剑修两脉,人物引入、矛盾展现,人物、冲突,"卞寒玉自陈年立誓为家人报仇方知是大能者降怒、自嘲不自量力，又憾死后须转修其他法门不再是剑修。秦云、伊萧现身，卞寒玉震惊于二人威势远超半步金仙，秦云自报天界雷啸山秦剑仙，卞寒玉当即下跪拜师，拜别三只猫妖随秦云离去。秦云携卞寒玉赴飞仙大世界酒楼寻余孤峰，以大能手段引余孤峰出关入酒楼。秦云表明身份欲收余孤峰为徒，八景宫太上剑修一脉金仙""长眉道人""跨越时空而来阻止，称太上一脉早暗中栽培余孤峰、只待考验圆满便收入门。秦云反驳""尚未收入门下，他可自选""，长眉道人化身为余孤峰曾遇的老乞丐模样相认。",卞寒玉拜师秦云，收余孤峰时遭太上剑修一脉长眉道人阻挠，双方就余孤峰拜师归属展开争夺。
散仙之劫,心魔深种,人物心理、矛盾展现,冲突、情感,"余孤峰感念太上一脉栽培之恩，婉拒秦云选择太上剑修一脉。长眉道人传音提醒秦云卞寒玉""心魔深种、渡天仙之劫都没把握""，秦云冷哼将其一具化身甩回洞府，长眉道人被同伴传音训诫不该挑衅半步天道境。秦云带卞寒玉回雷啸山，追问其心魔。卞寒玉自述年少离家闯荡，归来时亲人、下人、佃户一百零三口全死，发誓报仇，后发现凶手是混沌神魔""虞呲""（古老大能、喜食魂魄、路过吞食其家乡一百零三口魂魄），自感报仇可笑遂成心魔。秦云点明虞呲将三界当猎场，决意带卞寒玉去杀虞呲，卞寒玉热血沸腾。",余孤峰选太上一脉，卞寒玉心魔源于混沌神魔虞呲吞食其家乡一百零三口魂魄，秦云决意带徒报仇。
散仙之劫,杀混沌神魔'虞呲',战斗描写、转折高潮,战斗、高潮,"伊萧提醒虞呲居住黄须大世界、为黄须老人之地，秦云不以为意。秦云带卞寒玉跨时空至黄须大世界虞呲洞府""七怨宫""，见虞呲正享用一名元神三重天女修行人的魂魄。秦云透过时光长河查清虞呲漫长岁月的食人罪孽，杀机升腾。虞呲变作青袍中年讨好，见卞寒玉恨意后透过因果明了仇怨。黄须老人出手""手下留情""阻拦，秦云冷哼不顾，一道道剑光划过，虞呲化原形全力遁逃抵挡并向黄须老人求救，瞬间被切割成数十份、元神灭杀，一招毙命。",秦云一招斩杀混沌神魔虞呲，为徒报仇，无视黄须老人阻拦。
散仙之劫,黄须老人,人物引入、矛盾展现,人物、冲突,"秦云透过因果灭杀虞呲三个弱小分身，功德降临，带卞寒玉离去。黄须老人现身虞呲洞府，自嘲实力略逊秦云、护身剑阵厉害奈何不得。祝融神王现身，提醒黄须老人忍住、勿忘答应魔祖之事。虞呲之死震动三界，罪孽深重的混沌神魔中有五位改换门庭。黄须老人独饮不甘，灰袍道人献计报复秦云家人，黄须老人斥之""迁怒家人太卑鄙""，随后忽生一计：无需冲到天界送死就能出口恶气、还可能有大收获。秦云回雷啸山，卞寒玉谢师，秦云令其去烟雨阁独自修行一月。秦云感应到黄须老人化身来雷啸山，与伊萧出去查看。",黄须老人不甘虞呲被杀、颜面尽失，受灰袍道人启发想出报复秦云之计，化身赴雷啸山。
散仙之劫,翻脸！,矛盾爆发、转折高潮,冲突、高潮,"黄须老人化身客气现身雷啸山顶，以秦云未先知会便杀其属下虞呲为由，按三界规矩索要赔礼，开口便是一件先天至宝。秦云嗤笑拒绝，黄须老人威胁秦云渡劫身死后将灭秦家满门、任何血脉子弟不留，自诩生于时光长河、天道境下无人能杀、九分身藏于时光长河。秦云怒斥""老泥鳅""，一拂袖炸裂其化身；黄须老人意念残留三个月期限威胁秦云家人性命。伊萧担忧，秦云点明黄须老人保命功夫厉害、分身藏时光长河，决意以黄须老人""杀鸡儆猴""震慑各方，需时间准备。",黄须老人威胁灭秦家满门索要先天至宝，秦云决意诛杀黄须老人以震慑三界。
散仙之劫,约定,情节推进、伏笔埋设,伏笔,秦云赴明耀大世界请后羿出手对付黄须老人，告知黄须老人威胁灭秦家满门之事。后羿分析黄须老人九分身藏时光长河、魔道疆域、黑暗魔渊，正面难杀，唯有透过因果灭杀分身，需燃烧元神连射箭矢，第七或第八箭可成，第九箭必杀但需服魂心果免陷沉睡。秦云以博瀚岛主的十八面时空盾牌作抵押，承诺渡劫成功后以魂心果换回、失败则盾牌归后羿，并求后羿渡劫失败后庇护秦家。后羿收下盾牌，提出收秦云外孙女秦玉罗为徒并广邀好友见证，秦云大喜。秦云提醒后羿启灵果需有积累方能顿悟收获，后羿深以为然，称此言比魂心果更有价值。,秦云请后羿出手诛黄须老人，以时空盾牌抵押、求庇护秦家，后羿定下收秦玉罗为徒并广邀见证。
散仙之劫,动手,战斗描写、转折高潮,战斗、高潮,"秦云先赴天界借孔宣先天至宝""天地万物索""（博瀚岛主宝物，能擒拿天地万物），请孔宣推演黄须老人分身位置：五处分身分别在黄须大世界、昌玉大世界、魔道疆域（两尊）、黑暗魔渊。秦云跨时空至黄须大世界钱宁江上空，一念布烟雨阵封禁千万里时空。黄须老人隐居钱宁江畔府邸，自信秦云只能模糊算到分身在黄须大世界，未回老巢。烟雨阵成，黄须老人感应时空被封禁，一分为三潜入时光长河化作三条黄色泥鳅遁逃：最弱一尊被剑光困住封禁；最强一尊（大道圆满实力）自杀以免被活捉；中等一尊（顶尖大能）被天地万物索一闪捆住、法力封禁。秦云活捉两尊分身。",秦云借天地万物索与孔宣推演，在黄须大世界布烟雨阵活捉黄须老人两尊分身。
散仙之劫,不要脸皮,战斗描写、转折高潮,战斗、高潮,"秦云将两尊被封禁的黄须老人分身并立，黄须老人仍不惧，威胁秦云家人。秦云传音师尊灵宝道祖，灵宝道祖回应""瞧瞧你们的手段""。后羿跨时空而至，黄须老人分身惊愕。后羿燃烧元神，前六箭皆射向苍穹蓄势，第一箭即有天道境之威，震动三界，道祖佛祖魔祖等皆关注。黄须老人分身欲逃进时空潮汐断绝因果，灵宝道祖出手以巨大手指虚影灭杀两尊逃向三界边缘的分身，黄须老人怒骂""灵宝，你以大欺小，真不要脸皮""。后羿继续蓄势射出后续箭矢。",后羿燃烧元神连射箭矢蓄势，灵宝道祖出手灭杀黄须老人逃向三界边缘的两尊分身。
散仙之劫,邀请好友们,转折高潮、情节推进,高潮,万魔之王波旬感叹后羿箭矢威力威胁天道境。三界大能议论纷纷，无人敢掺和。黑暗魔渊中黄须老人一尊分身向魔祖毁灭身求救，魔祖只能尽量模糊因果削弱箭矢威力，令黄须老人尽量削弱其他分身保此尊最强。后羿第七箭射向被擒的一尊黄须老人分身，分身瞬间湮灭，恐怖威能透过因果线灭杀魔道疆域、黑暗魔渊等其他分身（魔祖模糊因果仅降少许，后羿第七箭保三成威力）。后羿收弓，第七箭即成功，无需第九箭。黄须老人最后一尊被封禁分身求饶愿做老仆永护秦家，秦云不信其承诺、一缕剑光斩杀，黄须老人毙命，功德降临。秦云、后羿广邀好友（孔宣、太乙救苦天尊、蓐收、杨戬、黎山老母等）一月后赴明耀大世界观礼后羿收秦玉罗为徒。,后羿第七箭透过因果灭杀黄须老人所有分身，秦云斩杀最后一尊分身，黄须老人毙命；广邀好友观礼收徒大典。
散仙之劫,收徒大典,爽点设置、伏笔深化,伏笔、爽点,黄须之死震动三界，秦家知晓原委，秦依依、韩林夫妇感叹秦云用心良苦、震慑宵小。秦云告知外孙女秦玉罗后羿心力一脉法门神奇、务必用心修炼，让其待在雷啸山时间一到同赴明耀大世界。一月后，明耀大世界后羿洞府举行收徒大典，碧游宫大能群至，大道圆满十多位（祖龙、多宝、观世音、人族三皇、菩提老祖、蓐收、句芒、后土娘娘等）齐聚。秦云向众大能介绍外孙女秦玉罗，后羿表明收徒之意，木神句芒等附和见证，后羿正式收秦玉罗为徒，声势为三界历史罕有。,后羿在明耀大世界广邀十多位大道圆满见证，正式收秦玉罗为徒，震慑三界。
散仙之劫,安排,情节推进、伏笔埋设,伏笔,斩黄须、后羿收徒两事令三界明了秦家是秦云逆鳞，古老存在不敢招惹，秦云日子平静。拜师三个月后卞寒玉以烟雨一脉剑修法门轻松凝练元神。秦云以盆景喻修行，告诫卞寒玉天赋虽高但需自身抉择、勇猛精进、秉持剑心，卞寒玉警觉。拜师第三十年卞寒玉突破至天仙后期，第三十一年渡风火雷天劫轻松成功、灵肉合一成天仙剑仙，烟雨一脉剑修法门首度有传人成天仙，秦云大喜。距渡劫仅剩几年，秦云向秦依依、孟欢、秦玉罗揭示藏宝阁暗层：先天顶尖灵宝三件、普通先天灵宝七件、异界修行者大道圆满尸体、祖龙血晶、盘古血脉之力等，交代可请碧游宫、祖龙、后羿、火云宫人族三皇帮忙。,卞寒玉成天仙剑仙、烟雨一脉首度有传人成天仙；秦云向小辈揭示藏宝阁暗层并交代各方庇护后路。
散仙之劫,师父和徒弟,情感展现、伏笔埋设,伏笔、情感,"秦云赴火云宫，燧人氏、伏羲氏、神农氏三皇相迎。秦云求火云宫庇护秦家，并献上半步天道境肉身一脉尸体（博瀚岛主同层次，和祖龙肉身同层次，价值远超先天至宝）作重礼。三皇惊叹其肉身之强，称可炼傀儡、炼丹、自然恢复，承下大礼。秦云赴碧游宫拜别师尊灵宝道祖，跪拜行礼，献上博瀚岛主飞舟（飞遁极快，对灵宝道祖离开三界有大用）。灵宝道祖感动，回赠亲手炼制的""万剑阵""镇守雷啸山，并郑重承诺：秦云若渡劫成功得长生便传其碧游宫新任掌教，若失败则定庇护其家人。秦云眼睛泛红告退，灵宝道祖喃喃期盼徒弟渡劫成功。",秦云送火云宫三皇半步天道境尸体重礼求庇护，赴碧游宫拜别师尊献飞舟，灵宝道祖赠万剑阵并承诺庇护家人、传掌教之位。
散仙之劫,天劫终临,氛围营造、转折高潮,设定、高潮,秦云回雷啸山布置万剑阵、告知家人施阵诀窍，入静室闭关静修三天，道心澄明再进一层。三日过后天劫将至，秦云出静室，妻子伊萧、父母秦烈虎夫妇、大哥秦安、秦依依、孟欢、玉罗、徒弟等齐聚。秦云与伊萧相握，伊萧言今日来了不少至交好友。秦云飞出雷啸山范围至百余里外山峰之巅独自面对天劫，雷啸山聚集伏羲氏、燧人氏、神农氏、孔宣、蓐收、句芒、后羿、黎山老母、多宝、祖龙、杨戬及大昌世界老友等。魔祖毁灭身、太上道祖、元始天尊、女娲娘娘、佛祖如来等天道境皆遥遥观看，讨论第十二次散仙之劫是否最终之劫。风劫先至：体内阴风无可阻挡切割元神、却令元神凝练精纯；外界风劫被烟雨阵挡住。秦云服仙丹补充法力。风劫过后火劫将至。,秦云闭关三天后出关，飞至山峰之巅独自面对散仙之劫，风劫（体内阴风+外界风劫）先至被挡下。
散仙之劫,渡劫（上）,战斗描写、转折高潮,战斗、高潮,"火劫至，体内生""心火""烧杂念、欲望、心魔，道心如刀被淬炼更锋利；外界火焰被烟雨阵轻松挡下。火劫过后雷劫降下，九道天雷依次递增，第八道近天道境、第九道达天道境，秦云未燃烧元神轻松挡下。秦云于第九道前服下魂心果以防万一。第九道天雷过后劫云未散、酝酿新劫数，三界观战大能皆疑惑（散仙之劫向来只有风火雷三劫）。劫云酝酿许久，内部隐隐有风吼、火啸、雷鸣之声。",火劫、雷劫九道天雷被秦云轻松挡下，第九道后劫云未散、酝酿风火雷之外的新劫数。
散仙之劫,渡劫（下）（本篇终）,转折高潮、爽点设置,爽点、高潮,劫云化作风火雷交缠一击轰下，秦云燃烧元神挡下（仅比第九道天雷强五成）。劫云塌陷缩小至极点化作一道光降下，无视烟雨阵直击秦云，散仙之体溃散消散，仅法宝奇物飘飞。三界观战者皆以为秦云身死，伊萧感应秦云因果消失、煞白绝望，秦依依、孟欢等家人痛苦，太上剑修一脉唏嘘、余孤峰庆幸选太上一脉。魔祖毁灭身大喜后脸色突变——秦云因果仍在。唯几位天道境能感应到秦云存在。实则劫云最后一击将秦云元神分裂为十二万九千六百份（一元之数），每一份受火焚雷击蜕变，秦云凭魂心果滋养元神根本与大毅力熬过，元神碎片重聚为十二万九千六百个微缩秦云、合而为一，散仙之劫最终之劫渡劫成功，秦云得长生。全篇至此完整收官。,劫云化作一道光无视烟雨阵击溃秦云散仙之体，元神分裂十二万九千六百份受蜕变之炼，秦云凭魂心果与大毅力熬过，渡劫成功得长生。
三界之变,分身之术,设定展开、转折高潮,设定、高潮,"秦云渡散仙最终之劫功成，与师尊灵宝道祖传音确认此为散仙最终之劫（元神蜕变之劫，度过便元神不灭得长生），讲解散仙元神可分十二万九千六百分身（三界第一），分身越多元神越虚弱。碧游宫中太上道祖、元始天尊、女娲娘娘、佛祖如来皆贺灵宝道祖。秦云回雷啸山与妻子伊萧、儿女秦依依孟欢秦玉罗等团聚，宴请后羿、祖龙、孔宣、黎山老母等好友。太上剑修一脉遥观水镜术见秦云复活皆震撼，余孤峰感叹自己选择太上一脉庆幸。魔祖毁灭身遥观秦云渡劫成功难以置信，判断祝融等盟友会退缩、大世界争夺无望，决意放弃大世界、掀起道魔之战。篇末标注""大结局篇三界之变正式开始""。",秦云渡劫得长生，元神可分十二万九千六百分身，魔祖决意掀起道魔之战。
三界之变,四字剑诀,悟道、人物引入,人物、修炼、爽点,"秦云以一枚魂心果换回后羿的时空盾牌。化身陪妻子伊萧游历小世界（真身无法进小世界），在一座天地灵气稀薄的小世界河道乌篷船上饮酒。悬崖上铁剑门弟子龚言舟因与死敌百花门弟子结为夫妇、无颜面对师门而跳崖求死，秦云以气劲接住落于船甲板。秦云掐指算清龚言舟经历，劝其""冤有头债有主，报仇不必牵连无辜""""仇怨终可化解""，凌空写下蕴含无尽剑道韵味的四字""事在人为""。龚言舟沉浸其中两天悟出《四字剑诀》，后成为破碎虚空三大绝学之首。秦云真身在天界雷啸山静修参悟杀敌剑术。黑暗魔渊中祝融神王化身拒绝魔祖（因秦云活着、与后羿联手无法杀后羿），魔祖决意彻底放弃大世界，""道魔之战可以开始了""。",秦云化身传道龚言舟四字剑诀，祝融因秦云活着退缩，魔祖决意开启道魔之战。
三界之变,战争爆发,转折高潮、战斗描写,战斗、高潮,秦云渡劫后第一百一十六年，陪妻游历数百小世界。魔祖突然发动道魔战争，魔祖三大分身全力挪移（每分身同时挪移数百万支队伍），波旬真身加六大分身、血海老祖分身、众祖魔合力，同一时间挪移上千万支魔道队伍进入三界无数小世界。秦云震惊感应到三界无数时空波动，眨眼间超两千万支队伍进入小世界。秦云本尊出关分出十二万分身（本尊留近一成力量守雷啸山）追杀魔道队伍，因先感应时空波动再赶往需时间，仅截杀三万多支较弱队伍（最强的天魔九重天队伍第一批传送来不及拦截）。道祖佛祖女娲娘娘亲自出手拦截比秦云更厉害。魔祖耗费百余年悄然汇聚的海量队伍尽皆传送出去，共六亿三千万支，被拦截仅八百万支。秦云十二万分身回归雷啸山，心知三界无数小世界将面临大浩劫。灵宝道祖传音召秦云速来碧游宫。,魔祖发动道魔战争，六亿三千万支魔道队伍侵入无数小世界，秦云十二万分身仅能拦截微乎其微。
三界之变,旷日持久,设定展开、情节推进,设定,碧游宫主殿，灵宝道祖召集近百位大能弟子（秦云、黎山老母为首），告知魔祖调动黑暗魔渊及十座魔道疆域力量侵入无数小世界（三界根基），若旁观则三界将沦为罪孽之地、魔道大昌。因道家佛门宽松无法像魔道强行逼迫，只能以法门神通秘术宝物引导天仙地仙自愿参战。灵宝道祖命众大能降化身降临小世界选良才传道，令本土道家修行者更强以抵抗魔道。秦云回雷啸山分念头降临小世界收弟子教导。道魔双方各出手段（夺舍、潜伏、欲望引诱），小世界顶尖天仙天魔有的真拼命有的装样子。大能化身乃至道祖魔祖佛祖化身都有降临。转眼道魔战争过去三千年，秦云化身在一座小世界酒楼感慨：道家佛门整体占上风但魔道渗透极深，三千年乃至三万年都难真正灭掉魔道。秦云三千年来收太多记名弟子，无数小世界都有烟雨一脉剑修法门。,灵宝道祖命众大能化身降临小世界传道抵抗魔道，道魔之战持续三千年陷入胶着。
三界之变,烟雨剑派,设定展开、爽点设置,爽点、设定,"秦云化身在酒楼看窗外，三魔修追杀缥缈宫女修罗绮，飞舟上布衣汉子（烟雨剑派王师兄）一剑分化上千剑光灭三魔修，捎罗绮回缥缈宫。布衣汉子对飞舟上二十名少年讲述烟雨剑派祖师""秦剑仙""斩杀无数魔道大能、杀天魔百万千万令魔道不敢进大世界。烟雨剑派为秦云所创，秦云为对付魔道琢磨出低层次强大剑诀，弟子被魔修惊称""剑疯子""，战力为小世界诸宗派之首。秦云化身观此幕，知三千年数百万化身踏遍三界每一小世界，烟雨剑派已成三界主流剑修派系（太上剑修一脉因入门难影响力低很多）。秦云感应弟子卞寒玉悟出大道。雷啸山，卞寒玉悟出""天机之道""（普通大道），秦云又欢喜又失望（失望未悟顶尖大道，悟顶尖大道的天仙剑仙可横扫小世界终结战争）。秦云命卞寒玉突破金仙（多一位掌握顶尖大道的天仙影响不大，但金仙对烟雨剑派在大世界天界传播有大用）。卞寒玉突破成功无波折，代表烟雨剑修一脉乃通天大道，烟雨剑派将真正成为一剑修大派系。",烟雨剑派三千年发展成三界主流剑修派系，卞寒玉悟天机之道突破金仙成烟雨剑派第一位金仙。
三界之变,新的天道境,转折高潮、设定展开,设定、高潮,"西方极乐大世界菩提树下，阿弥陀自秦云渡第十一次散仙之劫之日起闭关，悟出天地万物运转奥妙，突破天道境（三界第七位天道境）。阿弥陀一迈步跨虚空至天界灵山，告知佛祖如来将在此突破，如来大喜护法。阿弥陀突破体表无量光芒绽放，威能扫过三界，大能者皆感应""无量光""。黑暗魔渊中魔祖心情不错（道魔战争令三界负担减轻，排斥天道境离三界的日子会更晚），翻看血海老祖呈上的功劳卷轴，第一位血狮魔尊献祭七座小世界生灵，赐普通先天灵宝两件，许血海老祖将来掌黑暗魔渊。血海老祖告知杨戬突破大道圆满化身降临传道，魔祖不以为意。忽然魔祖与血海老祖感应到阿弥陀突破的无量光，魔祖恼怒（本料面对五位天道境追杀有三成逃命把握，多一个阿弥陀仅一成）。魔祖又感应到新天道境诞生令三界发生变化。",阿弥陀悟道突破成三界第七位天道境，魔祖恼怒逃命把握骤降，三界开始发生变化。
三界之变,参悟,悟道、环境铺陈,修炼、设定、爽点,天界雷啸山，烟雨剑派发展六万年（成天仙者过百万、天仙后期数百位、天仙极致十余位有媲美大能战力，唯卞寒玉一金仙）。秦云与伊萧闲聊，期待后辈悟顶尖大道。秦云忽然感应到阿弥陀突破的无量光，又发现三界悄然变化：太阳星光芒缓缓收敛、太阴星威势收敛（盘古开天地分阴阳，阴阳源头先变影响巨大）。秦云知三界之变比预料更惊人，亦知是难得参悟机缘（早悟出太阴之道、太阳之道，离阴阳两仪大道只差阴阳变化之法）。秦云传音召句芒、蓐收速来三界，嘱伊萧勿让任何人打扰。句芒、蓐收至星空感应三界变化，盘膝荒芜星辰参悟。大世界内烛龙（蜿蜒庞大巨龙）睁眼，欲借三界之变参悟天道万物之道（三界蛰伏古老存在不止烛龙一个，烛龙是最强几位之一）。三界大道圆满们个个静心参悟三界之变。,秦云感应三界之变（太阳太阴星变化），召句芒蓐收参悟，烛龙等古老存在亦欲借此参悟天道境。
三界之变,阴阳大道,悟道、转折高潮,修炼、高潮、爽点,"秦云观看三界阴阳变化半个月后福至心灵，悟出""阴阳变化之道""，与太阴、太阳之道融合形成圆满大道""阴阳大道""（又称阴阳两仪大道，代表天道下极致及天道核心道理）。加上之前的三才大道，秦云境界真正媲美祖龙、后羿等半步天道境，第一次感觉离天道境不太远（掌握三条圆满大道会三生万物达天道境）。秦云自述能悟出阴阳大道有侥幸（靠启灵果悟太阴太阳之道、数万年积累、三界之变），阴阳三才结合后杀敌招数达天道境威力（燃烧元神可媲美后羿第五六箭），烟雨阵护身手段迅速提升。秦云修行一个月，悟阴阳大道消息外界不知。秦依依焦急询问伊萧三界天地灵气下降（天界降一半、小世界更甚、飞升难十倍百倍），伊萧告秦云后羿均闭关。天界湖泊旁灵宝道祖感应到三界开始逼迫天道境离开（共工撞不周山后三界一直虚弱，预估还有百万年，阿弥陀突破令变化急剧加速）。太上道祖、元始天尊前来，三人共识三界将逼他们离去，对魔祖黑莲而言多年谋划成空。灵宝道祖等回去准备。","秦云悟出第二条圆满大道""阴阳大道""境界媲美半步天道境，三界开始逼迫天道境离去。"
三界之变,碧游宫新掌教,转折高潮、人物引入,人物、高潮,秦云在雷啸山参悟，灵宝道祖传音召其速来碧游宫。灵宝道祖告知秦云：魔祖黑莲掀起道魔战争令修行者死去无数力量回归天地、三界负担减轻，本可多待几百万年，但阿弥陀突破令三界有七位天道境负担急剧大增，引发三界之变——减少天地灵气、赶走七位天道境，以求自我循环永久存在。三界逼迫排斥逐渐增强，七天不放即被完全排斥出去。灵宝道祖传碧游宫掌教符令于秦云（新炼制令牌，炼化可掌控碧游宫），明天举行接任大典（若魔祖今天就逃则无法主持）。秦云接令（权力与责任传承，守护三界）。灵宝道祖详解碧游宫布局（万法池、群星殿、分宝岩、十绝阵等，诛仙阵图仅为一部分，天道境都难攻破）。消息传出，碧游宫众弟子服气（秦云半步天道境实力、人脉广、祖龙后羿关系好、烟雨剑派兴盛）。同日玉虚宫传出杨戬接任掌教（三代弟子引小风波，但玉虚宫团结，杨戬肉身成圣大道圆满刚突破即与广成子相当）。三界修行者恐慌感大风暴将至。第二天碧游宫秦云、玉虚宫杨戬分别接任掌教，三界进入新时代。,灵宝道祖传碧游宫掌教于秦云，同日杨戬接任玉虚宫掌教，三界进入新时代。
三界之变,魔祖黑莲,设定展开、转折高潮,设定、高潮,"灵宝道祖与秦云闲走，告知魔祖黑莲六天内必逃，逃时即道祖们离三界时，离三界后先杀魔祖再结伴闯荡混沌探索。道祖们都会留分身在三界外混沌（庇护家乡、留后路），三清建""三清殿""洞府。灵宝道祖述探索混沌目的：寻找天道境之后的道路、寻找不牺牲自己开辟新世界之法（共工破坏令三界虚弱，担心最终大破灭，需为三界众生创造新世界）。黑暗魔渊，魔祖女儿身带血海老祖至魔渊之潭（黑暗魔渊源头，掌握它即成黑暗魔渊主人），让血海老祖进去掌控（需在怨气罪孽下维持本心，血海老祖悟圆满罪孽大道不会被同化）。血海老祖炼化成功，魔祖女儿身最后一件事做完，自述积累比道祖们薄弱一直想拖延，面对六位联手追杀仅一成逃命把握，誓言若逃掉百倍千倍奉还。魔祖三身一瞬间跨时空窜出三界分三方向遁逃。太上道祖感应到，瞬间出三界；灵宝道祖出三界；元始天尊传音杨戬交托玉虚宫后出三界；如来阿弥陀同出三界；女娲娘娘出三界。七位天道境早有准备，第一件事即除掉魔祖黑莲。",魔祖将黑暗魔渊传给血海老祖，三大分身分三方向逃出三界，七位天道境追杀。
三界之变,追杀,战斗描写、转折高潮,战斗、高潮,天界雷啸山秦云遥看师尊离去，心知此次恐永别（师尊们杀魔祖探索混沌，秦云等留守管理三界）。杨戬、弥勒佛、观世音等新一代领袖心潮激荡。三界外混沌中，女娲娘娘最先追上魔祖女儿身（积累最深），五彩光芒笼罩，魔祖女儿身无法穿梭时空只能飞行。女娲娘娘斥魔祖罪孽最大（本应吸纳三界罪孽却主动传入罪孽法门令三界污浊），魔祖女儿身嗤笑欲颠倒黑白成三界主人。如来佛祖与阿弥陀追上魔祖男儿身，魔祖男儿身斥阿弥陀坏了计划。太上道祖追上魔祖毁灭身（最强分身遁速最快），以黑白太极图镇压时空令其只能飞行，元始天尊、灵宝道祖出现。三清联手（成天道境前常联手闯时空潮汐），灵宝道祖出诛仙四剑，太上道祖黑白太极图困敌，元始天尊持盘古幡（盘古斧碎裂主体，三界一等一先天至宝）正面碾压。魔祖毁灭身以毁灭神眼黑光勉强挡诛仙四剑，被盘古幡轰出伤口。三清合力一击（太极图+诛仙四剑+盘古幡），魔祖毁灭身化作齑粉，仅毁灭神眼及部分物品残留。女娲娘娘灭魔祖女儿身（五彩流光碾压成齑粉）。,三清联手灭魔祖毁灭身，女娲娘娘灭魔祖女儿身，仅余魔祖男儿身。
三界之变,星空，修行绝地,设定展开、转折高潮,设定、高潮,女娲娘娘感应到魔祖男儿身战场出现第四道更强魔祖气息，急赶去但三处战场距离遥远需数个呼吸（天道境存在数个呼吸太久）。天界雷啸山，灵宝道祖化身降临告知秦云：魔祖黑莲有第四分身（以祝融所给造化莲子孕育，最擅隐匿遁逃），如来阿弥陀不惜代价杀魔祖男儿身但第四分身逃脱。第四分身擅穿梭虚空分化气息迷惑，仅太上道祖速度能勉强追上，如来之前重伤它力量渗透其肉身，数年内可感应其位置，若先驱逐如来力量则逃之夭夭。灵宝道祖嘱秦云有事去混沌三清殿。三界持续变化，星空天地灵气下降最快完全消失成修行绝地（天仙无法在星空长期闯荡会法力耗尽饿死）。秦云感应师尊推测没错：天道境离开第六天，三界承受极限为大圆满金仙，天道境真身无法进入三界（须在混沌突破）。青发壮汉（百条小短腿的混沌神魔）、烛龙等古老存在畅快得意，欲改三界规矩。,魔祖第四分身逃脱，三界星空成修行绝地，天道境真身无法进入三界，古老存在蠢蠢欲动。
三界之变,结盟，发动！,矛盾展现、人物引入,人物、冲突,黑暗魔渊殿厅，波旬、祝融神王、烛龙三尊化身降临会血海老祖。血海老祖成黑暗魔渊之主（不死之身+黑暗魔渊之力达半步天道境，分身众多）。四位半步天道境结盟：魔道只要十座疆域，其他五十座疆域及天界不掺和。祝融神王分析三界已知七位半步天道境（在场四位+秦云、后羿、祖龙），四人联手唯一威胁是后羿（燃烧元神九箭躲无可躲）。血海老祖自荐对付后羿（已派分身潜入明耀大世界，可引黑暗魔渊之力降临，不死之身克制后羿近战弱）。波旬叮嘱不能让秦云后羿联手。烛龙提议先解决秦云夺烟雨剑（秦云无烟雨剑即废物）。天界雷啸山，秦云请祖龙来，邀其一同夺回魔道十座疆域，许以一座疆域归龙族。祖龙答应。秦云定明天出发，暗道后羿三界之变后闭关未出关不好打扰，但准备充分有十足把握。,血海老祖、波旬、祝融、烛龙四位半步天道境结盟欲瓜分三界，秦云联合祖龙征战魔道疆域。
三界之变,被追上了,战斗描写、转折高潮,战斗、高潮,"秦云枯坐一夜，此战只许胜不许败。天亮赴碧游宫，命黎山老母率过半大能守护天界重地（魔道天道笼罩魔道疆域，道家佛门无法调动天地之力只能发挥部分实力）。星空汇聚道家三脉、佛门、天庭两百多位大能及祖龙，弥勒佛、观世音、孔宣、紫微大帝、王母娘娘、杨戬等皆在（人族三皇、药师佛、燃灯、多宝、太乙、后土娘娘、广成子等留守）。第一个目标函风大世界，抵达发现魔道已放弃（一位魔道大能都没有）。紫微大帝推算魔道疆域藏大危险。哪吒三太子率十二位大能（三位顶尖+九位普通）布""世界转化大阵""（连接三界天道渗透转化魔道大世界），盏茶功成，天地灵气扩张魔道气息退避。与此同时混沌中太上道祖追上魔祖黑莲第四分身，每次黑莲燃烧元神摆脱，太上道祖再追上，其他五位天道境在后追赶，女娲娘娘判断黑莲元神承受不住半个月。",道家佛门天庭轻松夺回函风大世界布世界转化大阵，混沌中太上道祖持续追杀魔祖第四分身。
三界之变,双方,矛盾展现、环境铺陈,冲突、设定,道家佛门天庭一众大能接连转化魔道大世界（均放弃），仅六欲大世界难以探测。祖龙感应六欲大世界有老家伙因果，祝融神王在内。王母娘娘斥祝融本性不改。观世音提议先熬一熬他们。六欲大世界内，祝融、波旬、烛龙率十六位大道圆满（混沌三凶、宇内七圣来了七位等）聚集，有大阵、魔气汹涌。妖媚女子分析此地有阵法相助胜算大三成，波旬能调动天地之力胜算再大两成，不可放弃优势。老毒虫、梼杌等议论。秦云他们等了一天祝融等未出，紫微大帝提出两选择（视而不见留六欲大世界给他们，或堂堂正正杀过去有危险）。秦云表态烟雨阵可护周全立于不败（本命飞剑在手、悟阴阳大道、护身自信，仅后羿燃烧九箭无把握）。祖龙、杨戬、弥勒赞同一战。众人跨时空进六欲大世界深处，时空封禁（故意放进来）。祝融、波旬、烛龙及十六位大道圆满现身。,双方在六欲大世界对峙，秦云自信烟雨阵可立于不败，率众进入魔道疆域决战。
三界之变,一个单挑一群,矛盾爆发、战斗描写,冲突、战斗,"祝融假意""造福众生""提议罢手言和、瓜分三界一半疆域（己方四位半步天道境+十六大道圆满占三界近一半），承诺己方疆域生灵不少于对方八成。秦云、弥勒、杨戬、观世音、紫微大帝皆拒。祝融以""弱肉强食乃天道""辩护，秦云斥其谬论（土地有限不能无限繁衍，凡俗会诞生修行者，天道禁止肆意屠戮凡俗）。烛龙提议动手。波旬施阵法爆发""七情六欲大道""（七情分身+六欲分身合一的七情六欲之道），无数幻影（美食美人珍宝权势死亡等）袭扰，秦云方普通大能痛哭流涕癫狂将入魔，大道圆满亦受影响。秦云经历散仙最终之劫元神最强大，仅少许思绪无影响，烟雨阵爆发庇护众大能，削弱七情六欲气至一成。观世音、紫微大帝判断波旬悟出七情大道与六欲大道结合成七情六欲之道，半步天道境，大道圆满在其面前仅发挥三四成实力。波旬惊烟雨阵能阻七情六欲气，挑衅秦云方大能联手对付其分身。秦云方仅寥寥几人能帮忙。",祝融提议瓜分三界遭拒，波旬施七情六欲大道袭扰被秦云烟雨阵削弱，秦云方大能多数失去战力。
三界之变,秦云出手,战斗描写、转折高潮,战斗、高潮,"杨戬欲出战被祖龙阻止（祝融烛龙会下黑手）。祖龙飞出烟雨阵单挑波旬，七情六欲气侵入祖龙仅分三成念头抵挡（肉身成圣近战只需部分念头）。波旬凝出七情六欲分身（十三分身融合为披红甲六臂战士，持刀剑锤斧鞭枪），祖龙化真身（巨大神龙）与之搏杀不相上下。祝融、波旬惊祖龙境界。烛龙施领域（阴阳大道+四季轮转大道完美融合，影响空间时间）压制祖龙至五六成实力，孔宣五色神光领域被完全压制。祖龙被七情六欲分身压着打，窜回烟雨阵（烛龙领域下大道圆满仅三四成、顶尖大能亦受制）。祖龙建议退出去。秦云出手，烟雨阵中无数剑光飞出汇聚成流动剑阵（融阴阳大道、三才大道、盘古血脉奥妙），大世界膜壁震颤破碎。烛龙领域仅影响少许威能。波旬七情六欲分身正面迎上，一碰撞瞬间支离破碎，剑光风暴扫向波旬祝融烛龙及十六大道圆满。祝融等皆惊""一招都没挡住""。",祖龙不敌波旬七情六欲分身（烛龙领域压制）退回，秦云出手剑光风暴一招粉碎波旬分身震撼全场。
三界之变,怎么这么强？,战斗描写、转折高潮,战斗、高潮,"波旬传音秦云此招有近乎天道境之威（未燃烧法力，调动天地之力即有天道境之威，三界唯后羿第九箭不燃烧达此境）。祝融燃烧法力一拳轰碎剑光风暴（有天道境之威），秦云赞其能爆发天道境招数（三界除秦云后羿第三人）。祝融化巍峨火焰神灵再攻，祖龙提醒祝融专修火焰（先天神火、太阳神火，参悟不灭薪火，若悟出三条圆满火焰大道恐成新天道境）。祝融一拳砸烟雨阵，火焰无物不焚有破坏性力量渗透，烟雨阵稳固抗住。祝融波旬烛龙及十六大道圆满联手攻烟雨阵（祝融烛龙为主力，波旬七情六欲分身力大无穷近战弱）。烛龙化巨龙施""阴阳神光""（阴阳二气融四季轮回时光奥妙，无物不破，先天至宝无主都会被分裂），龙爪一抓烟雨阵裂开。祝融火焰神灵一拳欲轰破裂缝。秦云燃烧元神法力，烟雨阵威力大涨裂缝合拢。烛龙传音烟雨阵比预料强太多破不开，祝融传音撤。秦云封禁时空""今天你们一个都逃不掉""，烟雨阵中一万柄飞剑凝聚（最强杀敌招数""万剑杀阵""，以阴阳三才大道形成整体）。一万柄飞剑齐飞出笼罩古老存在们。血海老祖降黑暗魔渊之力干预。",祝融燃烧法力挡剑光风暴，烛龙阴阳神光裂烟雨阵，秦云燃烧元神施万剑杀阵封禁时空欲一网打尽。
三界之变,新的三界（大结局）,转折高潮、核心伏笔,伏笔、高潮,"秦云燃烧法力万剑杀阵绞杀，血海老祖黑暗魔渊之力不及祝融烛龙威胁。秦云先斩无分身且罪孽深重的浑敦（混沌三凶之一，三千柄飞剑贯穿毙命显蚯蚓原形）、青发壮汉（三千柄飞剑，恢复力惊人仍扛不住毙命显百足原形）。祝融烛龙全力遁逃，波旬收分身入真身近战劈剑。秦云放过雾光世界之主（半透明老者，三千柄飞剑总差毫厘）、虫君（金光丝线，三千柄碰不到），专注杀普通大道圆满。又斩长谷世界之主等，共杀七位无分身大道圆满（有分身的损失分身）。血海老祖在六欲大世界外星空强行开辟时空通道。祝融烛龙波旬及两大道圆满（雾光世界之主、虫君）残存。秦云以六千柄飞剑两道洪流围杀祝融神王（祝融肉身最强但境界相当，秦云持本命先天至宝功德至宝碾压，贯穿胸膛），祝融传音求援波旬烛龙无果（各被两千柄纠缠），飞剑洪流贯穿头颅毙命。祖龙提醒祝融残留火焰或涅槃重生，秦云三千柄飞剑灭残留火焰中一朵（祝融桀骜大笑""无悔""后湮灭），彻底灭绝祝融。八千柄飞剑一击灭波旬真身（波旬逃回黑暗魔渊需十万年恢复）。一万柄飞剑围杀烛龙，烛龙凭阴阳神光令飞剑总差毫厘、前方自然裂虚空缝隙遁逃，秦云整体大范围攻击仅一分威力攻及其身，烛龙窜入时空通道逃入黑暗魔渊。此战秦云以一敌三斩祝融等八位古老存在，残敌全躲黑暗魔渊。三界之变持续一年结束。混沌中魔祖黑莲元神枯竭逃入""幽深潭水""险地（无尽时空压缩形成，每滴潭水比大世界庞大），被潭中异兽一口吞杀毙命，太上道祖等探查潭水有异兽守护失败放弃。秦云借三界之变（天仙天魔无法进小世界被强行飞升）因果线一剑斩天魔奎弗（了结掳妻抓女之仇），波迦老祖惊惧更小心。后羿出关欲服启灵果闭关冲天道境，约秦云再闯时空潮汐。秦云后羿观三界：小世界仙路断绝武道兴起，大世界汇聚修行天才。后记：许多年后，小世界少年柳奇考裂天剑派内门未中（天资乙下、剑术甲下），书铺""秦大爷""赠其剑术秘籍（武道已诞生第一位金仙）。全书完。",秦云万剑杀阵斩祝融等八位古老存在定三界格局，魔祖黑莲被混沌险地异兽吞杀，三界之变结束进入武道兴起的新时代，全书完整收官。
